id,dataset,model_config,seed,lane,status
fm_objective_independent__psm__seed1103,psm,configs/models/fm_objective_independent.json,1103,cpu,completed
fm_objective_independent__psm__seed1104,psm,configs/models/fm_objective_independent.json,1104,cpu,completed
fm_objective_independent__psm__seed1105,psm,configs/models/fm_objective_independent.json,1105,cpu,completed
fm_objective_independent__psm__seed1106,psm,configs/models/fm_objective_independent.json,1106,cpu,completed
fm_objective_independent__psm__seed1107,psm,configs/models/fm_objective_independent.json,1107,cpu,completed
fm_objective_ot__psm__seed1103,psm,configs/models/fm_objective_ot.json,1103,cpu,completed
fm_objective_ot__psm__seed1104,psm,configs/models/fm_objective_ot.json,1104,cpu,completed
fm_objective_ot__psm__seed1105,psm,configs/models/fm_objective_ot.json,1105,cpu,completed
fm_objective_ot__psm__seed1106,psm,configs/models/fm_objective_ot.json,1106,cpu,completed
fm_objective_ot__psm__seed1107,psm,configs/models/fm_objective_ot.json,1107,cpu,completed
fm_objective_rectified__psm__seed1103,psm,configs/models/fm_objective_rectified.json,1103,cpu,completed
fm_objective_rectified__psm__seed1104,psm,configs/models/fm_objective_rectified.json,1104,cpu,completed
fm_objective_rectified__psm__seed1105,psm,configs/models/fm_objective_rectified.json,1105,cpu,completed
fm_objective_rectified__psm__seed1106,psm,configs/models/fm_objective_rectified.json,1106,cpu,completed
fm_objective_rectified__psm__seed1107,psm,configs/models/fm_objective_rectified.json,1107,cpu,completed
fm_objective_sb__psm__seed1103,psm,configs/models/fm_objective_sb.json,1103,cpu,partial_or_failed
fm_objective_sb__psm__seed1104,psm,configs/models/fm_objective_sb.json,1104,cpu,partial_or_failed
fm_objective_sb__psm__seed1105,psm,configs/models/fm_objective_sb.json,1105,cpu,partial_or_failed
fm_objective_sb__psm__seed1106,psm,configs/models/fm_objective_sb.json,1106,cpu,partial_or_failed
fm_objective_sb__psm__seed1107,psm,configs/models/fm_objective_sb.json,1107,cpu,partial_or_failed
fm_objective_sf2m__psm__seed1103,psm,configs/models/fm_objective_sf2m.json,1103,cpu,partial_or_failed
fm_objective_sf2m__psm__seed1104,psm,configs/models/fm_objective_sf2m.json,1104,cpu,partial_or_failed
fm_objective_sf2m__psm__seed1105,psm,configs/models/fm_objective_sf2m.json,1105,cpu,partial_or_failed
fm_objective_sf2m__psm__seed1106,psm,configs/models/fm_objective_sf2m.json,1106,cpu,partial_or_failed
fm_objective_sf2m__psm__seed1107,psm,configs/models/fm_objective_sf2m.json,1107,cpu,partial_or_failed
fm_objective_sf2m_flow_only__psm__seed1103,psm,configs/models/fm_objective_sf2m_flow_only.json,1103,cpu,partial_or_failed
fm_objective_sf2m_flow_only__psm__seed1104,psm,configs/models/fm_objective_sf2m_flow_only.json,1104,cpu,partial_or_failed
fm_objective_sf2m_flow_only__psm__seed1105,psm,configs/models/fm_objective_sf2m_flow_only.json,1105,cpu,partial_or_failed
fm_objective_sf2m_flow_only__psm__seed1106,psm,configs/models/fm_objective_sf2m_flow_only.json,1106,cpu,partial_or_failed
fm_objective_sf2m_flow_only__psm__seed1107,psm,configs/models/fm_objective_sf2m_flow_only.json,1107,cpu,partial_or_failed
fm_objective_target__psm__seed1103,psm,configs/models/fm_objective_target.json,1103,cpu,completed
fm_objective_target__psm__seed1104,psm,configs/models/fm_objective_target.json,1104,cpu,completed
fm_objective_target__psm__seed1105,psm,configs/models/fm_objective_target.json,1105,cpu,completed
fm_objective_target__psm__seed1106,psm,configs/models/fm_objective_target.json,1106,cpu,completed
fm_objective_target__psm__seed1107,psm,configs/models/fm_objective_target.json,1107,cpu,completed
fm_objective_vp__psm__seed1103,psm,configs/models/fm_objective_vp.json,1103,cpu,completed
fm_objective_vp__psm__seed1104,psm,configs/models/fm_objective_vp.json,1104,cpu,completed
fm_objective_vp__psm__seed1105,psm,configs/models/fm_objective_vp.json,1105,cpu,completed
fm_objective_vp__psm__seed1106,psm,configs/models/fm_objective_vp.json,1106,cpu,completed
fm_objective_vp__psm__seed1107,psm,configs/models/fm_objective_vp.json,1107,cpu,completed
fm_objective_independent__smap__seed1103,smap,configs/models/fm_objective_independent.json,1103,cpu,completed
fm_objective_independent__smap__seed1104,smap,configs/models/fm_objective_independent.json,1104,cpu,completed
fm_objective_independent__smap__seed1105,smap,configs/models/fm_objective_independent.json,1105,cpu,completed
fm_objective_independent__smap__seed1106,smap,configs/models/fm_objective_independent.json,1106,cpu,completed
fm_objective_independent__smap__seed1107,smap,configs/models/fm_objective_independent.json,1107,cpu,completed
fm_objective_ot__smap__seed1103,smap,configs/models/fm_objective_ot.json,1103,cpu,completed
fm_objective_ot__smap__seed1104,smap,configs/models/fm_objective_ot.json,1104,cpu,completed
fm_objective_ot__smap__seed1105,smap,configs/models/fm_objective_ot.json,1105,cpu,completed
fm_objective_ot__smap__seed1106,smap,configs/models/fm_objective_ot.json,1106,cpu,completed
fm_objective_ot__smap__seed1107,smap,configs/models/fm_objective_ot.json,1107,cpu,completed
fm_objective_rectified__smap__seed1103,smap,configs/models/fm_objective_rectified.json,1103,cpu,completed
fm_objective_rectified__smap__seed1104,smap,configs/models/fm_objective_rectified.json,1104,cpu,completed
fm_objective_rectified__smap__seed1105,smap,configs/models/fm_objective_rectified.json,1105,cpu,completed
fm_objective_rectified__smap__seed1106,smap,configs/models/fm_objective_rectified.json,1106,cpu,completed
fm_objective_rectified__smap__seed1107,smap,configs/models/fm_objective_rectified.json,1107,cpu,completed
fm_objective_sb__smap__seed1103,smap,configs/models/fm_objective_sb.json,1103,cpu,partial_or_failed
fm_objective_sb__smap__seed1104,smap,configs/models/fm_objective_sb.json,1104,cpu,partial_or_failed
fm_objective_sb__smap__seed1105,smap,configs/models/fm_objective_sb.json,1105,cpu,partial_or_failed
fm_objective_sb__smap__seed1106,smap,configs/models/fm_objective_sb.json,1106,cpu,partial_or_failed
fm_objective_sb__smap__seed1107,smap,configs/models/fm_objective_sb.json,1107,cpu,partial_or_failed
fm_objective_sf2m__smap__seed1103,smap,configs/models/fm_objective_sf2m.json,1103,cpu,partial_or_failed
fm_objective_sf2m__smap__seed1104,smap,configs/models/fm_objective_sf2m.json,1104,cpu,partial_or_failed
fm_objective_sf2m__smap__seed1105,smap,configs/models/fm_objective_sf2m.json,1105,cpu,partial_or_failed
fm_objective_sf2m__smap__seed1106,smap,configs/models/fm_objective_sf2m.json,1106,cpu,partial_or_failed
fm_objective_sf2m__smap__seed1107,smap,configs/models/fm_objective_sf2m.json,1107,cpu,partial_or_failed
fm_objective_sf2m_flow_only__smap__seed1103,smap,configs/models/fm_objective_sf2m_flow_only.json,1103,cpu,partial_or_failed
fm_objective_sf2m_flow_only__smap__seed1104,smap,configs/models/fm_objective_sf2m_flow_only.json,1104,cpu,partial_or_failed
fm_objective_sf2m_flow_only__smap__seed1105,smap,configs/models/fm_objective_sf2m_flow_only.json,1105,cpu,partial_or_failed
fm_objective_sf2m_flow_only__smap__seed1106,smap,configs/models/fm_objective_sf2m_flow_only.json,1106,cpu,partial_or_failed
fm_objective_sf2m_flow_only__smap__seed1107,smap,configs/models/fm_objective_sf2m_flow_only.json,1107,cpu,partial_or_failed
fm_objective_target__smap__seed1103,smap,configs/models/fm_objective_target.json,1103,cpu,completed
fm_objective_target__smap__seed1104,smap,configs/models/fm_objective_target.json,1104,cpu,completed
fm_objective_target__smap__seed1105,smap,configs/models/fm_objective_target.json,1105,cpu,completed
fm_objective_target__smap__seed1106,smap,configs/models/fm_objective_target.json,1106,cpu,completed
fm_objective_target__smap__seed1107,smap,configs/models/fm_objective_target.json,1107,cpu,completed
fm_objective_vp__smap__seed1103,smap,configs/models/fm_objective_vp.json,1103,cpu,completed
fm_objective_vp__smap__seed1104,smap,configs/models/fm_objective_vp.json,1104,cpu,completed
fm_objective_vp__smap__seed1105,smap,configs/models/fm_objective_vp.json,1105,cpu,completed
fm_objective_vp__smap__seed1106,smap,configs/models/fm_objective_vp.json,1106,cpu,completed
fm_objective_vp__smap__seed1107,smap,configs/models/fm_objective_vp.json,1107,cpu,completed
fm_objective_independent__msl__seed1103,msl,configs/models/fm_objective_independent.json,1103,cpu,completed
fm_objective_independent__msl__seed1104,msl,configs/models/fm_objective_independent.json,1104,cpu,completed
fm_objective_independent__msl__seed1105,msl,configs/models/fm_objective_independent.json,1105,cpu,completed
fm_objective_independent__msl__seed1106,msl,configs/models/fm_objective_independent.json,1106,cpu,completed
fm_objective_independent__msl__seed1107,msl,configs/models/fm_objective_independent.json,1107,cpu,completed
fm_objective_ot__msl__seed1103,msl,configs/models/fm_objective_ot.json,1103,cpu,completed
fm_objective_ot__msl__seed1104,msl,configs/models/fm_objective_ot.json,1104,cpu,completed
fm_objective_ot__msl__seed1105,msl,configs/models/fm_objective_ot.json,1105,cpu,completed
fm_objective_ot__msl__seed1106,msl,configs/models/fm_objective_ot.json,1106,cpu,completed
fm_objective_ot__msl__seed1107,msl,configs/models/fm_objective_ot.json,1107,cpu,completed
fm_objective_rectified__msl__seed1103,msl,configs/models/fm_objective_rectified.json,1103,cpu,completed
fm_objective_rectified__msl__seed1104,msl,configs/models/fm_objective_rectified.json,1104,cpu,completed
fm_objective_rectified__msl__seed1105,msl,configs/models/fm_objective_rectified.json,1105,cpu,completed
fm_objective_rectified__msl__seed1106,msl,configs/models/fm_objective_rectified.json,1106,cpu,completed
fm_objective_rectified__msl__seed1107,msl,configs/models/fm_objective_rectified.json,1107,cpu,completed
fm_objective_sb__msl__seed1103,msl,configs/models/fm_objective_sb.json,1103,cpu,partial_or_failed
fm_objective_sb__msl__seed1104,msl,configs/models/fm_objective_sb.json,1104,cpu,partial_or_failed
fm_objective_sb__msl__seed1105,msl,configs/models/fm_objective_sb.json,1105,cpu,partial_or_failed
fm_objective_sb__msl__seed1106,msl,configs/models/fm_objective_sb.json,1106,cpu,partial_or_failed
fm_objective_sb__msl__seed1107,msl,configs/models/fm_objective_sb.json,1107,cpu,partial_or_failed
fm_objective_sf2m__msl__seed1103,msl,configs/models/fm_objective_sf2m.json,1103,cpu,partial_or_failed
fm_objective_sf2m__msl__seed1104,msl,configs/models/fm_objective_sf2m.json,1104,cpu,partial_or_failed
fm_objective_sf2m__msl__seed1105,msl,configs/models/fm_objective_sf2m.json,1105,cpu,partial_or_failed
fm_objective_sf2m__msl__seed1106,msl,configs/models/fm_objective_sf2m.json,1106,cpu,partial_or_failed
fm_objective_sf2m__msl__seed1107,msl,configs/models/fm_objective_sf2m.json,1107,cpu,partial_or_failed
fm_objective_sf2m_flow_only__msl__seed1103,msl,configs/models/fm_objective_sf2m_flow_only.json,1103,cpu,partial_or_failed
fm_objective_sf2m_flow_only__msl__seed1104,msl,configs/models/fm_objective_sf2m_flow_only.json,1104,cpu,partial_or_failed
fm_objective_sf2m_flow_only__msl__seed1105,msl,configs/models/fm_objective_sf2m_flow_only.json,1105,cpu,partial_or_failed
fm_objective_sf2m_flow_only__msl__seed1106,msl,configs/models/fm_objective_sf2m_flow_only.json,1106,cpu,partial_or_failed
fm_objective_sf2m_flow_only__msl__seed1107,msl,configs/models/fm_objective_sf2m_flow_only.json,1107,cpu,partial_or_failed
fm_objective_target__msl__seed1103,msl,configs/models/fm_objective_target.json,1103,cpu,completed
fm_objective_target__msl__seed1104,msl,configs/models/fm_objective_target.json,1104,cpu,completed
fm_objective_target__msl__seed1105,msl,configs/models/fm_objective_target.json,1105,cpu,completed
fm_objective_target__msl__seed1106,msl,configs/models/fm_objective_target.json,1106,cpu,completed
fm_objective_target__msl__seed1107,msl,configs/models/fm_objective_target.json,1107,cpu,completed
fm_objective_vp__msl__seed1103,msl,configs/models/fm_objective_vp.json,1103,cpu,completed
fm_objective_vp__msl__seed1104,msl,configs/models/fm_objective_vp.json,1104,cpu,completed
fm_objective_vp__msl__seed1105,msl,configs/models/fm_objective_vp.json,1105,cpu,completed
fm_objective_vp__msl__seed1106,msl,configs/models/fm_objective_vp.json,1106,cpu,completed
fm_objective_vp__msl__seed1107,msl,configs/models/fm_objective_vp.json,1107,cpu,completed
fm_objective_independent__smd__seed1103,smd,configs/models/fm_objective_independent.json,1103,cpu,completed
fm_objective_independent__smd__seed1104,smd,configs/models/fm_objective_independent.json,1104,cpu,completed
fm_objective_independent__smd__seed1105,smd,configs/models/fm_objective_independent.json,1105,cpu,completed
fm_objective_independent__smd__seed1106,smd,configs/models/fm_objective_independent.json,1106,cpu,completed
fm_objective_independent__smd__seed1107,smd,configs/models/fm_objective_independent.json,1107,cpu,completed
fm_objective_ot__smd__seed1103,smd,configs/models/fm_objective_ot.json,1103,cpu,completed
fm_objective_ot__smd__seed1104,smd,configs/models/fm_objective_ot.json,1104,cpu,completed
fm_objective_ot__smd__seed1105,smd,configs/models/fm_objective_ot.json,1105,cpu,completed
fm_objective_ot__smd__seed1106,smd,configs/models/fm_objective_ot.json,1106,cpu,completed
fm_objective_ot__smd__seed1107,smd,configs/models/fm_objective_ot.json,1107,cpu,completed
fm_objective_rectified__smd__seed1103,smd,configs/models/fm_objective_rectified.json,1103,cpu,completed
fm_objective_rectified__smd__seed1104,smd,configs/models/fm_objective_rectified.json,1104,cpu,completed
fm_objective_rectified__smd__seed1105,smd,configs/models/fm_objective_rectified.json,1105,cpu,completed
fm_objective_rectified__smd__seed1106,smd,configs/models/fm_objective_rectified.json,1106,cpu,completed
fm_objective_rectified__smd__seed1107,smd,configs/models/fm_objective_rectified.json,1107,cpu,completed
fm_objective_sb__smd__seed1103,smd,configs/models/fm_objective_sb.json,1103,cpu,partial_or_failed
fm_objective_sb__smd__seed1104,smd,configs/models/fm_objective_sb.json,1104,cpu,partial_or_failed
fm_objective_sb__smd__seed1105,smd,configs/models/fm_objective_sb.json,1105,cpu,partial_or_failed
fm_objective_sb__smd__seed1106,smd,configs/models/fm_objective_sb.json,1106,cpu,partial_or_failed
fm_objective_sb__smd__seed1107,smd,configs/models/fm_objective_sb.json,1107,cpu,partial_or_failed
fm_objective_sf2m__smd__seed1103,smd,configs/models/fm_objective_sf2m.json,1103,cpu,partial_or_failed
fm_objective_sf2m__smd__seed1104,smd,configs/models/fm_objective_sf2m.json,1104,cpu,partial_or_failed
fm_objective_sf2m__smd__seed1105,smd,configs/models/fm_objective_sf2m.json,1105,cpu,partial_or_failed
fm_objective_sf2m__smd__seed1106,smd,configs/models/fm_objective_sf2m.json,1106,cpu,partial_or_failed
fm_objective_sf2m__smd__seed1107,smd,configs/models/fm_objective_sf2m.json,1107,cpu,partial_or_failed
fm_objective_sf2m_flow_only__smd__seed1103,smd,configs/models/fm_objective_sf2m_flow_only.json,1103,cpu,partial_or_failed
fm_objective_sf2m_flow_only__smd__seed1104,smd,configs/models/fm_objective_sf2m_flow_only.json,1104,cpu,partial_or_failed
fm_objective_sf2m_flow_only__smd__seed1105,smd,configs/models/fm_objective_sf2m_flow_only.json,1105,cpu,partial_or_failed
fm_objective_sf2m_flow_only__smd__seed1106,smd,configs/models/fm_objective_sf2m_flow_only.json,1106,cpu,partial_or_failed
fm_objective_sf2m_flow_only__smd__seed1107,smd,configs/models/fm_objective_sf2m_flow_only.json,1107,cpu,partial_or_failed
fm_objective_target__smd__seed1103,smd,configs/models/fm_objective_target.json,1103,cpu,completed
fm_objective_target__smd__seed1104,smd,configs/models/fm_objective_target.json,1104,cpu,completed
fm_objective_target__smd__seed1105,smd,configs/models/fm_objective_target.json,1105,cpu,completed
fm_objective_target__smd__seed1106,smd,configs/models/fm_objective_target.json,1106,cpu,completed
fm_objective_target__smd__seed1107,smd,configs/models/fm_objective_target.json,1107,cpu,completed
fm_objective_vp__smd__seed1103,smd,configs/models/fm_objective_vp.json,1103,cpu,completed
fm_objective_vp__smd__seed1104,smd,configs/models/fm_objective_vp.json,1104,cpu,completed
fm_objective_vp__smd__seed1105,smd,configs/models/fm_objective_vp.json,1105,cpu,completed
fm_objective_vp__smd__seed1106,smd,configs/models/fm_objective_vp.json,1106,cpu,completed
fm_objective_vp__smd__seed1107,smd,configs/models/fm_objective_vp.json,1107,cpu,completed
fm_objective_independent__swat__seed1103,swat,configs/models/fm_objective_independent.json,1103,cpu,completed
fm_objective_independent__swat__seed1104,swat,configs/models/fm_objective_independent.json,1104,cpu,completed
fm_objective_independent__swat__seed1105,swat,configs/models/fm_objective_independent.json,1105,cpu,completed
fm_objective_independent__swat__seed1106,swat,configs/models/fm_objective_independent.json,1106,cpu,completed
fm_objective_independent__swat__seed1107,swat,configs/models/fm_objective_independent.json,1107,cpu,completed
fm_objective_ot__swat__seed1103,swat,configs/models/fm_objective_ot.json,1103,cpu,completed
fm_objective_ot__swat__seed1104,swat,configs/models/fm_objective_ot.json,1104,cpu,completed
fm_objective_ot__swat__seed1105,swat,configs/models/fm_objective_ot.json,1105,cpu,completed
fm_objective_ot__swat__seed1106,swat,configs/models/fm_objective_ot.json,1106,cpu,completed
fm_objective_ot__swat__seed1107,swat,configs/models/fm_objective_ot.json,1107,cpu,completed
fm_objective_rectified__swat__seed1103,swat,configs/models/fm_objective_rectified.json,1103,cpu,completed
fm_objective_rectified__swat__seed1104,swat,configs/models/fm_objective_rectified.json,1104,cpu,completed
fm_objective_rectified__swat__seed1105,swat,configs/models/fm_objective_rectified.json,1105,cpu,completed
fm_objective_rectified__swat__seed1106,swat,configs/models/fm_objective_rectified.json,1106,cpu,completed
fm_objective_rectified__swat__seed1107,swat,configs/models/fm_objective_rectified.json,1107,cpu,completed
fm_objective_sb__swat__seed1103,swat,configs/models/fm_objective_sb.json,1103,cpu,partial_or_failed
fm_objective_sb__swat__seed1104,swat,configs/models/fm_objective_sb.json,1104,cpu,partial_or_failed
fm_objective_sb__swat__seed1105,swat,configs/models/fm_objective_sb.json,1105,cpu,partial_or_failed
fm_objective_sb__swat__seed1106,swat,configs/models/fm_objective_sb.json,1106,cpu,partial_or_failed
fm_objective_sb__swat__seed1107,swat,configs/models/fm_objective_sb.json,1107,cpu,partial_or_failed
fm_objective_sf2m__swat__seed1103,swat,configs/models/fm_objective_sf2m.json,1103,cpu,partial_or_failed
fm_objective_sf2m__swat__seed1104,swat,configs/models/fm_objective_sf2m.json,1104,cpu,partial_or_failed
fm_objective_sf2m__swat__seed1105,swat,configs/models/fm_objective_sf2m.json,1105,cpu,partial_or_failed
fm_objective_sf2m__swat__seed1106,swat,configs/models/fm_objective_sf2m.json,1106,cpu,partial_or_failed
fm_objective_sf2m__swat__seed1107,swat,configs/models/fm_objective_sf2m.json,1107,cpu,partial_or_failed
fm_objective_sf2m_flow_only__swat__seed1103,swat,configs/models/fm_objective_sf2m_flow_only.json,1103,cpu,partial_or_failed
fm_objective_sf2m_flow_only__swat__seed1104,swat,configs/models/fm_objective_sf2m_flow_only.json,1104,cpu,partial_or_failed
fm_objective_sf2m_flow_only__swat__seed1105,swat,configs/models/fm_objective_sf2m_flow_only.json,1105,cpu,partial_or_failed
fm_objective_sf2m_flow_only__swat__seed1106,swat,configs/models/fm_objective_sf2m_flow_only.json,1106,cpu,partial_or_failed
fm_objective_sf2m_flow_only__swat__seed1107,swat,configs/models/fm_objective_sf2m_flow_only.json,1107,cpu,partial_or_failed
fm_objective_target__swat__seed1103,swat,configs/models/fm_objective_target.json,1103,cpu,completed
fm_objective_target__swat__seed1104,swat,configs/models/fm_objective_target.json,1104,cpu,completed
fm_objective_target__swat__seed1105,swat,configs/models/fm_objective_target.json,1105,cpu,completed
fm_objective_target__swat__seed1106,swat,configs/models/fm_objective_target.json,1106,cpu,completed
fm_objective_target__swat__seed1107,swat,configs/models/fm_objective_target.json,1107,cpu,completed
fm_objective_vp__swat__seed1103,swat,configs/models/fm_objective_vp.json,1103,cpu,completed
fm_objective_vp__swat__seed1104,swat,configs/models/fm_objective_vp.json,1104,cpu,completed
fm_objective_vp__swat__seed1105,swat,configs/models/fm_objective_vp.json,1105,cpu,completed
fm_objective_vp__swat__seed1106,swat,configs/models/fm_objective_vp.json,1106,cpu,completed
fm_objective_vp__swat__seed1107,swat,configs/models/fm_objective_vp.json,1107,cpu,completed
fm_objective_independent__swan__seed1103,swan,configs/models/fm_objective_independent.json,1103,cpu,completed
fm_objective_independent__swan__seed1104,swan,configs/models/fm_objective_independent.json,1104,cpu,completed
fm_objective_independent__swan__seed1105,swan,configs/models/fm_objective_independent.json,1105,cpu,completed
fm_objective_independent__swan__seed1106,swan,configs/models/fm_objective_independent.json,1106,cpu,completed
fm_objective_independent__swan__seed1107,swan,configs/models/fm_objective_independent.json,1107,cpu,completed
fm_objective_ot__swan__seed1103,swan,configs/models/fm_objective_ot.json,1103,cpu,completed
fm_objective_ot__swan__seed1104,swan,configs/models/fm_objective_ot.json,1104,cpu,completed
fm_objective_ot__swan__seed1105,swan,configs/models/fm_objective_ot.json,1105,cpu,completed
fm_objective_ot__swan__seed1106,swan,configs/models/fm_objective_ot.json,1106,cpu,completed
fm_objective_ot__swan__seed1107,swan,configs/models/fm_objective_ot.json,1107,cpu,completed
fm_objective_rectified__swan__seed1103,swan,configs/models/fm_objective_rectified.json,1103,cpu,completed
fm_objective_rectified__swan__seed1104,swan,configs/models/fm_objective_rectified.json,1104,cpu,completed
fm_objective_rectified__swan__seed1105,swan,configs/models/fm_objective_rectified.json,1105,cpu,completed
fm_objective_rectified__swan__seed1106,swan,configs/models/fm_objective_rectified.json,1106,cpu,completed
fm_objective_rectified__swan__seed1107,swan,configs/models/fm_objective_rectified.json,1107,cpu,completed
fm_objective_sb__swan__seed1103,swan,configs/models/fm_objective_sb.json,1103,cpu,partial_or_failed
fm_objective_sb__swan__seed1104,swan,configs/models/fm_objective_sb.json,1104,cpu,partial_or_failed
fm_objective_sb__swan__seed1105,swan,configs/models/fm_objective_sb.json,1105,cpu,partial_or_failed
fm_objective_sb__swan__seed1106,swan,configs/models/fm_objective_sb.json,1106,cpu,partial_or_failed
fm_objective_sb__swan__seed1107,swan,configs/models/fm_objective_sb.json,1107,cpu,partial_or_failed
fm_objective_sf2m__swan__seed1103,swan,configs/models/fm_objective_sf2m.json,1103,cpu,partial_or_failed
fm_objective_sf2m__swan__seed1104,swan,configs/models/fm_objective_sf2m.json,1104,cpu,partial_or_failed
fm_objective_sf2m__swan__seed1105,swan,configs/models/fm_objective_sf2m.json,1105,cpu,partial_or_failed
fm_objective_sf2m__swan__seed1106,swan,configs/models/fm_objective_sf2m.json,1106,cpu,partial_or_failed
fm_objective_sf2m__swan__seed1107,swan,configs/models/fm_objective_sf2m.json,1107,cpu,partial_or_failed
fm_objective_sf2m_flow_only__swan__seed1103,swan,configs/models/fm_objective_sf2m_flow_only.json,1103,cpu,partial_or_failed
fm_objective_sf2m_flow_only__swan__seed1104,swan,configs/models/fm_objective_sf2m_flow_only.json,1104,cpu,partial_or_failed
fm_objective_sf2m_flow_only__swan__seed1105,swan,configs/models/fm_objective_sf2m_flow_only.json,1105,cpu,partial_or_failed
fm_objective_sf2m_flow_only__swan__seed1106,swan,configs/models/fm_objective_sf2m_flow_only.json,1106,cpu,partial_or_failed
fm_objective_sf2m_flow_only__swan__seed1107,swan,configs/models/fm_objective_sf2m_flow_only.json,1107,cpu,partial_or_failed
fm_objective_target__swan__seed1103,swan,configs/models/fm_objective_target.json,1103,cpu,completed
fm_objective_target__swan__seed1104,swan,configs/models/fm_objective_target.json,1104,cpu,completed
fm_objective_target__swan__seed1105,swan,configs/models/fm_objective_target.json,1105,cpu,completed
fm_objective_target__swan__seed1106,swan,configs/models/fm_objective_target.json,1106,cpu,completed
fm_objective_target__swan__seed1107,swan,configs/models/fm_objective_target.json,1107,cpu,completed
fm_objective_vp__swan__seed1103,swan,configs/models/fm_objective_vp.json,1103,cpu,completed
fm_objective_vp__swan__seed1104,swan,configs/models/fm_objective_vp.json,1104,cpu,completed
fm_objective_vp__swan__seed1105,swan,configs/models/fm_objective_vp.json,1105,cpu,completed
fm_objective_vp__swan__seed1106,swan,configs/models/fm_objective_vp.json,1106,cpu,completed
fm_objective_vp__swan__seed1107,swan,configs/models/fm_objective_vp.json,1107,cpu,completed
fm_objective_independent__cicids__seed1103,cicids,configs/models/fm_objective_independent.json,1103,cpu,completed
fm_objective_independent__cicids__seed1104,cicids,configs/models/fm_objective_independent.json,1104,cpu,completed
fm_objective_independent__cicids__seed1105,cicids,configs/models/fm_objective_independent.json,1105,cpu,completed
fm_objective_independent__cicids__seed1106,cicids,configs/models/fm_objective_independent.json,1106,cpu,completed
fm_objective_independent__cicids__seed1107,cicids,configs/models/fm_objective_independent.json,1107,cpu,completed
fm_objective_ot__cicids__seed1103,cicids,configs/models/fm_objective_ot.json,1103,cpu,completed
fm_objective_ot__cicids__seed1104,cicids,configs/models/fm_objective_ot.json,1104,cpu,completed
fm_objective_ot__cicids__seed1105,cicids,configs/models/fm_objective_ot.json,1105,cpu,completed
fm_objective_ot__cicids__seed1106,cicids,configs/models/fm_objective_ot.json,1106,cpu,completed
fm_objective_ot__cicids__seed1107,cicids,configs/models/fm_objective_ot.json,1107,cpu,completed
fm_objective_rectified__cicids__seed1103,cicids,configs/models/fm_objective_rectified.json,1103,cpu,completed
fm_objective_rectified__cicids__seed1104,cicids,configs/models/fm_objective_rectified.json,1104,cpu,completed
fm_objective_rectified__cicids__seed1105,cicids,configs/models/fm_objective_rectified.json,1105,cpu,completed
fm_objective_rectified__cicids__seed1106,cicids,configs/models/fm_objective_rectified.json,1106,cpu,completed
fm_objective_rectified__cicids__seed1107,cicids,configs/models/fm_objective_rectified.json,1107,cpu,completed
fm_objective_sb__cicids__seed1103,cicids,configs/models/fm_objective_sb.json,1103,cpu,partial_or_failed
fm_objective_sb__cicids__seed1104,cicids,configs/models/fm_objective_sb.json,1104,cpu,partial_or_failed
fm_objective_sb__cicids__seed1105,cicids,configs/models/fm_objective_sb.json,1105,cpu,partial_or_failed
fm_objective_sb__cicids__seed1106,cicids,configs/models/fm_objective_sb.json,1106,cpu,partial_or_failed
fm_objective_sb__cicids__seed1107,cicids,configs/models/fm_objective_sb.json,1107,cpu,partial_or_failed
fm_objective_sf2m__cicids__seed1103,cicids,configs/models/fm_objective_sf2m.json,1103,cpu,partial_or_failed
fm_objective_sf2m__cicids__seed1104,cicids,configs/models/fm_objective_sf2m.json,1104,cpu,partial_or_failed
fm_objective_sf2m__cicids__seed1105,cicids,configs/models/fm_objective_sf2m.json,1105,cpu,partial_or_failed
fm_objective_sf2m__cicids__seed1106,cicids,configs/models/fm_objective_sf2m.json,1106,cpu,partial_or_failed
fm_objective_sf2m__cicids__seed1107,cicids,configs/models/fm_objective_sf2m.json,1107,cpu,partial_or_failed
fm_objective_sf2m_flow_only__cicids__seed1103,cicids,configs/models/fm_objective_sf2m_flow_only.json,1103,cpu,partial_or_failed
fm_objective_sf2m_flow_only__cicids__seed1104,cicids,configs/models/fm_objective_sf2m_flow_only.json,1104,cpu,partial_or_failed
fm_objective_sf2m_flow_only__cicids__seed1105,cicids,configs/models/fm_objective_sf2m_flow_only.json,1105,cpu,partial_or_failed
fm_objective_sf2m_flow_only__cicids__seed1106,cicids,configs/models/fm_objective_sf2m_flow_only.json,1106,cpu,partial_or_failed
fm_objective_sf2m_flow_only__cicids__seed1107,cicids,configs/models/fm_objective_sf2m_flow_only.json,1107,cpu,partial_or_failed
fm_objective_target__cicids__seed1103,cicids,configs/models/fm_objective_target.json,1103,cpu,completed
fm_objective_target__cicids__seed1104,cicids,configs/models/fm_objective_target.json,1104,cpu,completed
fm_objective_target__cicids__seed1105,cicids,configs/models/fm_objective_target.json,1105,cpu,completed
fm_objective_target__cicids__seed1106,cicids,configs/models/fm_objective_target.json,1106,cpu,completed
fm_objective_target__cicids__seed1107,cicids,configs/models/fm_objective_target.json,1107,cpu,completed
fm_objective_vp__cicids__seed1103,cicids,configs/models/fm_objective_vp.json,1103,cpu,completed
fm_objective_vp__cicids__seed1104,cicids,configs/models/fm_objective_vp.json,1104,cpu,completed
fm_objective_vp__cicids__seed1105,cicids,configs/models/fm_objective_vp.json,1105,cpu,completed
fm_objective_vp__cicids__seed1106,cicids,configs/models/fm_objective_vp.json,1106,cpu,completed
fm_objective_vp__cicids__seed1107,cicids,configs/models/fm_objective_vp.json,1107,cpu,completed
fm_comparator_dt_la__psm__seed1103,psm,configs/models/fm_comparator_dt_la.json,1103,gpu,pending
fm_comparator_dt_la__psm__seed1104,psm,configs/models/fm_comparator_dt_la.json,1104,gpu,pending
fm_comparator_dt_la__psm__seed1105,psm,configs/models/fm_comparator_dt_la.json,1105,gpu,pending
fm_comparator_dt_la__psm__seed1106,psm,configs/models/fm_comparator_dt_la.json,1106,gpu,pending
fm_comparator_dt_la__psm__seed1107,psm,configs/models/fm_comparator_dt_la.json,1107,gpu,pending
fm_comparator_dt_la_l2_no_sparse__psm__seed1103,psm,configs/models/fm_comparator_dt_la_l2_no_sparse.json,1103,gpu,pending
fm_comparator_dt_la_l2_no_sparse__psm__seed1104,psm,configs/models/fm_comparator_dt_la_l2_no_sparse.json,1104,gpu,pending
fm_comparator_dt_la_l2_no_sparse__psm__seed1105,psm,configs/models/fm_comparator_dt_la_l2_no_sparse.json,1105,gpu,pending
fm_comparator_dt_la_l2_no_sparse__psm__seed1106,psm,configs/models/fm_comparator_dt_la_l2_no_sparse.json,1106,gpu,pending
fm_comparator_dt_la_l2_no_sparse__psm__seed1107,psm,configs/models/fm_comparator_dt_la_l2_no_sparse.json,1107,gpu,pending
fm_comparator_dt_la_l2_sparse__psm__seed1103,psm,configs/models/fm_comparator_dt_la_l2_sparse.json,1103,gpu,pending
fm_comparator_dt_la_l2_sparse__psm__seed1104,psm,configs/models/fm_comparator_dt_la_l2_sparse.json,1104,gpu,pending
fm_comparator_dt_la_l2_sparse__psm__seed1105,psm,configs/models/fm_comparator_dt_la_l2_sparse.json,1105,gpu,pending
fm_comparator_dt_la_l2_sparse__psm__seed1106,psm,configs/models/fm_comparator_dt_la_l2_sparse.json,1106,gpu,pending
fm_comparator_dt_la_l2_sparse__psm__seed1107,psm,configs/models/fm_comparator_dt_la_l2_sparse.json,1107,gpu,pending
fm_comparator_dt_la_lambda_0p1__psm__seed1103,psm,configs/models/fm_comparator_dt_la_lambda_0p1.json,1103,gpu,pending
fm_comparator_dt_la_lambda_0p1__psm__seed1104,psm,configs/models/fm_comparator_dt_la_lambda_0p1.json,1104,gpu,pending
fm_comparator_dt_la_lambda_0p1__psm__seed1105,psm,configs/models/fm_comparator_dt_la_lambda_0p1.json,1105,gpu,pending
fm_comparator_dt_la_lambda_0p1__psm__seed1106,psm,configs/models/fm_comparator_dt_la_lambda_0p1.json,1106,gpu,pending
fm_comparator_dt_la_lambda_0p1__psm__seed1107,psm,configs/models/fm_comparator_dt_la_lambda_0p1.json,1107,gpu,pending
fm_comparator_dt_la_lambda_0p3__psm__seed1103,psm,configs/models/fm_comparator_dt_la_lambda_0p3.json,1103,gpu,pending
fm_comparator_dt_la_lambda_0p3__psm__seed1104,psm,configs/models/fm_comparator_dt_la_lambda_0p3.json,1104,gpu,pending
fm_comparator_dt_la_lambda_0p3__psm__seed1105,psm,configs/models/fm_comparator_dt_la_lambda_0p3.json,1105,gpu,pending
fm_comparator_dt_la_lambda_0p3__psm__seed1106,psm,configs/models/fm_comparator_dt_la_lambda_0p3.json,1106,gpu,pending
fm_comparator_dt_la_lambda_0p3__psm__seed1107,psm,configs/models/fm_comparator_dt_la_lambda_0p3.json,1107,gpu,pending
fm_comparator_dt_la_lambda_0p7__psm__seed1103,psm,configs/models/fm_comparator_dt_la_lambda_0p7.json,1103,gpu,pending
fm_comparator_dt_la_lambda_0p7__psm__seed1104,psm,configs/models/fm_comparator_dt_la_lambda_0p7.json,1104,gpu,pending
fm_comparator_dt_la_lambda_0p7__psm__seed1105,psm,configs/models/fm_comparator_dt_la_lambda_0p7.json,1105,gpu,pending
fm_comparator_dt_la_lambda_0p7__psm__seed1106,psm,configs/models/fm_comparator_dt_la_lambda_0p7.json,1106,gpu,pending
fm_comparator_dt_la_lambda_0p7__psm__seed1107,psm,configs/models/fm_comparator_dt_la_lambda_0p7.json,1107,gpu,pending
fm_comparator_dt_la_lambda_1p0__psm__seed1103,psm,configs/models/fm_comparator_dt_la_lambda_1p0.json,1103,gpu,pending
fm_comparator_dt_la_lambda_1p0__psm__seed1104,psm,configs/models/fm_comparator_dt_la_lambda_1p0.json,1104,gpu,pending
fm_comparator_dt_la_lambda_1p0__psm__seed1105,psm,configs/models/fm_comparator_dt_la_lambda_1p0.json,1105,gpu,pending
fm_comparator_dt_la_lambda_1p0__psm__seed1106,psm,configs/models/fm_comparator_dt_la_lambda_1p0.json,1106,gpu,pending
fm_comparator_dt_la_lambda_1p0__psm__seed1107,psm,configs/models/fm_comparator_dt_la_lambda_1p0.json,1107,gpu,pending
fm_comparator_dt_la_mrh_no_sparse__psm__seed1103,psm,configs/models/fm_comparator_dt_la_mrh_no_sparse.json,1103,gpu,pending
fm_comparator_dt_la_mrh_no_sparse__psm__seed1104,psm,configs/models/fm_comparator_dt_la_mrh_no_sparse.json,1104,gpu,pending
fm_comparator_dt_la_mrh_no_sparse__psm__seed1105,psm,configs/models/fm_comparator_dt_la_mrh_no_sparse.json,1105,gpu,pending
fm_comparator_dt_la_mrh_no_sparse__psm__seed1106,psm,configs/models/fm_comparator_dt_la_mrh_no_sparse.json,1106,gpu,pending
fm_comparator_dt_la_mrh_no_sparse__psm__seed1107,psm,configs/models/fm_comparator_dt_la_mrh_no_sparse.json,1107,gpu,pending
fm_comparator_dt_la_score_input__psm__seed1103,psm,configs/models/fm_comparator_dt_la_score_input.json,1103,gpu,pending
fm_comparator_dt_la_score_input__psm__seed1104,psm,configs/models/fm_comparator_dt_la_score_input.json,1104,gpu,pending
fm_comparator_dt_la_score_input__psm__seed1105,psm,configs/models/fm_comparator_dt_la_score_input.json,1105,gpu,pending
fm_comparator_dt_la_score_input__psm__seed1106,psm,configs/models/fm_comparator_dt_la_score_input.json,1106,gpu,pending
fm_comparator_dt_la_score_input__psm__seed1107,psm,configs/models/fm_comparator_dt_la_score_input.json,1107,gpu,pending
fm_comparator_dt_la_score_latent__psm__seed1103,psm,configs/models/fm_comparator_dt_la_score_latent.json,1103,gpu,pending
fm_comparator_dt_la_score_latent__psm__seed1104,psm,configs/models/fm_comparator_dt_la_score_latent.json,1104,gpu,pending
fm_comparator_dt_la_score_latent__psm__seed1105,psm,configs/models/fm_comparator_dt_la_score_latent.json,1105,gpu,pending
fm_comparator_dt_la_score_latent__psm__seed1106,psm,configs/models/fm_comparator_dt_la_score_latent.json,1106,gpu,pending
fm_comparator_dt_la_score_latent__psm__seed1107,psm,configs/models/fm_comparator_dt_la_score_latent.json,1107,gpu,pending
fm_comparator_dt_la_score_softmax__psm__seed1103,psm,configs/models/fm_comparator_dt_la_score_softmax.json,1103,gpu,pending
fm_comparator_dt_la_score_softmax__psm__seed1104,psm,configs/models/fm_comparator_dt_la_score_softmax.json,1104,gpu,pending
fm_comparator_dt_la_score_softmax__psm__seed1105,psm,configs/models/fm_comparator_dt_la_score_softmax.json,1105,gpu,pending
fm_comparator_dt_la_score_softmax__psm__seed1106,psm,configs/models/fm_comparator_dt_la_score_softmax.json,1106,gpu,pending
fm_comparator_dt_la_score_softmax__psm__seed1107,psm,configs/models/fm_comparator_dt_la_score_softmax.json,1107,gpu,pending
fm_comparator_kgl__psm__seed1103,psm,configs/models/fm_comparator_kgl.json,1103,gpu,pending
fm_comparator_kgl__psm__seed1104,psm,configs/models/fm_comparator_kgl.json,1104,gpu,pending
fm_comparator_kgl__psm__seed1105,psm,configs/models/fm_comparator_kgl.json,1105,gpu,pending
fm_comparator_kgl__psm__seed1106,psm,configs/models/fm_comparator_kgl.json,1106,gpu,pending
fm_comparator_kgl__psm__seed1107,psm,configs/models/fm_comparator_kgl.json,1107,gpu,pending
fm_comparator_kgl_without_gat__psm__seed1103,psm,configs/models/fm_comparator_kgl_without_gat.json,1103,gpu,pending
fm_comparator_kgl_without_gat__psm__seed1104,psm,configs/models/fm_comparator_kgl_without_gat.json,1104,gpu,pending
fm_comparator_kgl_without_gat__psm__seed1105,psm,configs/models/fm_comparator_kgl_without_gat.json,1105,gpu,pending
fm_comparator_kgl_without_gat__psm__seed1106,psm,configs/models/fm_comparator_kgl_without_gat.json,1106,gpu,pending
fm_comparator_kgl_without_gat__psm__seed1107,psm,configs/models/fm_comparator_kgl_without_gat.json,1107,gpu,pending
fm_comparator_kgl_without_kan__psm__seed1103,psm,configs/models/fm_comparator_kgl_without_kan.json,1103,gpu,pending
fm_comparator_kgl_without_kan__psm__seed1104,psm,configs/models/fm_comparator_kgl_without_kan.json,1104,gpu,pending
fm_comparator_kgl_without_kan__psm__seed1105,psm,configs/models/fm_comparator_kgl_without_kan.json,1105,gpu,pending
fm_comparator_kgl_without_kan__psm__seed1106,psm,configs/models/fm_comparator_kgl_without_kan.json,1106,gpu,pending
fm_comparator_kgl_without_kan__psm__seed1107,psm,configs/models/fm_comparator_kgl_without_kan.json,1107,gpu,pending
fm_comparator_kgl_without_lstm__psm__seed1103,psm,configs/models/fm_comparator_kgl_without_lstm.json,1103,gpu,pending
fm_comparator_kgl_without_lstm__psm__seed1104,psm,configs/models/fm_comparator_kgl_without_lstm.json,1104,gpu,pending
fm_comparator_kgl_without_lstm__psm__seed1105,psm,configs/models/fm_comparator_kgl_without_lstm.json,1105,gpu,pending
fm_comparator_kgl_without_lstm__psm__seed1106,psm,configs/models/fm_comparator_kgl_without_lstm.json,1106,gpu,pending
fm_comparator_kgl_without_lstm__psm__seed1107,psm,configs/models/fm_comparator_kgl_without_lstm.json,1107,gpu,pending
fm_comparator_shcl_transformer__psm__seed1103,psm,configs/models/fm_comparator_shcl_transformer.json,1103,gpu,pending
fm_comparator_shcl_transformer__psm__seed1104,psm,configs/models/fm_comparator_shcl_transformer.json,1104,gpu,pending
fm_comparator_shcl_transformer__psm__seed1105,psm,configs/models/fm_comparator_shcl_transformer.json,1105,gpu,pending
fm_comparator_shcl_transformer__psm__seed1106,psm,configs/models/fm_comparator_shcl_transformer.json,1106,gpu,pending
fm_comparator_shcl_transformer__psm__seed1107,psm,configs/models/fm_comparator_shcl_transformer.json,1107,gpu,pending
fm_comparator_shcl_transformer_backbone_cnn__psm__seed1103,psm,configs/models/fm_comparator_shcl_transformer_backbone_cnn.json,1103,gpu,pending
fm_comparator_shcl_transformer_backbone_cnn__psm__seed1104,psm,configs/models/fm_comparator_shcl_transformer_backbone_cnn.json,1104,gpu,pending
fm_comparator_shcl_transformer_backbone_cnn__psm__seed1105,psm,configs/models/fm_comparator_shcl_transformer_backbone_cnn.json,1105,gpu,pending
fm_comparator_shcl_transformer_backbone_cnn__psm__seed1106,psm,configs/models/fm_comparator_shcl_transformer_backbone_cnn.json,1106,gpu,pending
fm_comparator_shcl_transformer_backbone_cnn__psm__seed1107,psm,configs/models/fm_comparator_shcl_transformer_backbone_cnn.json,1107,gpu,pending
fm_comparator_shcl_transformer_backbone_lstm__psm__seed1103,psm,configs/models/fm_comparator_shcl_transformer_backbone_lstm.json,1103,gpu,pending
fm_comparator_shcl_transformer_backbone_lstm__psm__seed1104,psm,configs/models/fm_comparator_shcl_transformer_backbone_lstm.json,1104,gpu,pending
fm_comparator_shcl_transformer_backbone_lstm__psm__seed1105,psm,configs/models/fm_comparator_shcl_transformer_backbone_lstm.json,1105,gpu,pending
fm_comparator_shcl_transformer_backbone_lstm__psm__seed1106,psm,configs/models/fm_comparator_shcl_transformer_backbone_lstm.json,1106,gpu,pending
fm_comparator_shcl_transformer_backbone_lstm__psm__seed1107,psm,configs/models/fm_comparator_shcl_transformer_backbone_lstm.json,1107,gpu,pending
fm_comparator_shcl_transformer_backbone_rnn__psm__seed1103,psm,configs/models/fm_comparator_shcl_transformer_backbone_rnn.json,1103,gpu,pending
fm_comparator_shcl_transformer_backbone_rnn__psm__seed1104,psm,configs/models/fm_comparator_shcl_transformer_backbone_rnn.json,1104,gpu,pending
fm_comparator_shcl_transformer_backbone_rnn__psm__seed1105,psm,configs/models/fm_comparator_shcl_transformer_backbone_rnn.json,1105,gpu,pending
fm_comparator_shcl_transformer_backbone_rnn__psm__seed1106,psm,configs/models/fm_comparator_shcl_transformer_backbone_rnn.json,1106,gpu,pending
fm_comparator_shcl_transformer_backbone_rnn__psm__seed1107,psm,configs/models/fm_comparator_shcl_transformer_backbone_rnn.json,1107,gpu,pending
fm_comparator_shcl_transformer_backbone_vae__psm__seed1103,psm,configs/models/fm_comparator_shcl_transformer_backbone_vae.json,1103,gpu,pending
fm_comparator_shcl_transformer_backbone_vae__psm__seed1104,psm,configs/models/fm_comparator_shcl_transformer_backbone_vae.json,1104,gpu,pending
fm_comparator_shcl_transformer_backbone_vae__psm__seed1105,psm,configs/models/fm_comparator_shcl_transformer_backbone_vae.json,1105,gpu,pending
fm_comparator_shcl_transformer_backbone_vae__psm__seed1106,psm,configs/models/fm_comparator_shcl_transformer_backbone_vae.json,1106,gpu,pending
fm_comparator_shcl_transformer_backbone_vae__psm__seed1107,psm,configs/models/fm_comparator_shcl_transformer_backbone_vae.json,1107,gpu,pending
fm_comparator_shcl_transformer_backbone_vae_only_pair__psm__seed1103,psm,configs/models/fm_comparator_shcl_transformer_backbone_vae_only_pair.json,1103,gpu,pending
fm_comparator_shcl_transformer_backbone_vae_only_pair__psm__seed1104,psm,configs/models/fm_comparator_shcl_transformer_backbone_vae_only_pair.json,1104,gpu,pending
fm_comparator_shcl_transformer_backbone_vae_only_pair__psm__seed1105,psm,configs/models/fm_comparator_shcl_transformer_backbone_vae_only_pair.json,1105,gpu,pending
fm_comparator_shcl_transformer_backbone_vae_only_pair__psm__seed1106,psm,configs/models/fm_comparator_shcl_transformer_backbone_vae_only_pair.json,1106,gpu,pending
fm_comparator_shcl_transformer_backbone_vae_only_pair__psm__seed1107,psm,configs/models/fm_comparator_shcl_transformer_backbone_vae_only_pair.json,1107,gpu,pending
fm_comparator_shcl_transformer_backbone_vae_only_point__psm__seed1103,psm,configs/models/fm_comparator_shcl_transformer_backbone_vae_only_point.json,1103,gpu,pending
fm_comparator_shcl_transformer_backbone_vae_only_point__psm__seed1104,psm,configs/models/fm_comparator_shcl_transformer_backbone_vae_only_point.json,1104,gpu,pending
fm_comparator_shcl_transformer_backbone_vae_only_point__psm__seed1105,psm,configs/models/fm_comparator_shcl_transformer_backbone_vae_only_point.json,1105,gpu,pending
fm_comparator_shcl_transformer_backbone_vae_only_point__psm__seed1106,psm,configs/models/fm_comparator_shcl_transformer_backbone_vae_only_point.json,1106,gpu,pending
fm_comparator_shcl_transformer_backbone_vae_only_point__psm__seed1107,psm,configs/models/fm_comparator_shcl_transformer_backbone_vae_only_point.json,1107,gpu,pending
fm_comparator_shcl_transformer_backbone_vae_random_mask__psm__seed1103,psm,configs/models/fm_comparator_shcl_transformer_backbone_vae_random_mask.json,1103,gpu,pending
fm_comparator_shcl_transformer_backbone_vae_random_mask__psm__seed1104,psm,configs/models/fm_comparator_shcl_transformer_backbone_vae_random_mask.json,1104,gpu,pending
fm_comparator_shcl_transformer_backbone_vae_random_mask__psm__seed1105,psm,configs/models/fm_comparator_shcl_transformer_backbone_vae_random_mask.json,1105,gpu,pending
fm_comparator_shcl_transformer_backbone_vae_random_mask__psm__seed1106,psm,configs/models/fm_comparator_shcl_transformer_backbone_vae_random_mask.json,1106,gpu,pending
fm_comparator_shcl_transformer_backbone_vae_random_mask__psm__seed1107,psm,configs/models/fm_comparator_shcl_transformer_backbone_vae_random_mask.json,1107,gpu,pending
fm_comparator_shcl_transformer_backbone_vae_reconstruction__psm__seed1103,psm,configs/models/fm_comparator_shcl_transformer_backbone_vae_reconstruction.json,1103,gpu,pending
fm_comparator_shcl_transformer_backbone_vae_reconstruction__psm__seed1104,psm,configs/models/fm_comparator_shcl_transformer_backbone_vae_reconstruction.json,1104,gpu,pending
fm_comparator_shcl_transformer_backbone_vae_reconstruction__psm__seed1105,psm,configs/models/fm_comparator_shcl_transformer_backbone_vae_reconstruction.json,1105,gpu,pending
fm_comparator_shcl_transformer_backbone_vae_reconstruction__psm__seed1106,psm,configs/models/fm_comparator_shcl_transformer_backbone_vae_reconstruction.json,1106,gpu,pending
fm_comparator_shcl_transformer_backbone_vae_reconstruction__psm__seed1107,psm,configs/models/fm_comparator_shcl_transformer_backbone_vae_reconstruction.json,1107,gpu,pending
fm_comparator_shcl_transformer_only_pair__psm__seed1103,psm,configs/models/fm_comparator_shcl_transformer_only_pair.json,1103,gpu,pending
fm_comparator_shcl_transformer_only_pair__psm__seed1104,psm,configs/models/fm_comparator_shcl_transformer_only_pair.json,1104,gpu,pending
fm_comparator_shcl_transformer_only_pair__psm__seed1105,psm,configs/models/fm_comparator_shcl_transformer_only_pair.json,1105,gpu,pending
fm_comparator_shcl_transformer_only_pair__psm__seed1106,psm,configs/models/fm_comparator_shcl_transformer_only_pair.json,1106,gpu,pending
fm_comparator_shcl_transformer_only_pair__psm__seed1107,psm,configs/models/fm_comparator_shcl_transformer_only_pair.json,1107,gpu,pending
fm_comparator_shcl_transformer_only_point__psm__seed1103,psm,configs/models/fm_comparator_shcl_transformer_only_point.json,1103,gpu,pending
fm_comparator_shcl_transformer_only_point__psm__seed1104,psm,configs/models/fm_comparator_shcl_transformer_only_point.json,1104,gpu,pending
fm_comparator_shcl_transformer_only_point__psm__seed1105,psm,configs/models/fm_comparator_shcl_transformer_only_point.json,1105,gpu,pending
fm_comparator_shcl_transformer_only_point__psm__seed1106,psm,configs/models/fm_comparator_shcl_transformer_only_point.json,1106,gpu,pending
fm_comparator_shcl_transformer_only_point__psm__seed1107,psm,configs/models/fm_comparator_shcl_transformer_only_point.json,1107,gpu,pending
fm_comparator_shcl_transformer_random_mask__psm__seed1103,psm,configs/models/fm_comparator_shcl_transformer_random_mask.json,1103,gpu,pending
fm_comparator_shcl_transformer_random_mask__psm__seed1104,psm,configs/models/fm_comparator_shcl_transformer_random_mask.json,1104,gpu,pending
fm_comparator_shcl_transformer_random_mask__psm__seed1105,psm,configs/models/fm_comparator_shcl_transformer_random_mask.json,1105,gpu,pending
fm_comparator_shcl_transformer_random_mask__psm__seed1106,psm,configs/models/fm_comparator_shcl_transformer_random_mask.json,1106,gpu,pending
fm_comparator_shcl_transformer_random_mask__psm__seed1107,psm,configs/models/fm_comparator_shcl_transformer_random_mask.json,1107,gpu,pending
fm_comparator_shcl_transformer_reconstruction__psm__seed1103,psm,configs/models/fm_comparator_shcl_transformer_reconstruction.json,1103,gpu,pending
fm_comparator_shcl_transformer_reconstruction__psm__seed1104,psm,configs/models/fm_comparator_shcl_transformer_reconstruction.json,1104,gpu,pending
fm_comparator_shcl_transformer_reconstruction__psm__seed1105,psm,configs/models/fm_comparator_shcl_transformer_reconstruction.json,1105,gpu,pending
fm_comparator_shcl_transformer_reconstruction__psm__seed1106,psm,configs/models/fm_comparator_shcl_transformer_reconstruction.json,1106,gpu,pending
fm_comparator_shcl_transformer_reconstruction__psm__seed1107,psm,configs/models/fm_comparator_shcl_transformer_reconstruction.json,1107,gpu,pending
fm_native_dfm_exact__psm__seed1103,psm,configs/models/fm_native_dfm_exact.json,1103,gpu,pending
fm_native_dfm_exact__psm__seed1104,psm,configs/models/fm_native_dfm_exact.json,1104,gpu,pending
fm_native_dfm_exact__psm__seed1105,psm,configs/models/fm_native_dfm_exact.json,1105,gpu,pending
fm_native_dfm_exact__psm__seed1106,psm,configs/models/fm_native_dfm_exact.json,1106,gpu,pending
fm_native_dfm_exact__psm__seed1107,psm,configs/models/fm_native_dfm_exact.json,1107,gpu,pending
fm_native_dfm_hutchinson__psm__seed1103,psm,configs/models/fm_native_dfm_hutchinson.json,1103,gpu,pending
fm_native_dfm_hutchinson__psm__seed1104,psm,configs/models/fm_native_dfm_hutchinson.json,1104,gpu,pending
fm_native_dfm_hutchinson__psm__seed1105,psm,configs/models/fm_native_dfm_hutchinson.json,1105,gpu,pending
fm_native_dfm_hutchinson__psm__seed1106,psm,configs/models/fm_native_dfm_hutchinson.json,1106,gpu,pending
fm_native_dfm_hutchinson__psm__seed1107,psm,configs/models/fm_native_dfm_hutchinson.json,1107,gpu,pending
fm_native_grasp_er__psm__seed1103,psm,configs/models/fm_native_grasp_er.json,1103,gpu,pending
fm_native_grasp_er__psm__seed1104,psm,configs/models/fm_native_grasp_er.json,1104,gpu,pending
fm_native_grasp_er__psm__seed1105,psm,configs/models/fm_native_grasp_er.json,1105,gpu,pending
fm_native_grasp_er__psm__seed1106,psm,configs/models/fm_native_grasp_er.json,1106,gpu,pending
fm_native_grasp_er__psm__seed1107,psm,configs/models/fm_native_grasp_er.json,1107,gpu,pending
fm_native_grasp_grasp__psm__seed1103,psm,configs/models/fm_native_grasp_grasp.json,1103,gpu,pending
fm_native_grasp_grasp__psm__seed1104,psm,configs/models/fm_native_grasp_grasp.json,1104,gpu,pending
fm_native_grasp_grasp__psm__seed1105,psm,configs/models/fm_native_grasp_grasp.json,1105,gpu,pending
fm_native_grasp_grasp__psm__seed1106,psm,configs/models/fm_native_grasp_grasp.json,1106,gpu,pending
fm_native_grasp_grasp__psm__seed1107,psm,configs/models/fm_native_grasp_grasp.json,1107,gpu,pending
fm_native_grasp_lin__psm__seed1103,psm,configs/models/fm_native_grasp_lin.json,1103,gpu,pending
fm_native_grasp_lin__psm__seed1104,psm,configs/models/fm_native_grasp_lin.json,1104,gpu,pending
fm_native_grasp_lin__psm__seed1105,psm,configs/models/fm_native_grasp_lin.json,1105,gpu,pending
fm_native_grasp_lin__psm__seed1106,psm,configs/models/fm_native_grasp_lin.json,1106,gpu,pending
fm_native_grasp_lin__psm__seed1107,psm,configs/models/fm_native_grasp_lin.json,1107,gpu,pending
fm_native_grasp_mean__psm__seed1103,psm,configs/models/fm_native_grasp_mean.json,1103,gpu,pending
fm_native_grasp_mean__psm__seed1104,psm,configs/models/fm_native_grasp_mean.json,1104,gpu,pending
fm_native_grasp_mean__psm__seed1105,psm,configs/models/fm_native_grasp_mean.json,1105,gpu,pending
fm_native_grasp_mean__psm__seed1106,psm,configs/models/fm_native_grasp_mean.json,1106,gpu,pending
fm_native_grasp_mean__psm__seed1107,psm,configs/models/fm_native_grasp_mean.json,1107,gpu,pending
fm_comparator_dt_la__smap__seed1103,smap,configs/models/fm_comparator_dt_la.json,1103,gpu,pending
fm_comparator_dt_la__smap__seed1104,smap,configs/models/fm_comparator_dt_la.json,1104,gpu,pending
fm_comparator_dt_la__smap__seed1105,smap,configs/models/fm_comparator_dt_la.json,1105,gpu,pending
fm_comparator_dt_la__smap__seed1106,smap,configs/models/fm_comparator_dt_la.json,1106,gpu,pending
fm_comparator_dt_la__smap__seed1107,smap,configs/models/fm_comparator_dt_la.json,1107,gpu,pending
fm_comparator_dt_la_l2_no_sparse__smap__seed1103,smap,configs/models/fm_comparator_dt_la_l2_no_sparse.json,1103,gpu,pending
fm_comparator_dt_la_l2_no_sparse__smap__seed1104,smap,configs/models/fm_comparator_dt_la_l2_no_sparse.json,1104,gpu,pending
fm_comparator_dt_la_l2_no_sparse__smap__seed1105,smap,configs/models/fm_comparator_dt_la_l2_no_sparse.json,1105,gpu,pending
fm_comparator_dt_la_l2_no_sparse__smap__seed1106,smap,configs/models/fm_comparator_dt_la_l2_no_sparse.json,1106,gpu,pending
fm_comparator_dt_la_l2_no_sparse__smap__seed1107,smap,configs/models/fm_comparator_dt_la_l2_no_sparse.json,1107,gpu,pending
fm_comparator_dt_la_l2_sparse__smap__seed1103,smap,configs/models/fm_comparator_dt_la_l2_sparse.json,1103,gpu,pending
fm_comparator_dt_la_l2_sparse__smap__seed1104,smap,configs/models/fm_comparator_dt_la_l2_sparse.json,1104,gpu,pending
fm_comparator_dt_la_l2_sparse__smap__seed1105,smap,configs/models/fm_comparator_dt_la_l2_sparse.json,1105,gpu,pending
fm_comparator_dt_la_l2_sparse__smap__seed1106,smap,configs/models/fm_comparator_dt_la_l2_sparse.json,1106,gpu,pending
fm_comparator_dt_la_l2_sparse__smap__seed1107,smap,configs/models/fm_comparator_dt_la_l2_sparse.json,1107,gpu,pending
fm_comparator_dt_la_lambda_0p1__smap__seed1103,smap,configs/models/fm_comparator_dt_la_lambda_0p1.json,1103,gpu,pending
fm_comparator_dt_la_lambda_0p1__smap__seed1104,smap,configs/models/fm_comparator_dt_la_lambda_0p1.json,1104,gpu,pending
fm_comparator_dt_la_lambda_0p1__smap__seed1105,smap,configs/models/fm_comparator_dt_la_lambda_0p1.json,1105,gpu,pending
fm_comparator_dt_la_lambda_0p1__smap__seed1106,smap,configs/models/fm_comparator_dt_la_lambda_0p1.json,1106,gpu,pending
fm_comparator_dt_la_lambda_0p1__smap__seed1107,smap,configs/models/fm_comparator_dt_la_lambda_0p1.json,1107,gpu,pending
fm_comparator_dt_la_lambda_0p3__smap__seed1103,smap,configs/models/fm_comparator_dt_la_lambda_0p3.json,1103,gpu,pending
fm_comparator_dt_la_lambda_0p3__smap__seed1104,smap,configs/models/fm_comparator_dt_la_lambda_0p3.json,1104,gpu,pending
fm_comparator_dt_la_lambda_0p3__smap__seed1105,smap,configs/models/fm_comparator_dt_la_lambda_0p3.json,1105,gpu,pending
fm_comparator_dt_la_lambda_0p3__smap__seed1106,smap,configs/models/fm_comparator_dt_la_lambda_0p3.json,1106,gpu,pending
fm_comparator_dt_la_lambda_0p3__smap__seed1107,smap,configs/models/fm_comparator_dt_la_lambda_0p3.json,1107,gpu,pending
fm_comparator_dt_la_lambda_0p7__smap__seed1103,smap,configs/models/fm_comparator_dt_la_lambda_0p7.json,1103,gpu,pending
fm_comparator_dt_la_lambda_0p7__smap__seed1104,smap,configs/models/fm_comparator_dt_la_lambda_0p7.json,1104,gpu,pending
fm_comparator_dt_la_lambda_0p7__smap__seed1105,smap,configs/models/fm_comparator_dt_la_lambda_0p7.json,1105,gpu,pending
fm_comparator_dt_la_lambda_0p7__smap__seed1106,smap,configs/models/fm_comparator_dt_la_lambda_0p7.json,1106,gpu,pending
fm_comparator_dt_la_lambda_0p7__smap__seed1107,smap,configs/models/fm_comparator_dt_la_lambda_0p7.json,1107,gpu,pending
fm_comparator_dt_la_lambda_1p0__smap__seed1103,smap,configs/models/fm_comparator_dt_la_lambda_1p0.json,1103,gpu,pending
fm_comparator_dt_la_lambda_1p0__smap__seed1104,smap,configs/models/fm_comparator_dt_la_lambda_1p0.json,1104,gpu,pending
fm_comparator_dt_la_lambda_1p0__smap__seed1105,smap,configs/models/fm_comparator_dt_la_lambda_1p0.json,1105,gpu,pending
fm_comparator_dt_la_lambda_1p0__smap__seed1106,smap,configs/models/fm_comparator_dt_la_lambda_1p0.json,1106,gpu,pending
fm_comparator_dt_la_lambda_1p0__smap__seed1107,smap,configs/models/fm_comparator_dt_la_lambda_1p0.json,1107,gpu,pending
fm_comparator_dt_la_mrh_no_sparse__smap__seed1103,smap,configs/models/fm_comparator_dt_la_mrh_no_sparse.json,1103,gpu,pending
fm_comparator_dt_la_mrh_no_sparse__smap__seed1104,smap,configs/models/fm_comparator_dt_la_mrh_no_sparse.json,1104,gpu,pending
fm_comparator_dt_la_mrh_no_sparse__smap__seed1105,smap,configs/models/fm_comparator_dt_la_mrh_no_sparse.json,1105,gpu,pending
fm_comparator_dt_la_mrh_no_sparse__smap__seed1106,smap,configs/models/fm_comparator_dt_la_mrh_no_sparse.json,1106,gpu,pending
fm_comparator_dt_la_mrh_no_sparse__smap__seed1107,smap,configs/models/fm_comparator_dt_la_mrh_no_sparse.json,1107,gpu,pending
fm_comparator_dt_la_score_input__smap__seed1103,smap,configs/models/fm_comparator_dt_la_score_input.json,1103,gpu,pending
fm_comparator_dt_la_score_input__smap__seed1104,smap,configs/models/fm_comparator_dt_la_score_input.json,1104,gpu,pending
fm_comparator_dt_la_score_input__smap__seed1105,smap,configs/models/fm_comparator_dt_la_score_input.json,1105,gpu,pending
fm_comparator_dt_la_score_input__smap__seed1106,smap,configs/models/fm_comparator_dt_la_score_input.json,1106,gpu,pending
fm_comparator_dt_la_score_input__smap__seed1107,smap,configs/models/fm_comparator_dt_la_score_input.json,1107,gpu,pending
fm_comparator_dt_la_score_latent__smap__seed1103,smap,configs/models/fm_comparator_dt_la_score_latent.json,1103,gpu,pending
fm_comparator_dt_la_score_latent__smap__seed1104,smap,configs/models/fm_comparator_dt_la_score_latent.json,1104,gpu,pending
fm_comparator_dt_la_score_latent__smap__seed1105,smap,configs/models/fm_comparator_dt_la_score_latent.json,1105,gpu,pending
fm_comparator_dt_la_score_latent__smap__seed1106,smap,configs/models/fm_comparator_dt_la_score_latent.json,1106,gpu,pending
fm_comparator_dt_la_score_latent__smap__seed1107,smap,configs/models/fm_comparator_dt_la_score_latent.json,1107,gpu,pending
fm_comparator_dt_la_score_softmax__smap__seed1103,smap,configs/models/fm_comparator_dt_la_score_softmax.json,1103,gpu,pending
fm_comparator_dt_la_score_softmax__smap__seed1104,smap,configs/models/fm_comparator_dt_la_score_softmax.json,1104,gpu,pending
fm_comparator_dt_la_score_softmax__smap__seed1105,smap,configs/models/fm_comparator_dt_la_score_softmax.json,1105,gpu,pending
fm_comparator_dt_la_score_softmax__smap__seed1106,smap,configs/models/fm_comparator_dt_la_score_softmax.json,1106,gpu,pending
fm_comparator_dt_la_score_softmax__smap__seed1107,smap,configs/models/fm_comparator_dt_la_score_softmax.json,1107,gpu,pending
fm_comparator_kgl__smap__seed1103,smap,configs/models/fm_comparator_kgl.json,1103,gpu,pending
fm_comparator_kgl__smap__seed1104,smap,configs/models/fm_comparator_kgl.json,1104,gpu,pending
fm_comparator_kgl__smap__seed1105,smap,configs/models/fm_comparator_kgl.json,1105,gpu,pending
fm_comparator_kgl__smap__seed1106,smap,configs/models/fm_comparator_kgl.json,1106,gpu,pending
fm_comparator_kgl__smap__seed1107,smap,configs/models/fm_comparator_kgl.json,1107,gpu,pending
fm_comparator_kgl_without_gat__smap__seed1103,smap,configs/models/fm_comparator_kgl_without_gat.json,1103,gpu,pending
fm_comparator_kgl_without_gat__smap__seed1104,smap,configs/models/fm_comparator_kgl_without_gat.json,1104,gpu,pending
fm_comparator_kgl_without_gat__smap__seed1105,smap,configs/models/fm_comparator_kgl_without_gat.json,1105,gpu,pending
fm_comparator_kgl_without_gat__smap__seed1106,smap,configs/models/fm_comparator_kgl_without_gat.json,1106,gpu,pending
fm_comparator_kgl_without_gat__smap__seed1107,smap,configs/models/fm_comparator_kgl_without_gat.json,1107,gpu,pending
fm_comparator_kgl_without_kan__smap__seed1103,smap,configs/models/fm_comparator_kgl_without_kan.json,1103,gpu,pending
fm_comparator_kgl_without_kan__smap__seed1104,smap,configs/models/fm_comparator_kgl_without_kan.json,1104,gpu,pending
fm_comparator_kgl_without_kan__smap__seed1105,smap,configs/models/fm_comparator_kgl_without_kan.json,1105,gpu,pending
fm_comparator_kgl_without_kan__smap__seed1106,smap,configs/models/fm_comparator_kgl_without_kan.json,1106,gpu,pending
fm_comparator_kgl_without_kan__smap__seed1107,smap,configs/models/fm_comparator_kgl_without_kan.json,1107,gpu,pending
fm_comparator_kgl_without_lstm__smap__seed1103,smap,configs/models/fm_comparator_kgl_without_lstm.json,1103,gpu,pending
fm_comparator_kgl_without_lstm__smap__seed1104,smap,configs/models/fm_comparator_kgl_without_lstm.json,1104,gpu,pending
fm_comparator_kgl_without_lstm__smap__seed1105,smap,configs/models/fm_comparator_kgl_without_lstm.json,1105,gpu,pending
fm_comparator_kgl_without_lstm__smap__seed1106,smap,configs/models/fm_comparator_kgl_without_lstm.json,1106,gpu,pending
fm_comparator_kgl_without_lstm__smap__seed1107,smap,configs/models/fm_comparator_kgl_without_lstm.json,1107,gpu,pending
fm_comparator_shcl_transformer__smap__seed1103,smap,configs/models/fm_comparator_shcl_transformer.json,1103,gpu,pending
fm_comparator_shcl_transformer__smap__seed1104,smap,configs/models/fm_comparator_shcl_transformer.json,1104,gpu,pending
fm_comparator_shcl_transformer__smap__seed1105,smap,configs/models/fm_comparator_shcl_transformer.json,1105,gpu,pending
fm_comparator_shcl_transformer__smap__seed1106,smap,configs/models/fm_comparator_shcl_transformer.json,1106,gpu,pending
fm_comparator_shcl_transformer__smap__seed1107,smap,configs/models/fm_comparator_shcl_transformer.json,1107,gpu,pending
fm_comparator_shcl_transformer_backbone_cnn__smap__seed1103,smap,configs/models/fm_comparator_shcl_transformer_backbone_cnn.json,1103,gpu,pending
fm_comparator_shcl_transformer_backbone_cnn__smap__seed1104,smap,configs/models/fm_comparator_shcl_transformer_backbone_cnn.json,1104,gpu,pending
fm_comparator_shcl_transformer_backbone_cnn__smap__seed1105,smap,configs/models/fm_comparator_shcl_transformer_backbone_cnn.json,1105,gpu,pending
fm_comparator_shcl_transformer_backbone_cnn__smap__seed1106,smap,configs/models/fm_comparator_shcl_transformer_backbone_cnn.json,1106,gpu,pending
fm_comparator_shcl_transformer_backbone_cnn__smap__seed1107,smap,configs/models/fm_comparator_shcl_transformer_backbone_cnn.json,1107,gpu,pending
fm_comparator_shcl_transformer_backbone_lstm__smap__seed1103,smap,configs/models/fm_comparator_shcl_transformer_backbone_lstm.json,1103,gpu,pending
fm_comparator_shcl_transformer_backbone_lstm__smap__seed1104,smap,configs/models/fm_comparator_shcl_transformer_backbone_lstm.json,1104,gpu,pending
fm_comparator_shcl_transformer_backbone_lstm__smap__seed1105,smap,configs/models/fm_comparator_shcl_transformer_backbone_lstm.json,1105,gpu,pending
fm_comparator_shcl_transformer_backbone_lstm__smap__seed1106,smap,configs/models/fm_comparator_shcl_transformer_backbone_lstm.json,1106,gpu,pending
fm_comparator_shcl_transformer_backbone_lstm__smap__seed1107,smap,configs/models/fm_comparator_shcl_transformer_backbone_lstm.json,1107,gpu,pending
fm_comparator_shcl_transformer_backbone_rnn__smap__seed1103,smap,configs/models/fm_comparator_shcl_transformer_backbone_rnn.json,1103,gpu,pending
fm_comparator_shcl_transformer_backbone_rnn__smap__seed1104,smap,configs/models/fm_comparator_shcl_transformer_backbone_rnn.json,1104,gpu,pending
fm_comparator_shcl_transformer_backbone_rnn__smap__seed1105,smap,configs/models/fm_comparator_shcl_transformer_backbone_rnn.json,1105,gpu,pending
fm_comparator_shcl_transformer_backbone_rnn__smap__seed1106,smap,configs/models/fm_comparator_shcl_transformer_backbone_rnn.json,1106,gpu,pending
fm_comparator_shcl_transformer_backbone_rnn__smap__seed1107,smap,configs/models/fm_comparator_shcl_transformer_backbone_rnn.json,1107,gpu,pending
fm_comparator_shcl_transformer_backbone_vae__smap__seed1103,smap,configs/models/fm_comparator_shcl_transformer_backbone_vae.json,1103,gpu,pending
fm_comparator_shcl_transformer_backbone_vae__smap__seed1104,smap,configs/models/fm_comparator_shcl_transformer_backbone_vae.json,1104,gpu,pending
fm_comparator_shcl_transformer_backbone_vae__smap__seed1105,smap,configs/models/fm_comparator_shcl_transformer_backbone_vae.json,1105,gpu,pending
fm_comparator_shcl_transformer_backbone_vae__smap__seed1106,smap,configs/models/fm_comparator_shcl_transformer_backbone_vae.json,1106,gpu,pending
fm_comparator_shcl_transformer_backbone_vae__smap__seed1107,smap,configs/models/fm_comparator_shcl_transformer_backbone_vae.json,1107,gpu,pending
fm_comparator_shcl_transformer_backbone_vae_only_pair__smap__seed1103,smap,configs/models/fm_comparator_shcl_transformer_backbone_vae_only_pair.json,1103,gpu,pending
fm_comparator_shcl_transformer_backbone_vae_only_pair__smap__seed1104,smap,configs/models/fm_comparator_shcl_transformer_backbone_vae_only_pair.json,1104,gpu,pending
fm_comparator_shcl_transformer_backbone_vae_only_pair__smap__seed1105,smap,configs/models/fm_comparator_shcl_transformer_backbone_vae_only_pair.json,1105,gpu,pending
fm_comparator_shcl_transformer_backbone_vae_only_pair__smap__seed1106,smap,configs/models/fm_comparator_shcl_transformer_backbone_vae_only_pair.json,1106,gpu,pending
fm_comparator_shcl_transformer_backbone_vae_only_pair__smap__seed1107,smap,configs/models/fm_comparator_shcl_transformer_backbone_vae_only_pair.json,1107,gpu,pending
fm_comparator_shcl_transformer_backbone_vae_only_point__smap__seed1103,smap,configs/models/fm_comparator_shcl_transformer_backbone_vae_only_point.json,1103,gpu,pending
fm_comparator_shcl_transformer_backbone_vae_only_point__smap__seed1104,smap,configs/models/fm_comparator_shcl_transformer_backbone_vae_only_point.json,1104,gpu,pending
fm_comparator_shcl_transformer_backbone_vae_only_point__smap__seed1105,smap,configs/models/fm_comparator_shcl_transformer_backbone_vae_only_point.json,1105,gpu,pending
fm_comparator_shcl_transformer_backbone_vae_only_point__smap__seed1106,smap,configs/models/fm_comparator_shcl_transformer_backbone_vae_only_point.json,1106,gpu,pending
fm_comparator_shcl_transformer_backbone_vae_only_point__smap__seed1107,smap,configs/models/fm_comparator_shcl_transformer_backbone_vae_only_point.json,1107,gpu,pending
fm_comparator_shcl_transformer_backbone_vae_random_mask__smap__seed1103,smap,configs/models/fm_comparator_shcl_transformer_backbone_vae_random_mask.json,1103,gpu,pending
fm_comparator_shcl_transformer_backbone_vae_random_mask__smap__seed1104,smap,configs/models/fm_comparator_shcl_transformer_backbone_vae_random_mask.json,1104,gpu,pending
fm_comparator_shcl_transformer_backbone_vae_random_mask__smap__seed1105,smap,configs/models/fm_comparator_shcl_transformer_backbone_vae_random_mask.json,1105,gpu,pending
fm_comparator_shcl_transformer_backbone_vae_random_mask__smap__seed1106,smap,configs/models/fm_comparator_shcl_transformer_backbone_vae_random_mask.json,1106,gpu,pending
fm_comparator_shcl_transformer_backbone_vae_random_mask__smap__seed1107,smap,configs/models/fm_comparator_shcl_transformer_backbone_vae_random_mask.json,1107,gpu,pending
fm_comparator_shcl_transformer_backbone_vae_reconstruction__smap__seed1103,smap,configs/models/fm_comparator_shcl_transformer_backbone_vae_reconstruction.json,1103,gpu,pending
fm_comparator_shcl_transformer_backbone_vae_reconstruction__smap__seed1104,smap,configs/models/fm_comparator_shcl_transformer_backbone_vae_reconstruction.json,1104,gpu,pending
fm_comparator_shcl_transformer_backbone_vae_reconstruction__smap__seed1105,smap,configs/models/fm_comparator_shcl_transformer_backbone_vae_reconstruction.json,1105,gpu,pending
fm_comparator_shcl_transformer_backbone_vae_reconstruction__smap__seed1106,smap,configs/models/fm_comparator_shcl_transformer_backbone_vae_reconstruction.json,1106,gpu,pending
fm_comparator_shcl_transformer_backbone_vae_reconstruction__smap__seed1107,smap,configs/models/fm_comparator_shcl_transformer_backbone_vae_reconstruction.json,1107,gpu,pending
fm_comparator_shcl_transformer_only_pair__smap__seed1103,smap,configs/models/fm_comparator_shcl_transformer_only_pair.json,1103,gpu,pending
fm_comparator_shcl_transformer_only_pair__smap__seed1104,smap,configs/models/fm_comparator_shcl_transformer_only_pair.json,1104,gpu,pending
fm_comparator_shcl_transformer_only_pair__smap__seed1105,smap,configs/models/fm_comparator_shcl_transformer_only_pair.json,1105,gpu,pending
fm_comparator_shcl_transformer_only_pair__smap__seed1106,smap,configs/models/fm_comparator_shcl_transformer_only_pair.json,1106,gpu,pending
fm_comparator_shcl_transformer_only_pair__smap__seed1107,smap,configs/models/fm_comparator_shcl_transformer_only_pair.json,1107,gpu,pending
fm_comparator_shcl_transformer_only_point__smap__seed1103,smap,configs/models/fm_comparator_shcl_transformer_only_point.json,1103,gpu,pending
fm_comparator_shcl_transformer_only_point__smap__seed1104,smap,configs/models/fm_comparator_shcl_transformer_only_point.json,1104,gpu,pending
fm_comparator_shcl_transformer_only_point__smap__seed1105,smap,configs/models/fm_comparator_shcl_transformer_only_point.json,1105,gpu,pending
fm_comparator_shcl_transformer_only_point__smap__seed1106,smap,configs/models/fm_comparator_shcl_transformer_only_point.json,1106,gpu,pending
fm_comparator_shcl_transformer_only_point__smap__seed1107,smap,configs/models/fm_comparator_shcl_transformer_only_point.json,1107,gpu,pending
fm_comparator_shcl_transformer_random_mask__smap__seed1103,smap,configs/models/fm_comparator_shcl_transformer_random_mask.json,1103,gpu,pending
fm_comparator_shcl_transformer_random_mask__smap__seed1104,smap,configs/models/fm_comparator_shcl_transformer_random_mask.json,1104,gpu,pending
fm_comparator_shcl_transformer_random_mask__smap__seed1105,smap,configs/models/fm_comparator_shcl_transformer_random_mask.json,1105,gpu,pending
fm_comparator_shcl_transformer_random_mask__smap__seed1106,smap,configs/models/fm_comparator_shcl_transformer_random_mask.json,1106,gpu,pending
fm_comparator_shcl_transformer_random_mask__smap__seed1107,smap,configs/models/fm_comparator_shcl_transformer_random_mask.json,1107,gpu,pending
fm_comparator_shcl_transformer_reconstruction__smap__seed1103,smap,configs/models/fm_comparator_shcl_transformer_reconstruction.json,1103,gpu,pending
fm_comparator_shcl_transformer_reconstruction__smap__seed1104,smap,configs/models/fm_comparator_shcl_transformer_reconstruction.json,1104,gpu,pending
fm_comparator_shcl_transformer_reconstruction__smap__seed1105,smap,configs/models/fm_comparator_shcl_transformer_reconstruction.json,1105,gpu,pending
fm_comparator_shcl_transformer_reconstruction__smap__seed1106,smap,configs/models/fm_comparator_shcl_transformer_reconstruction.json,1106,gpu,pending
fm_comparator_shcl_transformer_reconstruction__smap__seed1107,smap,configs/models/fm_comparator_shcl_transformer_reconstruction.json,1107,gpu,pending
fm_native_dfm_exact__smap__seed1103,smap,configs/models/fm_native_dfm_exact.json,1103,gpu,pending
fm_native_dfm_exact__smap__seed1104,smap,configs/models/fm_native_dfm_exact.json,1104,gpu,pending
fm_native_dfm_exact__smap__seed1105,smap,configs/models/fm_native_dfm_exact.json,1105,gpu,pending
fm_native_dfm_exact__smap__seed1106,smap,configs/models/fm_native_dfm_exact.json,1106,gpu,pending
fm_native_dfm_exact__smap__seed1107,smap,configs/models/fm_native_dfm_exact.json,1107,gpu,pending
fm_native_dfm_hutchinson__smap__seed1103,smap,configs/models/fm_native_dfm_hutchinson.json,1103,gpu,pending
fm_native_dfm_hutchinson__smap__seed1104,smap,configs/models/fm_native_dfm_hutchinson.json,1104,gpu,pending
fm_native_dfm_hutchinson__smap__seed1105,smap,configs/models/fm_native_dfm_hutchinson.json,1105,gpu,pending
fm_native_dfm_hutchinson__smap__seed1106,smap,configs/models/fm_native_dfm_hutchinson.json,1106,gpu,pending
fm_native_dfm_hutchinson__smap__seed1107,smap,configs/models/fm_native_dfm_hutchinson.json,1107,gpu,pending
fm_native_grasp_er__smap__seed1103,smap,configs/models/fm_native_grasp_er.json,1103,gpu,pending
fm_native_grasp_er__smap__seed1104,smap,configs/models/fm_native_grasp_er.json,1104,gpu,pending
fm_native_grasp_er__smap__seed1105,smap,configs/models/fm_native_grasp_er.json,1105,gpu,pending
fm_native_grasp_er__smap__seed1106,smap,configs/models/fm_native_grasp_er.json,1106,gpu,pending
fm_native_grasp_er__smap__seed1107,smap,configs/models/fm_native_grasp_er.json,1107,gpu,pending
fm_native_grasp_grasp__smap__seed1103,smap,configs/models/fm_native_grasp_grasp.json,1103,gpu,pending
fm_native_grasp_grasp__smap__seed1104,smap,configs/models/fm_native_grasp_grasp.json,1104,gpu,pending
fm_native_grasp_grasp__smap__seed1105,smap,configs/models/fm_native_grasp_grasp.json,1105,gpu,pending
fm_native_grasp_grasp__smap__seed1106,smap,configs/models/fm_native_grasp_grasp.json,1106,gpu,pending
fm_native_grasp_grasp__smap__seed1107,smap,configs/models/fm_native_grasp_grasp.json,1107,gpu,pending
fm_native_grasp_lin__smap__seed1103,smap,configs/models/fm_native_grasp_lin.json,1103,gpu,pending
fm_native_grasp_lin__smap__seed1104,smap,configs/models/fm_native_grasp_lin.json,1104,gpu,pending
fm_native_grasp_lin__smap__seed1105,smap,configs/models/fm_native_grasp_lin.json,1105,gpu,pending
fm_native_grasp_lin__smap__seed1106,smap,configs/models/fm_native_grasp_lin.json,1106,gpu,pending
fm_native_grasp_lin__smap__seed1107,smap,configs/models/fm_native_grasp_lin.json,1107,gpu,pending
fm_native_grasp_mean__smap__seed1103,smap,configs/models/fm_native_grasp_mean.json,1103,gpu,pending
fm_native_grasp_mean__smap__seed1104,smap,configs/models/fm_native_grasp_mean.json,1104,gpu,pending
fm_native_grasp_mean__smap__seed1105,smap,configs/models/fm_native_grasp_mean.json,1105,gpu,pending
fm_native_grasp_mean__smap__seed1106,smap,configs/models/fm_native_grasp_mean.json,1106,gpu,pending
fm_native_grasp_mean__smap__seed1107,smap,configs/models/fm_native_grasp_mean.json,1107,gpu,pending
fm_comparator_dt_la__msl__seed1103,msl,configs/models/fm_comparator_dt_la.json,1103,gpu,pending
fm_comparator_dt_la__msl__seed1104,msl,configs/models/fm_comparator_dt_la.json,1104,gpu,pending
fm_comparator_dt_la__msl__seed1105,msl,configs/models/fm_comparator_dt_la.json,1105,gpu,pending
fm_comparator_dt_la__msl__seed1106,msl,configs/models/fm_comparator_dt_la.json,1106,gpu,pending
fm_comparator_dt_la__msl__seed1107,msl,configs/models/fm_comparator_dt_la.json,1107,gpu,pending
fm_comparator_dt_la_l2_no_sparse__msl__seed1103,msl,configs/models/fm_comparator_dt_la_l2_no_sparse.json,1103,gpu,pending
fm_comparator_dt_la_l2_no_sparse__msl__seed1104,msl,configs/models/fm_comparator_dt_la_l2_no_sparse.json,1104,gpu,pending
fm_comparator_dt_la_l2_no_sparse__msl__seed1105,msl,configs/models/fm_comparator_dt_la_l2_no_sparse.json,1105,gpu,pending
fm_comparator_dt_la_l2_no_sparse__msl__seed1106,msl,configs/models/fm_comparator_dt_la_l2_no_sparse.json,1106,gpu,pending
fm_comparator_dt_la_l2_no_sparse__msl__seed1107,msl,configs/models/fm_comparator_dt_la_l2_no_sparse.json,1107,gpu,pending
fm_comparator_dt_la_l2_sparse__msl__seed1103,msl,configs/models/fm_comparator_dt_la_l2_sparse.json,1103,gpu,pending
fm_comparator_dt_la_l2_sparse__msl__seed1104,msl,configs/models/fm_comparator_dt_la_l2_sparse.json,1104,gpu,pending
fm_comparator_dt_la_l2_sparse__msl__seed1105,msl,configs/models/fm_comparator_dt_la_l2_sparse.json,1105,gpu,pending
fm_comparator_dt_la_l2_sparse__msl__seed1106,msl,configs/models/fm_comparator_dt_la_l2_sparse.json,1106,gpu,pending
fm_comparator_dt_la_l2_sparse__msl__seed1107,msl,configs/models/fm_comparator_dt_la_l2_sparse.json,1107,gpu,pending
fm_comparator_dt_la_lambda_0p1__msl__seed1103,msl,configs/models/fm_comparator_dt_la_lambda_0p1.json,1103,gpu,pending
fm_comparator_dt_la_lambda_0p1__msl__seed1104,msl,configs/models/fm_comparator_dt_la_lambda_0p1.json,1104,gpu,pending
fm_comparator_dt_la_lambda_0p1__msl__seed1105,msl,configs/models/fm_comparator_dt_la_lambda_0p1.json,1105,gpu,pending
fm_comparator_dt_la_lambda_0p1__msl__seed1106,msl,configs/models/fm_comparator_dt_la_lambda_0p1.json,1106,gpu,pending
fm_comparator_dt_la_lambda_0p1__msl__seed1107,msl,configs/models/fm_comparator_dt_la_lambda_0p1.json,1107,gpu,pending
fm_comparator_dt_la_lambda_0p3__msl__seed1103,msl,configs/models/fm_comparator_dt_la_lambda_0p3.json,1103,gpu,pending
fm_comparator_dt_la_lambda_0p3__msl__seed1104,msl,configs/models/fm_comparator_dt_la_lambda_0p3.json,1104,gpu,pending
fm_comparator_dt_la_lambda_0p3__msl__seed1105,msl,configs/models/fm_comparator_dt_la_lambda_0p3.json,1105,gpu,pending
fm_comparator_dt_la_lambda_0p3__msl__seed1106,msl,configs/models/fm_comparator_dt_la_lambda_0p3.json,1106,gpu,pending
fm_comparator_dt_la_lambda_0p3__msl__seed1107,msl,configs/models/fm_comparator_dt_la_lambda_0p3.json,1107,gpu,pending
fm_comparator_dt_la_lambda_0p7__msl__seed1103,msl,configs/models/fm_comparator_dt_la_lambda_0p7.json,1103,gpu,pending
fm_comparator_dt_la_lambda_0p7__msl__seed1104,msl,configs/models/fm_comparator_dt_la_lambda_0p7.json,1104,gpu,pending
fm_comparator_dt_la_lambda_0p7__msl__seed1105,msl,configs/models/fm_comparator_dt_la_lambda_0p7.json,1105,gpu,pending
fm_comparator_dt_la_lambda_0p7__msl__seed1106,msl,configs/models/fm_comparator_dt_la_lambda_0p7.json,1106,gpu,pending
fm_comparator_dt_la_lambda_0p7__msl__seed1107,msl,configs/models/fm_comparator_dt_la_lambda_0p7.json,1107,gpu,pending
fm_comparator_dt_la_lambda_1p0__msl__seed1103,msl,configs/models/fm_comparator_dt_la_lambda_1p0.json,1103,gpu,pending
fm_comparator_dt_la_lambda_1p0__msl__seed1104,msl,configs/models/fm_comparator_dt_la_lambda_1p0.json,1104,gpu,pending
fm_comparator_dt_la_lambda_1p0__msl__seed1105,msl,configs/models/fm_comparator_dt_la_lambda_1p0.json,1105,gpu,pending
fm_comparator_dt_la_lambda_1p0__msl__seed1106,msl,configs/models/fm_comparator_dt_la_lambda_1p0.json,1106,gpu,pending
fm_comparator_dt_la_lambda_1p0__msl__seed1107,msl,configs/models/fm_comparator_dt_la_lambda_1p0.json,1107,gpu,pending
fm_comparator_dt_la_mrh_no_sparse__msl__seed1103,msl,configs/models/fm_comparator_dt_la_mrh_no_sparse.json,1103,gpu,pending
fm_comparator_dt_la_mrh_no_sparse__msl__seed1104,msl,configs/models/fm_comparator_dt_la_mrh_no_sparse.json,1104,gpu,pending
fm_comparator_dt_la_mrh_no_sparse__msl__seed1105,msl,configs/models/fm_comparator_dt_la_mrh_no_sparse.json,1105,gpu,pending
fm_comparator_dt_la_mrh_no_sparse__msl__seed1106,msl,configs/models/fm_comparator_dt_la_mrh_no_sparse.json,1106,gpu,pending
fm_comparator_dt_la_mrh_no_sparse__msl__seed1107,msl,configs/models/fm_comparator_dt_la_mrh_no_sparse.json,1107,gpu,pending
fm_comparator_dt_la_score_input__msl__seed1103,msl,configs/models/fm_comparator_dt_la_score_input.json,1103,gpu,pending
fm_comparator_dt_la_score_input__msl__seed1104,msl,configs/models/fm_comparator_dt_la_score_input.json,1104,gpu,pending
fm_comparator_dt_la_score_input__msl__seed1105,msl,configs/models/fm_comparator_dt_la_score_input.json,1105,gpu,pending
fm_comparator_dt_la_score_input__msl__seed1106,msl,configs/models/fm_comparator_dt_la_score_input.json,1106,gpu,pending
fm_comparator_dt_la_score_input__msl__seed1107,msl,configs/models/fm_comparator_dt_la_score_input.json,1107,gpu,pending
fm_comparator_dt_la_score_latent__msl__seed1103,msl,configs/models/fm_comparator_dt_la_score_latent.json,1103,gpu,pending
fm_comparator_dt_la_score_latent__msl__seed1104,msl,configs/models/fm_comparator_dt_la_score_latent.json,1104,gpu,pending
fm_comparator_dt_la_score_latent__msl__seed1105,msl,configs/models/fm_comparator_dt_la_score_latent.json,1105,gpu,pending
fm_comparator_dt_la_score_latent__msl__seed1106,msl,configs/models/fm_comparator_dt_la_score_latent.json,1106,gpu,pending
fm_comparator_dt_la_score_latent__msl__seed1107,msl,configs/models/fm_comparator_dt_la_score_latent.json,1107,gpu,pending
fm_comparator_dt_la_score_softmax__msl__seed1103,msl,configs/models/fm_comparator_dt_la_score_softmax.json,1103,gpu,pending
fm_comparator_dt_la_score_softmax__msl__seed1104,msl,configs/models/fm_comparator_dt_la_score_softmax.json,1104,gpu,pending
fm_comparator_dt_la_score_softmax__msl__seed1105,msl,configs/models/fm_comparator_dt_la_score_softmax.json,1105,gpu,pending
fm_comparator_dt_la_score_softmax__msl__seed1106,msl,configs/models/fm_comparator_dt_la_score_softmax.json,1106,gpu,pending
fm_comparator_dt_la_score_softmax__msl__seed1107,msl,configs/models/fm_comparator_dt_la_score_softmax.json,1107,gpu,pending
fm_comparator_kgl__msl__seed1103,msl,configs/models/fm_comparator_kgl.json,1103,gpu,pending
fm_comparator_kgl__msl__seed1104,msl,configs/models/fm_comparator_kgl.json,1104,gpu,pending
fm_comparator_kgl__msl__seed1105,msl,configs/models/fm_comparator_kgl.json,1105,gpu,pending
fm_comparator_kgl__msl__seed1106,msl,configs/models/fm_comparator_kgl.json,1106,gpu,pending
fm_comparator_kgl__msl__seed1107,msl,configs/models/fm_comparator_kgl.json,1107,gpu,pending
fm_comparator_kgl_without_gat__msl__seed1103,msl,configs/models/fm_comparator_kgl_without_gat.json,1103,gpu,pending
fm_comparator_kgl_without_gat__msl__seed1104,msl,configs/models/fm_comparator_kgl_without_gat.json,1104,gpu,pending
fm_comparator_kgl_without_gat__msl__seed1105,msl,configs/models/fm_comparator_kgl_without_gat.json,1105,gpu,pending
fm_comparator_kgl_without_gat__msl__seed1106,msl,configs/models/fm_comparator_kgl_without_gat.json,1106,gpu,pending
fm_comparator_kgl_without_gat__msl__seed1107,msl,configs/models/fm_comparator_kgl_without_gat.json,1107,gpu,pending
fm_comparator_kgl_without_kan__msl__seed1103,msl,configs/models/fm_comparator_kgl_without_kan.json,1103,gpu,pending
fm_comparator_kgl_without_kan__msl__seed1104,msl,configs/models/fm_comparator_kgl_without_kan.json,1104,gpu,pending
fm_comparator_kgl_without_kan__msl__seed1105,msl,configs/models/fm_comparator_kgl_without_kan.json,1105,gpu,pending
fm_comparator_kgl_without_kan__msl__seed1106,msl,configs/models/fm_comparator_kgl_without_kan.json,1106,gpu,pending
fm_comparator_kgl_without_kan__msl__seed1107,msl,configs/models/fm_comparator_kgl_without_kan.json,1107,gpu,pending
fm_comparator_kgl_without_lstm__msl__seed1103,msl,configs/models/fm_comparator_kgl_without_lstm.json,1103,gpu,pending
fm_comparator_kgl_without_lstm__msl__seed1104,msl,configs/models/fm_comparator_kgl_without_lstm.json,1104,gpu,pending
fm_comparator_kgl_without_lstm__msl__seed1105,msl,configs/models/fm_comparator_kgl_without_lstm.json,1105,gpu,pending
fm_comparator_kgl_without_lstm__msl__seed1106,msl,configs/models/fm_comparator_kgl_without_lstm.json,1106,gpu,pending
fm_comparator_kgl_without_lstm__msl__seed1107,msl,configs/models/fm_comparator_kgl_without_lstm.json,1107,gpu,pending
fm_comparator_shcl_transformer__msl__seed1103,msl,configs/models/fm_comparator_shcl_transformer.json,1103,gpu,pending
fm_comparator_shcl_transformer__msl__seed1104,msl,configs/models/fm_comparator_shcl_transformer.json,1104,gpu,pending
fm_comparator_shcl_transformer__msl__seed1105,msl,configs/models/fm_comparator_shcl_transformer.json,1105,gpu,pending
fm_comparator_shcl_transformer__msl__seed1106,msl,configs/models/fm_comparator_shcl_transformer.json,1106,gpu,pending
fm_comparator_shcl_transformer__msl__seed1107,msl,configs/models/fm_comparator_shcl_transformer.json,1107,gpu,pending
fm_comparator_shcl_transformer_backbone_cnn__msl__seed1103,msl,configs/models/fm_comparator_shcl_transformer_backbone_cnn.json,1103,gpu,pending
fm_comparator_shcl_transformer_backbone_cnn__msl__seed1104,msl,configs/models/fm_comparator_shcl_transformer_backbone_cnn.json,1104,gpu,pending
fm_comparator_shcl_transformer_backbone_cnn__msl__seed1105,msl,configs/models/fm_comparator_shcl_transformer_backbone_cnn.json,1105,gpu,pending
fm_comparator_shcl_transformer_backbone_cnn__msl__seed1106,msl,configs/models/fm_comparator_shcl_transformer_backbone_cnn.json,1106,gpu,pending
fm_comparator_shcl_transformer_backbone_cnn__msl__seed1107,msl,configs/models/fm_comparator_shcl_transformer_backbone_cnn.json,1107,gpu,pending
fm_comparator_shcl_transformer_backbone_lstm__msl__seed1103,msl,configs/models/fm_comparator_shcl_transformer_backbone_lstm.json,1103,gpu,pending
fm_comparator_shcl_transformer_backbone_lstm__msl__seed1104,msl,configs/models/fm_comparator_shcl_transformer_backbone_lstm.json,1104,gpu,pending
fm_comparator_shcl_transformer_backbone_lstm__msl__seed1105,msl,configs/models/fm_comparator_shcl_transformer_backbone_lstm.json,1105,gpu,pending
fm_comparator_shcl_transformer_backbone_lstm__msl__seed1106,msl,configs/models/fm_comparator_shcl_transformer_backbone_lstm.json,1106,gpu,pending
fm_comparator_shcl_transformer_backbone_lstm__msl__seed1107,msl,configs/models/fm_comparator_shcl_transformer_backbone_lstm.json,1107,gpu,pending
fm_comparator_shcl_transformer_backbone_rnn__msl__seed1103,msl,configs/models/fm_comparator_shcl_transformer_backbone_rnn.json,1103,gpu,pending
fm_comparator_shcl_transformer_backbone_rnn__msl__seed1104,msl,configs/models/fm_comparator_shcl_transformer_backbone_rnn.json,1104,gpu,pending
fm_comparator_shcl_transformer_backbone_rnn__msl__seed1105,msl,configs/models/fm_comparator_shcl_transformer_backbone_rnn.json,1105,gpu,pending
fm_comparator_shcl_transformer_backbone_rnn__msl__seed1106,msl,configs/models/fm_comparator_shcl_transformer_backbone_rnn.json,1106,gpu,pending
fm_comparator_shcl_transformer_backbone_rnn__msl__seed1107,msl,configs/models/fm_comparator_shcl_transformer_backbone_rnn.json,1107,gpu,pending
fm_comparator_shcl_transformer_backbone_vae__msl__seed1103,msl,configs/models/fm_comparator_shcl_transformer_backbone_vae.json,1103,gpu,pending
fm_comparator_shcl_transformer_backbone_vae__msl__seed1104,msl,configs/models/fm_comparator_shcl_transformer_backbone_vae.json,1104,gpu,pending
fm_comparator_shcl_transformer_backbone_vae__msl__seed1105,msl,configs/models/fm_comparator_shcl_transformer_backbone_vae.json,1105,gpu,pending
fm_comparator_shcl_transformer_backbone_vae__msl__seed1106,msl,configs/models/fm_comparator_shcl_transformer_backbone_vae.json,1106,gpu,pending
fm_comparator_shcl_transformer_backbone_vae__msl__seed1107,msl,configs/models/fm_comparator_shcl_transformer_backbone_vae.json,1107,gpu,pending
fm_comparator_shcl_transformer_backbone_vae_only_pair__msl__seed1103,msl,configs/models/fm_comparator_shcl_transformer_backbone_vae_only_pair.json,1103,gpu,pending
fm_comparator_shcl_transformer_backbone_vae_only_pair__msl__seed1104,msl,configs/models/fm_comparator_shcl_transformer_backbone_vae_only_pair.json,1104,gpu,pending
fm_comparator_shcl_transformer_backbone_vae_only_pair__msl__seed1105,msl,configs/models/fm_comparator_shcl_transformer_backbone_vae_only_pair.json,1105,gpu,pending
fm_comparator_shcl_transformer_backbone_vae_only_pair__msl__seed1106,msl,configs/models/fm_comparator_shcl_transformer_backbone_vae_only_pair.json,1106,gpu,pending
fm_comparator_shcl_transformer_backbone_vae_only_pair__msl__seed1107,msl,configs/models/fm_comparator_shcl_transformer_backbone_vae_only_pair.json,1107,gpu,pending
fm_comparator_shcl_transformer_backbone_vae_only_point__msl__seed1103,msl,configs/models/fm_comparator_shcl_transformer_backbone_vae_only_point.json,1103,gpu,pending
fm_comparator_shcl_transformer_backbone_vae_only_point__msl__seed1104,msl,configs/models/fm_comparator_shcl_transformer_backbone_vae_only_point.json,1104,gpu,pending
fm_comparator_shcl_transformer_backbone_vae_only_point__msl__seed1105,msl,configs/models/fm_comparator_shcl_transformer_backbone_vae_only_point.json,1105,gpu,pending
fm_comparator_shcl_transformer_backbone_vae_only_point__msl__seed1106,msl,configs/models/fm_comparator_shcl_transformer_backbone_vae_only_point.json,1106,gpu,pending
fm_comparator_shcl_transformer_backbone_vae_only_point__msl__seed1107,msl,configs/models/fm_comparator_shcl_transformer_backbone_vae_only_point.json,1107,gpu,pending
fm_comparator_shcl_transformer_backbone_vae_random_mask__msl__seed1103,msl,configs/models/fm_comparator_shcl_transformer_backbone_vae_random_mask.json,1103,gpu,pending
fm_comparator_shcl_transformer_backbone_vae_random_mask__msl__seed1104,msl,configs/models/fm_comparator_shcl_transformer_backbone_vae_random_mask.json,1104,gpu,pending
fm_comparator_shcl_transformer_backbone_vae_random_mask__msl__seed1105,msl,configs/models/fm_comparator_shcl_transformer_backbone_vae_random_mask.json,1105,gpu,pending
fm_comparator_shcl_transformer_backbone_vae_random_mask__msl__seed1106,msl,configs/models/fm_comparator_shcl_transformer_backbone_vae_random_mask.json,1106,gpu,pending
fm_comparator_shcl_transformer_backbone_vae_random_mask__msl__seed1107,msl,configs/models/fm_comparator_shcl_transformer_backbone_vae_random_mask.json,1107,gpu,pending
fm_comparator_shcl_transformer_backbone_vae_reconstruction__msl__seed1103,msl,configs/models/fm_comparator_shcl_transformer_backbone_vae_reconstruction.json,1103,gpu,pending
fm_comparator_shcl_transformer_backbone_vae_reconstruction__msl__seed1104,msl,configs/models/fm_comparator_shcl_transformer_backbone_vae_reconstruction.json,1104,gpu,pending
fm_comparator_shcl_transformer_backbone_vae_reconstruction__msl__seed1105,msl,configs/models/fm_comparator_shcl_transformer_backbone_vae_reconstruction.json,1105,gpu,pending
fm_comparator_shcl_transformer_backbone_vae_reconstruction__msl__seed1106,msl,configs/models/fm_comparator_shcl_transformer_backbone_vae_reconstruction.json,1106,gpu,pending
fm_comparator_shcl_transformer_backbone_vae_reconstruction__msl__seed1107,msl,configs/models/fm_comparator_shcl_transformer_backbone_vae_reconstruction.json,1107,gpu,pending
fm_comparator_shcl_transformer_only_pair__msl__seed1103,msl,configs/models/fm_comparator_shcl_transformer_only_pair.json,1103,gpu,pending
fm_comparator_shcl_transformer_only_pair__msl__seed1104,msl,configs/models/fm_comparator_shcl_transformer_only_pair.json,1104,gpu,pending
fm_comparator_shcl_transformer_only_pair__msl__seed1105,msl,configs/models/fm_comparator_shcl_transformer_only_pair.json,1105,gpu,pending
fm_comparator_shcl_transformer_only_pair__msl__seed1106,msl,configs/models/fm_comparator_shcl_transformer_only_pair.json,1106,gpu,pending
fm_comparator_shcl_transformer_only_pair__msl__seed1107,msl,configs/models/fm_comparator_shcl_transformer_only_pair.json,1107,gpu,pending
fm_comparator_shcl_transformer_only_point__msl__seed1103,msl,configs/models/fm_comparator_shcl_transformer_only_point.json,1103,gpu,pending
fm_comparator_shcl_transformer_only_point__msl__seed1104,msl,configs/models/fm_comparator_shcl_transformer_only_point.json,1104,gpu,pending
fm_comparator_shcl_transformer_only_point__msl__seed1105,msl,configs/models/fm_comparator_shcl_transformer_only_point.json,1105,gpu,pending
fm_comparator_shcl_transformer_only_point__msl__seed1106,msl,configs/models/fm_comparator_shcl_transformer_only_point.json,1106,gpu,pending
fm_comparator_shcl_transformer_only_point__msl__seed1107,msl,configs/models/fm_comparator_shcl_transformer_only_point.json,1107,gpu,pending
fm_comparator_shcl_transformer_random_mask__msl__seed1103,msl,configs/models/fm_comparator_shcl_transformer_random_mask.json,1103,gpu,pending
fm_comparator_shcl_transformer_random_mask__msl__seed1104,msl,configs/models/fm_comparator_shcl_transformer_random_mask.json,1104,gpu,pending
fm_comparator_shcl_transformer_random_mask__msl__seed1105,msl,configs/models/fm_comparator_shcl_transformer_random_mask.json,1105,gpu,pending
fm_comparator_shcl_transformer_random_mask__msl__seed1106,msl,configs/models/fm_comparator_shcl_transformer_random_mask.json,1106,gpu,pending
fm_comparator_shcl_transformer_random_mask__msl__seed1107,msl,configs/models/fm_comparator_shcl_transformer_random_mask.json,1107,gpu,pending
fm_comparator_shcl_transformer_reconstruction__msl__seed1103,msl,configs/models/fm_comparator_shcl_transformer_reconstruction.json,1103,gpu,pending
fm_comparator_shcl_transformer_reconstruction__msl__seed1104,msl,configs/models/fm_comparator_shcl_transformer_reconstruction.json,1104,gpu,pending
fm_comparator_shcl_transformer_reconstruction__msl__seed1105,msl,configs/models/fm_comparator_shcl_transformer_reconstruction.json,1105,gpu,pending
fm_comparator_shcl_transformer_reconstruction__msl__seed1106,msl,configs/models/fm_comparator_shcl_transformer_reconstruction.json,1106,gpu,pending
fm_comparator_shcl_transformer_reconstruction__msl__seed1107,msl,configs/models/fm_comparator_shcl_transformer_reconstruction.json,1107,gpu,pending
fm_native_dfm_exact__msl__seed1103,msl,configs/models/fm_native_dfm_exact.json,1103,gpu,pending
fm_native_dfm_exact__msl__seed1104,msl,configs/models/fm_native_dfm_exact.json,1104,gpu,pending
fm_native_dfm_exact__msl__seed1105,msl,configs/models/fm_native_dfm_exact.json,1105,gpu,pending
fm_native_dfm_exact__msl__seed1106,msl,configs/models/fm_native_dfm_exact.json,1106,gpu,pending
fm_native_dfm_exact__msl__seed1107,msl,configs/models/fm_native_dfm_exact.json,1107,gpu,pending
fm_native_dfm_hutchinson__msl__seed1103,msl,configs/models/fm_native_dfm_hutchinson.json,1103,gpu,pending
fm_native_dfm_hutchinson__msl__seed1104,msl,configs/models/fm_native_dfm_hutchinson.json,1104,gpu,pending
fm_native_dfm_hutchinson__msl__seed1105,msl,configs/models/fm_native_dfm_hutchinson.json,1105,gpu,pending
fm_native_dfm_hutchinson__msl__seed1106,msl,configs/models/fm_native_dfm_hutchinson.json,1106,gpu,pending
fm_native_dfm_hutchinson__msl__seed1107,msl,configs/models/fm_native_dfm_hutchinson.json,1107,gpu,pending
fm_native_grasp_er__msl__seed1103,msl,configs/models/fm_native_grasp_er.json,1103,gpu,pending
fm_native_grasp_er__msl__seed1104,msl,configs/models/fm_native_grasp_er.json,1104,gpu,pending
fm_native_grasp_er__msl__seed1105,msl,configs/models/fm_native_grasp_er.json,1105,gpu,pending
fm_native_grasp_er__msl__seed1106,msl,configs/models/fm_native_grasp_er.json,1106,gpu,pending
fm_native_grasp_er__msl__seed1107,msl,configs/models/fm_native_grasp_er.json,1107,gpu,pending
fm_native_grasp_grasp__msl__seed1103,msl,configs/models/fm_native_grasp_grasp.json,1103,gpu,pending
fm_native_grasp_grasp__msl__seed1104,msl,configs/models/fm_native_grasp_grasp.json,1104,gpu,pending
fm_native_grasp_grasp__msl__seed1105,msl,configs/models/fm_native_grasp_grasp.json,1105,gpu,pending
fm_native_grasp_grasp__msl__seed1106,msl,configs/models/fm_native_grasp_grasp.json,1106,gpu,pending
fm_native_grasp_grasp__msl__seed1107,msl,configs/models/fm_native_grasp_grasp.json,1107,gpu,pending
fm_native_grasp_lin__msl__seed1103,msl,configs/models/fm_native_grasp_lin.json,1103,gpu,pending
fm_native_grasp_lin__msl__seed1104,msl,configs/models/fm_native_grasp_lin.json,1104,gpu,pending
fm_native_grasp_lin__msl__seed1105,msl,configs/models/fm_native_grasp_lin.json,1105,gpu,pending
fm_native_grasp_lin__msl__seed1106,msl,configs/models/fm_native_grasp_lin.json,1106,gpu,pending
fm_native_grasp_lin__msl__seed1107,msl,configs/models/fm_native_grasp_lin.json,1107,gpu,pending
fm_native_grasp_mean__msl__seed1103,msl,configs/models/fm_native_grasp_mean.json,1103,gpu,pending
fm_native_grasp_mean__msl__seed1104,msl,configs/models/fm_native_grasp_mean.json,1104,gpu,pending
fm_native_grasp_mean__msl__seed1105,msl,configs/models/fm_native_grasp_mean.json,1105,gpu,pending
fm_native_grasp_mean__msl__seed1106,msl,configs/models/fm_native_grasp_mean.json,1106,gpu,pending
fm_native_grasp_mean__msl__seed1107,msl,configs/models/fm_native_grasp_mean.json,1107,gpu,pending
fm_comparator_dt_la__smd__seed1103,smd,configs/models/fm_comparator_dt_la.json,1103,gpu,pending
fm_comparator_dt_la__smd__seed1104,smd,configs/models/fm_comparator_dt_la.json,1104,gpu,pending
fm_comparator_dt_la__smd__seed1105,smd,configs/models/fm_comparator_dt_la.json,1105,gpu,pending
fm_comparator_dt_la__smd__seed1106,smd,configs/models/fm_comparator_dt_la.json,1106,gpu,pending
fm_comparator_dt_la__smd__seed1107,smd,configs/models/fm_comparator_dt_la.json,1107,gpu,pending
fm_comparator_dt_la_l2_no_sparse__smd__seed1103,smd,configs/models/fm_comparator_dt_la_l2_no_sparse.json,1103,gpu,pending
fm_comparator_dt_la_l2_no_sparse__smd__seed1104,smd,configs/models/fm_comparator_dt_la_l2_no_sparse.json,1104,gpu,pending
fm_comparator_dt_la_l2_no_sparse__smd__seed1105,smd,configs/models/fm_comparator_dt_la_l2_no_sparse.json,1105,gpu,pending
fm_comparator_dt_la_l2_no_sparse__smd__seed1106,smd,configs/models/fm_comparator_dt_la_l2_no_sparse.json,1106,gpu,pending
fm_comparator_dt_la_l2_no_sparse__smd__seed1107,smd,configs/models/fm_comparator_dt_la_l2_no_sparse.json,1107,gpu,pending
fm_comparator_dt_la_l2_sparse__smd__seed1103,smd,configs/models/fm_comparator_dt_la_l2_sparse.json,1103,gpu,pending
fm_comparator_dt_la_l2_sparse__smd__seed1104,smd,configs/models/fm_comparator_dt_la_l2_sparse.json,1104,gpu,pending
fm_comparator_dt_la_l2_sparse__smd__seed1105,smd,configs/models/fm_comparator_dt_la_l2_sparse.json,1105,gpu,pending
fm_comparator_dt_la_l2_sparse__smd__seed1106,smd,configs/models/fm_comparator_dt_la_l2_sparse.json,1106,gpu,pending
fm_comparator_dt_la_l2_sparse__smd__seed1107,smd,configs/models/fm_comparator_dt_la_l2_sparse.json,1107,gpu,pending
fm_comparator_dt_la_lambda_0p1__smd__seed1103,smd,configs/models/fm_comparator_dt_la_lambda_0p1.json,1103,gpu,pending
fm_comparator_dt_la_lambda_0p1__smd__seed1104,smd,configs/models/fm_comparator_dt_la_lambda_0p1.json,1104,gpu,pending
fm_comparator_dt_la_lambda_0p1__smd__seed1105,smd,configs/models/fm_comparator_dt_la_lambda_0p1.json,1105,gpu,pending
fm_comparator_dt_la_lambda_0p1__smd__seed1106,smd,configs/models/fm_comparator_dt_la_lambda_0p1.json,1106,gpu,pending
fm_comparator_dt_la_lambda_0p1__smd__seed1107,smd,configs/models/fm_comparator_dt_la_lambda_0p1.json,1107,gpu,pending
fm_comparator_dt_la_lambda_0p3__smd__seed1103,smd,configs/models/fm_comparator_dt_la_lambda_0p3.json,1103,gpu,pending
fm_comparator_dt_la_lambda_0p3__smd__seed1104,smd,configs/models/fm_comparator_dt_la_lambda_0p3.json,1104,gpu,pending
fm_comparator_dt_la_lambda_0p3__smd__seed1105,smd,configs/models/fm_comparator_dt_la_lambda_0p3.json,1105,gpu,pending
fm_comparator_dt_la_lambda_0p3__smd__seed1106,smd,configs/models/fm_comparator_dt_la_lambda_0p3.json,1106,gpu,pending
fm_comparator_dt_la_lambda_0p3__smd__seed1107,smd,configs/models/fm_comparator_dt_la_lambda_0p3.json,1107,gpu,pending
fm_comparator_dt_la_lambda_0p7__smd__seed1103,smd,configs/models/fm_comparator_dt_la_lambda_0p7.json,1103,gpu,pending
fm_comparator_dt_la_lambda_0p7__smd__seed1104,smd,configs/models/fm_comparator_dt_la_lambda_0p7.json,1104,gpu,pending
fm_comparator_dt_la_lambda_0p7__smd__seed1105,smd,configs/models/fm_comparator_dt_la_lambda_0p7.json,1105,gpu,pending
fm_comparator_dt_la_lambda_0p7__smd__seed1106,smd,configs/models/fm_comparator_dt_la_lambda_0p7.json,1106,gpu,pending
fm_comparator_dt_la_lambda_0p7__smd__seed1107,smd,configs/models/fm_comparator_dt_la_lambda_0p7.json,1107,gpu,pending
fm_comparator_dt_la_lambda_1p0__smd__seed1103,smd,configs/models/fm_comparator_dt_la_lambda_1p0.json,1103,gpu,pending
fm_comparator_dt_la_lambda_1p0__smd__seed1104,smd,configs/models/fm_comparator_dt_la_lambda_1p0.json,1104,gpu,pending
fm_comparator_dt_la_lambda_1p0__smd__seed1105,smd,configs/models/fm_comparator_dt_la_lambda_1p0.json,1105,gpu,pending
fm_comparator_dt_la_lambda_1p0__smd__seed1106,smd,configs/models/fm_comparator_dt_la_lambda_1p0.json,1106,gpu,pending
fm_comparator_dt_la_lambda_1p0__smd__seed1107,smd,configs/models/fm_comparator_dt_la_lambda_1p0.json,1107,gpu,pending
fm_comparator_dt_la_mrh_no_sparse__smd__seed1103,smd,configs/models/fm_comparator_dt_la_mrh_no_sparse.json,1103,gpu,pending
fm_comparator_dt_la_mrh_no_sparse__smd__seed1104,smd,configs/models/fm_comparator_dt_la_mrh_no_sparse.json,1104,gpu,pending
fm_comparator_dt_la_mrh_no_sparse__smd__seed1105,smd,configs/models/fm_comparator_dt_la_mrh_no_sparse.json,1105,gpu,pending
fm_comparator_dt_la_mrh_no_sparse__smd__seed1106,smd,configs/models/fm_comparator_dt_la_mrh_no_sparse.json,1106,gpu,pending
fm_comparator_dt_la_mrh_no_sparse__smd__seed1107,smd,configs/models/fm_comparator_dt_la_mrh_no_sparse.json,1107,gpu,pending
fm_comparator_dt_la_score_input__smd__seed1103,smd,configs/models/fm_comparator_dt_la_score_input.json,1103,gpu,pending
fm_comparator_dt_la_score_input__smd__seed1104,smd,configs/models/fm_comparator_dt_la_score_input.json,1104,gpu,pending
fm_comparator_dt_la_score_input__smd__seed1105,smd,configs/models/fm_comparator_dt_la_score_input.json,1105,gpu,pending
fm_comparator_dt_la_score_input__smd__seed1106,smd,configs/models/fm_comparator_dt_la_score_input.json,1106,gpu,pending
fm_comparator_dt_la_score_input__smd__seed1107,smd,configs/models/fm_comparator_dt_la_score_input.json,1107,gpu,pending
fm_comparator_dt_la_score_latent__smd__seed1103,smd,configs/models/fm_comparator_dt_la_score_latent.json,1103,gpu,pending
fm_comparator_dt_la_score_latent__smd__seed1104,smd,configs/models/fm_comparator_dt_la_score_latent.json,1104,gpu,pending
fm_comparator_dt_la_score_latent__smd__seed1105,smd,configs/models/fm_comparator_dt_la_score_latent.json,1105,gpu,pending
fm_comparator_dt_la_score_latent__smd__seed1106,smd,configs/models/fm_comparator_dt_la_score_latent.json,1106,gpu,pending
fm_comparator_dt_la_score_latent__smd__seed1107,smd,configs/models/fm_comparator_dt_la_score_latent.json,1107,gpu,pending
fm_comparator_dt_la_score_softmax__smd__seed1103,smd,configs/models/fm_comparator_dt_la_score_softmax.json,1103,gpu,pending
fm_comparator_dt_la_score_softmax__smd__seed1104,smd,configs/models/fm_comparator_dt_la_score_softmax.json,1104,gpu,pending
fm_comparator_dt_la_score_softmax__smd__seed1105,smd,configs/models/fm_comparator_dt_la_score_softmax.json,1105,gpu,pending
fm_comparator_dt_la_score_softmax__smd__seed1106,smd,configs/models/fm_comparator_dt_la_score_softmax.json,1106,gpu,pending
fm_comparator_dt_la_score_softmax__smd__seed1107,smd,configs/models/fm_comparator_dt_la_score_softmax.json,1107,gpu,pending
fm_comparator_kgl__smd__seed1103,smd,configs/models/fm_comparator_kgl.json,1103,gpu,pending
fm_comparator_kgl__smd__seed1104,smd,configs/models/fm_comparator_kgl.json,1104,gpu,pending
fm_comparator_kgl__smd__seed1105,smd,configs/models/fm_comparator_kgl.json,1105,gpu,pending
fm_comparator_kgl__smd__seed1106,smd,configs/models/fm_comparator_kgl.json,1106,gpu,pending
fm_comparator_kgl__smd__seed1107,smd,configs/models/fm_comparator_kgl.json,1107,gpu,pending
fm_comparator_kgl_without_gat__smd__seed1103,smd,configs/models/fm_comparator_kgl_without_gat.json,1103,gpu,pending
fm_comparator_kgl_without_gat__smd__seed1104,smd,configs/models/fm_comparator_kgl_without_gat.json,1104,gpu,pending
fm_comparator_kgl_without_gat__smd__seed1105,smd,configs/models/fm_comparator_kgl_without_gat.json,1105,gpu,pending
fm_comparator_kgl_without_gat__smd__seed1106,smd,configs/models/fm_comparator_kgl_without_gat.json,1106,gpu,pending
fm_comparator_kgl_without_gat__smd__seed1107,smd,configs/models/fm_comparator_kgl_without_gat.json,1107,gpu,pending
fm_comparator_kgl_without_kan__smd__seed1103,smd,configs/models/fm_comparator_kgl_without_kan.json,1103,gpu,pending
fm_comparator_kgl_without_kan__smd__seed1104,smd,configs/models/fm_comparator_kgl_without_kan.json,1104,gpu,pending
fm_comparator_kgl_without_kan__smd__seed1105,smd,configs/models/fm_comparator_kgl_without_kan.json,1105,gpu,pending
fm_comparator_kgl_without_kan__smd__seed1106,smd,configs/models/fm_comparator_kgl_without_kan.json,1106,gpu,pending
fm_comparator_kgl_without_kan__smd__seed1107,smd,configs/models/fm_comparator_kgl_without_kan.json,1107,gpu,pending
fm_comparator_kgl_without_lstm__smd__seed1103,smd,configs/models/fm_comparator_kgl_without_lstm.json,1103,gpu,pending
fm_comparator_kgl_without_lstm__smd__seed1104,smd,configs/models/fm_comparator_kgl_without_lstm.json,1104,gpu,pending
fm_comparator_kgl_without_lstm__smd__seed1105,smd,configs/models/fm_comparator_kgl_without_lstm.json,1105,gpu,pending
fm_comparator_kgl_without_lstm__smd__seed1106,smd,configs/models/fm_comparator_kgl_without_lstm.json,1106,gpu,pending
fm_comparator_kgl_without_lstm__smd__seed1107,smd,configs/models/fm_comparator_kgl_without_lstm.json,1107,gpu,pending
fm_comparator_shcl_transformer__smd__seed1103,smd,configs/models/fm_comparator_shcl_transformer.json,1103,gpu,pending
fm_comparator_shcl_transformer__smd__seed1104,smd,configs/models/fm_comparator_shcl_transformer.json,1104,gpu,pending
fm_comparator_shcl_transformer__smd__seed1105,smd,configs/models/fm_comparator_shcl_transformer.json,1105,gpu,pending
fm_comparator_shcl_transformer__smd__seed1106,smd,configs/models/fm_comparator_shcl_transformer.json,1106,gpu,pending
fm_comparator_shcl_transformer__smd__seed1107,smd,configs/models/fm_comparator_shcl_transformer.json,1107,gpu,pending
fm_comparator_shcl_transformer_backbone_cnn__smd__seed1103,smd,configs/models/fm_comparator_shcl_transformer_backbone_cnn.json,1103,gpu,pending
fm_comparator_shcl_transformer_backbone_cnn__smd__seed1104,smd,configs/models/fm_comparator_shcl_transformer_backbone_cnn.json,1104,gpu,pending
fm_comparator_shcl_transformer_backbone_cnn__smd__seed1105,smd,configs/models/fm_comparator_shcl_transformer_backbone_cnn.json,1105,gpu,pending
fm_comparator_shcl_transformer_backbone_cnn__smd__seed1106,smd,configs/models/fm_comparator_shcl_transformer_backbone_cnn.json,1106,gpu,pending
fm_comparator_shcl_transformer_backbone_cnn__smd__seed1107,smd,configs/models/fm_comparator_shcl_transformer_backbone_cnn.json,1107,gpu,pending
fm_comparator_shcl_transformer_backbone_lstm__smd__seed1103,smd,configs/models/fm_comparator_shcl_transformer_backbone_lstm.json,1103,gpu,pending
fm_comparator_shcl_transformer_backbone_lstm__smd__seed1104,smd,configs/models/fm_comparator_shcl_transformer_backbone_lstm.json,1104,gpu,pending
fm_comparator_shcl_transformer_backbone_lstm__smd__seed1105,smd,configs/models/fm_comparator_shcl_transformer_backbone_lstm.json,1105,gpu,pending
fm_comparator_shcl_transformer_backbone_lstm__smd__seed1106,smd,configs/models/fm_comparator_shcl_transformer_backbone_lstm.json,1106,gpu,pending
fm_comparator_shcl_transformer_backbone_lstm__smd__seed1107,smd,configs/models/fm_comparator_shcl_transformer_backbone_lstm.json,1107,gpu,pending
fm_comparator_shcl_transformer_backbone_rnn__smd__seed1103,smd,configs/models/fm_comparator_shcl_transformer_backbone_rnn.json,1103,gpu,pending
fm_comparator_shcl_transformer_backbone_rnn__smd__seed1104,smd,configs/models/fm_comparator_shcl_transformer_backbone_rnn.json,1104,gpu,pending
fm_comparator_shcl_transformer_backbone_rnn__smd__seed1105,smd,configs/models/fm_comparator_shcl_transformer_backbone_rnn.json,1105,gpu,pending
fm_comparator_shcl_transformer_backbone_rnn__smd__seed1106,smd,configs/models/fm_comparator_shcl_transformer_backbone_rnn.json,1106,gpu,pending
fm_comparator_shcl_transformer_backbone_rnn__smd__seed1107,smd,configs/models/fm_comparator_shcl_transformer_backbone_rnn.json,1107,gpu,pending
fm_comparator_shcl_transformer_backbone_vae__smd__seed1103,smd,configs/models/fm_comparator_shcl_transformer_backbone_vae.json,1103,gpu,pending
fm_comparator_shcl_transformer_backbone_vae__smd__seed1104,smd,configs/models/fm_comparator_shcl_transformer_backbone_vae.json,1104,gpu,pending
fm_comparator_shcl_transformer_backbone_vae__smd__seed1105,smd,configs/models/fm_comparator_shcl_transformer_backbone_vae.json,1105,gpu,pending
fm_comparator_shcl_transformer_backbone_vae__smd__seed1106,smd,configs/models/fm_comparator_shcl_transformer_backbone_vae.json,1106,gpu,pending
fm_comparator_shcl_transformer_backbone_vae__smd__seed1107,smd,configs/models/fm_comparator_shcl_transformer_backbone_vae.json,1107,gpu,pending
fm_comparator_shcl_transformer_backbone_vae_only_pair__smd__seed1103,smd,configs/models/fm_comparator_shcl_transformer_backbone_vae_only_pair.json,1103,gpu,pending
fm_comparator_shcl_transformer_backbone_vae_only_pair__smd__seed1104,smd,configs/models/fm_comparator_shcl_transformer_backbone_vae_only_pair.json,1104,gpu,pending
fm_comparator_shcl_transformer_backbone_vae_only_pair__smd__seed1105,smd,configs/models/fm_comparator_shcl_transformer_backbone_vae_only_pair.json,1105,gpu,pending
fm_comparator_shcl_transformer_backbone_vae_only_pair__smd__seed1106,smd,configs/models/fm_comparator_shcl_transformer_backbone_vae_only_pair.json,1106,gpu,pending
fm_comparator_shcl_transformer_backbone_vae_only_pair__smd__seed1107,smd,configs/models/fm_comparator_shcl_transformer_backbone_vae_only_pair.json,1107,gpu,pending
fm_comparator_shcl_transformer_backbone_vae_only_point__smd__seed1103,smd,configs/models/fm_comparator_shcl_transformer_backbone_vae_only_point.json,1103,gpu,pending
fm_comparator_shcl_transformer_backbone_vae_only_point__smd__seed1104,smd,configs/models/fm_comparator_shcl_transformer_backbone_vae_only_point.json,1104,gpu,pending
fm_comparator_shcl_transformer_backbone_vae_only_point__smd__seed1105,smd,configs/models/fm_comparator_shcl_transformer_backbone_vae_only_point.json,1105,gpu,pending
fm_comparator_shcl_transformer_backbone_vae_only_point__smd__seed1106,smd,configs/models/fm_comparator_shcl_transformer_backbone_vae_only_point.json,1106,gpu,pending
fm_comparator_shcl_transformer_backbone_vae_only_point__smd__seed1107,smd,configs/models/fm_comparator_shcl_transformer_backbone_vae_only_point.json,1107,gpu,pending
fm_comparator_shcl_transformer_backbone_vae_random_mask__smd__seed1103,smd,configs/models/fm_comparator_shcl_transformer_backbone_vae_random_mask.json,1103,gpu,pending
fm_comparator_shcl_transformer_backbone_vae_random_mask__smd__seed1104,smd,configs/models/fm_comparator_shcl_transformer_backbone_vae_random_mask.json,1104,gpu,pending
fm_comparator_shcl_transformer_backbone_vae_random_mask__smd__seed1105,smd,configs/models/fm_comparator_shcl_transformer_backbone_vae_random_mask.json,1105,gpu,pending
fm_comparator_shcl_transformer_backbone_vae_random_mask__smd__seed1106,smd,configs/models/fm_comparator_shcl_transformer_backbone_vae_random_mask.json,1106,gpu,pending
fm_comparator_shcl_transformer_backbone_vae_random_mask__smd__seed1107,smd,configs/models/fm_comparator_shcl_transformer_backbone_vae_random_mask.json,1107,gpu,pending
fm_comparator_shcl_transformer_backbone_vae_reconstruction__smd__seed1103,smd,configs/models/fm_comparator_shcl_transformer_backbone_vae_reconstruction.json,1103,gpu,pending
fm_comparator_shcl_transformer_backbone_vae_reconstruction__smd__seed1104,smd,configs/models/fm_comparator_shcl_transformer_backbone_vae_reconstruction.json,1104,gpu,pending
fm_comparator_shcl_transformer_backbone_vae_reconstruction__smd__seed1105,smd,configs/models/fm_comparator_shcl_transformer_backbone_vae_reconstruction.json,1105,gpu,pending
fm_comparator_shcl_transformer_backbone_vae_reconstruction__smd__seed1106,smd,configs/models/fm_comparator_shcl_transformer_backbone_vae_reconstruction.json,1106,gpu,pending
fm_comparator_shcl_transformer_backbone_vae_reconstruction__smd__seed1107,smd,configs/models/fm_comparator_shcl_transformer_backbone_vae_reconstruction.json,1107,gpu,pending
fm_comparator_shcl_transformer_only_pair__smd__seed1103,smd,configs/models/fm_comparator_shcl_transformer_only_pair.json,1103,gpu,pending
fm_comparator_shcl_transformer_only_pair__smd__seed1104,smd,configs/models/fm_comparator_shcl_transformer_only_pair.json,1104,gpu,pending
fm_comparator_shcl_transformer_only_pair__smd__seed1105,smd,configs/models/fm_comparator_shcl_transformer_only_pair.json,1105,gpu,pending
fm_comparator_shcl_transformer_only_pair__smd__seed1106,smd,configs/models/fm_comparator_shcl_transformer_only_pair.json,1106,gpu,pending
fm_comparator_shcl_transformer_only_pair__smd__seed1107,smd,configs/models/fm_comparator_shcl_transformer_only_pair.json,1107,gpu,pending
fm_comparator_shcl_transformer_only_point__smd__seed1103,smd,configs/models/fm_comparator_shcl_transformer_only_point.json,1103,gpu,pending
fm_comparator_shcl_transformer_only_point__smd__seed1104,smd,configs/models/fm_comparator_shcl_transformer_only_point.json,1104,gpu,pending
fm_comparator_shcl_transformer_only_point__smd__seed1105,smd,configs/models/fm_comparator_shcl_transformer_only_point.json,1105,gpu,pending
fm_comparator_shcl_transformer_only_point__smd__seed1106,smd,configs/models/fm_comparator_shcl_transformer_only_point.json,1106,gpu,pending
fm_comparator_shcl_transformer_only_point__smd__seed1107,smd,configs/models/fm_comparator_shcl_transformer_only_point.json,1107,gpu,pending
fm_comparator_shcl_transformer_random_mask__smd__seed1103,smd,configs/models/fm_comparator_shcl_transformer_random_mask.json,1103,gpu,pending
fm_comparator_shcl_transformer_random_mask__smd__seed1104,smd,configs/models/fm_comparator_shcl_transformer_random_mask.json,1104,gpu,pending
fm_comparator_shcl_transformer_random_mask__smd__seed1105,smd,configs/models/fm_comparator_shcl_transformer_random_mask.json,1105,gpu,pending
fm_comparator_shcl_transformer_random_mask__smd__seed1106,smd,configs/models/fm_comparator_shcl_transformer_random_mask.json,1106,gpu,pending
fm_comparator_shcl_transformer_random_mask__smd__seed1107,smd,configs/models/fm_comparator_shcl_transformer_random_mask.json,1107,gpu,pending
fm_comparator_shcl_transformer_reconstruction__smd__seed1103,smd,configs/models/fm_comparator_shcl_transformer_reconstruction.json,1103,gpu,pending
fm_comparator_shcl_transformer_reconstruction__smd__seed1104,smd,configs/models/fm_comparator_shcl_transformer_reconstruction.json,1104,gpu,pending
fm_comparator_shcl_transformer_reconstruction__smd__seed1105,smd,configs/models/fm_comparator_shcl_transformer_reconstruction.json,1105,gpu,pending
fm_comparator_shcl_transformer_reconstruction__smd__seed1106,smd,configs/models/fm_comparator_shcl_transformer_reconstruction.json,1106,gpu,pending
fm_comparator_shcl_transformer_reconstruction__smd__seed1107,smd,configs/models/fm_comparator_shcl_transformer_reconstruction.json,1107,gpu,pending
fm_native_dfm_exact__smd__seed1103,smd,configs/models/fm_native_dfm_exact.json,1103,gpu,pending
fm_native_dfm_exact__smd__seed1104,smd,configs/models/fm_native_dfm_exact.json,1104,gpu,pending
fm_native_dfm_exact__smd__seed1105,smd,configs/models/fm_native_dfm_exact.json,1105,gpu,pending
fm_native_dfm_exact__smd__seed1106,smd,configs/models/fm_native_dfm_exact.json,1106,gpu,pending
fm_native_dfm_exact__smd__seed1107,smd,configs/models/fm_native_dfm_exact.json,1107,gpu,pending
fm_native_dfm_hutchinson__smd__seed1103,smd,configs/models/fm_native_dfm_hutchinson.json,1103,gpu,pending
fm_native_dfm_hutchinson__smd__seed1104,smd,configs/models/fm_native_dfm_hutchinson.json,1104,gpu,pending
fm_native_dfm_hutchinson__smd__seed1105,smd,configs/models/fm_native_dfm_hutchinson.json,1105,gpu,pending
fm_native_dfm_hutchinson__smd__seed1106,smd,configs/models/fm_native_dfm_hutchinson.json,1106,gpu,pending
fm_native_dfm_hutchinson__smd__seed1107,smd,configs/models/fm_native_dfm_hutchinson.json,1107,gpu,pending
fm_native_grasp_er__smd__seed1103,smd,configs/models/fm_native_grasp_er.json,1103,gpu,pending
fm_native_grasp_er__smd__seed1104,smd,configs/models/fm_native_grasp_er.json,1104,gpu,pending
fm_native_grasp_er__smd__seed1105,smd,configs/models/fm_native_grasp_er.json,1105,gpu,pending
fm_native_grasp_er__smd__seed1106,smd,configs/models/fm_native_grasp_er.json,1106,gpu,pending
fm_native_grasp_er__smd__seed1107,smd,configs/models/fm_native_grasp_er.json,1107,gpu,pending
fm_native_grasp_grasp__smd__seed1103,smd,configs/models/fm_native_grasp_grasp.json,1103,gpu,pending
fm_native_grasp_grasp__smd__seed1104,smd,configs/models/fm_native_grasp_grasp.json,1104,gpu,pending
fm_native_grasp_grasp__smd__seed1105,smd,configs/models/fm_native_grasp_grasp.json,1105,gpu,pending
fm_native_grasp_grasp__smd__seed1106,smd,configs/models/fm_native_grasp_grasp.json,1106,gpu,pending
fm_native_grasp_grasp__smd__seed1107,smd,configs/models/fm_native_grasp_grasp.json,1107,gpu,pending
fm_native_grasp_lin__smd__seed1103,smd,configs/models/fm_native_grasp_lin.json,1103,gpu,pending
fm_native_grasp_lin__smd__seed1104,smd,configs/models/fm_native_grasp_lin.json,1104,gpu,pending
fm_native_grasp_lin__smd__seed1105,smd,configs/models/fm_native_grasp_lin.json,1105,gpu,pending
fm_native_grasp_lin__smd__seed1106,smd,configs/models/fm_native_grasp_lin.json,1106,gpu,pending
fm_native_grasp_lin__smd__seed1107,smd,configs/models/fm_native_grasp_lin.json,1107,gpu,pending
fm_native_grasp_mean__smd__seed1103,smd,configs/models/fm_native_grasp_mean.json,1103,gpu,pending
fm_native_grasp_mean__smd__seed1104,smd,configs/models/fm_native_grasp_mean.json,1104,gpu,pending
fm_native_grasp_mean__smd__seed1105,smd,configs/models/fm_native_grasp_mean.json,1105,gpu,pending
fm_native_grasp_mean__smd__seed1106,smd,configs/models/fm_native_grasp_mean.json,1106,gpu,pending
fm_native_grasp_mean__smd__seed1107,smd,configs/models/fm_native_grasp_mean.json,1107,gpu,pending
fm_comparator_dt_la__swat__seed1103,swat,configs/models/fm_comparator_dt_la.json,1103,gpu,pending
fm_comparator_dt_la__swat__seed1104,swat,configs/models/fm_comparator_dt_la.json,1104,gpu,pending
fm_comparator_dt_la__swat__seed1105,swat,configs/models/fm_comparator_dt_la.json,1105,gpu,pending
fm_comparator_dt_la__swat__seed1106,swat,configs/models/fm_comparator_dt_la.json,1106,gpu,pending
fm_comparator_dt_la__swat__seed1107,swat,configs/models/fm_comparator_dt_la.json,1107,gpu,pending
fm_comparator_dt_la_l2_no_sparse__swat__seed1103,swat,configs/models/fm_comparator_dt_la_l2_no_sparse.json,1103,gpu,pending
fm_comparator_dt_la_l2_no_sparse__swat__seed1104,swat,configs/models/fm_comparator_dt_la_l2_no_sparse.json,1104,gpu,pending
fm_comparator_dt_la_l2_no_sparse__swat__seed1105,swat,configs/models/fm_comparator_dt_la_l2_no_sparse.json,1105,gpu,pending
fm_comparator_dt_la_l2_no_sparse__swat__seed1106,swat,configs/models/fm_comparator_dt_la_l2_no_sparse.json,1106,gpu,pending
fm_comparator_dt_la_l2_no_sparse__swat__seed1107,swat,configs/models/fm_comparator_dt_la_l2_no_sparse.json,1107,gpu,pending
fm_comparator_dt_la_l2_sparse__swat__seed1103,swat,configs/models/fm_comparator_dt_la_l2_sparse.json,1103,gpu,pending
fm_comparator_dt_la_l2_sparse__swat__seed1104,swat,configs/models/fm_comparator_dt_la_l2_sparse.json,1104,gpu,pending
fm_comparator_dt_la_l2_sparse__swat__seed1105,swat,configs/models/fm_comparator_dt_la_l2_sparse.json,1105,gpu,pending
fm_comparator_dt_la_l2_sparse__swat__seed1106,swat,configs/models/fm_comparator_dt_la_l2_sparse.json,1106,gpu,pending
fm_comparator_dt_la_l2_sparse__swat__seed1107,swat,configs/models/fm_comparator_dt_la_l2_sparse.json,1107,gpu,pending
fm_comparator_dt_la_lambda_0p1__swat__seed1103,swat,configs/models/fm_comparator_dt_la_lambda_0p1.json,1103,gpu,pending
fm_comparator_dt_la_lambda_0p1__swat__seed1104,swat,configs/models/fm_comparator_dt_la_lambda_0p1.json,1104,gpu,pending
fm_comparator_dt_la_lambda_0p1__swat__seed1105,swat,configs/models/fm_comparator_dt_la_lambda_0p1.json,1105,gpu,pending
fm_comparator_dt_la_lambda_0p1__swat__seed1106,swat,configs/models/fm_comparator_dt_la_lambda_0p1.json,1106,gpu,pending
fm_comparator_dt_la_lambda_0p1__swat__seed1107,swat,configs/models/fm_comparator_dt_la_lambda_0p1.json,1107,gpu,pending
fm_comparator_dt_la_lambda_0p3__swat__seed1103,swat,configs/models/fm_comparator_dt_la_lambda_0p3.json,1103,gpu,pending
fm_comparator_dt_la_lambda_0p3__swat__seed1104,swat,configs/models/fm_comparator_dt_la_lambda_0p3.json,1104,gpu,pending
fm_comparator_dt_la_lambda_0p3__swat__seed1105,swat,configs/models/fm_comparator_dt_la_lambda_0p3.json,1105,gpu,pending
fm_comparator_dt_la_lambda_0p3__swat__seed1106,swat,configs/models/fm_comparator_dt_la_lambda_0p3.json,1106,gpu,pending
fm_comparator_dt_la_lambda_0p3__swat__seed1107,swat,configs/models/fm_comparator_dt_la_lambda_0p3.json,1107,gpu,pending
fm_comparator_dt_la_lambda_0p7__swat__seed1103,swat,configs/models/fm_comparator_dt_la_lambda_0p7.json,1103,gpu,pending
fm_comparator_dt_la_lambda_0p7__swat__seed1104,swat,configs/models/fm_comparator_dt_la_lambda_0p7.json,1104,gpu,pending
fm_comparator_dt_la_lambda_0p7__swat__seed1105,swat,configs/models/fm_comparator_dt_la_lambda_0p7.json,1105,gpu,pending
fm_comparator_dt_la_lambda_0p7__swat__seed1106,swat,configs/models/fm_comparator_dt_la_lambda_0p7.json,1106,gpu,pending
fm_comparator_dt_la_lambda_0p7__swat__seed1107,swat,configs/models/fm_comparator_dt_la_lambda_0p7.json,1107,gpu,pending
fm_comparator_dt_la_lambda_1p0__swat__seed1103,swat,configs/models/fm_comparator_dt_la_lambda_1p0.json,1103,gpu,pending
fm_comparator_dt_la_lambda_1p0__swat__seed1104,swat,configs/models/fm_comparator_dt_la_lambda_1p0.json,1104,gpu,pending
fm_comparator_dt_la_lambda_1p0__swat__seed1105,swat,configs/models/fm_comparator_dt_la_lambda_1p0.json,1105,gpu,pending
fm_comparator_dt_la_lambda_1p0__swat__seed1106,swat,configs/models/fm_comparator_dt_la_lambda_1p0.json,1106,gpu,pending
fm_comparator_dt_la_lambda_1p0__swat__seed1107,swat,configs/models/fm_comparator_dt_la_lambda_1p0.json,1107,gpu,pending
fm_comparator_dt_la_mrh_no_sparse__swat__seed1103,swat,configs/models/fm_comparator_dt_la_mrh_no_sparse.json,1103,gpu,pending
fm_comparator_dt_la_mrh_no_sparse__swat__seed1104,swat,configs/models/fm_comparator_dt_la_mrh_no_sparse.json,1104,gpu,pending
fm_comparator_dt_la_mrh_no_sparse__swat__seed1105,swat,configs/models/fm_comparator_dt_la_mrh_no_sparse.json,1105,gpu,pending
fm_comparator_dt_la_mrh_no_sparse__swat__seed1106,swat,configs/models/fm_comparator_dt_la_mrh_no_sparse.json,1106,gpu,pending
fm_comparator_dt_la_mrh_no_sparse__swat__seed1107,swat,configs/models/fm_comparator_dt_la_mrh_no_sparse.json,1107,gpu,pending
fm_comparator_dt_la_score_input__swat__seed1103,swat,configs/models/fm_comparator_dt_la_score_input.json,1103,gpu,pending
fm_comparator_dt_la_score_input__swat__seed1104,swat,configs/models/fm_comparator_dt_la_score_input.json,1104,gpu,pending
fm_comparator_dt_la_score_input__swat__seed1105,swat,configs/models/fm_comparator_dt_la_score_input.json,1105,gpu,pending
fm_comparator_dt_la_score_input__swat__seed1106,swat,configs/models/fm_comparator_dt_la_score_input.json,1106,gpu,pending
fm_comparator_dt_la_score_input__swat__seed1107,swat,configs/models/fm_comparator_dt_la_score_input.json,1107,gpu,pending
fm_comparator_dt_la_score_latent__swat__seed1103,swat,configs/models/fm_comparator_dt_la_score_latent.json,1103,gpu,pending
fm_comparator_dt_la_score_latent__swat__seed1104,swat,configs/models/fm_comparator_dt_la_score_latent.json,1104,gpu,pending
fm_comparator_dt_la_score_latent__swat__seed1105,swat,configs/models/fm_comparator_dt_la_score_latent.json,1105,gpu,pending
fm_comparator_dt_la_score_latent__swat__seed1106,swat,configs/models/fm_comparator_dt_la_score_latent.json,1106,gpu,pending
fm_comparator_dt_la_score_latent__swat__seed1107,swat,configs/models/fm_comparator_dt_la_score_latent.json,1107,gpu,pending
fm_comparator_dt_la_score_softmax__swat__seed1103,swat,configs/models/fm_comparator_dt_la_score_softmax.json,1103,gpu,pending
fm_comparator_dt_la_score_softmax__swat__seed1104,swat,configs/models/fm_comparator_dt_la_score_softmax.json,1104,gpu,pending
fm_comparator_dt_la_score_softmax__swat__seed1105,swat,configs/models/fm_comparator_dt_la_score_softmax.json,1105,gpu,pending
fm_comparator_dt_la_score_softmax__swat__seed1106,swat,configs/models/fm_comparator_dt_la_score_softmax.json,1106,gpu,pending
fm_comparator_dt_la_score_softmax__swat__seed1107,swat,configs/models/fm_comparator_dt_la_score_softmax.json,1107,gpu,pending
fm_comparator_kgl__swat__seed1103,swat,configs/models/fm_comparator_kgl.json,1103,gpu,pending
fm_comparator_kgl__swat__seed1104,swat,configs/models/fm_comparator_kgl.json,1104,gpu,pending
fm_comparator_kgl__swat__seed1105,swat,configs/models/fm_comparator_kgl.json,1105,gpu,pending
fm_comparator_kgl__swat__seed1106,swat,configs/models/fm_comparator_kgl.json,1106,gpu,pending
fm_comparator_kgl__swat__seed1107,swat,configs/models/fm_comparator_kgl.json,1107,gpu,pending
fm_comparator_kgl_without_gat__swat__seed1103,swat,configs/models/fm_comparator_kgl_without_gat.json,1103,gpu,pending
fm_comparator_kgl_without_gat__swat__seed1104,swat,configs/models/fm_comparator_kgl_without_gat.json,1104,gpu,pending
fm_comparator_kgl_without_gat__swat__seed1105,swat,configs/models/fm_comparator_kgl_without_gat.json,1105,gpu,pending
fm_comparator_kgl_without_gat__swat__seed1106,swat,configs/models/fm_comparator_kgl_without_gat.json,1106,gpu,pending
fm_comparator_kgl_without_gat__swat__seed1107,swat,configs/models/fm_comparator_kgl_without_gat.json,1107,gpu,pending
fm_comparator_kgl_without_kan__swat__seed1103,swat,configs/models/fm_comparator_kgl_without_kan.json,1103,gpu,pending
fm_comparator_kgl_without_kan__swat__seed1104,swat,configs/models/fm_comparator_kgl_without_kan.json,1104,gpu,pending
fm_comparator_kgl_without_kan__swat__seed1105,swat,configs/models/fm_comparator_kgl_without_kan.json,1105,gpu,pending
fm_comparator_kgl_without_kan__swat__seed1106,swat,configs/models/fm_comparator_kgl_without_kan.json,1106,gpu,pending
fm_comparator_kgl_without_kan__swat__seed1107,swat,configs/models/fm_comparator_kgl_without_kan.json,1107,gpu,pending
fm_comparator_kgl_without_lstm__swat__seed1103,swat,configs/models/fm_comparator_kgl_without_lstm.json,1103,gpu,pending
fm_comparator_kgl_without_lstm__swat__seed1104,swat,configs/models/fm_comparator_kgl_without_lstm.json,1104,gpu,pending
fm_comparator_kgl_without_lstm__swat__seed1105,swat,configs/models/fm_comparator_kgl_without_lstm.json,1105,gpu,pending
fm_comparator_kgl_without_lstm__swat__seed1106,swat,configs/models/fm_comparator_kgl_without_lstm.json,1106,gpu,pending
fm_comparator_kgl_without_lstm__swat__seed1107,swat,configs/models/fm_comparator_kgl_without_lstm.json,1107,gpu,pending
fm_comparator_shcl_transformer__swat__seed1103,swat,configs/models/fm_comparator_shcl_transformer.json,1103,gpu,pending
fm_comparator_shcl_transformer__swat__seed1104,swat,configs/models/fm_comparator_shcl_transformer.json,1104,gpu,pending
fm_comparator_shcl_transformer__swat__seed1105,swat,configs/models/fm_comparator_shcl_transformer.json,1105,gpu,pending
fm_comparator_shcl_transformer__swat__seed1106,swat,configs/models/fm_comparator_shcl_transformer.json,1106,gpu,pending
fm_comparator_shcl_transformer__swat__seed1107,swat,configs/models/fm_comparator_shcl_transformer.json,1107,gpu,pending
fm_comparator_shcl_transformer_backbone_cnn__swat__seed1103,swat,configs/models/fm_comparator_shcl_transformer_backbone_cnn.json,1103,gpu,pending
fm_comparator_shcl_transformer_backbone_cnn__swat__seed1104,swat,configs/models/fm_comparator_shcl_transformer_backbone_cnn.json,1104,gpu,pending
fm_comparator_shcl_transformer_backbone_cnn__swat__seed1105,swat,configs/models/fm_comparator_shcl_transformer_backbone_cnn.json,1105,gpu,pending
fm_comparator_shcl_transformer_backbone_cnn__swat__seed1106,swat,configs/models/fm_comparator_shcl_transformer_backbone_cnn.json,1106,gpu,pending
fm_comparator_shcl_transformer_backbone_cnn__swat__seed1107,swat,configs/models/fm_comparator_shcl_transformer_backbone_cnn.json,1107,gpu,pending
fm_comparator_shcl_transformer_backbone_lstm__swat__seed1103,swat,configs/models/fm_comparator_shcl_transformer_backbone_lstm.json,1103,gpu,pending
fm_comparator_shcl_transformer_backbone_lstm__swat__seed1104,swat,configs/models/fm_comparator_shcl_transformer_backbone_lstm.json,1104,gpu,pending
fm_comparator_shcl_transformer_backbone_lstm__swat__seed1105,swat,configs/models/fm_comparator_shcl_transformer_backbone_lstm.json,1105,gpu,pending
fm_comparator_shcl_transformer_backbone_lstm__swat__seed1106,swat,configs/models/fm_comparator_shcl_transformer_backbone_lstm.json,1106,gpu,pending
fm_comparator_shcl_transformer_backbone_lstm__swat__seed1107,swat,configs/models/fm_comparator_shcl_transformer_backbone_lstm.json,1107,gpu,pending
fm_comparator_shcl_transformer_backbone_rnn__swat__seed1103,swat,configs/models/fm_comparator_shcl_transformer_backbone_rnn.json,1103,gpu,pending
fm_comparator_shcl_transformer_backbone_rnn__swat__seed1104,swat,configs/models/fm_comparator_shcl_transformer_backbone_rnn.json,1104,gpu,pending
fm_comparator_shcl_transformer_backbone_rnn__swat__seed1105,swat,configs/models/fm_comparator_shcl_transformer_backbone_rnn.json,1105,gpu,pending
fm_comparator_shcl_transformer_backbone_rnn__swat__seed1106,swat,configs/models/fm_comparator_shcl_transformer_backbone_rnn.json,1106,gpu,pending
fm_comparator_shcl_transformer_backbone_rnn__swat__seed1107,swat,configs/models/fm_comparator_shcl_transformer_backbone_rnn.json,1107,gpu,pending
fm_comparator_shcl_transformer_backbone_vae__swat__seed1103,swat,configs/models/fm_comparator_shcl_transformer_backbone_vae.json,1103,gpu,pending
fm_comparator_shcl_transformer_backbone_vae__swat__seed1104,swat,configs/models/fm_comparator_shcl_transformer_backbone_vae.json,1104,gpu,pending
fm_comparator_shcl_transformer_backbone_vae__swat__seed1105,swat,configs/models/fm_comparator_shcl_transformer_backbone_vae.json,1105,gpu,pending
fm_comparator_shcl_transformer_backbone_vae__swat__seed1106,swat,configs/models/fm_comparator_shcl_transformer_backbone_vae.json,1106,gpu,pending
fm_comparator_shcl_transformer_backbone_vae__swat__seed1107,swat,configs/models/fm_comparator_shcl_transformer_backbone_vae.json,1107,gpu,pending
fm_comparator_shcl_transformer_backbone_vae_only_pair__swat__seed1103,swat,configs/models/fm_comparator_shcl_transformer_backbone_vae_only_pair.json,1103,gpu,pending
fm_comparator_shcl_transformer_backbone_vae_only_pair__swat__seed1104,swat,configs/models/fm_comparator_shcl_transformer_backbone_vae_only_pair.json,1104,gpu,pending
fm_comparator_shcl_transformer_backbone_vae_only_pair__swat__seed1105,swat,configs/models/fm_comparator_shcl_transformer_backbone_vae_only_pair.json,1105,gpu,pending
fm_comparator_shcl_transformer_backbone_vae_only_pair__swat__seed1106,swat,configs/models/fm_comparator_shcl_transformer_backbone_vae_only_pair.json,1106,gpu,pending
fm_comparator_shcl_transformer_backbone_vae_only_pair__swat__seed1107,swat,configs/models/fm_comparator_shcl_transformer_backbone_vae_only_pair.json,1107,gpu,pending
fm_comparator_shcl_transformer_backbone_vae_only_point__swat__seed1103,swat,configs/models/fm_comparator_shcl_transformer_backbone_vae_only_point.json,1103,gpu,pending
fm_comparator_shcl_transformer_backbone_vae_only_point__swat__seed1104,swat,configs/models/fm_comparator_shcl_transformer_backbone_vae_only_point.json,1104,gpu,pending
fm_comparator_shcl_transformer_backbone_vae_only_point__swat__seed1105,swat,configs/models/fm_comparator_shcl_transformer_backbone_vae_only_point.json,1105,gpu,pending
fm_comparator_shcl_transformer_backbone_vae_only_point__swat__seed1106,swat,configs/models/fm_comparator_shcl_transformer_backbone_vae_only_point.json,1106,gpu,pending
fm_comparator_shcl_transformer_backbone_vae_only_point__swat__seed1107,swat,configs/models/fm_comparator_shcl_transformer_backbone_vae_only_point.json,1107,gpu,pending
fm_comparator_shcl_transformer_backbone_vae_random_mask__swat__seed1103,swat,configs/models/fm_comparator_shcl_transformer_backbone_vae_random_mask.json,1103,gpu,pending
fm_comparator_shcl_transformer_backbone_vae_random_mask__swat__seed1104,swat,configs/models/fm_comparator_shcl_transformer_backbone_vae_random_mask.json,1104,gpu,pending
fm_comparator_shcl_transformer_backbone_vae_random_mask__swat__seed1105,swat,configs/models/fm_comparator_shcl_transformer_backbone_vae_random_mask.json,1105,gpu,pending
fm_comparator_shcl_transformer_backbone_vae_random_mask__swat__seed1106,swat,configs/models/fm_comparator_shcl_transformer_backbone_vae_random_mask.json,1106,gpu,pending
fm_comparator_shcl_transformer_backbone_vae_random_mask__swat__seed1107,swat,configs/models/fm_comparator_shcl_transformer_backbone_vae_random_mask.json,1107,gpu,pending
fm_comparator_shcl_transformer_backbone_vae_reconstruction__swat__seed1103,swat,configs/models/fm_comparator_shcl_transformer_backbone_vae_reconstruction.json,1103,gpu,pending
fm_comparator_shcl_transformer_backbone_vae_reconstruction__swat__seed1104,swat,configs/models/fm_comparator_shcl_transformer_backbone_vae_reconstruction.json,1104,gpu,pending
fm_comparator_shcl_transformer_backbone_vae_reconstruction__swat__seed1105,swat,configs/models/fm_comparator_shcl_transformer_backbone_vae_reconstruction.json,1105,gpu,pending
fm_comparator_shcl_transformer_backbone_vae_reconstruction__swat__seed1106,swat,configs/models/fm_comparator_shcl_transformer_backbone_vae_reconstruction.json,1106,gpu,pending
fm_comparator_shcl_transformer_backbone_vae_reconstruction__swat__seed1107,swat,configs/models/fm_comparator_shcl_transformer_backbone_vae_reconstruction.json,1107,gpu,pending
fm_comparator_shcl_transformer_only_pair__swat__seed1103,swat,configs/models/fm_comparator_shcl_transformer_only_pair.json,1103,gpu,pending
fm_comparator_shcl_transformer_only_pair__swat__seed1104,swat,configs/models/fm_comparator_shcl_transformer_only_pair.json,1104,gpu,pending
fm_comparator_shcl_transformer_only_pair__swat__seed1105,swat,configs/models/fm_comparator_shcl_transformer_only_pair.json,1105,gpu,pending
fm_comparator_shcl_transformer_only_pair__swat__seed1106,swat,configs/models/fm_comparator_shcl_transformer_only_pair.json,1106,gpu,pending
fm_comparator_shcl_transformer_only_pair__swat__seed1107,swat,configs/models/fm_comparator_shcl_transformer_only_pair.json,1107,gpu,pending
fm_comparator_shcl_transformer_only_point__swat__seed1103,swat,configs/models/fm_comparator_shcl_transformer_only_point.json,1103,gpu,pending
fm_comparator_shcl_transformer_only_point__swat__seed1104,swat,configs/models/fm_comparator_shcl_transformer_only_point.json,1104,gpu,pending
fm_comparator_shcl_transformer_only_point__swat__seed1105,swat,configs/models/fm_comparator_shcl_transformer_only_point.json,1105,gpu,pending
fm_comparator_shcl_transformer_only_point__swat__seed1106,swat,configs/models/fm_comparator_shcl_transformer_only_point.json,1106,gpu,pending
fm_comparator_shcl_transformer_only_point__swat__seed1107,swat,configs/models/fm_comparator_shcl_transformer_only_point.json,1107,gpu,pending
fm_comparator_shcl_transformer_random_mask__swat__seed1103,swat,configs/models/fm_comparator_shcl_transformer_random_mask.json,1103,gpu,pending
fm_comparator_shcl_transformer_random_mask__swat__seed1104,swat,configs/models/fm_comparator_shcl_transformer_random_mask.json,1104,gpu,pending
fm_comparator_shcl_transformer_random_mask__swat__seed1105,swat,configs/models/fm_comparator_shcl_transformer_random_mask.json,1105,gpu,pending
fm_comparator_shcl_transformer_random_mask__swat__seed1106,swat,configs/models/fm_comparator_shcl_transformer_random_mask.json,1106,gpu,pending
fm_comparator_shcl_transformer_random_mask__swat__seed1107,swat,configs/models/fm_comparator_shcl_transformer_random_mask.json,1107,gpu,pending
fm_comparator_shcl_transformer_reconstruction__swat__seed1103,swat,configs/models/fm_comparator_shcl_transformer_reconstruction.json,1103,gpu,pending
fm_comparator_shcl_transformer_reconstruction__swat__seed1104,swat,configs/models/fm_comparator_shcl_transformer_reconstruction.json,1104,gpu,pending
fm_comparator_shcl_transformer_reconstruction__swat__seed1105,swat,configs/models/fm_comparator_shcl_transformer_reconstruction.json,1105,gpu,pending
fm_comparator_shcl_transformer_reconstruction__swat__seed1106,swat,configs/models/fm_comparator_shcl_transformer_reconstruction.json,1106,gpu,pending
fm_comparator_shcl_transformer_reconstruction__swat__seed1107,swat,configs/models/fm_comparator_shcl_transformer_reconstruction.json,1107,gpu,pending
fm_native_dfm_exact__swat__seed1103,swat,configs/models/fm_native_dfm_exact.json,1103,gpu,pending
fm_native_dfm_exact__swat__seed1104,swat,configs/models/fm_native_dfm_exact.json,1104,gpu,pending
fm_native_dfm_exact__swat__seed1105,swat,configs/models/fm_native_dfm_exact.json,1105,gpu,pending
fm_native_dfm_exact__swat__seed1106,swat,configs/models/fm_native_dfm_exact.json,1106,gpu,pending
fm_native_dfm_exact__swat__seed1107,swat,configs/models/fm_native_dfm_exact.json,1107,gpu,pending
fm_native_dfm_hutchinson__swat__seed1103,swat,configs/models/fm_native_dfm_hutchinson.json,1103,gpu,pending
fm_native_dfm_hutchinson__swat__seed1104,swat,configs/models/fm_native_dfm_hutchinson.json,1104,gpu,pending
fm_native_dfm_hutchinson__swat__seed1105,swat,configs/models/fm_native_dfm_hutchinson.json,1105,gpu,pending
fm_native_dfm_hutchinson__swat__seed1106,swat,configs/models/fm_native_dfm_hutchinson.json,1106,gpu,pending
fm_native_dfm_hutchinson__swat__seed1107,swat,configs/models/fm_native_dfm_hutchinson.json,1107,gpu,pending
fm_native_grasp_er__swat__seed1103,swat,configs/models/fm_native_grasp_er.json,1103,gpu,pending
fm_native_grasp_er__swat__seed1104,swat,configs/models/fm_native_grasp_er.json,1104,gpu,pending
fm_native_grasp_er__swat__seed1105,swat,configs/models/fm_native_grasp_er.json,1105,gpu,pending
fm_native_grasp_er__swat__seed1106,swat,configs/models/fm_native_grasp_er.json,1106,gpu,pending
fm_native_grasp_er__swat__seed1107,swat,configs/models/fm_native_grasp_er.json,1107,gpu,pending
fm_native_grasp_grasp__swat__seed1103,swat,configs/models/fm_native_grasp_grasp.json,1103,gpu,pending
fm_native_grasp_grasp__swat__seed1104,swat,configs/models/fm_native_grasp_grasp.json,1104,gpu,pending
fm_native_grasp_grasp__swat__seed1105,swat,configs/models/fm_native_grasp_grasp.json,1105,gpu,pending
fm_native_grasp_grasp__swat__seed1106,swat,configs/models/fm_native_grasp_grasp.json,1106,gpu,pending
fm_native_grasp_grasp__swat__seed1107,swat,configs/models/fm_native_grasp_grasp.json,1107,gpu,pending
fm_native_grasp_lin__swat__seed1103,swat,configs/models/fm_native_grasp_lin.json,1103,gpu,pending
fm_native_grasp_lin__swat__seed1104,swat,configs/models/fm_native_grasp_lin.json,1104,gpu,pending
fm_native_grasp_lin__swat__seed1105,swat,configs/models/fm_native_grasp_lin.json,1105,gpu,pending
fm_native_grasp_lin__swat__seed1106,swat,configs/models/fm_native_grasp_lin.json,1106,gpu,pending
fm_native_grasp_lin__swat__seed1107,swat,configs/models/fm_native_grasp_lin.json,1107,gpu,pending
fm_native_grasp_mean__swat__seed1103,swat,configs/models/fm_native_grasp_mean.json,1103,gpu,pending
fm_native_grasp_mean__swat__seed1104,swat,configs/models/fm_native_grasp_mean.json,1104,gpu,pending
fm_native_grasp_mean__swat__seed1105,swat,configs/models/fm_native_grasp_mean.json,1105,gpu,pending
fm_native_grasp_mean__swat__seed1106,swat,configs/models/fm_native_grasp_mean.json,1106,gpu,pending
fm_native_grasp_mean__swat__seed1107,swat,configs/models/fm_native_grasp_mean.json,1107,gpu,pending
fm_comparator_dt_la__swan__seed1103,swan,configs/models/fm_comparator_dt_la.json,1103,gpu,pending
fm_comparator_dt_la__swan__seed1104,swan,configs/models/fm_comparator_dt_la.json,1104,gpu,pending
fm_comparator_dt_la__swan__seed1105,swan,configs/models/fm_comparator_dt_la.json,1105,gpu,pending
fm_comparator_dt_la__swan__seed1106,swan,configs/models/fm_comparator_dt_la.json,1106,gpu,pending
fm_comparator_dt_la__swan__seed1107,swan,configs/models/fm_comparator_dt_la.json,1107,gpu,pending
fm_comparator_dt_la_l2_no_sparse__swan__seed1103,swan,configs/models/fm_comparator_dt_la_l2_no_sparse.json,1103,gpu,pending
fm_comparator_dt_la_l2_no_sparse__swan__seed1104,swan,configs/models/fm_comparator_dt_la_l2_no_sparse.json,1104,gpu,pending
fm_comparator_dt_la_l2_no_sparse__swan__seed1105,swan,configs/models/fm_comparator_dt_la_l2_no_sparse.json,1105,gpu,pending
fm_comparator_dt_la_l2_no_sparse__swan__seed1106,swan,configs/models/fm_comparator_dt_la_l2_no_sparse.json,1106,gpu,pending
fm_comparator_dt_la_l2_no_sparse__swan__seed1107,swan,configs/models/fm_comparator_dt_la_l2_no_sparse.json,1107,gpu,pending
fm_comparator_dt_la_l2_sparse__swan__seed1103,swan,configs/models/fm_comparator_dt_la_l2_sparse.json,1103,gpu,pending
fm_comparator_dt_la_l2_sparse__swan__seed1104,swan,configs/models/fm_comparator_dt_la_l2_sparse.json,1104,gpu,pending
fm_comparator_dt_la_l2_sparse__swan__seed1105,swan,configs/models/fm_comparator_dt_la_l2_sparse.json,1105,gpu,pending
fm_comparator_dt_la_l2_sparse__swan__seed1106,swan,configs/models/fm_comparator_dt_la_l2_sparse.json,1106,gpu,pending
fm_comparator_dt_la_l2_sparse__swan__seed1107,swan,configs/models/fm_comparator_dt_la_l2_sparse.json,1107,gpu,pending
fm_comparator_dt_la_lambda_0p1__swan__seed1103,swan,configs/models/fm_comparator_dt_la_lambda_0p1.json,1103,gpu,pending
fm_comparator_dt_la_lambda_0p1__swan__seed1104,swan,configs/models/fm_comparator_dt_la_lambda_0p1.json,1104,gpu,pending
fm_comparator_dt_la_lambda_0p1__swan__seed1105,swan,configs/models/fm_comparator_dt_la_lambda_0p1.json,1105,gpu,pending
fm_comparator_dt_la_lambda_0p1__swan__seed1106,swan,configs/models/fm_comparator_dt_la_lambda_0p1.json,1106,gpu,pending
fm_comparator_dt_la_lambda_0p1__swan__seed1107,swan,configs/models/fm_comparator_dt_la_lambda_0p1.json,1107,gpu,pending
fm_comparator_dt_la_lambda_0p3__swan__seed1103,swan,configs/models/fm_comparator_dt_la_lambda_0p3.json,1103,gpu,pending
fm_comparator_dt_la_lambda_0p3__swan__seed1104,swan,configs/models/fm_comparator_dt_la_lambda_0p3.json,1104,gpu,pending
fm_comparator_dt_la_lambda_0p3__swan__seed1105,swan,configs/models/fm_comparator_dt_la_lambda_0p3.json,1105,gpu,pending
fm_comparator_dt_la_lambda_0p3__swan__seed1106,swan,configs/models/fm_comparator_dt_la_lambda_0p3.json,1106,gpu,pending
fm_comparator_dt_la_lambda_0p3__swan__seed1107,swan,configs/models/fm_comparator_dt_la_lambda_0p3.json,1107,gpu,pending
fm_comparator_dt_la_lambda_0p7__swan__seed1103,swan,configs/models/fm_comparator_dt_la_lambda_0p7.json,1103,gpu,pending
fm_comparator_dt_la_lambda_0p7__swan__seed1104,swan,configs/models/fm_comparator_dt_la_lambda_0p7.json,1104,gpu,pending
fm_comparator_dt_la_lambda_0p7__swan__seed1105,swan,configs/models/fm_comparator_dt_la_lambda_0p7.json,1105,gpu,pending
fm_comparator_dt_la_lambda_0p7__swan__seed1106,swan,configs/models/fm_comparator_dt_la_lambda_0p7.json,1106,gpu,pending
fm_comparator_dt_la_lambda_0p7__swan__seed1107,swan,configs/models/fm_comparator_dt_la_lambda_0p7.json,1107,gpu,pending
fm_comparator_dt_la_lambda_1p0__swan__seed1103,swan,configs/models/fm_comparator_dt_la_lambda_1p0.json,1103,gpu,pending
fm_comparator_dt_la_lambda_1p0__swan__seed1104,swan,configs/models/fm_comparator_dt_la_lambda_1p0.json,1104,gpu,pending
fm_comparator_dt_la_lambda_1p0__swan__seed1105,swan,configs/models/fm_comparator_dt_la_lambda_1p0.json,1105,gpu,pending
fm_comparator_dt_la_lambda_1p0__swan__seed1106,swan,configs/models/fm_comparator_dt_la_lambda_1p0.json,1106,gpu,pending
fm_comparator_dt_la_lambda_1p0__swan__seed1107,swan,configs/models/fm_comparator_dt_la_lambda_1p0.json,1107,gpu,pending
fm_comparator_dt_la_mrh_no_sparse__swan__seed1103,swan,configs/models/fm_comparator_dt_la_mrh_no_sparse.json,1103,gpu,pending
fm_comparator_dt_la_mrh_no_sparse__swan__seed1104,swan,configs/models/fm_comparator_dt_la_mrh_no_sparse.json,1104,gpu,pending
fm_comparator_dt_la_mrh_no_sparse__swan__seed1105,swan,configs/models/fm_comparator_dt_la_mrh_no_sparse.json,1105,gpu,pending
fm_comparator_dt_la_mrh_no_sparse__swan__seed1106,swan,configs/models/fm_comparator_dt_la_mrh_no_sparse.json,1106,gpu,pending
fm_comparator_dt_la_mrh_no_sparse__swan__seed1107,swan,configs/models/fm_comparator_dt_la_mrh_no_sparse.json,1107,gpu,pending
fm_comparator_dt_la_score_input__swan__seed1103,swan,configs/models/fm_comparator_dt_la_score_input.json,1103,gpu,pending
fm_comparator_dt_la_score_input__swan__seed1104,swan,configs/models/fm_comparator_dt_la_score_input.json,1104,gpu,pending
fm_comparator_dt_la_score_input__swan__seed1105,swan,configs/models/fm_comparator_dt_la_score_input.json,1105,gpu,pending
fm_comparator_dt_la_score_input__swan__seed1106,swan,configs/models/fm_comparator_dt_la_score_input.json,1106,gpu,pending
fm_comparator_dt_la_score_input__swan__seed1107,swan,configs/models/fm_comparator_dt_la_score_input.json,1107,gpu,pending
fm_comparator_dt_la_score_latent__swan__seed1103,swan,configs/models/fm_comparator_dt_la_score_latent.json,1103,gpu,pending
fm_comparator_dt_la_score_latent__swan__seed1104,swan,configs/models/fm_comparator_dt_la_score_latent.json,1104,gpu,pending
fm_comparator_dt_la_score_latent__swan__seed1105,swan,configs/models/fm_comparator_dt_la_score_latent.json,1105,gpu,pending
fm_comparator_dt_la_score_latent__swan__seed1106,swan,configs/models/fm_comparator_dt_la_score_latent.json,1106,gpu,pending
fm_comparator_dt_la_score_latent__swan__seed1107,swan,configs/models/fm_comparator_dt_la_score_latent.json,1107,gpu,pending
fm_comparator_dt_la_score_softmax__swan__seed1103,swan,configs/models/fm_comparator_dt_la_score_softmax.json,1103,gpu,pending
fm_comparator_dt_la_score_softmax__swan__seed1104,swan,configs/models/fm_comparator_dt_la_score_softmax.json,1104,gpu,pending
fm_comparator_dt_la_score_softmax__swan__seed1105,swan,configs/models/fm_comparator_dt_la_score_softmax.json,1105,gpu,pending
fm_comparator_dt_la_score_softmax__swan__seed1106,swan,configs/models/fm_comparator_dt_la_score_softmax.json,1106,gpu,pending
fm_comparator_dt_la_score_softmax__swan__seed1107,swan,configs/models/fm_comparator_dt_la_score_softmax.json,1107,gpu,pending
fm_comparator_kgl__swan__seed1103,swan,configs/models/fm_comparator_kgl.json,1103,gpu,pending
fm_comparator_kgl__swan__seed1104,swan,configs/models/fm_comparator_kgl.json,1104,gpu,pending
fm_comparator_kgl__swan__seed1105,swan,configs/models/fm_comparator_kgl.json,1105,gpu,pending
fm_comparator_kgl__swan__seed1106,swan,configs/models/fm_comparator_kgl.json,1106,gpu,pending
fm_comparator_kgl__swan__seed1107,swan,configs/models/fm_comparator_kgl.json,1107,gpu,pending
fm_comparator_kgl_without_gat__swan__seed1103,swan,configs/models/fm_comparator_kgl_without_gat.json,1103,gpu,pending
fm_comparator_kgl_without_gat__swan__seed1104,swan,configs/models/fm_comparator_kgl_without_gat.json,1104,gpu,pending
fm_comparator_kgl_without_gat__swan__seed1105,swan,configs/models/fm_comparator_kgl_without_gat.json,1105,gpu,pending
fm_comparator_kgl_without_gat__swan__seed1106,swan,configs/models/fm_comparator_kgl_without_gat.json,1106,gpu,pending
fm_comparator_kgl_without_gat__swan__seed1107,swan,configs/models/fm_comparator_kgl_without_gat.json,1107,gpu,pending
fm_comparator_kgl_without_kan__swan__seed1103,swan,configs/models/fm_comparator_kgl_without_kan.json,1103,gpu,pending
fm_comparator_kgl_without_kan__swan__seed1104,swan,configs/models/fm_comparator_kgl_without_kan.json,1104,gpu,pending
fm_comparator_kgl_without_kan__swan__seed1105,swan,configs/models/fm_comparator_kgl_without_kan.json,1105,gpu,pending
fm_comparator_kgl_without_kan__swan__seed1106,swan,configs/models/fm_comparator_kgl_without_kan.json,1106,gpu,pending
fm_comparator_kgl_without_kan__swan__seed1107,swan,configs/models/fm_comparator_kgl_without_kan.json,1107,gpu,pending
fm_comparator_kgl_without_lstm__swan__seed1103,swan,configs/models/fm_comparator_kgl_without_lstm.json,1103,gpu,pending
fm_comparator_kgl_without_lstm__swan__seed1104,swan,configs/models/fm_comparator_kgl_without_lstm.json,1104,gpu,pending
fm_comparator_kgl_without_lstm__swan__seed1105,swan,configs/models/fm_comparator_kgl_without_lstm.json,1105,gpu,pending
fm_comparator_kgl_without_lstm__swan__seed1106,swan,configs/models/fm_comparator_kgl_without_lstm.json,1106,gpu,pending
fm_comparator_kgl_without_lstm__swan__seed1107,swan,configs/models/fm_comparator_kgl_without_lstm.json,1107,gpu,pending
fm_comparator_shcl_transformer__swan__seed1103,swan,configs/models/fm_comparator_shcl_transformer.json,1103,gpu,pending
fm_comparator_shcl_transformer__swan__seed1104,swan,configs/models/fm_comparator_shcl_transformer.json,1104,gpu,pending
fm_comparator_shcl_transformer__swan__seed1105,swan,configs/models/fm_comparator_shcl_transformer.json,1105,gpu,pending
fm_comparator_shcl_transformer__swan__seed1106,swan,configs/models/fm_comparator_shcl_transformer.json,1106,gpu,pending
fm_comparator_shcl_transformer__swan__seed1107,swan,configs/models/fm_comparator_shcl_transformer.json,1107,gpu,pending
fm_comparator_shcl_transformer_backbone_cnn__swan__seed1103,swan,configs/models/fm_comparator_shcl_transformer_backbone_cnn.json,1103,gpu,pending
fm_comparator_shcl_transformer_backbone_cnn__swan__seed1104,swan,configs/models/fm_comparator_shcl_transformer_backbone_cnn.json,1104,gpu,pending
fm_comparator_shcl_transformer_backbone_cnn__swan__seed1105,swan,configs/models/fm_comparator_shcl_transformer_backbone_cnn.json,1105,gpu,pending
fm_comparator_shcl_transformer_backbone_cnn__swan__seed1106,swan,configs/models/fm_comparator_shcl_transformer_backbone_cnn.json,1106,gpu,pending
fm_comparator_shcl_transformer_backbone_cnn__swan__seed1107,swan,configs/models/fm_comparator_shcl_transformer_backbone_cnn.json,1107,gpu,pending
fm_comparator_shcl_transformer_backbone_lstm__swan__seed1103,swan,configs/models/fm_comparator_shcl_transformer_backbone_lstm.json,1103,gpu,pending
fm_comparator_shcl_transformer_backbone_lstm__swan__seed1104,swan,configs/models/fm_comparator_shcl_transformer_backbone_lstm.json,1104,gpu,pending
fm_comparator_shcl_transformer_backbone_lstm__swan__seed1105,swan,configs/models/fm_comparator_shcl_transformer_backbone_lstm.json,1105,gpu,pending
fm_comparator_shcl_transformer_backbone_lstm__swan__seed1106,swan,configs/models/fm_comparator_shcl_transformer_backbone_lstm.json,1106,gpu,pending
fm_comparator_shcl_transformer_backbone_lstm__swan__seed1107,swan,configs/models/fm_comparator_shcl_transformer_backbone_lstm.json,1107,gpu,pending
fm_comparator_shcl_transformer_backbone_rnn__swan__seed1103,swan,configs/models/fm_comparator_shcl_transformer_backbone_rnn.json,1103,gpu,pending
fm_comparator_shcl_transformer_backbone_rnn__swan__seed1104,swan,configs/models/fm_comparator_shcl_transformer_backbone_rnn.json,1104,gpu,pending
fm_comparator_shcl_transformer_backbone_rnn__swan__seed1105,swan,configs/models/fm_comparator_shcl_transformer_backbone_rnn.json,1105,gpu,pending
fm_comparator_shcl_transformer_backbone_rnn__swan__seed1106,swan,configs/models/fm_comparator_shcl_transformer_backbone_rnn.json,1106,gpu,pending
fm_comparator_shcl_transformer_backbone_rnn__swan__seed1107,swan,configs/models/fm_comparator_shcl_transformer_backbone_rnn.json,1107,gpu,pending
fm_comparator_shcl_transformer_backbone_vae__swan__seed1103,swan,configs/models/fm_comparator_shcl_transformer_backbone_vae.json,1103,gpu,pending
fm_comparator_shcl_transformer_backbone_vae__swan__seed1104,swan,configs/models/fm_comparator_shcl_transformer_backbone_vae.json,1104,gpu,pending
fm_comparator_shcl_transformer_backbone_vae__swan__seed1105,swan,configs/models/fm_comparator_shcl_transformer_backbone_vae.json,1105,gpu,pending
fm_comparator_shcl_transformer_backbone_vae__swan__seed1106,swan,configs/models/fm_comparator_shcl_transformer_backbone_vae.json,1106,gpu,pending
fm_comparator_shcl_transformer_backbone_vae__swan__seed1107,swan,configs/models/fm_comparator_shcl_transformer_backbone_vae.json,1107,gpu,pending
fm_comparator_shcl_transformer_backbone_vae_only_pair__swan__seed1103,swan,configs/models/fm_comparator_shcl_transformer_backbone_vae_only_pair.json,1103,gpu,pending
fm_comparator_shcl_transformer_backbone_vae_only_pair__swan__seed1104,swan,configs/models/fm_comparator_shcl_transformer_backbone_vae_only_pair.json,1104,gpu,pending
fm_comparator_shcl_transformer_backbone_vae_only_pair__swan__seed1105,swan,configs/models/fm_comparator_shcl_transformer_backbone_vae_only_pair.json,1105,gpu,pending
fm_comparator_shcl_transformer_backbone_vae_only_pair__swan__seed1106,swan,configs/models/fm_comparator_shcl_transformer_backbone_vae_only_pair.json,1106,gpu,pending
fm_comparator_shcl_transformer_backbone_vae_only_pair__swan__seed1107,swan,configs/models/fm_comparator_shcl_transformer_backbone_vae_only_pair.json,1107,gpu,pending
fm_comparator_shcl_transformer_backbone_vae_only_point__swan__seed1103,swan,configs/models/fm_comparator_shcl_transformer_backbone_vae_only_point.json,1103,gpu,pending
fm_comparator_shcl_transformer_backbone_vae_only_point__swan__seed1104,swan,configs/models/fm_comparator_shcl_transformer_backbone_vae_only_point.json,1104,gpu,pending
fm_comparator_shcl_transformer_backbone_vae_only_point__swan__seed1105,swan,configs/models/fm_comparator_shcl_transformer_backbone_vae_only_point.json,1105,gpu,pending
fm_comparator_shcl_transformer_backbone_vae_only_point__swan__seed1106,swan,configs/models/fm_comparator_shcl_transformer_backbone_vae_only_point.json,1106,gpu,pending
fm_comparator_shcl_transformer_backbone_vae_only_point__swan__seed1107,swan,configs/models/fm_comparator_shcl_transformer_backbone_vae_only_point.json,1107,gpu,pending
fm_comparator_shcl_transformer_backbone_vae_random_mask__swan__seed1103,swan,configs/models/fm_comparator_shcl_transformer_backbone_vae_random_mask.json,1103,gpu,pending
fm_comparator_shcl_transformer_backbone_vae_random_mask__swan__seed1104,swan,configs/models/fm_comparator_shcl_transformer_backbone_vae_random_mask.json,1104,gpu,pending
fm_comparator_shcl_transformer_backbone_vae_random_mask__swan__seed1105,swan,configs/models/fm_comparator_shcl_transformer_backbone_vae_random_mask.json,1105,gpu,pending
fm_comparator_shcl_transformer_backbone_vae_random_mask__swan__seed1106,swan,configs/models/fm_comparator_shcl_transformer_backbone_vae_random_mask.json,1106,gpu,pending
fm_comparator_shcl_transformer_backbone_vae_random_mask__swan__seed1107,swan,configs/models/fm_comparator_shcl_transformer_backbone_vae_random_mask.json,1107,gpu,pending
fm_comparator_shcl_transformer_backbone_vae_reconstruction__swan__seed1103,swan,configs/models/fm_comparator_shcl_transformer_backbone_vae_reconstruction.json,1103,gpu,pending
fm_comparator_shcl_transformer_backbone_vae_reconstruction__swan__seed1104,swan,configs/models/fm_comparator_shcl_transformer_backbone_vae_reconstruction.json,1104,gpu,pending
fm_comparator_shcl_transformer_backbone_vae_reconstruction__swan__seed1105,swan,configs/models/fm_comparator_shcl_transformer_backbone_vae_reconstruction.json,1105,gpu,pending
fm_comparator_shcl_transformer_backbone_vae_reconstruction__swan__seed1106,swan,configs/models/fm_comparator_shcl_transformer_backbone_vae_reconstruction.json,1106,gpu,pending
fm_comparator_shcl_transformer_backbone_vae_reconstruction__swan__seed1107,swan,configs/models/fm_comparator_shcl_transformer_backbone_vae_reconstruction.json,1107,gpu,pending
fm_comparator_shcl_transformer_only_pair__swan__seed1103,swan,configs/models/fm_comparator_shcl_transformer_only_pair.json,1103,gpu,pending
fm_comparator_shcl_transformer_only_pair__swan__seed1104,swan,configs/models/fm_comparator_shcl_transformer_only_pair.json,1104,gpu,pending
fm_comparator_shcl_transformer_only_pair__swan__seed1105,swan,configs/models/fm_comparator_shcl_transformer_only_pair.json,1105,gpu,pending
fm_comparator_shcl_transformer_only_pair__swan__seed1106,swan,configs/models/fm_comparator_shcl_transformer_only_pair.json,1106,gpu,pending
fm_comparator_shcl_transformer_only_pair__swan__seed1107,swan,configs/models/fm_comparator_shcl_transformer_only_pair.json,1107,gpu,pending
fm_comparator_shcl_transformer_only_point__swan__seed1103,swan,configs/models/fm_comparator_shcl_transformer_only_point.json,1103,gpu,pending
fm_comparator_shcl_transformer_only_point__swan__seed1104,swan,configs/models/fm_comparator_shcl_transformer_only_point.json,1104,gpu,pending
fm_comparator_shcl_transformer_only_point__swan__seed1105,swan,configs/models/fm_comparator_shcl_transformer_only_point.json,1105,gpu,pending
fm_comparator_shcl_transformer_only_point__swan__seed1106,swan,configs/models/fm_comparator_shcl_transformer_only_point.json,1106,gpu,pending
fm_comparator_shcl_transformer_only_point__swan__seed1107,swan,configs/models/fm_comparator_shcl_transformer_only_point.json,1107,gpu,pending
fm_comparator_shcl_transformer_random_mask__swan__seed1103,swan,configs/models/fm_comparator_shcl_transformer_random_mask.json,1103,gpu,pending
fm_comparator_shcl_transformer_random_mask__swan__seed1104,swan,configs/models/fm_comparator_shcl_transformer_random_mask.json,1104,gpu,pending
fm_comparator_shcl_transformer_random_mask__swan__seed1105,swan,configs/models/fm_comparator_shcl_transformer_random_mask.json,1105,gpu,pending
fm_comparator_shcl_transformer_random_mask__swan__seed1106,swan,configs/models/fm_comparator_shcl_transformer_random_mask.json,1106,gpu,pending
fm_comparator_shcl_transformer_random_mask__swan__seed1107,swan,configs/models/fm_comparator_shcl_transformer_random_mask.json,1107,gpu,pending
fm_comparator_shcl_transformer_reconstruction__swan__seed1103,swan,configs/models/fm_comparator_shcl_transformer_reconstruction.json,1103,gpu,pending
fm_comparator_shcl_transformer_reconstruction__swan__seed1104,swan,configs/models/fm_comparator_shcl_transformer_reconstruction.json,1104,gpu,pending
fm_comparator_shcl_transformer_reconstruction__swan__seed1105,swan,configs/models/fm_comparator_shcl_transformer_reconstruction.json,1105,gpu,pending
fm_comparator_shcl_transformer_reconstruction__swan__seed1106,swan,configs/models/fm_comparator_shcl_transformer_reconstruction.json,1106,gpu,pending
fm_comparator_shcl_transformer_reconstruction__swan__seed1107,swan,configs/models/fm_comparator_shcl_transformer_reconstruction.json,1107,gpu,pending
fm_native_dfm_exact__swan__seed1103,swan,configs/models/fm_native_dfm_exact.json,1103,gpu,pending
fm_native_dfm_exact__swan__seed1104,swan,configs/models/fm_native_dfm_exact.json,1104,gpu,pending
fm_native_dfm_exact__swan__seed1105,swan,configs/models/fm_native_dfm_exact.json,1105,gpu,pending
fm_native_dfm_exact__swan__seed1106,swan,configs/models/fm_native_dfm_exact.json,1106,gpu,pending
fm_native_dfm_exact__swan__seed1107,swan,configs/models/fm_native_dfm_exact.json,1107,gpu,pending
fm_native_dfm_hutchinson__swan__seed1103,swan,configs/models/fm_native_dfm_hutchinson.json,1103,gpu,pending
fm_native_dfm_hutchinson__swan__seed1104,swan,configs/models/fm_native_dfm_hutchinson.json,1104,gpu,pending
fm_native_dfm_hutchinson__swan__seed1105,swan,configs/models/fm_native_dfm_hutchinson.json,1105,gpu,pending
fm_native_dfm_hutchinson__swan__seed1106,swan,configs/models/fm_native_dfm_hutchinson.json,1106,gpu,pending
fm_native_dfm_hutchinson__swan__seed1107,swan,configs/models/fm_native_dfm_hutchinson.json,1107,gpu,pending
fm_native_grasp_er__swan__seed1103,swan,configs/models/fm_native_grasp_er.json,1103,gpu,pending
fm_native_grasp_er__swan__seed1104,swan,configs/models/fm_native_grasp_er.json,1104,gpu,pending
fm_native_grasp_er__swan__seed1105,swan,configs/models/fm_native_grasp_er.json,1105,gpu,pending
fm_native_grasp_er__swan__seed1106,swan,configs/models/fm_native_grasp_er.json,1106,gpu,pending
fm_native_grasp_er__swan__seed1107,swan,configs/models/fm_native_grasp_er.json,1107,gpu,pending
fm_native_grasp_grasp__swan__seed1103,swan,configs/models/fm_native_grasp_grasp.json,1103,gpu,pending
fm_native_grasp_grasp__swan__seed1104,swan,configs/models/fm_native_grasp_grasp.json,1104,gpu,pending
fm_native_grasp_grasp__swan__seed1105,swan,configs/models/fm_native_grasp_grasp.json,1105,gpu,pending
fm_native_grasp_grasp__swan__seed1106,swan,configs/models/fm_native_grasp_grasp.json,1106,gpu,pending
fm_native_grasp_grasp__swan__seed1107,swan,configs/models/fm_native_grasp_grasp.json,1107,gpu,pending
fm_native_grasp_lin__swan__seed1103,swan,configs/models/fm_native_grasp_lin.json,1103,gpu,pending
fm_native_grasp_lin__swan__seed1104,swan,configs/models/fm_native_grasp_lin.json,1104,gpu,pending
fm_native_grasp_lin__swan__seed1105,swan,configs/models/fm_native_grasp_lin.json,1105,gpu,pending
fm_native_grasp_lin__swan__seed1106,swan,configs/models/fm_native_grasp_lin.json,1106,gpu,pending
fm_native_grasp_lin__swan__seed1107,swan,configs/models/fm_native_grasp_lin.json,1107,gpu,pending
fm_native_grasp_mean__swan__seed1103,swan,configs/models/fm_native_grasp_mean.json,1103,gpu,pending
fm_native_grasp_mean__swan__seed1104,swan,configs/models/fm_native_grasp_mean.json,1104,gpu,pending
fm_native_grasp_mean__swan__seed1105,swan,configs/models/fm_native_grasp_mean.json,1105,gpu,pending
fm_native_grasp_mean__swan__seed1106,swan,configs/models/fm_native_grasp_mean.json,1106,gpu,pending
fm_native_grasp_mean__swan__seed1107,swan,configs/models/fm_native_grasp_mean.json,1107,gpu,pending
fm_comparator_dt_la__cicids__seed1103,cicids,configs/models/fm_comparator_dt_la.json,1103,gpu,pending
fm_comparator_dt_la__cicids__seed1104,cicids,configs/models/fm_comparator_dt_la.json,1104,gpu,pending
fm_comparator_dt_la__cicids__seed1105,cicids,configs/models/fm_comparator_dt_la.json,1105,gpu,pending
fm_comparator_dt_la__cicids__seed1106,cicids,configs/models/fm_comparator_dt_la.json,1106,gpu,pending
fm_comparator_dt_la__cicids__seed1107,cicids,configs/models/fm_comparator_dt_la.json,1107,gpu,pending
fm_comparator_dt_la_l2_no_sparse__cicids__seed1103,cicids,configs/models/fm_comparator_dt_la_l2_no_sparse.json,1103,gpu,pending
fm_comparator_dt_la_l2_no_sparse__cicids__seed1104,cicids,configs/models/fm_comparator_dt_la_l2_no_sparse.json,1104,gpu,pending
fm_comparator_dt_la_l2_no_sparse__cicids__seed1105,cicids,configs/models/fm_comparator_dt_la_l2_no_sparse.json,1105,gpu,pending
fm_comparator_dt_la_l2_no_sparse__cicids__seed1106,cicids,configs/models/fm_comparator_dt_la_l2_no_sparse.json,1106,gpu,pending
fm_comparator_dt_la_l2_no_sparse__cicids__seed1107,cicids,configs/models/fm_comparator_dt_la_l2_no_sparse.json,1107,gpu,pending
fm_comparator_dt_la_l2_sparse__cicids__seed1103,cicids,configs/models/fm_comparator_dt_la_l2_sparse.json,1103,gpu,pending
fm_comparator_dt_la_l2_sparse__cicids__seed1104,cicids,configs/models/fm_comparator_dt_la_l2_sparse.json,1104,gpu,pending
fm_comparator_dt_la_l2_sparse__cicids__seed1105,cicids,configs/models/fm_comparator_dt_la_l2_sparse.json,1105,gpu,pending
fm_comparator_dt_la_l2_sparse__cicids__seed1106,cicids,configs/models/fm_comparator_dt_la_l2_sparse.json,1106,gpu,pending
fm_comparator_dt_la_l2_sparse__cicids__seed1107,cicids,configs/models/fm_comparator_dt_la_l2_sparse.json,1107,gpu,pending
fm_comparator_dt_la_lambda_0p1__cicids__seed1103,cicids,configs/models/fm_comparator_dt_la_lambda_0p1.json,1103,gpu,pending
fm_comparator_dt_la_lambda_0p1__cicids__seed1104,cicids,configs/models/fm_comparator_dt_la_lambda_0p1.json,1104,gpu,pending
fm_comparator_dt_la_lambda_0p1__cicids__seed1105,cicids,configs/models/fm_comparator_dt_la_lambda_0p1.json,1105,gpu,pending
fm_comparator_dt_la_lambda_0p1__cicids__seed1106,cicids,configs/models/fm_comparator_dt_la_lambda_0p1.json,1106,gpu,pending
fm_comparator_dt_la_lambda_0p1__cicids__seed1107,cicids,configs/models/fm_comparator_dt_la_lambda_0p1.json,1107,gpu,pending
fm_comparator_dt_la_lambda_0p3__cicids__seed1103,cicids,configs/models/fm_comparator_dt_la_lambda_0p3.json,1103,gpu,pending
fm_comparator_dt_la_lambda_0p3__cicids__seed1104,cicids,configs/models/fm_comparator_dt_la_lambda_0p3.json,1104,gpu,pending
fm_comparator_dt_la_lambda_0p3__cicids__seed1105,cicids,configs/models/fm_comparator_dt_la_lambda_0p3.json,1105,gpu,pending
fm_comparator_dt_la_lambda_0p3__cicids__seed1106,cicids,configs/models/fm_comparator_dt_la_lambda_0p3.json,1106,gpu,pending
fm_comparator_dt_la_lambda_0p3__cicids__seed1107,cicids,configs/models/fm_comparator_dt_la_lambda_0p3.json,1107,gpu,pending
fm_comparator_dt_la_lambda_0p7__cicids__seed1103,cicids,configs/models/fm_comparator_dt_la_lambda_0p7.json,1103,gpu,pending
fm_comparator_dt_la_lambda_0p7__cicids__seed1104,cicids,configs/models/fm_comparator_dt_la_lambda_0p7.json,1104,gpu,pending
fm_comparator_dt_la_lambda_0p7__cicids__seed1105,cicids,configs/models/fm_comparator_dt_la_lambda_0p7.json,1105,gpu,pending
fm_comparator_dt_la_lambda_0p7__cicids__seed1106,cicids,configs/models/fm_comparator_dt_la_lambda_0p7.json,1106,gpu,pending
fm_comparator_dt_la_lambda_0p7__cicids__seed1107,cicids,configs/models/fm_comparator_dt_la_lambda_0p7.json,1107,gpu,pending
fm_comparator_dt_la_lambda_1p0__cicids__seed1103,cicids,configs/models/fm_comparator_dt_la_lambda_1p0.json,1103,gpu,pending
fm_comparator_dt_la_lambda_1p0__cicids__seed1104,cicids,configs/models/fm_comparator_dt_la_lambda_1p0.json,1104,gpu,pending
fm_comparator_dt_la_lambda_1p0__cicids__seed1105,cicids,configs/models/fm_comparator_dt_la_lambda_1p0.json,1105,gpu,pending
fm_comparator_dt_la_lambda_1p0__cicids__seed1106,cicids,configs/models/fm_comparator_dt_la_lambda_1p0.json,1106,gpu,pending
fm_comparator_dt_la_lambda_1p0__cicids__seed1107,cicids,configs/models/fm_comparator_dt_la_lambda_1p0.json,1107,gpu,pending
fm_comparator_dt_la_mrh_no_sparse__cicids__seed1103,cicids,configs/models/fm_comparator_dt_la_mrh_no_sparse.json,1103,gpu,pending
fm_comparator_dt_la_mrh_no_sparse__cicids__seed1104,cicids,configs/models/fm_comparator_dt_la_mrh_no_sparse.json,1104,gpu,pending
fm_comparator_dt_la_mrh_no_sparse__cicids__seed1105,cicids,configs/models/fm_comparator_dt_la_mrh_no_sparse.json,1105,gpu,pending
fm_comparator_dt_la_mrh_no_sparse__cicids__seed1106,cicids,configs/models/fm_comparator_dt_la_mrh_no_sparse.json,1106,gpu,pending
fm_comparator_dt_la_mrh_no_sparse__cicids__seed1107,cicids,configs/models/fm_comparator_dt_la_mrh_no_sparse.json,1107,gpu,pending
fm_comparator_dt_la_score_input__cicids__seed1103,cicids,configs/models/fm_comparator_dt_la_score_input.json,1103,gpu,pending
fm_comparator_dt_la_score_input__cicids__seed1104,cicids,configs/models/fm_comparator_dt_la_score_input.json,1104,gpu,pending
fm_comparator_dt_la_score_input__cicids__seed1105,cicids,configs/models/fm_comparator_dt_la_score_input.json,1105,gpu,pending
fm_comparator_dt_la_score_input__cicids__seed1106,cicids,configs/models/fm_comparator_dt_la_score_input.json,1106,gpu,pending
fm_comparator_dt_la_score_input__cicids__seed1107,cicids,configs/models/fm_comparator_dt_la_score_input.json,1107,gpu,pending
fm_comparator_dt_la_score_latent__cicids__seed1103,cicids,configs/models/fm_comparator_dt_la_score_latent.json,1103,gpu,pending
fm_comparator_dt_la_score_latent__cicids__seed1104,cicids,configs/models/fm_comparator_dt_la_score_latent.json,1104,gpu,pending
fm_comparator_dt_la_score_latent__cicids__seed1105,cicids,configs/models/fm_comparator_dt_la_score_latent.json,1105,gpu,pending
fm_comparator_dt_la_score_latent__cicids__seed1106,cicids,configs/models/fm_comparator_dt_la_score_latent.json,1106,gpu,pending
fm_comparator_dt_la_score_latent__cicids__seed1107,cicids,configs/models/fm_comparator_dt_la_score_latent.json,1107,gpu,pending
fm_comparator_dt_la_score_softmax__cicids__seed1103,cicids,configs/models/fm_comparator_dt_la_score_softmax.json,1103,gpu,pending
fm_comparator_dt_la_score_softmax__cicids__seed1104,cicids,configs/models/fm_comparator_dt_la_score_softmax.json,1104,gpu,pending
fm_comparator_dt_la_score_softmax__cicids__seed1105,cicids,configs/models/fm_comparator_dt_la_score_softmax.json,1105,gpu,pending
fm_comparator_dt_la_score_softmax__cicids__seed1106,cicids,configs/models/fm_comparator_dt_la_score_softmax.json,1106,gpu,pending
fm_comparator_dt_la_score_softmax__cicids__seed1107,cicids,configs/models/fm_comparator_dt_la_score_softmax.json,1107,gpu,pending
fm_comparator_kgl__cicids__seed1103,cicids,configs/models/fm_comparator_kgl.json,1103,gpu,pending
fm_comparator_kgl__cicids__seed1104,cicids,configs/models/fm_comparator_kgl.json,1104,gpu,pending
fm_comparator_kgl__cicids__seed1105,cicids,configs/models/fm_comparator_kgl.json,1105,gpu,pending
fm_comparator_kgl__cicids__seed1106,cicids,configs/models/fm_comparator_kgl.json,1106,gpu,pending
fm_comparator_kgl__cicids__seed1107,cicids,configs/models/fm_comparator_kgl.json,1107,gpu,pending
fm_comparator_kgl_without_gat__cicids__seed1103,cicids,configs/models/fm_comparator_kgl_without_gat.json,1103,gpu,pending
fm_comparator_kgl_without_gat__cicids__seed1104,cicids,configs/models/fm_comparator_kgl_without_gat.json,1104,gpu,pending
fm_comparator_kgl_without_gat__cicids__seed1105,cicids,configs/models/fm_comparator_kgl_without_gat.json,1105,gpu,pending
fm_comparator_kgl_without_gat__cicids__seed1106,cicids,configs/models/fm_comparator_kgl_without_gat.json,1106,gpu,pending
fm_comparator_kgl_without_gat__cicids__seed1107,cicids,configs/models/fm_comparator_kgl_without_gat.json,1107,gpu,pending
fm_comparator_kgl_without_kan__cicids__seed1103,cicids,configs/models/fm_comparator_kgl_without_kan.json,1103,gpu,pending
fm_comparator_kgl_without_kan__cicids__seed1104,cicids,configs/models/fm_comparator_kgl_without_kan.json,1104,gpu,pending
fm_comparator_kgl_without_kan__cicids__seed1105,cicids,configs/models/fm_comparator_kgl_without_kan.json,1105,gpu,pending
fm_comparator_kgl_without_kan__cicids__seed1106,cicids,configs/models/fm_comparator_kgl_without_kan.json,1106,gpu,pending
fm_comparator_kgl_without_kan__cicids__seed1107,cicids,configs/models/fm_comparator_kgl_without_kan.json,1107,gpu,pending
fm_comparator_kgl_without_lstm__cicids__seed1103,cicids,configs/models/fm_comparator_kgl_without_lstm.json,1103,gpu,pending
fm_comparator_kgl_without_lstm__cicids__seed1104,cicids,configs/models/fm_comparator_kgl_without_lstm.json,1104,gpu,pending
fm_comparator_kgl_without_lstm__cicids__seed1105,cicids,configs/models/fm_comparator_kgl_without_lstm.json,1105,gpu,pending
fm_comparator_kgl_without_lstm__cicids__seed1106,cicids,configs/models/fm_comparator_kgl_without_lstm.json,1106,gpu,pending
fm_comparator_kgl_without_lstm__cicids__seed1107,cicids,configs/models/fm_comparator_kgl_without_lstm.json,1107,gpu,pending
fm_comparator_shcl_transformer__cicids__seed1103,cicids,configs/models/fm_comparator_shcl_transformer.json,1103,gpu,pending
fm_comparator_shcl_transformer__cicids__seed1104,cicids,configs/models/fm_comparator_shcl_transformer.json,1104,gpu,pending
fm_comparator_shcl_transformer__cicids__seed1105,cicids,configs/models/fm_comparator_shcl_transformer.json,1105,gpu,pending
fm_comparator_shcl_transformer__cicids__seed1106,cicids,configs/models/fm_comparator_shcl_transformer.json,1106,gpu,pending
fm_comparator_shcl_transformer__cicids__seed1107,cicids,configs/models/fm_comparator_shcl_transformer.json,1107,gpu,pending
fm_comparator_shcl_transformer_backbone_cnn__cicids__seed1103,cicids,configs/models/fm_comparator_shcl_transformer_backbone_cnn.json,1103,gpu,pending
fm_comparator_shcl_transformer_backbone_cnn__cicids__seed1104,cicids,configs/models/fm_comparator_shcl_transformer_backbone_cnn.json,1104,gpu,pending
fm_comparator_shcl_transformer_backbone_cnn__cicids__seed1105,cicids,configs/models/fm_comparator_shcl_transformer_backbone_cnn.json,1105,gpu,pending
fm_comparator_shcl_transformer_backbone_cnn__cicids__seed1106,cicids,configs/models/fm_comparator_shcl_transformer_backbone_cnn.json,1106,gpu,pending
fm_comparator_shcl_transformer_backbone_cnn__cicids__seed1107,cicids,configs/models/fm_comparator_shcl_transformer_backbone_cnn.json,1107,gpu,pending
fm_comparator_shcl_transformer_backbone_lstm__cicids__seed1103,cicids,configs/models/fm_comparator_shcl_transformer_backbone_lstm.json,1103,gpu,pending
fm_comparator_shcl_transformer_backbone_lstm__cicids__seed1104,cicids,configs/models/fm_comparator_shcl_transformer_backbone_lstm.json,1104,gpu,pending
fm_comparator_shcl_transformer_backbone_lstm__cicids__seed1105,cicids,configs/models/fm_comparator_shcl_transformer_backbone_lstm.json,1105,gpu,pending
fm_comparator_shcl_transformer_backbone_lstm__cicids__seed1106,cicids,configs/models/fm_comparator_shcl_transformer_backbone_lstm.json,1106,gpu,pending
fm_comparator_shcl_transformer_backbone_lstm__cicids__seed1107,cicids,configs/models/fm_comparator_shcl_transformer_backbone_lstm.json,1107,gpu,pending
fm_comparator_shcl_transformer_backbone_rnn__cicids__seed1103,cicids,configs/models/fm_comparator_shcl_transformer_backbone_rnn.json,1103,gpu,pending
fm_comparator_shcl_transformer_backbone_rnn__cicids__seed1104,cicids,configs/models/fm_comparator_shcl_transformer_backbone_rnn.json,1104,gpu,pending
fm_comparator_shcl_transformer_backbone_rnn__cicids__seed1105,cicids,configs/models/fm_comparator_shcl_transformer_backbone_rnn.json,1105,gpu,pending
fm_comparator_shcl_transformer_backbone_rnn__cicids__seed1106,cicids,configs/models/fm_comparator_shcl_transformer_backbone_rnn.json,1106,gpu,pending
fm_comparator_shcl_transformer_backbone_rnn__cicids__seed1107,cicids,configs/models/fm_comparator_shcl_transformer_backbone_rnn.json,1107,gpu,pending
fm_comparator_shcl_transformer_backbone_vae__cicids__seed1103,cicids,configs/models/fm_comparator_shcl_transformer_backbone_vae.json,1103,gpu,pending
fm_comparator_shcl_transformer_backbone_vae__cicids__seed1104,cicids,configs/models/fm_comparator_shcl_transformer_backbone_vae.json,1104,gpu,pending
fm_comparator_shcl_transformer_backbone_vae__cicids__seed1105,cicids,configs/models/fm_comparator_shcl_transformer_backbone_vae.json,1105,gpu,pending
fm_comparator_shcl_transformer_backbone_vae__cicids__seed1106,cicids,configs/models/fm_comparator_shcl_transformer_backbone_vae.json,1106,gpu,pending
fm_comparator_shcl_transformer_backbone_vae__cicids__seed1107,cicids,configs/models/fm_comparator_shcl_transformer_backbone_vae.json,1107,gpu,pending
fm_comparator_shcl_transformer_backbone_vae_only_pair__cicids__seed1103,cicids,configs/models/fm_comparator_shcl_transformer_backbone_vae_only_pair.json,1103,gpu,pending
fm_comparator_shcl_transformer_backbone_vae_only_pair__cicids__seed1104,cicids,configs/models/fm_comparator_shcl_transformer_backbone_vae_only_pair.json,1104,gpu,pending
fm_comparator_shcl_transformer_backbone_vae_only_pair__cicids__seed1105,cicids,configs/models/fm_comparator_shcl_transformer_backbone_vae_only_pair.json,1105,gpu,pending
fm_comparator_shcl_transformer_backbone_vae_only_pair__cicids__seed1106,cicids,configs/models/fm_comparator_shcl_transformer_backbone_vae_only_pair.json,1106,gpu,pending
fm_comparator_shcl_transformer_backbone_vae_only_pair__cicids__seed1107,cicids,configs/models/fm_comparator_shcl_transformer_backbone_vae_only_pair.json,1107,gpu,pending
fm_comparator_shcl_transformer_backbone_vae_only_point__cicids__seed1103,cicids,configs/models/fm_comparator_shcl_transformer_backbone_vae_only_point.json,1103,gpu,pending
fm_comparator_shcl_transformer_backbone_vae_only_point__cicids__seed1104,cicids,configs/models/fm_comparator_shcl_transformer_backbone_vae_only_point.json,1104,gpu,pending
fm_comparator_shcl_transformer_backbone_vae_only_point__cicids__seed1105,cicids,configs/models/fm_comparator_shcl_transformer_backbone_vae_only_point.json,1105,gpu,pending
fm_comparator_shcl_transformer_backbone_vae_only_point__cicids__seed1106,cicids,configs/models/fm_comparator_shcl_transformer_backbone_vae_only_point.json,1106,gpu,pending
fm_comparator_shcl_transformer_backbone_vae_only_point__cicids__seed1107,cicids,configs/models/fm_comparator_shcl_transformer_backbone_vae_only_point.json,1107,gpu,pending
fm_comparator_shcl_transformer_backbone_vae_random_mask__cicids__seed1103,cicids,configs/models/fm_comparator_shcl_transformer_backbone_vae_random_mask.json,1103,gpu,pending
fm_comparator_shcl_transformer_backbone_vae_random_mask__cicids__seed1104,cicids,configs/models/fm_comparator_shcl_transformer_backbone_vae_random_mask.json,1104,gpu,pending
fm_comparator_shcl_transformer_backbone_vae_random_mask__cicids__seed1105,cicids,configs/models/fm_comparator_shcl_transformer_backbone_vae_random_mask.json,1105,gpu,pending
fm_comparator_shcl_transformer_backbone_vae_random_mask__cicids__seed1106,cicids,configs/models/fm_comparator_shcl_transformer_backbone_vae_random_mask.json,1106,gpu,pending
fm_comparator_shcl_transformer_backbone_vae_random_mask__cicids__seed1107,cicids,configs/models/fm_comparator_shcl_transformer_backbone_vae_random_mask.json,1107,gpu,pending
fm_comparator_shcl_transformer_backbone_vae_reconstruction__cicids__seed1103,cicids,configs/models/fm_comparator_shcl_transformer_backbone_vae_reconstruction.json,1103,gpu,pending
fm_comparator_shcl_transformer_backbone_vae_reconstruction__cicids__seed1104,cicids,configs/models/fm_comparator_shcl_transformer_backbone_vae_reconstruction.json,1104,gpu,pending
fm_comparator_shcl_transformer_backbone_vae_reconstruction__cicids__seed1105,cicids,configs/models/fm_comparator_shcl_transformer_backbone_vae_reconstruction.json,1105,gpu,pending
fm_comparator_shcl_transformer_backbone_vae_reconstruction__cicids__seed1106,cicids,configs/models/fm_comparator_shcl_transformer_backbone_vae_reconstruction.json,1106,gpu,pending
fm_comparator_shcl_transformer_backbone_vae_reconstruction__cicids__seed1107,cicids,configs/models/fm_comparator_shcl_transformer_backbone_vae_reconstruction.json,1107,gpu,pending
fm_comparator_shcl_transformer_only_pair__cicids__seed1103,cicids,configs/models/fm_comparator_shcl_transformer_only_pair.json,1103,gpu,pending
fm_comparator_shcl_transformer_only_pair__cicids__seed1104,cicids,configs/models/fm_comparator_shcl_transformer_only_pair.json,1104,gpu,pending
fm_comparator_shcl_transformer_only_pair__cicids__seed1105,cicids,configs/models/fm_comparator_shcl_transformer_only_pair.json,1105,gpu,pending
fm_comparator_shcl_transformer_only_pair__cicids__seed1106,cicids,configs/models/fm_comparator_shcl_transformer_only_pair.json,1106,gpu,pending
fm_comparator_shcl_transformer_only_pair__cicids__seed1107,cicids,configs/models/fm_comparator_shcl_transformer_only_pair.json,1107,gpu,pending
fm_comparator_shcl_transformer_only_point__cicids__seed1103,cicids,configs/models/fm_comparator_shcl_transformer_only_point.json,1103,gpu,pending
fm_comparator_shcl_transformer_only_point__cicids__seed1104,cicids,configs/models/fm_comparator_shcl_transformer_only_point.json,1104,gpu,pending
fm_comparator_shcl_transformer_only_point__cicids__seed1105,cicids,configs/models/fm_comparator_shcl_transformer_only_point.json,1105,gpu,pending
fm_comparator_shcl_transformer_only_point__cicids__seed1106,cicids,configs/models/fm_comparator_shcl_transformer_only_point.json,1106,gpu,pending
fm_comparator_shcl_transformer_only_point__cicids__seed1107,cicids,configs/models/fm_comparator_shcl_transformer_only_point.json,1107,gpu,pending
fm_comparator_shcl_transformer_random_mask__cicids__seed1103,cicids,configs/models/fm_comparator_shcl_transformer_random_mask.json,1103,gpu,pending
fm_comparator_shcl_transformer_random_mask__cicids__seed1104,cicids,configs/models/fm_comparator_shcl_transformer_random_mask.json,1104,gpu,pending
fm_comparator_shcl_transformer_random_mask__cicids__seed1105,cicids,configs/models/fm_comparator_shcl_transformer_random_mask.json,1105,gpu,pending
fm_comparator_shcl_transformer_random_mask__cicids__seed1106,cicids,configs/models/fm_comparator_shcl_transformer_random_mask.json,1106,gpu,pending
fm_comparator_shcl_transformer_random_mask__cicids__seed1107,cicids,configs/models/fm_comparator_shcl_transformer_random_mask.json,1107,gpu,pending
fm_comparator_shcl_transformer_reconstruction__cicids__seed1103,cicids,configs/models/fm_comparator_shcl_transformer_reconstruction.json,1103,gpu,pending
fm_comparator_shcl_transformer_reconstruction__cicids__seed1104,cicids,configs/models/fm_comparator_shcl_transformer_reconstruction.json,1104,gpu,pending
fm_comparator_shcl_transformer_reconstruction__cicids__seed1105,cicids,configs/models/fm_comparator_shcl_transformer_reconstruction.json,1105,gpu,pending
fm_comparator_shcl_transformer_reconstruction__cicids__seed1106,cicids,configs/models/fm_comparator_shcl_transformer_reconstruction.json,1106,gpu,pending
fm_comparator_shcl_transformer_reconstruction__cicids__seed1107,cicids,configs/models/fm_comparator_shcl_transformer_reconstruction.json,1107,gpu,pending
fm_native_dfm_exact__cicids__seed1103,cicids,configs/models/fm_native_dfm_exact.json,1103,gpu,pending
fm_native_dfm_exact__cicids__seed1104,cicids,configs/models/fm_native_dfm_exact.json,1104,gpu,pending
fm_native_dfm_exact__cicids__seed1105,cicids,configs/models/fm_native_dfm_exact.json,1105,gpu,pending
fm_native_dfm_exact__cicids__seed1106,cicids,configs/models/fm_native_dfm_exact.json,1106,gpu,pending
fm_native_dfm_exact__cicids__seed1107,cicids,configs/models/fm_native_dfm_exact.json,1107,gpu,pending
fm_native_dfm_hutchinson__cicids__seed1103,cicids,configs/models/fm_native_dfm_hutchinson.json,1103,gpu,pending
fm_native_dfm_hutchinson__cicids__seed1104,cicids,configs/models/fm_native_dfm_hutchinson.json,1104,gpu,pending
fm_native_dfm_hutchinson__cicids__seed1105,cicids,configs/models/fm_native_dfm_hutchinson.json,1105,gpu,pending
fm_native_dfm_hutchinson__cicids__seed1106,cicids,configs/models/fm_native_dfm_hutchinson.json,1106,gpu,pending
fm_native_dfm_hutchinson__cicids__seed1107,cicids,configs/models/fm_native_dfm_hutchinson.json,1107,gpu,pending
fm_native_grasp_er__cicids__seed1103,cicids,configs/models/fm_native_grasp_er.json,1103,gpu,pending
fm_native_grasp_er__cicids__seed1104,cicids,configs/models/fm_native_grasp_er.json,1104,gpu,pending
fm_native_grasp_er__cicids__seed1105,cicids,configs/models/fm_native_grasp_er.json,1105,gpu,pending
fm_native_grasp_er__cicids__seed1106,cicids,configs/models/fm_native_grasp_er.json,1106,gpu,pending
fm_native_grasp_er__cicids__seed1107,cicids,configs/models/fm_native_grasp_er.json,1107,gpu,pending
fm_native_grasp_grasp__cicids__seed1103,cicids,configs/models/fm_native_grasp_grasp.json,1103,gpu,pending
fm_native_grasp_grasp__cicids__seed1104,cicids,configs/models/fm_native_grasp_grasp.json,1104,gpu,pending
fm_native_grasp_grasp__cicids__seed1105,cicids,configs/models/fm_native_grasp_grasp.json,1105,gpu,pending
fm_native_grasp_grasp__cicids__seed1106,cicids,configs/models/fm_native_grasp_grasp.json,1106,gpu,pending
fm_native_grasp_grasp__cicids__seed1107,cicids,configs/models/fm_native_grasp_grasp.json,1107,gpu,pending
fm_native_grasp_lin__cicids__seed1103,cicids,configs/models/fm_native_grasp_lin.json,1103,gpu,pending
fm_native_grasp_lin__cicids__seed1104,cicids,configs/models/fm_native_grasp_lin.json,1104,gpu,pending
fm_native_grasp_lin__cicids__seed1105,cicids,configs/models/fm_native_grasp_lin.json,1105,gpu,pending
fm_native_grasp_lin__cicids__seed1106,cicids,configs/models/fm_native_grasp_lin.json,1106,gpu,pending
fm_native_grasp_lin__cicids__seed1107,cicids,configs/models/fm_native_grasp_lin.json,1107,gpu,pending
fm_native_grasp_mean__cicids__seed1103,cicids,configs/models/fm_native_grasp_mean.json,1103,gpu,pending
fm_native_grasp_mean__cicids__seed1104,cicids,configs/models/fm_native_grasp_mean.json,1104,gpu,pending
fm_native_grasp_mean__cicids__seed1105,cicids,configs/models/fm_native_grasp_mean.json,1105,gpu,pending
fm_native_grasp_mean__cicids__seed1106,cicids,configs/models/fm_native_grasp_mean.json,1106,gpu,pending
fm_native_grasp_mean__cicids__seed1107,cicids,configs/models/fm_native_grasp_mean.json,1107,gpu,pending
fm_objective_sb__psm__seed1103__stable_numerics_v2,psm,configs/models/fm_objective_sb_stable_v2.json,1103,entropic_numeric_repair,completed
fm_objective_sb__psm__seed1104__stable_numerics_v2,psm,configs/models/fm_objective_sb_stable_v2.json,1104,entropic_numeric_repair,completed
fm_objective_sb__psm__seed1105__stable_numerics_v2,psm,configs/models/fm_objective_sb_stable_v2.json,1105,entropic_numeric_repair,completed
fm_objective_sb__psm__seed1106__stable_numerics_v2,psm,configs/models/fm_objective_sb_stable_v2.json,1106,entropic_numeric_repair,completed
fm_objective_sb__psm__seed1107__stable_numerics_v2,psm,configs/models/fm_objective_sb_stable_v2.json,1107,entropic_numeric_repair,completed
fm_objective_sf2m__psm__seed1103__stable_numerics_v2,psm,configs/models/fm_objective_sf2m_stable_v2.json,1103,entropic_numeric_repair,completed
fm_objective_sf2m__psm__seed1104__stable_numerics_v2,psm,configs/models/fm_objective_sf2m_stable_v2.json,1104,entropic_numeric_repair,completed
fm_objective_sf2m__psm__seed1105__stable_numerics_v2,psm,configs/models/fm_objective_sf2m_stable_v2.json,1105,entropic_numeric_repair,completed
fm_objective_sf2m__psm__seed1106__stable_numerics_v2,psm,configs/models/fm_objective_sf2m_stable_v2.json,1106,entropic_numeric_repair,completed
fm_objective_sf2m__psm__seed1107__stable_numerics_v2,psm,configs/models/fm_objective_sf2m_stable_v2.json,1107,entropic_numeric_repair,completed
fm_objective_sf2m_flow_only__psm__seed1103__stable_numerics_v2,psm,configs/models/fm_objective_sf2m_flow_only_stable_v2.json,1103,entropic_numeric_repair,completed
fm_objective_sf2m_flow_only__psm__seed1104__stable_numerics_v2,psm,configs/models/fm_objective_sf2m_flow_only_stable_v2.json,1104,entropic_numeric_repair,completed
fm_objective_sf2m_flow_only__psm__seed1105__stable_numerics_v2,psm,configs/models/fm_objective_sf2m_flow_only_stable_v2.json,1105,entropic_numeric_repair,completed
fm_objective_sf2m_flow_only__psm__seed1106__stable_numerics_v2,psm,configs/models/fm_objective_sf2m_flow_only_stable_v2.json,1106,entropic_numeric_repair,completed
fm_objective_sf2m_flow_only__psm__seed1107__stable_numerics_v2,psm,configs/models/fm_objective_sf2m_flow_only_stable_v2.json,1107,entropic_numeric_repair,completed
fm_objective_sb__smap__seed1103__stable_numerics_v2,smap,configs/models/fm_objective_sb_stable_v2.json,1103,entropic_numeric_repair,completed
fm_objective_sb__smap__seed1104__stable_numerics_v2,smap,configs/models/fm_objective_sb_stable_v2.json,1104,entropic_numeric_repair,completed
fm_objective_sb__smap__seed1105__stable_numerics_v2,smap,configs/models/fm_objective_sb_stable_v2.json,1105,entropic_numeric_repair,completed
fm_objective_sb__smap__seed1106__stable_numerics_v2,smap,configs/models/fm_objective_sb_stable_v2.json,1106,entropic_numeric_repair,completed
fm_objective_sb__smap__seed1107__stable_numerics_v2,smap,configs/models/fm_objective_sb_stable_v2.json,1107,entropic_numeric_repair,completed
fm_objective_sf2m__smap__seed1103__stable_numerics_v2,smap,configs/models/fm_objective_sf2m_stable_v2.json,1103,entropic_numeric_repair,completed
fm_objective_sf2m__smap__seed1104__stable_numerics_v2,smap,configs/models/fm_objective_sf2m_stable_v2.json,1104,entropic_numeric_repair,completed
fm_objective_sf2m__smap__seed1105__stable_numerics_v2,smap,configs/models/fm_objective_sf2m_stable_v2.json,1105,entropic_numeric_repair,completed
fm_objective_sf2m__smap__seed1106__stable_numerics_v2,smap,configs/models/fm_objective_sf2m_stable_v2.json,1106,entropic_numeric_repair,completed
fm_objective_sf2m__smap__seed1107__stable_numerics_v2,smap,configs/models/fm_objective_sf2m_stable_v2.json,1107,entropic_numeric_repair,completed
fm_objective_sf2m_flow_only__smap__seed1103__stable_numerics_v2,smap,configs/models/fm_objective_sf2m_flow_only_stable_v2.json,1103,entropic_numeric_repair,running
fm_objective_sf2m_flow_only__smap__seed1104__stable_numerics_v2,smap,configs/models/fm_objective_sf2m_flow_only_stable_v2.json,1104,entropic_numeric_repair,pending
fm_objective_sf2m_flow_only__smap__seed1105__stable_numerics_v2,smap,configs/models/fm_objective_sf2m_flow_only_stable_v2.json,1105,entropic_numeric_repair,pending
fm_objective_sf2m_flow_only__smap__seed1106__stable_numerics_v2,smap,configs/models/fm_objective_sf2m_flow_only_stable_v2.json,1106,entropic_numeric_repair,pending
fm_objective_sf2m_flow_only__smap__seed1107__stable_numerics_v2,smap,configs/models/fm_objective_sf2m_flow_only_stable_v2.json,1107,entropic_numeric_repair,pending
fm_objective_sb__msl__seed1103__stable_numerics_v2,msl,configs/models/fm_objective_sb_stable_v2.json,1103,entropic_numeric_repair,pending
fm_objective_sb__msl__seed1104__stable_numerics_v2,msl,configs/models/fm_objective_sb_stable_v2.json,1104,entropic_numeric_repair,pending
fm_objective_sb__msl__seed1105__stable_numerics_v2,msl,configs/models/fm_objective_sb_stable_v2.json,1105,entropic_numeric_repair,pending
fm_objective_sb__msl__seed1106__stable_numerics_v2,msl,configs/models/fm_objective_sb_stable_v2.json,1106,entropic_numeric_repair,pending
fm_objective_sb__msl__seed1107__stable_numerics_v2,msl,configs/models/fm_objective_sb_stable_v2.json,1107,entropic_numeric_repair,pending
fm_objective_sf2m__msl__seed1103__stable_numerics_v2,msl,configs/models/fm_objective_sf2m_stable_v2.json,1103,entropic_numeric_repair,pending
fm_objective_sf2m__msl__seed1104__stable_numerics_v2,msl,configs/models/fm_objective_sf2m_stable_v2.json,1104,entropic_numeric_repair,pending
fm_objective_sf2m__msl__seed1105__stable_numerics_v2,msl,configs/models/fm_objective_sf2m_stable_v2.json,1105,entropic_numeric_repair,pending
fm_objective_sf2m__msl__seed1106__stable_numerics_v2,msl,configs/models/fm_objective_sf2m_stable_v2.json,1106,entropic_numeric_repair,pending
fm_objective_sf2m__msl__seed1107__stable_numerics_v2,msl,configs/models/fm_objective_sf2m_stable_v2.json,1107,entropic_numeric_repair,pending
fm_objective_sf2m_flow_only__msl__seed1103__stable_numerics_v2,msl,configs/models/fm_objective_sf2m_flow_only_stable_v2.json,1103,entropic_numeric_repair,pending
fm_objective_sf2m_flow_only__msl__seed1104__stable_numerics_v2,msl,configs/models/fm_objective_sf2m_flow_only_stable_v2.json,1104,entropic_numeric_repair,pending
fm_objective_sf2m_flow_only__msl__seed1105__stable_numerics_v2,msl,configs/models/fm_objective_sf2m_flow_only_stable_v2.json,1105,entropic_numeric_repair,pending
fm_objective_sf2m_flow_only__msl__seed1106__stable_numerics_v2,msl,configs/models/fm_objective_sf2m_flow_only_stable_v2.json,1106,entropic_numeric_repair,pending
fm_objective_sf2m_flow_only__msl__seed1107__stable_numerics_v2,msl,configs/models/fm_objective_sf2m_flow_only_stable_v2.json,1107,entropic_numeric_repair,pending
fm_objective_sb__smd__seed1103__stable_numerics_v2,smd,configs/models/fm_objective_sb_stable_v2.json,1103,entropic_numeric_repair,pending
fm_objective_sb__smd__seed1104__stable_numerics_v2,smd,configs/models/fm_objective_sb_stable_v2.json,1104,entropic_numeric_repair,pending
fm_objective_sb__smd__seed1105__stable_numerics_v2,smd,configs/models/fm_objective_sb_stable_v2.json,1105,entropic_numeric_repair,pending
fm_objective_sb__smd__seed1106__stable_numerics_v2,smd,configs/models/fm_objective_sb_stable_v2.json,1106,entropic_numeric_repair,pending
fm_objective_sb__smd__seed1107__stable_numerics_v2,smd,configs/models/fm_objective_sb_stable_v2.json,1107,entropic_numeric_repair,pending
fm_objective_sf2m__smd__seed1103__stable_numerics_v2,smd,configs/models/fm_objective_sf2m_stable_v2.json,1103,entropic_numeric_repair,pending
fm_objective_sf2m__smd__seed1104__stable_numerics_v2,smd,configs/models/fm_objective_sf2m_stable_v2.json,1104,entropic_numeric_repair,pending
fm_objective_sf2m__smd__seed1105__stable_numerics_v2,smd,configs/models/fm_objective_sf2m_stable_v2.json,1105,entropic_numeric_repair,pending
fm_objective_sf2m__smd__seed1106__stable_numerics_v2,smd,configs/models/fm_objective_sf2m_stable_v2.json,1106,entropic_numeric_repair,pending
fm_objective_sf2m__smd__seed1107__stable_numerics_v2,smd,configs/models/fm_objective_sf2m_stable_v2.json,1107,entropic_numeric_repair,pending
fm_objective_sf2m_flow_only__smd__seed1103__stable_numerics_v2,smd,configs/models/fm_objective_sf2m_flow_only_stable_v2.json,1103,entropic_numeric_repair,pending
fm_objective_sf2m_flow_only__smd__seed1104__stable_numerics_v2,smd,configs/models/fm_objective_sf2m_flow_only_stable_v2.json,1104,entropic_numeric_repair,pending
fm_objective_sf2m_flow_only__smd__seed1105__stable_numerics_v2,smd,configs/models/fm_objective_sf2m_flow_only_stable_v2.json,1105,entropic_numeric_repair,pending
fm_objective_sf2m_flow_only__smd__seed1106__stable_numerics_v2,smd,configs/models/fm_objective_sf2m_flow_only_stable_v2.json,1106,entropic_numeric_repair,pending
fm_objective_sf2m_flow_only__smd__seed1107__stable_numerics_v2,smd,configs/models/fm_objective_sf2m_flow_only_stable_v2.json,1107,entropic_numeric_repair,pending
fm_objective_sb__swat__seed1103__stable_numerics_v2,swat,configs/models/fm_objective_sb_stable_v2.json,1103,entropic_numeric_repair,pending
fm_objective_sb__swat__seed1104__stable_numerics_v2,swat,configs/models/fm_objective_sb_stable_v2.json,1104,entropic_numeric_repair,pending
fm_objective_sb__swat__seed1105__stable_numerics_v2,swat,configs/models/fm_objective_sb_stable_v2.json,1105,entropic_numeric_repair,pending
fm_objective_sb__swat__seed1106__stable_numerics_v2,swat,configs/models/fm_objective_sb_stable_v2.json,1106,entropic_numeric_repair,pending
fm_objective_sb__swat__seed1107__stable_numerics_v2,swat,configs/models/fm_objective_sb_stable_v2.json,1107,entropic_numeric_repair,pending
fm_objective_sf2m__swat__seed1103__stable_numerics_v2,swat,configs/models/fm_objective_sf2m_stable_v2.json,1103,entropic_numeric_repair,pending
fm_objective_sf2m__swat__seed1104__stable_numerics_v2,swat,configs/models/fm_objective_sf2m_stable_v2.json,1104,entropic_numeric_repair,pending
fm_objective_sf2m__swat__seed1105__stable_numerics_v2,swat,configs/models/fm_objective_sf2m_stable_v2.json,1105,entropic_numeric_repair,pending
fm_objective_sf2m__swat__seed1106__stable_numerics_v2,swat,configs/models/fm_objective_sf2m_stable_v2.json,1106,entropic_numeric_repair,pending
fm_objective_sf2m__swat__seed1107__stable_numerics_v2,swat,configs/models/fm_objective_sf2m_stable_v2.json,1107,entropic_numeric_repair,pending
fm_objective_sf2m_flow_only__swat__seed1103__stable_numerics_v2,swat,configs/models/fm_objective_sf2m_flow_only_stable_v2.json,1103,entropic_numeric_repair,pending
fm_objective_sf2m_flow_only__swat__seed1104__stable_numerics_v2,swat,configs/models/fm_objective_sf2m_flow_only_stable_v2.json,1104,entropic_numeric_repair,pending
fm_objective_sf2m_flow_only__swat__seed1105__stable_numerics_v2,swat,configs/models/fm_objective_sf2m_flow_only_stable_v2.json,1105,entropic_numeric_repair,pending
fm_objective_sf2m_flow_only__swat__seed1106__stable_numerics_v2,swat,configs/models/fm_objective_sf2m_flow_only_stable_v2.json,1106,entropic_numeric_repair,pending
fm_objective_sf2m_flow_only__swat__seed1107__stable_numerics_v2,swat,configs/models/fm_objective_sf2m_flow_only_stable_v2.json,1107,entropic_numeric_repair,pending
fm_objective_sb__swan__seed1103__stable_numerics_v2,swan,configs/models/fm_objective_sb_stable_v2.json,1103,entropic_numeric_repair,pending
fm_objective_sb__swan__seed1104__stable_numerics_v2,swan,configs/models/fm_objective_sb_stable_v2.json,1104,entropic_numeric_repair,pending
fm_objective_sb__swan__seed1105__stable_numerics_v2,swan,configs/models/fm_objective_sb_stable_v2.json,1105,entropic_numeric_repair,pending
fm_objective_sb__swan__seed1106__stable_numerics_v2,swan,configs/models/fm_objective_sb_stable_v2.json,1106,entropic_numeric_repair,pending
fm_objective_sb__swan__seed1107__stable_numerics_v2,swan,configs/models/fm_objective_sb_stable_v2.json,1107,entropic_numeric_repair,pending
fm_objective_sf2m__swan__seed1103__stable_numerics_v2,swan,configs/models/fm_objective_sf2m_stable_v2.json,1103,entropic_numeric_repair,pending
fm_objective_sf2m__swan__seed1104__stable_numerics_v2,swan,configs/models/fm_objective_sf2m_stable_v2.json,1104,entropic_numeric_repair,pending
fm_objective_sf2m__swan__seed1105__stable_numerics_v2,swan,configs/models/fm_objective_sf2m_stable_v2.json,1105,entropic_numeric_repair,pending
fm_objective_sf2m__swan__seed1106__stable_numerics_v2,swan,configs/models/fm_objective_sf2m_stable_v2.json,1106,entropic_numeric_repair,pending
fm_objective_sf2m__swan__seed1107__stable_numerics_v2,swan,configs/models/fm_objective_sf2m_stable_v2.json,1107,entropic_numeric_repair,pending
fm_objective_sf2m_flow_only__swan__seed1103__stable_numerics_v2,swan,configs/models/fm_objective_sf2m_flow_only_stable_v2.json,1103,entropic_numeric_repair,pending
fm_objective_sf2m_flow_only__swan__seed1104__stable_numerics_v2,swan,configs/models/fm_objective_sf2m_flow_only_stable_v2.json,1104,entropic_numeric_repair,pending
fm_objective_sf2m_flow_only__swan__seed1105__stable_numerics_v2,swan,configs/models/fm_objective_sf2m_flow_only_stable_v2.json,1105,entropic_numeric_repair,pending
fm_objective_sf2m_flow_only__swan__seed1106__stable_numerics_v2,swan,configs/models/fm_objective_sf2m_flow_only_stable_v2.json,1106,entropic_numeric_repair,pending
fm_objective_sf2m_flow_only__swan__seed1107__stable_numerics_v2,swan,configs/models/fm_objective_sf2m_flow_only_stable_v2.json,1107,entropic_numeric_repair,pending
fm_objective_sb__cicids__seed1103__stable_numerics_v2,cicids,configs/models/fm_objective_sb_stable_v2.json,1103,entropic_numeric_repair,pending
fm_objective_sb__cicids__seed1104__stable_numerics_v2,cicids,configs/models/fm_objective_sb_stable_v2.json,1104,entropic_numeric_repair,pending
fm_objective_sb__cicids__seed1105__stable_numerics_v2,cicids,configs/models/fm_objective_sb_stable_v2.json,1105,entropic_numeric_repair,pending
fm_objective_sb__cicids__seed1106__stable_numerics_v2,cicids,configs/models/fm_objective_sb_stable_v2.json,1106,entropic_numeric_repair,pending
fm_objective_sb__cicids__seed1107__stable_numerics_v2,cicids,configs/models/fm_objective_sb_stable_v2.json,1107,entropic_numeric_repair,pending
fm_objective_sf2m__cicids__seed1103__stable_numerics_v2,cicids,configs/models/fm_objective_sf2m_stable_v2.json,1103,entropic_numeric_repair,pending
fm_objective_sf2m__cicids__seed1104__stable_numerics_v2,cicids,configs/models/fm_objective_sf2m_stable_v2.json,1104,entropic_numeric_repair,pending
fm_objective_sf2m__cicids__seed1105__stable_numerics_v2,cicids,configs/models/fm_objective_sf2m_stable_v2.json,1105,entropic_numeric_repair,pending
fm_objective_sf2m__cicids__seed1106__stable_numerics_v2,cicids,configs/models/fm_objective_sf2m_stable_v2.json,1106,entropic_numeric_repair,pending
fm_objective_sf2m__cicids__seed1107__stable_numerics_v2,cicids,configs/models/fm_objective_sf2m_stable_v2.json,1107,entropic_numeric_repair,pending
fm_objective_sf2m_flow_only__cicids__seed1103__stable_numerics_v2,cicids,configs/models/fm_objective_sf2m_flow_only_stable_v2.json,1103,entropic_numeric_repair,pending
fm_objective_sf2m_flow_only__cicids__seed1104__stable_numerics_v2,cicids,configs/models/fm_objective_sf2m_flow_only_stable_v2.json,1104,entropic_numeric_repair,pending
fm_objective_sf2m_flow_only__cicids__seed1105__stable_numerics_v2,cicids,configs/models/fm_objective_sf2m_flow_only_stable_v2.json,1105,entropic_numeric_repair,pending
fm_objective_sf2m_flow_only__cicids__seed1106__stable_numerics_v2,cicids,configs/models/fm_objective_sf2m_flow_only_stable_v2.json,1106,entropic_numeric_repair,pending
fm_objective_sf2m_flow_only__cicids__seed1107__stable_numerics_v2,cicids,configs/models/fm_objective_sf2m_flow_only_stable_v2.json,1107,entropic_numeric_repair,pending
fm_strict_timesnet__psm__registered__seed1103,psm,configs/models/fm_strict_baselines/fm_strict_timesnet__psm__registered.json,1103,strict_baselines,completed
fm_strict_timesnet__psm__registered__seed1104,psm,configs/models/fm_strict_baselines/fm_strict_timesnet__psm__registered.json,1104,strict_baselines,completed
fm_strict_timesnet__psm__registered__seed1105,psm,configs/models/fm_strict_baselines/fm_strict_timesnet__psm__registered.json,1105,strict_baselines,completed
fm_strict_timesnet__psm__registered__seed1106,psm,configs/models/fm_strict_baselines/fm_strict_timesnet__psm__registered.json,1106,strict_baselines,completed
fm_strict_timesnet__psm__registered__seed1107,psm,configs/models/fm_strict_baselines/fm_strict_timesnet__psm__registered.json,1107,strict_baselines,completed
fm_strict_anomaly_transformer__psm__registered__seed1103,psm,configs/models/fm_strict_baselines/fm_strict_anomaly_transformer__psm__registered.json,1103,strict_baselines,completed
fm_strict_anomaly_transformer__psm__registered__seed1104,psm,configs/models/fm_strict_baselines/fm_strict_anomaly_transformer__psm__registered.json,1104,strict_baselines,completed
fm_strict_anomaly_transformer__psm__registered__seed1105,psm,configs/models/fm_strict_baselines/fm_strict_anomaly_transformer__psm__registered.json,1105,strict_baselines,completed
fm_strict_anomaly_transformer__psm__registered__seed1106,psm,configs/models/fm_strict_baselines/fm_strict_anomaly_transformer__psm__registered.json,1106,strict_baselines,completed
fm_strict_anomaly_transformer__psm__registered__seed1107,psm,configs/models/fm_strict_baselines/fm_strict_anomaly_transformer__psm__registered.json,1107,strict_baselines,completed
fm_strict_dcdetector__psm__registered__seed1103,psm,configs/models/fm_strict_baselines/fm_strict_dcdetector__psm__registered.json,1103,strict_baselines,completed
fm_strict_dcdetector__psm__registered__seed1104,psm,configs/models/fm_strict_baselines/fm_strict_dcdetector__psm__registered.json,1104,strict_baselines,completed
fm_strict_dcdetector__psm__registered__seed1105,psm,configs/models/fm_strict_baselines/fm_strict_dcdetector__psm__registered.json,1105,strict_baselines,completed
fm_strict_dcdetector__psm__registered__seed1106,psm,configs/models/fm_strict_baselines/fm_strict_dcdetector__psm__registered.json,1106,strict_baselines,completed
fm_strict_dcdetector__psm__registered__seed1107,psm,configs/models/fm_strict_baselines/fm_strict_dcdetector__psm__registered.json,1107,strict_baselines,completed
fm_strict_tranad__psm__registered__seed1103,psm,configs/models/fm_strict_baselines/fm_strict_tranad__psm__registered.json,1103,strict_baselines,completed
fm_strict_tranad__psm__registered__seed1104,psm,configs/models/fm_strict_baselines/fm_strict_tranad__psm__registered.json,1104,strict_baselines,completed
fm_strict_tranad__psm__registered__seed1105,psm,configs/models/fm_strict_baselines/fm_strict_tranad__psm__registered.json,1105,strict_baselines,completed
fm_strict_tranad__psm__registered__seed1106,psm,configs/models/fm_strict_baselines/fm_strict_tranad__psm__registered.json,1106,strict_baselines,completed
fm_strict_tranad__psm__registered__seed1107,psm,configs/models/fm_strict_baselines/fm_strict_tranad__psm__registered.json,1107,strict_baselines,completed
fm_strict_usad__psm__registered__seed1103,psm,configs/models/fm_strict_baselines/fm_strict_usad__psm__registered.json,1103,strict_baselines,completed
fm_strict_usad__psm__registered__seed1104,psm,configs/models/fm_strict_baselines/fm_strict_usad__psm__registered.json,1104,strict_baselines,completed
fm_strict_usad__psm__registered__seed1105,psm,configs/models/fm_strict_baselines/fm_strict_usad__psm__registered.json,1105,strict_baselines,completed
fm_strict_usad__psm__registered__seed1106,psm,configs/models/fm_strict_baselines/fm_strict_usad__psm__registered.json,1106,strict_baselines,completed
fm_strict_usad__psm__registered__seed1107,psm,configs/models/fm_strict_baselines/fm_strict_usad__psm__registered.json,1107,strict_baselines,completed
fm_strict_usad__psm__signed_paper_loss__seed1103,psm,configs/models/fm_strict_baselines/fm_strict_usad__psm__signed_paper_loss.json,1103,strict_baselines,completed
fm_strict_usad__psm__signed_paper_loss__seed1104,psm,configs/models/fm_strict_baselines/fm_strict_usad__psm__signed_paper_loss.json,1104,strict_baselines,completed
fm_strict_usad__psm__signed_paper_loss__seed1105,psm,configs/models/fm_strict_baselines/fm_strict_usad__psm__signed_paper_loss.json,1105,strict_baselines,completed
fm_strict_usad__psm__signed_paper_loss__seed1106,psm,configs/models/fm_strict_baselines/fm_strict_usad__psm__signed_paper_loss.json,1106,strict_baselines,completed
fm_strict_usad__psm__signed_paper_loss__seed1107,psm,configs/models/fm_strict_baselines/fm_strict_usad__psm__signed_paper_loss.json,1107,strict_baselines,completed
fm_strict_itransformer__psm__registered__seed1103,psm,configs/models/fm_strict_baselines/fm_strict_itransformer__psm__registered.json,1103,strict_baselines,completed
fm_strict_itransformer__psm__registered__seed1104,psm,configs/models/fm_strict_baselines/fm_strict_itransformer__psm__registered.json,1104,strict_baselines,completed
fm_strict_itransformer__psm__registered__seed1105,psm,configs/models/fm_strict_baselines/fm_strict_itransformer__psm__registered.json,1105,strict_baselines,completed
fm_strict_itransformer__psm__registered__seed1106,psm,configs/models/fm_strict_baselines/fm_strict_itransformer__psm__registered.json,1106,strict_baselines,completed
fm_strict_itransformer__psm__registered__seed1107,psm,configs/models/fm_strict_baselines/fm_strict_itransformer__psm__registered.json,1107,strict_baselines,completed
fm_strict_timesnet__smap__registered__seed1103,smap,configs/models/fm_strict_baselines/fm_strict_timesnet__smap__registered.json,1103,strict_baselines,completed
fm_strict_timesnet__smap__registered__seed1104,smap,configs/models/fm_strict_baselines/fm_strict_timesnet__smap__registered.json,1104,strict_baselines,completed
fm_strict_timesnet__smap__registered__seed1105,smap,configs/models/fm_strict_baselines/fm_strict_timesnet__smap__registered.json,1105,strict_baselines,partial_or_failed
fm_strict_timesnet__smap__registered__seed1106,smap,configs/models/fm_strict_baselines/fm_strict_timesnet__smap__registered.json,1106,strict_baselines,running
fm_strict_timesnet__smap__registered__seed1107,smap,configs/models/fm_strict_baselines/fm_strict_timesnet__smap__registered.json,1107,strict_baselines,pending
fm_strict_anomaly_transformer__smap__registered__seed1103,smap,configs/models/fm_strict_baselines/fm_strict_anomaly_transformer__smap__registered.json,1103,strict_baselines,pending
fm_strict_anomaly_transformer__smap__registered__seed1104,smap,configs/models/fm_strict_baselines/fm_strict_anomaly_transformer__smap__registered.json,1104,strict_baselines,pending
fm_strict_anomaly_transformer__smap__registered__seed1105,smap,configs/models/fm_strict_baselines/fm_strict_anomaly_transformer__smap__registered.json,1105,strict_baselines,pending
fm_strict_anomaly_transformer__smap__registered__seed1106,smap,configs/models/fm_strict_baselines/fm_strict_anomaly_transformer__smap__registered.json,1106,strict_baselines,pending
fm_strict_anomaly_transformer__smap__registered__seed1107,smap,configs/models/fm_strict_baselines/fm_strict_anomaly_transformer__smap__registered.json,1107,strict_baselines,pending
fm_strict_dcdetector__smap__registered__seed1103,smap,configs/models/fm_strict_baselines/fm_strict_dcdetector__smap__registered.json,1103,strict_baselines,pending
fm_strict_dcdetector__smap__registered__seed1104,smap,configs/models/fm_strict_baselines/fm_strict_dcdetector__smap__registered.json,1104,strict_baselines,pending
fm_strict_dcdetector__smap__registered__seed1105,smap,configs/models/fm_strict_baselines/fm_strict_dcdetector__smap__registered.json,1105,strict_baselines,pending
fm_strict_dcdetector__smap__registered__seed1106,smap,configs/models/fm_strict_baselines/fm_strict_dcdetector__smap__registered.json,1106,strict_baselines,pending
fm_strict_dcdetector__smap__registered__seed1107,smap,configs/models/fm_strict_baselines/fm_strict_dcdetector__smap__registered.json,1107,strict_baselines,pending
fm_strict_tranad__smap__registered__seed1103,smap,configs/models/fm_strict_baselines/fm_strict_tranad__smap__registered.json,1103,strict_baselines,pending
fm_strict_tranad__smap__registered__seed1104,smap,configs/models/fm_strict_baselines/fm_strict_tranad__smap__registered.json,1104,strict_baselines,pending
fm_strict_tranad__smap__registered__seed1105,smap,configs/models/fm_strict_baselines/fm_strict_tranad__smap__registered.json,1105,strict_baselines,pending
fm_strict_tranad__smap__registered__seed1106,smap,configs/models/fm_strict_baselines/fm_strict_tranad__smap__registered.json,1106,strict_baselines,pending
fm_strict_tranad__smap__registered__seed1107,smap,configs/models/fm_strict_baselines/fm_strict_tranad__smap__registered.json,1107,strict_baselines,pending
fm_strict_usad__smap__registered__seed1103,smap,configs/models/fm_strict_baselines/fm_strict_usad__smap__registered.json,1103,strict_baselines,pending
fm_strict_usad__smap__registered__seed1104,smap,configs/models/fm_strict_baselines/fm_strict_usad__smap__registered.json,1104,strict_baselines,pending
fm_strict_usad__smap__registered__seed1105,smap,configs/models/fm_strict_baselines/fm_strict_usad__smap__registered.json,1105,strict_baselines,pending
fm_strict_usad__smap__registered__seed1106,smap,configs/models/fm_strict_baselines/fm_strict_usad__smap__registered.json,1106,strict_baselines,pending
fm_strict_usad__smap__registered__seed1107,smap,configs/models/fm_strict_baselines/fm_strict_usad__smap__registered.json,1107,strict_baselines,pending
fm_strict_usad__smap__signed_paper_loss__seed1103,smap,configs/models/fm_strict_baselines/fm_strict_usad__smap__signed_paper_loss.json,1103,strict_baselines,pending
fm_strict_usad__smap__signed_paper_loss__seed1104,smap,configs/models/fm_strict_baselines/fm_strict_usad__smap__signed_paper_loss.json,1104,strict_baselines,pending
fm_strict_usad__smap__signed_paper_loss__seed1105,smap,configs/models/fm_strict_baselines/fm_strict_usad__smap__signed_paper_loss.json,1105,strict_baselines,pending
fm_strict_usad__smap__signed_paper_loss__seed1106,smap,configs/models/fm_strict_baselines/fm_strict_usad__smap__signed_paper_loss.json,1106,strict_baselines,pending
fm_strict_usad__smap__signed_paper_loss__seed1107,smap,configs/models/fm_strict_baselines/fm_strict_usad__smap__signed_paper_loss.json,1107,strict_baselines,pending
fm_strict_itransformer__smap__registered__seed1103,smap,configs/models/fm_strict_baselines/fm_strict_itransformer__smap__registered.json,1103,strict_baselines,pending
fm_strict_itransformer__smap__registered__seed1104,smap,configs/models/fm_strict_baselines/fm_strict_itransformer__smap__registered.json,1104,strict_baselines,pending
fm_strict_itransformer__smap__registered__seed1105,smap,configs/models/fm_strict_baselines/fm_strict_itransformer__smap__registered.json,1105,strict_baselines,pending
fm_strict_itransformer__smap__registered__seed1106,smap,configs/models/fm_strict_baselines/fm_strict_itransformer__smap__registered.json,1106,strict_baselines,pending
fm_strict_itransformer__smap__registered__seed1107,smap,configs/models/fm_strict_baselines/fm_strict_itransformer__smap__registered.json,1107,strict_baselines,pending
fm_strict_timesnet__msl__registered__seed1103,msl,configs/models/fm_strict_baselines/fm_strict_timesnet__msl__registered.json,1103,strict_baselines,pending
fm_strict_timesnet__msl__registered__seed1104,msl,configs/models/fm_strict_baselines/fm_strict_timesnet__msl__registered.json,1104,strict_baselines,pending
fm_strict_timesnet__msl__registered__seed1105,msl,configs/models/fm_strict_baselines/fm_strict_timesnet__msl__registered.json,1105,strict_baselines,pending
fm_strict_timesnet__msl__registered__seed1106,msl,configs/models/fm_strict_baselines/fm_strict_timesnet__msl__registered.json,1106,strict_baselines,pending
fm_strict_timesnet__msl__registered__seed1107,msl,configs/models/fm_strict_baselines/fm_strict_timesnet__msl__registered.json,1107,strict_baselines,pending
fm_strict_anomaly_transformer__msl__registered__seed1103,msl,configs/models/fm_strict_baselines/fm_strict_anomaly_transformer__msl__registered.json,1103,strict_baselines,pending
fm_strict_anomaly_transformer__msl__registered__seed1104,msl,configs/models/fm_strict_baselines/fm_strict_anomaly_transformer__msl__registered.json,1104,strict_baselines,pending
fm_strict_anomaly_transformer__msl__registered__seed1105,msl,configs/models/fm_strict_baselines/fm_strict_anomaly_transformer__msl__registered.json,1105,strict_baselines,pending
fm_strict_anomaly_transformer__msl__registered__seed1106,msl,configs/models/fm_strict_baselines/fm_strict_anomaly_transformer__msl__registered.json,1106,strict_baselines,pending
fm_strict_anomaly_transformer__msl__registered__seed1107,msl,configs/models/fm_strict_baselines/fm_strict_anomaly_transformer__msl__registered.json,1107,strict_baselines,pending
fm_strict_dcdetector__msl__registered__seed1103,msl,configs/models/fm_strict_baselines/fm_strict_dcdetector__msl__registered.json,1103,strict_baselines,pending
fm_strict_dcdetector__msl__registered__seed1104,msl,configs/models/fm_strict_baselines/fm_strict_dcdetector__msl__registered.json,1104,strict_baselines,pending
fm_strict_dcdetector__msl__registered__seed1105,msl,configs/models/fm_strict_baselines/fm_strict_dcdetector__msl__registered.json,1105,strict_baselines,pending
fm_strict_dcdetector__msl__registered__seed1106,msl,configs/models/fm_strict_baselines/fm_strict_dcdetector__msl__registered.json,1106,strict_baselines,pending
fm_strict_dcdetector__msl__registered__seed1107,msl,configs/models/fm_strict_baselines/fm_strict_dcdetector__msl__registered.json,1107,strict_baselines,pending
fm_strict_tranad__msl__registered__seed1103,msl,configs/models/fm_strict_baselines/fm_strict_tranad__msl__registered.json,1103,strict_baselines,pending
fm_strict_tranad__msl__registered__seed1104,msl,configs/models/fm_strict_baselines/fm_strict_tranad__msl__registered.json,1104,strict_baselines,pending
fm_strict_tranad__msl__registered__seed1105,msl,configs/models/fm_strict_baselines/fm_strict_tranad__msl__registered.json,1105,strict_baselines,pending
fm_strict_tranad__msl__registered__seed1106,msl,configs/models/fm_strict_baselines/fm_strict_tranad__msl__registered.json,1106,strict_baselines,pending
fm_strict_tranad__msl__registered__seed1107,msl,configs/models/fm_strict_baselines/fm_strict_tranad__msl__registered.json,1107,strict_baselines,pending
fm_strict_usad__msl__registered__seed1103,msl,configs/models/fm_strict_baselines/fm_strict_usad__msl__registered.json,1103,strict_baselines,pending
fm_strict_usad__msl__registered__seed1104,msl,configs/models/fm_strict_baselines/fm_strict_usad__msl__registered.json,1104,strict_baselines,pending
fm_strict_usad__msl__registered__seed1105,msl,configs/models/fm_strict_baselines/fm_strict_usad__msl__registered.json,1105,strict_baselines,pending
fm_strict_usad__msl__registered__seed1106,msl,configs/models/fm_strict_baselines/fm_strict_usad__msl__registered.json,1106,strict_baselines,pending
fm_strict_usad__msl__registered__seed1107,msl,configs/models/fm_strict_baselines/fm_strict_usad__msl__registered.json,1107,strict_baselines,pending
fm_strict_usad__msl__signed_paper_loss__seed1103,msl,configs/models/fm_strict_baselines/fm_strict_usad__msl__signed_paper_loss.json,1103,strict_baselines,pending
fm_strict_usad__msl__signed_paper_loss__seed1104,msl,configs/models/fm_strict_baselines/fm_strict_usad__msl__signed_paper_loss.json,1104,strict_baselines,pending
fm_strict_usad__msl__signed_paper_loss__seed1105,msl,configs/models/fm_strict_baselines/fm_strict_usad__msl__signed_paper_loss.json,1105,strict_baselines,pending
fm_strict_usad__msl__signed_paper_loss__seed1106,msl,configs/models/fm_strict_baselines/fm_strict_usad__msl__signed_paper_loss.json,1106,strict_baselines,pending
fm_strict_usad__msl__signed_paper_loss__seed1107,msl,configs/models/fm_strict_baselines/fm_strict_usad__msl__signed_paper_loss.json,1107,strict_baselines,pending
fm_strict_itransformer__msl__registered__seed1103,msl,configs/models/fm_strict_baselines/fm_strict_itransformer__msl__registered.json,1103,strict_baselines,pending
fm_strict_itransformer__msl__registered__seed1104,msl,configs/models/fm_strict_baselines/fm_strict_itransformer__msl__registered.json,1104,strict_baselines,pending
fm_strict_itransformer__msl__registered__seed1105,msl,configs/models/fm_strict_baselines/fm_strict_itransformer__msl__registered.json,1105,strict_baselines,pending
fm_strict_itransformer__msl__registered__seed1106,msl,configs/models/fm_strict_baselines/fm_strict_itransformer__msl__registered.json,1106,strict_baselines,pending
fm_strict_itransformer__msl__registered__seed1107,msl,configs/models/fm_strict_baselines/fm_strict_itransformer__msl__registered.json,1107,strict_baselines,pending
fm_strict_timesnet__smd__registered__seed1103,smd,configs/models/fm_strict_baselines/fm_strict_timesnet__smd__registered.json,1103,strict_baselines,pending
fm_strict_timesnet__smd__registered__seed1104,smd,configs/models/fm_strict_baselines/fm_strict_timesnet__smd__registered.json,1104,strict_baselines,pending
fm_strict_timesnet__smd__registered__seed1105,smd,configs/models/fm_strict_baselines/fm_strict_timesnet__smd__registered.json,1105,strict_baselines,pending
fm_strict_timesnet__smd__registered__seed1106,smd,configs/models/fm_strict_baselines/fm_strict_timesnet__smd__registered.json,1106,strict_baselines,pending
fm_strict_timesnet__smd__registered__seed1107,smd,configs/models/fm_strict_baselines/fm_strict_timesnet__smd__registered.json,1107,strict_baselines,pending
fm_strict_anomaly_transformer__smd__registered__seed1103,smd,configs/models/fm_strict_baselines/fm_strict_anomaly_transformer__smd__registered.json,1103,strict_baselines,pending
fm_strict_anomaly_transformer__smd__registered__seed1104,smd,configs/models/fm_strict_baselines/fm_strict_anomaly_transformer__smd__registered.json,1104,strict_baselines,pending
fm_strict_anomaly_transformer__smd__registered__seed1105,smd,configs/models/fm_strict_baselines/fm_strict_anomaly_transformer__smd__registered.json,1105,strict_baselines,pending
fm_strict_anomaly_transformer__smd__registered__seed1106,smd,configs/models/fm_strict_baselines/fm_strict_anomaly_transformer__smd__registered.json,1106,strict_baselines,pending
fm_strict_anomaly_transformer__smd__registered__seed1107,smd,configs/models/fm_strict_baselines/fm_strict_anomaly_transformer__smd__registered.json,1107,strict_baselines,pending
fm_strict_dcdetector__smd__registered__seed1103,smd,configs/models/fm_strict_baselines/fm_strict_dcdetector__smd__registered.json,1103,strict_baselines,pending
fm_strict_dcdetector__smd__registered__seed1104,smd,configs/models/fm_strict_baselines/fm_strict_dcdetector__smd__registered.json,1104,strict_baselines,pending
fm_strict_dcdetector__smd__registered__seed1105,smd,configs/models/fm_strict_baselines/fm_strict_dcdetector__smd__registered.json,1105,strict_baselines,pending
fm_strict_dcdetector__smd__registered__seed1106,smd,configs/models/fm_strict_baselines/fm_strict_dcdetector__smd__registered.json,1106,strict_baselines,pending
fm_strict_dcdetector__smd__registered__seed1107,smd,configs/models/fm_strict_baselines/fm_strict_dcdetector__smd__registered.json,1107,strict_baselines,pending
fm_strict_tranad__smd__registered__seed1103,smd,configs/models/fm_strict_baselines/fm_strict_tranad__smd__registered.json,1103,strict_baselines,pending
fm_strict_tranad__smd__registered__seed1104,smd,configs/models/fm_strict_baselines/fm_strict_tranad__smd__registered.json,1104,strict_baselines,pending
fm_strict_tranad__smd__registered__seed1105,smd,configs/models/fm_strict_baselines/fm_strict_tranad__smd__registered.json,1105,strict_baselines,pending
fm_strict_tranad__smd__registered__seed1106,smd,configs/models/fm_strict_baselines/fm_strict_tranad__smd__registered.json,1106,strict_baselines,pending
fm_strict_tranad__smd__registered__seed1107,smd,configs/models/fm_strict_baselines/fm_strict_tranad__smd__registered.json,1107,strict_baselines,pending
fm_strict_usad__smd__registered__seed1103,smd,configs/models/fm_strict_baselines/fm_strict_usad__smd__registered.json,1103,strict_baselines,pending
fm_strict_usad__smd__registered__seed1104,smd,configs/models/fm_strict_baselines/fm_strict_usad__smd__registered.json,1104,strict_baselines,pending
fm_strict_usad__smd__registered__seed1105,smd,configs/models/fm_strict_baselines/fm_strict_usad__smd__registered.json,1105,strict_baselines,pending
fm_strict_usad__smd__registered__seed1106,smd,configs/models/fm_strict_baselines/fm_strict_usad__smd__registered.json,1106,strict_baselines,pending
fm_strict_usad__smd__registered__seed1107,smd,configs/models/fm_strict_baselines/fm_strict_usad__smd__registered.json,1107,strict_baselines,pending
fm_strict_usad__smd__signed_paper_loss__seed1103,smd,configs/models/fm_strict_baselines/fm_strict_usad__smd__signed_paper_loss.json,1103,strict_baselines,pending
fm_strict_usad__smd__signed_paper_loss__seed1104,smd,configs/models/fm_strict_baselines/fm_strict_usad__smd__signed_paper_loss.json,1104,strict_baselines,pending
fm_strict_usad__smd__signed_paper_loss__seed1105,smd,configs/models/fm_strict_baselines/fm_strict_usad__smd__signed_paper_loss.json,1105,strict_baselines,pending
fm_strict_usad__smd__signed_paper_loss__seed1106,smd,configs/models/fm_strict_baselines/fm_strict_usad__smd__signed_paper_loss.json,1106,strict_baselines,pending
fm_strict_usad__smd__signed_paper_loss__seed1107,smd,configs/models/fm_strict_baselines/fm_strict_usad__smd__signed_paper_loss.json,1107,strict_baselines,pending
fm_strict_itransformer__smd__registered__seed1103,smd,configs/models/fm_strict_baselines/fm_strict_itransformer__smd__registered.json,1103,strict_baselines,pending
fm_strict_itransformer__smd__registered__seed1104,smd,configs/models/fm_strict_baselines/fm_strict_itransformer__smd__registered.json,1104,strict_baselines,pending
fm_strict_itransformer__smd__registered__seed1105,smd,configs/models/fm_strict_baselines/fm_strict_itransformer__smd__registered.json,1105,strict_baselines,pending
fm_strict_itransformer__smd__registered__seed1106,smd,configs/models/fm_strict_baselines/fm_strict_itransformer__smd__registered.json,1106,strict_baselines,pending
fm_strict_itransformer__smd__registered__seed1107,smd,configs/models/fm_strict_baselines/fm_strict_itransformer__smd__registered.json,1107,strict_baselines,pending
fm_strict_timesnet__swat__registered__seed1103,swat,configs/models/fm_strict_baselines/fm_strict_timesnet__swat__registered.json,1103,strict_baselines,pending
fm_strict_timesnet__swat__registered__seed1104,swat,configs/models/fm_strict_baselines/fm_strict_timesnet__swat__registered.json,1104,strict_baselines,pending
fm_strict_timesnet__swat__registered__seed1105,swat,configs/models/fm_strict_baselines/fm_strict_timesnet__swat__registered.json,1105,strict_baselines,pending
fm_strict_timesnet__swat__registered__seed1106,swat,configs/models/fm_strict_baselines/fm_strict_timesnet__swat__registered.json,1106,strict_baselines,pending
fm_strict_timesnet__swat__registered__seed1107,swat,configs/models/fm_strict_baselines/fm_strict_timesnet__swat__registered.json,1107,strict_baselines,pending
fm_strict_anomaly_transformer__swat__registered__seed1103,swat,configs/models/fm_strict_baselines/fm_strict_anomaly_transformer__swat__registered.json,1103,strict_baselines,pending
fm_strict_anomaly_transformer__swat__registered__seed1104,swat,configs/models/fm_strict_baselines/fm_strict_anomaly_transformer__swat__registered.json,1104,strict_baselines,pending
fm_strict_anomaly_transformer__swat__registered__seed1105,swat,configs/models/fm_strict_baselines/fm_strict_anomaly_transformer__swat__registered.json,1105,strict_baselines,pending
fm_strict_anomaly_transformer__swat__registered__seed1106,swat,configs/models/fm_strict_baselines/fm_strict_anomaly_transformer__swat__registered.json,1106,strict_baselines,pending
fm_strict_anomaly_transformer__swat__registered__seed1107,swat,configs/models/fm_strict_baselines/fm_strict_anomaly_transformer__swat__registered.json,1107,strict_baselines,pending
fm_strict_dcdetector__swat__registered__seed1103,swat,configs/models/fm_strict_baselines/fm_strict_dcdetector__swat__registered.json,1103,strict_baselines,pending
fm_strict_dcdetector__swat__registered__seed1104,swat,configs/models/fm_strict_baselines/fm_strict_dcdetector__swat__registered.json,1104,strict_baselines,pending
fm_strict_dcdetector__swat__registered__seed1105,swat,configs/models/fm_strict_baselines/fm_strict_dcdetector__swat__registered.json,1105,strict_baselines,pending
fm_strict_dcdetector__swat__registered__seed1106,swat,configs/models/fm_strict_baselines/fm_strict_dcdetector__swat__registered.json,1106,strict_baselines,pending
fm_strict_dcdetector__swat__registered__seed1107,swat,configs/models/fm_strict_baselines/fm_strict_dcdetector__swat__registered.json,1107,strict_baselines,pending
fm_strict_tranad__swat__registered__seed1103,swat,configs/models/fm_strict_baselines/fm_strict_tranad__swat__registered.json,1103,strict_baselines,pending
fm_strict_tranad__swat__registered__seed1104,swat,configs/models/fm_strict_baselines/fm_strict_tranad__swat__registered.json,1104,strict_baselines,pending
fm_strict_tranad__swat__registered__seed1105,swat,configs/models/fm_strict_baselines/fm_strict_tranad__swat__registered.json,1105,strict_baselines,pending
fm_strict_tranad__swat__registered__seed1106,swat,configs/models/fm_strict_baselines/fm_strict_tranad__swat__registered.json,1106,strict_baselines,pending
fm_strict_tranad__swat__registered__seed1107,swat,configs/models/fm_strict_baselines/fm_strict_tranad__swat__registered.json,1107,strict_baselines,pending
fm_strict_usad__swat__registered__seed1103,swat,configs/models/fm_strict_baselines/fm_strict_usad__swat__registered.json,1103,strict_baselines,pending
fm_strict_usad__swat__registered__seed1104,swat,configs/models/fm_strict_baselines/fm_strict_usad__swat__registered.json,1104,strict_baselines,pending
fm_strict_usad__swat__registered__seed1105,swat,configs/models/fm_strict_baselines/fm_strict_usad__swat__registered.json,1105,strict_baselines,pending
fm_strict_usad__swat__registered__seed1106,swat,configs/models/fm_strict_baselines/fm_strict_usad__swat__registered.json,1106,strict_baselines,pending
fm_strict_usad__swat__registered__seed1107,swat,configs/models/fm_strict_baselines/fm_strict_usad__swat__registered.json,1107,strict_baselines,pending
fm_strict_usad__swat__signed_paper_loss__seed1103,swat,configs/models/fm_strict_baselines/fm_strict_usad__swat__signed_paper_loss.json,1103,strict_baselines,pending
fm_strict_usad__swat__signed_paper_loss__seed1104,swat,configs/models/fm_strict_baselines/fm_strict_usad__swat__signed_paper_loss.json,1104,strict_baselines,pending
fm_strict_usad__swat__signed_paper_loss__seed1105,swat,configs/models/fm_strict_baselines/fm_strict_usad__swat__signed_paper_loss.json,1105,strict_baselines,pending
fm_strict_usad__swat__signed_paper_loss__seed1106,swat,configs/models/fm_strict_baselines/fm_strict_usad__swat__signed_paper_loss.json,1106,strict_baselines,pending
fm_strict_usad__swat__signed_paper_loss__seed1107,swat,configs/models/fm_strict_baselines/fm_strict_usad__swat__signed_paper_loss.json,1107,strict_baselines,pending
fm_strict_itransformer__swat__registered__seed1103,swat,configs/models/fm_strict_baselines/fm_strict_itransformer__swat__registered.json,1103,strict_baselines,pending
fm_strict_itransformer__swat__registered__seed1104,swat,configs/models/fm_strict_baselines/fm_strict_itransformer__swat__registered.json,1104,strict_baselines,pending
fm_strict_itransformer__swat__registered__seed1105,swat,configs/models/fm_strict_baselines/fm_strict_itransformer__swat__registered.json,1105,strict_baselines,pending
fm_strict_itransformer__swat__registered__seed1106,swat,configs/models/fm_strict_baselines/fm_strict_itransformer__swat__registered.json,1106,strict_baselines,pending
fm_strict_itransformer__swat__registered__seed1107,swat,configs/models/fm_strict_baselines/fm_strict_itransformer__swat__registered.json,1107,strict_baselines,pending
fm_reflow_2stage__psm__seed1103,psm,configs/models/fm_reflow_2stage.json,1103,iterative_reflow,completed
fm_reflow_2stage__psm__seed1104,psm,configs/models/fm_reflow_2stage.json,1104,iterative_reflow,completed
fm_reflow_2stage__psm__seed1105,psm,configs/models/fm_reflow_2stage.json,1105,iterative_reflow,completed
fm_reflow_2stage__psm__seed1106,psm,configs/models/fm_reflow_2stage.json,1106,iterative_reflow,completed
fm_reflow_2stage__psm__seed1107,psm,configs/models/fm_reflow_2stage.json,1107,iterative_reflow,completed
fm_reflow_2stage__smap__seed1103,smap,configs/models/fm_reflow_2stage.json,1103,iterative_reflow,completed
fm_reflow_2stage__smap__seed1104,smap,configs/models/fm_reflow_2stage.json,1104,iterative_reflow,completed
fm_reflow_2stage__smap__seed1105,smap,configs/models/fm_reflow_2stage.json,1105,iterative_reflow,completed
fm_reflow_2stage__smap__seed1106,smap,configs/models/fm_reflow_2stage.json,1106,iterative_reflow,completed
fm_reflow_2stage__smap__seed1107,smap,configs/models/fm_reflow_2stage.json,1107,iterative_reflow,completed
fm_reflow_2stage__msl__seed1103,msl,configs/models/fm_reflow_2stage.json,1103,iterative_reflow,completed
fm_reflow_2stage__msl__seed1104,msl,configs/models/fm_reflow_2stage.json,1104,iterative_reflow,completed
fm_reflow_2stage__msl__seed1105,msl,configs/models/fm_reflow_2stage.json,1105,iterative_reflow,completed
fm_reflow_2stage__msl__seed1106,msl,configs/models/fm_reflow_2stage.json,1106,iterative_reflow,completed
fm_reflow_2stage__msl__seed1107,msl,configs/models/fm_reflow_2stage.json,1107,iterative_reflow,completed
fm_reflow_2stage__smd__seed1103,smd,configs/models/fm_reflow_2stage.json,1103,iterative_reflow,completed
fm_reflow_2stage__smd__seed1104,smd,configs/models/fm_reflow_2stage.json,1104,iterative_reflow,completed
fm_reflow_2stage__smd__seed1105,smd,configs/models/fm_reflow_2stage.json,1105,iterative_reflow,completed
fm_reflow_2stage__smd__seed1106,smd,configs/models/fm_reflow_2stage.json,1106,iterative_reflow,completed
fm_reflow_2stage__smd__seed1107,smd,configs/models/fm_reflow_2stage.json,1107,iterative_reflow,completed
fm_reflow_2stage__swat__seed1103,swat,configs/models/fm_reflow_2stage.json,1103,iterative_reflow,completed
fm_reflow_2stage__swat__seed1104,swat,configs/models/fm_reflow_2stage.json,1104,iterative_reflow,completed
fm_reflow_2stage__swat__seed1105,swat,configs/models/fm_reflow_2stage.json,1105,iterative_reflow,completed
fm_reflow_2stage__swat__seed1106,swat,configs/models/fm_reflow_2stage.json,1106,iterative_reflow,completed
fm_reflow_2stage__swat__seed1107,swat,configs/models/fm_reflow_2stage.json,1107,iterative_reflow,completed
fm_reflow_2stage__swan__seed1103,swan,configs/models/fm_reflow_2stage.json,1103,iterative_reflow,completed
fm_reflow_2stage__swan__seed1104,swan,configs/models/fm_reflow_2stage.json,1104,iterative_reflow,completed
fm_reflow_2stage__swan__seed1105,swan,configs/models/fm_reflow_2stage.json,1105,iterative_reflow,completed
fm_reflow_2stage__swan__seed1106,swan,configs/models/fm_reflow_2stage.json,1106,iterative_reflow,completed
fm_reflow_2stage__swan__seed1107,swan,configs/models/fm_reflow_2stage.json,1107,iterative_reflow,completed
fm_reflow_2stage__cicids__seed1103,cicids,configs/models/fm_reflow_2stage.json,1103,iterative_reflow,completed
fm_reflow_2stage__cicids__seed1104,cicids,configs/models/fm_reflow_2stage.json,1104,iterative_reflow,completed
fm_reflow_2stage__cicids__seed1105,cicids,configs/models/fm_reflow_2stage.json,1105,iterative_reflow,completed
fm_reflow_2stage__cicids__seed1106,cicids,configs/models/fm_reflow_2stage.json,1106,iterative_reflow,completed
fm_reflow_2stage__cicids__seed1107,cicids,configs/models/fm_reflow_2stage.json,1107,iterative_reflow,completed
fm_reflow_3stage__psm__seed1103,psm,configs/models/fm_reflow_3stage.json,1103,iterative_reflow,completed
fm_reflow_3stage__psm__seed1104,psm,configs/models/fm_reflow_3stage.json,1104,iterative_reflow,completed
fm_reflow_3stage__psm__seed1105,psm,configs/models/fm_reflow_3stage.json,1105,iterative_reflow,completed
fm_reflow_3stage__psm__seed1106,psm,configs/models/fm_reflow_3stage.json,1106,iterative_reflow,completed
fm_reflow_3stage__psm__seed1107,psm,configs/models/fm_reflow_3stage.json,1107,iterative_reflow,completed
fm_reflow_3stage__smap__seed1103,smap,configs/models/fm_reflow_3stage.json,1103,iterative_reflow,completed
fm_reflow_3stage__smap__seed1104,smap,configs/models/fm_reflow_3stage.json,1104,iterative_reflow,completed
fm_reflow_3stage__smap__seed1105,smap,configs/models/fm_reflow_3stage.json,1105,iterative_reflow,completed
fm_reflow_3stage__smap__seed1106,smap,configs/models/fm_reflow_3stage.json,1106,iterative_reflow,completed
fm_reflow_3stage__smap__seed1107,smap,configs/models/fm_reflow_3stage.json,1107,iterative_reflow,completed
fm_reflow_3stage__msl__seed1103,msl,configs/models/fm_reflow_3stage.json,1103,iterative_reflow,completed
fm_reflow_3stage__msl__seed1104,msl,configs/models/fm_reflow_3stage.json,1104,iterative_reflow,completed
fm_reflow_3stage__msl__seed1105,msl,configs/models/fm_reflow_3stage.json,1105,iterative_reflow,completed
fm_reflow_3stage__msl__seed1106,msl,configs/models/fm_reflow_3stage.json,1106,iterative_reflow,completed
fm_reflow_3stage__msl__seed1107,msl,configs/models/fm_reflow_3stage.json,1107,iterative_reflow,completed
fm_reflow_3stage__smd__seed1103,smd,configs/models/fm_reflow_3stage.json,1103,iterative_reflow,completed
fm_reflow_3stage__smd__seed1104,smd,configs/models/fm_reflow_3stage.json,1104,iterative_reflow,completed
fm_reflow_3stage__smd__seed1105,smd,configs/models/fm_reflow_3stage.json,1105,iterative_reflow,completed
fm_reflow_3stage__smd__seed1106,smd,configs/models/fm_reflow_3stage.json,1106,iterative_reflow,completed
fm_reflow_3stage__smd__seed1107,smd,configs/models/fm_reflow_3stage.json,1107,iterative_reflow,completed
fm_reflow_3stage__swat__seed1103,swat,configs/models/fm_reflow_3stage.json,1103,iterative_reflow,completed
fm_reflow_3stage__swat__seed1104,swat,configs/models/fm_reflow_3stage.json,1104,iterative_reflow,completed
fm_reflow_3stage__swat__seed1105,swat,configs/models/fm_reflow_3stage.json,1105,iterative_reflow,completed
fm_reflow_3stage__swat__seed1106,swat,configs/models/fm_reflow_3stage.json,1106,iterative_reflow,completed
fm_reflow_3stage__swat__seed1107,swat,configs/models/fm_reflow_3stage.json,1107,iterative_reflow,completed
fm_reflow_3stage__swan__seed1103,swan,configs/models/fm_reflow_3stage.json,1103,iterative_reflow,completed
fm_reflow_3stage__swan__seed1104,swan,configs/models/fm_reflow_3stage.json,1104,iterative_reflow,completed
fm_reflow_3stage__swan__seed1105,swan,configs/models/fm_reflow_3stage.json,1105,iterative_reflow,completed
fm_reflow_3stage__swan__seed1106,swan,configs/models/fm_reflow_3stage.json,1106,iterative_reflow,completed
fm_reflow_3stage__swan__seed1107,swan,configs/models/fm_reflow_3stage.json,1107,iterative_reflow,completed
fm_reflow_3stage__cicids__seed1103,cicids,configs/models/fm_reflow_3stage.json,1103,iterative_reflow,completed
fm_reflow_3stage__cicids__seed1104,cicids,configs/models/fm_reflow_3stage.json,1104,iterative_reflow,completed
fm_reflow_3stage__cicids__seed1105,cicids,configs/models/fm_reflow_3stage.json,1105,iterative_reflow,completed
fm_reflow_3stage__cicids__seed1106,cicids,configs/models/fm_reflow_3stage.json,1106,iterative_reflow,completed
fm_reflow_3stage__cicids__seed1107,cicids,configs/models/fm_reflow_3stage.json,1107,iterative_reflow,completed
fm_rectified_40epoch_budget_control__psm__seed1103,psm,configs/models/fm_rectified_40epoch_budget_control.json,1103,iterative_reflow,completed
fm_rectified_40epoch_budget_control__psm__seed1104,psm,configs/models/fm_rectified_40epoch_budget_control.json,1104,iterative_reflow,completed
fm_rectified_40epoch_budget_control__psm__seed1105,psm,configs/models/fm_rectified_40epoch_budget_control.json,1105,iterative_reflow,completed
fm_rectified_40epoch_budget_control__psm__seed1106,psm,configs/models/fm_rectified_40epoch_budget_control.json,1106,iterative_reflow,completed
fm_rectified_40epoch_budget_control__psm__seed1107,psm,configs/models/fm_rectified_40epoch_budget_control.json,1107,iterative_reflow,completed
fm_rectified_40epoch_budget_control__smap__seed1103,smap,configs/models/fm_rectified_40epoch_budget_control.json,1103,iterative_reflow,completed
fm_rectified_40epoch_budget_control__smap__seed1104,smap,configs/models/fm_rectified_40epoch_budget_control.json,1104,iterative_reflow,completed
fm_rectified_40epoch_budget_control__smap__seed1105,smap,configs/models/fm_rectified_40epoch_budget_control.json,1105,iterative_reflow,completed
fm_rectified_40epoch_budget_control__smap__seed1106,smap,configs/models/fm_rectified_40epoch_budget_control.json,1106,iterative_reflow,completed
fm_rectified_40epoch_budget_control__smap__seed1107,smap,configs/models/fm_rectified_40epoch_budget_control.json,1107,iterative_reflow,completed
fm_rectified_40epoch_budget_control__msl__seed1103,msl,configs/models/fm_rectified_40epoch_budget_control.json,1103,iterative_reflow,completed
fm_rectified_40epoch_budget_control__msl__seed1104,msl,configs/models/fm_rectified_40epoch_budget_control.json,1104,iterative_reflow,completed
fm_rectified_40epoch_budget_control__msl__seed1105,msl,configs/models/fm_rectified_40epoch_budget_control.json,1105,iterative_reflow,completed
fm_rectified_40epoch_budget_control__msl__seed1106,msl,configs/models/fm_rectified_40epoch_budget_control.json,1106,iterative_reflow,completed
fm_rectified_40epoch_budget_control__msl__seed1107,msl,configs/models/fm_rectified_40epoch_budget_control.json,1107,iterative_reflow,completed
fm_rectified_40epoch_budget_control__smd__seed1103,smd,configs/models/fm_rectified_40epoch_budget_control.json,1103,iterative_reflow,completed
fm_rectified_40epoch_budget_control__smd__seed1104,smd,configs/models/fm_rectified_40epoch_budget_control.json,1104,iterative_reflow,completed
fm_rectified_40epoch_budget_control__smd__seed1105,smd,configs/models/fm_rectified_40epoch_budget_control.json,1105,iterative_reflow,completed
fm_rectified_40epoch_budget_control__smd__seed1106,smd,configs/models/fm_rectified_40epoch_budget_control.json,1106,iterative_reflow,completed
fm_rectified_40epoch_budget_control__smd__seed1107,smd,configs/models/fm_rectified_40epoch_budget_control.json,1107,iterative_reflow,completed
fm_rectified_40epoch_budget_control__swat__seed1103,swat,configs/models/fm_rectified_40epoch_budget_control.json,1103,iterative_reflow,completed
fm_rectified_40epoch_budget_control__swat__seed1104,swat,configs/models/fm_rectified_40epoch_budget_control.json,1104,iterative_reflow,completed
fm_rectified_40epoch_budget_control__swat__seed1105,swat,configs/models/fm_rectified_40epoch_budget_control.json,1105,iterative_reflow,completed
fm_rectified_40epoch_budget_control__swat__seed1106,swat,configs/models/fm_rectified_40epoch_budget_control.json,1106,iterative_reflow,completed
fm_rectified_40epoch_budget_control__swat__seed1107,swat,configs/models/fm_rectified_40epoch_budget_control.json,1107,iterative_reflow,completed
fm_rectified_40epoch_budget_control__swan__seed1103,swan,configs/models/fm_rectified_40epoch_budget_control.json,1103,iterative_reflow,completed
fm_rectified_40epoch_budget_control__swan__seed1104,swan,configs/models/fm_rectified_40epoch_budget_control.json,1104,iterative_reflow,completed
fm_rectified_40epoch_budget_control__swan__seed1105,swan,configs/models/fm_rectified_40epoch_budget_control.json,1105,iterative_reflow,completed
fm_rectified_40epoch_budget_control__swan__seed1106,swan,configs/models/fm_rectified_40epoch_budget_control.json,1106,iterative_reflow,completed
fm_rectified_40epoch_budget_control__swan__seed1107,swan,configs/models/fm_rectified_40epoch_budget_control.json,1107,iterative_reflow,completed
fm_rectified_40epoch_budget_control__cicids__seed1103,cicids,configs/models/fm_rectified_40epoch_budget_control.json,1103,iterative_reflow,completed
fm_rectified_40epoch_budget_control__cicids__seed1104,cicids,configs/models/fm_rectified_40epoch_budget_control.json,1104,iterative_reflow,completed
fm_rectified_40epoch_budget_control__cicids__seed1105,cicids,configs/models/fm_rectified_40epoch_budget_control.json,1105,iterative_reflow,completed
fm_rectified_40epoch_budget_control__cicids__seed1106,cicids,configs/models/fm_rectified_40epoch_budget_control.json,1106,iterative_reflow,completed
fm_rectified_40epoch_budget_control__cicids__seed1107,cicids,configs/models/fm_rectified_40epoch_budget_control.json,1107,iterative_reflow,completed
fm_rectified_60epoch_budget_control__psm__seed1103,psm,configs/models/fm_rectified_60epoch_budget_control.json,1103,iterative_reflow,completed
fm_rectified_60epoch_budget_control__psm__seed1104,psm,configs/models/fm_rectified_60epoch_budget_control.json,1104,iterative_reflow,completed
fm_rectified_60epoch_budget_control__psm__seed1105,psm,configs/models/fm_rectified_60epoch_budget_control.json,1105,iterative_reflow,completed
fm_rectified_60epoch_budget_control__psm__seed1106,psm,configs/models/fm_rectified_60epoch_budget_control.json,1106,iterative_reflow,completed
fm_rectified_60epoch_budget_control__psm__seed1107,psm,configs/models/fm_rectified_60epoch_budget_control.json,1107,iterative_reflow,completed
fm_rectified_60epoch_budget_control__smap__seed1103,smap,configs/models/fm_rectified_60epoch_budget_control.json,1103,iterative_reflow,completed
fm_rectified_60epoch_budget_control__smap__seed1104,smap,configs/models/fm_rectified_60epoch_budget_control.json,1104,iterative_reflow,completed
fm_rectified_60epoch_budget_control__smap__seed1105,smap,configs/models/fm_rectified_60epoch_budget_control.json,1105,iterative_reflow,completed
fm_rectified_60epoch_budget_control__smap__seed1106,smap,configs/models/fm_rectified_60epoch_budget_control.json,1106,iterative_reflow,completed
fm_rectified_60epoch_budget_control__smap__seed1107,smap,configs/models/fm_rectified_60epoch_budget_control.json,1107,iterative_reflow,completed
fm_rectified_60epoch_budget_control__msl__seed1103,msl,configs/models/fm_rectified_60epoch_budget_control.json,1103,iterative_reflow,completed
fm_rectified_60epoch_budget_control__msl__seed1104,msl,configs/models/fm_rectified_60epoch_budget_control.json,1104,iterative_reflow,completed
fm_rectified_60epoch_budget_control__msl__seed1105,msl,configs/models/fm_rectified_60epoch_budget_control.json,1105,iterative_reflow,completed
fm_rectified_60epoch_budget_control__msl__seed1106,msl,configs/models/fm_rectified_60epoch_budget_control.json,1106,iterative_reflow,completed
fm_rectified_60epoch_budget_control__msl__seed1107,msl,configs/models/fm_rectified_60epoch_budget_control.json,1107,iterative_reflow,completed
fm_rectified_60epoch_budget_control__smd__seed1103,smd,configs/models/fm_rectified_60epoch_budget_control.json,1103,iterative_reflow,completed
fm_rectified_60epoch_budget_control__smd__seed1104,smd,configs/models/fm_rectified_60epoch_budget_control.json,1104,iterative_reflow,completed
fm_rectified_60epoch_budget_control__smd__seed1105,smd,configs/models/fm_rectified_60epoch_budget_control.json,1105,iterative_reflow,completed
fm_rectified_60epoch_budget_control__smd__seed1106,smd,configs/models/fm_rectified_60epoch_budget_control.json,1106,iterative_reflow,completed
fm_rectified_60epoch_budget_control__smd__seed1107,smd,configs/models/fm_rectified_60epoch_budget_control.json,1107,iterative_reflow,completed
fm_rectified_60epoch_budget_control__swat__seed1103,swat,configs/models/fm_rectified_60epoch_budget_control.json,1103,iterative_reflow,completed
fm_rectified_60epoch_budget_control__swat__seed1104,swat,configs/models/fm_rectified_60epoch_budget_control.json,1104,iterative_reflow,completed
fm_rectified_60epoch_budget_control__swat__seed1105,swat,configs/models/fm_rectified_60epoch_budget_control.json,1105,iterative_reflow,completed
fm_rectified_60epoch_budget_control__swat__seed1106,swat,configs/models/fm_rectified_60epoch_budget_control.json,1106,iterative_reflow,completed
fm_rectified_60epoch_budget_control__swat__seed1107,swat,configs/models/fm_rectified_60epoch_budget_control.json,1107,iterative_reflow,completed
fm_rectified_60epoch_budget_control__swan__seed1103,swan,configs/models/fm_rectified_60epoch_budget_control.json,1103,iterative_reflow,completed
fm_rectified_60epoch_budget_control__swan__seed1104,swan,configs/models/fm_rectified_60epoch_budget_control.json,1104,iterative_reflow,completed
fm_rectified_60epoch_budget_control__swan__seed1105,swan,configs/models/fm_rectified_60epoch_budget_control.json,1105,iterative_reflow,completed
fm_rectified_60epoch_budget_control__swan__seed1106,swan,configs/models/fm_rectified_60epoch_budget_control.json,1106,iterative_reflow,completed
fm_rectified_60epoch_budget_control__swan__seed1107,swan,configs/models/fm_rectified_60epoch_budget_control.json,1107,iterative_reflow,pending
fm_rectified_60epoch_budget_control__cicids__seed1103,cicids,configs/models/fm_rectified_60epoch_budget_control.json,1103,iterative_reflow,partial_or_failed
fm_rectified_60epoch_budget_control__cicids__seed1104,cicids,configs/models/fm_rectified_60epoch_budget_control.json,1104,iterative_reflow,completed
fm_rectified_60epoch_budget_control__cicids__seed1105,cicids,configs/models/fm_rectified_60epoch_budget_control.json,1105,iterative_reflow,completed
fm_rectified_60epoch_budget_control__cicids__seed1106,cicids,configs/models/fm_rectified_60epoch_budget_control.json,1106,iterative_reflow,running
fm_rectified_60epoch_budget_control__cicids__seed1107,cicids,configs/models/fm_rectified_60epoch_budget_control.json,1107,iterative_reflow,pending
fm_moment_pretrained_small__release512__psm__seed42,psm,configs/models/fm_moment_pretrained/fm_moment_pretrained_small__release512.json,42,moment_pretrained,completed
fm_moment_pretrained_small__release512__smap__seed42,smap,configs/models/fm_moment_pretrained/fm_moment_pretrained_small__release512.json,42,moment_pretrained,completed
fm_moment_pretrained_small__release512__msl__seed42,msl,configs/models/fm_moment_pretrained/fm_moment_pretrained_small__release512.json,42,moment_pretrained,completed
fm_moment_pretrained_small__release512__smd__seed42,smd,configs/models/fm_moment_pretrained/fm_moment_pretrained_small__release512.json,42,moment_pretrained,running
fm_moment_pretrained_small__release512__swat__seed42,swat,configs/models/fm_moment_pretrained/fm_moment_pretrained_small__release512.json,42,moment_pretrained,pending
fm_moment_pretrained_small__release512__swan__seed42,swan,configs/models/fm_moment_pretrained/fm_moment_pretrained_small__release512.json,42,moment_pretrained,pending
fm_moment_pretrained_small__release512__cicids__seed42,cicids,configs/models/fm_moment_pretrained/fm_moment_pretrained_small__release512.json,42,moment_pretrained,pending
fm_moment_pretrained_small__release512__tep_classic__seed42,tep_classic,configs/models/fm_moment_pretrained/fm_moment_pretrained_small__release512.json,42,moment_pretrained,pending
fm_moment_pretrained_small__release512__skab__seed42,skab,configs/models/fm_moment_pretrained/fm_moment_pretrained_small__release512.json,42,moment_pretrained,pending
fm_moment_pretrained_small__release512__pronto_day2__seed42,pronto_day2,configs/models/fm_moment_pretrained/fm_moment_pretrained_small__release512.json,42,moment_pretrained,pending
fm_moment_pretrained_small__release512__pronto_day3__seed42,pronto_day3,configs/models/fm_moment_pretrained/fm_moment_pretrained_small__release512.json,42,moment_pretrained,pending
fm_moment_pretrained_small__release512__pronto_day4__seed42,pronto_day4,configs/models/fm_moment_pretrained/fm_moment_pretrained_small__release512.json,42,moment_pretrained,pending
fm_moment_pretrained_small__TAB100__psm__seed42,psm,configs/models/fm_moment_pretrained/fm_moment_pretrained_small__TAB100.json,42,moment_pretrained,pending
fm_moment_pretrained_small__TAB100__smap__seed42,smap,configs/models/fm_moment_pretrained/fm_moment_pretrained_small__TAB100.json,42,moment_pretrained,pending
fm_moment_pretrained_small__TAB100__msl__seed42,msl,configs/models/fm_moment_pretrained/fm_moment_pretrained_small__TAB100.json,42,moment_pretrained,pending
fm_moment_pretrained_small__TAB100__smd__seed42,smd,configs/models/fm_moment_pretrained/fm_moment_pretrained_small__TAB100.json,42,moment_pretrained,pending
fm_moment_pretrained_small__TAB100__swat__seed42,swat,configs/models/fm_moment_pretrained/fm_moment_pretrained_small__TAB100.json,42,moment_pretrained,pending
fm_moment_pretrained_small__TAB100__swan__seed42,swan,configs/models/fm_moment_pretrained/fm_moment_pretrained_small__TAB100.json,42,moment_pretrained,pending
fm_moment_pretrained_small__TAB100__cicids__seed42,cicids,configs/models/fm_moment_pretrained/fm_moment_pretrained_small__TAB100.json,42,moment_pretrained,pending
fm_moment_pretrained_small__TAB100__tep_classic__seed42,tep_classic,configs/models/fm_moment_pretrained/fm_moment_pretrained_small__TAB100.json,42,moment_pretrained,pending
fm_moment_pretrained_small__TAB100__skab__seed42,skab,configs/models/fm_moment_pretrained/fm_moment_pretrained_small__TAB100.json,42,moment_pretrained,pending
fm_moment_pretrained_small__TAB100__pronto_day2__seed42,pronto_day2,configs/models/fm_moment_pretrained/fm_moment_pretrained_small__TAB100.json,42,moment_pretrained,pending
fm_moment_pretrained_small__TAB100__pronto_day3__seed42,pronto_day3,configs/models/fm_moment_pretrained/fm_moment_pretrained_small__TAB100.json,42,moment_pretrained,pending
fm_moment_pretrained_small__TAB100__pronto_day4__seed42,pronto_day4,configs/models/fm_moment_pretrained/fm_moment_pretrained_small__TAB100.json,42,moment_pretrained,pending
fm_moment_pretrained_base__release512__psm__seed42,psm,configs/models/fm_moment_pretrained/fm_moment_pretrained_base__release512.json,42,moment_pretrained,pending
fm_moment_pretrained_base__release512__smap__seed42,smap,configs/models/fm_moment_pretrained/fm_moment_pretrained_base__release512.json,42,moment_pretrained,pending
fm_moment_pretrained_base__release512__msl__seed42,msl,configs/models/fm_moment_pretrained/fm_moment_pretrained_base__release512.json,42,moment_pretrained,pending
fm_moment_pretrained_base__release512__smd__seed42,smd,configs/models/fm_moment_pretrained/fm_moment_pretrained_base__release512.json,42,moment_pretrained,pending
fm_moment_pretrained_base__release512__swat__seed42,swat,configs/models/fm_moment_pretrained/fm_moment_pretrained_base__release512.json,42,moment_pretrained,pending
fm_moment_pretrained_base__release512__swan__seed42,swan,configs/models/fm_moment_pretrained/fm_moment_pretrained_base__release512.json,42,moment_pretrained,pending
fm_moment_pretrained_base__release512__cicids__seed42,cicids,configs/models/fm_moment_pretrained/fm_moment_pretrained_base__release512.json,42,moment_pretrained,pending
fm_moment_pretrained_base__release512__tep_classic__seed42,tep_classic,configs/models/fm_moment_pretrained/fm_moment_pretrained_base__release512.json,42,moment_pretrained,pending
fm_moment_pretrained_base__release512__skab__seed42,skab,configs/models/fm_moment_pretrained/fm_moment_pretrained_base__release512.json,42,moment_pretrained,pending
fm_moment_pretrained_base__release512__pronto_day2__seed42,pronto_day2,configs/models/fm_moment_pretrained/fm_moment_pretrained_base__release512.json,42,moment_pretrained,pending
fm_moment_pretrained_base__release512__pronto_day3__seed42,pronto_day3,configs/models/fm_moment_pretrained/fm_moment_pretrained_base__release512.json,42,moment_pretrained,pending
fm_moment_pretrained_base__release512__pronto_day4__seed42,pronto_day4,configs/models/fm_moment_pretrained/fm_moment_pretrained_base__release512.json,42,moment_pretrained,pending
fm_moment_pretrained_base__TAB100__psm__seed42,psm,configs/models/fm_moment_pretrained/fm_moment_pretrained_base__TAB100.json,42,moment_pretrained,pending
fm_moment_pretrained_base__TAB100__smap__seed42,smap,configs/models/fm_moment_pretrained/fm_moment_pretrained_base__TAB100.json,42,moment_pretrained,pending
fm_moment_pretrained_base__TAB100__msl__seed42,msl,configs/models/fm_moment_pretrained/fm_moment_pretrained_base__TAB100.json,42,moment_pretrained,pending
fm_moment_pretrained_base__TAB100__smd__seed42,smd,configs/models/fm_moment_pretrained/fm_moment_pretrained_base__TAB100.json,42,moment_pretrained,pending
fm_moment_pretrained_base__TAB100__swat__seed42,swat,configs/models/fm_moment_pretrained/fm_moment_pretrained_base__TAB100.json,42,moment_pretrained,pending
fm_moment_pretrained_base__TAB100__swan__seed42,swan,configs/models/fm_moment_pretrained/fm_moment_pretrained_base__TAB100.json,42,moment_pretrained,pending
fm_moment_pretrained_base__TAB100__cicids__seed42,cicids,configs/models/fm_moment_pretrained/fm_moment_pretrained_base__TAB100.json,42,moment_pretrained,pending
fm_moment_pretrained_base__TAB100__tep_classic__seed42,tep_classic,configs/models/fm_moment_pretrained/fm_moment_pretrained_base__TAB100.json,42,moment_pretrained,pending
fm_moment_pretrained_base__TAB100__skab__seed42,skab,configs/models/fm_moment_pretrained/fm_moment_pretrained_base__TAB100.json,42,moment_pretrained,pending
fm_moment_pretrained_base__TAB100__pronto_day2__seed42,pronto_day2,configs/models/fm_moment_pretrained/fm_moment_pretrained_base__TAB100.json,42,moment_pretrained,pending
fm_moment_pretrained_base__TAB100__pronto_day3__seed42,pronto_day3,configs/models/fm_moment_pretrained/fm_moment_pretrained_base__TAB100.json,42,moment_pretrained,pending
fm_moment_pretrained_base__TAB100__pronto_day4__seed42,pronto_day4,configs/models/fm_moment_pretrained/fm_moment_pretrained_base__TAB100.json,42,moment_pretrained,pending
fm_moment_pretrained_large__release512__psm__seed42,psm,configs/models/fm_moment_pretrained/fm_moment_pretrained_large__release512.json,42,moment_pretrained,pending
fm_moment_pretrained_large__release512__smap__seed42,smap,configs/models/fm_moment_pretrained/fm_moment_pretrained_large__release512.json,42,moment_pretrained,pending
fm_moment_pretrained_large__release512__msl__seed42,msl,configs/models/fm_moment_pretrained/fm_moment_pretrained_large__release512.json,42,moment_pretrained,pending
fm_moment_pretrained_large__release512__smd__seed42,smd,configs/models/fm_moment_pretrained/fm_moment_pretrained_large__release512.json,42,moment_pretrained,pending
fm_moment_pretrained_large__release512__swat__seed42,swat,configs/models/fm_moment_pretrained/fm_moment_pretrained_large__release512.json,42,moment_pretrained,pending
fm_moment_pretrained_large__release512__swan__seed42,swan,configs/models/fm_moment_pretrained/fm_moment_pretrained_large__release512.json,42,moment_pretrained,pending
fm_moment_pretrained_large__release512__cicids__seed42,cicids,configs/models/fm_moment_pretrained/fm_moment_pretrained_large__release512.json,42,moment_pretrained,pending
fm_moment_pretrained_large__release512__tep_classic__seed42,tep_classic,configs/models/fm_moment_pretrained/fm_moment_pretrained_large__release512.json,42,moment_pretrained,pending
fm_moment_pretrained_large__release512__skab__seed42,skab,configs/models/fm_moment_pretrained/fm_moment_pretrained_large__release512.json,42,moment_pretrained,pending
fm_moment_pretrained_large__release512__pronto_day2__seed42,pronto_day2,configs/models/fm_moment_pretrained/fm_moment_pretrained_large__release512.json,42,moment_pretrained,pending
fm_moment_pretrained_large__release512__pronto_day3__seed42,pronto_day3,configs/models/fm_moment_pretrained/fm_moment_pretrained_large__release512.json,42,moment_pretrained,pending
fm_moment_pretrained_large__release512__pronto_day4__seed42,pronto_day4,configs/models/fm_moment_pretrained/fm_moment_pretrained_large__release512.json,42,moment_pretrained,pending
fm_moment_pretrained_large__TAB100__psm__seed42,psm,configs/models/fm_moment_pretrained/fm_moment_pretrained_large__TAB100.json,42,moment_pretrained,pending
fm_moment_pretrained_large__TAB100__smap__seed42,smap,configs/models/fm_moment_pretrained/fm_moment_pretrained_large__TAB100.json,42,moment_pretrained,pending
fm_moment_pretrained_large__TAB100__msl__seed42,msl,configs/models/fm_moment_pretrained/fm_moment_pretrained_large__TAB100.json,42,moment_pretrained,pending
fm_moment_pretrained_large__TAB100__smd__seed42,smd,configs/models/fm_moment_pretrained/fm_moment_pretrained_large__TAB100.json,42,moment_pretrained,pending
fm_moment_pretrained_large__TAB100__swat__seed42,swat,configs/models/fm_moment_pretrained/fm_moment_pretrained_large__TAB100.json,42,moment_pretrained,pending
fm_moment_pretrained_large__TAB100__swan__seed42,swan,configs/models/fm_moment_pretrained/fm_moment_pretrained_large__TAB100.json,42,moment_pretrained,pending
fm_moment_pretrained_large__TAB100__cicids__seed42,cicids,configs/models/fm_moment_pretrained/fm_moment_pretrained_large__TAB100.json,42,moment_pretrained,pending
fm_moment_pretrained_large__TAB100__tep_classic__seed42,tep_classic,configs/models/fm_moment_pretrained/fm_moment_pretrained_large__TAB100.json,42,moment_pretrained,pending
fm_moment_pretrained_large__TAB100__skab__seed42,skab,configs/models/fm_moment_pretrained/fm_moment_pretrained_large__TAB100.json,42,moment_pretrained,pending
fm_moment_pretrained_large__TAB100__pronto_day2__seed42,pronto_day2,configs/models/fm_moment_pretrained/fm_moment_pretrained_large__TAB100.json,42,moment_pretrained,pending
fm_moment_pretrained_large__TAB100__pronto_day3__seed42,pronto_day3,configs/models/fm_moment_pretrained/fm_moment_pretrained_large__TAB100.json,42,moment_pretrained,pending
fm_moment_pretrained_large__TAB100__pronto_day4__seed42,pronto_day4,configs/models/fm_moment_pretrained/fm_moment_pretrained_large__TAB100.json,42,moment_pretrained,pending
fm_objective_independent__industrial_v1__tep_classic__seed1103,tep_classic,configs/models/fm_objective_independent.json,1103,industrial_cpu,completed
fm_objective_independent__industrial_v1__tep_classic__seed1104,tep_classic,configs/models/fm_objective_independent.json,1104,industrial_cpu,completed
fm_objective_independent__industrial_v1__tep_classic__seed1105,tep_classic,configs/models/fm_objective_independent.json,1105,industrial_cpu,completed
fm_objective_independent__industrial_v1__tep_classic__seed1106,tep_classic,configs/models/fm_objective_independent.json,1106,industrial_cpu,completed
fm_objective_independent__industrial_v1__tep_classic__seed1107,tep_classic,configs/models/fm_objective_independent.json,1107,industrial_cpu,completed
fm_objective_ot__industrial_v1__tep_classic__seed1103,tep_classic,configs/models/fm_objective_ot.json,1103,industrial_cpu,completed
fm_objective_ot__industrial_v1__tep_classic__seed1104,tep_classic,configs/models/fm_objective_ot.json,1104,industrial_cpu,completed
fm_objective_ot__industrial_v1__tep_classic__seed1105,tep_classic,configs/models/fm_objective_ot.json,1105,industrial_cpu,completed
fm_objective_ot__industrial_v1__tep_classic__seed1106,tep_classic,configs/models/fm_objective_ot.json,1106,industrial_cpu,completed
fm_objective_ot__industrial_v1__tep_classic__seed1107,tep_classic,configs/models/fm_objective_ot.json,1107,industrial_cpu,completed
fm_objective_rectified__industrial_v1__tep_classic__seed1103,tep_classic,configs/models/fm_objective_rectified.json,1103,industrial_cpu,completed
fm_objective_rectified__industrial_v1__tep_classic__seed1104,tep_classic,configs/models/fm_objective_rectified.json,1104,industrial_cpu,completed
fm_objective_rectified__industrial_v1__tep_classic__seed1105,tep_classic,configs/models/fm_objective_rectified.json,1105,industrial_cpu,completed
fm_objective_rectified__industrial_v1__tep_classic__seed1106,tep_classic,configs/models/fm_objective_rectified.json,1106,industrial_cpu,completed
fm_objective_rectified__industrial_v1__tep_classic__seed1107,tep_classic,configs/models/fm_objective_rectified.json,1107,industrial_cpu,completed
fm_objective_sb__industrial_v1__tep_classic__seed1103,tep_classic,configs/models/fm_objective_sb.json,1103,industrial_cpu,partial_or_failed
fm_objective_sb__industrial_v1__tep_classic__seed1104,tep_classic,configs/models/fm_objective_sb.json,1104,industrial_cpu,partial_or_failed
fm_objective_sb__industrial_v1__tep_classic__seed1105,tep_classic,configs/models/fm_objective_sb.json,1105,industrial_cpu,partial_or_failed
fm_objective_sb__industrial_v1__tep_classic__seed1106,tep_classic,configs/models/fm_objective_sb.json,1106,industrial_cpu,partial_or_failed
fm_objective_sb__industrial_v1__tep_classic__seed1107,tep_classic,configs/models/fm_objective_sb.json,1107,industrial_cpu,partial_or_failed
fm_objective_sf2m__industrial_v1__tep_classic__seed1103,tep_classic,configs/models/fm_objective_sf2m.json,1103,industrial_cpu,partial_or_failed
fm_objective_sf2m__industrial_v1__tep_classic__seed1104,tep_classic,configs/models/fm_objective_sf2m.json,1104,industrial_cpu,partial_or_failed
fm_objective_sf2m__industrial_v1__tep_classic__seed1105,tep_classic,configs/models/fm_objective_sf2m.json,1105,industrial_cpu,partial_or_failed
fm_objective_sf2m__industrial_v1__tep_classic__seed1106,tep_classic,configs/models/fm_objective_sf2m.json,1106,industrial_cpu,partial_or_failed
fm_objective_sf2m__industrial_v1__tep_classic__seed1107,tep_classic,configs/models/fm_objective_sf2m.json,1107,industrial_cpu,partial_or_failed
fm_objective_sf2m_flow_only__industrial_v1__tep_classic__seed1103,tep_classic,configs/models/fm_objective_sf2m_flow_only.json,1103,industrial_cpu,partial_or_failed
fm_objective_sf2m_flow_only__industrial_v1__tep_classic__seed1104,tep_classic,configs/models/fm_objective_sf2m_flow_only.json,1104,industrial_cpu,partial_or_failed
fm_objective_sf2m_flow_only__industrial_v1__tep_classic__seed1105,tep_classic,configs/models/fm_objective_sf2m_flow_only.json,1105,industrial_cpu,partial_or_failed
fm_objective_sf2m_flow_only__industrial_v1__tep_classic__seed1106,tep_classic,configs/models/fm_objective_sf2m_flow_only.json,1106,industrial_cpu,partial_or_failed
fm_objective_sf2m_flow_only__industrial_v1__tep_classic__seed1107,tep_classic,configs/models/fm_objective_sf2m_flow_only.json,1107,industrial_cpu,partial_or_failed
fm_objective_target__industrial_v1__tep_classic__seed1103,tep_classic,configs/models/fm_objective_target.json,1103,industrial_cpu,completed
fm_objective_target__industrial_v1__tep_classic__seed1104,tep_classic,configs/models/fm_objective_target.json,1104,industrial_cpu,completed
fm_objective_target__industrial_v1__tep_classic__seed1105,tep_classic,configs/models/fm_objective_target.json,1105,industrial_cpu,completed
fm_objective_target__industrial_v1__tep_classic__seed1106,tep_classic,configs/models/fm_objective_target.json,1106,industrial_cpu,completed
fm_objective_target__industrial_v1__tep_classic__seed1107,tep_classic,configs/models/fm_objective_target.json,1107,industrial_cpu,completed
fm_objective_vp__industrial_v1__tep_classic__seed1103,tep_classic,configs/models/fm_objective_vp.json,1103,industrial_cpu,completed
fm_objective_vp__industrial_v1__tep_classic__seed1104,tep_classic,configs/models/fm_objective_vp.json,1104,industrial_cpu,completed
fm_objective_vp__industrial_v1__tep_classic__seed1105,tep_classic,configs/models/fm_objective_vp.json,1105,industrial_cpu,completed
fm_objective_vp__industrial_v1__tep_classic__seed1106,tep_classic,configs/models/fm_objective_vp.json,1106,industrial_cpu,completed
fm_objective_vp__industrial_v1__tep_classic__seed1107,tep_classic,configs/models/fm_objective_vp.json,1107,industrial_cpu,completed
fm_objective_sb__stable_numerics_v2__industrial_v1__tep_classic__seed1103,tep_classic,configs/models/fm_objective_sb_stable_v2.json,1103,industrial_cpu,completed
fm_objective_sb__stable_numerics_v2__industrial_v1__tep_classic__seed1104,tep_classic,configs/models/fm_objective_sb_stable_v2.json,1104,industrial_cpu,completed
fm_objective_sb__stable_numerics_v2__industrial_v1__tep_classic__seed1105,tep_classic,configs/models/fm_objective_sb_stable_v2.json,1105,industrial_cpu,completed
fm_objective_sb__stable_numerics_v2__industrial_v1__tep_classic__seed1106,tep_classic,configs/models/fm_objective_sb_stable_v2.json,1106,industrial_cpu,completed
fm_objective_sb__stable_numerics_v2__industrial_v1__tep_classic__seed1107,tep_classic,configs/models/fm_objective_sb_stable_v2.json,1107,industrial_cpu,completed
fm_objective_sf2m__stable_numerics_v2__industrial_v1__tep_classic__seed1103,tep_classic,configs/models/fm_objective_sf2m_stable_v2.json,1103,industrial_cpu,completed
fm_objective_sf2m__stable_numerics_v2__industrial_v1__tep_classic__seed1104,tep_classic,configs/models/fm_objective_sf2m_stable_v2.json,1104,industrial_cpu,completed
fm_objective_sf2m__stable_numerics_v2__industrial_v1__tep_classic__seed1105,tep_classic,configs/models/fm_objective_sf2m_stable_v2.json,1105,industrial_cpu,completed
fm_objective_sf2m__stable_numerics_v2__industrial_v1__tep_classic__seed1106,tep_classic,configs/models/fm_objective_sf2m_stable_v2.json,1106,industrial_cpu,completed
fm_objective_sf2m__stable_numerics_v2__industrial_v1__tep_classic__seed1107,tep_classic,configs/models/fm_objective_sf2m_stable_v2.json,1107,industrial_cpu,completed
fm_objective_sf2m_flow_only__stable_numerics_v2__industrial_v1__tep_classic__seed1103,tep_classic,configs/models/fm_objective_sf2m_flow_only_stable_v2.json,1103,industrial_cpu,completed
fm_objective_sf2m_flow_only__stable_numerics_v2__industrial_v1__tep_classic__seed1104,tep_classic,configs/models/fm_objective_sf2m_flow_only_stable_v2.json,1104,industrial_cpu,completed
fm_objective_sf2m_flow_only__stable_numerics_v2__industrial_v1__tep_classic__seed1105,tep_classic,configs/models/fm_objective_sf2m_flow_only_stable_v2.json,1105,industrial_cpu,completed
fm_objective_sf2m_flow_only__stable_numerics_v2__industrial_v1__tep_classic__seed1106,tep_classic,configs/models/fm_objective_sf2m_flow_only_stable_v2.json,1106,industrial_cpu,completed
fm_objective_sf2m_flow_only__stable_numerics_v2__industrial_v1__tep_classic__seed1107,tep_classic,configs/models/fm_objective_sf2m_flow_only_stable_v2.json,1107,industrial_cpu,completed
fm_reflow_2stage__industrial_v1__tep_classic__seed1103,tep_classic,configs/models/fm_reflow_2stage.json,1103,industrial_cpu,completed
fm_reflow_2stage__industrial_v1__tep_classic__seed1104,tep_classic,configs/models/fm_reflow_2stage.json,1104,industrial_cpu,completed
fm_reflow_2stage__industrial_v1__tep_classic__seed1105,tep_classic,configs/models/fm_reflow_2stage.json,1105,industrial_cpu,completed
fm_reflow_2stage__industrial_v1__tep_classic__seed1106,tep_classic,configs/models/fm_reflow_2stage.json,1106,industrial_cpu,completed
fm_reflow_2stage__industrial_v1__tep_classic__seed1107,tep_classic,configs/models/fm_reflow_2stage.json,1107,industrial_cpu,completed
fm_reflow_3stage__industrial_v1__tep_classic__seed1103,tep_classic,configs/models/fm_reflow_3stage.json,1103,industrial_cpu,completed
fm_reflow_3stage__industrial_v1__tep_classic__seed1104,tep_classic,configs/models/fm_reflow_3stage.json,1104,industrial_cpu,completed
fm_reflow_3stage__industrial_v1__tep_classic__seed1105,tep_classic,configs/models/fm_reflow_3stage.json,1105,industrial_cpu,completed
fm_reflow_3stage__industrial_v1__tep_classic__seed1106,tep_classic,configs/models/fm_reflow_3stage.json,1106,industrial_cpu,completed
fm_reflow_3stage__industrial_v1__tep_classic__seed1107,tep_classic,configs/models/fm_reflow_3stage.json,1107,industrial_cpu,completed
fm_rectified_40epoch_budget_control__industrial_v1__tep_classic__seed1103,tep_classic,configs/models/fm_rectified_40epoch_budget_control.json,1103,industrial_cpu,completed
fm_rectified_40epoch_budget_control__industrial_v1__tep_classic__seed1104,tep_classic,configs/models/fm_rectified_40epoch_budget_control.json,1104,industrial_cpu,completed
fm_rectified_40epoch_budget_control__industrial_v1__tep_classic__seed1105,tep_classic,configs/models/fm_rectified_40epoch_budget_control.json,1105,industrial_cpu,completed
fm_rectified_40epoch_budget_control__industrial_v1__tep_classic__seed1106,tep_classic,configs/models/fm_rectified_40epoch_budget_control.json,1106,industrial_cpu,completed
fm_rectified_40epoch_budget_control__industrial_v1__tep_classic__seed1107,tep_classic,configs/models/fm_rectified_40epoch_budget_control.json,1107,industrial_cpu,completed
fm_rectified_60epoch_budget_control__industrial_v1__tep_classic__seed1103,tep_classic,configs/models/fm_rectified_60epoch_budget_control.json,1103,industrial_cpu,completed
fm_rectified_60epoch_budget_control__industrial_v1__tep_classic__seed1104,tep_classic,configs/models/fm_rectified_60epoch_budget_control.json,1104,industrial_cpu,completed
fm_rectified_60epoch_budget_control__industrial_v1__tep_classic__seed1105,tep_classic,configs/models/fm_rectified_60epoch_budget_control.json,1105,industrial_cpu,completed
fm_rectified_60epoch_budget_control__industrial_v1__tep_classic__seed1106,tep_classic,configs/models/fm_rectified_60epoch_budget_control.json,1106,industrial_cpu,completed
fm_rectified_60epoch_budget_control__industrial_v1__tep_classic__seed1107,tep_classic,configs/models/fm_rectified_60epoch_budget_control.json,1107,industrial_cpu,completed
fm_strict_timesnet__psm__registered__industrial_v1__tep_classic__seed1103,tep_classic,configs/models/fm_strict_baselines/fm_strict_timesnet__psm__registered.json,1103,industrial_cpu,completed
fm_strict_timesnet__psm__registered__industrial_v1__tep_classic__seed1104,tep_classic,configs/models/fm_strict_baselines/fm_strict_timesnet__psm__registered.json,1104,industrial_cpu,completed
fm_strict_timesnet__psm__registered__industrial_v1__tep_classic__seed1105,tep_classic,configs/models/fm_strict_baselines/fm_strict_timesnet__psm__registered.json,1105,industrial_cpu,completed
fm_strict_timesnet__psm__registered__industrial_v1__tep_classic__seed1106,tep_classic,configs/models/fm_strict_baselines/fm_strict_timesnet__psm__registered.json,1106,industrial_cpu,completed
fm_strict_timesnet__psm__registered__industrial_v1__tep_classic__seed1107,tep_classic,configs/models/fm_strict_baselines/fm_strict_timesnet__psm__registered.json,1107,industrial_cpu,completed
fm_strict_anomaly_transformer__psm__registered__industrial_v1__tep_classic__seed1103,tep_classic,configs/models/fm_strict_baselines/fm_strict_anomaly_transformer__psm__registered.json,1103,industrial_cpu,completed
fm_strict_anomaly_transformer__psm__registered__industrial_v1__tep_classic__seed1104,tep_classic,configs/models/fm_strict_baselines/fm_strict_anomaly_transformer__psm__registered.json,1104,industrial_cpu,completed
fm_strict_anomaly_transformer__psm__registered__industrial_v1__tep_classic__seed1105,tep_classic,configs/models/fm_strict_baselines/fm_strict_anomaly_transformer__psm__registered.json,1105,industrial_cpu,completed
fm_strict_anomaly_transformer__psm__registered__industrial_v1__tep_classic__seed1106,tep_classic,configs/models/fm_strict_baselines/fm_strict_anomaly_transformer__psm__registered.json,1106,industrial_cpu,completed
fm_strict_anomaly_transformer__psm__registered__industrial_v1__tep_classic__seed1107,tep_classic,configs/models/fm_strict_baselines/fm_strict_anomaly_transformer__psm__registered.json,1107,industrial_cpu,completed
fm_strict_dcdetector__psm__registered__industrial_v1__tep_classic__seed1103,tep_classic,configs/models/fm_strict_baselines/fm_strict_dcdetector__psm__registered.json,1103,industrial_cpu,completed
fm_strict_dcdetector__psm__registered__industrial_v1__tep_classic__seed1104,tep_classic,configs/models/fm_strict_baselines/fm_strict_dcdetector__psm__registered.json,1104,industrial_cpu,completed
fm_strict_dcdetector__psm__registered__industrial_v1__tep_classic__seed1105,tep_classic,configs/models/fm_strict_baselines/fm_strict_dcdetector__psm__registered.json,1105,industrial_cpu,completed
fm_strict_dcdetector__psm__registered__industrial_v1__tep_classic__seed1106,tep_classic,configs/models/fm_strict_baselines/fm_strict_dcdetector__psm__registered.json,1106,industrial_cpu,completed
fm_strict_dcdetector__psm__registered__industrial_v1__tep_classic__seed1107,tep_classic,configs/models/fm_strict_baselines/fm_strict_dcdetector__psm__registered.json,1107,industrial_cpu,completed
fm_strict_tranad__psm__registered__industrial_v1__tep_classic__seed1103,tep_classic,configs/models/fm_strict_baselines/fm_strict_tranad__psm__registered.json,1103,industrial_cpu,completed
fm_strict_tranad__psm__registered__industrial_v1__tep_classic__seed1104,tep_classic,configs/models/fm_strict_baselines/fm_strict_tranad__psm__registered.json,1104,industrial_cpu,completed
fm_strict_tranad__psm__registered__industrial_v1__tep_classic__seed1105,tep_classic,configs/models/fm_strict_baselines/fm_strict_tranad__psm__registered.json,1105,industrial_cpu,completed
fm_strict_tranad__psm__registered__industrial_v1__tep_classic__seed1106,tep_classic,configs/models/fm_strict_baselines/fm_strict_tranad__psm__registered.json,1106,industrial_cpu,completed
fm_strict_tranad__psm__registered__industrial_v1__tep_classic__seed1107,tep_classic,configs/models/fm_strict_baselines/fm_strict_tranad__psm__registered.json,1107,industrial_cpu,completed
fm_strict_usad__psm__registered__industrial_v1__tep_classic__seed1103,tep_classic,configs/models/fm_strict_baselines/fm_strict_usad__psm__registered.json,1103,industrial_cpu,completed
fm_strict_usad__psm__registered__industrial_v1__tep_classic__seed1104,tep_classic,configs/models/fm_strict_baselines/fm_strict_usad__psm__registered.json,1104,industrial_cpu,completed
fm_strict_usad__psm__registered__industrial_v1__tep_classic__seed1105,tep_classic,configs/models/fm_strict_baselines/fm_strict_usad__psm__registered.json,1105,industrial_cpu,completed
fm_strict_usad__psm__registered__industrial_v1__tep_classic__seed1106,tep_classic,configs/models/fm_strict_baselines/fm_strict_usad__psm__registered.json,1106,industrial_cpu,completed
fm_strict_usad__psm__registered__industrial_v1__tep_classic__seed1107,tep_classic,configs/models/fm_strict_baselines/fm_strict_usad__psm__registered.json,1107,industrial_cpu,completed
fm_strict_itransformer__psm__registered__industrial_v1__tep_classic__seed1103,tep_classic,configs/models/fm_strict_baselines/fm_strict_itransformer__psm__registered.json,1103,industrial_cpu,completed
fm_strict_itransformer__psm__registered__industrial_v1__tep_classic__seed1104,tep_classic,configs/models/fm_strict_baselines/fm_strict_itransformer__psm__registered.json,1104,industrial_cpu,completed
fm_strict_itransformer__psm__registered__industrial_v1__tep_classic__seed1105,tep_classic,configs/models/fm_strict_baselines/fm_strict_itransformer__psm__registered.json,1105,industrial_cpu,completed
fm_strict_itransformer__psm__registered__industrial_v1__tep_classic__seed1106,tep_classic,configs/models/fm_strict_baselines/fm_strict_itransformer__psm__registered.json,1106,industrial_cpu,completed
fm_strict_itransformer__psm__registered__industrial_v1__tep_classic__seed1107,tep_classic,configs/models/fm_strict_baselines/fm_strict_itransformer__psm__registered.json,1107,industrial_cpu,completed
fm_strict_usad__psm__signed_paper_loss__industrial_v1__tep_classic__seed1103,tep_classic,configs/models/fm_strict_baselines/fm_strict_usad__psm__signed_paper_loss.json,1103,industrial_cpu,completed
fm_strict_usad__psm__signed_paper_loss__industrial_v1__tep_classic__seed1104,tep_classic,configs/models/fm_strict_baselines/fm_strict_usad__psm__signed_paper_loss.json,1104,industrial_cpu,completed
fm_strict_usad__psm__signed_paper_loss__industrial_v1__tep_classic__seed1105,tep_classic,configs/models/fm_strict_baselines/fm_strict_usad__psm__signed_paper_loss.json,1105,industrial_cpu,completed
fm_strict_usad__psm__signed_paper_loss__industrial_v1__tep_classic__seed1106,tep_classic,configs/models/fm_strict_baselines/fm_strict_usad__psm__signed_paper_loss.json,1106,industrial_cpu,completed
fm_strict_usad__psm__signed_paper_loss__industrial_v1__tep_classic__seed1107,tep_classic,configs/models/fm_strict_baselines/fm_strict_usad__psm__signed_paper_loss.json,1107,industrial_cpu,completed
fm_objective_independent__industrial_v1__skab__seed1103,skab,configs/models/fm_objective_independent.json,1103,industrial_cpu,completed
fm_objective_independent__industrial_v1__skab__seed1104,skab,configs/models/fm_objective_independent.json,1104,industrial_cpu,completed
fm_objective_independent__industrial_v1__skab__seed1105,skab,configs/models/fm_objective_independent.json,1105,industrial_cpu,completed
fm_objective_independent__industrial_v1__skab__seed1106,skab,configs/models/fm_objective_independent.json,1106,industrial_cpu,completed
fm_objective_independent__industrial_v1__skab__seed1107,skab,configs/models/fm_objective_independent.json,1107,industrial_cpu,completed
fm_objective_ot__industrial_v1__skab__seed1103,skab,configs/models/fm_objective_ot.json,1103,industrial_cpu,completed
fm_objective_ot__industrial_v1__skab__seed1104,skab,configs/models/fm_objective_ot.json,1104,industrial_cpu,completed
fm_objective_ot__industrial_v1__skab__seed1105,skab,configs/models/fm_objective_ot.json,1105,industrial_cpu,completed
fm_objective_ot__industrial_v1__skab__seed1106,skab,configs/models/fm_objective_ot.json,1106,industrial_cpu,completed
fm_objective_ot__industrial_v1__skab__seed1107,skab,configs/models/fm_objective_ot.json,1107,industrial_cpu,completed
fm_objective_rectified__industrial_v1__skab__seed1103,skab,configs/models/fm_objective_rectified.json,1103,industrial_cpu,completed
fm_objective_rectified__industrial_v1__skab__seed1104,skab,configs/models/fm_objective_rectified.json,1104,industrial_cpu,completed
fm_objective_rectified__industrial_v1__skab__seed1105,skab,configs/models/fm_objective_rectified.json,1105,industrial_cpu,completed
fm_objective_rectified__industrial_v1__skab__seed1106,skab,configs/models/fm_objective_rectified.json,1106,industrial_cpu,completed
fm_objective_rectified__industrial_v1__skab__seed1107,skab,configs/models/fm_objective_rectified.json,1107,industrial_cpu,completed
fm_objective_sb__industrial_v1__skab__seed1103,skab,configs/models/fm_objective_sb.json,1103,industrial_cpu,partial_or_failed
fm_objective_sb__industrial_v1__skab__seed1104,skab,configs/models/fm_objective_sb.json,1104,industrial_cpu,partial_or_failed
fm_objective_sb__industrial_v1__skab__seed1105,skab,configs/models/fm_objective_sb.json,1105,industrial_cpu,partial_or_failed
fm_objective_sb__industrial_v1__skab__seed1106,skab,configs/models/fm_objective_sb.json,1106,industrial_cpu,partial_or_failed
fm_objective_sb__industrial_v1__skab__seed1107,skab,configs/models/fm_objective_sb.json,1107,industrial_cpu,partial_or_failed
fm_objective_sf2m__industrial_v1__skab__seed1103,skab,configs/models/fm_objective_sf2m.json,1103,industrial_cpu,partial_or_failed
fm_objective_sf2m__industrial_v1__skab__seed1104,skab,configs/models/fm_objective_sf2m.json,1104,industrial_cpu,partial_or_failed
fm_objective_sf2m__industrial_v1__skab__seed1105,skab,configs/models/fm_objective_sf2m.json,1105,industrial_cpu,partial_or_failed
fm_objective_sf2m__industrial_v1__skab__seed1106,skab,configs/models/fm_objective_sf2m.json,1106,industrial_cpu,partial_or_failed
fm_objective_sf2m__industrial_v1__skab__seed1107,skab,configs/models/fm_objective_sf2m.json,1107,industrial_cpu,partial_or_failed
fm_objective_sf2m_flow_only__industrial_v1__skab__seed1103,skab,configs/models/fm_objective_sf2m_flow_only.json,1103,industrial_cpu,partial_or_failed
fm_objective_sf2m_flow_only__industrial_v1__skab__seed1104,skab,configs/models/fm_objective_sf2m_flow_only.json,1104,industrial_cpu,partial_or_failed
fm_objective_sf2m_flow_only__industrial_v1__skab__seed1105,skab,configs/models/fm_objective_sf2m_flow_only.json,1105,industrial_cpu,partial_or_failed
fm_objective_sf2m_flow_only__industrial_v1__skab__seed1106,skab,configs/models/fm_objective_sf2m_flow_only.json,1106,industrial_cpu,partial_or_failed
fm_objective_sf2m_flow_only__industrial_v1__skab__seed1107,skab,configs/models/fm_objective_sf2m_flow_only.json,1107,industrial_cpu,partial_or_failed
fm_objective_target__industrial_v1__skab__seed1103,skab,configs/models/fm_objective_target.json,1103,industrial_cpu,completed
fm_objective_target__industrial_v1__skab__seed1104,skab,configs/models/fm_objective_target.json,1104,industrial_cpu,completed
fm_objective_target__industrial_v1__skab__seed1105,skab,configs/models/fm_objective_target.json,1105,industrial_cpu,completed
fm_objective_target__industrial_v1__skab__seed1106,skab,configs/models/fm_objective_target.json,1106,industrial_cpu,completed
fm_objective_target__industrial_v1__skab__seed1107,skab,configs/models/fm_objective_target.json,1107,industrial_cpu,completed
fm_objective_vp__industrial_v1__skab__seed1103,skab,configs/models/fm_objective_vp.json,1103,industrial_cpu,completed
fm_objective_vp__industrial_v1__skab__seed1104,skab,configs/models/fm_objective_vp.json,1104,industrial_cpu,completed
fm_objective_vp__industrial_v1__skab__seed1105,skab,configs/models/fm_objective_vp.json,1105,industrial_cpu,completed
fm_objective_vp__industrial_v1__skab__seed1106,skab,configs/models/fm_objective_vp.json,1106,industrial_cpu,completed
fm_objective_vp__industrial_v1__skab__seed1107,skab,configs/models/fm_objective_vp.json,1107,industrial_cpu,completed
fm_objective_sb__stable_numerics_v2__industrial_v1__skab__seed1103,skab,configs/models/fm_objective_sb_stable_v2.json,1103,industrial_cpu,completed
fm_objective_sb__stable_numerics_v2__industrial_v1__skab__seed1104,skab,configs/models/fm_objective_sb_stable_v2.json,1104,industrial_cpu,completed
fm_objective_sb__stable_numerics_v2__industrial_v1__skab__seed1105,skab,configs/models/fm_objective_sb_stable_v2.json,1105,industrial_cpu,completed
fm_objective_sb__stable_numerics_v2__industrial_v1__skab__seed1106,skab,configs/models/fm_objective_sb_stable_v2.json,1106,industrial_cpu,completed
fm_objective_sb__stable_numerics_v2__industrial_v1__skab__seed1107,skab,configs/models/fm_objective_sb_stable_v2.json,1107,industrial_cpu,completed
fm_objective_sf2m__stable_numerics_v2__industrial_v1__skab__seed1103,skab,configs/models/fm_objective_sf2m_stable_v2.json,1103,industrial_cpu,completed
fm_objective_sf2m__stable_numerics_v2__industrial_v1__skab__seed1104,skab,configs/models/fm_objective_sf2m_stable_v2.json,1104,industrial_cpu,completed
fm_objective_sf2m__stable_numerics_v2__industrial_v1__skab__seed1105,skab,configs/models/fm_objective_sf2m_stable_v2.json,1105,industrial_cpu,completed
fm_objective_sf2m__stable_numerics_v2__industrial_v1__skab__seed1106,skab,configs/models/fm_objective_sf2m_stable_v2.json,1106,industrial_cpu,completed
fm_objective_sf2m__stable_numerics_v2__industrial_v1__skab__seed1107,skab,configs/models/fm_objective_sf2m_stable_v2.json,1107,industrial_cpu,completed
fm_objective_sf2m_flow_only__stable_numerics_v2__industrial_v1__skab__seed1103,skab,configs/models/fm_objective_sf2m_flow_only_stable_v2.json,1103,industrial_cpu,completed
fm_objective_sf2m_flow_only__stable_numerics_v2__industrial_v1__skab__seed1104,skab,configs/models/fm_objective_sf2m_flow_only_stable_v2.json,1104,industrial_cpu,completed
fm_objective_sf2m_flow_only__stable_numerics_v2__industrial_v1__skab__seed1105,skab,configs/models/fm_objective_sf2m_flow_only_stable_v2.json,1105,industrial_cpu,completed
fm_objective_sf2m_flow_only__stable_numerics_v2__industrial_v1__skab__seed1106,skab,configs/models/fm_objective_sf2m_flow_only_stable_v2.json,1106,industrial_cpu,completed
fm_objective_sf2m_flow_only__stable_numerics_v2__industrial_v1__skab__seed1107,skab,configs/models/fm_objective_sf2m_flow_only_stable_v2.json,1107,industrial_cpu,completed
fm_reflow_2stage__industrial_v1__skab__seed1103,skab,configs/models/fm_reflow_2stage.json,1103,industrial_cpu,completed
fm_reflow_2stage__industrial_v1__skab__seed1104,skab,configs/models/fm_reflow_2stage.json,1104,industrial_cpu,completed
fm_reflow_2stage__industrial_v1__skab__seed1105,skab,configs/models/fm_reflow_2stage.json,1105,industrial_cpu,completed
fm_reflow_2stage__industrial_v1__skab__seed1106,skab,configs/models/fm_reflow_2stage.json,1106,industrial_cpu,completed
fm_reflow_2stage__industrial_v1__skab__seed1107,skab,configs/models/fm_reflow_2stage.json,1107,industrial_cpu,completed
fm_reflow_3stage__industrial_v1__skab__seed1103,skab,configs/models/fm_reflow_3stage.json,1103,industrial_cpu,completed
fm_reflow_3stage__industrial_v1__skab__seed1104,skab,configs/models/fm_reflow_3stage.json,1104,industrial_cpu,completed
fm_reflow_3stage__industrial_v1__skab__seed1105,skab,configs/models/fm_reflow_3stage.json,1105,industrial_cpu,completed
fm_reflow_3stage__industrial_v1__skab__seed1106,skab,configs/models/fm_reflow_3stage.json,1106,industrial_cpu,completed
fm_reflow_3stage__industrial_v1__skab__seed1107,skab,configs/models/fm_reflow_3stage.json,1107,industrial_cpu,completed
fm_rectified_40epoch_budget_control__industrial_v1__skab__seed1103,skab,configs/models/fm_rectified_40epoch_budget_control.json,1103,industrial_cpu,completed
fm_rectified_40epoch_budget_control__industrial_v1__skab__seed1104,skab,configs/models/fm_rectified_40epoch_budget_control.json,1104,industrial_cpu,completed
fm_rectified_40epoch_budget_control__industrial_v1__skab__seed1105,skab,configs/models/fm_rectified_40epoch_budget_control.json,1105,industrial_cpu,completed
fm_rectified_40epoch_budget_control__industrial_v1__skab__seed1106,skab,configs/models/fm_rectified_40epoch_budget_control.json,1106,industrial_cpu,completed
fm_rectified_40epoch_budget_control__industrial_v1__skab__seed1107,skab,configs/models/fm_rectified_40epoch_budget_control.json,1107,industrial_cpu,completed
fm_rectified_60epoch_budget_control__industrial_v1__skab__seed1103,skab,configs/models/fm_rectified_60epoch_budget_control.json,1103,industrial_cpu,completed
fm_rectified_60epoch_budget_control__industrial_v1__skab__seed1104,skab,configs/models/fm_rectified_60epoch_budget_control.json,1104,industrial_cpu,completed
fm_rectified_60epoch_budget_control__industrial_v1__skab__seed1105,skab,configs/models/fm_rectified_60epoch_budget_control.json,1105,industrial_cpu,completed
fm_rectified_60epoch_budget_control__industrial_v1__skab__seed1106,skab,configs/models/fm_rectified_60epoch_budget_control.json,1106,industrial_cpu,completed
fm_rectified_60epoch_budget_control__industrial_v1__skab__seed1107,skab,configs/models/fm_rectified_60epoch_budget_control.json,1107,industrial_cpu,completed
fm_strict_timesnet__psm__registered__industrial_v1__skab__seed1103,skab,configs/models/fm_strict_baselines/fm_strict_timesnet__psm__registered.json,1103,industrial_cpu,completed
fm_strict_timesnet__psm__registered__industrial_v1__skab__seed1104,skab,configs/models/fm_strict_baselines/fm_strict_timesnet__psm__registered.json,1104,industrial_cpu,completed
fm_strict_timesnet__psm__registered__industrial_v1__skab__seed1105,skab,configs/models/fm_strict_baselines/fm_strict_timesnet__psm__registered.json,1105,industrial_cpu,completed
fm_strict_timesnet__psm__registered__industrial_v1__skab__seed1106,skab,configs/models/fm_strict_baselines/fm_strict_timesnet__psm__registered.json,1106,industrial_cpu,completed
fm_strict_timesnet__psm__registered__industrial_v1__skab__seed1107,skab,configs/models/fm_strict_baselines/fm_strict_timesnet__psm__registered.json,1107,industrial_cpu,completed
fm_strict_anomaly_transformer__psm__registered__industrial_v1__skab__seed1103,skab,configs/models/fm_strict_baselines/fm_strict_anomaly_transformer__psm__registered.json,1103,industrial_cpu,completed
fm_strict_anomaly_transformer__psm__registered__industrial_v1__skab__seed1104,skab,configs/models/fm_strict_baselines/fm_strict_anomaly_transformer__psm__registered.json,1104,industrial_cpu,completed
fm_strict_anomaly_transformer__psm__registered__industrial_v1__skab__seed1105,skab,configs/models/fm_strict_baselines/fm_strict_anomaly_transformer__psm__registered.json,1105,industrial_cpu,completed
fm_strict_anomaly_transformer__psm__registered__industrial_v1__skab__seed1106,skab,configs/models/fm_strict_baselines/fm_strict_anomaly_transformer__psm__registered.json,1106,industrial_cpu,partial_or_failed
fm_strict_anomaly_transformer__psm__registered__industrial_v1__skab__seed1107,skab,configs/models/fm_strict_baselines/fm_strict_anomaly_transformer__psm__registered.json,1107,industrial_cpu,completed
fm_strict_dcdetector__psm__registered__industrial_v1__skab__seed1103,skab,configs/models/fm_strict_baselines/fm_strict_dcdetector__psm__registered.json,1103,industrial_cpu,completed
fm_strict_dcdetector__psm__registered__industrial_v1__skab__seed1104,skab,configs/models/fm_strict_baselines/fm_strict_dcdetector__psm__registered.json,1104,industrial_cpu,completed
fm_strict_dcdetector__psm__registered__industrial_v1__skab__seed1105,skab,configs/models/fm_strict_baselines/fm_strict_dcdetector__psm__registered.json,1105,industrial_cpu,completed
fm_strict_dcdetector__psm__registered__industrial_v1__skab__seed1106,skab,configs/models/fm_strict_baselines/fm_strict_dcdetector__psm__registered.json,1106,industrial_cpu,partial_or_failed
fm_strict_dcdetector__psm__registered__industrial_v1__skab__seed1107,skab,configs/models/fm_strict_baselines/fm_strict_dcdetector__psm__registered.json,1107,industrial_cpu,partial_or_failed
fm_strict_tranad__psm__registered__industrial_v1__skab__seed1103,skab,configs/models/fm_strict_baselines/fm_strict_tranad__psm__registered.json,1103,industrial_cpu,completed
fm_strict_tranad__psm__registered__industrial_v1__skab__seed1104,skab,configs/models/fm_strict_baselines/fm_strict_tranad__psm__registered.json,1104,industrial_cpu,completed
fm_strict_tranad__psm__registered__industrial_v1__skab__seed1105,skab,configs/models/fm_strict_baselines/fm_strict_tranad__psm__registered.json,1105,industrial_cpu,completed
fm_strict_tranad__psm__registered__industrial_v1__skab__seed1106,skab,configs/models/fm_strict_baselines/fm_strict_tranad__psm__registered.json,1106,industrial_cpu,completed
fm_strict_tranad__psm__registered__industrial_v1__skab__seed1107,skab,configs/models/fm_strict_baselines/fm_strict_tranad__psm__registered.json,1107,industrial_cpu,completed
fm_strict_usad__psm__registered__industrial_v1__skab__seed1103,skab,configs/models/fm_strict_baselines/fm_strict_usad__psm__registered.json,1103,industrial_cpu,completed
fm_strict_usad__psm__registered__industrial_v1__skab__seed1104,skab,configs/models/fm_strict_baselines/fm_strict_usad__psm__registered.json,1104,industrial_cpu,completed
fm_strict_usad__psm__registered__industrial_v1__skab__seed1105,skab,configs/models/fm_strict_baselines/fm_strict_usad__psm__registered.json,1105,industrial_cpu,completed
fm_strict_usad__psm__registered__industrial_v1__skab__seed1106,skab,configs/models/fm_strict_baselines/fm_strict_usad__psm__registered.json,1106,industrial_cpu,completed
fm_strict_usad__psm__registered__industrial_v1__skab__seed1107,skab,configs/models/fm_strict_baselines/fm_strict_usad__psm__registered.json,1107,industrial_cpu,completed
fm_strict_itransformer__psm__registered__industrial_v1__skab__seed1103,skab,configs/models/fm_strict_baselines/fm_strict_itransformer__psm__registered.json,1103,industrial_cpu,completed
fm_strict_itransformer__psm__registered__industrial_v1__skab__seed1104,skab,configs/models/fm_strict_baselines/fm_strict_itransformer__psm__registered.json,1104,industrial_cpu,completed
fm_strict_itransformer__psm__registered__industrial_v1__skab__seed1105,skab,configs/models/fm_strict_baselines/fm_strict_itransformer__psm__registered.json,1105,industrial_cpu,completed
fm_strict_itransformer__psm__registered__industrial_v1__skab__seed1106,skab,configs/models/fm_strict_baselines/fm_strict_itransformer__psm__registered.json,1106,industrial_cpu,completed
fm_strict_itransformer__psm__registered__industrial_v1__skab__seed1107,skab,configs/models/fm_strict_baselines/fm_strict_itransformer__psm__registered.json,1107,industrial_cpu,completed
fm_strict_usad__psm__signed_paper_loss__industrial_v1__skab__seed1103,skab,configs/models/fm_strict_baselines/fm_strict_usad__psm__signed_paper_loss.json,1103,industrial_cpu,completed
fm_strict_usad__psm__signed_paper_loss__industrial_v1__skab__seed1104,skab,configs/models/fm_strict_baselines/fm_strict_usad__psm__signed_paper_loss.json,1104,industrial_cpu,completed
fm_strict_usad__psm__signed_paper_loss__industrial_v1__skab__seed1105,skab,configs/models/fm_strict_baselines/fm_strict_usad__psm__signed_paper_loss.json,1105,industrial_cpu,completed
fm_strict_usad__psm__signed_paper_loss__industrial_v1__skab__seed1106,skab,configs/models/fm_strict_baselines/fm_strict_usad__psm__signed_paper_loss.json,1106,industrial_cpu,completed
fm_strict_usad__psm__signed_paper_loss__industrial_v1__skab__seed1107,skab,configs/models/fm_strict_baselines/fm_strict_usad__psm__signed_paper_loss.json,1107,industrial_cpu,completed
fm_objective_independent__industrial_v1__pronto_day4__seed1103,pronto_day4,configs/models/fm_objective_independent.json,1103,industrial_cpu,completed
fm_objective_independent__industrial_v1__pronto_day4__seed1104,pronto_day4,configs/models/fm_objective_independent.json,1104,industrial_cpu,completed
fm_objective_independent__industrial_v1__pronto_day4__seed1105,pronto_day4,configs/models/fm_objective_independent.json,1105,industrial_cpu,completed
fm_objective_independent__industrial_v1__pronto_day4__seed1106,pronto_day4,configs/models/fm_objective_independent.json,1106,industrial_cpu,completed
fm_objective_independent__industrial_v1__pronto_day4__seed1107,pronto_day4,configs/models/fm_objective_independent.json,1107,industrial_cpu,completed
fm_objective_ot__industrial_v1__pronto_day4__seed1103,pronto_day4,configs/models/fm_objective_ot.json,1103,industrial_cpu,completed
fm_objective_ot__industrial_v1__pronto_day4__seed1104,pronto_day4,configs/models/fm_objective_ot.json,1104,industrial_cpu,completed
fm_objective_ot__industrial_v1__pronto_day4__seed1105,pronto_day4,configs/models/fm_objective_ot.json,1105,industrial_cpu,completed
fm_objective_ot__industrial_v1__pronto_day4__seed1106,pronto_day4,configs/models/fm_objective_ot.json,1106,industrial_cpu,completed
fm_objective_ot__industrial_v1__pronto_day4__seed1107,pronto_day4,configs/models/fm_objective_ot.json,1107,industrial_cpu,pending
fm_objective_rectified__industrial_v1__pronto_day4__seed1103,pronto_day4,configs/models/fm_objective_rectified.json,1103,industrial_cpu,pending
fm_objective_rectified__industrial_v1__pronto_day4__seed1104,pronto_day4,configs/models/fm_objective_rectified.json,1104,industrial_cpu,pending
fm_objective_rectified__industrial_v1__pronto_day4__seed1105,pronto_day4,configs/models/fm_objective_rectified.json,1105,industrial_cpu,pending
fm_objective_rectified__industrial_v1__pronto_day4__seed1106,pronto_day4,configs/models/fm_objective_rectified.json,1106,industrial_cpu,pending
fm_objective_rectified__industrial_v1__pronto_day4__seed1107,pronto_day4,configs/models/fm_objective_rectified.json,1107,industrial_cpu,pending
fm_objective_sb__industrial_v1__pronto_day4__seed1103,pronto_day4,configs/models/fm_objective_sb.json,1103,industrial_cpu,pending
fm_objective_sb__industrial_v1__pronto_day4__seed1104,pronto_day4,configs/models/fm_objective_sb.json,1104,industrial_cpu,pending
fm_objective_sb__industrial_v1__pronto_day4__seed1105,pronto_day4,configs/models/fm_objective_sb.json,1105,industrial_cpu,pending
fm_objective_sb__industrial_v1__pronto_day4__seed1106,pronto_day4,configs/models/fm_objective_sb.json,1106,industrial_cpu,pending
fm_objective_sb__industrial_v1__pronto_day4__seed1107,pronto_day4,configs/models/fm_objective_sb.json,1107,industrial_cpu,pending
fm_objective_sf2m__industrial_v1__pronto_day4__seed1103,pronto_day4,configs/models/fm_objective_sf2m.json,1103,industrial_cpu,pending
fm_objective_sf2m__industrial_v1__pronto_day4__seed1104,pronto_day4,configs/models/fm_objective_sf2m.json,1104,industrial_cpu,pending
fm_objective_sf2m__industrial_v1__pronto_day4__seed1105,pronto_day4,configs/models/fm_objective_sf2m.json,1105,industrial_cpu,pending
fm_objective_sf2m__industrial_v1__pronto_day4__seed1106,pronto_day4,configs/models/fm_objective_sf2m.json,1106,industrial_cpu,pending
fm_objective_sf2m__industrial_v1__pronto_day4__seed1107,pronto_day4,configs/models/fm_objective_sf2m.json,1107,industrial_cpu,pending
fm_objective_sf2m_flow_only__industrial_v1__pronto_day4__seed1103,pronto_day4,configs/models/fm_objective_sf2m_flow_only.json,1103,industrial_cpu,pending
fm_objective_sf2m_flow_only__industrial_v1__pronto_day4__seed1104,pronto_day4,configs/models/fm_objective_sf2m_flow_only.json,1104,industrial_cpu,pending
fm_objective_sf2m_flow_only__industrial_v1__pronto_day4__seed1105,pronto_day4,configs/models/fm_objective_sf2m_flow_only.json,1105,industrial_cpu,pending
fm_objective_sf2m_flow_only__industrial_v1__pronto_day4__seed1106,pronto_day4,configs/models/fm_objective_sf2m_flow_only.json,1106,industrial_cpu,pending
fm_objective_sf2m_flow_only__industrial_v1__pronto_day4__seed1107,pronto_day4,configs/models/fm_objective_sf2m_flow_only.json,1107,industrial_cpu,pending
fm_objective_target__industrial_v1__pronto_day4__seed1103,pronto_day4,configs/models/fm_objective_target.json,1103,industrial_cpu,pending
fm_objective_target__industrial_v1__pronto_day4__seed1104,pronto_day4,configs/models/fm_objective_target.json,1104,industrial_cpu,pending
fm_objective_target__industrial_v1__pronto_day4__seed1105,pronto_day4,configs/models/fm_objective_target.json,1105,industrial_cpu,pending
fm_objective_target__industrial_v1__pronto_day4__seed1106,pronto_day4,configs/models/fm_objective_target.json,1106,industrial_cpu,pending
fm_objective_target__industrial_v1__pronto_day4__seed1107,pronto_day4,configs/models/fm_objective_target.json,1107,industrial_cpu,pending
fm_objective_vp__industrial_v1__pronto_day4__seed1103,pronto_day4,configs/models/fm_objective_vp.json,1103,industrial_cpu,pending
fm_objective_vp__industrial_v1__pronto_day4__seed1104,pronto_day4,configs/models/fm_objective_vp.json,1104,industrial_cpu,pending
fm_objective_vp__industrial_v1__pronto_day4__seed1105,pronto_day4,configs/models/fm_objective_vp.json,1105,industrial_cpu,pending
fm_objective_vp__industrial_v1__pronto_day4__seed1106,pronto_day4,configs/models/fm_objective_vp.json,1106,industrial_cpu,pending
fm_objective_vp__industrial_v1__pronto_day4__seed1107,pronto_day4,configs/models/fm_objective_vp.json,1107,industrial_cpu,pending
fm_objective_sb__stable_numerics_v2__industrial_v1__pronto_day4__seed1103,pronto_day4,configs/models/fm_objective_sb_stable_v2.json,1103,industrial_cpu,pending
fm_objective_sb__stable_numerics_v2__industrial_v1__pronto_day4__seed1104,pronto_day4,configs/models/fm_objective_sb_stable_v2.json,1104,industrial_cpu,pending
fm_objective_sb__stable_numerics_v2__industrial_v1__pronto_day4__seed1105,pronto_day4,configs/models/fm_objective_sb_stable_v2.json,1105,industrial_cpu,pending
fm_objective_sb__stable_numerics_v2__industrial_v1__pronto_day4__seed1106,pronto_day4,configs/models/fm_objective_sb_stable_v2.json,1106,industrial_cpu,pending
fm_objective_sb__stable_numerics_v2__industrial_v1__pronto_day4__seed1107,pronto_day4,configs/models/fm_objective_sb_stable_v2.json,1107,industrial_cpu,pending
fm_objective_sf2m__stable_numerics_v2__industrial_v1__pronto_day4__seed1103,pronto_day4,configs/models/fm_objective_sf2m_stable_v2.json,1103,industrial_cpu,pending
fm_objective_sf2m__stable_numerics_v2__industrial_v1__pronto_day4__seed1104,pronto_day4,configs/models/fm_objective_sf2m_stable_v2.json,1104,industrial_cpu,pending
fm_objective_sf2m__stable_numerics_v2__industrial_v1__pronto_day4__seed1105,pronto_day4,configs/models/fm_objective_sf2m_stable_v2.json,1105,industrial_cpu,pending
fm_objective_sf2m__stable_numerics_v2__industrial_v1__pronto_day4__seed1106,pronto_day4,configs/models/fm_objective_sf2m_stable_v2.json,1106,industrial_cpu,pending
fm_objective_sf2m__stable_numerics_v2__industrial_v1__pronto_day4__seed1107,pronto_day4,configs/models/fm_objective_sf2m_stable_v2.json,1107,industrial_cpu,pending
fm_objective_sf2m_flow_only__stable_numerics_v2__industrial_v1__pronto_day4__seed1103,pronto_day4,configs/models/fm_objective_sf2m_flow_only_stable_v2.json,1103,industrial_cpu,pending
fm_objective_sf2m_flow_only__stable_numerics_v2__industrial_v1__pronto_day4__seed1104,pronto_day4,configs/models/fm_objective_sf2m_flow_only_stable_v2.json,1104,industrial_cpu,pending
fm_objective_sf2m_flow_only__stable_numerics_v2__industrial_v1__pronto_day4__seed1105,pronto_day4,configs/models/fm_objective_sf2m_flow_only_stable_v2.json,1105,industrial_cpu,pending
fm_objective_sf2m_flow_only__stable_numerics_v2__industrial_v1__pronto_day4__seed1106,pronto_day4,configs/models/fm_objective_sf2m_flow_only_stable_v2.json,1106,industrial_cpu,pending
fm_objective_sf2m_flow_only__stable_numerics_v2__industrial_v1__pronto_day4__seed1107,pronto_day4,configs/models/fm_objective_sf2m_flow_only_stable_v2.json,1107,industrial_cpu,pending
fm_reflow_2stage__industrial_v1__pronto_day4__seed1103,pronto_day4,configs/models/fm_reflow_2stage.json,1103,industrial_cpu,pending
fm_reflow_2stage__industrial_v1__pronto_day4__seed1104,pronto_day4,configs/models/fm_reflow_2stage.json,1104,industrial_cpu,pending
fm_reflow_2stage__industrial_v1__pronto_day4__seed1105,pronto_day4,configs/models/fm_reflow_2stage.json,1105,industrial_cpu,pending
fm_reflow_2stage__industrial_v1__pronto_day4__seed1106,pronto_day4,configs/models/fm_reflow_2stage.json,1106,industrial_cpu,pending
fm_reflow_2stage__industrial_v1__pronto_day4__seed1107,pronto_day4,configs/models/fm_reflow_2stage.json,1107,industrial_cpu,pending
fm_reflow_3stage__industrial_v1__pronto_day4__seed1103,pronto_day4,configs/models/fm_reflow_3stage.json,1103,industrial_cpu,pending
fm_reflow_3stage__industrial_v1__pronto_day4__seed1104,pronto_day4,configs/models/fm_reflow_3stage.json,1104,industrial_cpu,pending
fm_reflow_3stage__industrial_v1__pronto_day4__seed1105,pronto_day4,configs/models/fm_reflow_3stage.json,1105,industrial_cpu,pending
fm_reflow_3stage__industrial_v1__pronto_day4__seed1106,pronto_day4,configs/models/fm_reflow_3stage.json,1106,industrial_cpu,pending
fm_reflow_3stage__industrial_v1__pronto_day4__seed1107,pronto_day4,configs/models/fm_reflow_3stage.json,1107,industrial_cpu,pending
fm_rectified_40epoch_budget_control__industrial_v1__pronto_day4__seed1103,pronto_day4,configs/models/fm_rectified_40epoch_budget_control.json,1103,industrial_cpu,pending
fm_rectified_40epoch_budget_control__industrial_v1__pronto_day4__seed1104,pronto_day4,configs/models/fm_rectified_40epoch_budget_control.json,1104,industrial_cpu,pending
fm_rectified_40epoch_budget_control__industrial_v1__pronto_day4__seed1105,pronto_day4,configs/models/fm_rectified_40epoch_budget_control.json,1105,industrial_cpu,pending
fm_rectified_40epoch_budget_control__industrial_v1__pronto_day4__seed1106,pronto_day4,configs/models/fm_rectified_40epoch_budget_control.json,1106,industrial_cpu,pending
fm_rectified_40epoch_budget_control__industrial_v1__pronto_day4__seed1107,pronto_day4,configs/models/fm_rectified_40epoch_budget_control.json,1107,industrial_cpu,pending
fm_rectified_60epoch_budget_control__industrial_v1__pronto_day4__seed1103,pronto_day4,configs/models/fm_rectified_60epoch_budget_control.json,1103,industrial_cpu,pending
fm_rectified_60epoch_budget_control__industrial_v1__pronto_day4__seed1104,pronto_day4,configs/models/fm_rectified_60epoch_budget_control.json,1104,industrial_cpu,pending
fm_rectified_60epoch_budget_control__industrial_v1__pronto_day4__seed1105,pronto_day4,configs/models/fm_rectified_60epoch_budget_control.json,1105,industrial_cpu,pending
fm_rectified_60epoch_budget_control__industrial_v1__pronto_day4__seed1106,pronto_day4,configs/models/fm_rectified_60epoch_budget_control.json,1106,industrial_cpu,pending
fm_rectified_60epoch_budget_control__industrial_v1__pronto_day4__seed1107,pronto_day4,configs/models/fm_rectified_60epoch_budget_control.json,1107,industrial_cpu,pending
fm_strict_timesnet__psm__registered__industrial_v1__pronto_day4__seed1103,pronto_day4,configs/models/fm_strict_baselines/fm_strict_timesnet__psm__registered.json,1103,industrial_cpu,pending
fm_strict_timesnet__psm__registered__industrial_v1__pronto_day4__seed1104,pronto_day4,configs/models/fm_strict_baselines/fm_strict_timesnet__psm__registered.json,1104,industrial_cpu,pending
fm_strict_timesnet__psm__registered__industrial_v1__pronto_day4__seed1105,pronto_day4,configs/models/fm_strict_baselines/fm_strict_timesnet__psm__registered.json,1105,industrial_cpu,pending
fm_strict_timesnet__psm__registered__industrial_v1__pronto_day4__seed1106,pronto_day4,configs/models/fm_strict_baselines/fm_strict_timesnet__psm__registered.json,1106,industrial_cpu,pending
fm_strict_timesnet__psm__registered__industrial_v1__pronto_day4__seed1107,pronto_day4,configs/models/fm_strict_baselines/fm_strict_timesnet__psm__registered.json,1107,industrial_cpu,pending
fm_strict_anomaly_transformer__psm__registered__industrial_v1__pronto_day4__seed1103,pronto_day4,configs/models/fm_strict_baselines/fm_strict_anomaly_transformer__psm__registered.json,1103,industrial_cpu,pending
fm_strict_anomaly_transformer__psm__registered__industrial_v1__pronto_day4__seed1104,pronto_day4,configs/models/fm_strict_baselines/fm_strict_anomaly_transformer__psm__registered.json,1104,industrial_cpu,pending
fm_strict_anomaly_transformer__psm__registered__industrial_v1__pronto_day4__seed1105,pronto_day4,configs/models/fm_strict_baselines/fm_strict_anomaly_transformer__psm__registered.json,1105,industrial_cpu,pending
fm_strict_anomaly_transformer__psm__registered__industrial_v1__pronto_day4__seed1106,pronto_day4,configs/models/fm_strict_baselines/fm_strict_anomaly_transformer__psm__registered.json,1106,industrial_cpu,pending
fm_strict_anomaly_transformer__psm__registered__industrial_v1__pronto_day4__seed1107,pronto_day4,configs/models/fm_strict_baselines/fm_strict_anomaly_transformer__psm__registered.json,1107,industrial_cpu,pending
fm_strict_dcdetector__psm__registered__industrial_v1__pronto_day4__seed1103,pronto_day4,configs/models/fm_strict_baselines/fm_strict_dcdetector__psm__registered.json,1103,industrial_cpu,pending
fm_strict_dcdetector__psm__registered__industrial_v1__pronto_day4__seed1104,pronto_day4,configs/models/fm_strict_baselines/fm_strict_dcdetector__psm__registered.json,1104,industrial_cpu,pending
fm_strict_dcdetector__psm__registered__industrial_v1__pronto_day4__seed1105,pronto_day4,configs/models/fm_strict_baselines/fm_strict_dcdetector__psm__registered.json,1105,industrial_cpu,pending
fm_strict_dcdetector__psm__registered__industrial_v1__pronto_day4__seed1106,pronto_day4,configs/models/fm_strict_baselines/fm_strict_dcdetector__psm__registered.json,1106,industrial_cpu,pending
fm_strict_dcdetector__psm__registered__industrial_v1__pronto_day4__seed1107,pronto_day4,configs/models/fm_strict_baselines/fm_strict_dcdetector__psm__registered.json,1107,industrial_cpu,pending
fm_strict_tranad__psm__registered__industrial_v1__pronto_day4__seed1103,pronto_day4,configs/models/fm_strict_baselines/fm_strict_tranad__psm__registered.json,1103,industrial_cpu,pending
fm_strict_tranad__psm__registered__industrial_v1__pronto_day4__seed1104,pronto_day4,configs/models/fm_strict_baselines/fm_strict_tranad__psm__registered.json,1104,industrial_cpu,pending
fm_strict_tranad__psm__registered__industrial_v1__pronto_day4__seed1105,pronto_day4,configs/models/fm_strict_baselines/fm_strict_tranad__psm__registered.json,1105,industrial_cpu,pending
fm_strict_tranad__psm__registered__industrial_v1__pronto_day4__seed1106,pronto_day4,configs/models/fm_strict_baselines/fm_strict_tranad__psm__registered.json,1106,industrial_cpu,pending
fm_strict_tranad__psm__registered__industrial_v1__pronto_day4__seed1107,pronto_day4,configs/models/fm_strict_baselines/fm_strict_tranad__psm__registered.json,1107,industrial_cpu,pending
fm_strict_usad__psm__registered__industrial_v1__pronto_day4__seed1103,pronto_day4,configs/models/fm_strict_baselines/fm_strict_usad__psm__registered.json,1103,industrial_cpu,pending
fm_strict_usad__psm__registered__industrial_v1__pronto_day4__seed1104,pronto_day4,configs/models/fm_strict_baselines/fm_strict_usad__psm__registered.json,1104,industrial_cpu,pending
fm_strict_usad__psm__registered__industrial_v1__pronto_day4__seed1105,pronto_day4,configs/models/fm_strict_baselines/fm_strict_usad__psm__registered.json,1105,industrial_cpu,pending
fm_strict_usad__psm__registered__industrial_v1__pronto_day4__seed1106,pronto_day4,configs/models/fm_strict_baselines/fm_strict_usad__psm__registered.json,1106,industrial_cpu,pending
fm_strict_usad__psm__registered__industrial_v1__pronto_day4__seed1107,pronto_day4,configs/models/fm_strict_baselines/fm_strict_usad__psm__registered.json,1107,industrial_cpu,pending
fm_strict_itransformer__psm__registered__industrial_v1__pronto_day4__seed1103,pronto_day4,configs/models/fm_strict_baselines/fm_strict_itransformer__psm__registered.json,1103,industrial_cpu,pending
fm_strict_itransformer__psm__registered__industrial_v1__pronto_day4__seed1104,pronto_day4,configs/models/fm_strict_baselines/fm_strict_itransformer__psm__registered.json,1104,industrial_cpu,pending
fm_strict_itransformer__psm__registered__industrial_v1__pronto_day4__seed1105,pronto_day4,configs/models/fm_strict_baselines/fm_strict_itransformer__psm__registered.json,1105,industrial_cpu,pending
fm_strict_itransformer__psm__registered__industrial_v1__pronto_day4__seed1106,pronto_day4,configs/models/fm_strict_baselines/fm_strict_itransformer__psm__registered.json,1106,industrial_cpu,pending
fm_strict_itransformer__psm__registered__industrial_v1__pronto_day4__seed1107,pronto_day4,configs/models/fm_strict_baselines/fm_strict_itransformer__psm__registered.json,1107,industrial_cpu,pending
fm_strict_usad__psm__signed_paper_loss__industrial_v1__pronto_day4__seed1103,pronto_day4,configs/models/fm_strict_baselines/fm_strict_usad__psm__signed_paper_loss.json,1103,industrial_cpu,pending
fm_strict_usad__psm__signed_paper_loss__industrial_v1__pronto_day4__seed1104,pronto_day4,configs/models/fm_strict_baselines/fm_strict_usad__psm__signed_paper_loss.json,1104,industrial_cpu,pending
fm_strict_usad__psm__signed_paper_loss__industrial_v1__pronto_day4__seed1105,pronto_day4,configs/models/fm_strict_baselines/fm_strict_usad__psm__signed_paper_loss.json,1105,industrial_cpu,pending
fm_strict_usad__psm__signed_paper_loss__industrial_v1__pronto_day4__seed1106,pronto_day4,configs/models/fm_strict_baselines/fm_strict_usad__psm__signed_paper_loss.json,1106,industrial_cpu,pending
fm_strict_usad__psm__signed_paper_loss__industrial_v1__pronto_day4__seed1107,pronto_day4,configs/models/fm_strict_baselines/fm_strict_usad__psm__signed_paper_loss.json,1107,industrial_cpu,pending
fm_objective_independent__industrial_v1__pronto_day2__seed1103,pronto_day2,configs/models/fm_objective_independent.json,1103,industrial_cpu,pending
fm_objective_independent__industrial_v1__pronto_day2__seed1104,pronto_day2,configs/models/fm_objective_independent.json,1104,industrial_cpu,pending
fm_objective_independent__industrial_v1__pronto_day2__seed1105,pronto_day2,configs/models/fm_objective_independent.json,1105,industrial_cpu,pending
fm_objective_independent__industrial_v1__pronto_day2__seed1106,pronto_day2,configs/models/fm_objective_independent.json,1106,industrial_cpu,pending
fm_objective_independent__industrial_v1__pronto_day2__seed1107,pronto_day2,configs/models/fm_objective_independent.json,1107,industrial_cpu,pending
fm_objective_ot__industrial_v1__pronto_day2__seed1103,pronto_day2,configs/models/fm_objective_ot.json,1103,industrial_cpu,pending
fm_objective_ot__industrial_v1__pronto_day2__seed1104,pronto_day2,configs/models/fm_objective_ot.json,1104,industrial_cpu,pending
fm_objective_ot__industrial_v1__pronto_day2__seed1105,pronto_day2,configs/models/fm_objective_ot.json,1105,industrial_cpu,pending
fm_objective_ot__industrial_v1__pronto_day2__seed1106,pronto_day2,configs/models/fm_objective_ot.json,1106,industrial_cpu,pending
fm_objective_ot__industrial_v1__pronto_day2__seed1107,pronto_day2,configs/models/fm_objective_ot.json,1107,industrial_cpu,pending
fm_objective_rectified__industrial_v1__pronto_day2__seed1103,pronto_day2,configs/models/fm_objective_rectified.json,1103,industrial_cpu,pending
fm_objective_rectified__industrial_v1__pronto_day2__seed1104,pronto_day2,configs/models/fm_objective_rectified.json,1104,industrial_cpu,pending
fm_objective_rectified__industrial_v1__pronto_day2__seed1105,pronto_day2,configs/models/fm_objective_rectified.json,1105,industrial_cpu,pending
fm_objective_rectified__industrial_v1__pronto_day2__seed1106,pronto_day2,configs/models/fm_objective_rectified.json,1106,industrial_cpu,pending
fm_objective_rectified__industrial_v1__pronto_day2__seed1107,pronto_day2,configs/models/fm_objective_rectified.json,1107,industrial_cpu,pending
fm_objective_sb__industrial_v1__pronto_day2__seed1103,pronto_day2,configs/models/fm_objective_sb.json,1103,industrial_cpu,pending
fm_objective_sb__industrial_v1__pronto_day2__seed1104,pronto_day2,configs/models/fm_objective_sb.json,1104,industrial_cpu,pending
fm_objective_sb__industrial_v1__pronto_day2__seed1105,pronto_day2,configs/models/fm_objective_sb.json,1105,industrial_cpu,pending
fm_objective_sb__industrial_v1__pronto_day2__seed1106,pronto_day2,configs/models/fm_objective_sb.json,1106,industrial_cpu,pending
fm_objective_sb__industrial_v1__pronto_day2__seed1107,pronto_day2,configs/models/fm_objective_sb.json,1107,industrial_cpu,pending
fm_objective_sf2m__industrial_v1__pronto_day2__seed1103,pronto_day2,configs/models/fm_objective_sf2m.json,1103,industrial_cpu,pending
fm_objective_sf2m__industrial_v1__pronto_day2__seed1104,pronto_day2,configs/models/fm_objective_sf2m.json,1104,industrial_cpu,pending
fm_objective_sf2m__industrial_v1__pronto_day2__seed1105,pronto_day2,configs/models/fm_objective_sf2m.json,1105,industrial_cpu,pending
fm_objective_sf2m__industrial_v1__pronto_day2__seed1106,pronto_day2,configs/models/fm_objective_sf2m.json,1106,industrial_cpu,pending
fm_objective_sf2m__industrial_v1__pronto_day2__seed1107,pronto_day2,configs/models/fm_objective_sf2m.json,1107,industrial_cpu,pending
fm_objective_sf2m_flow_only__industrial_v1__pronto_day2__seed1103,pronto_day2,configs/models/fm_objective_sf2m_flow_only.json,1103,industrial_cpu,pending
fm_objective_sf2m_flow_only__industrial_v1__pronto_day2__seed1104,pronto_day2,configs/models/fm_objective_sf2m_flow_only.json,1104,industrial_cpu,pending
fm_objective_sf2m_flow_only__industrial_v1__pronto_day2__seed1105,pronto_day2,configs/models/fm_objective_sf2m_flow_only.json,1105,industrial_cpu,pending
fm_objective_sf2m_flow_only__industrial_v1__pronto_day2__seed1106,pronto_day2,configs/models/fm_objective_sf2m_flow_only.json,1106,industrial_cpu,pending
fm_objective_sf2m_flow_only__industrial_v1__pronto_day2__seed1107,pronto_day2,configs/models/fm_objective_sf2m_flow_only.json,1107,industrial_cpu,pending
fm_objective_target__industrial_v1__pronto_day2__seed1103,pronto_day2,configs/models/fm_objective_target.json,1103,industrial_cpu,pending
fm_objective_target__industrial_v1__pronto_day2__seed1104,pronto_day2,configs/models/fm_objective_target.json,1104,industrial_cpu,pending
fm_objective_target__industrial_v1__pronto_day2__seed1105,pronto_day2,configs/models/fm_objective_target.json,1105,industrial_cpu,pending
fm_objective_target__industrial_v1__pronto_day2__seed1106,pronto_day2,configs/models/fm_objective_target.json,1106,industrial_cpu,pending
fm_objective_target__industrial_v1__pronto_day2__seed1107,pronto_day2,configs/models/fm_objective_target.json,1107,industrial_cpu,pending
fm_objective_vp__industrial_v1__pronto_day2__seed1103,pronto_day2,configs/models/fm_objective_vp.json,1103,industrial_cpu,pending
fm_objective_vp__industrial_v1__pronto_day2__seed1104,pronto_day2,configs/models/fm_objective_vp.json,1104,industrial_cpu,pending
fm_objective_vp__industrial_v1__pronto_day2__seed1105,pronto_day2,configs/models/fm_objective_vp.json,1105,industrial_cpu,pending
fm_objective_vp__industrial_v1__pronto_day2__seed1106,pronto_day2,configs/models/fm_objective_vp.json,1106,industrial_cpu,pending
fm_objective_vp__industrial_v1__pronto_day2__seed1107,pronto_day2,configs/models/fm_objective_vp.json,1107,industrial_cpu,pending
fm_objective_sb__stable_numerics_v2__industrial_v1__pronto_day2__seed1103,pronto_day2,configs/models/fm_objective_sb_stable_v2.json,1103,industrial_cpu,pending
fm_objective_sb__stable_numerics_v2__industrial_v1__pronto_day2__seed1104,pronto_day2,configs/models/fm_objective_sb_stable_v2.json,1104,industrial_cpu,pending
fm_objective_sb__stable_numerics_v2__industrial_v1__pronto_day2__seed1105,pronto_day2,configs/models/fm_objective_sb_stable_v2.json,1105,industrial_cpu,pending
fm_objective_sb__stable_numerics_v2__industrial_v1__pronto_day2__seed1106,pronto_day2,configs/models/fm_objective_sb_stable_v2.json,1106,industrial_cpu,pending
fm_objective_sb__stable_numerics_v2__industrial_v1__pronto_day2__seed1107,pronto_day2,configs/models/fm_objective_sb_stable_v2.json,1107,industrial_cpu,pending
fm_objective_sf2m__stable_numerics_v2__industrial_v1__pronto_day2__seed1103,pronto_day2,configs/models/fm_objective_sf2m_stable_v2.json,1103,industrial_cpu,pending
fm_objective_sf2m__stable_numerics_v2__industrial_v1__pronto_day2__seed1104,pronto_day2,configs/models/fm_objective_sf2m_stable_v2.json,1104,industrial_cpu,pending
fm_objective_sf2m__stable_numerics_v2__industrial_v1__pronto_day2__seed1105,pronto_day2,configs/models/fm_objective_sf2m_stable_v2.json,1105,industrial_cpu,pending
fm_objective_sf2m__stable_numerics_v2__industrial_v1__pronto_day2__seed1106,pronto_day2,configs/models/fm_objective_sf2m_stable_v2.json,1106,industrial_cpu,pending
fm_objective_sf2m__stable_numerics_v2__industrial_v1__pronto_day2__seed1107,pronto_day2,configs/models/fm_objective_sf2m_stable_v2.json,1107,industrial_cpu,pending
fm_objective_sf2m_flow_only__stable_numerics_v2__industrial_v1__pronto_day2__seed1103,pronto_day2,configs/models/fm_objective_sf2m_flow_only_stable_v2.json,1103,industrial_cpu,pending
fm_objective_sf2m_flow_only__stable_numerics_v2__industrial_v1__pronto_day2__seed1104,pronto_day2,configs/models/fm_objective_sf2m_flow_only_stable_v2.json,1104,industrial_cpu,pending
fm_objective_sf2m_flow_only__stable_numerics_v2__industrial_v1__pronto_day2__seed1105,pronto_day2,configs/models/fm_objective_sf2m_flow_only_stable_v2.json,1105,industrial_cpu,pending
fm_objective_sf2m_flow_only__stable_numerics_v2__industrial_v1__pronto_day2__seed1106,pronto_day2,configs/models/fm_objective_sf2m_flow_only_stable_v2.json,1106,industrial_cpu,pending
fm_objective_sf2m_flow_only__stable_numerics_v2__industrial_v1__pronto_day2__seed1107,pronto_day2,configs/models/fm_objective_sf2m_flow_only_stable_v2.json,1107,industrial_cpu,pending
fm_reflow_2stage__industrial_v1__pronto_day2__seed1103,pronto_day2,configs/models/fm_reflow_2stage.json,1103,industrial_cpu,pending
fm_reflow_2stage__industrial_v1__pronto_day2__seed1104,pronto_day2,configs/models/fm_reflow_2stage.json,1104,industrial_cpu,pending
fm_reflow_2stage__industrial_v1__pronto_day2__seed1105,pronto_day2,configs/models/fm_reflow_2stage.json,1105,industrial_cpu,pending
fm_reflow_2stage__industrial_v1__pronto_day2__seed1106,pronto_day2,configs/models/fm_reflow_2stage.json,1106,industrial_cpu,pending
fm_reflow_2stage__industrial_v1__pronto_day2__seed1107,pronto_day2,configs/models/fm_reflow_2stage.json,1107,industrial_cpu,pending
fm_reflow_3stage__industrial_v1__pronto_day2__seed1103,pronto_day2,configs/models/fm_reflow_3stage.json,1103,industrial_cpu,pending
fm_reflow_3stage__industrial_v1__pronto_day2__seed1104,pronto_day2,configs/models/fm_reflow_3stage.json,1104,industrial_cpu,pending
fm_reflow_3stage__industrial_v1__pronto_day2__seed1105,pronto_day2,configs/models/fm_reflow_3stage.json,1105,industrial_cpu,pending
fm_reflow_3stage__industrial_v1__pronto_day2__seed1106,pronto_day2,configs/models/fm_reflow_3stage.json,1106,industrial_cpu,pending
fm_reflow_3stage__industrial_v1__pronto_day2__seed1107,pronto_day2,configs/models/fm_reflow_3stage.json,1107,industrial_cpu,pending
fm_rectified_40epoch_budget_control__industrial_v1__pronto_day2__seed1103,pronto_day2,configs/models/fm_rectified_40epoch_budget_control.json,1103,industrial_cpu,pending
fm_rectified_40epoch_budget_control__industrial_v1__pronto_day2__seed1104,pronto_day2,configs/models/fm_rectified_40epoch_budget_control.json,1104,industrial_cpu,pending
fm_rectified_40epoch_budget_control__industrial_v1__pronto_day2__seed1105,pronto_day2,configs/models/fm_rectified_40epoch_budget_control.json,1105,industrial_cpu,pending
fm_rectified_40epoch_budget_control__industrial_v1__pronto_day2__seed1106,pronto_day2,configs/models/fm_rectified_40epoch_budget_control.json,1106,industrial_cpu,pending
fm_rectified_40epoch_budget_control__industrial_v1__pronto_day2__seed1107,pronto_day2,configs/models/fm_rectified_40epoch_budget_control.json,1107,industrial_cpu,pending
fm_rectified_60epoch_budget_control__industrial_v1__pronto_day2__seed1103,pronto_day2,configs/models/fm_rectified_60epoch_budget_control.json,1103,industrial_cpu,pending
fm_rectified_60epoch_budget_control__industrial_v1__pronto_day2__seed1104,pronto_day2,configs/models/fm_rectified_60epoch_budget_control.json,1104,industrial_cpu,pending
fm_rectified_60epoch_budget_control__industrial_v1__pronto_day2__seed1105,pronto_day2,configs/models/fm_rectified_60epoch_budget_control.json,1105,industrial_cpu,pending
fm_rectified_60epoch_budget_control__industrial_v1__pronto_day2__seed1106,pronto_day2,configs/models/fm_rectified_60epoch_budget_control.json,1106,industrial_cpu,pending
fm_rectified_60epoch_budget_control__industrial_v1__pronto_day2__seed1107,pronto_day2,configs/models/fm_rectified_60epoch_budget_control.json,1107,industrial_cpu,pending
fm_strict_timesnet__psm__registered__industrial_v1__pronto_day2__seed1103,pronto_day2,configs/models/fm_strict_baselines/fm_strict_timesnet__psm__registered.json,1103,industrial_cpu,pending
fm_strict_timesnet__psm__registered__industrial_v1__pronto_day2__seed1104,pronto_day2,configs/models/fm_strict_baselines/fm_strict_timesnet__psm__registered.json,1104,industrial_cpu,pending
fm_strict_timesnet__psm__registered__industrial_v1__pronto_day2__seed1105,pronto_day2,configs/models/fm_strict_baselines/fm_strict_timesnet__psm__registered.json,1105,industrial_cpu,pending
fm_strict_timesnet__psm__registered__industrial_v1__pronto_day2__seed1106,pronto_day2,configs/models/fm_strict_baselines/fm_strict_timesnet__psm__registered.json,1106,industrial_cpu,pending
fm_strict_timesnet__psm__registered__industrial_v1__pronto_day2__seed1107,pronto_day2,configs/models/fm_strict_baselines/fm_strict_timesnet__psm__registered.json,1107,industrial_cpu,pending
fm_strict_anomaly_transformer__psm__registered__industrial_v1__pronto_day2__seed1103,pronto_day2,configs/models/fm_strict_baselines/fm_strict_anomaly_transformer__psm__registered.json,1103,industrial_cpu,pending
fm_strict_anomaly_transformer__psm__registered__industrial_v1__pronto_day2__seed1104,pronto_day2,configs/models/fm_strict_baselines/fm_strict_anomaly_transformer__psm__registered.json,1104,industrial_cpu,pending
fm_strict_anomaly_transformer__psm__registered__industrial_v1__pronto_day2__seed1105,pronto_day2,configs/models/fm_strict_baselines/fm_strict_anomaly_transformer__psm__registered.json,1105,industrial_cpu,pending
fm_strict_anomaly_transformer__psm__registered__industrial_v1__pronto_day2__seed1106,pronto_day2,configs/models/fm_strict_baselines/fm_strict_anomaly_transformer__psm__registered.json,1106,industrial_cpu,pending
fm_strict_anomaly_transformer__psm__registered__industrial_v1__pronto_day2__seed1107,pronto_day2,configs/models/fm_strict_baselines/fm_strict_anomaly_transformer__psm__registered.json,1107,industrial_cpu,pending
fm_strict_dcdetector__psm__registered__industrial_v1__pronto_day2__seed1103,pronto_day2,configs/models/fm_strict_baselines/fm_strict_dcdetector__psm__registered.json,1103,industrial_cpu,pending
fm_strict_dcdetector__psm__registered__industrial_v1__pronto_day2__seed1104,pronto_day2,configs/models/fm_strict_baselines/fm_strict_dcdetector__psm__registered.json,1104,industrial_cpu,pending
fm_strict_dcdetector__psm__registered__industrial_v1__pronto_day2__seed1105,pronto_day2,configs/models/fm_strict_baselines/fm_strict_dcdetector__psm__registered.json,1105,industrial_cpu,pending
fm_strict_dcdetector__psm__registered__industrial_v1__pronto_day2__seed1106,pronto_day2,configs/models/fm_strict_baselines/fm_strict_dcdetector__psm__registered.json,1106,industrial_cpu,pending
fm_strict_dcdetector__psm__registered__industrial_v1__pronto_day2__seed1107,pronto_day2,configs/models/fm_strict_baselines/fm_strict_dcdetector__psm__registered.json,1107,industrial_cpu,pending
fm_strict_tranad__psm__registered__industrial_v1__pronto_day2__seed1103,pronto_day2,configs/models/fm_strict_baselines/fm_strict_tranad__psm__registered.json,1103,industrial_cpu,pending
fm_strict_tranad__psm__registered__industrial_v1__pronto_day2__seed1104,pronto_day2,configs/models/fm_strict_baselines/fm_strict_tranad__psm__registered.json,1104,industrial_cpu,pending
fm_strict_tranad__psm__registered__industrial_v1__pronto_day2__seed1105,pronto_day2,configs/models/fm_strict_baselines/fm_strict_tranad__psm__registered.json,1105,industrial_cpu,pending
fm_strict_tranad__psm__registered__industrial_v1__pronto_day2__seed1106,pronto_day2,configs/models/fm_strict_baselines/fm_strict_tranad__psm__registered.json,1106,industrial_cpu,pending
fm_strict_tranad__psm__registered__industrial_v1__pronto_day2__seed1107,pronto_day2,configs/models/fm_strict_baselines/fm_strict_tranad__psm__registered.json,1107,industrial_cpu,pending
fm_strict_usad__psm__registered__industrial_v1__pronto_day2__seed1103,pronto_day2,configs/models/fm_strict_baselines/fm_strict_usad__psm__registered.json,1103,industrial_cpu,pending
fm_strict_usad__psm__registered__industrial_v1__pronto_day2__seed1104,pronto_day2,configs/models/fm_strict_baselines/fm_strict_usad__psm__registered.json,1104,industrial_cpu,pending
fm_strict_usad__psm__registered__industrial_v1__pronto_day2__seed1105,pronto_day2,configs/models/fm_strict_baselines/fm_strict_usad__psm__registered.json,1105,industrial_cpu,pending
fm_strict_usad__psm__registered__industrial_v1__pronto_day2__seed1106,pronto_day2,configs/models/fm_strict_baselines/fm_strict_usad__psm__registered.json,1106,industrial_cpu,pending
fm_strict_usad__psm__registered__industrial_v1__pronto_day2__seed1107,pronto_day2,configs/models/fm_strict_baselines/fm_strict_usad__psm__registered.json,1107,industrial_cpu,pending
fm_strict_itransformer__psm__registered__industrial_v1__pronto_day2__seed1103,pronto_day2,configs/models/fm_strict_baselines/fm_strict_itransformer__psm__registered.json,1103,industrial_cpu,pending
fm_strict_itransformer__psm__registered__industrial_v1__pronto_day2__seed1104,pronto_day2,configs/models/fm_strict_baselines/fm_strict_itransformer__psm__registered.json,1104,industrial_cpu,pending
fm_strict_itransformer__psm__registered__industrial_v1__pronto_day2__seed1105,pronto_day2,configs/models/fm_strict_baselines/fm_strict_itransformer__psm__registered.json,1105,industrial_cpu,pending
fm_strict_itransformer__psm__registered__industrial_v1__pronto_day2__seed1106,pronto_day2,configs/models/fm_strict_baselines/fm_strict_itransformer__psm__registered.json,1106,industrial_cpu,pending
fm_strict_itransformer__psm__registered__industrial_v1__pronto_day2__seed1107,pronto_day2,configs/models/fm_strict_baselines/fm_strict_itransformer__psm__registered.json,1107,industrial_cpu,pending
fm_strict_usad__psm__signed_paper_loss__industrial_v1__pronto_day2__seed1103,pronto_day2,configs/models/fm_strict_baselines/fm_strict_usad__psm__signed_paper_loss.json,1103,industrial_cpu,pending
fm_strict_usad__psm__signed_paper_loss__industrial_v1__pronto_day2__seed1104,pronto_day2,configs/models/fm_strict_baselines/fm_strict_usad__psm__signed_paper_loss.json,1104,industrial_cpu,pending
fm_strict_usad__psm__signed_paper_loss__industrial_v1__pronto_day2__seed1105,pronto_day2,configs/models/fm_strict_baselines/fm_strict_usad__psm__signed_paper_loss.json,1105,industrial_cpu,pending
fm_strict_usad__psm__signed_paper_loss__industrial_v1__pronto_day2__seed1106,pronto_day2,configs/models/fm_strict_baselines/fm_strict_usad__psm__signed_paper_loss.json,1106,industrial_cpu,pending
fm_strict_usad__psm__signed_paper_loss__industrial_v1__pronto_day2__seed1107,pronto_day2,configs/models/fm_strict_baselines/fm_strict_usad__psm__signed_paper_loss.json,1107,industrial_cpu,pending
fm_objective_independent__industrial_v1__pronto_day3__seed1103,pronto_day3,configs/models/fm_objective_independent.json,1103,industrial_cpu,pending
fm_objective_independent__industrial_v1__pronto_day3__seed1104,pronto_day3,configs/models/fm_objective_independent.json,1104,industrial_cpu,pending
fm_objective_independent__industrial_v1__pronto_day3__seed1105,pronto_day3,configs/models/fm_objective_independent.json,1105,industrial_cpu,pending
fm_objective_independent__industrial_v1__pronto_day3__seed1106,pronto_day3,configs/models/fm_objective_independent.json,1106,industrial_cpu,pending
fm_objective_independent__industrial_v1__pronto_day3__seed1107,pronto_day3,configs/models/fm_objective_independent.json,1107,industrial_cpu,pending
fm_objective_ot__industrial_v1__pronto_day3__seed1103,pronto_day3,configs/models/fm_objective_ot.json,1103,industrial_cpu,pending
fm_objective_ot__industrial_v1__pronto_day3__seed1104,pronto_day3,configs/models/fm_objective_ot.json,1104,industrial_cpu,pending
fm_objective_ot__industrial_v1__pronto_day3__seed1105,pronto_day3,configs/models/fm_objective_ot.json,1105,industrial_cpu,pending
fm_objective_ot__industrial_v1__pronto_day3__seed1106,pronto_day3,configs/models/fm_objective_ot.json,1106,industrial_cpu,pending
fm_objective_ot__industrial_v1__pronto_day3__seed1107,pronto_day3,configs/models/fm_objective_ot.json,1107,industrial_cpu,pending
fm_objective_rectified__industrial_v1__pronto_day3__seed1103,pronto_day3,configs/models/fm_objective_rectified.json,1103,industrial_cpu,pending
fm_objective_rectified__industrial_v1__pronto_day3__seed1104,pronto_day3,configs/models/fm_objective_rectified.json,1104,industrial_cpu,pending
fm_objective_rectified__industrial_v1__pronto_day3__seed1105,pronto_day3,configs/models/fm_objective_rectified.json,1105,industrial_cpu,pending
fm_objective_rectified__industrial_v1__pronto_day3__seed1106,pronto_day3,configs/models/fm_objective_rectified.json,1106,industrial_cpu,pending
fm_objective_rectified__industrial_v1__pronto_day3__seed1107,pronto_day3,configs/models/fm_objective_rectified.json,1107,industrial_cpu,pending
fm_objective_sb__industrial_v1__pronto_day3__seed1103,pronto_day3,configs/models/fm_objective_sb.json,1103,industrial_cpu,pending
fm_objective_sb__industrial_v1__pronto_day3__seed1104,pronto_day3,configs/models/fm_objective_sb.json,1104,industrial_cpu,pending
fm_objective_sb__industrial_v1__pronto_day3__seed1105,pronto_day3,configs/models/fm_objective_sb.json,1105,industrial_cpu,pending
fm_objective_sb__industrial_v1__pronto_day3__seed1106,pronto_day3,configs/models/fm_objective_sb.json,1106,industrial_cpu,pending
fm_objective_sb__industrial_v1__pronto_day3__seed1107,pronto_day3,configs/models/fm_objective_sb.json,1107,industrial_cpu,pending
fm_objective_sf2m__industrial_v1__pronto_day3__seed1103,pronto_day3,configs/models/fm_objective_sf2m.json,1103,industrial_cpu,pending
fm_objective_sf2m__industrial_v1__pronto_day3__seed1104,pronto_day3,configs/models/fm_objective_sf2m.json,1104,industrial_cpu,pending
fm_objective_sf2m__industrial_v1__pronto_day3__seed1105,pronto_day3,configs/models/fm_objective_sf2m.json,1105,industrial_cpu,pending
fm_objective_sf2m__industrial_v1__pronto_day3__seed1106,pronto_day3,configs/models/fm_objective_sf2m.json,1106,industrial_cpu,pending
fm_objective_sf2m__industrial_v1__pronto_day3__seed1107,pronto_day3,configs/models/fm_objective_sf2m.json,1107,industrial_cpu,pending
fm_objective_sf2m_flow_only__industrial_v1__pronto_day3__seed1103,pronto_day3,configs/models/fm_objective_sf2m_flow_only.json,1103,industrial_cpu,pending
fm_objective_sf2m_flow_only__industrial_v1__pronto_day3__seed1104,pronto_day3,configs/models/fm_objective_sf2m_flow_only.json,1104,industrial_cpu,pending
fm_objective_sf2m_flow_only__industrial_v1__pronto_day3__seed1105,pronto_day3,configs/models/fm_objective_sf2m_flow_only.json,1105,industrial_cpu,pending
fm_objective_sf2m_flow_only__industrial_v1__pronto_day3__seed1106,pronto_day3,configs/models/fm_objective_sf2m_flow_only.json,1106,industrial_cpu,pending
fm_objective_sf2m_flow_only__industrial_v1__pronto_day3__seed1107,pronto_day3,configs/models/fm_objective_sf2m_flow_only.json,1107,industrial_cpu,pending
fm_objective_target__industrial_v1__pronto_day3__seed1103,pronto_day3,configs/models/fm_objective_target.json,1103,industrial_cpu,pending
fm_objective_target__industrial_v1__pronto_day3__seed1104,pronto_day3,configs/models/fm_objective_target.json,1104,industrial_cpu,pending
fm_objective_target__industrial_v1__pronto_day3__seed1105,pronto_day3,configs/models/fm_objective_target.json,1105,industrial_cpu,pending
fm_objective_target__industrial_v1__pronto_day3__seed1106,pronto_day3,configs/models/fm_objective_target.json,1106,industrial_cpu,pending
fm_objective_target__industrial_v1__pronto_day3__seed1107,pronto_day3,configs/models/fm_objective_target.json,1107,industrial_cpu,pending
fm_objective_vp__industrial_v1__pronto_day3__seed1103,pronto_day3,configs/models/fm_objective_vp.json,1103,industrial_cpu,pending
fm_objective_vp__industrial_v1__pronto_day3__seed1104,pronto_day3,configs/models/fm_objective_vp.json,1104,industrial_cpu,pending
fm_objective_vp__industrial_v1__pronto_day3__seed1105,pronto_day3,configs/models/fm_objective_vp.json,1105,industrial_cpu,pending
fm_objective_vp__industrial_v1__pronto_day3__seed1106,pronto_day3,configs/models/fm_objective_vp.json,1106,industrial_cpu,pending
fm_objective_vp__industrial_v1__pronto_day3__seed1107,pronto_day3,configs/models/fm_objective_vp.json,1107,industrial_cpu,pending
fm_objective_sb__stable_numerics_v2__industrial_v1__pronto_day3__seed1103,pronto_day3,configs/models/fm_objective_sb_stable_v2.json,1103,industrial_cpu,pending
fm_objective_sb__stable_numerics_v2__industrial_v1__pronto_day3__seed1104,pronto_day3,configs/models/fm_objective_sb_stable_v2.json,1104,industrial_cpu,pending
fm_objective_sb__stable_numerics_v2__industrial_v1__pronto_day3__seed1105,pronto_day3,configs/models/fm_objective_sb_stable_v2.json,1105,industrial_cpu,pending
fm_objective_sb__stable_numerics_v2__industrial_v1__pronto_day3__seed1106,pronto_day3,configs/models/fm_objective_sb_stable_v2.json,1106,industrial_cpu,pending
fm_objective_sb__stable_numerics_v2__industrial_v1__pronto_day3__seed1107,pronto_day3,configs/models/fm_objective_sb_stable_v2.json,1107,industrial_cpu,pending
fm_objective_sf2m__stable_numerics_v2__industrial_v1__pronto_day3__seed1103,pronto_day3,configs/models/fm_objective_sf2m_stable_v2.json,1103,industrial_cpu,pending
fm_objective_sf2m__stable_numerics_v2__industrial_v1__pronto_day3__seed1104,pronto_day3,configs/models/fm_objective_sf2m_stable_v2.json,1104,industrial_cpu,pending
fm_objective_sf2m__stable_numerics_v2__industrial_v1__pronto_day3__seed1105,pronto_day3,configs/models/fm_objective_sf2m_stable_v2.json,1105,industrial_cpu,pending
fm_objective_sf2m__stable_numerics_v2__industrial_v1__pronto_day3__seed1106,pronto_day3,configs/models/fm_objective_sf2m_stable_v2.json,1106,industrial_cpu,pending
fm_objective_sf2m__stable_numerics_v2__industrial_v1__pronto_day3__seed1107,pronto_day3,configs/models/fm_objective_sf2m_stable_v2.json,1107,industrial_cpu,pending
fm_objective_sf2m_flow_only__stable_numerics_v2__industrial_v1__pronto_day3__seed1103,pronto_day3,configs/models/fm_objective_sf2m_flow_only_stable_v2.json,1103,industrial_cpu,pending
fm_objective_sf2m_flow_only__stable_numerics_v2__industrial_v1__pronto_day3__seed1104,pronto_day3,configs/models/fm_objective_sf2m_flow_only_stable_v2.json,1104,industrial_cpu,pending
fm_objective_sf2m_flow_only__stable_numerics_v2__industrial_v1__pronto_day3__seed1105,pronto_day3,configs/models/fm_objective_sf2m_flow_only_stable_v2.json,1105,industrial_cpu,pending
fm_objective_sf2m_flow_only__stable_numerics_v2__industrial_v1__pronto_day3__seed1106,pronto_day3,configs/models/fm_objective_sf2m_flow_only_stable_v2.json,1106,industrial_cpu,pending
fm_objective_sf2m_flow_only__stable_numerics_v2__industrial_v1__pronto_day3__seed1107,pronto_day3,configs/models/fm_objective_sf2m_flow_only_stable_v2.json,1107,industrial_cpu,pending
fm_reflow_2stage__industrial_v1__pronto_day3__seed1103,pronto_day3,configs/models/fm_reflow_2stage.json,1103,industrial_cpu,pending
fm_reflow_2stage__industrial_v1__pronto_day3__seed1104,pronto_day3,configs/models/fm_reflow_2stage.json,1104,industrial_cpu,pending
fm_reflow_2stage__industrial_v1__pronto_day3__seed1105,pronto_day3,configs/models/fm_reflow_2stage.json,1105,industrial_cpu,pending
fm_reflow_2stage__industrial_v1__pronto_day3__seed1106,pronto_day3,configs/models/fm_reflow_2stage.json,1106,industrial_cpu,pending
fm_reflow_2stage__industrial_v1__pronto_day3__seed1107,pronto_day3,configs/models/fm_reflow_2stage.json,1107,industrial_cpu,pending
fm_reflow_3stage__industrial_v1__pronto_day3__seed1103,pronto_day3,configs/models/fm_reflow_3stage.json,1103,industrial_cpu,pending
fm_reflow_3stage__industrial_v1__pronto_day3__seed1104,pronto_day3,configs/models/fm_reflow_3stage.json,1104,industrial_cpu,pending
fm_reflow_3stage__industrial_v1__pronto_day3__seed1105,pronto_day3,configs/models/fm_reflow_3stage.json,1105,industrial_cpu,pending
fm_reflow_3stage__industrial_v1__pronto_day3__seed1106,pronto_day3,configs/models/fm_reflow_3stage.json,1106,industrial_cpu,pending
fm_reflow_3stage__industrial_v1__pronto_day3__seed1107,pronto_day3,configs/models/fm_reflow_3stage.json,1107,industrial_cpu,pending
fm_rectified_40epoch_budget_control__industrial_v1__pronto_day3__seed1103,pronto_day3,configs/models/fm_rectified_40epoch_budget_control.json,1103,industrial_cpu,pending
fm_rectified_40epoch_budget_control__industrial_v1__pronto_day3__seed1104,pronto_day3,configs/models/fm_rectified_40epoch_budget_control.json,1104,industrial_cpu,pending
fm_rectified_40epoch_budget_control__industrial_v1__pronto_day3__seed1105,pronto_day3,configs/models/fm_rectified_40epoch_budget_control.json,1105,industrial_cpu,pending
fm_rectified_40epoch_budget_control__industrial_v1__pronto_day3__seed1106,pronto_day3,configs/models/fm_rectified_40epoch_budget_control.json,1106,industrial_cpu,pending
fm_rectified_40epoch_budget_control__industrial_v1__pronto_day3__seed1107,pronto_day3,configs/models/fm_rectified_40epoch_budget_control.json,1107,industrial_cpu,pending
fm_rectified_60epoch_budget_control__industrial_v1__pronto_day3__seed1103,pronto_day3,configs/models/fm_rectified_60epoch_budget_control.json,1103,industrial_cpu,pending
fm_rectified_60epoch_budget_control__industrial_v1__pronto_day3__seed1104,pronto_day3,configs/models/fm_rectified_60epoch_budget_control.json,1104,industrial_cpu,pending
fm_rectified_60epoch_budget_control__industrial_v1__pronto_day3__seed1105,pronto_day3,configs/models/fm_rectified_60epoch_budget_control.json,1105,industrial_cpu,pending
fm_rectified_60epoch_budget_control__industrial_v1__pronto_day3__seed1106,pronto_day3,configs/models/fm_rectified_60epoch_budget_control.json,1106,industrial_cpu,pending
fm_rectified_60epoch_budget_control__industrial_v1__pronto_day3__seed1107,pronto_day3,configs/models/fm_rectified_60epoch_budget_control.json,1107,industrial_cpu,pending
fm_strict_timesnet__psm__registered__industrial_v1__pronto_day3__seed1103,pronto_day3,configs/models/fm_strict_baselines/fm_strict_timesnet__psm__registered.json,1103,industrial_cpu,pending
fm_strict_timesnet__psm__registered__industrial_v1__pronto_day3__seed1104,pronto_day3,configs/models/fm_strict_baselines/fm_strict_timesnet__psm__registered.json,1104,industrial_cpu,pending
fm_strict_timesnet__psm__registered__industrial_v1__pronto_day3__seed1105,pronto_day3,configs/models/fm_strict_baselines/fm_strict_timesnet__psm__registered.json,1105,industrial_cpu,pending
fm_strict_timesnet__psm__registered__industrial_v1__pronto_day3__seed1106,pronto_day3,configs/models/fm_strict_baselines/fm_strict_timesnet__psm__registered.json,1106,industrial_cpu,pending
fm_strict_timesnet__psm__registered__industrial_v1__pronto_day3__seed1107,pronto_day3,configs/models/fm_strict_baselines/fm_strict_timesnet__psm__registered.json,1107,industrial_cpu,pending
fm_strict_anomaly_transformer__psm__registered__industrial_v1__pronto_day3__seed1103,pronto_day3,configs/models/fm_strict_baselines/fm_strict_anomaly_transformer__psm__registered.json,1103,industrial_cpu,pending
fm_strict_anomaly_transformer__psm__registered__industrial_v1__pronto_day3__seed1104,pronto_day3,configs/models/fm_strict_baselines/fm_strict_anomaly_transformer__psm__registered.json,1104,industrial_cpu,pending
fm_strict_anomaly_transformer__psm__registered__industrial_v1__pronto_day3__seed1105,pronto_day3,configs/models/fm_strict_baselines/fm_strict_anomaly_transformer__psm__registered.json,1105,industrial_cpu,pending
fm_strict_anomaly_transformer__psm__registered__industrial_v1__pronto_day3__seed1106,pronto_day3,configs/models/fm_strict_baselines/fm_strict_anomaly_transformer__psm__registered.json,1106,industrial_cpu,pending
fm_strict_anomaly_transformer__psm__registered__industrial_v1__pronto_day3__seed1107,pronto_day3,configs/models/fm_strict_baselines/fm_strict_anomaly_transformer__psm__registered.json,1107,industrial_cpu,pending
fm_strict_dcdetector__psm__registered__industrial_v1__pronto_day3__seed1103,pronto_day3,configs/models/fm_strict_baselines/fm_strict_dcdetector__psm__registered.json,1103,industrial_cpu,pending
fm_strict_dcdetector__psm__registered__industrial_v1__pronto_day3__seed1104,pronto_day3,configs/models/fm_strict_baselines/fm_strict_dcdetector__psm__registered.json,1104,industrial_cpu,pending
fm_strict_dcdetector__psm__registered__industrial_v1__pronto_day3__seed1105,pronto_day3,configs/models/fm_strict_baselines/fm_strict_dcdetector__psm__registered.json,1105,industrial_cpu,pending
fm_strict_dcdetector__psm__registered__industrial_v1__pronto_day3__seed1106,pronto_day3,configs/models/fm_strict_baselines/fm_strict_dcdetector__psm__registered.json,1106,industrial_cpu,pending
fm_strict_dcdetector__psm__registered__industrial_v1__pronto_day3__seed1107,pronto_day3,configs/models/fm_strict_baselines/fm_strict_dcdetector__psm__registered.json,1107,industrial_cpu,pending
fm_strict_tranad__psm__registered__industrial_v1__pronto_day3__seed1103,pronto_day3,configs/models/fm_strict_baselines/fm_strict_tranad__psm__registered.json,1103,industrial_cpu,pending
fm_strict_tranad__psm__registered__industrial_v1__pronto_day3__seed1104,pronto_day3,configs/models/fm_strict_baselines/fm_strict_tranad__psm__registered.json,1104,industrial_cpu,pending
fm_strict_tranad__psm__registered__industrial_v1__pronto_day3__seed1105,pronto_day3,configs/models/fm_strict_baselines/fm_strict_tranad__psm__registered.json,1105,industrial_cpu,pending
fm_strict_tranad__psm__registered__industrial_v1__pronto_day3__seed1106,pronto_day3,configs/models/fm_strict_baselines/fm_strict_tranad__psm__registered.json,1106,industrial_cpu,pending
fm_strict_tranad__psm__registered__industrial_v1__pronto_day3__seed1107,pronto_day3,configs/models/fm_strict_baselines/fm_strict_tranad__psm__registered.json,1107,industrial_cpu,pending
fm_strict_usad__psm__registered__industrial_v1__pronto_day3__seed1103,pronto_day3,configs/models/fm_strict_baselines/fm_strict_usad__psm__registered.json,1103,industrial_cpu,pending
fm_strict_usad__psm__registered__industrial_v1__pronto_day3__seed1104,pronto_day3,configs/models/fm_strict_baselines/fm_strict_usad__psm__registered.json,1104,industrial_cpu,pending
fm_strict_usad__psm__registered__industrial_v1__pronto_day3__seed1105,pronto_day3,configs/models/fm_strict_baselines/fm_strict_usad__psm__registered.json,1105,industrial_cpu,pending
fm_strict_usad__psm__registered__industrial_v1__pronto_day3__seed1106,pronto_day3,configs/models/fm_strict_baselines/fm_strict_usad__psm__registered.json,1106,industrial_cpu,pending
fm_strict_usad__psm__registered__industrial_v1__pronto_day3__seed1107,pronto_day3,configs/models/fm_strict_baselines/fm_strict_usad__psm__registered.json,1107,industrial_cpu,pending
fm_strict_itransformer__psm__registered__industrial_v1__pronto_day3__seed1103,pronto_day3,configs/models/fm_strict_baselines/fm_strict_itransformer__psm__registered.json,1103,industrial_cpu,pending
fm_strict_itransformer__psm__registered__industrial_v1__pronto_day3__seed1104,pronto_day3,configs/models/fm_strict_baselines/fm_strict_itransformer__psm__registered.json,1104,industrial_cpu,pending
fm_strict_itransformer__psm__registered__industrial_v1__pronto_day3__seed1105,pronto_day3,configs/models/fm_strict_baselines/fm_strict_itransformer__psm__registered.json,1105,industrial_cpu,pending
fm_strict_itransformer__psm__registered__industrial_v1__pronto_day3__seed1106,pronto_day3,configs/models/fm_strict_baselines/fm_strict_itransformer__psm__registered.json,1106,industrial_cpu,pending
fm_strict_itransformer__psm__registered__industrial_v1__pronto_day3__seed1107,pronto_day3,configs/models/fm_strict_baselines/fm_strict_itransformer__psm__registered.json,1107,industrial_cpu,pending
fm_strict_usad__psm__signed_paper_loss__industrial_v1__pronto_day3__seed1103,pronto_day3,configs/models/fm_strict_baselines/fm_strict_usad__psm__signed_paper_loss.json,1103,industrial_cpu,pending
fm_strict_usad__psm__signed_paper_loss__industrial_v1__pronto_day3__seed1104,pronto_day3,configs/models/fm_strict_baselines/fm_strict_usad__psm__signed_paper_loss.json,1104,industrial_cpu,pending
fm_strict_usad__psm__signed_paper_loss__industrial_v1__pronto_day3__seed1105,pronto_day3,configs/models/fm_strict_baselines/fm_strict_usad__psm__signed_paper_loss.json,1105,industrial_cpu,pending
fm_strict_usad__psm__signed_paper_loss__industrial_v1__pronto_day3__seed1106,pronto_day3,configs/models/fm_strict_baselines/fm_strict_usad__psm__signed_paper_loss.json,1106,industrial_cpu,pending
fm_strict_usad__psm__signed_paper_loss__industrial_v1__pronto_day3__seed1107,pronto_day3,configs/models/fm_strict_baselines/fm_strict_usad__psm__signed_paper_loss.json,1107,industrial_cpu,pending
fm_comparator_dt_la__industrial_v1__tep_classic__seed1103,tep_classic,configs/models/fm_comparator_dt_la.json,1103,industrial_gpu,pending
fm_comparator_dt_la__industrial_v1__tep_classic__seed1104,tep_classic,configs/models/fm_comparator_dt_la.json,1104,industrial_gpu,pending
fm_comparator_dt_la__industrial_v1__tep_classic__seed1105,tep_classic,configs/models/fm_comparator_dt_la.json,1105,industrial_gpu,pending
fm_comparator_dt_la__industrial_v1__tep_classic__seed1106,tep_classic,configs/models/fm_comparator_dt_la.json,1106,industrial_gpu,pending
fm_comparator_dt_la__industrial_v1__tep_classic__seed1107,tep_classic,configs/models/fm_comparator_dt_la.json,1107,industrial_gpu,pending
fm_comparator_dt_la_l2_no_sparse__industrial_v1__tep_classic__seed1103,tep_classic,configs/models/fm_comparator_dt_la_l2_no_sparse.json,1103,industrial_gpu,pending
fm_comparator_dt_la_l2_no_sparse__industrial_v1__tep_classic__seed1104,tep_classic,configs/models/fm_comparator_dt_la_l2_no_sparse.json,1104,industrial_gpu,pending
fm_comparator_dt_la_l2_no_sparse__industrial_v1__tep_classic__seed1105,tep_classic,configs/models/fm_comparator_dt_la_l2_no_sparse.json,1105,industrial_gpu,pending
fm_comparator_dt_la_l2_no_sparse__industrial_v1__tep_classic__seed1106,tep_classic,configs/models/fm_comparator_dt_la_l2_no_sparse.json,1106,industrial_gpu,pending
fm_comparator_dt_la_l2_no_sparse__industrial_v1__tep_classic__seed1107,tep_classic,configs/models/fm_comparator_dt_la_l2_no_sparse.json,1107,industrial_gpu,pending
fm_comparator_dt_la_l2_sparse__industrial_v1__tep_classic__seed1103,tep_classic,configs/models/fm_comparator_dt_la_l2_sparse.json,1103,industrial_gpu,pending
fm_comparator_dt_la_l2_sparse__industrial_v1__tep_classic__seed1104,tep_classic,configs/models/fm_comparator_dt_la_l2_sparse.json,1104,industrial_gpu,pending
fm_comparator_dt_la_l2_sparse__industrial_v1__tep_classic__seed1105,tep_classic,configs/models/fm_comparator_dt_la_l2_sparse.json,1105,industrial_gpu,pending
fm_comparator_dt_la_l2_sparse__industrial_v1__tep_classic__seed1106,tep_classic,configs/models/fm_comparator_dt_la_l2_sparse.json,1106,industrial_gpu,pending
fm_comparator_dt_la_l2_sparse__industrial_v1__tep_classic__seed1107,tep_classic,configs/models/fm_comparator_dt_la_l2_sparse.json,1107,industrial_gpu,pending
fm_comparator_dt_la_lambda_0p1__industrial_v1__tep_classic__seed1103,tep_classic,configs/models/fm_comparator_dt_la_lambda_0p1.json,1103,industrial_gpu,pending
fm_comparator_dt_la_lambda_0p1__industrial_v1__tep_classic__seed1104,tep_classic,configs/models/fm_comparator_dt_la_lambda_0p1.json,1104,industrial_gpu,pending
fm_comparator_dt_la_lambda_0p1__industrial_v1__tep_classic__seed1105,tep_classic,configs/models/fm_comparator_dt_la_lambda_0p1.json,1105,industrial_gpu,pending
fm_comparator_dt_la_lambda_0p1__industrial_v1__tep_classic__seed1106,tep_classic,configs/models/fm_comparator_dt_la_lambda_0p1.json,1106,industrial_gpu,pending
fm_comparator_dt_la_lambda_0p1__industrial_v1__tep_classic__seed1107,tep_classic,configs/models/fm_comparator_dt_la_lambda_0p1.json,1107,industrial_gpu,pending
fm_comparator_dt_la_lambda_0p3__industrial_v1__tep_classic__seed1103,tep_classic,configs/models/fm_comparator_dt_la_lambda_0p3.json,1103,industrial_gpu,pending
fm_comparator_dt_la_lambda_0p3__industrial_v1__tep_classic__seed1104,tep_classic,configs/models/fm_comparator_dt_la_lambda_0p3.json,1104,industrial_gpu,pending
fm_comparator_dt_la_lambda_0p3__industrial_v1__tep_classic__seed1105,tep_classic,configs/models/fm_comparator_dt_la_lambda_0p3.json,1105,industrial_gpu,pending
fm_comparator_dt_la_lambda_0p3__industrial_v1__tep_classic__seed1106,tep_classic,configs/models/fm_comparator_dt_la_lambda_0p3.json,1106,industrial_gpu,pending
fm_comparator_dt_la_lambda_0p3__industrial_v1__tep_classic__seed1107,tep_classic,configs/models/fm_comparator_dt_la_lambda_0p3.json,1107,industrial_gpu,pending
fm_comparator_dt_la_lambda_0p7__industrial_v1__tep_classic__seed1103,tep_classic,configs/models/fm_comparator_dt_la_lambda_0p7.json,1103,industrial_gpu,pending
fm_comparator_dt_la_lambda_0p7__industrial_v1__tep_classic__seed1104,tep_classic,configs/models/fm_comparator_dt_la_lambda_0p7.json,1104,industrial_gpu,pending
fm_comparator_dt_la_lambda_0p7__industrial_v1__tep_classic__seed1105,tep_classic,configs/models/fm_comparator_dt_la_lambda_0p7.json,1105,industrial_gpu,pending
fm_comparator_dt_la_lambda_0p7__industrial_v1__tep_classic__seed1106,tep_classic,configs/models/fm_comparator_dt_la_lambda_0p7.json,1106,industrial_gpu,pending
fm_comparator_dt_la_lambda_0p7__industrial_v1__tep_classic__seed1107,tep_classic,configs/models/fm_comparator_dt_la_lambda_0p7.json,1107,industrial_gpu,pending
fm_comparator_dt_la_lambda_1p0__industrial_v1__tep_classic__seed1103,tep_classic,configs/models/fm_comparator_dt_la_lambda_1p0.json,1103,industrial_gpu,pending
fm_comparator_dt_la_lambda_1p0__industrial_v1__tep_classic__seed1104,tep_classic,configs/models/fm_comparator_dt_la_lambda_1p0.json,1104,industrial_gpu,pending
fm_comparator_dt_la_lambda_1p0__industrial_v1__tep_classic__seed1105,tep_classic,configs/models/fm_comparator_dt_la_lambda_1p0.json,1105,industrial_gpu,pending
fm_comparator_dt_la_lambda_1p0__industrial_v1__tep_classic__seed1106,tep_classic,configs/models/fm_comparator_dt_la_lambda_1p0.json,1106,industrial_gpu,pending
fm_comparator_dt_la_lambda_1p0__industrial_v1__tep_classic__seed1107,tep_classic,configs/models/fm_comparator_dt_la_lambda_1p0.json,1107,industrial_gpu,pending
fm_comparator_dt_la_mrh_no_sparse__industrial_v1__tep_classic__seed1103,tep_classic,configs/models/fm_comparator_dt_la_mrh_no_sparse.json,1103,industrial_gpu,pending
fm_comparator_dt_la_mrh_no_sparse__industrial_v1__tep_classic__seed1104,tep_classic,configs/models/fm_comparator_dt_la_mrh_no_sparse.json,1104,industrial_gpu,pending
fm_comparator_dt_la_mrh_no_sparse__industrial_v1__tep_classic__seed1105,tep_classic,configs/models/fm_comparator_dt_la_mrh_no_sparse.json,1105,industrial_gpu,pending
fm_comparator_dt_la_mrh_no_sparse__industrial_v1__tep_classic__seed1106,tep_classic,configs/models/fm_comparator_dt_la_mrh_no_sparse.json,1106,industrial_gpu,pending
fm_comparator_dt_la_mrh_no_sparse__industrial_v1__tep_classic__seed1107,tep_classic,configs/models/fm_comparator_dt_la_mrh_no_sparse.json,1107,industrial_gpu,pending
fm_comparator_dt_la_score_input__industrial_v1__tep_classic__seed1103,tep_classic,configs/models/fm_comparator_dt_la_score_input.json,1103,industrial_gpu,pending
fm_comparator_dt_la_score_input__industrial_v1__tep_classic__seed1104,tep_classic,configs/models/fm_comparator_dt_la_score_input.json,1104,industrial_gpu,pending
fm_comparator_dt_la_score_input__industrial_v1__tep_classic__seed1105,tep_classic,configs/models/fm_comparator_dt_la_score_input.json,1105,industrial_gpu,pending
fm_comparator_dt_la_score_input__industrial_v1__tep_classic__seed1106,tep_classic,configs/models/fm_comparator_dt_la_score_input.json,1106,industrial_gpu,pending
fm_comparator_dt_la_score_input__industrial_v1__tep_classic__seed1107,tep_classic,configs/models/fm_comparator_dt_la_score_input.json,1107,industrial_gpu,pending
fm_comparator_dt_la_score_latent__industrial_v1__tep_classic__seed1103,tep_classic,configs/models/fm_comparator_dt_la_score_latent.json,1103,industrial_gpu,pending
fm_comparator_dt_la_score_latent__industrial_v1__tep_classic__seed1104,tep_classic,configs/models/fm_comparator_dt_la_score_latent.json,1104,industrial_gpu,pending
fm_comparator_dt_la_score_latent__industrial_v1__tep_classic__seed1105,tep_classic,configs/models/fm_comparator_dt_la_score_latent.json,1105,industrial_gpu,pending
fm_comparator_dt_la_score_latent__industrial_v1__tep_classic__seed1106,tep_classic,configs/models/fm_comparator_dt_la_score_latent.json,1106,industrial_gpu,pending
fm_comparator_dt_la_score_latent__industrial_v1__tep_classic__seed1107,tep_classic,configs/models/fm_comparator_dt_la_score_latent.json,1107,industrial_gpu,pending
fm_comparator_dt_la_score_softmax__industrial_v1__tep_classic__seed1103,tep_classic,configs/models/fm_comparator_dt_la_score_softmax.json,1103,industrial_gpu,pending
fm_comparator_dt_la_score_softmax__industrial_v1__tep_classic__seed1104,tep_classic,configs/models/fm_comparator_dt_la_score_softmax.json,1104,industrial_gpu,pending
fm_comparator_dt_la_score_softmax__industrial_v1__tep_classic__seed1105,tep_classic,configs/models/fm_comparator_dt_la_score_softmax.json,1105,industrial_gpu,pending
fm_comparator_dt_la_score_softmax__industrial_v1__tep_classic__seed1106,tep_classic,configs/models/fm_comparator_dt_la_score_softmax.json,1106,industrial_gpu,pending
fm_comparator_dt_la_score_softmax__industrial_v1__tep_classic__seed1107,tep_classic,configs/models/fm_comparator_dt_la_score_softmax.json,1107,industrial_gpu,pending
fm_comparator_kgl__industrial_v1__tep_classic__seed1103,tep_classic,configs/models/fm_comparator_kgl.json,1103,industrial_gpu,pending
fm_comparator_kgl__industrial_v1__tep_classic__seed1104,tep_classic,configs/models/fm_comparator_kgl.json,1104,industrial_gpu,pending
fm_comparator_kgl__industrial_v1__tep_classic__seed1105,tep_classic,configs/models/fm_comparator_kgl.json,1105,industrial_gpu,pending
fm_comparator_kgl__industrial_v1__tep_classic__seed1106,tep_classic,configs/models/fm_comparator_kgl.json,1106,industrial_gpu,pending
fm_comparator_kgl__industrial_v1__tep_classic__seed1107,tep_classic,configs/models/fm_comparator_kgl.json,1107,industrial_gpu,pending
fm_comparator_kgl_without_gat__industrial_v1__tep_classic__seed1103,tep_classic,configs/models/fm_comparator_kgl_without_gat.json,1103,industrial_gpu,pending
fm_comparator_kgl_without_gat__industrial_v1__tep_classic__seed1104,tep_classic,configs/models/fm_comparator_kgl_without_gat.json,1104,industrial_gpu,pending
fm_comparator_kgl_without_gat__industrial_v1__tep_classic__seed1105,tep_classic,configs/models/fm_comparator_kgl_without_gat.json,1105,industrial_gpu,pending
fm_comparator_kgl_without_gat__industrial_v1__tep_classic__seed1106,tep_classic,configs/models/fm_comparator_kgl_without_gat.json,1106,industrial_gpu,pending
fm_comparator_kgl_without_gat__industrial_v1__tep_classic__seed1107,tep_classic,configs/models/fm_comparator_kgl_without_gat.json,1107,industrial_gpu,pending
fm_comparator_kgl_without_kan__industrial_v1__tep_classic__seed1103,tep_classic,configs/models/fm_comparator_kgl_without_kan.json,1103,industrial_gpu,pending
fm_comparator_kgl_without_kan__industrial_v1__tep_classic__seed1104,tep_classic,configs/models/fm_comparator_kgl_without_kan.json,1104,industrial_gpu,pending
fm_comparator_kgl_without_kan__industrial_v1__tep_classic__seed1105,tep_classic,configs/models/fm_comparator_kgl_without_kan.json,1105,industrial_gpu,pending
fm_comparator_kgl_without_kan__industrial_v1__tep_classic__seed1106,tep_classic,configs/models/fm_comparator_kgl_without_kan.json,1106,industrial_gpu,pending
fm_comparator_kgl_without_kan__industrial_v1__tep_classic__seed1107,tep_classic,configs/models/fm_comparator_kgl_without_kan.json,1107,industrial_gpu,pending
fm_comparator_kgl_without_lstm__industrial_v1__tep_classic__seed1103,tep_classic,configs/models/fm_comparator_kgl_without_lstm.json,1103,industrial_gpu,pending
fm_comparator_kgl_without_lstm__industrial_v1__tep_classic__seed1104,tep_classic,configs/models/fm_comparator_kgl_without_lstm.json,1104,industrial_gpu,pending
fm_comparator_kgl_without_lstm__industrial_v1__tep_classic__seed1105,tep_classic,configs/models/fm_comparator_kgl_without_lstm.json,1105,industrial_gpu,pending
fm_comparator_kgl_without_lstm__industrial_v1__tep_classic__seed1106,tep_classic,configs/models/fm_comparator_kgl_without_lstm.json,1106,industrial_gpu,pending
fm_comparator_kgl_without_lstm__industrial_v1__tep_classic__seed1107,tep_classic,configs/models/fm_comparator_kgl_without_lstm.json,1107,industrial_gpu,pending
fm_comparator_shcl_transformer__industrial_v1__tep_classic__seed1103,tep_classic,configs/models/fm_comparator_shcl_transformer.json,1103,industrial_gpu,pending
fm_comparator_shcl_transformer__industrial_v1__tep_classic__seed1104,tep_classic,configs/models/fm_comparator_shcl_transformer.json,1104,industrial_gpu,pending
fm_comparator_shcl_transformer__industrial_v1__tep_classic__seed1105,tep_classic,configs/models/fm_comparator_shcl_transformer.json,1105,industrial_gpu,pending
fm_comparator_shcl_transformer__industrial_v1__tep_classic__seed1106,tep_classic,configs/models/fm_comparator_shcl_transformer.json,1106,industrial_gpu,pending
fm_comparator_shcl_transformer__industrial_v1__tep_classic__seed1107,tep_classic,configs/models/fm_comparator_shcl_transformer.json,1107,industrial_gpu,pending
fm_comparator_shcl_transformer_backbone_cnn__industrial_v1__tep_classic__seed1103,tep_classic,configs/models/fm_comparator_shcl_transformer_backbone_cnn.json,1103,industrial_gpu,pending
fm_comparator_shcl_transformer_backbone_cnn__industrial_v1__tep_classic__seed1104,tep_classic,configs/models/fm_comparator_shcl_transformer_backbone_cnn.json,1104,industrial_gpu,pending
fm_comparator_shcl_transformer_backbone_cnn__industrial_v1__tep_classic__seed1105,tep_classic,configs/models/fm_comparator_shcl_transformer_backbone_cnn.json,1105,industrial_gpu,pending
fm_comparator_shcl_transformer_backbone_cnn__industrial_v1__tep_classic__seed1106,tep_classic,configs/models/fm_comparator_shcl_transformer_backbone_cnn.json,1106,industrial_gpu,pending
fm_comparator_shcl_transformer_backbone_cnn__industrial_v1__tep_classic__seed1107,tep_classic,configs/models/fm_comparator_shcl_transformer_backbone_cnn.json,1107,industrial_gpu,pending
fm_comparator_shcl_transformer_backbone_lstm__industrial_v1__tep_classic__seed1103,tep_classic,configs/models/fm_comparator_shcl_transformer_backbone_lstm.json,1103,industrial_gpu,pending
fm_comparator_shcl_transformer_backbone_lstm__industrial_v1__tep_classic__seed1104,tep_classic,configs/models/fm_comparator_shcl_transformer_backbone_lstm.json,1104,industrial_gpu,pending
fm_comparator_shcl_transformer_backbone_lstm__industrial_v1__tep_classic__seed1105,tep_classic,configs/models/fm_comparator_shcl_transformer_backbone_lstm.json,1105,industrial_gpu,pending
fm_comparator_shcl_transformer_backbone_lstm__industrial_v1__tep_classic__seed1106,tep_classic,configs/models/fm_comparator_shcl_transformer_backbone_lstm.json,1106,industrial_gpu,pending
fm_comparator_shcl_transformer_backbone_lstm__industrial_v1__tep_classic__seed1107,tep_classic,configs/models/fm_comparator_shcl_transformer_backbone_lstm.json,1107,industrial_gpu,pending
fm_comparator_shcl_transformer_backbone_rnn__industrial_v1__tep_classic__seed1103,tep_classic,configs/models/fm_comparator_shcl_transformer_backbone_rnn.json,1103,industrial_gpu,pending
fm_comparator_shcl_transformer_backbone_rnn__industrial_v1__tep_classic__seed1104,tep_classic,configs/models/fm_comparator_shcl_transformer_backbone_rnn.json,1104,industrial_gpu,pending
fm_comparator_shcl_transformer_backbone_rnn__industrial_v1__tep_classic__seed1105,tep_classic,configs/models/fm_comparator_shcl_transformer_backbone_rnn.json,1105,industrial_gpu,pending
fm_comparator_shcl_transformer_backbone_rnn__industrial_v1__tep_classic__seed1106,tep_classic,configs/models/fm_comparator_shcl_transformer_backbone_rnn.json,1106,industrial_gpu,pending
fm_comparator_shcl_transformer_backbone_rnn__industrial_v1__tep_classic__seed1107,tep_classic,configs/models/fm_comparator_shcl_transformer_backbone_rnn.json,1107,industrial_gpu,pending
fm_comparator_shcl_transformer_backbone_vae__industrial_v1__tep_classic__seed1103,tep_classic,configs/models/fm_comparator_shcl_transformer_backbone_vae.json,1103,industrial_gpu,pending
fm_comparator_shcl_transformer_backbone_vae__industrial_v1__tep_classic__seed1104,tep_classic,configs/models/fm_comparator_shcl_transformer_backbone_vae.json,1104,industrial_gpu,pending
fm_comparator_shcl_transformer_backbone_vae__industrial_v1__tep_classic__seed1105,tep_classic,configs/models/fm_comparator_shcl_transformer_backbone_vae.json,1105,industrial_gpu,pending
fm_comparator_shcl_transformer_backbone_vae__industrial_v1__tep_classic__seed1106,tep_classic,configs/models/fm_comparator_shcl_transformer_backbone_vae.json,1106,industrial_gpu,pending
fm_comparator_shcl_transformer_backbone_vae__industrial_v1__tep_classic__seed1107,tep_classic,configs/models/fm_comparator_shcl_transformer_backbone_vae.json,1107,industrial_gpu,pending
fm_comparator_shcl_transformer_backbone_vae_only_pair__industrial_v1__tep_classic__seed1103,tep_classic,configs/models/fm_comparator_shcl_transformer_backbone_vae_only_pair.json,1103,industrial_gpu,pending
fm_comparator_shcl_transformer_backbone_vae_only_pair__industrial_v1__tep_classic__seed1104,tep_classic,configs/models/fm_comparator_shcl_transformer_backbone_vae_only_pair.json,1104,industrial_gpu,pending
fm_comparator_shcl_transformer_backbone_vae_only_pair__industrial_v1__tep_classic__seed1105,tep_classic,configs/models/fm_comparator_shcl_transformer_backbone_vae_only_pair.json,1105,industrial_gpu,pending
fm_comparator_shcl_transformer_backbone_vae_only_pair__industrial_v1__tep_classic__seed1106,tep_classic,configs/models/fm_comparator_shcl_transformer_backbone_vae_only_pair.json,1106,industrial_gpu,pending
fm_comparator_shcl_transformer_backbone_vae_only_pair__industrial_v1__tep_classic__seed1107,tep_classic,configs/models/fm_comparator_shcl_transformer_backbone_vae_only_pair.json,1107,industrial_gpu,pending
fm_comparator_shcl_transformer_backbone_vae_only_point__industrial_v1__tep_classic__seed1103,tep_classic,configs/models/fm_comparator_shcl_transformer_backbone_vae_only_point.json,1103,industrial_gpu,pending
fm_comparator_shcl_transformer_backbone_vae_only_point__industrial_v1__tep_classic__seed1104,tep_classic,configs/models/fm_comparator_shcl_transformer_backbone_vae_only_point.json,1104,industrial_gpu,pending
fm_comparator_shcl_transformer_backbone_vae_only_point__industrial_v1__tep_classic__seed1105,tep_classic,configs/models/fm_comparator_shcl_transformer_backbone_vae_only_point.json,1105,industrial_gpu,pending
fm_comparator_shcl_transformer_backbone_vae_only_point__industrial_v1__tep_classic__seed1106,tep_classic,configs/models/fm_comparator_shcl_transformer_backbone_vae_only_point.json,1106,industrial_gpu,pending
fm_comparator_shcl_transformer_backbone_vae_only_point__industrial_v1__tep_classic__seed1107,tep_classic,configs/models/fm_comparator_shcl_transformer_backbone_vae_only_point.json,1107,industrial_gpu,pending
fm_comparator_shcl_transformer_backbone_vae_random_mask__industrial_v1__tep_classic__seed1103,tep_classic,configs/models/fm_comparator_shcl_transformer_backbone_vae_random_mask.json,1103,industrial_gpu,pending
fm_comparator_shcl_transformer_backbone_vae_random_mask__industrial_v1__tep_classic__seed1104,tep_classic,configs/models/fm_comparator_shcl_transformer_backbone_vae_random_mask.json,1104,industrial_gpu,pending
fm_comparator_shcl_transformer_backbone_vae_random_mask__industrial_v1__tep_classic__seed1105,tep_classic,configs/models/fm_comparator_shcl_transformer_backbone_vae_random_mask.json,1105,industrial_gpu,pending
fm_comparator_shcl_transformer_backbone_vae_random_mask__industrial_v1__tep_classic__seed1106,tep_classic,configs/models/fm_comparator_shcl_transformer_backbone_vae_random_mask.json,1106,industrial_gpu,pending
fm_comparator_shcl_transformer_backbone_vae_random_mask__industrial_v1__tep_classic__seed1107,tep_classic,configs/models/fm_comparator_shcl_transformer_backbone_vae_random_mask.json,1107,industrial_gpu,pending
fm_comparator_shcl_transformer_backbone_vae_reconstruction__industrial_v1__tep_classic__seed1103,tep_classic,configs/models/fm_comparator_shcl_transformer_backbone_vae_reconstruction.json,1103,industrial_gpu,pending
fm_comparator_shcl_transformer_backbone_vae_reconstruction__industrial_v1__tep_classic__seed1104,tep_classic,configs/models/fm_comparator_shcl_transformer_backbone_vae_reconstruction.json,1104,industrial_gpu,pending
fm_comparator_shcl_transformer_backbone_vae_reconstruction__industrial_v1__tep_classic__seed1105,tep_classic,configs/models/fm_comparator_shcl_transformer_backbone_vae_reconstruction.json,1105,industrial_gpu,pending
fm_comparator_shcl_transformer_backbone_vae_reconstruction__industrial_v1__tep_classic__seed1106,tep_classic,configs/models/fm_comparator_shcl_transformer_backbone_vae_reconstruction.json,1106,industrial_gpu,pending
fm_comparator_shcl_transformer_backbone_vae_reconstruction__industrial_v1__tep_classic__seed1107,tep_classic,configs/models/fm_comparator_shcl_transformer_backbone_vae_reconstruction.json,1107,industrial_gpu,pending
fm_comparator_shcl_transformer_only_pair__industrial_v1__tep_classic__seed1103,tep_classic,configs/models/fm_comparator_shcl_transformer_only_pair.json,1103,industrial_gpu,pending
fm_comparator_shcl_transformer_only_pair__industrial_v1__tep_classic__seed1104,tep_classic,configs/models/fm_comparator_shcl_transformer_only_pair.json,1104,industrial_gpu,pending
fm_comparator_shcl_transformer_only_pair__industrial_v1__tep_classic__seed1105,tep_classic,configs/models/fm_comparator_shcl_transformer_only_pair.json,1105,industrial_gpu,pending
fm_comparator_shcl_transformer_only_pair__industrial_v1__tep_classic__seed1106,tep_classic,configs/models/fm_comparator_shcl_transformer_only_pair.json,1106,industrial_gpu,pending
fm_comparator_shcl_transformer_only_pair__industrial_v1__tep_classic__seed1107,tep_classic,configs/models/fm_comparator_shcl_transformer_only_pair.json,1107,industrial_gpu,pending
fm_comparator_shcl_transformer_only_point__industrial_v1__tep_classic__seed1103,tep_classic,configs/models/fm_comparator_shcl_transformer_only_point.json,1103,industrial_gpu,pending
fm_comparator_shcl_transformer_only_point__industrial_v1__tep_classic__seed1104,tep_classic,configs/models/fm_comparator_shcl_transformer_only_point.json,1104,industrial_gpu,pending
fm_comparator_shcl_transformer_only_point__industrial_v1__tep_classic__seed1105,tep_classic,configs/models/fm_comparator_shcl_transformer_only_point.json,1105,industrial_gpu,pending
fm_comparator_shcl_transformer_only_point__industrial_v1__tep_classic__seed1106,tep_classic,configs/models/fm_comparator_shcl_transformer_only_point.json,1106,industrial_gpu,pending
fm_comparator_shcl_transformer_only_point__industrial_v1__tep_classic__seed1107,tep_classic,configs/models/fm_comparator_shcl_transformer_only_point.json,1107,industrial_gpu,pending
fm_comparator_shcl_transformer_random_mask__industrial_v1__tep_classic__seed1103,tep_classic,configs/models/fm_comparator_shcl_transformer_random_mask.json,1103,industrial_gpu,pending
fm_comparator_shcl_transformer_random_mask__industrial_v1__tep_classic__seed1104,tep_classic,configs/models/fm_comparator_shcl_transformer_random_mask.json,1104,industrial_gpu,pending
fm_comparator_shcl_transformer_random_mask__industrial_v1__tep_classic__seed1105,tep_classic,configs/models/fm_comparator_shcl_transformer_random_mask.json,1105,industrial_gpu,pending
fm_comparator_shcl_transformer_random_mask__industrial_v1__tep_classic__seed1106,tep_classic,configs/models/fm_comparator_shcl_transformer_random_mask.json,1106,industrial_gpu,pending
fm_comparator_shcl_transformer_random_mask__industrial_v1__tep_classic__seed1107,tep_classic,configs/models/fm_comparator_shcl_transformer_random_mask.json,1107,industrial_gpu,pending
fm_comparator_shcl_transformer_reconstruction__industrial_v1__tep_classic__seed1103,tep_classic,configs/models/fm_comparator_shcl_transformer_reconstruction.json,1103,industrial_gpu,pending
fm_comparator_shcl_transformer_reconstruction__industrial_v1__tep_classic__seed1104,tep_classic,configs/models/fm_comparator_shcl_transformer_reconstruction.json,1104,industrial_gpu,pending
fm_comparator_shcl_transformer_reconstruction__industrial_v1__tep_classic__seed1105,tep_classic,configs/models/fm_comparator_shcl_transformer_reconstruction.json,1105,industrial_gpu,pending
fm_comparator_shcl_transformer_reconstruction__industrial_v1__tep_classic__seed1106,tep_classic,configs/models/fm_comparator_shcl_transformer_reconstruction.json,1106,industrial_gpu,pending
fm_comparator_shcl_transformer_reconstruction__industrial_v1__tep_classic__seed1107,tep_classic,configs/models/fm_comparator_shcl_transformer_reconstruction.json,1107,industrial_gpu,pending
fm_native_dfm_exact__industrial_v1__tep_classic__seed1103,tep_classic,configs/models/fm_native_dfm_exact.json,1103,industrial_gpu,pending
fm_native_dfm_exact__industrial_v1__tep_classic__seed1104,tep_classic,configs/models/fm_native_dfm_exact.json,1104,industrial_gpu,pending
fm_native_dfm_exact__industrial_v1__tep_classic__seed1105,tep_classic,configs/models/fm_native_dfm_exact.json,1105,industrial_gpu,pending
fm_native_dfm_exact__industrial_v1__tep_classic__seed1106,tep_classic,configs/models/fm_native_dfm_exact.json,1106,industrial_gpu,pending
fm_native_dfm_exact__industrial_v1__tep_classic__seed1107,tep_classic,configs/models/fm_native_dfm_exact.json,1107,industrial_gpu,pending
fm_native_dfm_hutchinson__industrial_v1__tep_classic__seed1103,tep_classic,configs/models/fm_native_dfm_hutchinson.json,1103,industrial_gpu,pending
fm_native_dfm_hutchinson__industrial_v1__tep_classic__seed1104,tep_classic,configs/models/fm_native_dfm_hutchinson.json,1104,industrial_gpu,pending
fm_native_dfm_hutchinson__industrial_v1__tep_classic__seed1105,tep_classic,configs/models/fm_native_dfm_hutchinson.json,1105,industrial_gpu,pending
fm_native_dfm_hutchinson__industrial_v1__tep_classic__seed1106,tep_classic,configs/models/fm_native_dfm_hutchinson.json,1106,industrial_gpu,pending
fm_native_dfm_hutchinson__industrial_v1__tep_classic__seed1107,tep_classic,configs/models/fm_native_dfm_hutchinson.json,1107,industrial_gpu,pending
fm_native_grasp_er__industrial_v1__tep_classic__seed1103,tep_classic,configs/models/fm_native_grasp_er.json,1103,industrial_gpu,pending
fm_native_grasp_er__industrial_v1__tep_classic__seed1104,tep_classic,configs/models/fm_native_grasp_er.json,1104,industrial_gpu,pending
fm_native_grasp_er__industrial_v1__tep_classic__seed1105,tep_classic,configs/models/fm_native_grasp_er.json,1105,industrial_gpu,pending
fm_native_grasp_er__industrial_v1__tep_classic__seed1106,tep_classic,configs/models/fm_native_grasp_er.json,1106,industrial_gpu,pending
fm_native_grasp_er__industrial_v1__tep_classic__seed1107,tep_classic,configs/models/fm_native_grasp_er.json,1107,industrial_gpu,pending
fm_native_grasp_grasp__industrial_v1__tep_classic__seed1103,tep_classic,configs/models/fm_native_grasp_grasp.json,1103,industrial_gpu,pending
fm_native_grasp_grasp__industrial_v1__tep_classic__seed1104,tep_classic,configs/models/fm_native_grasp_grasp.json,1104,industrial_gpu,pending
fm_native_grasp_grasp__industrial_v1__tep_classic__seed1105,tep_classic,configs/models/fm_native_grasp_grasp.json,1105,industrial_gpu,pending
fm_native_grasp_grasp__industrial_v1__tep_classic__seed1106,tep_classic,configs/models/fm_native_grasp_grasp.json,1106,industrial_gpu,pending
fm_native_grasp_grasp__industrial_v1__tep_classic__seed1107,tep_classic,configs/models/fm_native_grasp_grasp.json,1107,industrial_gpu,pending
fm_native_grasp_lin__industrial_v1__tep_classic__seed1103,tep_classic,configs/models/fm_native_grasp_lin.json,1103,industrial_gpu,pending
fm_native_grasp_lin__industrial_v1__tep_classic__seed1104,tep_classic,configs/models/fm_native_grasp_lin.json,1104,industrial_gpu,pending
fm_native_grasp_lin__industrial_v1__tep_classic__seed1105,tep_classic,configs/models/fm_native_grasp_lin.json,1105,industrial_gpu,pending
fm_native_grasp_lin__industrial_v1__tep_classic__seed1106,tep_classic,configs/models/fm_native_grasp_lin.json,1106,industrial_gpu,pending
fm_native_grasp_lin__industrial_v1__tep_classic__seed1107,tep_classic,configs/models/fm_native_grasp_lin.json,1107,industrial_gpu,pending
fm_native_grasp_mean__industrial_v1__tep_classic__seed1103,tep_classic,configs/models/fm_native_grasp_mean.json,1103,industrial_gpu,pending
fm_native_grasp_mean__industrial_v1__tep_classic__seed1104,tep_classic,configs/models/fm_native_grasp_mean.json,1104,industrial_gpu,pending
fm_native_grasp_mean__industrial_v1__tep_classic__seed1105,tep_classic,configs/models/fm_native_grasp_mean.json,1105,industrial_gpu,pending
fm_native_grasp_mean__industrial_v1__tep_classic__seed1106,tep_classic,configs/models/fm_native_grasp_mean.json,1106,industrial_gpu,pending
fm_native_grasp_mean__industrial_v1__tep_classic__seed1107,tep_classic,configs/models/fm_native_grasp_mean.json,1107,industrial_gpu,pending
fm_comparator_dt_la__industrial_v1__skab__seed1103,skab,configs/models/fm_comparator_dt_la.json,1103,industrial_gpu,pending
fm_comparator_dt_la__industrial_v1__skab__seed1104,skab,configs/models/fm_comparator_dt_la.json,1104,industrial_gpu,pending
fm_comparator_dt_la__industrial_v1__skab__seed1105,skab,configs/models/fm_comparator_dt_la.json,1105,industrial_gpu,pending
fm_comparator_dt_la__industrial_v1__skab__seed1106,skab,configs/models/fm_comparator_dt_la.json,1106,industrial_gpu,pending
fm_comparator_dt_la__industrial_v1__skab__seed1107,skab,configs/models/fm_comparator_dt_la.json,1107,industrial_gpu,pending
fm_comparator_dt_la_l2_no_sparse__industrial_v1__skab__seed1103,skab,configs/models/fm_comparator_dt_la_l2_no_sparse.json,1103,industrial_gpu,pending
fm_comparator_dt_la_l2_no_sparse__industrial_v1__skab__seed1104,skab,configs/models/fm_comparator_dt_la_l2_no_sparse.json,1104,industrial_gpu,pending
fm_comparator_dt_la_l2_no_sparse__industrial_v1__skab__seed1105,skab,configs/models/fm_comparator_dt_la_l2_no_sparse.json,1105,industrial_gpu,pending
fm_comparator_dt_la_l2_no_sparse__industrial_v1__skab__seed1106,skab,configs/models/fm_comparator_dt_la_l2_no_sparse.json,1106,industrial_gpu,pending
fm_comparator_dt_la_l2_no_sparse__industrial_v1__skab__seed1107,skab,configs/models/fm_comparator_dt_la_l2_no_sparse.json,1107,industrial_gpu,pending
fm_comparator_dt_la_l2_sparse__industrial_v1__skab__seed1103,skab,configs/models/fm_comparator_dt_la_l2_sparse.json,1103,industrial_gpu,pending
fm_comparator_dt_la_l2_sparse__industrial_v1__skab__seed1104,skab,configs/models/fm_comparator_dt_la_l2_sparse.json,1104,industrial_gpu,pending
fm_comparator_dt_la_l2_sparse__industrial_v1__skab__seed1105,skab,configs/models/fm_comparator_dt_la_l2_sparse.json,1105,industrial_gpu,pending
fm_comparator_dt_la_l2_sparse__industrial_v1__skab__seed1106,skab,configs/models/fm_comparator_dt_la_l2_sparse.json,1106,industrial_gpu,pending
fm_comparator_dt_la_l2_sparse__industrial_v1__skab__seed1107,skab,configs/models/fm_comparator_dt_la_l2_sparse.json,1107,industrial_gpu,pending
fm_comparator_dt_la_lambda_0p1__industrial_v1__skab__seed1103,skab,configs/models/fm_comparator_dt_la_lambda_0p1.json,1103,industrial_gpu,pending
fm_comparator_dt_la_lambda_0p1__industrial_v1__skab__seed1104,skab,configs/models/fm_comparator_dt_la_lambda_0p1.json,1104,industrial_gpu,pending
fm_comparator_dt_la_lambda_0p1__industrial_v1__skab__seed1105,skab,configs/models/fm_comparator_dt_la_lambda_0p1.json,1105,industrial_gpu,pending
fm_comparator_dt_la_lambda_0p1__industrial_v1__skab__seed1106,skab,configs/models/fm_comparator_dt_la_lambda_0p1.json,1106,industrial_gpu,pending
fm_comparator_dt_la_lambda_0p1__industrial_v1__skab__seed1107,skab,configs/models/fm_comparator_dt_la_lambda_0p1.json,1107,industrial_gpu,pending
fm_comparator_dt_la_lambda_0p3__industrial_v1__skab__seed1103,skab,configs/models/fm_comparator_dt_la_lambda_0p3.json,1103,industrial_gpu,pending
fm_comparator_dt_la_lambda_0p3__industrial_v1__skab__seed1104,skab,configs/models/fm_comparator_dt_la_lambda_0p3.json,1104,industrial_gpu,pending
fm_comparator_dt_la_lambda_0p3__industrial_v1__skab__seed1105,skab,configs/models/fm_comparator_dt_la_lambda_0p3.json,1105,industrial_gpu,pending
fm_comparator_dt_la_lambda_0p3__industrial_v1__skab__seed1106,skab,configs/models/fm_comparator_dt_la_lambda_0p3.json,1106,industrial_gpu,pending
fm_comparator_dt_la_lambda_0p3__industrial_v1__skab__seed1107,skab,configs/models/fm_comparator_dt_la_lambda_0p3.json,1107,industrial_gpu,pending
fm_comparator_dt_la_lambda_0p7__industrial_v1__skab__seed1103,skab,configs/models/fm_comparator_dt_la_lambda_0p7.json,1103,industrial_gpu,pending
fm_comparator_dt_la_lambda_0p7__industrial_v1__skab__seed1104,skab,configs/models/fm_comparator_dt_la_lambda_0p7.json,1104,industrial_gpu,pending
fm_comparator_dt_la_lambda_0p7__industrial_v1__skab__seed1105,skab,configs/models/fm_comparator_dt_la_lambda_0p7.json,1105,industrial_gpu,pending
fm_comparator_dt_la_lambda_0p7__industrial_v1__skab__seed1106,skab,configs/models/fm_comparator_dt_la_lambda_0p7.json,1106,industrial_gpu,pending
fm_comparator_dt_la_lambda_0p7__industrial_v1__skab__seed1107,skab,configs/models/fm_comparator_dt_la_lambda_0p7.json,1107,industrial_gpu,pending
fm_comparator_dt_la_lambda_1p0__industrial_v1__skab__seed1103,skab,configs/models/fm_comparator_dt_la_lambda_1p0.json,1103,industrial_gpu,pending
fm_comparator_dt_la_lambda_1p0__industrial_v1__skab__seed1104,skab,configs/models/fm_comparator_dt_la_lambda_1p0.json,1104,industrial_gpu,pending
fm_comparator_dt_la_lambda_1p0__industrial_v1__skab__seed1105,skab,configs/models/fm_comparator_dt_la_lambda_1p0.json,1105,industrial_gpu,pending
fm_comparator_dt_la_lambda_1p0__industrial_v1__skab__seed1106,skab,configs/models/fm_comparator_dt_la_lambda_1p0.json,1106,industrial_gpu,pending
fm_comparator_dt_la_lambda_1p0__industrial_v1__skab__seed1107,skab,configs/models/fm_comparator_dt_la_lambda_1p0.json,1107,industrial_gpu,pending
fm_comparator_dt_la_mrh_no_sparse__industrial_v1__skab__seed1103,skab,configs/models/fm_comparator_dt_la_mrh_no_sparse.json,1103,industrial_gpu,pending
fm_comparator_dt_la_mrh_no_sparse__industrial_v1__skab__seed1104,skab,configs/models/fm_comparator_dt_la_mrh_no_sparse.json,1104,industrial_gpu,pending
fm_comparator_dt_la_mrh_no_sparse__industrial_v1__skab__seed1105,skab,configs/models/fm_comparator_dt_la_mrh_no_sparse.json,1105,industrial_gpu,pending
fm_comparator_dt_la_mrh_no_sparse__industrial_v1__skab__seed1106,skab,configs/models/fm_comparator_dt_la_mrh_no_sparse.json,1106,industrial_gpu,pending
fm_comparator_dt_la_mrh_no_sparse__industrial_v1__skab__seed1107,skab,configs/models/fm_comparator_dt_la_mrh_no_sparse.json,1107,industrial_gpu,pending
fm_comparator_dt_la_score_input__industrial_v1__skab__seed1103,skab,configs/models/fm_comparator_dt_la_score_input.json,1103,industrial_gpu,pending
fm_comparator_dt_la_score_input__industrial_v1__skab__seed1104,skab,configs/models/fm_comparator_dt_la_score_input.json,1104,industrial_gpu,pending
fm_comparator_dt_la_score_input__industrial_v1__skab__seed1105,skab,configs/models/fm_comparator_dt_la_score_input.json,1105,industrial_gpu,pending
fm_comparator_dt_la_score_input__industrial_v1__skab__seed1106,skab,configs/models/fm_comparator_dt_la_score_input.json,1106,industrial_gpu,pending
fm_comparator_dt_la_score_input__industrial_v1__skab__seed1107,skab,configs/models/fm_comparator_dt_la_score_input.json,1107,industrial_gpu,pending
fm_comparator_dt_la_score_latent__industrial_v1__skab__seed1103,skab,configs/models/fm_comparator_dt_la_score_latent.json,1103,industrial_gpu,pending
fm_comparator_dt_la_score_latent__industrial_v1__skab__seed1104,skab,configs/models/fm_comparator_dt_la_score_latent.json,1104,industrial_gpu,pending
fm_comparator_dt_la_score_latent__industrial_v1__skab__seed1105,skab,configs/models/fm_comparator_dt_la_score_latent.json,1105,industrial_gpu,pending
fm_comparator_dt_la_score_latent__industrial_v1__skab__seed1106,skab,configs/models/fm_comparator_dt_la_score_latent.json,1106,industrial_gpu,pending
fm_comparator_dt_la_score_latent__industrial_v1__skab__seed1107,skab,configs/models/fm_comparator_dt_la_score_latent.json,1107,industrial_gpu,pending
fm_comparator_dt_la_score_softmax__industrial_v1__skab__seed1103,skab,configs/models/fm_comparator_dt_la_score_softmax.json,1103,industrial_gpu,pending
fm_comparator_dt_la_score_softmax__industrial_v1__skab__seed1104,skab,configs/models/fm_comparator_dt_la_score_softmax.json,1104,industrial_gpu,pending
fm_comparator_dt_la_score_softmax__industrial_v1__skab__seed1105,skab,configs/models/fm_comparator_dt_la_score_softmax.json,1105,industrial_gpu,pending
fm_comparator_dt_la_score_softmax__industrial_v1__skab__seed1106,skab,configs/models/fm_comparator_dt_la_score_softmax.json,1106,industrial_gpu,pending
fm_comparator_dt_la_score_softmax__industrial_v1__skab__seed1107,skab,configs/models/fm_comparator_dt_la_score_softmax.json,1107,industrial_gpu,pending
fm_comparator_kgl__industrial_v1__skab__seed1103,skab,configs/models/fm_comparator_kgl.json,1103,industrial_gpu,pending
fm_comparator_kgl__industrial_v1__skab__seed1104,skab,configs/models/fm_comparator_kgl.json,1104,industrial_gpu,pending
fm_comparator_kgl__industrial_v1__skab__seed1105,skab,configs/models/fm_comparator_kgl.json,1105,industrial_gpu,pending
fm_comparator_kgl__industrial_v1__skab__seed1106,skab,configs/models/fm_comparator_kgl.json,1106,industrial_gpu,pending
fm_comparator_kgl__industrial_v1__skab__seed1107,skab,configs/models/fm_comparator_kgl.json,1107,industrial_gpu,pending
fm_comparator_kgl_without_gat__industrial_v1__skab__seed1103,skab,configs/models/fm_comparator_kgl_without_gat.json,1103,industrial_gpu,pending
fm_comparator_kgl_without_gat__industrial_v1__skab__seed1104,skab,configs/models/fm_comparator_kgl_without_gat.json,1104,industrial_gpu,pending
fm_comparator_kgl_without_gat__industrial_v1__skab__seed1105,skab,configs/models/fm_comparator_kgl_without_gat.json,1105,industrial_gpu,pending
fm_comparator_kgl_without_gat__industrial_v1__skab__seed1106,skab,configs/models/fm_comparator_kgl_without_gat.json,1106,industrial_gpu,pending
fm_comparator_kgl_without_gat__industrial_v1__skab__seed1107,skab,configs/models/fm_comparator_kgl_without_gat.json,1107,industrial_gpu,pending
fm_comparator_kgl_without_kan__industrial_v1__skab__seed1103,skab,configs/models/fm_comparator_kgl_without_kan.json,1103,industrial_gpu,pending
fm_comparator_kgl_without_kan__industrial_v1__skab__seed1104,skab,configs/models/fm_comparator_kgl_without_kan.json,1104,industrial_gpu,pending
fm_comparator_kgl_without_kan__industrial_v1__skab__seed1105,skab,configs/models/fm_comparator_kgl_without_kan.json,1105,industrial_gpu,pending
fm_comparator_kgl_without_kan__industrial_v1__skab__seed1106,skab,configs/models/fm_comparator_kgl_without_kan.json,1106,industrial_gpu,pending
fm_comparator_kgl_without_kan__industrial_v1__skab__seed1107,skab,configs/models/fm_comparator_kgl_without_kan.json,1107,industrial_gpu,pending
fm_comparator_kgl_without_lstm__industrial_v1__skab__seed1103,skab,configs/models/fm_comparator_kgl_without_lstm.json,1103,industrial_gpu,pending
fm_comparator_kgl_without_lstm__industrial_v1__skab__seed1104,skab,configs/models/fm_comparator_kgl_without_lstm.json,1104,industrial_gpu,pending
fm_comparator_kgl_without_lstm__industrial_v1__skab__seed1105,skab,configs/models/fm_comparator_kgl_without_lstm.json,1105,industrial_gpu,pending
fm_comparator_kgl_without_lstm__industrial_v1__skab__seed1106,skab,configs/models/fm_comparator_kgl_without_lstm.json,1106,industrial_gpu,pending
fm_comparator_kgl_without_lstm__industrial_v1__skab__seed1107,skab,configs/models/fm_comparator_kgl_without_lstm.json,1107,industrial_gpu,pending
fm_comparator_shcl_transformer__industrial_v1__skab__seed1103,skab,configs/models/fm_comparator_shcl_transformer.json,1103,industrial_gpu,pending
fm_comparator_shcl_transformer__industrial_v1__skab__seed1104,skab,configs/models/fm_comparator_shcl_transformer.json,1104,industrial_gpu,pending
fm_comparator_shcl_transformer__industrial_v1__skab__seed1105,skab,configs/models/fm_comparator_shcl_transformer.json,1105,industrial_gpu,pending
fm_comparator_shcl_transformer__industrial_v1__skab__seed1106,skab,configs/models/fm_comparator_shcl_transformer.json,1106,industrial_gpu,pending
fm_comparator_shcl_transformer__industrial_v1__skab__seed1107,skab,configs/models/fm_comparator_shcl_transformer.json,1107,industrial_gpu,pending
fm_comparator_shcl_transformer_backbone_cnn__industrial_v1__skab__seed1103,skab,configs/models/fm_comparator_shcl_transformer_backbone_cnn.json,1103,industrial_gpu,pending
fm_comparator_shcl_transformer_backbone_cnn__industrial_v1__skab__seed1104,skab,configs/models/fm_comparator_shcl_transformer_backbone_cnn.json,1104,industrial_gpu,pending
fm_comparator_shcl_transformer_backbone_cnn__industrial_v1__skab__seed1105,skab,configs/models/fm_comparator_shcl_transformer_backbone_cnn.json,1105,industrial_gpu,pending
fm_comparator_shcl_transformer_backbone_cnn__industrial_v1__skab__seed1106,skab,configs/models/fm_comparator_shcl_transformer_backbone_cnn.json,1106,industrial_gpu,pending
fm_comparator_shcl_transformer_backbone_cnn__industrial_v1__skab__seed1107,skab,configs/models/fm_comparator_shcl_transformer_backbone_cnn.json,1107,industrial_gpu,pending
fm_comparator_shcl_transformer_backbone_lstm__industrial_v1__skab__seed1103,skab,configs/models/fm_comparator_shcl_transformer_backbone_lstm.json,1103,industrial_gpu,pending
fm_comparator_shcl_transformer_backbone_lstm__industrial_v1__skab__seed1104,skab,configs/models/fm_comparator_shcl_transformer_backbone_lstm.json,1104,industrial_gpu,pending
fm_comparator_shcl_transformer_backbone_lstm__industrial_v1__skab__seed1105,skab,configs/models/fm_comparator_shcl_transformer_backbone_lstm.json,1105,industrial_gpu,pending
fm_comparator_shcl_transformer_backbone_lstm__industrial_v1__skab__seed1106,skab,configs/models/fm_comparator_shcl_transformer_backbone_lstm.json,1106,industrial_gpu,pending
fm_comparator_shcl_transformer_backbone_lstm__industrial_v1__skab__seed1107,skab,configs/models/fm_comparator_shcl_transformer_backbone_lstm.json,1107,industrial_gpu,pending
fm_comparator_shcl_transformer_backbone_rnn__industrial_v1__skab__seed1103,skab,configs/models/fm_comparator_shcl_transformer_backbone_rnn.json,1103,industrial_gpu,pending
fm_comparator_shcl_transformer_backbone_rnn__industrial_v1__skab__seed1104,skab,configs/models/fm_comparator_shcl_transformer_backbone_rnn.json,1104,industrial_gpu,pending
fm_comparator_shcl_transformer_backbone_rnn__industrial_v1__skab__seed1105,skab,configs/models/fm_comparator_shcl_transformer_backbone_rnn.json,1105,industrial_gpu,pending
fm_comparator_shcl_transformer_backbone_rnn__industrial_v1__skab__seed1106,skab,configs/models/fm_comparator_shcl_transformer_backbone_rnn.json,1106,industrial_gpu,pending
fm_comparator_shcl_transformer_backbone_rnn__industrial_v1__skab__seed1107,skab,configs/models/fm_comparator_shcl_transformer_backbone_rnn.json,1107,industrial_gpu,pending
fm_comparator_shcl_transformer_backbone_vae__industrial_v1__skab__seed1103,skab,configs/models/fm_comparator_shcl_transformer_backbone_vae.json,1103,industrial_gpu,pending
fm_comparator_shcl_transformer_backbone_vae__industrial_v1__skab__seed1104,skab,configs/models/fm_comparator_shcl_transformer_backbone_vae.json,1104,industrial_gpu,pending
fm_comparator_shcl_transformer_backbone_vae__industrial_v1__skab__seed1105,skab,configs/models/fm_comparator_shcl_transformer_backbone_vae.json,1105,industrial_gpu,pending
fm_comparator_shcl_transformer_backbone_vae__industrial_v1__skab__seed1106,skab,configs/models/fm_comparator_shcl_transformer_backbone_vae.json,1106,industrial_gpu,pending
fm_comparator_shcl_transformer_backbone_vae__industrial_v1__skab__seed1107,skab,configs/models/fm_comparator_shcl_transformer_backbone_vae.json,1107,industrial_gpu,pending
fm_comparator_shcl_transformer_backbone_vae_only_pair__industrial_v1__skab__seed1103,skab,configs/models/fm_comparator_shcl_transformer_backbone_vae_only_pair.json,1103,industrial_gpu,pending
fm_comparator_shcl_transformer_backbone_vae_only_pair__industrial_v1__skab__seed1104,skab,configs/models/fm_comparator_shcl_transformer_backbone_vae_only_pair.json,1104,industrial_gpu,pending
fm_comparator_shcl_transformer_backbone_vae_only_pair__industrial_v1__skab__seed1105,skab,configs/models/fm_comparator_shcl_transformer_backbone_vae_only_pair.json,1105,industrial_gpu,pending
fm_comparator_shcl_transformer_backbone_vae_only_pair__industrial_v1__skab__seed1106,skab,configs/models/fm_comparator_shcl_transformer_backbone_vae_only_pair.json,1106,industrial_gpu,pending
fm_comparator_shcl_transformer_backbone_vae_only_pair__industrial_v1__skab__seed1107,skab,configs/models/fm_comparator_shcl_transformer_backbone_vae_only_pair.json,1107,industrial_gpu,pending
fm_comparator_shcl_transformer_backbone_vae_only_point__industrial_v1__skab__seed1103,skab,configs/models/fm_comparator_shcl_transformer_backbone_vae_only_point.json,1103,industrial_gpu,pending
fm_comparator_shcl_transformer_backbone_vae_only_point__industrial_v1__skab__seed1104,skab,configs/models/fm_comparator_shcl_transformer_backbone_vae_only_point.json,1104,industrial_gpu,pending
fm_comparator_shcl_transformer_backbone_vae_only_point__industrial_v1__skab__seed1105,skab,configs/models/fm_comparator_shcl_transformer_backbone_vae_only_point.json,1105,industrial_gpu,pending
fm_comparator_shcl_transformer_backbone_vae_only_point__industrial_v1__skab__seed1106,skab,configs/models/fm_comparator_shcl_transformer_backbone_vae_only_point.json,1106,industrial_gpu,pending
fm_comparator_shcl_transformer_backbone_vae_only_point__industrial_v1__skab__seed1107,skab,configs/models/fm_comparator_shcl_transformer_backbone_vae_only_point.json,1107,industrial_gpu,pending
fm_comparator_shcl_transformer_backbone_vae_random_mask__industrial_v1__skab__seed1103,skab,configs/models/fm_comparator_shcl_transformer_backbone_vae_random_mask.json,1103,industrial_gpu,pending
fm_comparator_shcl_transformer_backbone_vae_random_mask__industrial_v1__skab__seed1104,skab,configs/models/fm_comparator_shcl_transformer_backbone_vae_random_mask.json,1104,industrial_gpu,pending
fm_comparator_shcl_transformer_backbone_vae_random_mask__industrial_v1__skab__seed1105,skab,configs/models/fm_comparator_shcl_transformer_backbone_vae_random_mask.json,1105,industrial_gpu,pending
fm_comparator_shcl_transformer_backbone_vae_random_mask__industrial_v1__skab__seed1106,skab,configs/models/fm_comparator_shcl_transformer_backbone_vae_random_mask.json,1106,industrial_gpu,pending
fm_comparator_shcl_transformer_backbone_vae_random_mask__industrial_v1__skab__seed1107,skab,configs/models/fm_comparator_shcl_transformer_backbone_vae_random_mask.json,1107,industrial_gpu,pending
fm_comparator_shcl_transformer_backbone_vae_reconstruction__industrial_v1__skab__seed1103,skab,configs/models/fm_comparator_shcl_transformer_backbone_vae_reconstruction.json,1103,industrial_gpu,pending
fm_comparator_shcl_transformer_backbone_vae_reconstruction__industrial_v1__skab__seed1104,skab,configs/models/fm_comparator_shcl_transformer_backbone_vae_reconstruction.json,1104,industrial_gpu,pending
fm_comparator_shcl_transformer_backbone_vae_reconstruction__industrial_v1__skab__seed1105,skab,configs/models/fm_comparator_shcl_transformer_backbone_vae_reconstruction.json,1105,industrial_gpu,pending
fm_comparator_shcl_transformer_backbone_vae_reconstruction__industrial_v1__skab__seed1106,skab,configs/models/fm_comparator_shcl_transformer_backbone_vae_reconstruction.json,1106,industrial_gpu,pending
fm_comparator_shcl_transformer_backbone_vae_reconstruction__industrial_v1__skab__seed1107,skab,configs/models/fm_comparator_shcl_transformer_backbone_vae_reconstruction.json,1107,industrial_gpu,pending
fm_comparator_shcl_transformer_only_pair__industrial_v1__skab__seed1103,skab,configs/models/fm_comparator_shcl_transformer_only_pair.json,1103,industrial_gpu,pending
fm_comparator_shcl_transformer_only_pair__industrial_v1__skab__seed1104,skab,configs/models/fm_comparator_shcl_transformer_only_pair.json,1104,industrial_gpu,pending
fm_comparator_shcl_transformer_only_pair__industrial_v1__skab__seed1105,skab,configs/models/fm_comparator_shcl_transformer_only_pair.json,1105,industrial_gpu,pending
fm_comparator_shcl_transformer_only_pair__industrial_v1__skab__seed1106,skab,configs/models/fm_comparator_shcl_transformer_only_pair.json,1106,industrial_gpu,pending
fm_comparator_shcl_transformer_only_pair__industrial_v1__skab__seed1107,skab,configs/models/fm_comparator_shcl_transformer_only_pair.json,1107,industrial_gpu,pending
fm_comparator_shcl_transformer_only_point__industrial_v1__skab__seed1103,skab,configs/models/fm_comparator_shcl_transformer_only_point.json,1103,industrial_gpu,pending
fm_comparator_shcl_transformer_only_point__industrial_v1__skab__seed1104,skab,configs/models/fm_comparator_shcl_transformer_only_point.json,1104,industrial_gpu,pending
fm_comparator_shcl_transformer_only_point__industrial_v1__skab__seed1105,skab,configs/models/fm_comparator_shcl_transformer_only_point.json,1105,industrial_gpu,pending
fm_comparator_shcl_transformer_only_point__industrial_v1__skab__seed1106,skab,configs/models/fm_comparator_shcl_transformer_only_point.json,1106,industrial_gpu,pending
fm_comparator_shcl_transformer_only_point__industrial_v1__skab__seed1107,skab,configs/models/fm_comparator_shcl_transformer_only_point.json,1107,industrial_gpu,pending
fm_comparator_shcl_transformer_random_mask__industrial_v1__skab__seed1103,skab,configs/models/fm_comparator_shcl_transformer_random_mask.json,1103,industrial_gpu,pending
fm_comparator_shcl_transformer_random_mask__industrial_v1__skab__seed1104,skab,configs/models/fm_comparator_shcl_transformer_random_mask.json,1104,industrial_gpu,pending
fm_comparator_shcl_transformer_random_mask__industrial_v1__skab__seed1105,skab,configs/models/fm_comparator_shcl_transformer_random_mask.json,1105,industrial_gpu,pending
fm_comparator_shcl_transformer_random_mask__industrial_v1__skab__seed1106,skab,configs/models/fm_comparator_shcl_transformer_random_mask.json,1106,industrial_gpu,pending
fm_comparator_shcl_transformer_random_mask__industrial_v1__skab__seed1107,skab,configs/models/fm_comparator_shcl_transformer_random_mask.json,1107,industrial_gpu,pending
fm_comparator_shcl_transformer_reconstruction__industrial_v1__skab__seed1103,skab,configs/models/fm_comparator_shcl_transformer_reconstruction.json,1103,industrial_gpu,pending
fm_comparator_shcl_transformer_reconstruction__industrial_v1__skab__seed1104,skab,configs/models/fm_comparator_shcl_transformer_reconstruction.json,1104,industrial_gpu,pending
fm_comparator_shcl_transformer_reconstruction__industrial_v1__skab__seed1105,skab,configs/models/fm_comparator_shcl_transformer_reconstruction.json,1105,industrial_gpu,pending
fm_comparator_shcl_transformer_reconstruction__industrial_v1__skab__seed1106,skab,configs/models/fm_comparator_shcl_transformer_reconstruction.json,1106,industrial_gpu,pending
fm_comparator_shcl_transformer_reconstruction__industrial_v1__skab__seed1107,skab,configs/models/fm_comparator_shcl_transformer_reconstruction.json,1107,industrial_gpu,pending
fm_native_dfm_exact__industrial_v1__skab__seed1103,skab,configs/models/fm_native_dfm_exact.json,1103,industrial_gpu,pending
fm_native_dfm_exact__industrial_v1__skab__seed1104,skab,configs/models/fm_native_dfm_exact.json,1104,industrial_gpu,pending
fm_native_dfm_exact__industrial_v1__skab__seed1105,skab,configs/models/fm_native_dfm_exact.json,1105,industrial_gpu,pending
fm_native_dfm_exact__industrial_v1__skab__seed1106,skab,configs/models/fm_native_dfm_exact.json,1106,industrial_gpu,pending
fm_native_dfm_exact__industrial_v1__skab__seed1107,skab,configs/models/fm_native_dfm_exact.json,1107,industrial_gpu,pending
fm_native_dfm_hutchinson__industrial_v1__skab__seed1103,skab,configs/models/fm_native_dfm_hutchinson.json,1103,industrial_gpu,pending
fm_native_dfm_hutchinson__industrial_v1__skab__seed1104,skab,configs/models/fm_native_dfm_hutchinson.json,1104,industrial_gpu,pending
fm_native_dfm_hutchinson__industrial_v1__skab__seed1105,skab,configs/models/fm_native_dfm_hutchinson.json,1105,industrial_gpu,pending
fm_native_dfm_hutchinson__industrial_v1__skab__seed1106,skab,configs/models/fm_native_dfm_hutchinson.json,1106,industrial_gpu,pending
fm_native_dfm_hutchinson__industrial_v1__skab__seed1107,skab,configs/models/fm_native_dfm_hutchinson.json,1107,industrial_gpu,pending
fm_native_grasp_er__industrial_v1__skab__seed1103,skab,configs/models/fm_native_grasp_er.json,1103,industrial_gpu,pending
fm_native_grasp_er__industrial_v1__skab__seed1104,skab,configs/models/fm_native_grasp_er.json,1104,industrial_gpu,pending
fm_native_grasp_er__industrial_v1__skab__seed1105,skab,configs/models/fm_native_grasp_er.json,1105,industrial_gpu,pending
fm_native_grasp_er__industrial_v1__skab__seed1106,skab,configs/models/fm_native_grasp_er.json,1106,industrial_gpu,pending
fm_native_grasp_er__industrial_v1__skab__seed1107,skab,configs/models/fm_native_grasp_er.json,1107,industrial_gpu,pending
fm_native_grasp_grasp__industrial_v1__skab__seed1103,skab,configs/models/fm_native_grasp_grasp.json,1103,industrial_gpu,pending
fm_native_grasp_grasp__industrial_v1__skab__seed1104,skab,configs/models/fm_native_grasp_grasp.json,1104,industrial_gpu,pending
fm_native_grasp_grasp__industrial_v1__skab__seed1105,skab,configs/models/fm_native_grasp_grasp.json,1105,industrial_gpu,pending
fm_native_grasp_grasp__industrial_v1__skab__seed1106,skab,configs/models/fm_native_grasp_grasp.json,1106,industrial_gpu,pending
fm_native_grasp_grasp__industrial_v1__skab__seed1107,skab,configs/models/fm_native_grasp_grasp.json,1107,industrial_gpu,pending
fm_native_grasp_lin__industrial_v1__skab__seed1103,skab,configs/models/fm_native_grasp_lin.json,1103,industrial_gpu,pending
fm_native_grasp_lin__industrial_v1__skab__seed1104,skab,configs/models/fm_native_grasp_lin.json,1104,industrial_gpu,pending
fm_native_grasp_lin__industrial_v1__skab__seed1105,skab,configs/models/fm_native_grasp_lin.json,1105,industrial_gpu,pending
fm_native_grasp_lin__industrial_v1__skab__seed1106,skab,configs/models/fm_native_grasp_lin.json,1106,industrial_gpu,pending
fm_native_grasp_lin__industrial_v1__skab__seed1107,skab,configs/models/fm_native_grasp_lin.json,1107,industrial_gpu,pending
fm_native_grasp_mean__industrial_v1__skab__seed1103,skab,configs/models/fm_native_grasp_mean.json,1103,industrial_gpu,pending
fm_native_grasp_mean__industrial_v1__skab__seed1104,skab,configs/models/fm_native_grasp_mean.json,1104,industrial_gpu,pending
fm_native_grasp_mean__industrial_v1__skab__seed1105,skab,configs/models/fm_native_grasp_mean.json,1105,industrial_gpu,pending
fm_native_grasp_mean__industrial_v1__skab__seed1106,skab,configs/models/fm_native_grasp_mean.json,1106,industrial_gpu,pending
fm_native_grasp_mean__industrial_v1__skab__seed1107,skab,configs/models/fm_native_grasp_mean.json,1107,industrial_gpu,pending
fm_comparator_dt_la__industrial_v1__pronto_day4__seed1103,pronto_day4,configs/models/fm_comparator_dt_la.json,1103,industrial_gpu,pending
fm_comparator_dt_la__industrial_v1__pronto_day4__seed1104,pronto_day4,configs/models/fm_comparator_dt_la.json,1104,industrial_gpu,pending
fm_comparator_dt_la__industrial_v1__pronto_day4__seed1105,pronto_day4,configs/models/fm_comparator_dt_la.json,1105,industrial_gpu,pending
fm_comparator_dt_la__industrial_v1__pronto_day4__seed1106,pronto_day4,configs/models/fm_comparator_dt_la.json,1106,industrial_gpu,pending
fm_comparator_dt_la__industrial_v1__pronto_day4__seed1107,pronto_day4,configs/models/fm_comparator_dt_la.json,1107,industrial_gpu,pending
fm_comparator_dt_la_l2_no_sparse__industrial_v1__pronto_day4__seed1103,pronto_day4,configs/models/fm_comparator_dt_la_l2_no_sparse.json,1103,industrial_gpu,pending
fm_comparator_dt_la_l2_no_sparse__industrial_v1__pronto_day4__seed1104,pronto_day4,configs/models/fm_comparator_dt_la_l2_no_sparse.json,1104,industrial_gpu,pending
fm_comparator_dt_la_l2_no_sparse__industrial_v1__pronto_day4__seed1105,pronto_day4,configs/models/fm_comparator_dt_la_l2_no_sparse.json,1105,industrial_gpu,pending
fm_comparator_dt_la_l2_no_sparse__industrial_v1__pronto_day4__seed1106,pronto_day4,configs/models/fm_comparator_dt_la_l2_no_sparse.json,1106,industrial_gpu,pending
fm_comparator_dt_la_l2_no_sparse__industrial_v1__pronto_day4__seed1107,pronto_day4,configs/models/fm_comparator_dt_la_l2_no_sparse.json,1107,industrial_gpu,pending
fm_comparator_dt_la_l2_sparse__industrial_v1__pronto_day4__seed1103,pronto_day4,configs/models/fm_comparator_dt_la_l2_sparse.json,1103,industrial_gpu,pending
fm_comparator_dt_la_l2_sparse__industrial_v1__pronto_day4__seed1104,pronto_day4,configs/models/fm_comparator_dt_la_l2_sparse.json,1104,industrial_gpu,pending
fm_comparator_dt_la_l2_sparse__industrial_v1__pronto_day4__seed1105,pronto_day4,configs/models/fm_comparator_dt_la_l2_sparse.json,1105,industrial_gpu,pending
fm_comparator_dt_la_l2_sparse__industrial_v1__pronto_day4__seed1106,pronto_day4,configs/models/fm_comparator_dt_la_l2_sparse.json,1106,industrial_gpu,pending
fm_comparator_dt_la_l2_sparse__industrial_v1__pronto_day4__seed1107,pronto_day4,configs/models/fm_comparator_dt_la_l2_sparse.json,1107,industrial_gpu,pending
fm_comparator_dt_la_lambda_0p1__industrial_v1__pronto_day4__seed1103,pronto_day4,configs/models/fm_comparator_dt_la_lambda_0p1.json,1103,industrial_gpu,pending
fm_comparator_dt_la_lambda_0p1__industrial_v1__pronto_day4__seed1104,pronto_day4,configs/models/fm_comparator_dt_la_lambda_0p1.json,1104,industrial_gpu,pending
fm_comparator_dt_la_lambda_0p1__industrial_v1__pronto_day4__seed1105,pronto_day4,configs/models/fm_comparator_dt_la_lambda_0p1.json,1105,industrial_gpu,pending
fm_comparator_dt_la_lambda_0p1__industrial_v1__pronto_day4__seed1106,pronto_day4,configs/models/fm_comparator_dt_la_lambda_0p1.json,1106,industrial_gpu,pending
fm_comparator_dt_la_lambda_0p1__industrial_v1__pronto_day4__seed1107,pronto_day4,configs/models/fm_comparator_dt_la_lambda_0p1.json,1107,industrial_gpu,pending
fm_comparator_dt_la_lambda_0p3__industrial_v1__pronto_day4__seed1103,pronto_day4,configs/models/fm_comparator_dt_la_lambda_0p3.json,1103,industrial_gpu,pending
fm_comparator_dt_la_lambda_0p3__industrial_v1__pronto_day4__seed1104,pronto_day4,configs/models/fm_comparator_dt_la_lambda_0p3.json,1104,industrial_gpu,pending
fm_comparator_dt_la_lambda_0p3__industrial_v1__pronto_day4__seed1105,pronto_day4,configs/models/fm_comparator_dt_la_lambda_0p3.json,1105,industrial_gpu,pending
fm_comparator_dt_la_lambda_0p3__industrial_v1__pronto_day4__seed1106,pronto_day4,configs/models/fm_comparator_dt_la_lambda_0p3.json,1106,industrial_gpu,pending
fm_comparator_dt_la_lambda_0p3__industrial_v1__pronto_day4__seed1107,pronto_day4,configs/models/fm_comparator_dt_la_lambda_0p3.json,1107,industrial_gpu,pending
fm_comparator_dt_la_lambda_0p7__industrial_v1__pronto_day4__seed1103,pronto_day4,configs/models/fm_comparator_dt_la_lambda_0p7.json,1103,industrial_gpu,pending
fm_comparator_dt_la_lambda_0p7__industrial_v1__pronto_day4__seed1104,pronto_day4,configs/models/fm_comparator_dt_la_lambda_0p7.json,1104,industrial_gpu,pending
fm_comparator_dt_la_lambda_0p7__industrial_v1__pronto_day4__seed1105,pronto_day4,configs/models/fm_comparator_dt_la_lambda_0p7.json,1105,industrial_gpu,pending
fm_comparator_dt_la_lambda_0p7__industrial_v1__pronto_day4__seed1106,pronto_day4,configs/models/fm_comparator_dt_la_lambda_0p7.json,1106,industrial_gpu,pending
fm_comparator_dt_la_lambda_0p7__industrial_v1__pronto_day4__seed1107,pronto_day4,configs/models/fm_comparator_dt_la_lambda_0p7.json,1107,industrial_gpu,pending
fm_comparator_dt_la_lambda_1p0__industrial_v1__pronto_day4__seed1103,pronto_day4,configs/models/fm_comparator_dt_la_lambda_1p0.json,1103,industrial_gpu,pending
fm_comparator_dt_la_lambda_1p0__industrial_v1__pronto_day4__seed1104,pronto_day4,configs/models/fm_comparator_dt_la_lambda_1p0.json,1104,industrial_gpu,pending
fm_comparator_dt_la_lambda_1p0__industrial_v1__pronto_day4__seed1105,pronto_day4,configs/models/fm_comparator_dt_la_lambda_1p0.json,1105,industrial_gpu,pending
fm_comparator_dt_la_lambda_1p0__industrial_v1__pronto_day4__seed1106,pronto_day4,configs/models/fm_comparator_dt_la_lambda_1p0.json,1106,industrial_gpu,pending
fm_comparator_dt_la_lambda_1p0__industrial_v1__pronto_day4__seed1107,pronto_day4,configs/models/fm_comparator_dt_la_lambda_1p0.json,1107,industrial_gpu,pending
fm_comparator_dt_la_mrh_no_sparse__industrial_v1__pronto_day4__seed1103,pronto_day4,configs/models/fm_comparator_dt_la_mrh_no_sparse.json,1103,industrial_gpu,pending
fm_comparator_dt_la_mrh_no_sparse__industrial_v1__pronto_day4__seed1104,pronto_day4,configs/models/fm_comparator_dt_la_mrh_no_sparse.json,1104,industrial_gpu,pending
fm_comparator_dt_la_mrh_no_sparse__industrial_v1__pronto_day4__seed1105,pronto_day4,configs/models/fm_comparator_dt_la_mrh_no_sparse.json,1105,industrial_gpu,pending
fm_comparator_dt_la_mrh_no_sparse__industrial_v1__pronto_day4__seed1106,pronto_day4,configs/models/fm_comparator_dt_la_mrh_no_sparse.json,1106,industrial_gpu,pending
fm_comparator_dt_la_mrh_no_sparse__industrial_v1__pronto_day4__seed1107,pronto_day4,configs/models/fm_comparator_dt_la_mrh_no_sparse.json,1107,industrial_gpu,pending
fm_comparator_dt_la_score_input__industrial_v1__pronto_day4__seed1103,pronto_day4,configs/models/fm_comparator_dt_la_score_input.json,1103,industrial_gpu,pending
fm_comparator_dt_la_score_input__industrial_v1__pronto_day4__seed1104,pronto_day4,configs/models/fm_comparator_dt_la_score_input.json,1104,industrial_gpu,pending
fm_comparator_dt_la_score_input__industrial_v1__pronto_day4__seed1105,pronto_day4,configs/models/fm_comparator_dt_la_score_input.json,1105,industrial_gpu,pending
fm_comparator_dt_la_score_input__industrial_v1__pronto_day4__seed1106,pronto_day4,configs/models/fm_comparator_dt_la_score_input.json,1106,industrial_gpu,pending
fm_comparator_dt_la_score_input__industrial_v1__pronto_day4__seed1107,pronto_day4,configs/models/fm_comparator_dt_la_score_input.json,1107,industrial_gpu,pending
fm_comparator_dt_la_score_latent__industrial_v1__pronto_day4__seed1103,pronto_day4,configs/models/fm_comparator_dt_la_score_latent.json,1103,industrial_gpu,pending
fm_comparator_dt_la_score_latent__industrial_v1__pronto_day4__seed1104,pronto_day4,configs/models/fm_comparator_dt_la_score_latent.json,1104,industrial_gpu,pending
fm_comparator_dt_la_score_latent__industrial_v1__pronto_day4__seed1105,pronto_day4,configs/models/fm_comparator_dt_la_score_latent.json,1105,industrial_gpu,pending
fm_comparator_dt_la_score_latent__industrial_v1__pronto_day4__seed1106,pronto_day4,configs/models/fm_comparator_dt_la_score_latent.json,1106,industrial_gpu,pending
fm_comparator_dt_la_score_latent__industrial_v1__pronto_day4__seed1107,pronto_day4,configs/models/fm_comparator_dt_la_score_latent.json,1107,industrial_gpu,pending
fm_comparator_dt_la_score_softmax__industrial_v1__pronto_day4__seed1103,pronto_day4,configs/models/fm_comparator_dt_la_score_softmax.json,1103,industrial_gpu,pending
fm_comparator_dt_la_score_softmax__industrial_v1__pronto_day4__seed1104,pronto_day4,configs/models/fm_comparator_dt_la_score_softmax.json,1104,industrial_gpu,pending
fm_comparator_dt_la_score_softmax__industrial_v1__pronto_day4__seed1105,pronto_day4,configs/models/fm_comparator_dt_la_score_softmax.json,1105,industrial_gpu,pending
fm_comparator_dt_la_score_softmax__industrial_v1__pronto_day4__seed1106,pronto_day4,configs/models/fm_comparator_dt_la_score_softmax.json,1106,industrial_gpu,pending
fm_comparator_dt_la_score_softmax__industrial_v1__pronto_day4__seed1107,pronto_day4,configs/models/fm_comparator_dt_la_score_softmax.json,1107,industrial_gpu,pending
fm_comparator_kgl__industrial_v1__pronto_day4__seed1103,pronto_day4,configs/models/fm_comparator_kgl.json,1103,industrial_gpu,pending
fm_comparator_kgl__industrial_v1__pronto_day4__seed1104,pronto_day4,configs/models/fm_comparator_kgl.json,1104,industrial_gpu,pending
fm_comparator_kgl__industrial_v1__pronto_day4__seed1105,pronto_day4,configs/models/fm_comparator_kgl.json,1105,industrial_gpu,pending
fm_comparator_kgl__industrial_v1__pronto_day4__seed1106,pronto_day4,configs/models/fm_comparator_kgl.json,1106,industrial_gpu,pending
fm_comparator_kgl__industrial_v1__pronto_day4__seed1107,pronto_day4,configs/models/fm_comparator_kgl.json,1107,industrial_gpu,pending
fm_comparator_kgl_without_gat__industrial_v1__pronto_day4__seed1103,pronto_day4,configs/models/fm_comparator_kgl_without_gat.json,1103,industrial_gpu,pending
fm_comparator_kgl_without_gat__industrial_v1__pronto_day4__seed1104,pronto_day4,configs/models/fm_comparator_kgl_without_gat.json,1104,industrial_gpu,pending
fm_comparator_kgl_without_gat__industrial_v1__pronto_day4__seed1105,pronto_day4,configs/models/fm_comparator_kgl_without_gat.json,1105,industrial_gpu,pending
fm_comparator_kgl_without_gat__industrial_v1__pronto_day4__seed1106,pronto_day4,configs/models/fm_comparator_kgl_without_gat.json,1106,industrial_gpu,pending
fm_comparator_kgl_without_gat__industrial_v1__pronto_day4__seed1107,pronto_day4,configs/models/fm_comparator_kgl_without_gat.json,1107,industrial_gpu,pending
fm_comparator_kgl_without_kan__industrial_v1__pronto_day4__seed1103,pronto_day4,configs/models/fm_comparator_kgl_without_kan.json,1103,industrial_gpu,pending
fm_comparator_kgl_without_kan__industrial_v1__pronto_day4__seed1104,pronto_day4,configs/models/fm_comparator_kgl_without_kan.json,1104,industrial_gpu,pending
fm_comparator_kgl_without_kan__industrial_v1__pronto_day4__seed1105,pronto_day4,configs/models/fm_comparator_kgl_without_kan.json,1105,industrial_gpu,pending
fm_comparator_kgl_without_kan__industrial_v1__pronto_day4__seed1106,pronto_day4,configs/models/fm_comparator_kgl_without_kan.json,1106,industrial_gpu,pending
fm_comparator_kgl_without_kan__industrial_v1__pronto_day4__seed1107,pronto_day4,configs/models/fm_comparator_kgl_without_kan.json,1107,industrial_gpu,pending
fm_comparator_kgl_without_lstm__industrial_v1__pronto_day4__seed1103,pronto_day4,configs/models/fm_comparator_kgl_without_lstm.json,1103,industrial_gpu,pending
fm_comparator_kgl_without_lstm__industrial_v1__pronto_day4__seed1104,pronto_day4,configs/models/fm_comparator_kgl_without_lstm.json,1104,industrial_gpu,pending
fm_comparator_kgl_without_lstm__industrial_v1__pronto_day4__seed1105,pronto_day4,configs/models/fm_comparator_kgl_without_lstm.json,1105,industrial_gpu,pending
fm_comparator_kgl_without_lstm__industrial_v1__pronto_day4__seed1106,pronto_day4,configs/models/fm_comparator_kgl_without_lstm.json,1106,industrial_gpu,pending
fm_comparator_kgl_without_lstm__industrial_v1__pronto_day4__seed1107,pronto_day4,configs/models/fm_comparator_kgl_without_lstm.json,1107,industrial_gpu,pending
fm_comparator_shcl_transformer__industrial_v1__pronto_day4__seed1103,pronto_day4,configs/models/fm_comparator_shcl_transformer.json,1103,industrial_gpu,pending
fm_comparator_shcl_transformer__industrial_v1__pronto_day4__seed1104,pronto_day4,configs/models/fm_comparator_shcl_transformer.json,1104,industrial_gpu,pending
fm_comparator_shcl_transformer__industrial_v1__pronto_day4__seed1105,pronto_day4,configs/models/fm_comparator_shcl_transformer.json,1105,industrial_gpu,pending
fm_comparator_shcl_transformer__industrial_v1__pronto_day4__seed1106,pronto_day4,configs/models/fm_comparator_shcl_transformer.json,1106,industrial_gpu,pending
fm_comparator_shcl_transformer__industrial_v1__pronto_day4__seed1107,pronto_day4,configs/models/fm_comparator_shcl_transformer.json,1107,industrial_gpu,pending
fm_comparator_shcl_transformer_backbone_cnn__industrial_v1__pronto_day4__seed1103,pronto_day4,configs/models/fm_comparator_shcl_transformer_backbone_cnn.json,1103,industrial_gpu,pending
fm_comparator_shcl_transformer_backbone_cnn__industrial_v1__pronto_day4__seed1104,pronto_day4,configs/models/fm_comparator_shcl_transformer_backbone_cnn.json,1104,industrial_gpu,pending
fm_comparator_shcl_transformer_backbone_cnn__industrial_v1__pronto_day4__seed1105,pronto_day4,configs/models/fm_comparator_shcl_transformer_backbone_cnn.json,1105,industrial_gpu,pending
fm_comparator_shcl_transformer_backbone_cnn__industrial_v1__pronto_day4__seed1106,pronto_day4,configs/models/fm_comparator_shcl_transformer_backbone_cnn.json,1106,industrial_gpu,pending
fm_comparator_shcl_transformer_backbone_cnn__industrial_v1__pronto_day4__seed1107,pronto_day4,configs/models/fm_comparator_shcl_transformer_backbone_cnn.json,1107,industrial_gpu,pending
fm_comparator_shcl_transformer_backbone_lstm__industrial_v1__pronto_day4__seed1103,pronto_day4,configs/models/fm_comparator_shcl_transformer_backbone_lstm.json,1103,industrial_gpu,pending
fm_comparator_shcl_transformer_backbone_lstm__industrial_v1__pronto_day4__seed1104,pronto_day4,configs/models/fm_comparator_shcl_transformer_backbone_lstm.json,1104,industrial_gpu,pending
fm_comparator_shcl_transformer_backbone_lstm__industrial_v1__pronto_day4__seed1105,pronto_day4,configs/models/fm_comparator_shcl_transformer_backbone_lstm.json,1105,industrial_gpu,pending
fm_comparator_shcl_transformer_backbone_lstm__industrial_v1__pronto_day4__seed1106,pronto_day4,configs/models/fm_comparator_shcl_transformer_backbone_lstm.json,1106,industrial_gpu,pending
fm_comparator_shcl_transformer_backbone_lstm__industrial_v1__pronto_day4__seed1107,pronto_day4,configs/models/fm_comparator_shcl_transformer_backbone_lstm.json,1107,industrial_gpu,pending
fm_comparator_shcl_transformer_backbone_rnn__industrial_v1__pronto_day4__seed1103,pronto_day4,configs/models/fm_comparator_shcl_transformer_backbone_rnn.json,1103,industrial_gpu,pending
fm_comparator_shcl_transformer_backbone_rnn__industrial_v1__pronto_day4__seed1104,pronto_day4,configs/models/fm_comparator_shcl_transformer_backbone_rnn.json,1104,industrial_gpu,pending
fm_comparator_shcl_transformer_backbone_rnn__industrial_v1__pronto_day4__seed1105,pronto_day4,configs/models/fm_comparator_shcl_transformer_backbone_rnn.json,1105,industrial_gpu,pending
fm_comparator_shcl_transformer_backbone_rnn__industrial_v1__pronto_day4__seed1106,pronto_day4,configs/models/fm_comparator_shcl_transformer_backbone_rnn.json,1106,industrial_gpu,pending
fm_comparator_shcl_transformer_backbone_rnn__industrial_v1__pronto_day4__seed1107,pronto_day4,configs/models/fm_comparator_shcl_transformer_backbone_rnn.json,1107,industrial_gpu,pending
fm_comparator_shcl_transformer_backbone_vae__industrial_v1__pronto_day4__seed1103,pronto_day4,configs/models/fm_comparator_shcl_transformer_backbone_vae.json,1103,industrial_gpu,pending
fm_comparator_shcl_transformer_backbone_vae__industrial_v1__pronto_day4__seed1104,pronto_day4,configs/models/fm_comparator_shcl_transformer_backbone_vae.json,1104,industrial_gpu,pending
fm_comparator_shcl_transformer_backbone_vae__industrial_v1__pronto_day4__seed1105,pronto_day4,configs/models/fm_comparator_shcl_transformer_backbone_vae.json,1105,industrial_gpu,pending
fm_comparator_shcl_transformer_backbone_vae__industrial_v1__pronto_day4__seed1106,pronto_day4,configs/models/fm_comparator_shcl_transformer_backbone_vae.json,1106,industrial_gpu,pending
fm_comparator_shcl_transformer_backbone_vae__industrial_v1__pronto_day4__seed1107,pronto_day4,configs/models/fm_comparator_shcl_transformer_backbone_vae.json,1107,industrial_gpu,pending
fm_comparator_shcl_transformer_backbone_vae_only_pair__industrial_v1__pronto_day4__seed1103,pronto_day4,configs/models/fm_comparator_shcl_transformer_backbone_vae_only_pair.json,1103,industrial_gpu,pending
fm_comparator_shcl_transformer_backbone_vae_only_pair__industrial_v1__pronto_day4__seed1104,pronto_day4,configs/models/fm_comparator_shcl_transformer_backbone_vae_only_pair.json,1104,industrial_gpu,pending
fm_comparator_shcl_transformer_backbone_vae_only_pair__industrial_v1__pronto_day4__seed1105,pronto_day4,configs/models/fm_comparator_shcl_transformer_backbone_vae_only_pair.json,1105,industrial_gpu,pending
fm_comparator_shcl_transformer_backbone_vae_only_pair__industrial_v1__pronto_day4__seed1106,pronto_day4,configs/models/fm_comparator_shcl_transformer_backbone_vae_only_pair.json,1106,industrial_gpu,pending
fm_comparator_shcl_transformer_backbone_vae_only_pair__industrial_v1__pronto_day4__seed1107,pronto_day4,configs/models/fm_comparator_shcl_transformer_backbone_vae_only_pair.json,1107,industrial_gpu,pending
fm_comparator_shcl_transformer_backbone_vae_only_point__industrial_v1__pronto_day4__seed1103,pronto_day4,configs/models/fm_comparator_shcl_transformer_backbone_vae_only_point.json,1103,industrial_gpu,pending
fm_comparator_shcl_transformer_backbone_vae_only_point__industrial_v1__pronto_day4__seed1104,pronto_day4,configs/models/fm_comparator_shcl_transformer_backbone_vae_only_point.json,1104,industrial_gpu,pending
fm_comparator_shcl_transformer_backbone_vae_only_point__industrial_v1__pronto_day4__seed1105,pronto_day4,configs/models/fm_comparator_shcl_transformer_backbone_vae_only_point.json,1105,industrial_gpu,pending
fm_comparator_shcl_transformer_backbone_vae_only_point__industrial_v1__pronto_day4__seed1106,pronto_day4,configs/models/fm_comparator_shcl_transformer_backbone_vae_only_point.json,1106,industrial_gpu,pending
fm_comparator_shcl_transformer_backbone_vae_only_point__industrial_v1__pronto_day4__seed1107,pronto_day4,configs/models/fm_comparator_shcl_transformer_backbone_vae_only_point.json,1107,industrial_gpu,pending
fm_comparator_shcl_transformer_backbone_vae_random_mask__industrial_v1__pronto_day4__seed1103,pronto_day4,configs/models/fm_comparator_shcl_transformer_backbone_vae_random_mask.json,1103,industrial_gpu,pending
fm_comparator_shcl_transformer_backbone_vae_random_mask__industrial_v1__pronto_day4__seed1104,pronto_day4,configs/models/fm_comparator_shcl_transformer_backbone_vae_random_mask.json,1104,industrial_gpu,pending
fm_comparator_shcl_transformer_backbone_vae_random_mask__industrial_v1__pronto_day4__seed1105,pronto_day4,configs/models/fm_comparator_shcl_transformer_backbone_vae_random_mask.json,1105,industrial_gpu,pending
fm_comparator_shcl_transformer_backbone_vae_random_mask__industrial_v1__pronto_day4__seed1106,pronto_day4,configs/models/fm_comparator_shcl_transformer_backbone_vae_random_mask.json,1106,industrial_gpu,pending
fm_comparator_shcl_transformer_backbone_vae_random_mask__industrial_v1__pronto_day4__seed1107,pronto_day4,configs/models/fm_comparator_shcl_transformer_backbone_vae_random_mask.json,1107,industrial_gpu,pending
fm_comparator_shcl_transformer_backbone_vae_reconstruction__industrial_v1__pronto_day4__seed1103,pronto_day4,configs/models/fm_comparator_shcl_transformer_backbone_vae_reconstruction.json,1103,industrial_gpu,pending
fm_comparator_shcl_transformer_backbone_vae_reconstruction__industrial_v1__pronto_day4__seed1104,pronto_day4,configs/models/fm_comparator_shcl_transformer_backbone_vae_reconstruction.json,1104,industrial_gpu,pending
fm_comparator_shcl_transformer_backbone_vae_reconstruction__industrial_v1__pronto_day4__seed1105,pronto_day4,configs/models/fm_comparator_shcl_transformer_backbone_vae_reconstruction.json,1105,industrial_gpu,pending
fm_comparator_shcl_transformer_backbone_vae_reconstruction__industrial_v1__pronto_day4__seed1106,pronto_day4,configs/models/fm_comparator_shcl_transformer_backbone_vae_reconstruction.json,1106,industrial_gpu,pending
fm_comparator_shcl_transformer_backbone_vae_reconstruction__industrial_v1__pronto_day4__seed1107,pronto_day4,configs/models/fm_comparator_shcl_transformer_backbone_vae_reconstruction.json,1107,industrial_gpu,pending
fm_comparator_shcl_transformer_only_pair__industrial_v1__pronto_day4__seed1103,pronto_day4,configs/models/fm_comparator_shcl_transformer_only_pair.json,1103,industrial_gpu,pending
fm_comparator_shcl_transformer_only_pair__industrial_v1__pronto_day4__seed1104,pronto_day4,configs/models/fm_comparator_shcl_transformer_only_pair.json,1104,industrial_gpu,pending
fm_comparator_shcl_transformer_only_pair__industrial_v1__pronto_day4__seed1105,pronto_day4,configs/models/fm_comparator_shcl_transformer_only_pair.json,1105,industrial_gpu,pending
fm_comparator_shcl_transformer_only_pair__industrial_v1__pronto_day4__seed1106,pronto_day4,configs/models/fm_comparator_shcl_transformer_only_pair.json,1106,industrial_gpu,pending
fm_comparator_shcl_transformer_only_pair__industrial_v1__pronto_day4__seed1107,pronto_day4,configs/models/fm_comparator_shcl_transformer_only_pair.json,1107,industrial_gpu,pending
fm_comparator_shcl_transformer_only_point__industrial_v1__pronto_day4__seed1103,pronto_day4,configs/models/fm_comparator_shcl_transformer_only_point.json,1103,industrial_gpu,pending
fm_comparator_shcl_transformer_only_point__industrial_v1__pronto_day4__seed1104,pronto_day4,configs/models/fm_comparator_shcl_transformer_only_point.json,1104,industrial_gpu,pending
fm_comparator_shcl_transformer_only_point__industrial_v1__pronto_day4__seed1105,pronto_day4,configs/models/fm_comparator_shcl_transformer_only_point.json,1105,industrial_gpu,pending
fm_comparator_shcl_transformer_only_point__industrial_v1__pronto_day4__seed1106,pronto_day4,configs/models/fm_comparator_shcl_transformer_only_point.json,1106,industrial_gpu,pending
fm_comparator_shcl_transformer_only_point__industrial_v1__pronto_day4__seed1107,pronto_day4,configs/models/fm_comparator_shcl_transformer_only_point.json,1107,industrial_gpu,pending
fm_comparator_shcl_transformer_random_mask__industrial_v1__pronto_day4__seed1103,pronto_day4,configs/models/fm_comparator_shcl_transformer_random_mask.json,1103,industrial_gpu,pending
fm_comparator_shcl_transformer_random_mask__industrial_v1__pronto_day4__seed1104,pronto_day4,configs/models/fm_comparator_shcl_transformer_random_mask.json,1104,industrial_gpu,pending
fm_comparator_shcl_transformer_random_mask__industrial_v1__pronto_day4__seed1105,pronto_day4,configs/models/fm_comparator_shcl_transformer_random_mask.json,1105,industrial_gpu,pending
fm_comparator_shcl_transformer_random_mask__industrial_v1__pronto_day4__seed1106,pronto_day4,configs/models/fm_comparator_shcl_transformer_random_mask.json,1106,industrial_gpu,pending
fm_comparator_shcl_transformer_random_mask__industrial_v1__pronto_day4__seed1107,pronto_day4,configs/models/fm_comparator_shcl_transformer_random_mask.json,1107,industrial_gpu,pending
fm_comparator_shcl_transformer_reconstruction__industrial_v1__pronto_day4__seed1103,pronto_day4,configs/models/fm_comparator_shcl_transformer_reconstruction.json,1103,industrial_gpu,pending
fm_comparator_shcl_transformer_reconstruction__industrial_v1__pronto_day4__seed1104,pronto_day4,configs/models/fm_comparator_shcl_transformer_reconstruction.json,1104,industrial_gpu,pending
fm_comparator_shcl_transformer_reconstruction__industrial_v1__pronto_day4__seed1105,pronto_day4,configs/models/fm_comparator_shcl_transformer_reconstruction.json,1105,industrial_gpu,pending
fm_comparator_shcl_transformer_reconstruction__industrial_v1__pronto_day4__seed1106,pronto_day4,configs/models/fm_comparator_shcl_transformer_reconstruction.json,1106,industrial_gpu,pending
fm_comparator_shcl_transformer_reconstruction__industrial_v1__pronto_day4__seed1107,pronto_day4,configs/models/fm_comparator_shcl_transformer_reconstruction.json,1107,industrial_gpu,pending
fm_native_dfm_exact__industrial_v1__pronto_day4__seed1103,pronto_day4,configs/models/fm_native_dfm_exact.json,1103,industrial_gpu,pending
fm_native_dfm_exact__industrial_v1__pronto_day4__seed1104,pronto_day4,configs/models/fm_native_dfm_exact.json,1104,industrial_gpu,pending
fm_native_dfm_exact__industrial_v1__pronto_day4__seed1105,pronto_day4,configs/models/fm_native_dfm_exact.json,1105,industrial_gpu,pending
fm_native_dfm_exact__industrial_v1__pronto_day4__seed1106,pronto_day4,configs/models/fm_native_dfm_exact.json,1106,industrial_gpu,pending
fm_native_dfm_exact__industrial_v1__pronto_day4__seed1107,pronto_day4,configs/models/fm_native_dfm_exact.json,1107,industrial_gpu,pending
fm_native_dfm_hutchinson__industrial_v1__pronto_day4__seed1103,pronto_day4,configs/models/fm_native_dfm_hutchinson.json,1103,industrial_gpu,pending
fm_native_dfm_hutchinson__industrial_v1__pronto_day4__seed1104,pronto_day4,configs/models/fm_native_dfm_hutchinson.json,1104,industrial_gpu,pending
fm_native_dfm_hutchinson__industrial_v1__pronto_day4__seed1105,pronto_day4,configs/models/fm_native_dfm_hutchinson.json,1105,industrial_gpu,pending
fm_native_dfm_hutchinson__industrial_v1__pronto_day4__seed1106,pronto_day4,configs/models/fm_native_dfm_hutchinson.json,1106,industrial_gpu,pending
fm_native_dfm_hutchinson__industrial_v1__pronto_day4__seed1107,pronto_day4,configs/models/fm_native_dfm_hutchinson.json,1107,industrial_gpu,pending
fm_native_grasp_er__industrial_v1__pronto_day4__seed1103,pronto_day4,configs/models/fm_native_grasp_er.json,1103,industrial_gpu,pending
fm_native_grasp_er__industrial_v1__pronto_day4__seed1104,pronto_day4,configs/models/fm_native_grasp_er.json,1104,industrial_gpu,pending
fm_native_grasp_er__industrial_v1__pronto_day4__seed1105,pronto_day4,configs/models/fm_native_grasp_er.json,1105,industrial_gpu,pending
fm_native_grasp_er__industrial_v1__pronto_day4__seed1106,pronto_day4,configs/models/fm_native_grasp_er.json,1106,industrial_gpu,pending
fm_native_grasp_er__industrial_v1__pronto_day4__seed1107,pronto_day4,configs/models/fm_native_grasp_er.json,1107,industrial_gpu,pending
fm_native_grasp_grasp__industrial_v1__pronto_day4__seed1103,pronto_day4,configs/models/fm_native_grasp_grasp.json,1103,industrial_gpu,pending
fm_native_grasp_grasp__industrial_v1__pronto_day4__seed1104,pronto_day4,configs/models/fm_native_grasp_grasp.json,1104,industrial_gpu,pending
fm_native_grasp_grasp__industrial_v1__pronto_day4__seed1105,pronto_day4,configs/models/fm_native_grasp_grasp.json,1105,industrial_gpu,pending
fm_native_grasp_grasp__industrial_v1__pronto_day4__seed1106,pronto_day4,configs/models/fm_native_grasp_grasp.json,1106,industrial_gpu,pending
fm_native_grasp_grasp__industrial_v1__pronto_day4__seed1107,pronto_day4,configs/models/fm_native_grasp_grasp.json,1107,industrial_gpu,pending
fm_native_grasp_lin__industrial_v1__pronto_day4__seed1103,pronto_day4,configs/models/fm_native_grasp_lin.json,1103,industrial_gpu,pending
fm_native_grasp_lin__industrial_v1__pronto_day4__seed1104,pronto_day4,configs/models/fm_native_grasp_lin.json,1104,industrial_gpu,pending
fm_native_grasp_lin__industrial_v1__pronto_day4__seed1105,pronto_day4,configs/models/fm_native_grasp_lin.json,1105,industrial_gpu,pending
fm_native_grasp_lin__industrial_v1__pronto_day4__seed1106,pronto_day4,configs/models/fm_native_grasp_lin.json,1106,industrial_gpu,pending
fm_native_grasp_lin__industrial_v1__pronto_day4__seed1107,pronto_day4,configs/models/fm_native_grasp_lin.json,1107,industrial_gpu,pending
fm_native_grasp_mean__industrial_v1__pronto_day4__seed1103,pronto_day4,configs/models/fm_native_grasp_mean.json,1103,industrial_gpu,pending
fm_native_grasp_mean__industrial_v1__pronto_day4__seed1104,pronto_day4,configs/models/fm_native_grasp_mean.json,1104,industrial_gpu,pending
fm_native_grasp_mean__industrial_v1__pronto_day4__seed1105,pronto_day4,configs/models/fm_native_grasp_mean.json,1105,industrial_gpu,pending
fm_native_grasp_mean__industrial_v1__pronto_day4__seed1106,pronto_day4,configs/models/fm_native_grasp_mean.json,1106,industrial_gpu,pending
fm_native_grasp_mean__industrial_v1__pronto_day4__seed1107,pronto_day4,configs/models/fm_native_grasp_mean.json,1107,industrial_gpu,pending
fm_comparator_dt_la__industrial_v1__pronto_day2__seed1103,pronto_day2,configs/models/fm_comparator_dt_la.json,1103,industrial_gpu,pending
fm_comparator_dt_la__industrial_v1__pronto_day2__seed1104,pronto_day2,configs/models/fm_comparator_dt_la.json,1104,industrial_gpu,pending
fm_comparator_dt_la__industrial_v1__pronto_day2__seed1105,pronto_day2,configs/models/fm_comparator_dt_la.json,1105,industrial_gpu,pending
fm_comparator_dt_la__industrial_v1__pronto_day2__seed1106,pronto_day2,configs/models/fm_comparator_dt_la.json,1106,industrial_gpu,pending
fm_comparator_dt_la__industrial_v1__pronto_day2__seed1107,pronto_day2,configs/models/fm_comparator_dt_la.json,1107,industrial_gpu,pending
fm_comparator_dt_la_l2_no_sparse__industrial_v1__pronto_day2__seed1103,pronto_day2,configs/models/fm_comparator_dt_la_l2_no_sparse.json,1103,industrial_gpu,pending
fm_comparator_dt_la_l2_no_sparse__industrial_v1__pronto_day2__seed1104,pronto_day2,configs/models/fm_comparator_dt_la_l2_no_sparse.json,1104,industrial_gpu,pending
fm_comparator_dt_la_l2_no_sparse__industrial_v1__pronto_day2__seed1105,pronto_day2,configs/models/fm_comparator_dt_la_l2_no_sparse.json,1105,industrial_gpu,pending
fm_comparator_dt_la_l2_no_sparse__industrial_v1__pronto_day2__seed1106,pronto_day2,configs/models/fm_comparator_dt_la_l2_no_sparse.json,1106,industrial_gpu,pending
fm_comparator_dt_la_l2_no_sparse__industrial_v1__pronto_day2__seed1107,pronto_day2,configs/models/fm_comparator_dt_la_l2_no_sparse.json,1107,industrial_gpu,pending
fm_comparator_dt_la_l2_sparse__industrial_v1__pronto_day2__seed1103,pronto_day2,configs/models/fm_comparator_dt_la_l2_sparse.json,1103,industrial_gpu,pending
fm_comparator_dt_la_l2_sparse__industrial_v1__pronto_day2__seed1104,pronto_day2,configs/models/fm_comparator_dt_la_l2_sparse.json,1104,industrial_gpu,pending
fm_comparator_dt_la_l2_sparse__industrial_v1__pronto_day2__seed1105,pronto_day2,configs/models/fm_comparator_dt_la_l2_sparse.json,1105,industrial_gpu,pending
fm_comparator_dt_la_l2_sparse__industrial_v1__pronto_day2__seed1106,pronto_day2,configs/models/fm_comparator_dt_la_l2_sparse.json,1106,industrial_gpu,pending
fm_comparator_dt_la_l2_sparse__industrial_v1__pronto_day2__seed1107,pronto_day2,configs/models/fm_comparator_dt_la_l2_sparse.json,1107,industrial_gpu,pending
fm_comparator_dt_la_lambda_0p1__industrial_v1__pronto_day2__seed1103,pronto_day2,configs/models/fm_comparator_dt_la_lambda_0p1.json,1103,industrial_gpu,pending
fm_comparator_dt_la_lambda_0p1__industrial_v1__pronto_day2__seed1104,pronto_day2,configs/models/fm_comparator_dt_la_lambda_0p1.json,1104,industrial_gpu,pending
fm_comparator_dt_la_lambda_0p1__industrial_v1__pronto_day2__seed1105,pronto_day2,configs/models/fm_comparator_dt_la_lambda_0p1.json,1105,industrial_gpu,pending
fm_comparator_dt_la_lambda_0p1__industrial_v1__pronto_day2__seed1106,pronto_day2,configs/models/fm_comparator_dt_la_lambda_0p1.json,1106,industrial_gpu,pending
fm_comparator_dt_la_lambda_0p1__industrial_v1__pronto_day2__seed1107,pronto_day2,configs/models/fm_comparator_dt_la_lambda_0p1.json,1107,industrial_gpu,pending
fm_comparator_dt_la_lambda_0p3__industrial_v1__pronto_day2__seed1103,pronto_day2,configs/models/fm_comparator_dt_la_lambda_0p3.json,1103,industrial_gpu,pending
fm_comparator_dt_la_lambda_0p3__industrial_v1__pronto_day2__seed1104,pronto_day2,configs/models/fm_comparator_dt_la_lambda_0p3.json,1104,industrial_gpu,pending
fm_comparator_dt_la_lambda_0p3__industrial_v1__pronto_day2__seed1105,pronto_day2,configs/models/fm_comparator_dt_la_lambda_0p3.json,1105,industrial_gpu,pending
fm_comparator_dt_la_lambda_0p3__industrial_v1__pronto_day2__seed1106,pronto_day2,configs/models/fm_comparator_dt_la_lambda_0p3.json,1106,industrial_gpu,pending
fm_comparator_dt_la_lambda_0p3__industrial_v1__pronto_day2__seed1107,pronto_day2,configs/models/fm_comparator_dt_la_lambda_0p3.json,1107,industrial_gpu,pending
fm_comparator_dt_la_lambda_0p7__industrial_v1__pronto_day2__seed1103,pronto_day2,configs/models/fm_comparator_dt_la_lambda_0p7.json,1103,industrial_gpu,pending
fm_comparator_dt_la_lambda_0p7__industrial_v1__pronto_day2__seed1104,pronto_day2,configs/models/fm_comparator_dt_la_lambda_0p7.json,1104,industrial_gpu,pending
fm_comparator_dt_la_lambda_0p7__industrial_v1__pronto_day2__seed1105,pronto_day2,configs/models/fm_comparator_dt_la_lambda_0p7.json,1105,industrial_gpu,pending
fm_comparator_dt_la_lambda_0p7__industrial_v1__pronto_day2__seed1106,pronto_day2,configs/models/fm_comparator_dt_la_lambda_0p7.json,1106,industrial_gpu,pending
fm_comparator_dt_la_lambda_0p7__industrial_v1__pronto_day2__seed1107,pronto_day2,configs/models/fm_comparator_dt_la_lambda_0p7.json,1107,industrial_gpu,pending
fm_comparator_dt_la_lambda_1p0__industrial_v1__pronto_day2__seed1103,pronto_day2,configs/models/fm_comparator_dt_la_lambda_1p0.json,1103,industrial_gpu,pending
fm_comparator_dt_la_lambda_1p0__industrial_v1__pronto_day2__seed1104,pronto_day2,configs/models/fm_comparator_dt_la_lambda_1p0.json,1104,industrial_gpu,pending
fm_comparator_dt_la_lambda_1p0__industrial_v1__pronto_day2__seed1105,pronto_day2,configs/models/fm_comparator_dt_la_lambda_1p0.json,1105,industrial_gpu,pending
fm_comparator_dt_la_lambda_1p0__industrial_v1__pronto_day2__seed1106,pronto_day2,configs/models/fm_comparator_dt_la_lambda_1p0.json,1106,industrial_gpu,pending
fm_comparator_dt_la_lambda_1p0__industrial_v1__pronto_day2__seed1107,pronto_day2,configs/models/fm_comparator_dt_la_lambda_1p0.json,1107,industrial_gpu,pending
fm_comparator_dt_la_mrh_no_sparse__industrial_v1__pronto_day2__seed1103,pronto_day2,configs/models/fm_comparator_dt_la_mrh_no_sparse.json,1103,industrial_gpu,pending
fm_comparator_dt_la_mrh_no_sparse__industrial_v1__pronto_day2__seed1104,pronto_day2,configs/models/fm_comparator_dt_la_mrh_no_sparse.json,1104,industrial_gpu,pending
fm_comparator_dt_la_mrh_no_sparse__industrial_v1__pronto_day2__seed1105,pronto_day2,configs/models/fm_comparator_dt_la_mrh_no_sparse.json,1105,industrial_gpu,pending
fm_comparator_dt_la_mrh_no_sparse__industrial_v1__pronto_day2__seed1106,pronto_day2,configs/models/fm_comparator_dt_la_mrh_no_sparse.json,1106,industrial_gpu,pending
fm_comparator_dt_la_mrh_no_sparse__industrial_v1__pronto_day2__seed1107,pronto_day2,configs/models/fm_comparator_dt_la_mrh_no_sparse.json,1107,industrial_gpu,pending
fm_comparator_dt_la_score_input__industrial_v1__pronto_day2__seed1103,pronto_day2,configs/models/fm_comparator_dt_la_score_input.json,1103,industrial_gpu,pending
fm_comparator_dt_la_score_input__industrial_v1__pronto_day2__seed1104,pronto_day2,configs/models/fm_comparator_dt_la_score_input.json,1104,industrial_gpu,pending
fm_comparator_dt_la_score_input__industrial_v1__pronto_day2__seed1105,pronto_day2,configs/models/fm_comparator_dt_la_score_input.json,1105,industrial_gpu,pending
fm_comparator_dt_la_score_input__industrial_v1__pronto_day2__seed1106,pronto_day2,configs/models/fm_comparator_dt_la_score_input.json,1106,industrial_gpu,pending
fm_comparator_dt_la_score_input__industrial_v1__pronto_day2__seed1107,pronto_day2,configs/models/fm_comparator_dt_la_score_input.json,1107,industrial_gpu,pending
fm_comparator_dt_la_score_latent__industrial_v1__pronto_day2__seed1103,pronto_day2,configs/models/fm_comparator_dt_la_score_latent.json,1103,industrial_gpu,pending
fm_comparator_dt_la_score_latent__industrial_v1__pronto_day2__seed1104,pronto_day2,configs/models/fm_comparator_dt_la_score_latent.json,1104,industrial_gpu,pending
fm_comparator_dt_la_score_latent__industrial_v1__pronto_day2__seed1105,pronto_day2,configs/models/fm_comparator_dt_la_score_latent.json,1105,industrial_gpu,pending
fm_comparator_dt_la_score_latent__industrial_v1__pronto_day2__seed1106,pronto_day2,configs/models/fm_comparator_dt_la_score_latent.json,1106,industrial_gpu,pending
fm_comparator_dt_la_score_latent__industrial_v1__pronto_day2__seed1107,pronto_day2,configs/models/fm_comparator_dt_la_score_latent.json,1107,industrial_gpu,pending
fm_comparator_dt_la_score_softmax__industrial_v1__pronto_day2__seed1103,pronto_day2,configs/models/fm_comparator_dt_la_score_softmax.json,1103,industrial_gpu,pending
fm_comparator_dt_la_score_softmax__industrial_v1__pronto_day2__seed1104,pronto_day2,configs/models/fm_comparator_dt_la_score_softmax.json,1104,industrial_gpu,pending
fm_comparator_dt_la_score_softmax__industrial_v1__pronto_day2__seed1105,pronto_day2,configs/models/fm_comparator_dt_la_score_softmax.json,1105,industrial_gpu,pending
fm_comparator_dt_la_score_softmax__industrial_v1__pronto_day2__seed1106,pronto_day2,configs/models/fm_comparator_dt_la_score_softmax.json,1106,industrial_gpu,pending
fm_comparator_dt_la_score_softmax__industrial_v1__pronto_day2__seed1107,pronto_day2,configs/models/fm_comparator_dt_la_score_softmax.json,1107,industrial_gpu,pending
fm_comparator_kgl__industrial_v1__pronto_day2__seed1103,pronto_day2,configs/models/fm_comparator_kgl.json,1103,industrial_gpu,pending
fm_comparator_kgl__industrial_v1__pronto_day2__seed1104,pronto_day2,configs/models/fm_comparator_kgl.json,1104,industrial_gpu,pending
fm_comparator_kgl__industrial_v1__pronto_day2__seed1105,pronto_day2,configs/models/fm_comparator_kgl.json,1105,industrial_gpu,pending
fm_comparator_kgl__industrial_v1__pronto_day2__seed1106,pronto_day2,configs/models/fm_comparator_kgl.json,1106,industrial_gpu,pending
fm_comparator_kgl__industrial_v1__pronto_day2__seed1107,pronto_day2,configs/models/fm_comparator_kgl.json,1107,industrial_gpu,pending
fm_comparator_kgl_without_gat__industrial_v1__pronto_day2__seed1103,pronto_day2,configs/models/fm_comparator_kgl_without_gat.json,1103,industrial_gpu,pending
fm_comparator_kgl_without_gat__industrial_v1__pronto_day2__seed1104,pronto_day2,configs/models/fm_comparator_kgl_without_gat.json,1104,industrial_gpu,pending
fm_comparator_kgl_without_gat__industrial_v1__pronto_day2__seed1105,pronto_day2,configs/models/fm_comparator_kgl_without_gat.json,1105,industrial_gpu,pending
fm_comparator_kgl_without_gat__industrial_v1__pronto_day2__seed1106,pronto_day2,configs/models/fm_comparator_kgl_without_gat.json,1106,industrial_gpu,pending
fm_comparator_kgl_without_gat__industrial_v1__pronto_day2__seed1107,pronto_day2,configs/models/fm_comparator_kgl_without_gat.json,1107,industrial_gpu,pending
fm_comparator_kgl_without_kan__industrial_v1__pronto_day2__seed1103,pronto_day2,configs/models/fm_comparator_kgl_without_kan.json,1103,industrial_gpu,pending
fm_comparator_kgl_without_kan__industrial_v1__pronto_day2__seed1104,pronto_day2,configs/models/fm_comparator_kgl_without_kan.json,1104,industrial_gpu,pending
fm_comparator_kgl_without_kan__industrial_v1__pronto_day2__seed1105,pronto_day2,configs/models/fm_comparator_kgl_without_kan.json,1105,industrial_gpu,pending
fm_comparator_kgl_without_kan__industrial_v1__pronto_day2__seed1106,pronto_day2,configs/models/fm_comparator_kgl_without_kan.json,1106,industrial_gpu,pending
fm_comparator_kgl_without_kan__industrial_v1__pronto_day2__seed1107,pronto_day2,configs/models/fm_comparator_kgl_without_kan.json,1107,industrial_gpu,pending
fm_comparator_kgl_without_lstm__industrial_v1__pronto_day2__seed1103,pronto_day2,configs/models/fm_comparator_kgl_without_lstm.json,1103,industrial_gpu,pending
fm_comparator_kgl_without_lstm__industrial_v1__pronto_day2__seed1104,pronto_day2,configs/models/fm_comparator_kgl_without_lstm.json,1104,industrial_gpu,pending
fm_comparator_kgl_without_lstm__industrial_v1__pronto_day2__seed1105,pronto_day2,configs/models/fm_comparator_kgl_without_lstm.json,1105,industrial_gpu,pending
fm_comparator_kgl_without_lstm__industrial_v1__pronto_day2__seed1106,pronto_day2,configs/models/fm_comparator_kgl_without_lstm.json,1106,industrial_gpu,pending
fm_comparator_kgl_without_lstm__industrial_v1__pronto_day2__seed1107,pronto_day2,configs/models/fm_comparator_kgl_without_lstm.json,1107,industrial_gpu,pending
fm_comparator_shcl_transformer__industrial_v1__pronto_day2__seed1103,pronto_day2,configs/models/fm_comparator_shcl_transformer.json,1103,industrial_gpu,pending
fm_comparator_shcl_transformer__industrial_v1__pronto_day2__seed1104,pronto_day2,configs/models/fm_comparator_shcl_transformer.json,1104,industrial_gpu,pending
fm_comparator_shcl_transformer__industrial_v1__pronto_day2__seed1105,pronto_day2,configs/models/fm_comparator_shcl_transformer.json,1105,industrial_gpu,pending
fm_comparator_shcl_transformer__industrial_v1__pronto_day2__seed1106,pronto_day2,configs/models/fm_comparator_shcl_transformer.json,1106,industrial_gpu,pending
fm_comparator_shcl_transformer__industrial_v1__pronto_day2__seed1107,pronto_day2,configs/models/fm_comparator_shcl_transformer.json,1107,industrial_gpu,pending
fm_comparator_shcl_transformer_backbone_cnn__industrial_v1__pronto_day2__seed1103,pronto_day2,configs/models/fm_comparator_shcl_transformer_backbone_cnn.json,1103,industrial_gpu,pending
fm_comparator_shcl_transformer_backbone_cnn__industrial_v1__pronto_day2__seed1104,pronto_day2,configs/models/fm_comparator_shcl_transformer_backbone_cnn.json,1104,industrial_gpu,pending
fm_comparator_shcl_transformer_backbone_cnn__industrial_v1__pronto_day2__seed1105,pronto_day2,configs/models/fm_comparator_shcl_transformer_backbone_cnn.json,1105,industrial_gpu,pending
fm_comparator_shcl_transformer_backbone_cnn__industrial_v1__pronto_day2__seed1106,pronto_day2,configs/models/fm_comparator_shcl_transformer_backbone_cnn.json,1106,industrial_gpu,pending
fm_comparator_shcl_transformer_backbone_cnn__industrial_v1__pronto_day2__seed1107,pronto_day2,configs/models/fm_comparator_shcl_transformer_backbone_cnn.json,1107,industrial_gpu,pending
fm_comparator_shcl_transformer_backbone_lstm__industrial_v1__pronto_day2__seed1103,pronto_day2,configs/models/fm_comparator_shcl_transformer_backbone_lstm.json,1103,industrial_gpu,pending
fm_comparator_shcl_transformer_backbone_lstm__industrial_v1__pronto_day2__seed1104,pronto_day2,configs/models/fm_comparator_shcl_transformer_backbone_lstm.json,1104,industrial_gpu,pending
fm_comparator_shcl_transformer_backbone_lstm__industrial_v1__pronto_day2__seed1105,pronto_day2,configs/models/fm_comparator_shcl_transformer_backbone_lstm.json,1105,industrial_gpu,pending
fm_comparator_shcl_transformer_backbone_lstm__industrial_v1__pronto_day2__seed1106,pronto_day2,configs/models/fm_comparator_shcl_transformer_backbone_lstm.json,1106,industrial_gpu,pending
fm_comparator_shcl_transformer_backbone_lstm__industrial_v1__pronto_day2__seed1107,pronto_day2,configs/models/fm_comparator_shcl_transformer_backbone_lstm.json,1107,industrial_gpu,pending
fm_comparator_shcl_transformer_backbone_rnn__industrial_v1__pronto_day2__seed1103,pronto_day2,configs/models/fm_comparator_shcl_transformer_backbone_rnn.json,1103,industrial_gpu,pending
fm_comparator_shcl_transformer_backbone_rnn__industrial_v1__pronto_day2__seed1104,pronto_day2,configs/models/fm_comparator_shcl_transformer_backbone_rnn.json,1104,industrial_gpu,pending
fm_comparator_shcl_transformer_backbone_rnn__industrial_v1__pronto_day2__seed1105,pronto_day2,configs/models/fm_comparator_shcl_transformer_backbone_rnn.json,1105,industrial_gpu,pending
fm_comparator_shcl_transformer_backbone_rnn__industrial_v1__pronto_day2__seed1106,pronto_day2,configs/models/fm_comparator_shcl_transformer_backbone_rnn.json,1106,industrial_gpu,pending
fm_comparator_shcl_transformer_backbone_rnn__industrial_v1__pronto_day2__seed1107,pronto_day2,configs/models/fm_comparator_shcl_transformer_backbone_rnn.json,1107,industrial_gpu,pending
fm_comparator_shcl_transformer_backbone_vae__industrial_v1__pronto_day2__seed1103,pronto_day2,configs/models/fm_comparator_shcl_transformer_backbone_vae.json,1103,industrial_gpu,pending
fm_comparator_shcl_transformer_backbone_vae__industrial_v1__pronto_day2__seed1104,pronto_day2,configs/models/fm_comparator_shcl_transformer_backbone_vae.json,1104,industrial_gpu,pending
fm_comparator_shcl_transformer_backbone_vae__industrial_v1__pronto_day2__seed1105,pronto_day2,configs/models/fm_comparator_shcl_transformer_backbone_vae.json,1105,industrial_gpu,pending
fm_comparator_shcl_transformer_backbone_vae__industrial_v1__pronto_day2__seed1106,pronto_day2,configs/models/fm_comparator_shcl_transformer_backbone_vae.json,1106,industrial_gpu,pending
fm_comparator_shcl_transformer_backbone_vae__industrial_v1__pronto_day2__seed1107,pronto_day2,configs/models/fm_comparator_shcl_transformer_backbone_vae.json,1107,industrial_gpu,pending
fm_comparator_shcl_transformer_backbone_vae_only_pair__industrial_v1__pronto_day2__seed1103,pronto_day2,configs/models/fm_comparator_shcl_transformer_backbone_vae_only_pair.json,1103,industrial_gpu,pending
fm_comparator_shcl_transformer_backbone_vae_only_pair__industrial_v1__pronto_day2__seed1104,pronto_day2,configs/models/fm_comparator_shcl_transformer_backbone_vae_only_pair.json,1104,industrial_gpu,pending
fm_comparator_shcl_transformer_backbone_vae_only_pair__industrial_v1__pronto_day2__seed1105,pronto_day2,configs/models/fm_comparator_shcl_transformer_backbone_vae_only_pair.json,1105,industrial_gpu,pending
fm_comparator_shcl_transformer_backbone_vae_only_pair__industrial_v1__pronto_day2__seed1106,pronto_day2,configs/models/fm_comparator_shcl_transformer_backbone_vae_only_pair.json,1106,industrial_gpu,pending
fm_comparator_shcl_transformer_backbone_vae_only_pair__industrial_v1__pronto_day2__seed1107,pronto_day2,configs/models/fm_comparator_shcl_transformer_backbone_vae_only_pair.json,1107,industrial_gpu,pending
fm_comparator_shcl_transformer_backbone_vae_only_point__industrial_v1__pronto_day2__seed1103,pronto_day2,configs/models/fm_comparator_shcl_transformer_backbone_vae_only_point.json,1103,industrial_gpu,pending
fm_comparator_shcl_transformer_backbone_vae_only_point__industrial_v1__pronto_day2__seed1104,pronto_day2,configs/models/fm_comparator_shcl_transformer_backbone_vae_only_point.json,1104,industrial_gpu,pending
fm_comparator_shcl_transformer_backbone_vae_only_point__industrial_v1__pronto_day2__seed1105,pronto_day2,configs/models/fm_comparator_shcl_transformer_backbone_vae_only_point.json,1105,industrial_gpu,pending
fm_comparator_shcl_transformer_backbone_vae_only_point__industrial_v1__pronto_day2__seed1106,pronto_day2,configs/models/fm_comparator_shcl_transformer_backbone_vae_only_point.json,1106,industrial_gpu,pending
fm_comparator_shcl_transformer_backbone_vae_only_point__industrial_v1__pronto_day2__seed1107,pronto_day2,configs/models/fm_comparator_shcl_transformer_backbone_vae_only_point.json,1107,industrial_gpu,pending
fm_comparator_shcl_transformer_backbone_vae_random_mask__industrial_v1__pronto_day2__seed1103,pronto_day2,configs/models/fm_comparator_shcl_transformer_backbone_vae_random_mask.json,1103,industrial_gpu,pending
fm_comparator_shcl_transformer_backbone_vae_random_mask__industrial_v1__pronto_day2__seed1104,pronto_day2,configs/models/fm_comparator_shcl_transformer_backbone_vae_random_mask.json,1104,industrial_gpu,pending
fm_comparator_shcl_transformer_backbone_vae_random_mask__industrial_v1__pronto_day2__seed1105,pronto_day2,configs/models/fm_comparator_shcl_transformer_backbone_vae_random_mask.json,1105,industrial_gpu,pending
fm_comparator_shcl_transformer_backbone_vae_random_mask__industrial_v1__pronto_day2__seed1106,pronto_day2,configs/models/fm_comparator_shcl_transformer_backbone_vae_random_mask.json,1106,industrial_gpu,pending
fm_comparator_shcl_transformer_backbone_vae_random_mask__industrial_v1__pronto_day2__seed1107,pronto_day2,configs/models/fm_comparator_shcl_transformer_backbone_vae_random_mask.json,1107,industrial_gpu,pending
fm_comparator_shcl_transformer_backbone_vae_reconstruction__industrial_v1__pronto_day2__seed1103,pronto_day2,configs/models/fm_comparator_shcl_transformer_backbone_vae_reconstruction.json,1103,industrial_gpu,pending
fm_comparator_shcl_transformer_backbone_vae_reconstruction__industrial_v1__pronto_day2__seed1104,pronto_day2,configs/models/fm_comparator_shcl_transformer_backbone_vae_reconstruction.json,1104,industrial_gpu,pending
fm_comparator_shcl_transformer_backbone_vae_reconstruction__industrial_v1__pronto_day2__seed1105,pronto_day2,configs/models/fm_comparator_shcl_transformer_backbone_vae_reconstruction.json,1105,industrial_gpu,pending
fm_comparator_shcl_transformer_backbone_vae_reconstruction__industrial_v1__pronto_day2__seed1106,pronto_day2,configs/models/fm_comparator_shcl_transformer_backbone_vae_reconstruction.json,1106,industrial_gpu,pending
fm_comparator_shcl_transformer_backbone_vae_reconstruction__industrial_v1__pronto_day2__seed1107,pronto_day2,configs/models/fm_comparator_shcl_transformer_backbone_vae_reconstruction.json,1107,industrial_gpu,pending
fm_comparator_shcl_transformer_only_pair__industrial_v1__pronto_day2__seed1103,pronto_day2,configs/models/fm_comparator_shcl_transformer_only_pair.json,1103,industrial_gpu,pending
fm_comparator_shcl_transformer_only_pair__industrial_v1__pronto_day2__seed1104,pronto_day2,configs/models/fm_comparator_shcl_transformer_only_pair.json,1104,industrial_gpu,pending
fm_comparator_shcl_transformer_only_pair__industrial_v1__pronto_day2__seed1105,pronto_day2,configs/models/fm_comparator_shcl_transformer_only_pair.json,1105,industrial_gpu,pending
fm_comparator_shcl_transformer_only_pair__industrial_v1__pronto_day2__seed1106,pronto_day2,configs/models/fm_comparator_shcl_transformer_only_pair.json,1106,industrial_gpu,pending
fm_comparator_shcl_transformer_only_pair__industrial_v1__pronto_day2__seed1107,pronto_day2,configs/models/fm_comparator_shcl_transformer_only_pair.json,1107,industrial_gpu,pending
fm_comparator_shcl_transformer_only_point__industrial_v1__pronto_day2__seed1103,pronto_day2,configs/models/fm_comparator_shcl_transformer_only_point.json,1103,industrial_gpu,pending
fm_comparator_shcl_transformer_only_point__industrial_v1__pronto_day2__seed1104,pronto_day2,configs/models/fm_comparator_shcl_transformer_only_point.json,1104,industrial_gpu,pending
fm_comparator_shcl_transformer_only_point__industrial_v1__pronto_day2__seed1105,pronto_day2,configs/models/fm_comparator_shcl_transformer_only_point.json,1105,industrial_gpu,pending
fm_comparator_shcl_transformer_only_point__industrial_v1__pronto_day2__seed1106,pronto_day2,configs/models/fm_comparator_shcl_transformer_only_point.json,1106,industrial_gpu,pending
fm_comparator_shcl_transformer_only_point__industrial_v1__pronto_day2__seed1107,pronto_day2,configs/models/fm_comparator_shcl_transformer_only_point.json,1107,industrial_gpu,pending
fm_comparator_shcl_transformer_random_mask__industrial_v1__pronto_day2__seed1103,pronto_day2,configs/models/fm_comparator_shcl_transformer_random_mask.json,1103,industrial_gpu,pending
fm_comparator_shcl_transformer_random_mask__industrial_v1__pronto_day2__seed1104,pronto_day2,configs/models/fm_comparator_shcl_transformer_random_mask.json,1104,industrial_gpu,pending
fm_comparator_shcl_transformer_random_mask__industrial_v1__pronto_day2__seed1105,pronto_day2,configs/models/fm_comparator_shcl_transformer_random_mask.json,1105,industrial_gpu,pending
fm_comparator_shcl_transformer_random_mask__industrial_v1__pronto_day2__seed1106,pronto_day2,configs/models/fm_comparator_shcl_transformer_random_mask.json,1106,industrial_gpu,pending
fm_comparator_shcl_transformer_random_mask__industrial_v1__pronto_day2__seed1107,pronto_day2,configs/models/fm_comparator_shcl_transformer_random_mask.json,1107,industrial_gpu,pending
fm_comparator_shcl_transformer_reconstruction__industrial_v1__pronto_day2__seed1103,pronto_day2,configs/models/fm_comparator_shcl_transformer_reconstruction.json,1103,industrial_gpu,pending
fm_comparator_shcl_transformer_reconstruction__industrial_v1__pronto_day2__seed1104,pronto_day2,configs/models/fm_comparator_shcl_transformer_reconstruction.json,1104,industrial_gpu,pending
fm_comparator_shcl_transformer_reconstruction__industrial_v1__pronto_day2__seed1105,pronto_day2,configs/models/fm_comparator_shcl_transformer_reconstruction.json,1105,industrial_gpu,pending
fm_comparator_shcl_transformer_reconstruction__industrial_v1__pronto_day2__seed1106,pronto_day2,configs/models/fm_comparator_shcl_transformer_reconstruction.json,1106,industrial_gpu,pending
fm_comparator_shcl_transformer_reconstruction__industrial_v1__pronto_day2__seed1107,pronto_day2,configs/models/fm_comparator_shcl_transformer_reconstruction.json,1107,industrial_gpu,pending
fm_native_dfm_exact__industrial_v1__pronto_day2__seed1103,pronto_day2,configs/models/fm_native_dfm_exact.json,1103,industrial_gpu,pending
fm_native_dfm_exact__industrial_v1__pronto_day2__seed1104,pronto_day2,configs/models/fm_native_dfm_exact.json,1104,industrial_gpu,pending
fm_native_dfm_exact__industrial_v1__pronto_day2__seed1105,pronto_day2,configs/models/fm_native_dfm_exact.json,1105,industrial_gpu,pending
fm_native_dfm_exact__industrial_v1__pronto_day2__seed1106,pronto_day2,configs/models/fm_native_dfm_exact.json,1106,industrial_gpu,pending
fm_native_dfm_exact__industrial_v1__pronto_day2__seed1107,pronto_day2,configs/models/fm_native_dfm_exact.json,1107,industrial_gpu,pending
fm_native_dfm_hutchinson__industrial_v1__pronto_day2__seed1103,pronto_day2,configs/models/fm_native_dfm_hutchinson.json,1103,industrial_gpu,pending
fm_native_dfm_hutchinson__industrial_v1__pronto_day2__seed1104,pronto_day2,configs/models/fm_native_dfm_hutchinson.json,1104,industrial_gpu,pending
fm_native_dfm_hutchinson__industrial_v1__pronto_day2__seed1105,pronto_day2,configs/models/fm_native_dfm_hutchinson.json,1105,industrial_gpu,pending
fm_native_dfm_hutchinson__industrial_v1__pronto_day2__seed1106,pronto_day2,configs/models/fm_native_dfm_hutchinson.json,1106,industrial_gpu,pending
fm_native_dfm_hutchinson__industrial_v1__pronto_day2__seed1107,pronto_day2,configs/models/fm_native_dfm_hutchinson.json,1107,industrial_gpu,pending
fm_native_grasp_er__industrial_v1__pronto_day2__seed1103,pronto_day2,configs/models/fm_native_grasp_er.json,1103,industrial_gpu,pending
fm_native_grasp_er__industrial_v1__pronto_day2__seed1104,pronto_day2,configs/models/fm_native_grasp_er.json,1104,industrial_gpu,pending
fm_native_grasp_er__industrial_v1__pronto_day2__seed1105,pronto_day2,configs/models/fm_native_grasp_er.json,1105,industrial_gpu,pending
fm_native_grasp_er__industrial_v1__pronto_day2__seed1106,pronto_day2,configs/models/fm_native_grasp_er.json,1106,industrial_gpu,pending
fm_native_grasp_er__industrial_v1__pronto_day2__seed1107,pronto_day2,configs/models/fm_native_grasp_er.json,1107,industrial_gpu,pending
fm_native_grasp_grasp__industrial_v1__pronto_day2__seed1103,pronto_day2,configs/models/fm_native_grasp_grasp.json,1103,industrial_gpu,pending
fm_native_grasp_grasp__industrial_v1__pronto_day2__seed1104,pronto_day2,configs/models/fm_native_grasp_grasp.json,1104,industrial_gpu,pending
fm_native_grasp_grasp__industrial_v1__pronto_day2__seed1105,pronto_day2,configs/models/fm_native_grasp_grasp.json,1105,industrial_gpu,pending
fm_native_grasp_grasp__industrial_v1__pronto_day2__seed1106,pronto_day2,configs/models/fm_native_grasp_grasp.json,1106,industrial_gpu,pending
fm_native_grasp_grasp__industrial_v1__pronto_day2__seed1107,pronto_day2,configs/models/fm_native_grasp_grasp.json,1107,industrial_gpu,pending
fm_native_grasp_lin__industrial_v1__pronto_day2__seed1103,pronto_day2,configs/models/fm_native_grasp_lin.json,1103,industrial_gpu,pending
fm_native_grasp_lin__industrial_v1__pronto_day2__seed1104,pronto_day2,configs/models/fm_native_grasp_lin.json,1104,industrial_gpu,pending
fm_native_grasp_lin__industrial_v1__pronto_day2__seed1105,pronto_day2,configs/models/fm_native_grasp_lin.json,1105,industrial_gpu,pending
fm_native_grasp_lin__industrial_v1__pronto_day2__seed1106,pronto_day2,configs/models/fm_native_grasp_lin.json,1106,industrial_gpu,pending
fm_native_grasp_lin__industrial_v1__pronto_day2__seed1107,pronto_day2,configs/models/fm_native_grasp_lin.json,1107,industrial_gpu,pending
fm_native_grasp_mean__industrial_v1__pronto_day2__seed1103,pronto_day2,configs/models/fm_native_grasp_mean.json,1103,industrial_gpu,pending
fm_native_grasp_mean__industrial_v1__pronto_day2__seed1104,pronto_day2,configs/models/fm_native_grasp_mean.json,1104,industrial_gpu,pending
fm_native_grasp_mean__industrial_v1__pronto_day2__seed1105,pronto_day2,configs/models/fm_native_grasp_mean.json,1105,industrial_gpu,pending
fm_native_grasp_mean__industrial_v1__pronto_day2__seed1106,pronto_day2,configs/models/fm_native_grasp_mean.json,1106,industrial_gpu,pending
fm_native_grasp_mean__industrial_v1__pronto_day2__seed1107,pronto_day2,configs/models/fm_native_grasp_mean.json,1107,industrial_gpu,pending
fm_comparator_dt_la__industrial_v1__pronto_day3__seed1103,pronto_day3,configs/models/fm_comparator_dt_la.json,1103,industrial_gpu,pending
fm_comparator_dt_la__industrial_v1__pronto_day3__seed1104,pronto_day3,configs/models/fm_comparator_dt_la.json,1104,industrial_gpu,pending
fm_comparator_dt_la__industrial_v1__pronto_day3__seed1105,pronto_day3,configs/models/fm_comparator_dt_la.json,1105,industrial_gpu,pending
fm_comparator_dt_la__industrial_v1__pronto_day3__seed1106,pronto_day3,configs/models/fm_comparator_dt_la.json,1106,industrial_gpu,pending
fm_comparator_dt_la__industrial_v1__pronto_day3__seed1107,pronto_day3,configs/models/fm_comparator_dt_la.json,1107,industrial_gpu,pending
fm_comparator_dt_la_l2_no_sparse__industrial_v1__pronto_day3__seed1103,pronto_day3,configs/models/fm_comparator_dt_la_l2_no_sparse.json,1103,industrial_gpu,pending
fm_comparator_dt_la_l2_no_sparse__industrial_v1__pronto_day3__seed1104,pronto_day3,configs/models/fm_comparator_dt_la_l2_no_sparse.json,1104,industrial_gpu,pending
fm_comparator_dt_la_l2_no_sparse__industrial_v1__pronto_day3__seed1105,pronto_day3,configs/models/fm_comparator_dt_la_l2_no_sparse.json,1105,industrial_gpu,pending
fm_comparator_dt_la_l2_no_sparse__industrial_v1__pronto_day3__seed1106,pronto_day3,configs/models/fm_comparator_dt_la_l2_no_sparse.json,1106,industrial_gpu,pending
fm_comparator_dt_la_l2_no_sparse__industrial_v1__pronto_day3__seed1107,pronto_day3,configs/models/fm_comparator_dt_la_l2_no_sparse.json,1107,industrial_gpu,pending
fm_comparator_dt_la_l2_sparse__industrial_v1__pronto_day3__seed1103,pronto_day3,configs/models/fm_comparator_dt_la_l2_sparse.json,1103,industrial_gpu,pending
fm_comparator_dt_la_l2_sparse__industrial_v1__pronto_day3__seed1104,pronto_day3,configs/models/fm_comparator_dt_la_l2_sparse.json,1104,industrial_gpu,pending
fm_comparator_dt_la_l2_sparse__industrial_v1__pronto_day3__seed1105,pronto_day3,configs/models/fm_comparator_dt_la_l2_sparse.json,1105,industrial_gpu,pending
fm_comparator_dt_la_l2_sparse__industrial_v1__pronto_day3__seed1106,pronto_day3,configs/models/fm_comparator_dt_la_l2_sparse.json,1106,industrial_gpu,pending
fm_comparator_dt_la_l2_sparse__industrial_v1__pronto_day3__seed1107,pronto_day3,configs/models/fm_comparator_dt_la_l2_sparse.json,1107,industrial_gpu,pending
fm_comparator_dt_la_lambda_0p1__industrial_v1__pronto_day3__seed1103,pronto_day3,configs/models/fm_comparator_dt_la_lambda_0p1.json,1103,industrial_gpu,pending
fm_comparator_dt_la_lambda_0p1__industrial_v1__pronto_day3__seed1104,pronto_day3,configs/models/fm_comparator_dt_la_lambda_0p1.json,1104,industrial_gpu,pending
fm_comparator_dt_la_lambda_0p1__industrial_v1__pronto_day3__seed1105,pronto_day3,configs/models/fm_comparator_dt_la_lambda_0p1.json,1105,industrial_gpu,pending
fm_comparator_dt_la_lambda_0p1__industrial_v1__pronto_day3__seed1106,pronto_day3,configs/models/fm_comparator_dt_la_lambda_0p1.json,1106,industrial_gpu,pending
fm_comparator_dt_la_lambda_0p1__industrial_v1__pronto_day3__seed1107,pronto_day3,configs/models/fm_comparator_dt_la_lambda_0p1.json,1107,industrial_gpu,pending
fm_comparator_dt_la_lambda_0p3__industrial_v1__pronto_day3__seed1103,pronto_day3,configs/models/fm_comparator_dt_la_lambda_0p3.json,1103,industrial_gpu,pending
fm_comparator_dt_la_lambda_0p3__industrial_v1__pronto_day3__seed1104,pronto_day3,configs/models/fm_comparator_dt_la_lambda_0p3.json,1104,industrial_gpu,pending
fm_comparator_dt_la_lambda_0p3__industrial_v1__pronto_day3__seed1105,pronto_day3,configs/models/fm_comparator_dt_la_lambda_0p3.json,1105,industrial_gpu,pending
fm_comparator_dt_la_lambda_0p3__industrial_v1__pronto_day3__seed1106,pronto_day3,configs/models/fm_comparator_dt_la_lambda_0p3.json,1106,industrial_gpu,pending
fm_comparator_dt_la_lambda_0p3__industrial_v1__pronto_day3__seed1107,pronto_day3,configs/models/fm_comparator_dt_la_lambda_0p3.json,1107,industrial_gpu,pending
fm_comparator_dt_la_lambda_0p7__industrial_v1__pronto_day3__seed1103,pronto_day3,configs/models/fm_comparator_dt_la_lambda_0p7.json,1103,industrial_gpu,pending
fm_comparator_dt_la_lambda_0p7__industrial_v1__pronto_day3__seed1104,pronto_day3,configs/models/fm_comparator_dt_la_lambda_0p7.json,1104,industrial_gpu,pending
fm_comparator_dt_la_lambda_0p7__industrial_v1__pronto_day3__seed1105,pronto_day3,configs/models/fm_comparator_dt_la_lambda_0p7.json,1105,industrial_gpu,pending
fm_comparator_dt_la_lambda_0p7__industrial_v1__pronto_day3__seed1106,pronto_day3,configs/models/fm_comparator_dt_la_lambda_0p7.json,1106,industrial_gpu,pending
fm_comparator_dt_la_lambda_0p7__industrial_v1__pronto_day3__seed1107,pronto_day3,configs/models/fm_comparator_dt_la_lambda_0p7.json,1107,industrial_gpu,pending
fm_comparator_dt_la_lambda_1p0__industrial_v1__pronto_day3__seed1103,pronto_day3,configs/models/fm_comparator_dt_la_lambda_1p0.json,1103,industrial_gpu,pending
fm_comparator_dt_la_lambda_1p0__industrial_v1__pronto_day3__seed1104,pronto_day3,configs/models/fm_comparator_dt_la_lambda_1p0.json,1104,industrial_gpu,pending
fm_comparator_dt_la_lambda_1p0__industrial_v1__pronto_day3__seed1105,pronto_day3,configs/models/fm_comparator_dt_la_lambda_1p0.json,1105,industrial_gpu,pending
fm_comparator_dt_la_lambda_1p0__industrial_v1__pronto_day3__seed1106,pronto_day3,configs/models/fm_comparator_dt_la_lambda_1p0.json,1106,industrial_gpu,pending
fm_comparator_dt_la_lambda_1p0__industrial_v1__pronto_day3__seed1107,pronto_day3,configs/models/fm_comparator_dt_la_lambda_1p0.json,1107,industrial_gpu,pending
fm_comparator_dt_la_mrh_no_sparse__industrial_v1__pronto_day3__seed1103,pronto_day3,configs/models/fm_comparator_dt_la_mrh_no_sparse.json,1103,industrial_gpu,pending
fm_comparator_dt_la_mrh_no_sparse__industrial_v1__pronto_day3__seed1104,pronto_day3,configs/models/fm_comparator_dt_la_mrh_no_sparse.json,1104,industrial_gpu,pending
fm_comparator_dt_la_mrh_no_sparse__industrial_v1__pronto_day3__seed1105,pronto_day3,configs/models/fm_comparator_dt_la_mrh_no_sparse.json,1105,industrial_gpu,pending
fm_comparator_dt_la_mrh_no_sparse__industrial_v1__pronto_day3__seed1106,pronto_day3,configs/models/fm_comparator_dt_la_mrh_no_sparse.json,1106,industrial_gpu,pending
fm_comparator_dt_la_mrh_no_sparse__industrial_v1__pronto_day3__seed1107,pronto_day3,configs/models/fm_comparator_dt_la_mrh_no_sparse.json,1107,industrial_gpu,pending
fm_comparator_dt_la_score_input__industrial_v1__pronto_day3__seed1103,pronto_day3,configs/models/fm_comparator_dt_la_score_input.json,1103,industrial_gpu,pending
fm_comparator_dt_la_score_input__industrial_v1__pronto_day3__seed1104,pronto_day3,configs/models/fm_comparator_dt_la_score_input.json,1104,industrial_gpu,pending
fm_comparator_dt_la_score_input__industrial_v1__pronto_day3__seed1105,pronto_day3,configs/models/fm_comparator_dt_la_score_input.json,1105,industrial_gpu,pending
fm_comparator_dt_la_score_input__industrial_v1__pronto_day3__seed1106,pronto_day3,configs/models/fm_comparator_dt_la_score_input.json,1106,industrial_gpu,pending
fm_comparator_dt_la_score_input__industrial_v1__pronto_day3__seed1107,pronto_day3,configs/models/fm_comparator_dt_la_score_input.json,1107,industrial_gpu,pending
fm_comparator_dt_la_score_latent__industrial_v1__pronto_day3__seed1103,pronto_day3,configs/models/fm_comparator_dt_la_score_latent.json,1103,industrial_gpu,pending
fm_comparator_dt_la_score_latent__industrial_v1__pronto_day3__seed1104,pronto_day3,configs/models/fm_comparator_dt_la_score_latent.json,1104,industrial_gpu,pending
fm_comparator_dt_la_score_latent__industrial_v1__pronto_day3__seed1105,pronto_day3,configs/models/fm_comparator_dt_la_score_latent.json,1105,industrial_gpu,pending
fm_comparator_dt_la_score_latent__industrial_v1__pronto_day3__seed1106,pronto_day3,configs/models/fm_comparator_dt_la_score_latent.json,1106,industrial_gpu,pending
fm_comparator_dt_la_score_latent__industrial_v1__pronto_day3__seed1107,pronto_day3,configs/models/fm_comparator_dt_la_score_latent.json,1107,industrial_gpu,pending
fm_comparator_dt_la_score_softmax__industrial_v1__pronto_day3__seed1103,pronto_day3,configs/models/fm_comparator_dt_la_score_softmax.json,1103,industrial_gpu,pending
fm_comparator_dt_la_score_softmax__industrial_v1__pronto_day3__seed1104,pronto_day3,configs/models/fm_comparator_dt_la_score_softmax.json,1104,industrial_gpu,pending
fm_comparator_dt_la_score_softmax__industrial_v1__pronto_day3__seed1105,pronto_day3,configs/models/fm_comparator_dt_la_score_softmax.json,1105,industrial_gpu,pending
fm_comparator_dt_la_score_softmax__industrial_v1__pronto_day3__seed1106,pronto_day3,configs/models/fm_comparator_dt_la_score_softmax.json,1106,industrial_gpu,pending
fm_comparator_dt_la_score_softmax__industrial_v1__pronto_day3__seed1107,pronto_day3,configs/models/fm_comparator_dt_la_score_softmax.json,1107,industrial_gpu,pending
fm_comparator_kgl__industrial_v1__pronto_day3__seed1103,pronto_day3,configs/models/fm_comparator_kgl.json,1103,industrial_gpu,pending
fm_comparator_kgl__industrial_v1__pronto_day3__seed1104,pronto_day3,configs/models/fm_comparator_kgl.json,1104,industrial_gpu,pending
fm_comparator_kgl__industrial_v1__pronto_day3__seed1105,pronto_day3,configs/models/fm_comparator_kgl.json,1105,industrial_gpu,pending
fm_comparator_kgl__industrial_v1__pronto_day3__seed1106,pronto_day3,configs/models/fm_comparator_kgl.json,1106,industrial_gpu,pending
fm_comparator_kgl__industrial_v1__pronto_day3__seed1107,pronto_day3,configs/models/fm_comparator_kgl.json,1107,industrial_gpu,pending
fm_comparator_kgl_without_gat__industrial_v1__pronto_day3__seed1103,pronto_day3,configs/models/fm_comparator_kgl_without_gat.json,1103,industrial_gpu,pending
fm_comparator_kgl_without_gat__industrial_v1__pronto_day3__seed1104,pronto_day3,configs/models/fm_comparator_kgl_without_gat.json,1104,industrial_gpu,pending
fm_comparator_kgl_without_gat__industrial_v1__pronto_day3__seed1105,pronto_day3,configs/models/fm_comparator_kgl_without_gat.json,1105,industrial_gpu,pending
fm_comparator_kgl_without_gat__industrial_v1__pronto_day3__seed1106,pronto_day3,configs/models/fm_comparator_kgl_without_gat.json,1106,industrial_gpu,pending
fm_comparator_kgl_without_gat__industrial_v1__pronto_day3__seed1107,pronto_day3,configs/models/fm_comparator_kgl_without_gat.json,1107,industrial_gpu,pending
fm_comparator_kgl_without_kan__industrial_v1__pronto_day3__seed1103,pronto_day3,configs/models/fm_comparator_kgl_without_kan.json,1103,industrial_gpu,pending
fm_comparator_kgl_without_kan__industrial_v1__pronto_day3__seed1104,pronto_day3,configs/models/fm_comparator_kgl_without_kan.json,1104,industrial_gpu,pending
fm_comparator_kgl_without_kan__industrial_v1__pronto_day3__seed1105,pronto_day3,configs/models/fm_comparator_kgl_without_kan.json,1105,industrial_gpu,pending
fm_comparator_kgl_without_kan__industrial_v1__pronto_day3__seed1106,pronto_day3,configs/models/fm_comparator_kgl_without_kan.json,1106,industrial_gpu,pending
fm_comparator_kgl_without_kan__industrial_v1__pronto_day3__seed1107,pronto_day3,configs/models/fm_comparator_kgl_without_kan.json,1107,industrial_gpu,pending
fm_comparator_kgl_without_lstm__industrial_v1__pronto_day3__seed1103,pronto_day3,configs/models/fm_comparator_kgl_without_lstm.json,1103,industrial_gpu,pending
fm_comparator_kgl_without_lstm__industrial_v1__pronto_day3__seed1104,pronto_day3,configs/models/fm_comparator_kgl_without_lstm.json,1104,industrial_gpu,pending
fm_comparator_kgl_without_lstm__industrial_v1__pronto_day3__seed1105,pronto_day3,configs/models/fm_comparator_kgl_without_lstm.json,1105,industrial_gpu,pending
fm_comparator_kgl_without_lstm__industrial_v1__pronto_day3__seed1106,pronto_day3,configs/models/fm_comparator_kgl_without_lstm.json,1106,industrial_gpu,pending
fm_comparator_kgl_without_lstm__industrial_v1__pronto_day3__seed1107,pronto_day3,configs/models/fm_comparator_kgl_without_lstm.json,1107,industrial_gpu,pending
fm_comparator_shcl_transformer__industrial_v1__pronto_day3__seed1103,pronto_day3,configs/models/fm_comparator_shcl_transformer.json,1103,industrial_gpu,pending
fm_comparator_shcl_transformer__industrial_v1__pronto_day3__seed1104,pronto_day3,configs/models/fm_comparator_shcl_transformer.json,1104,industrial_gpu,pending
fm_comparator_shcl_transformer__industrial_v1__pronto_day3__seed1105,pronto_day3,configs/models/fm_comparator_shcl_transformer.json,1105,industrial_gpu,pending
fm_comparator_shcl_transformer__industrial_v1__pronto_day3__seed1106,pronto_day3,configs/models/fm_comparator_shcl_transformer.json,1106,industrial_gpu,pending
fm_comparator_shcl_transformer__industrial_v1__pronto_day3__seed1107,pronto_day3,configs/models/fm_comparator_shcl_transformer.json,1107,industrial_gpu,pending
fm_comparator_shcl_transformer_backbone_cnn__industrial_v1__pronto_day3__seed1103,pronto_day3,configs/models/fm_comparator_shcl_transformer_backbone_cnn.json,1103,industrial_gpu,pending
fm_comparator_shcl_transformer_backbone_cnn__industrial_v1__pronto_day3__seed1104,pronto_day3,configs/models/fm_comparator_shcl_transformer_backbone_cnn.json,1104,industrial_gpu,pending
fm_comparator_shcl_transformer_backbone_cnn__industrial_v1__pronto_day3__seed1105,pronto_day3,configs/models/fm_comparator_shcl_transformer_backbone_cnn.json,1105,industrial_gpu,pending
fm_comparator_shcl_transformer_backbone_cnn__industrial_v1__pronto_day3__seed1106,pronto_day3,configs/models/fm_comparator_shcl_transformer_backbone_cnn.json,1106,industrial_gpu,pending
fm_comparator_shcl_transformer_backbone_cnn__industrial_v1__pronto_day3__seed1107,pronto_day3,configs/models/fm_comparator_shcl_transformer_backbone_cnn.json,1107,industrial_gpu,pending
fm_comparator_shcl_transformer_backbone_lstm__industrial_v1__pronto_day3__seed1103,pronto_day3,configs/models/fm_comparator_shcl_transformer_backbone_lstm.json,1103,industrial_gpu,pending
fm_comparator_shcl_transformer_backbone_lstm__industrial_v1__pronto_day3__seed1104,pronto_day3,configs/models/fm_comparator_shcl_transformer_backbone_lstm.json,1104,industrial_gpu,pending
fm_comparator_shcl_transformer_backbone_lstm__industrial_v1__pronto_day3__seed1105,pronto_day3,configs/models/fm_comparator_shcl_transformer_backbone_lstm.json,1105,industrial_gpu,pending
fm_comparator_shcl_transformer_backbone_lstm__industrial_v1__pronto_day3__seed1106,pronto_day3,configs/models/fm_comparator_shcl_transformer_backbone_lstm.json,1106,industrial_gpu,pending
fm_comparator_shcl_transformer_backbone_lstm__industrial_v1__pronto_day3__seed1107,pronto_day3,configs/models/fm_comparator_shcl_transformer_backbone_lstm.json,1107,industrial_gpu,pending
fm_comparator_shcl_transformer_backbone_rnn__industrial_v1__pronto_day3__seed1103,pronto_day3,configs/models/fm_comparator_shcl_transformer_backbone_rnn.json,1103,industrial_gpu,pending
fm_comparator_shcl_transformer_backbone_rnn__industrial_v1__pronto_day3__seed1104,pronto_day3,configs/models/fm_comparator_shcl_transformer_backbone_rnn.json,1104,industrial_gpu,pending
fm_comparator_shcl_transformer_backbone_rnn__industrial_v1__pronto_day3__seed1105,pronto_day3,configs/models/fm_comparator_shcl_transformer_backbone_rnn.json,1105,industrial_gpu,pending
fm_comparator_shcl_transformer_backbone_rnn__industrial_v1__pronto_day3__seed1106,pronto_day3,configs/models/fm_comparator_shcl_transformer_backbone_rnn.json,1106,industrial_gpu,pending
fm_comparator_shcl_transformer_backbone_rnn__industrial_v1__pronto_day3__seed1107,pronto_day3,configs/models/fm_comparator_shcl_transformer_backbone_rnn.json,1107,industrial_gpu,pending
fm_comparator_shcl_transformer_backbone_vae__industrial_v1__pronto_day3__seed1103,pronto_day3,configs/models/fm_comparator_shcl_transformer_backbone_vae.json,1103,industrial_gpu,pending
fm_comparator_shcl_transformer_backbone_vae__industrial_v1__pronto_day3__seed1104,pronto_day3,configs/models/fm_comparator_shcl_transformer_backbone_vae.json,1104,industrial_gpu,pending
fm_comparator_shcl_transformer_backbone_vae__industrial_v1__pronto_day3__seed1105,pronto_day3,configs/models/fm_comparator_shcl_transformer_backbone_vae.json,1105,industrial_gpu,pending
fm_comparator_shcl_transformer_backbone_vae__industrial_v1__pronto_day3__seed1106,pronto_day3,configs/models/fm_comparator_shcl_transformer_backbone_vae.json,1106,industrial_gpu,pending
fm_comparator_shcl_transformer_backbone_vae__industrial_v1__pronto_day3__seed1107,pronto_day3,configs/models/fm_comparator_shcl_transformer_backbone_vae.json,1107,industrial_gpu,pending
fm_comparator_shcl_transformer_backbone_vae_only_pair__industrial_v1__pronto_day3__seed1103,pronto_day3,configs/models/fm_comparator_shcl_transformer_backbone_vae_only_pair.json,1103,industrial_gpu,pending
fm_comparator_shcl_transformer_backbone_vae_only_pair__industrial_v1__pronto_day3__seed1104,pronto_day3,configs/models/fm_comparator_shcl_transformer_backbone_vae_only_pair.json,1104,industrial_gpu,pending
fm_comparator_shcl_transformer_backbone_vae_only_pair__industrial_v1__pronto_day3__seed1105,pronto_day3,configs/models/fm_comparator_shcl_transformer_backbone_vae_only_pair.json,1105,industrial_gpu,pending
fm_comparator_shcl_transformer_backbone_vae_only_pair__industrial_v1__pronto_day3__seed1106,pronto_day3,configs/models/fm_comparator_shcl_transformer_backbone_vae_only_pair.json,1106,industrial_gpu,pending
fm_comparator_shcl_transformer_backbone_vae_only_pair__industrial_v1__pronto_day3__seed1107,pronto_day3,configs/models/fm_comparator_shcl_transformer_backbone_vae_only_pair.json,1107,industrial_gpu,pending
fm_comparator_shcl_transformer_backbone_vae_only_point__industrial_v1__pronto_day3__seed1103,pronto_day3,configs/models/fm_comparator_shcl_transformer_backbone_vae_only_point.json,1103,industrial_gpu,pending
fm_comparator_shcl_transformer_backbone_vae_only_point__industrial_v1__pronto_day3__seed1104,pronto_day3,configs/models/fm_comparator_shcl_transformer_backbone_vae_only_point.json,1104,industrial_gpu,pending
fm_comparator_shcl_transformer_backbone_vae_only_point__industrial_v1__pronto_day3__seed1105,pronto_day3,configs/models/fm_comparator_shcl_transformer_backbone_vae_only_point.json,1105,industrial_gpu,pending
fm_comparator_shcl_transformer_backbone_vae_only_point__industrial_v1__pronto_day3__seed1106,pronto_day3,configs/models/fm_comparator_shcl_transformer_backbone_vae_only_point.json,1106,industrial_gpu,pending
fm_comparator_shcl_transformer_backbone_vae_only_point__industrial_v1__pronto_day3__seed1107,pronto_day3,configs/models/fm_comparator_shcl_transformer_backbone_vae_only_point.json,1107,industrial_gpu,pending
fm_comparator_shcl_transformer_backbone_vae_random_mask__industrial_v1__pronto_day3__seed1103,pronto_day3,configs/models/fm_comparator_shcl_transformer_backbone_vae_random_mask.json,1103,industrial_gpu,pending
fm_comparator_shcl_transformer_backbone_vae_random_mask__industrial_v1__pronto_day3__seed1104,pronto_day3,configs/models/fm_comparator_shcl_transformer_backbone_vae_random_mask.json,1104,industrial_gpu,pending
fm_comparator_shcl_transformer_backbone_vae_random_mask__industrial_v1__pronto_day3__seed1105,pronto_day3,configs/models/fm_comparator_shcl_transformer_backbone_vae_random_mask.json,1105,industrial_gpu,pending
fm_comparator_shcl_transformer_backbone_vae_random_mask__industrial_v1__pronto_day3__seed1106,pronto_day3,configs/models/fm_comparator_shcl_transformer_backbone_vae_random_mask.json,1106,industrial_gpu,pending
fm_comparator_shcl_transformer_backbone_vae_random_mask__industrial_v1__pronto_day3__seed1107,pronto_day3,configs/models/fm_comparator_shcl_transformer_backbone_vae_random_mask.json,1107,industrial_gpu,pending
fm_comparator_shcl_transformer_backbone_vae_reconstruction__industrial_v1__pronto_day3__seed1103,pronto_day3,configs/models/fm_comparator_shcl_transformer_backbone_vae_reconstruction.json,1103,industrial_gpu,pending
fm_comparator_shcl_transformer_backbone_vae_reconstruction__industrial_v1__pronto_day3__seed1104,pronto_day3,configs/models/fm_comparator_shcl_transformer_backbone_vae_reconstruction.json,1104,industrial_gpu,pending
fm_comparator_shcl_transformer_backbone_vae_reconstruction__industrial_v1__pronto_day3__seed1105,pronto_day3,configs/models/fm_comparator_shcl_transformer_backbone_vae_reconstruction.json,1105,industrial_gpu,pending
fm_comparator_shcl_transformer_backbone_vae_reconstruction__industrial_v1__pronto_day3__seed1106,pronto_day3,configs/models/fm_comparator_shcl_transformer_backbone_vae_reconstruction.json,1106,industrial_gpu,pending
fm_comparator_shcl_transformer_backbone_vae_reconstruction__industrial_v1__pronto_day3__seed1107,pronto_day3,configs/models/fm_comparator_shcl_transformer_backbone_vae_reconstruction.json,1107,industrial_gpu,pending
fm_comparator_shcl_transformer_only_pair__industrial_v1__pronto_day3__seed1103,pronto_day3,configs/models/fm_comparator_shcl_transformer_only_pair.json,1103,industrial_gpu,pending
fm_comparator_shcl_transformer_only_pair__industrial_v1__pronto_day3__seed1104,pronto_day3,configs/models/fm_comparator_shcl_transformer_only_pair.json,1104,industrial_gpu,pending
fm_comparator_shcl_transformer_only_pair__industrial_v1__pronto_day3__seed1105,pronto_day3,configs/models/fm_comparator_shcl_transformer_only_pair.json,1105,industrial_gpu,pending
fm_comparator_shcl_transformer_only_pair__industrial_v1__pronto_day3__seed1106,pronto_day3,configs/models/fm_comparator_shcl_transformer_only_pair.json,1106,industrial_gpu,pending
fm_comparator_shcl_transformer_only_pair__industrial_v1__pronto_day3__seed1107,pronto_day3,configs/models/fm_comparator_shcl_transformer_only_pair.json,1107,industrial_gpu,pending
fm_comparator_shcl_transformer_only_point__industrial_v1__pronto_day3__seed1103,pronto_day3,configs/models/fm_comparator_shcl_transformer_only_point.json,1103,industrial_gpu,pending
fm_comparator_shcl_transformer_only_point__industrial_v1__pronto_day3__seed1104,pronto_day3,configs/models/fm_comparator_shcl_transformer_only_point.json,1104,industrial_gpu,pending
fm_comparator_shcl_transformer_only_point__industrial_v1__pronto_day3__seed1105,pronto_day3,configs/models/fm_comparator_shcl_transformer_only_point.json,1105,industrial_gpu,pending
fm_comparator_shcl_transformer_only_point__industrial_v1__pronto_day3__seed1106,pronto_day3,configs/models/fm_comparator_shcl_transformer_only_point.json,1106,industrial_gpu,pending
fm_comparator_shcl_transformer_only_point__industrial_v1__pronto_day3__seed1107,pronto_day3,configs/models/fm_comparator_shcl_transformer_only_point.json,1107,industrial_gpu,pending
fm_comparator_shcl_transformer_random_mask__industrial_v1__pronto_day3__seed1103,pronto_day3,configs/models/fm_comparator_shcl_transformer_random_mask.json,1103,industrial_gpu,pending
fm_comparator_shcl_transformer_random_mask__industrial_v1__pronto_day3__seed1104,pronto_day3,configs/models/fm_comparator_shcl_transformer_random_mask.json,1104,industrial_gpu,pending
fm_comparator_shcl_transformer_random_mask__industrial_v1__pronto_day3__seed1105,pronto_day3,configs/models/fm_comparator_shcl_transformer_random_mask.json,1105,industrial_gpu,pending
fm_comparator_shcl_transformer_random_mask__industrial_v1__pronto_day3__seed1106,pronto_day3,configs/models/fm_comparator_shcl_transformer_random_mask.json,1106,industrial_gpu,pending
fm_comparator_shcl_transformer_random_mask__industrial_v1__pronto_day3__seed1107,pronto_day3,configs/models/fm_comparator_shcl_transformer_random_mask.json,1107,industrial_gpu,pending
fm_comparator_shcl_transformer_reconstruction__industrial_v1__pronto_day3__seed1103,pronto_day3,configs/models/fm_comparator_shcl_transformer_reconstruction.json,1103,industrial_gpu,pending
fm_comparator_shcl_transformer_reconstruction__industrial_v1__pronto_day3__seed1104,pronto_day3,configs/models/fm_comparator_shcl_transformer_reconstruction.json,1104,industrial_gpu,pending
fm_comparator_shcl_transformer_reconstruction__industrial_v1__pronto_day3__seed1105,pronto_day3,configs/models/fm_comparator_shcl_transformer_reconstruction.json,1105,industrial_gpu,pending
fm_comparator_shcl_transformer_reconstruction__industrial_v1__pronto_day3__seed1106,pronto_day3,configs/models/fm_comparator_shcl_transformer_reconstruction.json,1106,industrial_gpu,pending
fm_comparator_shcl_transformer_reconstruction__industrial_v1__pronto_day3__seed1107,pronto_day3,configs/models/fm_comparator_shcl_transformer_reconstruction.json,1107,industrial_gpu,pending
fm_native_dfm_exact__industrial_v1__pronto_day3__seed1103,pronto_day3,configs/models/fm_native_dfm_exact.json,1103,industrial_gpu,pending
fm_native_dfm_exact__industrial_v1__pronto_day3__seed1104,pronto_day3,configs/models/fm_native_dfm_exact.json,1104,industrial_gpu,pending
fm_native_dfm_exact__industrial_v1__pronto_day3__seed1105,pronto_day3,configs/models/fm_native_dfm_exact.json,1105,industrial_gpu,pending
fm_native_dfm_exact__industrial_v1__pronto_day3__seed1106,pronto_day3,configs/models/fm_native_dfm_exact.json,1106,industrial_gpu,pending
fm_native_dfm_exact__industrial_v1__pronto_day3__seed1107,pronto_day3,configs/models/fm_native_dfm_exact.json,1107,industrial_gpu,pending
fm_native_dfm_hutchinson__industrial_v1__pronto_day3__seed1103,pronto_day3,configs/models/fm_native_dfm_hutchinson.json,1103,industrial_gpu,pending
fm_native_dfm_hutchinson__industrial_v1__pronto_day3__seed1104,pronto_day3,configs/models/fm_native_dfm_hutchinson.json,1104,industrial_gpu,pending
fm_native_dfm_hutchinson__industrial_v1__pronto_day3__seed1105,pronto_day3,configs/models/fm_native_dfm_hutchinson.json,1105,industrial_gpu,pending
fm_native_dfm_hutchinson__industrial_v1__pronto_day3__seed1106,pronto_day3,configs/models/fm_native_dfm_hutchinson.json,1106,industrial_gpu,pending
fm_native_dfm_hutchinson__industrial_v1__pronto_day3__seed1107,pronto_day3,configs/models/fm_native_dfm_hutchinson.json,1107,industrial_gpu,pending
fm_native_grasp_er__industrial_v1__pronto_day3__seed1103,pronto_day3,configs/models/fm_native_grasp_er.json,1103,industrial_gpu,pending
fm_native_grasp_er__industrial_v1__pronto_day3__seed1104,pronto_day3,configs/models/fm_native_grasp_er.json,1104,industrial_gpu,pending
fm_native_grasp_er__industrial_v1__pronto_day3__seed1105,pronto_day3,configs/models/fm_native_grasp_er.json,1105,industrial_gpu,pending
fm_native_grasp_er__industrial_v1__pronto_day3__seed1106,pronto_day3,configs/models/fm_native_grasp_er.json,1106,industrial_gpu,pending
fm_native_grasp_er__industrial_v1__pronto_day3__seed1107,pronto_day3,configs/models/fm_native_grasp_er.json,1107,industrial_gpu,pending
fm_native_grasp_grasp__industrial_v1__pronto_day3__seed1103,pronto_day3,configs/models/fm_native_grasp_grasp.json,1103,industrial_gpu,pending
fm_native_grasp_grasp__industrial_v1__pronto_day3__seed1104,pronto_day3,configs/models/fm_native_grasp_grasp.json,1104,industrial_gpu,pending
fm_native_grasp_grasp__industrial_v1__pronto_day3__seed1105,pronto_day3,configs/models/fm_native_grasp_grasp.json,1105,industrial_gpu,pending
fm_native_grasp_grasp__industrial_v1__pronto_day3__seed1106,pronto_day3,configs/models/fm_native_grasp_grasp.json,1106,industrial_gpu,pending
fm_native_grasp_grasp__industrial_v1__pronto_day3__seed1107,pronto_day3,configs/models/fm_native_grasp_grasp.json,1107,industrial_gpu,pending
fm_native_grasp_lin__industrial_v1__pronto_day3__seed1103,pronto_day3,configs/models/fm_native_grasp_lin.json,1103,industrial_gpu,pending
fm_native_grasp_lin__industrial_v1__pronto_day3__seed1104,pronto_day3,configs/models/fm_native_grasp_lin.json,1104,industrial_gpu,pending
fm_native_grasp_lin__industrial_v1__pronto_day3__seed1105,pronto_day3,configs/models/fm_native_grasp_lin.json,1105,industrial_gpu,pending
fm_native_grasp_lin__industrial_v1__pronto_day3__seed1106,pronto_day3,configs/models/fm_native_grasp_lin.json,1106,industrial_gpu,pending
fm_native_grasp_lin__industrial_v1__pronto_day3__seed1107,pronto_day3,configs/models/fm_native_grasp_lin.json,1107,industrial_gpu,pending
fm_native_grasp_mean__industrial_v1__pronto_day3__seed1103,pronto_day3,configs/models/fm_native_grasp_mean.json,1103,industrial_gpu,pending
fm_native_grasp_mean__industrial_v1__pronto_day3__seed1104,pronto_day3,configs/models/fm_native_grasp_mean.json,1104,industrial_gpu,pending
fm_native_grasp_mean__industrial_v1__pronto_day3__seed1105,pronto_day3,configs/models/fm_native_grasp_mean.json,1105,industrial_gpu,pending
fm_native_grasp_mean__industrial_v1__pronto_day3__seed1106,pronto_day3,configs/models/fm_native_grasp_mean.json,1106,industrial_gpu,pending
fm_native_grasp_mean__industrial_v1__pronto_day3__seed1107,pronto_day3,configs/models/fm_native_grasp_mean.json,1107,industrial_gpu,pending
