id,dataset,seed,author_recipe,output_directory,status,stage_receipts,algorithm,protocol,strict_TAB_result,boundary
maelnet_author__exp_1_e3d1__psm__seed1103,PSM,1103,EXP_1_e3d1,experiments/runs/fm_maelnet_author_v1/jobs/maelnet_author__exp_1_e3d1__psm__seed1103,running,"[{""path"": ""experiments/runs/fm_maelnet_author_v1/jobs/maelnet_author__exp_1_e3d1__psm__seed1103/stages/train_anomaly_transformer_fast_learner/receipt.json"", ""sha256"": ""a09aa58082b416e4791be4196db91189e7f3594acef598f29d7d371be4f9af2b"", ""status"": ""running""}]",maelnet,author_pipeline,False,"Six complete published repository depth recipes on all five native local payloads and five seeds, unchanged script architecture/epochs/loss/stride except explicit full-data chunk_size=0 and CPU scheduling. This author track preserves test-label RL rewards and PA-derived states and therefore is not an independent test or strict TAB result. Original paper-version, flat payload entity boundaries and exact table-row equivalence remain to audit. Reward/slow-learner ablations are separate remaining obligations."
maelnet_author__exp_1_e3d1__psm__seed1104,PSM,1104,EXP_1_e3d1,experiments/runs/fm_maelnet_author_v1/jobs/maelnet_author__exp_1_e3d1__psm__seed1104,pending,[],maelnet,author_pipeline,False,"Six complete published repository depth recipes on all five native local payloads and five seeds, unchanged script architecture/epochs/loss/stride except explicit full-data chunk_size=0 and CPU scheduling. This author track preserves test-label RL rewards and PA-derived states and therefore is not an independent test or strict TAB result. Original paper-version, flat payload entity boundaries and exact table-row equivalence remain to audit. Reward/slow-learner ablations are separate remaining obligations."
maelnet_author__exp_1_e3d1__psm__seed1105,PSM,1105,EXP_1_e3d1,experiments/runs/fm_maelnet_author_v1/jobs/maelnet_author__exp_1_e3d1__psm__seed1105,pending,[],maelnet,author_pipeline,False,"Six complete published repository depth recipes on all five native local payloads and five seeds, unchanged script architecture/epochs/loss/stride except explicit full-data chunk_size=0 and CPU scheduling. This author track preserves test-label RL rewards and PA-derived states and therefore is not an independent test or strict TAB result. Original paper-version, flat payload entity boundaries and exact table-row equivalence remain to audit. Reward/slow-learner ablations are separate remaining obligations."
maelnet_author__exp_1_e3d1__psm__seed1106,PSM,1106,EXP_1_e3d1,experiments/runs/fm_maelnet_author_v1/jobs/maelnet_author__exp_1_e3d1__psm__seed1106,pending,[],maelnet,author_pipeline,False,"Six complete published repository depth recipes on all five native local payloads and five seeds, unchanged script architecture/epochs/loss/stride except explicit full-data chunk_size=0 and CPU scheduling. This author track preserves test-label RL rewards and PA-derived states and therefore is not an independent test or strict TAB result. Original paper-version, flat payload entity boundaries and exact table-row equivalence remain to audit. Reward/slow-learner ablations are separate remaining obligations."
maelnet_author__exp_1_e3d1__psm__seed1107,PSM,1107,EXP_1_e3d1,experiments/runs/fm_maelnet_author_v1/jobs/maelnet_author__exp_1_e3d1__psm__seed1107,pending,[],maelnet,author_pipeline,False,"Six complete published repository depth recipes on all five native local payloads and five seeds, unchanged script architecture/epochs/loss/stride except explicit full-data chunk_size=0 and CPU scheduling. This author track preserves test-label RL rewards and PA-derived states and therefore is not an independent test or strict TAB result. Original paper-version, flat payload entity boundaries and exact table-row equivalence remain to audit. Reward/slow-learner ablations are separate remaining obligations."
maelnet_author__exp_2_e4d1__psm__seed1103,PSM,1103,EXP_2_e4d1,experiments/runs/fm_maelnet_author_v1/jobs/maelnet_author__exp_2_e4d1__psm__seed1103,pending,[],maelnet,author_pipeline,False,"Six complete published repository depth recipes on all five native local payloads and five seeds, unchanged script architecture/epochs/loss/stride except explicit full-data chunk_size=0 and CPU scheduling. This author track preserves test-label RL rewards and PA-derived states and therefore is not an independent test or strict TAB result. Original paper-version, flat payload entity boundaries and exact table-row equivalence remain to audit. Reward/slow-learner ablations are separate remaining obligations."
maelnet_author__exp_2_e4d1__psm__seed1104,PSM,1104,EXP_2_e4d1,experiments/runs/fm_maelnet_author_v1/jobs/maelnet_author__exp_2_e4d1__psm__seed1104,pending,[],maelnet,author_pipeline,False,"Six complete published repository depth recipes on all five native local payloads and five seeds, unchanged script architecture/epochs/loss/stride except explicit full-data chunk_size=0 and CPU scheduling. This author track preserves test-label RL rewards and PA-derived states and therefore is not an independent test or strict TAB result. Original paper-version, flat payload entity boundaries and exact table-row equivalence remain to audit. Reward/slow-learner ablations are separate remaining obligations."
maelnet_author__exp_2_e4d1__psm__seed1105,PSM,1105,EXP_2_e4d1,experiments/runs/fm_maelnet_author_v1/jobs/maelnet_author__exp_2_e4d1__psm__seed1105,pending,[],maelnet,author_pipeline,False,"Six complete published repository depth recipes on all five native local payloads and five seeds, unchanged script architecture/epochs/loss/stride except explicit full-data chunk_size=0 and CPU scheduling. This author track preserves test-label RL rewards and PA-derived states and therefore is not an independent test or strict TAB result. Original paper-version, flat payload entity boundaries and exact table-row equivalence remain to audit. Reward/slow-learner ablations are separate remaining obligations."
maelnet_author__exp_2_e4d1__psm__seed1106,PSM,1106,EXP_2_e4d1,experiments/runs/fm_maelnet_author_v1/jobs/maelnet_author__exp_2_e4d1__psm__seed1106,pending,[],maelnet,author_pipeline,False,"Six complete published repository depth recipes on all five native local payloads and five seeds, unchanged script architecture/epochs/loss/stride except explicit full-data chunk_size=0 and CPU scheduling. This author track preserves test-label RL rewards and PA-derived states and therefore is not an independent test or strict TAB result. Original paper-version, flat payload entity boundaries and exact table-row equivalence remain to audit. Reward/slow-learner ablations are separate remaining obligations."
maelnet_author__exp_2_e4d1__psm__seed1107,PSM,1107,EXP_2_e4d1,experiments/runs/fm_maelnet_author_v1/jobs/maelnet_author__exp_2_e4d1__psm__seed1107,pending,[],maelnet,author_pipeline,False,"Six complete published repository depth recipes on all five native local payloads and five seeds, unchanged script architecture/epochs/loss/stride except explicit full-data chunk_size=0 and CPU scheduling. This author track preserves test-label RL rewards and PA-derived states and therefore is not an independent test or strict TAB result. Original paper-version, flat payload entity boundaries and exact table-row equivalence remain to audit. Reward/slow-learner ablations are separate remaining obligations."
maelnet_author__exp_3_e3d2__psm__seed1103,PSM,1103,EXP_3_e3d2,experiments/runs/fm_maelnet_author_v1/jobs/maelnet_author__exp_3_e3d2__psm__seed1103,pending,[],maelnet,author_pipeline,False,"Six complete published repository depth recipes on all five native local payloads and five seeds, unchanged script architecture/epochs/loss/stride except explicit full-data chunk_size=0 and CPU scheduling. This author track preserves test-label RL rewards and PA-derived states and therefore is not an independent test or strict TAB result. Original paper-version, flat payload entity boundaries and exact table-row equivalence remain to audit. Reward/slow-learner ablations are separate remaining obligations."
maelnet_author__exp_3_e3d2__psm__seed1104,PSM,1104,EXP_3_e3d2,experiments/runs/fm_maelnet_author_v1/jobs/maelnet_author__exp_3_e3d2__psm__seed1104,pending,[],maelnet,author_pipeline,False,"Six complete published repository depth recipes on all five native local payloads and five seeds, unchanged script architecture/epochs/loss/stride except explicit full-data chunk_size=0 and CPU scheduling. This author track preserves test-label RL rewards and PA-derived states and therefore is not an independent test or strict TAB result. Original paper-version, flat payload entity boundaries and exact table-row equivalence remain to audit. Reward/slow-learner ablations are separate remaining obligations."
maelnet_author__exp_3_e3d2__psm__seed1105,PSM,1105,EXP_3_e3d2,experiments/runs/fm_maelnet_author_v1/jobs/maelnet_author__exp_3_e3d2__psm__seed1105,pending,[],maelnet,author_pipeline,False,"Six complete published repository depth recipes on all five native local payloads and five seeds, unchanged script architecture/epochs/loss/stride except explicit full-data chunk_size=0 and CPU scheduling. This author track preserves test-label RL rewards and PA-derived states and therefore is not an independent test or strict TAB result. Original paper-version, flat payload entity boundaries and exact table-row equivalence remain to audit. Reward/slow-learner ablations are separate remaining obligations."
maelnet_author__exp_3_e3d2__psm__seed1106,PSM,1106,EXP_3_e3d2,experiments/runs/fm_maelnet_author_v1/jobs/maelnet_author__exp_3_e3d2__psm__seed1106,pending,[],maelnet,author_pipeline,False,"Six complete published repository depth recipes on all five native local payloads and five seeds, unchanged script architecture/epochs/loss/stride except explicit full-data chunk_size=0 and CPU scheduling. This author track preserves test-label RL rewards and PA-derived states and therefore is not an independent test or strict TAB result. Original paper-version, flat payload entity boundaries and exact table-row equivalence remain to audit. Reward/slow-learner ablations are separate remaining obligations."
maelnet_author__exp_3_e3d2__psm__seed1107,PSM,1107,EXP_3_e3d2,experiments/runs/fm_maelnet_author_v1/jobs/maelnet_author__exp_3_e3d2__psm__seed1107,pending,[],maelnet,author_pipeline,False,"Six complete published repository depth recipes on all five native local payloads and five seeds, unchanged script architecture/epochs/loss/stride except explicit full-data chunk_size=0 and CPU scheduling. This author track preserves test-label RL rewards and PA-derived states and therefore is not an independent test or strict TAB result. Original paper-version, flat payload entity boundaries and exact table-row equivalence remain to audit. Reward/slow-learner ablations are separate remaining obligations."
maelnet_author__exp_4_e4d2__psm__seed1103,PSM,1103,EXP_4_e4d2,experiments/runs/fm_maelnet_author_v1/jobs/maelnet_author__exp_4_e4d2__psm__seed1103,pending,[],maelnet,author_pipeline,False,"Six complete published repository depth recipes on all five native local payloads and five seeds, unchanged script architecture/epochs/loss/stride except explicit full-data chunk_size=0 and CPU scheduling. This author track preserves test-label RL rewards and PA-derived states and therefore is not an independent test or strict TAB result. Original paper-version, flat payload entity boundaries and exact table-row equivalence remain to audit. Reward/slow-learner ablations are separate remaining obligations."
maelnet_author__exp_4_e4d2__psm__seed1104,PSM,1104,EXP_4_e4d2,experiments/runs/fm_maelnet_author_v1/jobs/maelnet_author__exp_4_e4d2__psm__seed1104,pending,[],maelnet,author_pipeline,False,"Six complete published repository depth recipes on all five native local payloads and five seeds, unchanged script architecture/epochs/loss/stride except explicit full-data chunk_size=0 and CPU scheduling. This author track preserves test-label RL rewards and PA-derived states and therefore is not an independent test or strict TAB result. Original paper-version, flat payload entity boundaries and exact table-row equivalence remain to audit. Reward/slow-learner ablations are separate remaining obligations."
maelnet_author__exp_4_e4d2__psm__seed1105,PSM,1105,EXP_4_e4d2,experiments/runs/fm_maelnet_author_v1/jobs/maelnet_author__exp_4_e4d2__psm__seed1105,pending,[],maelnet,author_pipeline,False,"Six complete published repository depth recipes on all five native local payloads and five seeds, unchanged script architecture/epochs/loss/stride except explicit full-data chunk_size=0 and CPU scheduling. This author track preserves test-label RL rewards and PA-derived states and therefore is not an independent test or strict TAB result. Original paper-version, flat payload entity boundaries and exact table-row equivalence remain to audit. Reward/slow-learner ablations are separate remaining obligations."
maelnet_author__exp_4_e4d2__psm__seed1106,PSM,1106,EXP_4_e4d2,experiments/runs/fm_maelnet_author_v1/jobs/maelnet_author__exp_4_e4d2__psm__seed1106,pending,[],maelnet,author_pipeline,False,"Six complete published repository depth recipes on all five native local payloads and five seeds, unchanged script architecture/epochs/loss/stride except explicit full-data chunk_size=0 and CPU scheduling. This author track preserves test-label RL rewards and PA-derived states and therefore is not an independent test or strict TAB result. Original paper-version, flat payload entity boundaries and exact table-row equivalence remain to audit. Reward/slow-learner ablations are separate remaining obligations."
maelnet_author__exp_4_e4d2__psm__seed1107,PSM,1107,EXP_4_e4d2,experiments/runs/fm_maelnet_author_v1/jobs/maelnet_author__exp_4_e4d2__psm__seed1107,pending,[],maelnet,author_pipeline,False,"Six complete published repository depth recipes on all five native local payloads and five seeds, unchanged script architecture/epochs/loss/stride except explicit full-data chunk_size=0 and CPU scheduling. This author track preserves test-label RL rewards and PA-derived states and therefore is not an independent test or strict TAB result. Original paper-version, flat payload entity boundaries and exact table-row equivalence remain to audit. Reward/slow-learner ablations are separate remaining obligations."
maelnet_author__exp_5_e3d3__psm__seed1103,PSM,1103,EXP_5_e3d3,experiments/runs/fm_maelnet_author_v1/jobs/maelnet_author__exp_5_e3d3__psm__seed1103,pending,[],maelnet,author_pipeline,False,"Six complete published repository depth recipes on all five native local payloads and five seeds, unchanged script architecture/epochs/loss/stride except explicit full-data chunk_size=0 and CPU scheduling. This author track preserves test-label RL rewards and PA-derived states and therefore is not an independent test or strict TAB result. Original paper-version, flat payload entity boundaries and exact table-row equivalence remain to audit. Reward/slow-learner ablations are separate remaining obligations."
maelnet_author__exp_5_e3d3__psm__seed1104,PSM,1104,EXP_5_e3d3,experiments/runs/fm_maelnet_author_v1/jobs/maelnet_author__exp_5_e3d3__psm__seed1104,pending,[],maelnet,author_pipeline,False,"Six complete published repository depth recipes on all five native local payloads and five seeds, unchanged script architecture/epochs/loss/stride except explicit full-data chunk_size=0 and CPU scheduling. This author track preserves test-label RL rewards and PA-derived states and therefore is not an independent test or strict TAB result. Original paper-version, flat payload entity boundaries and exact table-row equivalence remain to audit. Reward/slow-learner ablations are separate remaining obligations."
maelnet_author__exp_5_e3d3__psm__seed1105,PSM,1105,EXP_5_e3d3,experiments/runs/fm_maelnet_author_v1/jobs/maelnet_author__exp_5_e3d3__psm__seed1105,pending,[],maelnet,author_pipeline,False,"Six complete published repository depth recipes on all five native local payloads and five seeds, unchanged script architecture/epochs/loss/stride except explicit full-data chunk_size=0 and CPU scheduling. This author track preserves test-label RL rewards and PA-derived states and therefore is not an independent test or strict TAB result. Original paper-version, flat payload entity boundaries and exact table-row equivalence remain to audit. Reward/slow-learner ablations are separate remaining obligations."
maelnet_author__exp_5_e3d3__psm__seed1106,PSM,1106,EXP_5_e3d3,experiments/runs/fm_maelnet_author_v1/jobs/maelnet_author__exp_5_e3d3__psm__seed1106,pending,[],maelnet,author_pipeline,False,"Six complete published repository depth recipes on all five native local payloads and five seeds, unchanged script architecture/epochs/loss/stride except explicit full-data chunk_size=0 and CPU scheduling. This author track preserves test-label RL rewards and PA-derived states and therefore is not an independent test or strict TAB result. Original paper-version, flat payload entity boundaries and exact table-row equivalence remain to audit. Reward/slow-learner ablations are separate remaining obligations."
maelnet_author__exp_5_e3d3__psm__seed1107,PSM,1107,EXP_5_e3d3,experiments/runs/fm_maelnet_author_v1/jobs/maelnet_author__exp_5_e3d3__psm__seed1107,pending,[],maelnet,author_pipeline,False,"Six complete published repository depth recipes on all five native local payloads and five seeds, unchanged script architecture/epochs/loss/stride except explicit full-data chunk_size=0 and CPU scheduling. This author track preserves test-label RL rewards and PA-derived states and therefore is not an independent test or strict TAB result. Original paper-version, flat payload entity boundaries and exact table-row equivalence remain to audit. Reward/slow-learner ablations are separate remaining obligations."
maelnet_author__exp_6_e4d3__psm__seed1103,PSM,1103,EXP_6_e4d3,experiments/runs/fm_maelnet_author_v1/jobs/maelnet_author__exp_6_e4d3__psm__seed1103,pending,[],maelnet,author_pipeline,False,"Six complete published repository depth recipes on all five native local payloads and five seeds, unchanged script architecture/epochs/loss/stride except explicit full-data chunk_size=0 and CPU scheduling. This author track preserves test-label RL rewards and PA-derived states and therefore is not an independent test or strict TAB result. Original paper-version, flat payload entity boundaries and exact table-row equivalence remain to audit. Reward/slow-learner ablations are separate remaining obligations."
maelnet_author__exp_6_e4d3__psm__seed1104,PSM,1104,EXP_6_e4d3,experiments/runs/fm_maelnet_author_v1/jobs/maelnet_author__exp_6_e4d3__psm__seed1104,pending,[],maelnet,author_pipeline,False,"Six complete published repository depth recipes on all five native local payloads and five seeds, unchanged script architecture/epochs/loss/stride except explicit full-data chunk_size=0 and CPU scheduling. This author track preserves test-label RL rewards and PA-derived states and therefore is not an independent test or strict TAB result. Original paper-version, flat payload entity boundaries and exact table-row equivalence remain to audit. Reward/slow-learner ablations are separate remaining obligations."
maelnet_author__exp_6_e4d3__psm__seed1105,PSM,1105,EXP_6_e4d3,experiments/runs/fm_maelnet_author_v1/jobs/maelnet_author__exp_6_e4d3__psm__seed1105,pending,[],maelnet,author_pipeline,False,"Six complete published repository depth recipes on all five native local payloads and five seeds, unchanged script architecture/epochs/loss/stride except explicit full-data chunk_size=0 and CPU scheduling. This author track preserves test-label RL rewards and PA-derived states and therefore is not an independent test or strict TAB result. Original paper-version, flat payload entity boundaries and exact table-row equivalence remain to audit. Reward/slow-learner ablations are separate remaining obligations."
maelnet_author__exp_6_e4d3__psm__seed1106,PSM,1106,EXP_6_e4d3,experiments/runs/fm_maelnet_author_v1/jobs/maelnet_author__exp_6_e4d3__psm__seed1106,pending,[],maelnet,author_pipeline,False,"Six complete published repository depth recipes on all five native local payloads and five seeds, unchanged script architecture/epochs/loss/stride except explicit full-data chunk_size=0 and CPU scheduling. This author track preserves test-label RL rewards and PA-derived states and therefore is not an independent test or strict TAB result. Original paper-version, flat payload entity boundaries and exact table-row equivalence remain to audit. Reward/slow-learner ablations are separate remaining obligations."
maelnet_author__exp_6_e4d3__psm__seed1107,PSM,1107,EXP_6_e4d3,experiments/runs/fm_maelnet_author_v1/jobs/maelnet_author__exp_6_e4d3__psm__seed1107,pending,[],maelnet,author_pipeline,False,"Six complete published repository depth recipes on all five native local payloads and five seeds, unchanged script architecture/epochs/loss/stride except explicit full-data chunk_size=0 and CPU scheduling. This author track preserves test-label RL rewards and PA-derived states and therefore is not an independent test or strict TAB result. Original paper-version, flat payload entity boundaries and exact table-row equivalence remain to audit. Reward/slow-learner ablations are separate remaining obligations."
maelnet_author__exp_1_e3d1__smap__seed1103,SMAP,1103,EXP_1_e3d1,experiments/runs/fm_maelnet_author_v1/jobs/maelnet_author__exp_1_e3d1__smap__seed1103,pending,[],maelnet,author_pipeline,False,"Six complete published repository depth recipes on all five native local payloads and five seeds, unchanged script architecture/epochs/loss/stride except explicit full-data chunk_size=0 and CPU scheduling. This author track preserves test-label RL rewards and PA-derived states and therefore is not an independent test or strict TAB result. Original paper-version, flat payload entity boundaries and exact table-row equivalence remain to audit. Reward/slow-learner ablations are separate remaining obligations."
maelnet_author__exp_1_e3d1__smap__seed1104,SMAP,1104,EXP_1_e3d1,experiments/runs/fm_maelnet_author_v1/jobs/maelnet_author__exp_1_e3d1__smap__seed1104,pending,[],maelnet,author_pipeline,False,"Six complete published repository depth recipes on all five native local payloads and five seeds, unchanged script architecture/epochs/loss/stride except explicit full-data chunk_size=0 and CPU scheduling. This author track preserves test-label RL rewards and PA-derived states and therefore is not an independent test or strict TAB result. Original paper-version, flat payload entity boundaries and exact table-row equivalence remain to audit. Reward/slow-learner ablations are separate remaining obligations."
maelnet_author__exp_1_e3d1__smap__seed1105,SMAP,1105,EXP_1_e3d1,experiments/runs/fm_maelnet_author_v1/jobs/maelnet_author__exp_1_e3d1__smap__seed1105,pending,[],maelnet,author_pipeline,False,"Six complete published repository depth recipes on all five native local payloads and five seeds, unchanged script architecture/epochs/loss/stride except explicit full-data chunk_size=0 and CPU scheduling. This author track preserves test-label RL rewards and PA-derived states and therefore is not an independent test or strict TAB result. Original paper-version, flat payload entity boundaries and exact table-row equivalence remain to audit. Reward/slow-learner ablations are separate remaining obligations."
maelnet_author__exp_1_e3d1__smap__seed1106,SMAP,1106,EXP_1_e3d1,experiments/runs/fm_maelnet_author_v1/jobs/maelnet_author__exp_1_e3d1__smap__seed1106,pending,[],maelnet,author_pipeline,False,"Six complete published repository depth recipes on all five native local payloads and five seeds, unchanged script architecture/epochs/loss/stride except explicit full-data chunk_size=0 and CPU scheduling. This author track preserves test-label RL rewards and PA-derived states and therefore is not an independent test or strict TAB result. Original paper-version, flat payload entity boundaries and exact table-row equivalence remain to audit. Reward/slow-learner ablations are separate remaining obligations."
maelnet_author__exp_1_e3d1__smap__seed1107,SMAP,1107,EXP_1_e3d1,experiments/runs/fm_maelnet_author_v1/jobs/maelnet_author__exp_1_e3d1__smap__seed1107,pending,[],maelnet,author_pipeline,False,"Six complete published repository depth recipes on all five native local payloads and five seeds, unchanged script architecture/epochs/loss/stride except explicit full-data chunk_size=0 and CPU scheduling. This author track preserves test-label RL rewards and PA-derived states and therefore is not an independent test or strict TAB result. Original paper-version, flat payload entity boundaries and exact table-row equivalence remain to audit. Reward/slow-learner ablations are separate remaining obligations."
maelnet_author__exp_2_e4d1__smap__seed1103,SMAP,1103,EXP_2_e4d1,experiments/runs/fm_maelnet_author_v1/jobs/maelnet_author__exp_2_e4d1__smap__seed1103,pending,[],maelnet,author_pipeline,False,"Six complete published repository depth recipes on all five native local payloads and five seeds, unchanged script architecture/epochs/loss/stride except explicit full-data chunk_size=0 and CPU scheduling. This author track preserves test-label RL rewards and PA-derived states and therefore is not an independent test or strict TAB result. Original paper-version, flat payload entity boundaries and exact table-row equivalence remain to audit. Reward/slow-learner ablations are separate remaining obligations."
maelnet_author__exp_2_e4d1__smap__seed1104,SMAP,1104,EXP_2_e4d1,experiments/runs/fm_maelnet_author_v1/jobs/maelnet_author__exp_2_e4d1__smap__seed1104,pending,[],maelnet,author_pipeline,False,"Six complete published repository depth recipes on all five native local payloads and five seeds, unchanged script architecture/epochs/loss/stride except explicit full-data chunk_size=0 and CPU scheduling. This author track preserves test-label RL rewards and PA-derived states and therefore is not an independent test or strict TAB result. Original paper-version, flat payload entity boundaries and exact table-row equivalence remain to audit. Reward/slow-learner ablations are separate remaining obligations."
maelnet_author__exp_2_e4d1__smap__seed1105,SMAP,1105,EXP_2_e4d1,experiments/runs/fm_maelnet_author_v1/jobs/maelnet_author__exp_2_e4d1__smap__seed1105,pending,[],maelnet,author_pipeline,False,"Six complete published repository depth recipes on all five native local payloads and five seeds, unchanged script architecture/epochs/loss/stride except explicit full-data chunk_size=0 and CPU scheduling. This author track preserves test-label RL rewards and PA-derived states and therefore is not an independent test or strict TAB result. Original paper-version, flat payload entity boundaries and exact table-row equivalence remain to audit. Reward/slow-learner ablations are separate remaining obligations."
maelnet_author__exp_2_e4d1__smap__seed1106,SMAP,1106,EXP_2_e4d1,experiments/runs/fm_maelnet_author_v1/jobs/maelnet_author__exp_2_e4d1__smap__seed1106,pending,[],maelnet,author_pipeline,False,"Six complete published repository depth recipes on all five native local payloads and five seeds, unchanged script architecture/epochs/loss/stride except explicit full-data chunk_size=0 and CPU scheduling. This author track preserves test-label RL rewards and PA-derived states and therefore is not an independent test or strict TAB result. Original paper-version, flat payload entity boundaries and exact table-row equivalence remain to audit. Reward/slow-learner ablations are separate remaining obligations."
maelnet_author__exp_2_e4d1__smap__seed1107,SMAP,1107,EXP_2_e4d1,experiments/runs/fm_maelnet_author_v1/jobs/maelnet_author__exp_2_e4d1__smap__seed1107,pending,[],maelnet,author_pipeline,False,"Six complete published repository depth recipes on all five native local payloads and five seeds, unchanged script architecture/epochs/loss/stride except explicit full-data chunk_size=0 and CPU scheduling. This author track preserves test-label RL rewards and PA-derived states and therefore is not an independent test or strict TAB result. Original paper-version, flat payload entity boundaries and exact table-row equivalence remain to audit. Reward/slow-learner ablations are separate remaining obligations."
maelnet_author__exp_3_e3d2__smap__seed1103,SMAP,1103,EXP_3_e3d2,experiments/runs/fm_maelnet_author_v1/jobs/maelnet_author__exp_3_e3d2__smap__seed1103,pending,[],maelnet,author_pipeline,False,"Six complete published repository depth recipes on all five native local payloads and five seeds, unchanged script architecture/epochs/loss/stride except explicit full-data chunk_size=0 and CPU scheduling. This author track preserves test-label RL rewards and PA-derived states and therefore is not an independent test or strict TAB result. Original paper-version, flat payload entity boundaries and exact table-row equivalence remain to audit. Reward/slow-learner ablations are separate remaining obligations."
maelnet_author__exp_3_e3d2__smap__seed1104,SMAP,1104,EXP_3_e3d2,experiments/runs/fm_maelnet_author_v1/jobs/maelnet_author__exp_3_e3d2__smap__seed1104,pending,[],maelnet,author_pipeline,False,"Six complete published repository depth recipes on all five native local payloads and five seeds, unchanged script architecture/epochs/loss/stride except explicit full-data chunk_size=0 and CPU scheduling. This author track preserves test-label RL rewards and PA-derived states and therefore is not an independent test or strict TAB result. Original paper-version, flat payload entity boundaries and exact table-row equivalence remain to audit. Reward/slow-learner ablations are separate remaining obligations."
maelnet_author__exp_3_e3d2__smap__seed1105,SMAP,1105,EXP_3_e3d2,experiments/runs/fm_maelnet_author_v1/jobs/maelnet_author__exp_3_e3d2__smap__seed1105,pending,[],maelnet,author_pipeline,False,"Six complete published repository depth recipes on all five native local payloads and five seeds, unchanged script architecture/epochs/loss/stride except explicit full-data chunk_size=0 and CPU scheduling. This author track preserves test-label RL rewards and PA-derived states and therefore is not an independent test or strict TAB result. Original paper-version, flat payload entity boundaries and exact table-row equivalence remain to audit. Reward/slow-learner ablations are separate remaining obligations."
maelnet_author__exp_3_e3d2__smap__seed1106,SMAP,1106,EXP_3_e3d2,experiments/runs/fm_maelnet_author_v1/jobs/maelnet_author__exp_3_e3d2__smap__seed1106,pending,[],maelnet,author_pipeline,False,"Six complete published repository depth recipes on all five native local payloads and five seeds, unchanged script architecture/epochs/loss/stride except explicit full-data chunk_size=0 and CPU scheduling. This author track preserves test-label RL rewards and PA-derived states and therefore is not an independent test or strict TAB result. Original paper-version, flat payload entity boundaries and exact table-row equivalence remain to audit. Reward/slow-learner ablations are separate remaining obligations."
maelnet_author__exp_3_e3d2__smap__seed1107,SMAP,1107,EXP_3_e3d2,experiments/runs/fm_maelnet_author_v1/jobs/maelnet_author__exp_3_e3d2__smap__seed1107,pending,[],maelnet,author_pipeline,False,"Six complete published repository depth recipes on all five native local payloads and five seeds, unchanged script architecture/epochs/loss/stride except explicit full-data chunk_size=0 and CPU scheduling. This author track preserves test-label RL rewards and PA-derived states and therefore is not an independent test or strict TAB result. Original paper-version, flat payload entity boundaries and exact table-row equivalence remain to audit. Reward/slow-learner ablations are separate remaining obligations."
maelnet_author__exp_4_e4d2__smap__seed1103,SMAP,1103,EXP_4_e4d2,experiments/runs/fm_maelnet_author_v1/jobs/maelnet_author__exp_4_e4d2__smap__seed1103,pending,[],maelnet,author_pipeline,False,"Six complete published repository depth recipes on all five native local payloads and five seeds, unchanged script architecture/epochs/loss/stride except explicit full-data chunk_size=0 and CPU scheduling. This author track preserves test-label RL rewards and PA-derived states and therefore is not an independent test or strict TAB result. Original paper-version, flat payload entity boundaries and exact table-row equivalence remain to audit. Reward/slow-learner ablations are separate remaining obligations."
maelnet_author__exp_4_e4d2__smap__seed1104,SMAP,1104,EXP_4_e4d2,experiments/runs/fm_maelnet_author_v1/jobs/maelnet_author__exp_4_e4d2__smap__seed1104,pending,[],maelnet,author_pipeline,False,"Six complete published repository depth recipes on all five native local payloads and five seeds, unchanged script architecture/epochs/loss/stride except explicit full-data chunk_size=0 and CPU scheduling. This author track preserves test-label RL rewards and PA-derived states and therefore is not an independent test or strict TAB result. Original paper-version, flat payload entity boundaries and exact table-row equivalence remain to audit. Reward/slow-learner ablations are separate remaining obligations."
maelnet_author__exp_4_e4d2__smap__seed1105,SMAP,1105,EXP_4_e4d2,experiments/runs/fm_maelnet_author_v1/jobs/maelnet_author__exp_4_e4d2__smap__seed1105,pending,[],maelnet,author_pipeline,False,"Six complete published repository depth recipes on all five native local payloads and five seeds, unchanged script architecture/epochs/loss/stride except explicit full-data chunk_size=0 and CPU scheduling. This author track preserves test-label RL rewards and PA-derived states and therefore is not an independent test or strict TAB result. Original paper-version, flat payload entity boundaries and exact table-row equivalence remain to audit. Reward/slow-learner ablations are separate remaining obligations."
maelnet_author__exp_4_e4d2__smap__seed1106,SMAP,1106,EXP_4_e4d2,experiments/runs/fm_maelnet_author_v1/jobs/maelnet_author__exp_4_e4d2__smap__seed1106,pending,[],maelnet,author_pipeline,False,"Six complete published repository depth recipes on all five native local payloads and five seeds, unchanged script architecture/epochs/loss/stride except explicit full-data chunk_size=0 and CPU scheduling. This author track preserves test-label RL rewards and PA-derived states and therefore is not an independent test or strict TAB result. Original paper-version, flat payload entity boundaries and exact table-row equivalence remain to audit. Reward/slow-learner ablations are separate remaining obligations."
maelnet_author__exp_4_e4d2__smap__seed1107,SMAP,1107,EXP_4_e4d2,experiments/runs/fm_maelnet_author_v1/jobs/maelnet_author__exp_4_e4d2__smap__seed1107,pending,[],maelnet,author_pipeline,False,"Six complete published repository depth recipes on all five native local payloads and five seeds, unchanged script architecture/epochs/loss/stride except explicit full-data chunk_size=0 and CPU scheduling. This author track preserves test-label RL rewards and PA-derived states and therefore is not an independent test or strict TAB result. Original paper-version, flat payload entity boundaries and exact table-row equivalence remain to audit. Reward/slow-learner ablations are separate remaining obligations."
maelnet_author__exp_5_e3d3__smap__seed1103,SMAP,1103,EXP_5_e3d3,experiments/runs/fm_maelnet_author_v1/jobs/maelnet_author__exp_5_e3d3__smap__seed1103,pending,[],maelnet,author_pipeline,False,"Six complete published repository depth recipes on all five native local payloads and five seeds, unchanged script architecture/epochs/loss/stride except explicit full-data chunk_size=0 and CPU scheduling. This author track preserves test-label RL rewards and PA-derived states and therefore is not an independent test or strict TAB result. Original paper-version, flat payload entity boundaries and exact table-row equivalence remain to audit. Reward/slow-learner ablations are separate remaining obligations."
maelnet_author__exp_5_e3d3__smap__seed1104,SMAP,1104,EXP_5_e3d3,experiments/runs/fm_maelnet_author_v1/jobs/maelnet_author__exp_5_e3d3__smap__seed1104,pending,[],maelnet,author_pipeline,False,"Six complete published repository depth recipes on all five native local payloads and five seeds, unchanged script architecture/epochs/loss/stride except explicit full-data chunk_size=0 and CPU scheduling. This author track preserves test-label RL rewards and PA-derived states and therefore is not an independent test or strict TAB result. Original paper-version, flat payload entity boundaries and exact table-row equivalence remain to audit. Reward/slow-learner ablations are separate remaining obligations."
maelnet_author__exp_5_e3d3__smap__seed1105,SMAP,1105,EXP_5_e3d3,experiments/runs/fm_maelnet_author_v1/jobs/maelnet_author__exp_5_e3d3__smap__seed1105,pending,[],maelnet,author_pipeline,False,"Six complete published repository depth recipes on all five native local payloads and five seeds, unchanged script architecture/epochs/loss/stride except explicit full-data chunk_size=0 and CPU scheduling. This author track preserves test-label RL rewards and PA-derived states and therefore is not an independent test or strict TAB result. Original paper-version, flat payload entity boundaries and exact table-row equivalence remain to audit. Reward/slow-learner ablations are separate remaining obligations."
maelnet_author__exp_5_e3d3__smap__seed1106,SMAP,1106,EXP_5_e3d3,experiments/runs/fm_maelnet_author_v1/jobs/maelnet_author__exp_5_e3d3__smap__seed1106,pending,[],maelnet,author_pipeline,False,"Six complete published repository depth recipes on all five native local payloads and five seeds, unchanged script architecture/epochs/loss/stride except explicit full-data chunk_size=0 and CPU scheduling. This author track preserves test-label RL rewards and PA-derived states and therefore is not an independent test or strict TAB result. Original paper-version, flat payload entity boundaries and exact table-row equivalence remain to audit. Reward/slow-learner ablations are separate remaining obligations."
maelnet_author__exp_5_e3d3__smap__seed1107,SMAP,1107,EXP_5_e3d3,experiments/runs/fm_maelnet_author_v1/jobs/maelnet_author__exp_5_e3d3__smap__seed1107,pending,[],maelnet,author_pipeline,False,"Six complete published repository depth recipes on all five native local payloads and five seeds, unchanged script architecture/epochs/loss/stride except explicit full-data chunk_size=0 and CPU scheduling. This author track preserves test-label RL rewards and PA-derived states and therefore is not an independent test or strict TAB result. Original paper-version, flat payload entity boundaries and exact table-row equivalence remain to audit. Reward/slow-learner ablations are separate remaining obligations."
maelnet_author__exp_6_e4d3__smap__seed1103,SMAP,1103,EXP_6_e4d3,experiments/runs/fm_maelnet_author_v1/jobs/maelnet_author__exp_6_e4d3__smap__seed1103,pending,[],maelnet,author_pipeline,False,"Six complete published repository depth recipes on all five native local payloads and five seeds, unchanged script architecture/epochs/loss/stride except explicit full-data chunk_size=0 and CPU scheduling. This author track preserves test-label RL rewards and PA-derived states and therefore is not an independent test or strict TAB result. Original paper-version, flat payload entity boundaries and exact table-row equivalence remain to audit. Reward/slow-learner ablations are separate remaining obligations."
maelnet_author__exp_6_e4d3__smap__seed1104,SMAP,1104,EXP_6_e4d3,experiments/runs/fm_maelnet_author_v1/jobs/maelnet_author__exp_6_e4d3__smap__seed1104,pending,[],maelnet,author_pipeline,False,"Six complete published repository depth recipes on all five native local payloads and five seeds, unchanged script architecture/epochs/loss/stride except explicit full-data chunk_size=0 and CPU scheduling. This author track preserves test-label RL rewards and PA-derived states and therefore is not an independent test or strict TAB result. Original paper-version, flat payload entity boundaries and exact table-row equivalence remain to audit. Reward/slow-learner ablations are separate remaining obligations."
maelnet_author__exp_6_e4d3__smap__seed1105,SMAP,1105,EXP_6_e4d3,experiments/runs/fm_maelnet_author_v1/jobs/maelnet_author__exp_6_e4d3__smap__seed1105,pending,[],maelnet,author_pipeline,False,"Six complete published repository depth recipes on all five native local payloads and five seeds, unchanged script architecture/epochs/loss/stride except explicit full-data chunk_size=0 and CPU scheduling. This author track preserves test-label RL rewards and PA-derived states and therefore is not an independent test or strict TAB result. Original paper-version, flat payload entity boundaries and exact table-row equivalence remain to audit. Reward/slow-learner ablations are separate remaining obligations."
maelnet_author__exp_6_e4d3__smap__seed1106,SMAP,1106,EXP_6_e4d3,experiments/runs/fm_maelnet_author_v1/jobs/maelnet_author__exp_6_e4d3__smap__seed1106,pending,[],maelnet,author_pipeline,False,"Six complete published repository depth recipes on all five native local payloads and five seeds, unchanged script architecture/epochs/loss/stride except explicit full-data chunk_size=0 and CPU scheduling. This author track preserves test-label RL rewards and PA-derived states and therefore is not an independent test or strict TAB result. Original paper-version, flat payload entity boundaries and exact table-row equivalence remain to audit. Reward/slow-learner ablations are separate remaining obligations."
maelnet_author__exp_6_e4d3__smap__seed1107,SMAP,1107,EXP_6_e4d3,experiments/runs/fm_maelnet_author_v1/jobs/maelnet_author__exp_6_e4d3__smap__seed1107,pending,[],maelnet,author_pipeline,False,"Six complete published repository depth recipes on all five native local payloads and five seeds, unchanged script architecture/epochs/loss/stride except explicit full-data chunk_size=0 and CPU scheduling. This author track preserves test-label RL rewards and PA-derived states and therefore is not an independent test or strict TAB result. Original paper-version, flat payload entity boundaries and exact table-row equivalence remain to audit. Reward/slow-learner ablations are separate remaining obligations."
maelnet_author__exp_1_e3d1__msl__seed1103,MSL,1103,EXP_1_e3d1,experiments/runs/fm_maelnet_author_v1/jobs/maelnet_author__exp_1_e3d1__msl__seed1103,pending,[],maelnet,author_pipeline,False,"Six complete published repository depth recipes on all five native local payloads and five seeds, unchanged script architecture/epochs/loss/stride except explicit full-data chunk_size=0 and CPU scheduling. This author track preserves test-label RL rewards and PA-derived states and therefore is not an independent test or strict TAB result. Original paper-version, flat payload entity boundaries and exact table-row equivalence remain to audit. Reward/slow-learner ablations are separate remaining obligations."
maelnet_author__exp_1_e3d1__msl__seed1104,MSL,1104,EXP_1_e3d1,experiments/runs/fm_maelnet_author_v1/jobs/maelnet_author__exp_1_e3d1__msl__seed1104,pending,[],maelnet,author_pipeline,False,"Six complete published repository depth recipes on all five native local payloads and five seeds, unchanged script architecture/epochs/loss/stride except explicit full-data chunk_size=0 and CPU scheduling. This author track preserves test-label RL rewards and PA-derived states and therefore is not an independent test or strict TAB result. Original paper-version, flat payload entity boundaries and exact table-row equivalence remain to audit. Reward/slow-learner ablations are separate remaining obligations."
maelnet_author__exp_1_e3d1__msl__seed1105,MSL,1105,EXP_1_e3d1,experiments/runs/fm_maelnet_author_v1/jobs/maelnet_author__exp_1_e3d1__msl__seed1105,pending,[],maelnet,author_pipeline,False,"Six complete published repository depth recipes on all five native local payloads and five seeds, unchanged script architecture/epochs/loss/stride except explicit full-data chunk_size=0 and CPU scheduling. This author track preserves test-label RL rewards and PA-derived states and therefore is not an independent test or strict TAB result. Original paper-version, flat payload entity boundaries and exact table-row equivalence remain to audit. Reward/slow-learner ablations are separate remaining obligations."
maelnet_author__exp_1_e3d1__msl__seed1106,MSL,1106,EXP_1_e3d1,experiments/runs/fm_maelnet_author_v1/jobs/maelnet_author__exp_1_e3d1__msl__seed1106,pending,[],maelnet,author_pipeline,False,"Six complete published repository depth recipes on all five native local payloads and five seeds, unchanged script architecture/epochs/loss/stride except explicit full-data chunk_size=0 and CPU scheduling. This author track preserves test-label RL rewards and PA-derived states and therefore is not an independent test or strict TAB result. Original paper-version, flat payload entity boundaries and exact table-row equivalence remain to audit. Reward/slow-learner ablations are separate remaining obligations."
maelnet_author__exp_1_e3d1__msl__seed1107,MSL,1107,EXP_1_e3d1,experiments/runs/fm_maelnet_author_v1/jobs/maelnet_author__exp_1_e3d1__msl__seed1107,pending,[],maelnet,author_pipeline,False,"Six complete published repository depth recipes on all five native local payloads and five seeds, unchanged script architecture/epochs/loss/stride except explicit full-data chunk_size=0 and CPU scheduling. This author track preserves test-label RL rewards and PA-derived states and therefore is not an independent test or strict TAB result. Original paper-version, flat payload entity boundaries and exact table-row equivalence remain to audit. Reward/slow-learner ablations are separate remaining obligations."
maelnet_author__exp_2_e4d1__msl__seed1103,MSL,1103,EXP_2_e4d1,experiments/runs/fm_maelnet_author_v1/jobs/maelnet_author__exp_2_e4d1__msl__seed1103,pending,[],maelnet,author_pipeline,False,"Six complete published repository depth recipes on all five native local payloads and five seeds, unchanged script architecture/epochs/loss/stride except explicit full-data chunk_size=0 and CPU scheduling. This author track preserves test-label RL rewards and PA-derived states and therefore is not an independent test or strict TAB result. Original paper-version, flat payload entity boundaries and exact table-row equivalence remain to audit. Reward/slow-learner ablations are separate remaining obligations."
maelnet_author__exp_2_e4d1__msl__seed1104,MSL,1104,EXP_2_e4d1,experiments/runs/fm_maelnet_author_v1/jobs/maelnet_author__exp_2_e4d1__msl__seed1104,pending,[],maelnet,author_pipeline,False,"Six complete published repository depth recipes on all five native local payloads and five seeds, unchanged script architecture/epochs/loss/stride except explicit full-data chunk_size=0 and CPU scheduling. This author track preserves test-label RL rewards and PA-derived states and therefore is not an independent test or strict TAB result. Original paper-version, flat payload entity boundaries and exact table-row equivalence remain to audit. Reward/slow-learner ablations are separate remaining obligations."
maelnet_author__exp_2_e4d1__msl__seed1105,MSL,1105,EXP_2_e4d1,experiments/runs/fm_maelnet_author_v1/jobs/maelnet_author__exp_2_e4d1__msl__seed1105,pending,[],maelnet,author_pipeline,False,"Six complete published repository depth recipes on all five native local payloads and five seeds, unchanged script architecture/epochs/loss/stride except explicit full-data chunk_size=0 and CPU scheduling. This author track preserves test-label RL rewards and PA-derived states and therefore is not an independent test or strict TAB result. Original paper-version, flat payload entity boundaries and exact table-row equivalence remain to audit. Reward/slow-learner ablations are separate remaining obligations."
maelnet_author__exp_2_e4d1__msl__seed1106,MSL,1106,EXP_2_e4d1,experiments/runs/fm_maelnet_author_v1/jobs/maelnet_author__exp_2_e4d1__msl__seed1106,pending,[],maelnet,author_pipeline,False,"Six complete published repository depth recipes on all five native local payloads and five seeds, unchanged script architecture/epochs/loss/stride except explicit full-data chunk_size=0 and CPU scheduling. This author track preserves test-label RL rewards and PA-derived states and therefore is not an independent test or strict TAB result. Original paper-version, flat payload entity boundaries and exact table-row equivalence remain to audit. Reward/slow-learner ablations are separate remaining obligations."
maelnet_author__exp_2_e4d1__msl__seed1107,MSL,1107,EXP_2_e4d1,experiments/runs/fm_maelnet_author_v1/jobs/maelnet_author__exp_2_e4d1__msl__seed1107,pending,[],maelnet,author_pipeline,False,"Six complete published repository depth recipes on all five native local payloads and five seeds, unchanged script architecture/epochs/loss/stride except explicit full-data chunk_size=0 and CPU scheduling. This author track preserves test-label RL rewards and PA-derived states and therefore is not an independent test or strict TAB result. Original paper-version, flat payload entity boundaries and exact table-row equivalence remain to audit. Reward/slow-learner ablations are separate remaining obligations."
maelnet_author__exp_3_e3d2__msl__seed1103,MSL,1103,EXP_3_e3d2,experiments/runs/fm_maelnet_author_v1/jobs/maelnet_author__exp_3_e3d2__msl__seed1103,pending,[],maelnet,author_pipeline,False,"Six complete published repository depth recipes on all five native local payloads and five seeds, unchanged script architecture/epochs/loss/stride except explicit full-data chunk_size=0 and CPU scheduling. This author track preserves test-label RL rewards and PA-derived states and therefore is not an independent test or strict TAB result. Original paper-version, flat payload entity boundaries and exact table-row equivalence remain to audit. Reward/slow-learner ablations are separate remaining obligations."
maelnet_author__exp_3_e3d2__msl__seed1104,MSL,1104,EXP_3_e3d2,experiments/runs/fm_maelnet_author_v1/jobs/maelnet_author__exp_3_e3d2__msl__seed1104,pending,[],maelnet,author_pipeline,False,"Six complete published repository depth recipes on all five native local payloads and five seeds, unchanged script architecture/epochs/loss/stride except explicit full-data chunk_size=0 and CPU scheduling. This author track preserves test-label RL rewards and PA-derived states and therefore is not an independent test or strict TAB result. Original paper-version, flat payload entity boundaries and exact table-row equivalence remain to audit. Reward/slow-learner ablations are separate remaining obligations."
maelnet_author__exp_3_e3d2__msl__seed1105,MSL,1105,EXP_3_e3d2,experiments/runs/fm_maelnet_author_v1/jobs/maelnet_author__exp_3_e3d2__msl__seed1105,pending,[],maelnet,author_pipeline,False,"Six complete published repository depth recipes on all five native local payloads and five seeds, unchanged script architecture/epochs/loss/stride except explicit full-data chunk_size=0 and CPU scheduling. This author track preserves test-label RL rewards and PA-derived states and therefore is not an independent test or strict TAB result. Original paper-version, flat payload entity boundaries and exact table-row equivalence remain to audit. Reward/slow-learner ablations are separate remaining obligations."
maelnet_author__exp_3_e3d2__msl__seed1106,MSL,1106,EXP_3_e3d2,experiments/runs/fm_maelnet_author_v1/jobs/maelnet_author__exp_3_e3d2__msl__seed1106,pending,[],maelnet,author_pipeline,False,"Six complete published repository depth recipes on all five native local payloads and five seeds, unchanged script architecture/epochs/loss/stride except explicit full-data chunk_size=0 and CPU scheduling. This author track preserves test-label RL rewards and PA-derived states and therefore is not an independent test or strict TAB result. Original paper-version, flat payload entity boundaries and exact table-row equivalence remain to audit. Reward/slow-learner ablations are separate remaining obligations."
maelnet_author__exp_3_e3d2__msl__seed1107,MSL,1107,EXP_3_e3d2,experiments/runs/fm_maelnet_author_v1/jobs/maelnet_author__exp_3_e3d2__msl__seed1107,pending,[],maelnet,author_pipeline,False,"Six complete published repository depth recipes on all five native local payloads and five seeds, unchanged script architecture/epochs/loss/stride except explicit full-data chunk_size=0 and CPU scheduling. This author track preserves test-label RL rewards and PA-derived states and therefore is not an independent test or strict TAB result. Original paper-version, flat payload entity boundaries and exact table-row equivalence remain to audit. Reward/slow-learner ablations are separate remaining obligations."
maelnet_author__exp_4_e4d2__msl__seed1103,MSL,1103,EXP_4_e4d2,experiments/runs/fm_maelnet_author_v1/jobs/maelnet_author__exp_4_e4d2__msl__seed1103,pending,[],maelnet,author_pipeline,False,"Six complete published repository depth recipes on all five native local payloads and five seeds, unchanged script architecture/epochs/loss/stride except explicit full-data chunk_size=0 and CPU scheduling. This author track preserves test-label RL rewards and PA-derived states and therefore is not an independent test or strict TAB result. Original paper-version, flat payload entity boundaries and exact table-row equivalence remain to audit. Reward/slow-learner ablations are separate remaining obligations."
maelnet_author__exp_4_e4d2__msl__seed1104,MSL,1104,EXP_4_e4d2,experiments/runs/fm_maelnet_author_v1/jobs/maelnet_author__exp_4_e4d2__msl__seed1104,pending,[],maelnet,author_pipeline,False,"Six complete published repository depth recipes on all five native local payloads and five seeds, unchanged script architecture/epochs/loss/stride except explicit full-data chunk_size=0 and CPU scheduling. This author track preserves test-label RL rewards and PA-derived states and therefore is not an independent test or strict TAB result. Original paper-version, flat payload entity boundaries and exact table-row equivalence remain to audit. Reward/slow-learner ablations are separate remaining obligations."
maelnet_author__exp_4_e4d2__msl__seed1105,MSL,1105,EXP_4_e4d2,experiments/runs/fm_maelnet_author_v1/jobs/maelnet_author__exp_4_e4d2__msl__seed1105,pending,[],maelnet,author_pipeline,False,"Six complete published repository depth recipes on all five native local payloads and five seeds, unchanged script architecture/epochs/loss/stride except explicit full-data chunk_size=0 and CPU scheduling. This author track preserves test-label RL rewards and PA-derived states and therefore is not an independent test or strict TAB result. Original paper-version, flat payload entity boundaries and exact table-row equivalence remain to audit. Reward/slow-learner ablations are separate remaining obligations."
maelnet_author__exp_4_e4d2__msl__seed1106,MSL,1106,EXP_4_e4d2,experiments/runs/fm_maelnet_author_v1/jobs/maelnet_author__exp_4_e4d2__msl__seed1106,pending,[],maelnet,author_pipeline,False,"Six complete published repository depth recipes on all five native local payloads and five seeds, unchanged script architecture/epochs/loss/stride except explicit full-data chunk_size=0 and CPU scheduling. This author track preserves test-label RL rewards and PA-derived states and therefore is not an independent test or strict TAB result. Original paper-version, flat payload entity boundaries and exact table-row equivalence remain to audit. Reward/slow-learner ablations are separate remaining obligations."
maelnet_author__exp_4_e4d2__msl__seed1107,MSL,1107,EXP_4_e4d2,experiments/runs/fm_maelnet_author_v1/jobs/maelnet_author__exp_4_e4d2__msl__seed1107,pending,[],maelnet,author_pipeline,False,"Six complete published repository depth recipes on all five native local payloads and five seeds, unchanged script architecture/epochs/loss/stride except explicit full-data chunk_size=0 and CPU scheduling. This author track preserves test-label RL rewards and PA-derived states and therefore is not an independent test or strict TAB result. Original paper-version, flat payload entity boundaries and exact table-row equivalence remain to audit. Reward/slow-learner ablations are separate remaining obligations."
maelnet_author__exp_5_e3d3__msl__seed1103,MSL,1103,EXP_5_e3d3,experiments/runs/fm_maelnet_author_v1/jobs/maelnet_author__exp_5_e3d3__msl__seed1103,pending,[],maelnet,author_pipeline,False,"Six complete published repository depth recipes on all five native local payloads and five seeds, unchanged script architecture/epochs/loss/stride except explicit full-data chunk_size=0 and CPU scheduling. This author track preserves test-label RL rewards and PA-derived states and therefore is not an independent test or strict TAB result. Original paper-version, flat payload entity boundaries and exact table-row equivalence remain to audit. Reward/slow-learner ablations are separate remaining obligations."
maelnet_author__exp_5_e3d3__msl__seed1104,MSL,1104,EXP_5_e3d3,experiments/runs/fm_maelnet_author_v1/jobs/maelnet_author__exp_5_e3d3__msl__seed1104,pending,[],maelnet,author_pipeline,False,"Six complete published repository depth recipes on all five native local payloads and five seeds, unchanged script architecture/epochs/loss/stride except explicit full-data chunk_size=0 and CPU scheduling. This author track preserves test-label RL rewards and PA-derived states and therefore is not an independent test or strict TAB result. Original paper-version, flat payload entity boundaries and exact table-row equivalence remain to audit. Reward/slow-learner ablations are separate remaining obligations."
maelnet_author__exp_5_e3d3__msl__seed1105,MSL,1105,EXP_5_e3d3,experiments/runs/fm_maelnet_author_v1/jobs/maelnet_author__exp_5_e3d3__msl__seed1105,pending,[],maelnet,author_pipeline,False,"Six complete published repository depth recipes on all five native local payloads and five seeds, unchanged script architecture/epochs/loss/stride except explicit full-data chunk_size=0 and CPU scheduling. This author track preserves test-label RL rewards and PA-derived states and therefore is not an independent test or strict TAB result. Original paper-version, flat payload entity boundaries and exact table-row equivalence remain to audit. Reward/slow-learner ablations are separate remaining obligations."
maelnet_author__exp_5_e3d3__msl__seed1106,MSL,1106,EXP_5_e3d3,experiments/runs/fm_maelnet_author_v1/jobs/maelnet_author__exp_5_e3d3__msl__seed1106,pending,[],maelnet,author_pipeline,False,"Six complete published repository depth recipes on all five native local payloads and five seeds, unchanged script architecture/epochs/loss/stride except explicit full-data chunk_size=0 and CPU scheduling. This author track preserves test-label RL rewards and PA-derived states and therefore is not an independent test or strict TAB result. Original paper-version, flat payload entity boundaries and exact table-row equivalence remain to audit. Reward/slow-learner ablations are separate remaining obligations."
maelnet_author__exp_5_e3d3__msl__seed1107,MSL,1107,EXP_5_e3d3,experiments/runs/fm_maelnet_author_v1/jobs/maelnet_author__exp_5_e3d3__msl__seed1107,pending,[],maelnet,author_pipeline,False,"Six complete published repository depth recipes on all five native local payloads and five seeds, unchanged script architecture/epochs/loss/stride except explicit full-data chunk_size=0 and CPU scheduling. This author track preserves test-label RL rewards and PA-derived states and therefore is not an independent test or strict TAB result. Original paper-version, flat payload entity boundaries and exact table-row equivalence remain to audit. Reward/slow-learner ablations are separate remaining obligations."
maelnet_author__exp_6_e4d3__msl__seed1103,MSL,1103,EXP_6_e4d3,experiments/runs/fm_maelnet_author_v1/jobs/maelnet_author__exp_6_e4d3__msl__seed1103,pending,[],maelnet,author_pipeline,False,"Six complete published repository depth recipes on all five native local payloads and five seeds, unchanged script architecture/epochs/loss/stride except explicit full-data chunk_size=0 and CPU scheduling. This author track preserves test-label RL rewards and PA-derived states and therefore is not an independent test or strict TAB result. Original paper-version, flat payload entity boundaries and exact table-row equivalence remain to audit. Reward/slow-learner ablations are separate remaining obligations."
maelnet_author__exp_6_e4d3__msl__seed1104,MSL,1104,EXP_6_e4d3,experiments/runs/fm_maelnet_author_v1/jobs/maelnet_author__exp_6_e4d3__msl__seed1104,pending,[],maelnet,author_pipeline,False,"Six complete published repository depth recipes on all five native local payloads and five seeds, unchanged script architecture/epochs/loss/stride except explicit full-data chunk_size=0 and CPU scheduling. This author track preserves test-label RL rewards and PA-derived states and therefore is not an independent test or strict TAB result. Original paper-version, flat payload entity boundaries and exact table-row equivalence remain to audit. Reward/slow-learner ablations are separate remaining obligations."
maelnet_author__exp_6_e4d3__msl__seed1105,MSL,1105,EXP_6_e4d3,experiments/runs/fm_maelnet_author_v1/jobs/maelnet_author__exp_6_e4d3__msl__seed1105,pending,[],maelnet,author_pipeline,False,"Six complete published repository depth recipes on all five native local payloads and five seeds, unchanged script architecture/epochs/loss/stride except explicit full-data chunk_size=0 and CPU scheduling. This author track preserves test-label RL rewards and PA-derived states and therefore is not an independent test or strict TAB result. Original paper-version, flat payload entity boundaries and exact table-row equivalence remain to audit. Reward/slow-learner ablations are separate remaining obligations."
maelnet_author__exp_6_e4d3__msl__seed1106,MSL,1106,EXP_6_e4d3,experiments/runs/fm_maelnet_author_v1/jobs/maelnet_author__exp_6_e4d3__msl__seed1106,pending,[],maelnet,author_pipeline,False,"Six complete published repository depth recipes on all five native local payloads and five seeds, unchanged script architecture/epochs/loss/stride except explicit full-data chunk_size=0 and CPU scheduling. This author track preserves test-label RL rewards and PA-derived states and therefore is not an independent test or strict TAB result. Original paper-version, flat payload entity boundaries and exact table-row equivalence remain to audit. Reward/slow-learner ablations are separate remaining obligations."
maelnet_author__exp_6_e4d3__msl__seed1107,MSL,1107,EXP_6_e4d3,experiments/runs/fm_maelnet_author_v1/jobs/maelnet_author__exp_6_e4d3__msl__seed1107,pending,[],maelnet,author_pipeline,False,"Six complete published repository depth recipes on all five native local payloads and five seeds, unchanged script architecture/epochs/loss/stride except explicit full-data chunk_size=0 and CPU scheduling. This author track preserves test-label RL rewards and PA-derived states and therefore is not an independent test or strict TAB result. Original paper-version, flat payload entity boundaries and exact table-row equivalence remain to audit. Reward/slow-learner ablations are separate remaining obligations."
maelnet_author__exp_1_e3d1__smd__seed1103,SMD,1103,EXP_1_e3d1,experiments/runs/fm_maelnet_author_v1/jobs/maelnet_author__exp_1_e3d1__smd__seed1103,pending,[],maelnet,author_pipeline,False,"Six complete published repository depth recipes on all five native local payloads and five seeds, unchanged script architecture/epochs/loss/stride except explicit full-data chunk_size=0 and CPU scheduling. This author track preserves test-label RL rewards and PA-derived states and therefore is not an independent test or strict TAB result. Original paper-version, flat payload entity boundaries and exact table-row equivalence remain to audit. Reward/slow-learner ablations are separate remaining obligations."
maelnet_author__exp_1_e3d1__smd__seed1104,SMD,1104,EXP_1_e3d1,experiments/runs/fm_maelnet_author_v1/jobs/maelnet_author__exp_1_e3d1__smd__seed1104,pending,[],maelnet,author_pipeline,False,"Six complete published repository depth recipes on all five native local payloads and five seeds, unchanged script architecture/epochs/loss/stride except explicit full-data chunk_size=0 and CPU scheduling. This author track preserves test-label RL rewards and PA-derived states and therefore is not an independent test or strict TAB result. Original paper-version, flat payload entity boundaries and exact table-row equivalence remain to audit. Reward/slow-learner ablations are separate remaining obligations."
maelnet_author__exp_1_e3d1__smd__seed1105,SMD,1105,EXP_1_e3d1,experiments/runs/fm_maelnet_author_v1/jobs/maelnet_author__exp_1_e3d1__smd__seed1105,pending,[],maelnet,author_pipeline,False,"Six complete published repository depth recipes on all five native local payloads and five seeds, unchanged script architecture/epochs/loss/stride except explicit full-data chunk_size=0 and CPU scheduling. This author track preserves test-label RL rewards and PA-derived states and therefore is not an independent test or strict TAB result. Original paper-version, flat payload entity boundaries and exact table-row equivalence remain to audit. Reward/slow-learner ablations are separate remaining obligations."
maelnet_author__exp_1_e3d1__smd__seed1106,SMD,1106,EXP_1_e3d1,experiments/runs/fm_maelnet_author_v1/jobs/maelnet_author__exp_1_e3d1__smd__seed1106,pending,[],maelnet,author_pipeline,False,"Six complete published repository depth recipes on all five native local payloads and five seeds, unchanged script architecture/epochs/loss/stride except explicit full-data chunk_size=0 and CPU scheduling. This author track preserves test-label RL rewards and PA-derived states and therefore is not an independent test or strict TAB result. Original paper-version, flat payload entity boundaries and exact table-row equivalence remain to audit. Reward/slow-learner ablations are separate remaining obligations."
maelnet_author__exp_1_e3d1__smd__seed1107,SMD,1107,EXP_1_e3d1,experiments/runs/fm_maelnet_author_v1/jobs/maelnet_author__exp_1_e3d1__smd__seed1107,pending,[],maelnet,author_pipeline,False,"Six complete published repository depth recipes on all five native local payloads and five seeds, unchanged script architecture/epochs/loss/stride except explicit full-data chunk_size=0 and CPU scheduling. This author track preserves test-label RL rewards and PA-derived states and therefore is not an independent test or strict TAB result. Original paper-version, flat payload entity boundaries and exact table-row equivalence remain to audit. Reward/slow-learner ablations are separate remaining obligations."
maelnet_author__exp_2_e4d1__smd__seed1103,SMD,1103,EXP_2_e4d1,experiments/runs/fm_maelnet_author_v1/jobs/maelnet_author__exp_2_e4d1__smd__seed1103,pending,[],maelnet,author_pipeline,False,"Six complete published repository depth recipes on all five native local payloads and five seeds, unchanged script architecture/epochs/loss/stride except explicit full-data chunk_size=0 and CPU scheduling. This author track preserves test-label RL rewards and PA-derived states and therefore is not an independent test or strict TAB result. Original paper-version, flat payload entity boundaries and exact table-row equivalence remain to audit. Reward/slow-learner ablations are separate remaining obligations."
maelnet_author__exp_2_e4d1__smd__seed1104,SMD,1104,EXP_2_e4d1,experiments/runs/fm_maelnet_author_v1/jobs/maelnet_author__exp_2_e4d1__smd__seed1104,pending,[],maelnet,author_pipeline,False,"Six complete published repository depth recipes on all five native local payloads and five seeds, unchanged script architecture/epochs/loss/stride except explicit full-data chunk_size=0 and CPU scheduling. This author track preserves test-label RL rewards and PA-derived states and therefore is not an independent test or strict TAB result. Original paper-version, flat payload entity boundaries and exact table-row equivalence remain to audit. Reward/slow-learner ablations are separate remaining obligations."
maelnet_author__exp_2_e4d1__smd__seed1105,SMD,1105,EXP_2_e4d1,experiments/runs/fm_maelnet_author_v1/jobs/maelnet_author__exp_2_e4d1__smd__seed1105,pending,[],maelnet,author_pipeline,False,"Six complete published repository depth recipes on all five native local payloads and five seeds, unchanged script architecture/epochs/loss/stride except explicit full-data chunk_size=0 and CPU scheduling. This author track preserves test-label RL rewards and PA-derived states and therefore is not an independent test or strict TAB result. Original paper-version, flat payload entity boundaries and exact table-row equivalence remain to audit. Reward/slow-learner ablations are separate remaining obligations."
maelnet_author__exp_2_e4d1__smd__seed1106,SMD,1106,EXP_2_e4d1,experiments/runs/fm_maelnet_author_v1/jobs/maelnet_author__exp_2_e4d1__smd__seed1106,pending,[],maelnet,author_pipeline,False,"Six complete published repository depth recipes on all five native local payloads and five seeds, unchanged script architecture/epochs/loss/stride except explicit full-data chunk_size=0 and CPU scheduling. This author track preserves test-label RL rewards and PA-derived states and therefore is not an independent test or strict TAB result. Original paper-version, flat payload entity boundaries and exact table-row equivalence remain to audit. Reward/slow-learner ablations are separate remaining obligations."
maelnet_author__exp_2_e4d1__smd__seed1107,SMD,1107,EXP_2_e4d1,experiments/runs/fm_maelnet_author_v1/jobs/maelnet_author__exp_2_e4d1__smd__seed1107,pending,[],maelnet,author_pipeline,False,"Six complete published repository depth recipes on all five native local payloads and five seeds, unchanged script architecture/epochs/loss/stride except explicit full-data chunk_size=0 and CPU scheduling. This author track preserves test-label RL rewards and PA-derived states and therefore is not an independent test or strict TAB result. Original paper-version, flat payload entity boundaries and exact table-row equivalence remain to audit. Reward/slow-learner ablations are separate remaining obligations."
maelnet_author__exp_3_e3d2__smd__seed1103,SMD,1103,EXP_3_e3d2,experiments/runs/fm_maelnet_author_v1/jobs/maelnet_author__exp_3_e3d2__smd__seed1103,pending,[],maelnet,author_pipeline,False,"Six complete published repository depth recipes on all five native local payloads and five seeds, unchanged script architecture/epochs/loss/stride except explicit full-data chunk_size=0 and CPU scheduling. This author track preserves test-label RL rewards and PA-derived states and therefore is not an independent test or strict TAB result. Original paper-version, flat payload entity boundaries and exact table-row equivalence remain to audit. Reward/slow-learner ablations are separate remaining obligations."
maelnet_author__exp_3_e3d2__smd__seed1104,SMD,1104,EXP_3_e3d2,experiments/runs/fm_maelnet_author_v1/jobs/maelnet_author__exp_3_e3d2__smd__seed1104,pending,[],maelnet,author_pipeline,False,"Six complete published repository depth recipes on all five native local payloads and five seeds, unchanged script architecture/epochs/loss/stride except explicit full-data chunk_size=0 and CPU scheduling. This author track preserves test-label RL rewards and PA-derived states and therefore is not an independent test or strict TAB result. Original paper-version, flat payload entity boundaries and exact table-row equivalence remain to audit. Reward/slow-learner ablations are separate remaining obligations."
maelnet_author__exp_3_e3d2__smd__seed1105,SMD,1105,EXP_3_e3d2,experiments/runs/fm_maelnet_author_v1/jobs/maelnet_author__exp_3_e3d2__smd__seed1105,pending,[],maelnet,author_pipeline,False,"Six complete published repository depth recipes on all five native local payloads and five seeds, unchanged script architecture/epochs/loss/stride except explicit full-data chunk_size=0 and CPU scheduling. This author track preserves test-label RL rewards and PA-derived states and therefore is not an independent test or strict TAB result. Original paper-version, flat payload entity boundaries and exact table-row equivalence remain to audit. Reward/slow-learner ablations are separate remaining obligations."
maelnet_author__exp_3_e3d2__smd__seed1106,SMD,1106,EXP_3_e3d2,experiments/runs/fm_maelnet_author_v1/jobs/maelnet_author__exp_3_e3d2__smd__seed1106,pending,[],maelnet,author_pipeline,False,"Six complete published repository depth recipes on all five native local payloads and five seeds, unchanged script architecture/epochs/loss/stride except explicit full-data chunk_size=0 and CPU scheduling. This author track preserves test-label RL rewards and PA-derived states and therefore is not an independent test or strict TAB result. Original paper-version, flat payload entity boundaries and exact table-row equivalence remain to audit. Reward/slow-learner ablations are separate remaining obligations."
maelnet_author__exp_3_e3d2__smd__seed1107,SMD,1107,EXP_3_e3d2,experiments/runs/fm_maelnet_author_v1/jobs/maelnet_author__exp_3_e3d2__smd__seed1107,pending,[],maelnet,author_pipeline,False,"Six complete published repository depth recipes on all five native local payloads and five seeds, unchanged script architecture/epochs/loss/stride except explicit full-data chunk_size=0 and CPU scheduling. This author track preserves test-label RL rewards and PA-derived states and therefore is not an independent test or strict TAB result. Original paper-version, flat payload entity boundaries and exact table-row equivalence remain to audit. Reward/slow-learner ablations are separate remaining obligations."
maelnet_author__exp_4_e4d2__smd__seed1103,SMD,1103,EXP_4_e4d2,experiments/runs/fm_maelnet_author_v1/jobs/maelnet_author__exp_4_e4d2__smd__seed1103,pending,[],maelnet,author_pipeline,False,"Six complete published repository depth recipes on all five native local payloads and five seeds, unchanged script architecture/epochs/loss/stride except explicit full-data chunk_size=0 and CPU scheduling. This author track preserves test-label RL rewards and PA-derived states and therefore is not an independent test or strict TAB result. Original paper-version, flat payload entity boundaries and exact table-row equivalence remain to audit. Reward/slow-learner ablations are separate remaining obligations."
maelnet_author__exp_4_e4d2__smd__seed1104,SMD,1104,EXP_4_e4d2,experiments/runs/fm_maelnet_author_v1/jobs/maelnet_author__exp_4_e4d2__smd__seed1104,pending,[],maelnet,author_pipeline,False,"Six complete published repository depth recipes on all five native local payloads and five seeds, unchanged script architecture/epochs/loss/stride except explicit full-data chunk_size=0 and CPU scheduling. This author track preserves test-label RL rewards and PA-derived states and therefore is not an independent test or strict TAB result. Original paper-version, flat payload entity boundaries and exact table-row equivalence remain to audit. Reward/slow-learner ablations are separate remaining obligations."
maelnet_author__exp_4_e4d2__smd__seed1105,SMD,1105,EXP_4_e4d2,experiments/runs/fm_maelnet_author_v1/jobs/maelnet_author__exp_4_e4d2__smd__seed1105,pending,[],maelnet,author_pipeline,False,"Six complete published repository depth recipes on all five native local payloads and five seeds, unchanged script architecture/epochs/loss/stride except explicit full-data chunk_size=0 and CPU scheduling. This author track preserves test-label RL rewards and PA-derived states and therefore is not an independent test or strict TAB result. Original paper-version, flat payload entity boundaries and exact table-row equivalence remain to audit. Reward/slow-learner ablations are separate remaining obligations."
maelnet_author__exp_4_e4d2__smd__seed1106,SMD,1106,EXP_4_e4d2,experiments/runs/fm_maelnet_author_v1/jobs/maelnet_author__exp_4_e4d2__smd__seed1106,pending,[],maelnet,author_pipeline,False,"Six complete published repository depth recipes on all five native local payloads and five seeds, unchanged script architecture/epochs/loss/stride except explicit full-data chunk_size=0 and CPU scheduling. This author track preserves test-label RL rewards and PA-derived states and therefore is not an independent test or strict TAB result. Original paper-version, flat payload entity boundaries and exact table-row equivalence remain to audit. Reward/slow-learner ablations are separate remaining obligations."
maelnet_author__exp_4_e4d2__smd__seed1107,SMD,1107,EXP_4_e4d2,experiments/runs/fm_maelnet_author_v1/jobs/maelnet_author__exp_4_e4d2__smd__seed1107,pending,[],maelnet,author_pipeline,False,"Six complete published repository depth recipes on all five native local payloads and five seeds, unchanged script architecture/epochs/loss/stride except explicit full-data chunk_size=0 and CPU scheduling. This author track preserves test-label RL rewards and PA-derived states and therefore is not an independent test or strict TAB result. Original paper-version, flat payload entity boundaries and exact table-row equivalence remain to audit. Reward/slow-learner ablations are separate remaining obligations."
maelnet_author__exp_5_e3d3__smd__seed1103,SMD,1103,EXP_5_e3d3,experiments/runs/fm_maelnet_author_v1/jobs/maelnet_author__exp_5_e3d3__smd__seed1103,pending,[],maelnet,author_pipeline,False,"Six complete published repository depth recipes on all five native local payloads and five seeds, unchanged script architecture/epochs/loss/stride except explicit full-data chunk_size=0 and CPU scheduling. This author track preserves test-label RL rewards and PA-derived states and therefore is not an independent test or strict TAB result. Original paper-version, flat payload entity boundaries and exact table-row equivalence remain to audit. Reward/slow-learner ablations are separate remaining obligations."
maelnet_author__exp_5_e3d3__smd__seed1104,SMD,1104,EXP_5_e3d3,experiments/runs/fm_maelnet_author_v1/jobs/maelnet_author__exp_5_e3d3__smd__seed1104,pending,[],maelnet,author_pipeline,False,"Six complete published repository depth recipes on all five native local payloads and five seeds, unchanged script architecture/epochs/loss/stride except explicit full-data chunk_size=0 and CPU scheduling. This author track preserves test-label RL rewards and PA-derived states and therefore is not an independent test or strict TAB result. Original paper-version, flat payload entity boundaries and exact table-row equivalence remain to audit. Reward/slow-learner ablations are separate remaining obligations."
maelnet_author__exp_5_e3d3__smd__seed1105,SMD,1105,EXP_5_e3d3,experiments/runs/fm_maelnet_author_v1/jobs/maelnet_author__exp_5_e3d3__smd__seed1105,pending,[],maelnet,author_pipeline,False,"Six complete published repository depth recipes on all five native local payloads and five seeds, unchanged script architecture/epochs/loss/stride except explicit full-data chunk_size=0 and CPU scheduling. This author track preserves test-label RL rewards and PA-derived states and therefore is not an independent test or strict TAB result. Original paper-version, flat payload entity boundaries and exact table-row equivalence remain to audit. Reward/slow-learner ablations are separate remaining obligations."
maelnet_author__exp_5_e3d3__smd__seed1106,SMD,1106,EXP_5_e3d3,experiments/runs/fm_maelnet_author_v1/jobs/maelnet_author__exp_5_e3d3__smd__seed1106,pending,[],maelnet,author_pipeline,False,"Six complete published repository depth recipes on all five native local payloads and five seeds, unchanged script architecture/epochs/loss/stride except explicit full-data chunk_size=0 and CPU scheduling. This author track preserves test-label RL rewards and PA-derived states and therefore is not an independent test or strict TAB result. Original paper-version, flat payload entity boundaries and exact table-row equivalence remain to audit. Reward/slow-learner ablations are separate remaining obligations."
maelnet_author__exp_5_e3d3__smd__seed1107,SMD,1107,EXP_5_e3d3,experiments/runs/fm_maelnet_author_v1/jobs/maelnet_author__exp_5_e3d3__smd__seed1107,pending,[],maelnet,author_pipeline,False,"Six complete published repository depth recipes on all five native local payloads and five seeds, unchanged script architecture/epochs/loss/stride except explicit full-data chunk_size=0 and CPU scheduling. This author track preserves test-label RL rewards and PA-derived states and therefore is not an independent test or strict TAB result. Original paper-version, flat payload entity boundaries and exact table-row equivalence remain to audit. Reward/slow-learner ablations are separate remaining obligations."
maelnet_author__exp_6_e4d3__smd__seed1103,SMD,1103,EXP_6_e4d3,experiments/runs/fm_maelnet_author_v1/jobs/maelnet_author__exp_6_e4d3__smd__seed1103,pending,[],maelnet,author_pipeline,False,"Six complete published repository depth recipes on all five native local payloads and five seeds, unchanged script architecture/epochs/loss/stride except explicit full-data chunk_size=0 and CPU scheduling. This author track preserves test-label RL rewards and PA-derived states and therefore is not an independent test or strict TAB result. Original paper-version, flat payload entity boundaries and exact table-row equivalence remain to audit. Reward/slow-learner ablations are separate remaining obligations."
maelnet_author__exp_6_e4d3__smd__seed1104,SMD,1104,EXP_6_e4d3,experiments/runs/fm_maelnet_author_v1/jobs/maelnet_author__exp_6_e4d3__smd__seed1104,pending,[],maelnet,author_pipeline,False,"Six complete published repository depth recipes on all five native local payloads and five seeds, unchanged script architecture/epochs/loss/stride except explicit full-data chunk_size=0 and CPU scheduling. This author track preserves test-label RL rewards and PA-derived states and therefore is not an independent test or strict TAB result. Original paper-version, flat payload entity boundaries and exact table-row equivalence remain to audit. Reward/slow-learner ablations are separate remaining obligations."
maelnet_author__exp_6_e4d3__smd__seed1105,SMD,1105,EXP_6_e4d3,experiments/runs/fm_maelnet_author_v1/jobs/maelnet_author__exp_6_e4d3__smd__seed1105,pending,[],maelnet,author_pipeline,False,"Six complete published repository depth recipes on all five native local payloads and five seeds, unchanged script architecture/epochs/loss/stride except explicit full-data chunk_size=0 and CPU scheduling. This author track preserves test-label RL rewards and PA-derived states and therefore is not an independent test or strict TAB result. Original paper-version, flat payload entity boundaries and exact table-row equivalence remain to audit. Reward/slow-learner ablations are separate remaining obligations."
maelnet_author__exp_6_e4d3__smd__seed1106,SMD,1106,EXP_6_e4d3,experiments/runs/fm_maelnet_author_v1/jobs/maelnet_author__exp_6_e4d3__smd__seed1106,pending,[],maelnet,author_pipeline,False,"Six complete published repository depth recipes on all five native local payloads and five seeds, unchanged script architecture/epochs/loss/stride except explicit full-data chunk_size=0 and CPU scheduling. This author track preserves test-label RL rewards and PA-derived states and therefore is not an independent test or strict TAB result. Original paper-version, flat payload entity boundaries and exact table-row equivalence remain to audit. Reward/slow-learner ablations are separate remaining obligations."
maelnet_author__exp_6_e4d3__smd__seed1107,SMD,1107,EXP_6_e4d3,experiments/runs/fm_maelnet_author_v1/jobs/maelnet_author__exp_6_e4d3__smd__seed1107,pending,[],maelnet,author_pipeline,False,"Six complete published repository depth recipes on all five native local payloads and five seeds, unchanged script architecture/epochs/loss/stride except explicit full-data chunk_size=0 and CPU scheduling. This author track preserves test-label RL rewards and PA-derived states and therefore is not an independent test or strict TAB result. Original paper-version, flat payload entity boundaries and exact table-row equivalence remain to audit. Reward/slow-learner ablations are separate remaining obligations."
maelnet_author__exp_1_e3d1__swat__seed1103,SWaT,1103,EXP_1_e3d1,experiments/runs/fm_maelnet_author_v1/jobs/maelnet_author__exp_1_e3d1__swat__seed1103,pending,[],maelnet,author_pipeline,False,"Six complete published repository depth recipes on all five native local payloads and five seeds, unchanged script architecture/epochs/loss/stride except explicit full-data chunk_size=0 and CPU scheduling. This author track preserves test-label RL rewards and PA-derived states and therefore is not an independent test or strict TAB result. Original paper-version, flat payload entity boundaries and exact table-row equivalence remain to audit. Reward/slow-learner ablations are separate remaining obligations."
maelnet_author__exp_1_e3d1__swat__seed1104,SWaT,1104,EXP_1_e3d1,experiments/runs/fm_maelnet_author_v1/jobs/maelnet_author__exp_1_e3d1__swat__seed1104,pending,[],maelnet,author_pipeline,False,"Six complete published repository depth recipes on all five native local payloads and five seeds, unchanged script architecture/epochs/loss/stride except explicit full-data chunk_size=0 and CPU scheduling. This author track preserves test-label RL rewards and PA-derived states and therefore is not an independent test or strict TAB result. Original paper-version, flat payload entity boundaries and exact table-row equivalence remain to audit. Reward/slow-learner ablations are separate remaining obligations."
maelnet_author__exp_1_e3d1__swat__seed1105,SWaT,1105,EXP_1_e3d1,experiments/runs/fm_maelnet_author_v1/jobs/maelnet_author__exp_1_e3d1__swat__seed1105,pending,[],maelnet,author_pipeline,False,"Six complete published repository depth recipes on all five native local payloads and five seeds, unchanged script architecture/epochs/loss/stride except explicit full-data chunk_size=0 and CPU scheduling. This author track preserves test-label RL rewards and PA-derived states and therefore is not an independent test or strict TAB result. Original paper-version, flat payload entity boundaries and exact table-row equivalence remain to audit. Reward/slow-learner ablations are separate remaining obligations."
maelnet_author__exp_1_e3d1__swat__seed1106,SWaT,1106,EXP_1_e3d1,experiments/runs/fm_maelnet_author_v1/jobs/maelnet_author__exp_1_e3d1__swat__seed1106,pending,[],maelnet,author_pipeline,False,"Six complete published repository depth recipes on all five native local payloads and five seeds, unchanged script architecture/epochs/loss/stride except explicit full-data chunk_size=0 and CPU scheduling. This author track preserves test-label RL rewards and PA-derived states and therefore is not an independent test or strict TAB result. Original paper-version, flat payload entity boundaries and exact table-row equivalence remain to audit. Reward/slow-learner ablations are separate remaining obligations."
maelnet_author__exp_1_e3d1__swat__seed1107,SWaT,1107,EXP_1_e3d1,experiments/runs/fm_maelnet_author_v1/jobs/maelnet_author__exp_1_e3d1__swat__seed1107,pending,[],maelnet,author_pipeline,False,"Six complete published repository depth recipes on all five native local payloads and five seeds, unchanged script architecture/epochs/loss/stride except explicit full-data chunk_size=0 and CPU scheduling. This author track preserves test-label RL rewards and PA-derived states and therefore is not an independent test or strict TAB result. Original paper-version, flat payload entity boundaries and exact table-row equivalence remain to audit. Reward/slow-learner ablations are separate remaining obligations."
maelnet_author__exp_2_e4d1__swat__seed1103,SWaT,1103,EXP_2_e4d1,experiments/runs/fm_maelnet_author_v1/jobs/maelnet_author__exp_2_e4d1__swat__seed1103,pending,[],maelnet,author_pipeline,False,"Six complete published repository depth recipes on all five native local payloads and five seeds, unchanged script architecture/epochs/loss/stride except explicit full-data chunk_size=0 and CPU scheduling. This author track preserves test-label RL rewards and PA-derived states and therefore is not an independent test or strict TAB result. Original paper-version, flat payload entity boundaries and exact table-row equivalence remain to audit. Reward/slow-learner ablations are separate remaining obligations."
maelnet_author__exp_2_e4d1__swat__seed1104,SWaT,1104,EXP_2_e4d1,experiments/runs/fm_maelnet_author_v1/jobs/maelnet_author__exp_2_e4d1__swat__seed1104,pending,[],maelnet,author_pipeline,False,"Six complete published repository depth recipes on all five native local payloads and five seeds, unchanged script architecture/epochs/loss/stride except explicit full-data chunk_size=0 and CPU scheduling. This author track preserves test-label RL rewards and PA-derived states and therefore is not an independent test or strict TAB result. Original paper-version, flat payload entity boundaries and exact table-row equivalence remain to audit. Reward/slow-learner ablations are separate remaining obligations."
maelnet_author__exp_2_e4d1__swat__seed1105,SWaT,1105,EXP_2_e4d1,experiments/runs/fm_maelnet_author_v1/jobs/maelnet_author__exp_2_e4d1__swat__seed1105,pending,[],maelnet,author_pipeline,False,"Six complete published repository depth recipes on all five native local payloads and five seeds, unchanged script architecture/epochs/loss/stride except explicit full-data chunk_size=0 and CPU scheduling. This author track preserves test-label RL rewards and PA-derived states and therefore is not an independent test or strict TAB result. Original paper-version, flat payload entity boundaries and exact table-row equivalence remain to audit. Reward/slow-learner ablations are separate remaining obligations."
maelnet_author__exp_2_e4d1__swat__seed1106,SWaT,1106,EXP_2_e4d1,experiments/runs/fm_maelnet_author_v1/jobs/maelnet_author__exp_2_e4d1__swat__seed1106,pending,[],maelnet,author_pipeline,False,"Six complete published repository depth recipes on all five native local payloads and five seeds, unchanged script architecture/epochs/loss/stride except explicit full-data chunk_size=0 and CPU scheduling. This author track preserves test-label RL rewards and PA-derived states and therefore is not an independent test or strict TAB result. Original paper-version, flat payload entity boundaries and exact table-row equivalence remain to audit. Reward/slow-learner ablations are separate remaining obligations."
maelnet_author__exp_2_e4d1__swat__seed1107,SWaT,1107,EXP_2_e4d1,experiments/runs/fm_maelnet_author_v1/jobs/maelnet_author__exp_2_e4d1__swat__seed1107,pending,[],maelnet,author_pipeline,False,"Six complete published repository depth recipes on all five native local payloads and five seeds, unchanged script architecture/epochs/loss/stride except explicit full-data chunk_size=0 and CPU scheduling. This author track preserves test-label RL rewards and PA-derived states and therefore is not an independent test or strict TAB result. Original paper-version, flat payload entity boundaries and exact table-row equivalence remain to audit. Reward/slow-learner ablations are separate remaining obligations."
maelnet_author__exp_3_e3d2__swat__seed1103,SWaT,1103,EXP_3_e3d2,experiments/runs/fm_maelnet_author_v1/jobs/maelnet_author__exp_3_e3d2__swat__seed1103,pending,[],maelnet,author_pipeline,False,"Six complete published repository depth recipes on all five native local payloads and five seeds, unchanged script architecture/epochs/loss/stride except explicit full-data chunk_size=0 and CPU scheduling. This author track preserves test-label RL rewards and PA-derived states and therefore is not an independent test or strict TAB result. Original paper-version, flat payload entity boundaries and exact table-row equivalence remain to audit. Reward/slow-learner ablations are separate remaining obligations."
maelnet_author__exp_3_e3d2__swat__seed1104,SWaT,1104,EXP_3_e3d2,experiments/runs/fm_maelnet_author_v1/jobs/maelnet_author__exp_3_e3d2__swat__seed1104,pending,[],maelnet,author_pipeline,False,"Six complete published repository depth recipes on all five native local payloads and five seeds, unchanged script architecture/epochs/loss/stride except explicit full-data chunk_size=0 and CPU scheduling. This author track preserves test-label RL rewards and PA-derived states and therefore is not an independent test or strict TAB result. Original paper-version, flat payload entity boundaries and exact table-row equivalence remain to audit. Reward/slow-learner ablations are separate remaining obligations."
maelnet_author__exp_3_e3d2__swat__seed1105,SWaT,1105,EXP_3_e3d2,experiments/runs/fm_maelnet_author_v1/jobs/maelnet_author__exp_3_e3d2__swat__seed1105,pending,[],maelnet,author_pipeline,False,"Six complete published repository depth recipes on all five native local payloads and five seeds, unchanged script architecture/epochs/loss/stride except explicit full-data chunk_size=0 and CPU scheduling. This author track preserves test-label RL rewards and PA-derived states and therefore is not an independent test or strict TAB result. Original paper-version, flat payload entity boundaries and exact table-row equivalence remain to audit. Reward/slow-learner ablations are separate remaining obligations."
maelnet_author__exp_3_e3d2__swat__seed1106,SWaT,1106,EXP_3_e3d2,experiments/runs/fm_maelnet_author_v1/jobs/maelnet_author__exp_3_e3d2__swat__seed1106,pending,[],maelnet,author_pipeline,False,"Six complete published repository depth recipes on all five native local payloads and five seeds, unchanged script architecture/epochs/loss/stride except explicit full-data chunk_size=0 and CPU scheduling. This author track preserves test-label RL rewards and PA-derived states and therefore is not an independent test or strict TAB result. Original paper-version, flat payload entity boundaries and exact table-row equivalence remain to audit. Reward/slow-learner ablations are separate remaining obligations."
maelnet_author__exp_3_e3d2__swat__seed1107,SWaT,1107,EXP_3_e3d2,experiments/runs/fm_maelnet_author_v1/jobs/maelnet_author__exp_3_e3d2__swat__seed1107,pending,[],maelnet,author_pipeline,False,"Six complete published repository depth recipes on all five native local payloads and five seeds, unchanged script architecture/epochs/loss/stride except explicit full-data chunk_size=0 and CPU scheduling. This author track preserves test-label RL rewards and PA-derived states and therefore is not an independent test or strict TAB result. Original paper-version, flat payload entity boundaries and exact table-row equivalence remain to audit. Reward/slow-learner ablations are separate remaining obligations."
maelnet_author__exp_4_e4d2__swat__seed1103,SWaT,1103,EXP_4_e4d2,experiments/runs/fm_maelnet_author_v1/jobs/maelnet_author__exp_4_e4d2__swat__seed1103,pending,[],maelnet,author_pipeline,False,"Six complete published repository depth recipes on all five native local payloads and five seeds, unchanged script architecture/epochs/loss/stride except explicit full-data chunk_size=0 and CPU scheduling. This author track preserves test-label RL rewards and PA-derived states and therefore is not an independent test or strict TAB result. Original paper-version, flat payload entity boundaries and exact table-row equivalence remain to audit. Reward/slow-learner ablations are separate remaining obligations."
maelnet_author__exp_4_e4d2__swat__seed1104,SWaT,1104,EXP_4_e4d2,experiments/runs/fm_maelnet_author_v1/jobs/maelnet_author__exp_4_e4d2__swat__seed1104,pending,[],maelnet,author_pipeline,False,"Six complete published repository depth recipes on all five native local payloads and five seeds, unchanged script architecture/epochs/loss/stride except explicit full-data chunk_size=0 and CPU scheduling. This author track preserves test-label RL rewards and PA-derived states and therefore is not an independent test or strict TAB result. Original paper-version, flat payload entity boundaries and exact table-row equivalence remain to audit. Reward/slow-learner ablations are separate remaining obligations."
maelnet_author__exp_4_e4d2__swat__seed1105,SWaT,1105,EXP_4_e4d2,experiments/runs/fm_maelnet_author_v1/jobs/maelnet_author__exp_4_e4d2__swat__seed1105,pending,[],maelnet,author_pipeline,False,"Six complete published repository depth recipes on all five native local payloads and five seeds, unchanged script architecture/epochs/loss/stride except explicit full-data chunk_size=0 and CPU scheduling. This author track preserves test-label RL rewards and PA-derived states and therefore is not an independent test or strict TAB result. Original paper-version, flat payload entity boundaries and exact table-row equivalence remain to audit. Reward/slow-learner ablations are separate remaining obligations."
maelnet_author__exp_4_e4d2__swat__seed1106,SWaT,1106,EXP_4_e4d2,experiments/runs/fm_maelnet_author_v1/jobs/maelnet_author__exp_4_e4d2__swat__seed1106,pending,[],maelnet,author_pipeline,False,"Six complete published repository depth recipes on all five native local payloads and five seeds, unchanged script architecture/epochs/loss/stride except explicit full-data chunk_size=0 and CPU scheduling. This author track preserves test-label RL rewards and PA-derived states and therefore is not an independent test or strict TAB result. Original paper-version, flat payload entity boundaries and exact table-row equivalence remain to audit. Reward/slow-learner ablations are separate remaining obligations."
maelnet_author__exp_4_e4d2__swat__seed1107,SWaT,1107,EXP_4_e4d2,experiments/runs/fm_maelnet_author_v1/jobs/maelnet_author__exp_4_e4d2__swat__seed1107,pending,[],maelnet,author_pipeline,False,"Six complete published repository depth recipes on all five native local payloads and five seeds, unchanged script architecture/epochs/loss/stride except explicit full-data chunk_size=0 and CPU scheduling. This author track preserves test-label RL rewards and PA-derived states and therefore is not an independent test or strict TAB result. Original paper-version, flat payload entity boundaries and exact table-row equivalence remain to audit. Reward/slow-learner ablations are separate remaining obligations."
maelnet_author__exp_5_e3d3__swat__seed1103,SWaT,1103,EXP_5_e3d3,experiments/runs/fm_maelnet_author_v1/jobs/maelnet_author__exp_5_e3d3__swat__seed1103,pending,[],maelnet,author_pipeline,False,"Six complete published repository depth recipes on all five native local payloads and five seeds, unchanged script architecture/epochs/loss/stride except explicit full-data chunk_size=0 and CPU scheduling. This author track preserves test-label RL rewards and PA-derived states and therefore is not an independent test or strict TAB result. Original paper-version, flat payload entity boundaries and exact table-row equivalence remain to audit. Reward/slow-learner ablations are separate remaining obligations."
maelnet_author__exp_5_e3d3__swat__seed1104,SWaT,1104,EXP_5_e3d3,experiments/runs/fm_maelnet_author_v1/jobs/maelnet_author__exp_5_e3d3__swat__seed1104,pending,[],maelnet,author_pipeline,False,"Six complete published repository depth recipes on all five native local payloads and five seeds, unchanged script architecture/epochs/loss/stride except explicit full-data chunk_size=0 and CPU scheduling. This author track preserves test-label RL rewards and PA-derived states and therefore is not an independent test or strict TAB result. Original paper-version, flat payload entity boundaries and exact table-row equivalence remain to audit. Reward/slow-learner ablations are separate remaining obligations."
maelnet_author__exp_5_e3d3__swat__seed1105,SWaT,1105,EXP_5_e3d3,experiments/runs/fm_maelnet_author_v1/jobs/maelnet_author__exp_5_e3d3__swat__seed1105,pending,[],maelnet,author_pipeline,False,"Six complete published repository depth recipes on all five native local payloads and five seeds, unchanged script architecture/epochs/loss/stride except explicit full-data chunk_size=0 and CPU scheduling. This author track preserves test-label RL rewards and PA-derived states and therefore is not an independent test or strict TAB result. Original paper-version, flat payload entity boundaries and exact table-row equivalence remain to audit. Reward/slow-learner ablations are separate remaining obligations."
maelnet_author__exp_5_e3d3__swat__seed1106,SWaT,1106,EXP_5_e3d3,experiments/runs/fm_maelnet_author_v1/jobs/maelnet_author__exp_5_e3d3__swat__seed1106,pending,[],maelnet,author_pipeline,False,"Six complete published repository depth recipes on all five native local payloads and five seeds, unchanged script architecture/epochs/loss/stride except explicit full-data chunk_size=0 and CPU scheduling. This author track preserves test-label RL rewards and PA-derived states and therefore is not an independent test or strict TAB result. Original paper-version, flat payload entity boundaries and exact table-row equivalence remain to audit. Reward/slow-learner ablations are separate remaining obligations."
maelnet_author__exp_5_e3d3__swat__seed1107,SWaT,1107,EXP_5_e3d3,experiments/runs/fm_maelnet_author_v1/jobs/maelnet_author__exp_5_e3d3__swat__seed1107,pending,[],maelnet,author_pipeline,False,"Six complete published repository depth recipes on all five native local payloads and five seeds, unchanged script architecture/epochs/loss/stride except explicit full-data chunk_size=0 and CPU scheduling. This author track preserves test-label RL rewards and PA-derived states and therefore is not an independent test or strict TAB result. Original paper-version, flat payload entity boundaries and exact table-row equivalence remain to audit. Reward/slow-learner ablations are separate remaining obligations."
maelnet_author__exp_6_e4d3__swat__seed1103,SWaT,1103,EXP_6_e4d3,experiments/runs/fm_maelnet_author_v1/jobs/maelnet_author__exp_6_e4d3__swat__seed1103,pending,[],maelnet,author_pipeline,False,"Six complete published repository depth recipes on all five native local payloads and five seeds, unchanged script architecture/epochs/loss/stride except explicit full-data chunk_size=0 and CPU scheduling. This author track preserves test-label RL rewards and PA-derived states and therefore is not an independent test or strict TAB result. Original paper-version, flat payload entity boundaries and exact table-row equivalence remain to audit. Reward/slow-learner ablations are separate remaining obligations."
maelnet_author__exp_6_e4d3__swat__seed1104,SWaT,1104,EXP_6_e4d3,experiments/runs/fm_maelnet_author_v1/jobs/maelnet_author__exp_6_e4d3__swat__seed1104,pending,[],maelnet,author_pipeline,False,"Six complete published repository depth recipes on all five native local payloads and five seeds, unchanged script architecture/epochs/loss/stride except explicit full-data chunk_size=0 and CPU scheduling. This author track preserves test-label RL rewards and PA-derived states and therefore is not an independent test or strict TAB result. Original paper-version, flat payload entity boundaries and exact table-row equivalence remain to audit. Reward/slow-learner ablations are separate remaining obligations."
maelnet_author__exp_6_e4d3__swat__seed1105,SWaT,1105,EXP_6_e4d3,experiments/runs/fm_maelnet_author_v1/jobs/maelnet_author__exp_6_e4d3__swat__seed1105,pending,[],maelnet,author_pipeline,False,"Six complete published repository depth recipes on all five native local payloads and five seeds, unchanged script architecture/epochs/loss/stride except explicit full-data chunk_size=0 and CPU scheduling. This author track preserves test-label RL rewards and PA-derived states and therefore is not an independent test or strict TAB result. Original paper-version, flat payload entity boundaries and exact table-row equivalence remain to audit. Reward/slow-learner ablations are separate remaining obligations."
maelnet_author__exp_6_e4d3__swat__seed1106,SWaT,1106,EXP_6_e4d3,experiments/runs/fm_maelnet_author_v1/jobs/maelnet_author__exp_6_e4d3__swat__seed1106,pending,[],maelnet,author_pipeline,False,"Six complete published repository depth recipes on all five native local payloads and five seeds, unchanged script architecture/epochs/loss/stride except explicit full-data chunk_size=0 and CPU scheduling. This author track preserves test-label RL rewards and PA-derived states and therefore is not an independent test or strict TAB result. Original paper-version, flat payload entity boundaries and exact table-row equivalence remain to audit. Reward/slow-learner ablations are separate remaining obligations."
maelnet_author__exp_6_e4d3__swat__seed1107,SWaT,1107,EXP_6_e4d3,experiments/runs/fm_maelnet_author_v1/jobs/maelnet_author__exp_6_e4d3__swat__seed1107,pending,[],maelnet,author_pipeline,False,"Six complete published repository depth recipes on all five native local payloads and five seeds, unchanged script architecture/epochs/loss/stride except explicit full-data chunk_size=0 and CPU scheduling. This author track preserves test-label RL rewards and PA-derived states and therefore is not an independent test or strict TAB result. Original paper-version, flat payload entity boundaries and exact table-row equivalence remain to audit. Reward/slow-learner ablations are separate remaining obligations."
