id,algorithm,dataset,track,pattern,missing_ratio,configured_missing_ratio,fold,seed,status,config,config_sha256,result_path,queue,runner
csdi_physio_original_fold0_missing0.1,csdi,physionet2012,author_protocol,paper_mask,0.1,0.1,0,1,completed,configs/experiments/fm_csdi_physio_original_fold0.json,aab5cb8ce76fe14e400a6b9c21bf366d01fa8f56d406afa8c112b1e472132f1a,experiments/runs/flow_matching_campaign/csdi_original_fold0_missing0.1/result.json,configs/experiments/fm_original_queue.v1.json,scripts/flow_matching/run_csdi.py
cfmi_physio_original_fold0_missing0.1,cfmi,physionet2012,author_protocol,paper_mask,0.1,0.1,0,,completed,configs/experiments/fm_campaign_jobs/cfmi_physio_fold0_missing0.1.json,caf42790a5a13e01543b9a352ac625e21999cf9ffc8d9ca1aff225f29a60a5a7,experiments/runs/flow_matching_campaign/cfmi_original_fold0_missing0.1/result.json,configs/experiments/fm_original_queue.v1.json,scripts/flow_matching/run_cfmi.py
csdi_physio_original_fold0_missing0.5,csdi,physionet2012,author_protocol,paper_mask,0.5,0.5,0,1,completed,configs/experiments/fm_campaign_jobs/csdi_physio_fold0_missing0.5.json,61c5d50d35670e0502324edf82cc29588ee8d4e244525c99f1675dc7ca715779,experiments/runs/flow_matching_campaign/csdi_original_fold0_missing0.5/result.json,configs/experiments/fm_original_queue.v1.json,scripts/flow_matching/run_csdi.py
cfmi_physio_original_fold0_missing0.5,cfmi,physionet2012,author_protocol,paper_mask,0.5,0.5,0,,completed,configs/experiments/fm_campaign_jobs/cfmi_physio_fold0_missing0.5.json,5d2fefdb0282e220619e7f46c056187676d03cb1da0ea94dd7168a50045f8be0,experiments/runs/flow_matching_campaign/cfmi_original_fold0_missing0.5/result.json,configs/experiments/fm_original_queue.v1.json,scripts/flow_matching/run_cfmi.py
csdi_physio_original_fold0_missing0.9,csdi,physionet2012,author_protocol,paper_mask,0.9,0.9,0,1,completed,configs/experiments/fm_campaign_jobs/csdi_physio_fold0_missing0.9.json,d02671f9e49c4ab43d723363eca0c67c1203d9f9b622e6f6b1ff91894e57d981,experiments/runs/flow_matching_campaign/csdi_original_fold0_missing0.9/result.json,configs/experiments/fm_original_queue.v1.json,scripts/flow_matching/run_csdi.py
cfmi_physio_original_fold0_missing0.9,cfmi,physionet2012,author_protocol,paper_mask,0.9,0.9,0,,completed,configs/experiments/fm_campaign_jobs/cfmi_physio_fold0_missing0.9.json,fa007bbbea3270d771f942514674e40d3fa4225f8d6b08a73a809fd6f5af19fa,experiments/runs/flow_matching_campaign/cfmi_original_fold0_missing0.9/result.json,configs/experiments/fm_original_queue.v1.json,scripts/flow_matching/run_cfmi.py
csdi_physio_original_fold1_missing0.1,csdi,physionet2012,author_protocol,paper_mask,0.1,0.1,1,1,completed,configs/experiments/fm_campaign_jobs/csdi_physio_fold1_missing0.1.json,55e7382fe613dc24ad11fd566844b4723713a6b6c9dc24c71e1786dd87389c5e,experiments/runs/flow_matching_campaign/csdi_original_fold1_missing0.1/result.json,configs/experiments/fm_original_queue.v1.json,scripts/flow_matching/run_csdi.py
cfmi_physio_original_fold1_missing0.1,cfmi,physionet2012,author_protocol,paper_mask,0.1,0.1,1,,completed,configs/experiments/fm_campaign_jobs/cfmi_physio_fold1_missing0.1.json,72a252f29fd28882b981f14c287a47c1e1cf491ee79e772c7f6320e0a7e3d5c6,experiments/runs/flow_matching_campaign/cfmi_original_fold1_missing0.1/result.json,configs/experiments/fm_original_queue.v1.json,scripts/flow_matching/run_cfmi.py
csdi_physio_original_fold1_missing0.5,csdi,physionet2012,author_protocol,paper_mask,0.5,0.5,1,1,completed,configs/experiments/fm_campaign_jobs/csdi_physio_fold1_missing0.5.json,e81e8c97ccba16638dc1bd4a1c36a13b096aa64d8b9d1923d7ff159e02695568,experiments/runs/flow_matching_campaign/csdi_original_fold1_missing0.5/result.json,configs/experiments/fm_original_queue.v1.json,scripts/flow_matching/run_csdi.py
cfmi_physio_original_fold1_missing0.5,cfmi,physionet2012,author_protocol,paper_mask,0.5,0.5,1,,completed,configs/experiments/fm_campaign_jobs/cfmi_physio_fold1_missing0.5.json,92d11879a3c9568b5299beb6caecdf25d8feedac5c0cc0df353115846db931b7,experiments/runs/flow_matching_campaign/cfmi_original_fold1_missing0.5/result.json,configs/experiments/fm_original_queue.v1.json,scripts/flow_matching/run_cfmi.py
csdi_physio_original_fold1_missing0.9,csdi,physionet2012,author_protocol,paper_mask,0.9,0.9,1,1,completed,configs/experiments/fm_campaign_jobs/csdi_physio_fold1_missing0.9.json,d990a566dc65bca82f55f61bd58b60807d53fb66ae763b80581ab3cf32475720,experiments/runs/flow_matching_campaign/csdi_original_fold1_missing0.9/result.json,configs/experiments/fm_original_queue.v1.json,scripts/flow_matching/run_csdi.py
cfmi_physio_original_fold1_missing0.9,cfmi,physionet2012,author_protocol,paper_mask,0.9,0.9,1,,completed,configs/experiments/fm_campaign_jobs/cfmi_physio_fold1_missing0.9.json,b8be87c611e5210b4040d86f6ee6812e216c44fe980606ade6eea3095bd91232,experiments/runs/flow_matching_campaign/cfmi_original_fold1_missing0.9/result.json,configs/experiments/fm_original_queue.v1.json,scripts/flow_matching/run_cfmi.py
csdi_physio_original_fold2_missing0.1,csdi,physionet2012,author_protocol,paper_mask,0.1,0.1,2,1,completed,configs/experiments/fm_campaign_jobs/csdi_physio_fold2_missing0.1.json,94ec1cfc9d042037f7e624e0e516988b06cfe2a480cb298fbe93fd27dafa6b7b,experiments/runs/flow_matching_campaign/csdi_original_fold2_missing0.1/result.json,configs/experiments/fm_original_queue.v1.json,scripts/flow_matching/run_csdi.py
cfmi_physio_original_fold2_missing0.1,cfmi,physionet2012,author_protocol,paper_mask,0.1,0.1,2,,completed,configs/experiments/fm_campaign_jobs/cfmi_physio_fold2_missing0.1.json,fd68443673575bbc8cc08a43c162b48b34b5d5dce19478f621fa85b60879f9e4,experiments/runs/flow_matching_campaign/cfmi_original_fold2_missing0.1/result.json,configs/experiments/fm_original_queue.v1.json,scripts/flow_matching/run_cfmi.py
csdi_physio_original_fold2_missing0.5,csdi,physionet2012,author_protocol,paper_mask,0.5,0.5,2,1,completed,configs/experiments/fm_campaign_jobs/csdi_physio_fold2_missing0.5.json,83bbe88de985a94e88f5c1a56f8ec39d93caa4517c342be0da73c4299725b647,experiments/runs/flow_matching_campaign/csdi_original_fold2_missing0.5/result.json,configs/experiments/fm_original_queue.v1.json,scripts/flow_matching/run_csdi.py
cfmi_physio_original_fold2_missing0.5,cfmi,physionet2012,author_protocol,paper_mask,0.5,0.5,2,,completed,configs/experiments/fm_campaign_jobs/cfmi_physio_fold2_missing0.5.json,d4d8da228151e96a9ad5cd9aa913da369610d52b05bc9cf700c969fb234df735,experiments/runs/flow_matching_campaign/cfmi_original_fold2_missing0.5/result.json,configs/experiments/fm_original_queue.v1.json,scripts/flow_matching/run_cfmi.py
csdi_physio_original_fold2_missing0.9,csdi,physionet2012,author_protocol,paper_mask,0.9,0.9,2,1,completed,configs/experiments/fm_campaign_jobs/csdi_physio_fold2_missing0.9.json,e5ba969bc392fb0187c46593d61a02acd0e7caf258c9df1a16358ffe5f299917,experiments/runs/flow_matching_campaign/csdi_original_fold2_missing0.9/result.json,configs/experiments/fm_original_queue.v1.json,scripts/flow_matching/run_csdi.py
cfmi_physio_original_fold2_missing0.9,cfmi,physionet2012,author_protocol,paper_mask,0.9,0.9,2,,completed,configs/experiments/fm_campaign_jobs/cfmi_physio_fold2_missing0.9.json,f8f9f65dd0de3ec7e1d788c37eab34208bdf12889b71632f640a066185426f5d,experiments/runs/flow_matching_campaign/cfmi_original_fold2_missing0.9/result.json,configs/experiments/fm_original_queue.v1.json,scripts/flow_matching/run_cfmi.py
csdi_physio_original_fold3_missing0.1,csdi,physionet2012,author_protocol,paper_mask,0.1,0.1,3,1,completed,configs/experiments/fm_campaign_jobs/csdi_physio_fold3_missing0.1.json,41f9b1d88fddbfa578d23c47dba198beab4a226e92178e15ca24c5f73000e11f,experiments/runs/flow_matching_campaign/csdi_original_fold3_missing0.1/result.json,configs/experiments/fm_original_queue.v1.json,scripts/flow_matching/run_csdi.py
cfmi_physio_original_fold3_missing0.1,cfmi,physionet2012,author_protocol,paper_mask,0.1,0.1,3,,completed,configs/experiments/fm_campaign_jobs/cfmi_physio_fold3_missing0.1.json,c2c3d66a5e290cdd26f559024292917d069d12cc8b4c54a7b896cfe8031c79e0,experiments/runs/flow_matching_campaign/cfmi_original_fold3_missing0.1/result.json,configs/experiments/fm_original_queue.v1.json,scripts/flow_matching/run_cfmi.py
csdi_physio_original_fold3_missing0.5,csdi,physionet2012,author_protocol,paper_mask,0.5,0.5,3,1,completed,configs/experiments/fm_campaign_jobs/csdi_physio_fold3_missing0.5.json,42c95b6a1868aa978224ded2863023787366170518dc1eb34d3354c1ef9d710c,experiments/runs/flow_matching_campaign/csdi_original_fold3_missing0.5/result.json,configs/experiments/fm_original_queue.v1.json,scripts/flow_matching/run_csdi.py
cfmi_physio_original_fold3_missing0.5,cfmi,physionet2012,author_protocol,paper_mask,0.5,0.5,3,,completed,configs/experiments/fm_campaign_jobs/cfmi_physio_fold3_missing0.5.json,fdaf7ed6e2da4142d5b13790eeed2e946d441a19670b4b9d388ffd2b32c8b915,experiments/runs/flow_matching_campaign/cfmi_original_fold3_missing0.5/result.json,configs/experiments/fm_original_queue.v1.json,scripts/flow_matching/run_cfmi.py
csdi_physio_original_fold3_missing0.9,csdi,physionet2012,author_protocol,paper_mask,0.9,0.9,3,1,completed,configs/experiments/fm_campaign_jobs/csdi_physio_fold3_missing0.9.json,c83365cdb9c9fd97d9f6e9a10efdc7465e9c9cc5c60b5e6857f79444b619c32b,experiments/runs/flow_matching_campaign/csdi_original_fold3_missing0.9/result.json,configs/experiments/fm_original_queue.v1.json,scripts/flow_matching/run_csdi.py
cfmi_physio_original_fold3_missing0.9,cfmi,physionet2012,author_protocol,paper_mask,0.9,0.9,3,,completed,configs/experiments/fm_campaign_jobs/cfmi_physio_fold3_missing0.9.json,4c5b594bb87c578e03a0ceadc84017a2e7adb3149c40871674b500236d54d97d,experiments/runs/flow_matching_campaign/cfmi_original_fold3_missing0.9/result.json,configs/experiments/fm_original_queue.v1.json,scripts/flow_matching/run_cfmi.py
csdi_physio_original_fold4_missing0.1,csdi,physionet2012,author_protocol,paper_mask,0.1,0.1,4,1,completed,configs/experiments/fm_campaign_jobs/csdi_physio_fold4_missing0.1.json,7028e013a927831178689e5ac88c71986e3afe4c5f4b748fa7a5f8bf147f6b0c,experiments/runs/flow_matching_campaign/csdi_original_fold4_missing0.1/result.json,configs/experiments/fm_original_queue.v1.json,scripts/flow_matching/run_csdi.py
cfmi_physio_original_fold4_missing0.1,cfmi,physionet2012,author_protocol,paper_mask,0.1,0.1,4,,completed,configs/experiments/fm_campaign_jobs/cfmi_physio_fold4_missing0.1.json,db6189689d99f9ff01f8453ce7778ea90cf17cd95161de6bf2ffab2a2702d9ec,experiments/runs/flow_matching_campaign/cfmi_original_fold4_missing0.1/result.json,configs/experiments/fm_original_queue.v1.json,scripts/flow_matching/run_cfmi.py
csdi_physio_original_fold4_missing0.5,csdi,physionet2012,author_protocol,paper_mask,0.5,0.5,4,1,completed,configs/experiments/fm_campaign_jobs/csdi_physio_fold4_missing0.5.json,a03d8d9c058f87cc3c0c6f4e2a1eec374c1e77e94260f3311ec705a83a9a5dd2,experiments/runs/flow_matching_campaign/csdi_original_fold4_missing0.5/result.json,configs/experiments/fm_original_queue.v1.json,scripts/flow_matching/run_csdi.py
cfmi_physio_original_fold4_missing0.5,cfmi,physionet2012,author_protocol,paper_mask,0.5,0.5,4,,completed,configs/experiments/fm_campaign_jobs/cfmi_physio_fold4_missing0.5.json,24dba702b1b527fd463e416355e91c882cf82572103db7a0e2c9bc1dbf8cc448,experiments/runs/flow_matching_campaign/cfmi_original_fold4_missing0.5/result.json,configs/experiments/fm_original_queue.v1.json,scripts/flow_matching/run_cfmi.py
csdi_physio_original_fold4_missing0.9,csdi,physionet2012,author_protocol,paper_mask,0.9,0.9,4,1,completed,configs/experiments/fm_campaign_jobs/csdi_physio_fold4_missing0.9.json,ede56959e0b111fbec52517be045c84b8c56b38d74ee21ed5d3b26eded83cf57,experiments/runs/flow_matching_campaign/csdi_original_fold4_missing0.9/result.json,configs/experiments/fm_original_queue.v1.json,scripts/flow_matching/run_csdi.py
cfmi_physio_original_fold4_missing0.9,cfmi,physionet2012,author_protocol,paper_mask,0.9,0.9,4,,completed,configs/experiments/fm_campaign_jobs/cfmi_physio_fold4_missing0.9.json,9dec1edcb46184ca6210e947c1fe7f54693849d1096ea244798efe79317b2103,experiments/runs/flow_matching_campaign/cfmi_original_fold4_missing0.9/result.json,configs/experiments/fm_original_queue.v1.json,scripts/flow_matching/run_cfmi.py
csdi_air36_original_fold0,csdi,air36,author_protocol,historical_air36,,0.0,0,1,completed,configs/experiments/fm_air36_jobs/csdi_air36_original_fold0.json,4a569da6dd77d94d06483e598659c5bee727601228b35583a73e0d8fba14c694,experiments/runs/flow_matching_campaign/csdi_air36_original_fold0/result.json,configs/experiments/fm_air36_original_queue.v1.json,scripts/flow_matching/run_csdi.py
cfmi_air36_original_fold0,cfmi,air36,author_protocol,historical_air36,,,0,,completed,configs/experiments/fm_air36_jobs/cfmi_air36_original_fold0.json,dc35fe9b3ad9f681304972593fce8d706650f965ee3c7d10733d7dc7219ed9a0,experiments/runs/flow_matching_campaign/cfmi_air36_original_fold0/result.json,configs/experiments/fm_air36_original_queue.v1.json,scripts/flow_matching/run_cfmi.py
csdi_air36_original_fold1,csdi,air36,author_protocol,historical_air36,,0.0,1,1,completed,configs/experiments/fm_air36_jobs/csdi_air36_original_fold1.json,7bb6059819b9486d875c60531a7d6bd28e0ad506cd328ec5ce6950eb571ad880,experiments/runs/flow_matching_campaign/csdi_air36_original_fold1/result.json,configs/experiments/fm_air36_original_queue.v1.json,scripts/flow_matching/run_csdi.py
cfmi_air36_original_fold1,cfmi,air36,author_protocol,historical_air36,,,1,,completed,configs/experiments/fm_air36_jobs/cfmi_air36_original_fold1.json,0f186f91120ec78c3c3aad221b99b266b06e2f919c0897152700e662b8a916a0,experiments/runs/flow_matching_campaign/cfmi_air36_original_fold1/result.json,configs/experiments/fm_air36_original_queue.v1.json,scripts/flow_matching/run_cfmi.py
csdi_air36_original_fold2,csdi,air36,author_protocol,historical_air36,,0.0,2,1,completed,configs/experiments/fm_air36_jobs/csdi_air36_original_fold2.json,c1a7bde101b9a400b0804d691a43642939a7610858f102e456626a5cd9bcacfd,experiments/runs/flow_matching_campaign/csdi_air36_original_fold2/result.json,configs/experiments/fm_air36_original_queue.v1.json,scripts/flow_matching/run_csdi.py
cfmi_air36_original_fold2,cfmi,air36,author_protocol,historical_air36,,,2,,completed,configs/experiments/fm_air36_jobs/cfmi_air36_original_fold2.json,951a45e38917dffcd2418dba81ead2bb775d60e878871d9025e55b13e5b2acc0,experiments/runs/flow_matching_campaign/cfmi_air36_original_fold2/result.json,configs/experiments/fm_air36_original_queue.v1.json,scripts/flow_matching/run_cfmi.py
csdi_air36_original_fold3,csdi,air36,author_protocol,historical_air36,,0.0,3,1,completed,configs/experiments/fm_air36_jobs/csdi_air36_original_fold3.json,9ae45427815aee643554a55f9071ef589759ffdb2c4bbc870ee6ae99b6aa7c38,experiments/runs/flow_matching_campaign/csdi_air36_original_fold3/result.json,configs/experiments/fm_air36_original_queue.v1.json,scripts/flow_matching/run_csdi.py
cfmi_air36_original_fold3,cfmi,air36,author_protocol,historical_air36,,,3,,completed,configs/experiments/fm_air36_jobs/cfmi_air36_original_fold3.json,7e0ce96b0caa5a366bde289ede8d5fe2a49d0655dbf76832a651ce28efefabdf,experiments/runs/flow_matching_campaign/cfmi_air36_original_fold3/result.json,configs/experiments/fm_air36_original_queue.v1.json,scripts/flow_matching/run_cfmi.py
csdi_air36_original_fold4,csdi,air36,author_protocol,historical_air36,,0.0,4,1,completed,configs/experiments/fm_air36_jobs/csdi_air36_original_fold4.json,729bd85d7a3ed34af124d1e481f0fdc02b14c8f40d680828a5e84ce111793bcd,experiments/runs/flow_matching_campaign/csdi_air36_original_fold4/result.json,configs/experiments/fm_air36_original_queue.v1.json,scripts/flow_matching/run_csdi.py
cfmi_air36_original_fold4,cfmi,air36,author_protocol,historical_air36,,,4,,completed,configs/experiments/fm_air36_jobs/cfmi_air36_original_fold4.json,cb4c100d9d81777a2c461fba39c3a3e32b24f0eeb00c8b4b418f4c4916523408,experiments/runs/flow_matching_campaign/cfmi_air36_original_fold4/result.json,configs/experiments/fm_air36_original_queue.v1.json,scripts/flow_matching/run_cfmi.py
saits_paper_saits_physio_seed26,saits,physio,author_protocol,paper_mask,,,,26,completed,configs/experiments/fm_saits_jobs/saits_paper_saits_physio_seed26.json,fdbed408f6c298a8e4435dd777087270055540148cbf1f9cf00e9775fda35883,experiments/runs/flow_matching_campaign/saits_paper_saits_physio_seed26/result.json,configs/experiments/fm_saits_physio_original_queue.v1.json,scripts/flow_matching/run_saits.py
saits_paper_brits_physio_seed26,brits,physio,author_protocol,paper_mask,,,,26,completed,configs/experiments/fm_saits_jobs/saits_paper_brits_physio_seed26.json,3ee81329dd34b0d2e85aea2ff12436c5ee164153ad0df57f6d0cd2202b65ddd6,experiments/runs/flow_matching_campaign/saits_paper_brits_physio_seed26/result.json,configs/experiments/fm_saits_physio_original_queue.v1.json,scripts/flow_matching/run_saits.py
saits_paper_saits_physio_seed27,saits,physio,author_protocol,paper_mask,,,,27,completed,configs/experiments/fm_saits_jobs/saits_paper_saits_physio_seed27.json,ee702566f48049852f31f42c3d616fcc186edd9840d765ec94599d7cf8fdaff3,experiments/runs/flow_matching_campaign/saits_paper_saits_physio_seed27/result.json,configs/experiments/fm_saits_physio_original_queue.v1.json,scripts/flow_matching/run_saits.py
saits_paper_brits_physio_seed27,brits,physio,author_protocol,paper_mask,,,,27,completed,configs/experiments/fm_saits_jobs/saits_paper_brits_physio_seed27.json,2450d0b85fb05b77fa3bec36640b8c70503d853c7bfcbeb4695ae64c360df2e3,experiments/runs/flow_matching_campaign/saits_paper_brits_physio_seed27/result.json,configs/experiments/fm_saits_physio_original_queue.v1.json,scripts/flow_matching/run_saits.py
saits_paper_saits_physio_seed28,saits,physio,author_protocol,paper_mask,,,,28,completed,configs/experiments/fm_saits_jobs/saits_paper_saits_physio_seed28.json,1d2f3664698a72fa817093bd17dd26cccdd8900b2c32a2594253bc14a86b3f35,experiments/runs/flow_matching_campaign/saits_paper_saits_physio_seed28/result.json,configs/experiments/fm_saits_physio_original_queue.v1.json,scripts/flow_matching/run_saits.py
saits_paper_brits_physio_seed28,brits,physio,author_protocol,paper_mask,,,,28,completed,configs/experiments/fm_saits_jobs/saits_paper_brits_physio_seed28.json,bb46cfcb3ca5f7c80e6656d70e03c0761129a80b95edc85b48c1f16ba38008f1,experiments/runs/flow_matching_campaign/saits_paper_brits_physio_seed28/result.json,configs/experiments/fm_saits_physio_original_queue.v1.json,scripts/flow_matching/run_saits.py
saits_paper_saits_physio_seed29,saits,physio,author_protocol,paper_mask,,,,29,completed,configs/experiments/fm_saits_jobs/saits_paper_saits_physio_seed29.json,e1ab863fad48f7e00985fe447d23114d3e38d610998b3424ae7cea48e8c1ded6,experiments/runs/flow_matching_campaign/saits_paper_saits_physio_seed29/result.json,configs/experiments/fm_saits_physio_original_queue.v1.json,scripts/flow_matching/run_saits.py
saits_paper_brits_physio_seed29,brits,physio,author_protocol,paper_mask,,,,29,not_run,configs/experiments/fm_saits_jobs/saits_paper_brits_physio_seed29.json,3298c65e07d6229d7e6ddf35ae8534d583100173d71a45489b47d5db21136290,experiments/runs/flow_matching_campaign/saits_paper_brits_physio_seed29/result.json,configs/experiments/fm_saits_physio_original_queue.v1.json,scripts/flow_matching/run_saits.py
saits_paper_saits_physio_seed30,saits,physio,author_protocol,paper_mask,,,,30,not_run,configs/experiments/fm_saits_jobs/saits_paper_saits_physio_seed30.json,b9a7af1ec8dc4fb19b35ce2e1668ef13d920de3fefe1d29b375c8e0e670a4dab,experiments/runs/flow_matching_campaign/saits_paper_saits_physio_seed30/result.json,configs/experiments/fm_saits_physio_original_queue.v1.json,scripts/flow_matching/run_saits.py
saits_paper_brits_physio_seed30,brits,physio,author_protocol,paper_mask,,,,30,not_run,configs/experiments/fm_saits_jobs/saits_paper_brits_physio_seed30.json,1d505f728193279ea6e092a306c341d2bf795a18ca00b571de33dad27020e8ec,experiments/runs/flow_matching_campaign/saits_paper_brits_physio_seed30/result.json,configs/experiments/fm_saits_physio_original_queue.v1.json,scripts/flow_matching/run_saits.py
saits_paper_saits_air_quality_132_author_missing0.1_seed26,saits,air_quality_132,author,paper_mask,0.1,0.1,,26,not_run,configs/experiments/fm_saits_timeseries_jobs/saits_paper_saits_air_quality_132_author_missing0.1_seed26.json,1563d19b27f9f17774abc4f108c8c0dd3b3ffad466022f07e17f762c05ae0b8c,experiments/runs/flow_matching_campaign/saits_paper_saits_air_quality_132_author_missing0.1_seed26/result.json,configs/experiments/fm_saits_timeseries_queue.v1.json,scripts/flow_matching/run_saits.py
saits_paper_saits_air_quality_132_author_missing0.1_seed27,saits,air_quality_132,author,paper_mask,0.1,0.1,,27,not_run,configs/experiments/fm_saits_timeseries_jobs/saits_paper_saits_air_quality_132_author_missing0.1_seed27.json,4733daf05c22594d83980f125298b5a9435e0ba51f75c230f582df4c1de0e4c4,experiments/runs/flow_matching_campaign/saits_paper_saits_air_quality_132_author_missing0.1_seed27/result.json,configs/experiments/fm_saits_timeseries_queue.v1.json,scripts/flow_matching/run_saits.py
saits_paper_saits_air_quality_132_author_missing0.1_seed28,saits,air_quality_132,author,paper_mask,0.1,0.1,,28,not_run,configs/experiments/fm_saits_timeseries_jobs/saits_paper_saits_air_quality_132_author_missing0.1_seed28.json,b1becc3eeffad7ffc264e8eee3db05ba9351add77599d7a7928e7869f39fc371,experiments/runs/flow_matching_campaign/saits_paper_saits_air_quality_132_author_missing0.1_seed28/result.json,configs/experiments/fm_saits_timeseries_queue.v1.json,scripts/flow_matching/run_saits.py
saits_paper_saits_air_quality_132_author_missing0.1_seed29,saits,air_quality_132,author,paper_mask,0.1,0.1,,29,not_run,configs/experiments/fm_saits_timeseries_jobs/saits_paper_saits_air_quality_132_author_missing0.1_seed29.json,e7c41c657ee2593f7067324bfe7b1cc445fa4ac80fc18252db5b373313447eac,experiments/runs/flow_matching_campaign/saits_paper_saits_air_quality_132_author_missing0.1_seed29/result.json,configs/experiments/fm_saits_timeseries_queue.v1.json,scripts/flow_matching/run_saits.py
saits_paper_saits_air_quality_132_author_missing0.1_seed30,saits,air_quality_132,author,paper_mask,0.1,0.1,,30,not_run,configs/experiments/fm_saits_timeseries_jobs/saits_paper_saits_air_quality_132_author_missing0.1_seed30.json,b28f42c8df3d275227bfab7112d690c81dafda7cfc733ff54d85c955255ca21d,experiments/runs/flow_matching_campaign/saits_paper_saits_air_quality_132_author_missing0.1_seed30/result.json,configs/experiments/fm_saits_timeseries_queue.v1.json,scripts/flow_matching/run_saits.py
saits_paper_brits_air_quality_132_author_missing0.1_seed26,brits,air_quality_132,author,paper_mask,0.1,0.1,,26,not_run,configs/experiments/fm_saits_timeseries_jobs/saits_paper_brits_air_quality_132_author_missing0.1_seed26.json,ec8e856dddd74d4ae4ffe042f91f6e2465f9dccaca60e82fbc131f51a88811be,experiments/runs/flow_matching_campaign/saits_paper_brits_air_quality_132_author_missing0.1_seed26/result.json,configs/experiments/fm_saits_timeseries_queue.v1.json,scripts/flow_matching/run_saits.py
saits_paper_brits_air_quality_132_author_missing0.1_seed27,brits,air_quality_132,author,paper_mask,0.1,0.1,,27,not_run,configs/experiments/fm_saits_timeseries_jobs/saits_paper_brits_air_quality_132_author_missing0.1_seed27.json,f14dd7240021b0a7fab325713edc05d654a5ff851b693cd0589536edff766730,experiments/runs/flow_matching_campaign/saits_paper_brits_air_quality_132_author_missing0.1_seed27/result.json,configs/experiments/fm_saits_timeseries_queue.v1.json,scripts/flow_matching/run_saits.py
saits_paper_brits_air_quality_132_author_missing0.1_seed28,brits,air_quality_132,author,paper_mask,0.1,0.1,,28,not_run,configs/experiments/fm_saits_timeseries_jobs/saits_paper_brits_air_quality_132_author_missing0.1_seed28.json,bc9610016c233a9516224fc8218535d93c3dcac26afcddd703608a4e10a115e5,experiments/runs/flow_matching_campaign/saits_paper_brits_air_quality_132_author_missing0.1_seed28/result.json,configs/experiments/fm_saits_timeseries_queue.v1.json,scripts/flow_matching/run_saits.py
saits_paper_brits_air_quality_132_author_missing0.1_seed29,brits,air_quality_132,author,paper_mask,0.1,0.1,,29,not_run,configs/experiments/fm_saits_timeseries_jobs/saits_paper_brits_air_quality_132_author_missing0.1_seed29.json,4bb407d9159e33fc5189dccaa79f583718bf3265e595d40337d17677cb54ba42,experiments/runs/flow_matching_campaign/saits_paper_brits_air_quality_132_author_missing0.1_seed29/result.json,configs/experiments/fm_saits_timeseries_queue.v1.json,scripts/flow_matching/run_saits.py
saits_paper_brits_air_quality_132_author_missing0.1_seed30,brits,air_quality_132,author,paper_mask,0.1,0.1,,30,not_run,configs/experiments/fm_saits_timeseries_jobs/saits_paper_brits_air_quality_132_author_missing0.1_seed30.json,960a00ea140f8fa31afd4334c76b8aca67f429ee1950b7833ea3e0a8cf879f9b,experiments/runs/flow_matching_campaign/saits_paper_brits_air_quality_132_author_missing0.1_seed30/result.json,configs/experiments/fm_saits_timeseries_queue.v1.json,scripts/flow_matching/run_saits.py
saits_paper_saits_electricity_author_missing0.1_seed26,saits,electricity,author,paper_mask,0.1,0.1,,26,not_run,configs/experiments/fm_saits_timeseries_jobs/saits_paper_saits_electricity_author_missing0.1_seed26.json,9a8a3ba7c74a01078464c2ab36643ab0a4444c265ba9ce515b0d2976e3d91423,experiments/runs/flow_matching_campaign/saits_paper_saits_electricity_author_missing0.1_seed26/result.json,configs/experiments/fm_saits_timeseries_queue.v1.json,scripts/flow_matching/run_saits.py
saits_paper_saits_electricity_author_missing0.1_seed27,saits,electricity,author,paper_mask,0.1,0.1,,27,not_run,configs/experiments/fm_saits_timeseries_jobs/saits_paper_saits_electricity_author_missing0.1_seed27.json,325ab8d32d6673196d3a224d886e5a1a471f705075a2a6f97ebf9c4f72292e16,experiments/runs/flow_matching_campaign/saits_paper_saits_electricity_author_missing0.1_seed27/result.json,configs/experiments/fm_saits_timeseries_queue.v1.json,scripts/flow_matching/run_saits.py
saits_paper_saits_electricity_author_missing0.1_seed28,saits,electricity,author,paper_mask,0.1,0.1,,28,not_run,configs/experiments/fm_saits_timeseries_jobs/saits_paper_saits_electricity_author_missing0.1_seed28.json,ee5ee4da29cbfa2a20a211655c8eca9e5852c80824c7fe39162f8cd1d50cce6f,experiments/runs/flow_matching_campaign/saits_paper_saits_electricity_author_missing0.1_seed28/result.json,configs/experiments/fm_saits_timeseries_queue.v1.json,scripts/flow_matching/run_saits.py
saits_paper_saits_electricity_author_missing0.1_seed29,saits,electricity,author,paper_mask,0.1,0.1,,29,not_run,configs/experiments/fm_saits_timeseries_jobs/saits_paper_saits_electricity_author_missing0.1_seed29.json,87372b30964a4bf6af38e6df5fb570716aff1371b55ed2f269fe958e8f7e31e2,experiments/runs/flow_matching_campaign/saits_paper_saits_electricity_author_missing0.1_seed29/result.json,configs/experiments/fm_saits_timeseries_queue.v1.json,scripts/flow_matching/run_saits.py
saits_paper_saits_electricity_author_missing0.1_seed30,saits,electricity,author,paper_mask,0.1,0.1,,30,not_run,configs/experiments/fm_saits_timeseries_jobs/saits_paper_saits_electricity_author_missing0.1_seed30.json,7dd2010f686cd6b3b7bf2b58708cd61de54d73fe60cc4eae19cc3d03a4beb238,experiments/runs/flow_matching_campaign/saits_paper_saits_electricity_author_missing0.1_seed30/result.json,configs/experiments/fm_saits_timeseries_queue.v1.json,scripts/flow_matching/run_saits.py
saits_paper_brits_electricity_author_missing0.1_seed26,brits,electricity,author,paper_mask,0.1,0.1,,26,not_run,configs/experiments/fm_saits_timeseries_jobs/saits_paper_brits_electricity_author_missing0.1_seed26.json,a66a3e4ea6b0b1b84030a41ad84ba0c488fbc9b0e02a0a288c52927854a929d2,experiments/runs/flow_matching_campaign/saits_paper_brits_electricity_author_missing0.1_seed26/result.json,configs/experiments/fm_saits_timeseries_queue.v1.json,scripts/flow_matching/run_saits.py
saits_paper_brits_electricity_author_missing0.1_seed27,brits,electricity,author,paper_mask,0.1,0.1,,27,not_run,configs/experiments/fm_saits_timeseries_jobs/saits_paper_brits_electricity_author_missing0.1_seed27.json,4cbbb24fb4f8d9bc48d22b4d5a3b07062b4597b8fa23afb303fa2150c2e3c96e,experiments/runs/flow_matching_campaign/saits_paper_brits_electricity_author_missing0.1_seed27/result.json,configs/experiments/fm_saits_timeseries_queue.v1.json,scripts/flow_matching/run_saits.py
saits_paper_brits_electricity_author_missing0.1_seed28,brits,electricity,author,paper_mask,0.1,0.1,,28,not_run,configs/experiments/fm_saits_timeseries_jobs/saits_paper_brits_electricity_author_missing0.1_seed28.json,0366651ea481ecbb92be0c5308e457fc356a8c01b858649a55d3c0236c79ae71,experiments/runs/flow_matching_campaign/saits_paper_brits_electricity_author_missing0.1_seed28/result.json,configs/experiments/fm_saits_timeseries_queue.v1.json,scripts/flow_matching/run_saits.py
saits_paper_brits_electricity_author_missing0.1_seed29,brits,electricity,author,paper_mask,0.1,0.1,,29,not_run,configs/experiments/fm_saits_timeseries_jobs/saits_paper_brits_electricity_author_missing0.1_seed29.json,2b70d016c8a1f591d14d6ca47d5fdb74c73c64c220e52d2be0508e30756ef77f,experiments/runs/flow_matching_campaign/saits_paper_brits_electricity_author_missing0.1_seed29/result.json,configs/experiments/fm_saits_timeseries_queue.v1.json,scripts/flow_matching/run_saits.py
saits_paper_brits_electricity_author_missing0.1_seed30,brits,electricity,author,paper_mask,0.1,0.1,,30,not_run,configs/experiments/fm_saits_timeseries_jobs/saits_paper_brits_electricity_author_missing0.1_seed30.json,c7a8f65385c14bdfdd8c1b868d47423d74bcb111828bfd8185de16e9d215e84e,experiments/runs/flow_matching_campaign/saits_paper_brits_electricity_author_missing0.1_seed30/result.json,configs/experiments/fm_saits_timeseries_queue.v1.json,scripts/flow_matching/run_saits.py
saits_paper_saits_electricity_author_missing0.2_seed26,saits,electricity,author,paper_mask,0.2,0.2,,26,not_run,configs/experiments/fm_saits_timeseries_jobs/saits_paper_saits_electricity_author_missing0.2_seed26.json,19af00b12ef1c117b105077434902776d0fbd58ac5dbb00bd9d325e73b0962b4,experiments/runs/flow_matching_campaign/saits_paper_saits_electricity_author_missing0.2_seed26/result.json,configs/experiments/fm_saits_timeseries_queue.v1.json,scripts/flow_matching/run_saits.py
saits_paper_saits_electricity_author_missing0.2_seed27,saits,electricity,author,paper_mask,0.2,0.2,,27,not_run,configs/experiments/fm_saits_timeseries_jobs/saits_paper_saits_electricity_author_missing0.2_seed27.json,fdabadb3add985b2b8ed6d237fae464d91cc962d85e4a3d259b04699ae64fcd3,experiments/runs/flow_matching_campaign/saits_paper_saits_electricity_author_missing0.2_seed27/result.json,configs/experiments/fm_saits_timeseries_queue.v1.json,scripts/flow_matching/run_saits.py
saits_paper_saits_electricity_author_missing0.2_seed28,saits,electricity,author,paper_mask,0.2,0.2,,28,not_run,configs/experiments/fm_saits_timeseries_jobs/saits_paper_saits_electricity_author_missing0.2_seed28.json,304c4c98b20e189ea60afc5edf52aa48db3095f39dffb0dee8a65b9f07d5a911,experiments/runs/flow_matching_campaign/saits_paper_saits_electricity_author_missing0.2_seed28/result.json,configs/experiments/fm_saits_timeseries_queue.v1.json,scripts/flow_matching/run_saits.py
saits_paper_saits_electricity_author_missing0.2_seed29,saits,electricity,author,paper_mask,0.2,0.2,,29,not_run,configs/experiments/fm_saits_timeseries_jobs/saits_paper_saits_electricity_author_missing0.2_seed29.json,52b58b335c328cd14d1cbfedd94e3f63a2dbdbfa8efa4f88faff4ab85154a266,experiments/runs/flow_matching_campaign/saits_paper_saits_electricity_author_missing0.2_seed29/result.json,configs/experiments/fm_saits_timeseries_queue.v1.json,scripts/flow_matching/run_saits.py
saits_paper_saits_electricity_author_missing0.2_seed30,saits,electricity,author,paper_mask,0.2,0.2,,30,not_run,configs/experiments/fm_saits_timeseries_jobs/saits_paper_saits_electricity_author_missing0.2_seed30.json,2575f02604a71b6f8af1ec5a3b21df0f1d7581f0f05c0753bada41f6d30c3831,experiments/runs/flow_matching_campaign/saits_paper_saits_electricity_author_missing0.2_seed30/result.json,configs/experiments/fm_saits_timeseries_queue.v1.json,scripts/flow_matching/run_saits.py
saits_paper_brits_electricity_author_missing0.2_seed26,brits,electricity,author,paper_mask,0.2,0.2,,26,not_run,configs/experiments/fm_saits_timeseries_jobs/saits_paper_brits_electricity_author_missing0.2_seed26.json,994e7a80ab3b81caf2828442939bb93f545a22fbf3bed62b659d86ae19d1aa6e,experiments/runs/flow_matching_campaign/saits_paper_brits_electricity_author_missing0.2_seed26/result.json,configs/experiments/fm_saits_timeseries_queue.v1.json,scripts/flow_matching/run_saits.py
saits_paper_brits_electricity_author_missing0.2_seed27,brits,electricity,author,paper_mask,0.2,0.2,,27,not_run,configs/experiments/fm_saits_timeseries_jobs/saits_paper_brits_electricity_author_missing0.2_seed27.json,faa4802ae10394feda0af95d73f764bd351c2388e21ef8a5445d717fef0f7cee,experiments/runs/flow_matching_campaign/saits_paper_brits_electricity_author_missing0.2_seed27/result.json,configs/experiments/fm_saits_timeseries_queue.v1.json,scripts/flow_matching/run_saits.py
saits_paper_brits_electricity_author_missing0.2_seed28,brits,electricity,author,paper_mask,0.2,0.2,,28,not_run,configs/experiments/fm_saits_timeseries_jobs/saits_paper_brits_electricity_author_missing0.2_seed28.json,7bc061eb7c2808e1b6c1099cdb8ed6256d293aa09ca92ee987047d361688dc86,experiments/runs/flow_matching_campaign/saits_paper_brits_electricity_author_missing0.2_seed28/result.json,configs/experiments/fm_saits_timeseries_queue.v1.json,scripts/flow_matching/run_saits.py
saits_paper_brits_electricity_author_missing0.2_seed29,brits,electricity,author,paper_mask,0.2,0.2,,29,not_run,configs/experiments/fm_saits_timeseries_jobs/saits_paper_brits_electricity_author_missing0.2_seed29.json,76a5461bbfcafc1060ee1ab86e2ba580b3c018305773f5c8312c6e39ea03ef2b,experiments/runs/flow_matching_campaign/saits_paper_brits_electricity_author_missing0.2_seed29/result.json,configs/experiments/fm_saits_timeseries_queue.v1.json,scripts/flow_matching/run_saits.py
saits_paper_brits_electricity_author_missing0.2_seed30,brits,electricity,author,paper_mask,0.2,0.2,,30,not_run,configs/experiments/fm_saits_timeseries_jobs/saits_paper_brits_electricity_author_missing0.2_seed30.json,26ebd075681564f7990443dc1b0d7ffbeba9e46356049ccbf89ec251e6c706b5,experiments/runs/flow_matching_campaign/saits_paper_brits_electricity_author_missing0.2_seed30/result.json,configs/experiments/fm_saits_timeseries_queue.v1.json,scripts/flow_matching/run_saits.py
saits_paper_saits_electricity_author_missing0.3_seed26,saits,electricity,author,paper_mask,0.3,0.3,,26,not_run,configs/experiments/fm_saits_timeseries_jobs/saits_paper_saits_electricity_author_missing0.3_seed26.json,f0bebb2ed8741ca3b90ab41b4a40fab53e94a83e32c7cf87c2d3eb8584c06235,experiments/runs/flow_matching_campaign/saits_paper_saits_electricity_author_missing0.3_seed26/result.json,configs/experiments/fm_saits_timeseries_queue.v1.json,scripts/flow_matching/run_saits.py
saits_paper_saits_electricity_author_missing0.3_seed27,saits,electricity,author,paper_mask,0.3,0.3,,27,not_run,configs/experiments/fm_saits_timeseries_jobs/saits_paper_saits_electricity_author_missing0.3_seed27.json,589244083c7e60f23d3779f05baf5958f25d3470de8fa67cbabac1bf68042797,experiments/runs/flow_matching_campaign/saits_paper_saits_electricity_author_missing0.3_seed27/result.json,configs/experiments/fm_saits_timeseries_queue.v1.json,scripts/flow_matching/run_saits.py
saits_paper_saits_electricity_author_missing0.3_seed28,saits,electricity,author,paper_mask,0.3,0.3,,28,not_run,configs/experiments/fm_saits_timeseries_jobs/saits_paper_saits_electricity_author_missing0.3_seed28.json,c7f32f89ea8e36a097cce046c630df4f74b34db26d0d8df184002e08a4671f8f,experiments/runs/flow_matching_campaign/saits_paper_saits_electricity_author_missing0.3_seed28/result.json,configs/experiments/fm_saits_timeseries_queue.v1.json,scripts/flow_matching/run_saits.py
saits_paper_saits_electricity_author_missing0.3_seed29,saits,electricity,author,paper_mask,0.3,0.3,,29,not_run,configs/experiments/fm_saits_timeseries_jobs/saits_paper_saits_electricity_author_missing0.3_seed29.json,a1baeca44795f5ad2f14f548fe27390ad7d037448336331d071917be1e9e5c16,experiments/runs/flow_matching_campaign/saits_paper_saits_electricity_author_missing0.3_seed29/result.json,configs/experiments/fm_saits_timeseries_queue.v1.json,scripts/flow_matching/run_saits.py
saits_paper_saits_electricity_author_missing0.3_seed30,saits,electricity,author,paper_mask,0.3,0.3,,30,not_run,configs/experiments/fm_saits_timeseries_jobs/saits_paper_saits_electricity_author_missing0.3_seed30.json,bb685b6f4e7293e5dcc6fde21ea734fe03f84f8137c3cd83a7a55df80a93e719,experiments/runs/flow_matching_campaign/saits_paper_saits_electricity_author_missing0.3_seed30/result.json,configs/experiments/fm_saits_timeseries_queue.v1.json,scripts/flow_matching/run_saits.py
saits_paper_brits_electricity_author_missing0.3_seed26,brits,electricity,author,paper_mask,0.3,0.3,,26,not_run,configs/experiments/fm_saits_timeseries_jobs/saits_paper_brits_electricity_author_missing0.3_seed26.json,4e8977c3af49ce50ffa7567c9c46c46f08f84ef74f681d3ed511ef9cc70b497d,experiments/runs/flow_matching_campaign/saits_paper_brits_electricity_author_missing0.3_seed26/result.json,configs/experiments/fm_saits_timeseries_queue.v1.json,scripts/flow_matching/run_saits.py
saits_paper_brits_electricity_author_missing0.3_seed27,brits,electricity,author,paper_mask,0.3,0.3,,27,not_run,configs/experiments/fm_saits_timeseries_jobs/saits_paper_brits_electricity_author_missing0.3_seed27.json,b3a2b6b1f4be5bf299e6a6ffbcfa17a8fbd266b443697ec258d64d4b71ab30ef,experiments/runs/flow_matching_campaign/saits_paper_brits_electricity_author_missing0.3_seed27/result.json,configs/experiments/fm_saits_timeseries_queue.v1.json,scripts/flow_matching/run_saits.py
saits_paper_brits_electricity_author_missing0.3_seed28,brits,electricity,author,paper_mask,0.3,0.3,,28,not_run,configs/experiments/fm_saits_timeseries_jobs/saits_paper_brits_electricity_author_missing0.3_seed28.json,47f5f287b11e95da913dba0c7478c2010db49cad723538d9b99eb9c078ab37c4,experiments/runs/flow_matching_campaign/saits_paper_brits_electricity_author_missing0.3_seed28/result.json,configs/experiments/fm_saits_timeseries_queue.v1.json,scripts/flow_matching/run_saits.py
saits_paper_brits_electricity_author_missing0.3_seed29,brits,electricity,author,paper_mask,0.3,0.3,,29,not_run,configs/experiments/fm_saits_timeseries_jobs/saits_paper_brits_electricity_author_missing0.3_seed29.json,3eb30232b77690ef2773ba1dde8a90f3ea7059061738d3e9c6613f07502dbb7b,experiments/runs/flow_matching_campaign/saits_paper_brits_electricity_author_missing0.3_seed29/result.json,configs/experiments/fm_saits_timeseries_queue.v1.json,scripts/flow_matching/run_saits.py
saits_paper_brits_electricity_author_missing0.3_seed30,brits,electricity,author,paper_mask,0.3,0.3,,30,not_run,configs/experiments/fm_saits_timeseries_jobs/saits_paper_brits_electricity_author_missing0.3_seed30.json,cd099da9799a8aaf8584665f01bb3f05fca14b04107fed36c0d32bbb6f768578,experiments/runs/flow_matching_campaign/saits_paper_brits_electricity_author_missing0.3_seed30/result.json,configs/experiments/fm_saits_timeseries_queue.v1.json,scripts/flow_matching/run_saits.py
saits_paper_saits_electricity_author_missing0.4_seed26,saits,electricity,author,paper_mask,0.4,0.4,,26,not_run,configs/experiments/fm_saits_timeseries_jobs/saits_paper_saits_electricity_author_missing0.4_seed26.json,fa1c1508b88cb8baaeae33da25f07ca4f6ff1a5a15a275bd4fa74aa6cf04b2e9,experiments/runs/flow_matching_campaign/saits_paper_saits_electricity_author_missing0.4_seed26/result.json,configs/experiments/fm_saits_timeseries_queue.v1.json,scripts/flow_matching/run_saits.py
saits_paper_saits_electricity_author_missing0.4_seed27,saits,electricity,author,paper_mask,0.4,0.4,,27,not_run,configs/experiments/fm_saits_timeseries_jobs/saits_paper_saits_electricity_author_missing0.4_seed27.json,0e53bf3747de8abcc1ca9beb4e1d635f8e065c7aab44bfb4e4e0dd419adfb77c,experiments/runs/flow_matching_campaign/saits_paper_saits_electricity_author_missing0.4_seed27/result.json,configs/experiments/fm_saits_timeseries_queue.v1.json,scripts/flow_matching/run_saits.py
saits_paper_saits_electricity_author_missing0.4_seed28,saits,electricity,author,paper_mask,0.4,0.4,,28,not_run,configs/experiments/fm_saits_timeseries_jobs/saits_paper_saits_electricity_author_missing0.4_seed28.json,655e55f77eaa9d273d84ba1c66aa67302692008d68d27835fd596e99033f1e11,experiments/runs/flow_matching_campaign/saits_paper_saits_electricity_author_missing0.4_seed28/result.json,configs/experiments/fm_saits_timeseries_queue.v1.json,scripts/flow_matching/run_saits.py
saits_paper_saits_electricity_author_missing0.4_seed29,saits,electricity,author,paper_mask,0.4,0.4,,29,not_run,configs/experiments/fm_saits_timeseries_jobs/saits_paper_saits_electricity_author_missing0.4_seed29.json,6d901c70b688c9375306053b09767754b6ebfe4c3c2df5c8aa823cb63885a657,experiments/runs/flow_matching_campaign/saits_paper_saits_electricity_author_missing0.4_seed29/result.json,configs/experiments/fm_saits_timeseries_queue.v1.json,scripts/flow_matching/run_saits.py
saits_paper_saits_electricity_author_missing0.4_seed30,saits,electricity,author,paper_mask,0.4,0.4,,30,not_run,configs/experiments/fm_saits_timeseries_jobs/saits_paper_saits_electricity_author_missing0.4_seed30.json,12663cee7981f3fef9f3977fde5793a6d6813bd5ff4d1d642a6840c0f5f03d5d,experiments/runs/flow_matching_campaign/saits_paper_saits_electricity_author_missing0.4_seed30/result.json,configs/experiments/fm_saits_timeseries_queue.v1.json,scripts/flow_matching/run_saits.py
saits_paper_brits_electricity_author_missing0.4_seed26,brits,electricity,author,paper_mask,0.4,0.4,,26,not_run,configs/experiments/fm_saits_timeseries_jobs/saits_paper_brits_electricity_author_missing0.4_seed26.json,98a7954c0701b7b4b11ee20e81c73fe922f7de11f889dd8aeefc063c46c89737,experiments/runs/flow_matching_campaign/saits_paper_brits_electricity_author_missing0.4_seed26/result.json,configs/experiments/fm_saits_timeseries_queue.v1.json,scripts/flow_matching/run_saits.py
saits_paper_brits_electricity_author_missing0.4_seed27,brits,electricity,author,paper_mask,0.4,0.4,,27,not_run,configs/experiments/fm_saits_timeseries_jobs/saits_paper_brits_electricity_author_missing0.4_seed27.json,8cff07b78d607a4ee0f2489f98fbf991dedd78e9953970a17e20af798ba9424d,experiments/runs/flow_matching_campaign/saits_paper_brits_electricity_author_missing0.4_seed27/result.json,configs/experiments/fm_saits_timeseries_queue.v1.json,scripts/flow_matching/run_saits.py
saits_paper_brits_electricity_author_missing0.4_seed28,brits,electricity,author,paper_mask,0.4,0.4,,28,not_run,configs/experiments/fm_saits_timeseries_jobs/saits_paper_brits_electricity_author_missing0.4_seed28.json,0d390cb6f5f7ab8fea049d9965b49b38b2023c7ca5325ee7ba3c3012824a225f,experiments/runs/flow_matching_campaign/saits_paper_brits_electricity_author_missing0.4_seed28/result.json,configs/experiments/fm_saits_timeseries_queue.v1.json,scripts/flow_matching/run_saits.py
saits_paper_brits_electricity_author_missing0.4_seed29,brits,electricity,author,paper_mask,0.4,0.4,,29,not_run,configs/experiments/fm_saits_timeseries_jobs/saits_paper_brits_electricity_author_missing0.4_seed29.json,94f1dc8da1e32320da0fba4fdc279b99d47501e1bff584c23038ebb01eb62189,experiments/runs/flow_matching_campaign/saits_paper_brits_electricity_author_missing0.4_seed29/result.json,configs/experiments/fm_saits_timeseries_queue.v1.json,scripts/flow_matching/run_saits.py
saits_paper_brits_electricity_author_missing0.4_seed30,brits,electricity,author,paper_mask,0.4,0.4,,30,not_run,configs/experiments/fm_saits_timeseries_jobs/saits_paper_brits_electricity_author_missing0.4_seed30.json,188b0c476f2dd0f6f86cee54c45b8a1406ae213abc44a75f824b29fb5aeee70c,experiments/runs/flow_matching_campaign/saits_paper_brits_electricity_author_missing0.4_seed30/result.json,configs/experiments/fm_saits_timeseries_queue.v1.json,scripts/flow_matching/run_saits.py
saits_paper_saits_electricity_author_missing0.5_seed26,saits,electricity,author,paper_mask,0.5,0.5,,26,not_run,configs/experiments/fm_saits_timeseries_jobs/saits_paper_saits_electricity_author_missing0.5_seed26.json,0627df04bd75f8b0ea001f7f8c7fbfc46612c12cac7b4c63b73fc8e4156f0fc3,experiments/runs/flow_matching_campaign/saits_paper_saits_electricity_author_missing0.5_seed26/result.json,configs/experiments/fm_saits_timeseries_queue.v1.json,scripts/flow_matching/run_saits.py
saits_paper_saits_electricity_author_missing0.5_seed27,saits,electricity,author,paper_mask,0.5,0.5,,27,not_run,configs/experiments/fm_saits_timeseries_jobs/saits_paper_saits_electricity_author_missing0.5_seed27.json,29f646d4c594fa74aae655bd7f2b7a56deac15fc65cee5fe39f70ae43cc3098f,experiments/runs/flow_matching_campaign/saits_paper_saits_electricity_author_missing0.5_seed27/result.json,configs/experiments/fm_saits_timeseries_queue.v1.json,scripts/flow_matching/run_saits.py
saits_paper_saits_electricity_author_missing0.5_seed28,saits,electricity,author,paper_mask,0.5,0.5,,28,not_run,configs/experiments/fm_saits_timeseries_jobs/saits_paper_saits_electricity_author_missing0.5_seed28.json,68aea4163d963030ae9bbc175f2bb6ff76b007a858326da06f1b8685e936fe2a,experiments/runs/flow_matching_campaign/saits_paper_saits_electricity_author_missing0.5_seed28/result.json,configs/experiments/fm_saits_timeseries_queue.v1.json,scripts/flow_matching/run_saits.py
saits_paper_saits_electricity_author_missing0.5_seed29,saits,electricity,author,paper_mask,0.5,0.5,,29,not_run,configs/experiments/fm_saits_timeseries_jobs/saits_paper_saits_electricity_author_missing0.5_seed29.json,44eb2df10f9f85596c0cfc05e00f4f5eecc9d184ae6b4735952df2667f5bff50,experiments/runs/flow_matching_campaign/saits_paper_saits_electricity_author_missing0.5_seed29/result.json,configs/experiments/fm_saits_timeseries_queue.v1.json,scripts/flow_matching/run_saits.py
saits_paper_saits_electricity_author_missing0.5_seed30,saits,electricity,author,paper_mask,0.5,0.5,,30,not_run,configs/experiments/fm_saits_timeseries_jobs/saits_paper_saits_electricity_author_missing0.5_seed30.json,3be44fc99e02719f29df8415ed4ccdc45eb82db87606c19e7bc9e661998b7a91,experiments/runs/flow_matching_campaign/saits_paper_saits_electricity_author_missing0.5_seed30/result.json,configs/experiments/fm_saits_timeseries_queue.v1.json,scripts/flow_matching/run_saits.py
saits_paper_brits_electricity_author_missing0.5_seed26,brits,electricity,author,paper_mask,0.5,0.5,,26,not_run,configs/experiments/fm_saits_timeseries_jobs/saits_paper_brits_electricity_author_missing0.5_seed26.json,46e9d917dab8da523acc5c8f0a1f995584773b8f68ccdb8b982f328ff967adf6,experiments/runs/flow_matching_campaign/saits_paper_brits_electricity_author_missing0.5_seed26/result.json,configs/experiments/fm_saits_timeseries_queue.v1.json,scripts/flow_matching/run_saits.py
saits_paper_brits_electricity_author_missing0.5_seed27,brits,electricity,author,paper_mask,0.5,0.5,,27,not_run,configs/experiments/fm_saits_timeseries_jobs/saits_paper_brits_electricity_author_missing0.5_seed27.json,2ebe306e02bb6d6716e90e73114408a4d03146ed896299c19524f394b4071d43,experiments/runs/flow_matching_campaign/saits_paper_brits_electricity_author_missing0.5_seed27/result.json,configs/experiments/fm_saits_timeseries_queue.v1.json,scripts/flow_matching/run_saits.py
saits_paper_brits_electricity_author_missing0.5_seed28,brits,electricity,author,paper_mask,0.5,0.5,,28,not_run,configs/experiments/fm_saits_timeseries_jobs/saits_paper_brits_electricity_author_missing0.5_seed28.json,6c0bfbf2685be639555c3eea17e070a556e14620b935eac87f5edb09bbe0d127,experiments/runs/flow_matching_campaign/saits_paper_brits_electricity_author_missing0.5_seed28/result.json,configs/experiments/fm_saits_timeseries_queue.v1.json,scripts/flow_matching/run_saits.py
saits_paper_brits_electricity_author_missing0.5_seed29,brits,electricity,author,paper_mask,0.5,0.5,,29,not_run,configs/experiments/fm_saits_timeseries_jobs/saits_paper_brits_electricity_author_missing0.5_seed29.json,7a863791c1a5899ebf4cac9b60d819b75b1a59663d4506d31926ca0a28a51202,experiments/runs/flow_matching_campaign/saits_paper_brits_electricity_author_missing0.5_seed29/result.json,configs/experiments/fm_saits_timeseries_queue.v1.json,scripts/flow_matching/run_saits.py
saits_paper_brits_electricity_author_missing0.5_seed30,brits,electricity,author,paper_mask,0.5,0.5,,30,not_run,configs/experiments/fm_saits_timeseries_jobs/saits_paper_brits_electricity_author_missing0.5_seed30.json,055748ec6a90d9864e2160fb804999877457f362064b9c533b8ba3e7777380e7,experiments/runs/flow_matching_campaign/saits_paper_brits_electricity_author_missing0.5_seed30/result.json,configs/experiments/fm_saits_timeseries_queue.v1.json,scripts/flow_matching/run_saits.py
saits_paper_saits_electricity_author_missing0.6_seed26,saits,electricity,author,paper_mask,0.6,0.6,,26,not_run,configs/experiments/fm_saits_timeseries_jobs/saits_paper_saits_electricity_author_missing0.6_seed26.json,06c043348cf5cf574a305b4c2348bdb8b4236e389a9b6190fbed89ec7dd65415,experiments/runs/flow_matching_campaign/saits_paper_saits_electricity_author_missing0.6_seed26/result.json,configs/experiments/fm_saits_timeseries_queue.v1.json,scripts/flow_matching/run_saits.py
saits_paper_saits_electricity_author_missing0.6_seed27,saits,electricity,author,paper_mask,0.6,0.6,,27,not_run,configs/experiments/fm_saits_timeseries_jobs/saits_paper_saits_electricity_author_missing0.6_seed27.json,e52f12af2f39655294985bbe8b4f6476fe1f02132178b6182e96d614ba915094,experiments/runs/flow_matching_campaign/saits_paper_saits_electricity_author_missing0.6_seed27/result.json,configs/experiments/fm_saits_timeseries_queue.v1.json,scripts/flow_matching/run_saits.py
saits_paper_saits_electricity_author_missing0.6_seed28,saits,electricity,author,paper_mask,0.6,0.6,,28,not_run,configs/experiments/fm_saits_timeseries_jobs/saits_paper_saits_electricity_author_missing0.6_seed28.json,f348a99bf7093a90d55d133d7a67eae80933f614c8e21f7ba9319f6693a9db7c,experiments/runs/flow_matching_campaign/saits_paper_saits_electricity_author_missing0.6_seed28/result.json,configs/experiments/fm_saits_timeseries_queue.v1.json,scripts/flow_matching/run_saits.py
saits_paper_saits_electricity_author_missing0.6_seed29,saits,electricity,author,paper_mask,0.6,0.6,,29,not_run,configs/experiments/fm_saits_timeseries_jobs/saits_paper_saits_electricity_author_missing0.6_seed29.json,79c47473e6d79012f3ae0e2506e9a6d597a1463d6e8d548c4d2cbc65df2738b0,experiments/runs/flow_matching_campaign/saits_paper_saits_electricity_author_missing0.6_seed29/result.json,configs/experiments/fm_saits_timeseries_queue.v1.json,scripts/flow_matching/run_saits.py
saits_paper_saits_electricity_author_missing0.6_seed30,saits,electricity,author,paper_mask,0.6,0.6,,30,not_run,configs/experiments/fm_saits_timeseries_jobs/saits_paper_saits_electricity_author_missing0.6_seed30.json,5c12826776e530f259ae20fb0675433b3e4e106807f12c948d0b81931a56d1f3,experiments/runs/flow_matching_campaign/saits_paper_saits_electricity_author_missing0.6_seed30/result.json,configs/experiments/fm_saits_timeseries_queue.v1.json,scripts/flow_matching/run_saits.py
saits_paper_brits_electricity_author_missing0.6_seed26,brits,electricity,author,paper_mask,0.6,0.6,,26,not_run,configs/experiments/fm_saits_timeseries_jobs/saits_paper_brits_electricity_author_missing0.6_seed26.json,dc5b76776e23c5cf646abc0dc37433439eb81000c5db3e6c54e50c04e689b1a8,experiments/runs/flow_matching_campaign/saits_paper_brits_electricity_author_missing0.6_seed26/result.json,configs/experiments/fm_saits_timeseries_queue.v1.json,scripts/flow_matching/run_saits.py
saits_paper_brits_electricity_author_missing0.6_seed27,brits,electricity,author,paper_mask,0.6,0.6,,27,not_run,configs/experiments/fm_saits_timeseries_jobs/saits_paper_brits_electricity_author_missing0.6_seed27.json,40bdeed5c49a84116a01672c76d99f3176ae615cd6df593c35be56b1155c9500,experiments/runs/flow_matching_campaign/saits_paper_brits_electricity_author_missing0.6_seed27/result.json,configs/experiments/fm_saits_timeseries_queue.v1.json,scripts/flow_matching/run_saits.py
saits_paper_brits_electricity_author_missing0.6_seed28,brits,electricity,author,paper_mask,0.6,0.6,,28,not_run,configs/experiments/fm_saits_timeseries_jobs/saits_paper_brits_electricity_author_missing0.6_seed28.json,4676693142df9b8f42e17be5d9b04a7953457677b5f7c06b31fb62ece1704bb5,experiments/runs/flow_matching_campaign/saits_paper_brits_electricity_author_missing0.6_seed28/result.json,configs/experiments/fm_saits_timeseries_queue.v1.json,scripts/flow_matching/run_saits.py
saits_paper_brits_electricity_author_missing0.6_seed29,brits,electricity,author,paper_mask,0.6,0.6,,29,not_run,configs/experiments/fm_saits_timeseries_jobs/saits_paper_brits_electricity_author_missing0.6_seed29.json,1c22be82c413567ad1db082a2ed5aa7ce0e3a1a4c4442ff680e03aede0fc49f7,experiments/runs/flow_matching_campaign/saits_paper_brits_electricity_author_missing0.6_seed29/result.json,configs/experiments/fm_saits_timeseries_queue.v1.json,scripts/flow_matching/run_saits.py
saits_paper_brits_electricity_author_missing0.6_seed30,brits,electricity,author,paper_mask,0.6,0.6,,30,not_run,configs/experiments/fm_saits_timeseries_jobs/saits_paper_brits_electricity_author_missing0.6_seed30.json,5328cbe7027e0cfdff9aee26623052b5a55177d7d85e4839e8260772406b305a,experiments/runs/flow_matching_campaign/saits_paper_brits_electricity_author_missing0.6_seed30/result.json,configs/experiments/fm_saits_timeseries_queue.v1.json,scripts/flow_matching/run_saits.py
saits_paper_saits_electricity_author_missing0.7_seed26,saits,electricity,author,paper_mask,0.7,0.7,,26,not_run,configs/experiments/fm_saits_timeseries_jobs/saits_paper_saits_electricity_author_missing0.7_seed26.json,88c614881cda86e9ca7697eecc73d859e4d3e93a561f569066805bbfab791d5c,experiments/runs/flow_matching_campaign/saits_paper_saits_electricity_author_missing0.7_seed26/result.json,configs/experiments/fm_saits_timeseries_queue.v1.json,scripts/flow_matching/run_saits.py
saits_paper_saits_electricity_author_missing0.7_seed27,saits,electricity,author,paper_mask,0.7,0.7,,27,not_run,configs/experiments/fm_saits_timeseries_jobs/saits_paper_saits_electricity_author_missing0.7_seed27.json,a25d7853a91803fca55ffe01fd97c726593102330f5d7481acaea8e491b18d91,experiments/runs/flow_matching_campaign/saits_paper_saits_electricity_author_missing0.7_seed27/result.json,configs/experiments/fm_saits_timeseries_queue.v1.json,scripts/flow_matching/run_saits.py
saits_paper_saits_electricity_author_missing0.7_seed28,saits,electricity,author,paper_mask,0.7,0.7,,28,not_run,configs/experiments/fm_saits_timeseries_jobs/saits_paper_saits_electricity_author_missing0.7_seed28.json,98e7bf1c077b0e7695412db820664f198a0a1b49475c11747272971855fea784,experiments/runs/flow_matching_campaign/saits_paper_saits_electricity_author_missing0.7_seed28/result.json,configs/experiments/fm_saits_timeseries_queue.v1.json,scripts/flow_matching/run_saits.py
saits_paper_saits_electricity_author_missing0.7_seed29,saits,electricity,author,paper_mask,0.7,0.7,,29,not_run,configs/experiments/fm_saits_timeseries_jobs/saits_paper_saits_electricity_author_missing0.7_seed29.json,7309a42f3cb36e553b634980a369cab999f14b0845b721c6c4030ae53f11d883,experiments/runs/flow_matching_campaign/saits_paper_saits_electricity_author_missing0.7_seed29/result.json,configs/experiments/fm_saits_timeseries_queue.v1.json,scripts/flow_matching/run_saits.py
saits_paper_saits_electricity_author_missing0.7_seed30,saits,electricity,author,paper_mask,0.7,0.7,,30,not_run,configs/experiments/fm_saits_timeseries_jobs/saits_paper_saits_electricity_author_missing0.7_seed30.json,9d60aed81de64eb32d2688fe500a75a71485da9605cd52bddb1e5d54bb63afea,experiments/runs/flow_matching_campaign/saits_paper_saits_electricity_author_missing0.7_seed30/result.json,configs/experiments/fm_saits_timeseries_queue.v1.json,scripts/flow_matching/run_saits.py
saits_paper_brits_electricity_author_missing0.7_seed26,brits,electricity,author,paper_mask,0.7,0.7,,26,not_run,configs/experiments/fm_saits_timeseries_jobs/saits_paper_brits_electricity_author_missing0.7_seed26.json,2846debb51cbf8068f1f9aa8427bd8508429959d8c70c4ff4aa4a2c77c4097e7,experiments/runs/flow_matching_campaign/saits_paper_brits_electricity_author_missing0.7_seed26/result.json,configs/experiments/fm_saits_timeseries_queue.v1.json,scripts/flow_matching/run_saits.py
saits_paper_brits_electricity_author_missing0.7_seed27,brits,electricity,author,paper_mask,0.7,0.7,,27,not_run,configs/experiments/fm_saits_timeseries_jobs/saits_paper_brits_electricity_author_missing0.7_seed27.json,b7eed1a388499735c0f7e569a4d2037c781c6216d76d2b3cdf67cb8fc94e7562,experiments/runs/flow_matching_campaign/saits_paper_brits_electricity_author_missing0.7_seed27/result.json,configs/experiments/fm_saits_timeseries_queue.v1.json,scripts/flow_matching/run_saits.py
saits_paper_brits_electricity_author_missing0.7_seed28,brits,electricity,author,paper_mask,0.7,0.7,,28,not_run,configs/experiments/fm_saits_timeseries_jobs/saits_paper_brits_electricity_author_missing0.7_seed28.json,271b11668aef135ce6bcdc9a88e74432a5e0ea732d236333fe106b45486d753b,experiments/runs/flow_matching_campaign/saits_paper_brits_electricity_author_missing0.7_seed28/result.json,configs/experiments/fm_saits_timeseries_queue.v1.json,scripts/flow_matching/run_saits.py
saits_paper_brits_electricity_author_missing0.7_seed29,brits,electricity,author,paper_mask,0.7,0.7,,29,not_run,configs/experiments/fm_saits_timeseries_jobs/saits_paper_brits_electricity_author_missing0.7_seed29.json,55300c2f1a6e2b3bd2819033785cc4722f7ff8f291fc67d666c291c706b35603,experiments/runs/flow_matching_campaign/saits_paper_brits_electricity_author_missing0.7_seed29/result.json,configs/experiments/fm_saits_timeseries_queue.v1.json,scripts/flow_matching/run_saits.py
saits_paper_brits_electricity_author_missing0.7_seed30,brits,electricity,author,paper_mask,0.7,0.7,,30,not_run,configs/experiments/fm_saits_timeseries_jobs/saits_paper_brits_electricity_author_missing0.7_seed30.json,8b579eb7e78b743094c5bbd1f7afa3bb92f3a861d9d3042ec0de7fd9bde15eda,experiments/runs/flow_matching_campaign/saits_paper_brits_electricity_author_missing0.7_seed30/result.json,configs/experiments/fm_saits_timeseries_queue.v1.json,scripts/flow_matching/run_saits.py
saits_paper_saits_electricity_author_missing0.8_seed26,saits,electricity,author,paper_mask,0.8,0.8,,26,not_run,configs/experiments/fm_saits_timeseries_jobs/saits_paper_saits_electricity_author_missing0.8_seed26.json,d069cf14a34f48cca27935d30c64e4b78144214db84632abe4eab4cc50726db3,experiments/runs/flow_matching_campaign/saits_paper_saits_electricity_author_missing0.8_seed26/result.json,configs/experiments/fm_saits_timeseries_queue.v1.json,scripts/flow_matching/run_saits.py
saits_paper_saits_electricity_author_missing0.8_seed27,saits,electricity,author,paper_mask,0.8,0.8,,27,not_run,configs/experiments/fm_saits_timeseries_jobs/saits_paper_saits_electricity_author_missing0.8_seed27.json,9ffdf794a28e910e0cbbc0f2fc42a0ccabe912b32fc531e65b6fb29ae34684bf,experiments/runs/flow_matching_campaign/saits_paper_saits_electricity_author_missing0.8_seed27/result.json,configs/experiments/fm_saits_timeseries_queue.v1.json,scripts/flow_matching/run_saits.py
saits_paper_saits_electricity_author_missing0.8_seed28,saits,electricity,author,paper_mask,0.8,0.8,,28,not_run,configs/experiments/fm_saits_timeseries_jobs/saits_paper_saits_electricity_author_missing0.8_seed28.json,3eb7323290d6ef57192a61b443fefbcabd791e65b6fca921490d2819e590adea,experiments/runs/flow_matching_campaign/saits_paper_saits_electricity_author_missing0.8_seed28/result.json,configs/experiments/fm_saits_timeseries_queue.v1.json,scripts/flow_matching/run_saits.py
saits_paper_saits_electricity_author_missing0.8_seed29,saits,electricity,author,paper_mask,0.8,0.8,,29,not_run,configs/experiments/fm_saits_timeseries_jobs/saits_paper_saits_electricity_author_missing0.8_seed29.json,90f5c7ce2cdc5f8fb50e6a18bdb637232692189a8c40d9d7ff8441823f44c3aa,experiments/runs/flow_matching_campaign/saits_paper_saits_electricity_author_missing0.8_seed29/result.json,configs/experiments/fm_saits_timeseries_queue.v1.json,scripts/flow_matching/run_saits.py
saits_paper_saits_electricity_author_missing0.8_seed30,saits,electricity,author,paper_mask,0.8,0.8,,30,not_run,configs/experiments/fm_saits_timeseries_jobs/saits_paper_saits_electricity_author_missing0.8_seed30.json,99f0212fea44a5ef7d910bc98b511a29bba378e6e73ae05cf21451011b6074e8,experiments/runs/flow_matching_campaign/saits_paper_saits_electricity_author_missing0.8_seed30/result.json,configs/experiments/fm_saits_timeseries_queue.v1.json,scripts/flow_matching/run_saits.py
saits_paper_brits_electricity_author_missing0.8_seed26,brits,electricity,author,paper_mask,0.8,0.8,,26,not_run,configs/experiments/fm_saits_timeseries_jobs/saits_paper_brits_electricity_author_missing0.8_seed26.json,44ae66bf3bb0203c7ec336a9a025e1b924c227b870be9f615d6a3e2fd508b558,experiments/runs/flow_matching_campaign/saits_paper_brits_electricity_author_missing0.8_seed26/result.json,configs/experiments/fm_saits_timeseries_queue.v1.json,scripts/flow_matching/run_saits.py
saits_paper_brits_electricity_author_missing0.8_seed27,brits,electricity,author,paper_mask,0.8,0.8,,27,not_run,configs/experiments/fm_saits_timeseries_jobs/saits_paper_brits_electricity_author_missing0.8_seed27.json,1df4e54a4b198ca40a2d41838dce192bd533f777e120a8100ff4d647e87e1a2a,experiments/runs/flow_matching_campaign/saits_paper_brits_electricity_author_missing0.8_seed27/result.json,configs/experiments/fm_saits_timeseries_queue.v1.json,scripts/flow_matching/run_saits.py
saits_paper_brits_electricity_author_missing0.8_seed28,brits,electricity,author,paper_mask,0.8,0.8,,28,not_run,configs/experiments/fm_saits_timeseries_jobs/saits_paper_brits_electricity_author_missing0.8_seed28.json,c30d1d4e7848fc15b86e013a8a2c64df57aaecb3858d3cfee0a0c4f50a563663,experiments/runs/flow_matching_campaign/saits_paper_brits_electricity_author_missing0.8_seed28/result.json,configs/experiments/fm_saits_timeseries_queue.v1.json,scripts/flow_matching/run_saits.py
saits_paper_brits_electricity_author_missing0.8_seed29,brits,electricity,author,paper_mask,0.8,0.8,,29,not_run,configs/experiments/fm_saits_timeseries_jobs/saits_paper_brits_electricity_author_missing0.8_seed29.json,6d18a96562f45aa7318a94ac342723b65bf719f8cae8bd9e8308a6b783244523,experiments/runs/flow_matching_campaign/saits_paper_brits_electricity_author_missing0.8_seed29/result.json,configs/experiments/fm_saits_timeseries_queue.v1.json,scripts/flow_matching/run_saits.py
saits_paper_brits_electricity_author_missing0.8_seed30,brits,electricity,author,paper_mask,0.8,0.8,,30,not_run,configs/experiments/fm_saits_timeseries_jobs/saits_paper_brits_electricity_author_missing0.8_seed30.json,cef1ca2ff459447ec41ad239441d89c70c15f5a708a62fe22dc11efab0774a9b,experiments/runs/flow_matching_campaign/saits_paper_brits_electricity_author_missing0.8_seed30/result.json,configs/experiments/fm_saits_timeseries_queue.v1.json,scripts/flow_matching/run_saits.py
saits_paper_saits_electricity_author_missing0.9_seed26,saits,electricity,author,paper_mask,0.9,0.9,,26,not_run,configs/experiments/fm_saits_timeseries_jobs/saits_paper_saits_electricity_author_missing0.9_seed26.json,a3b897a7fce65a1e2f938f534e37735ef1ca07c63d0ba0b8cb749b575989b310,experiments/runs/flow_matching_campaign/saits_paper_saits_electricity_author_missing0.9_seed26/result.json,configs/experiments/fm_saits_timeseries_queue.v1.json,scripts/flow_matching/run_saits.py
saits_paper_saits_electricity_author_missing0.9_seed27,saits,electricity,author,paper_mask,0.9,0.9,,27,not_run,configs/experiments/fm_saits_timeseries_jobs/saits_paper_saits_electricity_author_missing0.9_seed27.json,750fad645ac1561cb275384e80cd953c2daf06149d990819207943aabd34be88,experiments/runs/flow_matching_campaign/saits_paper_saits_electricity_author_missing0.9_seed27/result.json,configs/experiments/fm_saits_timeseries_queue.v1.json,scripts/flow_matching/run_saits.py
saits_paper_saits_electricity_author_missing0.9_seed28,saits,electricity,author,paper_mask,0.9,0.9,,28,not_run,configs/experiments/fm_saits_timeseries_jobs/saits_paper_saits_electricity_author_missing0.9_seed28.json,4dba3a0233b6c9acbad1c57aa851f2b1c62a0fd89c43add5de22e972a04c071c,experiments/runs/flow_matching_campaign/saits_paper_saits_electricity_author_missing0.9_seed28/result.json,configs/experiments/fm_saits_timeseries_queue.v1.json,scripts/flow_matching/run_saits.py
saits_paper_saits_electricity_author_missing0.9_seed29,saits,electricity,author,paper_mask,0.9,0.9,,29,not_run,configs/experiments/fm_saits_timeseries_jobs/saits_paper_saits_electricity_author_missing0.9_seed29.json,8b8258de3cd34388cc5aa35c9c981ae3b7440b4710303e1f174d0fee89a21b93,experiments/runs/flow_matching_campaign/saits_paper_saits_electricity_author_missing0.9_seed29/result.json,configs/experiments/fm_saits_timeseries_queue.v1.json,scripts/flow_matching/run_saits.py
saits_paper_saits_electricity_author_missing0.9_seed30,saits,electricity,author,paper_mask,0.9,0.9,,30,not_run,configs/experiments/fm_saits_timeseries_jobs/saits_paper_saits_electricity_author_missing0.9_seed30.json,6d7e478ccc8cc85ffbd8e0139d29e140d3702eb5960e0f2991f1093fe368e015,experiments/runs/flow_matching_campaign/saits_paper_saits_electricity_author_missing0.9_seed30/result.json,configs/experiments/fm_saits_timeseries_queue.v1.json,scripts/flow_matching/run_saits.py
saits_paper_brits_electricity_author_missing0.9_seed26,brits,electricity,author,paper_mask,0.9,0.9,,26,not_run,configs/experiments/fm_saits_timeseries_jobs/saits_paper_brits_electricity_author_missing0.9_seed26.json,1dfe7cd70cb5ea7a2ffe42d1207faf593b473e2c75117ccf6a9a422fb2205117,experiments/runs/flow_matching_campaign/saits_paper_brits_electricity_author_missing0.9_seed26/result.json,configs/experiments/fm_saits_timeseries_queue.v1.json,scripts/flow_matching/run_saits.py
saits_paper_brits_electricity_author_missing0.9_seed27,brits,electricity,author,paper_mask,0.9,0.9,,27,not_run,configs/experiments/fm_saits_timeseries_jobs/saits_paper_brits_electricity_author_missing0.9_seed27.json,54ff13a36114651c6bab695043c809256372a0248ed59edd9c36ebd449a61574,experiments/runs/flow_matching_campaign/saits_paper_brits_electricity_author_missing0.9_seed27/result.json,configs/experiments/fm_saits_timeseries_queue.v1.json,scripts/flow_matching/run_saits.py
saits_paper_brits_electricity_author_missing0.9_seed28,brits,electricity,author,paper_mask,0.9,0.9,,28,not_run,configs/experiments/fm_saits_timeseries_jobs/saits_paper_brits_electricity_author_missing0.9_seed28.json,2746b76d136e16f0b175e16ea237b7d850d06fbf4d5e4d53c62b7cdbc001f02a,experiments/runs/flow_matching_campaign/saits_paper_brits_electricity_author_missing0.9_seed28/result.json,configs/experiments/fm_saits_timeseries_queue.v1.json,scripts/flow_matching/run_saits.py
saits_paper_brits_electricity_author_missing0.9_seed29,brits,electricity,author,paper_mask,0.9,0.9,,29,not_run,configs/experiments/fm_saits_timeseries_jobs/saits_paper_brits_electricity_author_missing0.9_seed29.json,8e378ac76a26646c4e7275ed36ef7e9262af4e9fcc9530be3177f708ebfc5a07,experiments/runs/flow_matching_campaign/saits_paper_brits_electricity_author_missing0.9_seed29/result.json,configs/experiments/fm_saits_timeseries_queue.v1.json,scripts/flow_matching/run_saits.py
saits_paper_brits_electricity_author_missing0.9_seed30,brits,electricity,author,paper_mask,0.9,0.9,,30,not_run,configs/experiments/fm_saits_timeseries_jobs/saits_paper_brits_electricity_author_missing0.9_seed30.json,44c05bf3eb54f5581a597ba9a624c65bdb0e2990e512365bf0d513a52c9eb231,experiments/runs/flow_matching_campaign/saits_paper_brits_electricity_author_missing0.9_seed30/result.json,configs/experiments/fm_saits_timeseries_queue.v1.json,scripts/flow_matching/run_saits.py
saits_paper_saits_base_ett_author_missing0.1_seed26,saits_base,ett,author,paper_mask,0.1,0.1,,26,not_run,configs/experiments/fm_saits_timeseries_jobs/saits_paper_saits_base_ett_author_missing0.1_seed26.json,04d8cab45cf71de2716da0c9ff1a776b4cd2557a8c4ab51ac02809c225d33fe0,experiments/runs/flow_matching_campaign/saits_paper_saits_base_ett_author_missing0.1_seed26/result.json,configs/experiments/fm_saits_timeseries_queue.v1.json,scripts/flow_matching/run_saits.py
saits_paper_saits_base_ett_author_missing0.1_seed27,saits_base,ett,author,paper_mask,0.1,0.1,,27,not_run,configs/experiments/fm_saits_timeseries_jobs/saits_paper_saits_base_ett_author_missing0.1_seed27.json,becc67beb1dc08936b98f8f5825c7f8cacb3546f6848ced378cb2a0585cf0b26,experiments/runs/flow_matching_campaign/saits_paper_saits_base_ett_author_missing0.1_seed27/result.json,configs/experiments/fm_saits_timeseries_queue.v1.json,scripts/flow_matching/run_saits.py
saits_paper_saits_base_ett_author_missing0.1_seed28,saits_base,ett,author,paper_mask,0.1,0.1,,28,not_run,configs/experiments/fm_saits_timeseries_jobs/saits_paper_saits_base_ett_author_missing0.1_seed28.json,1500f32de9e8971d9ebbef5075c4a51a8e20050fa510684a53b19e77c669e8f9,experiments/runs/flow_matching_campaign/saits_paper_saits_base_ett_author_missing0.1_seed28/result.json,configs/experiments/fm_saits_timeseries_queue.v1.json,scripts/flow_matching/run_saits.py
saits_paper_saits_base_ett_author_missing0.1_seed29,saits_base,ett,author,paper_mask,0.1,0.1,,29,not_run,configs/experiments/fm_saits_timeseries_jobs/saits_paper_saits_base_ett_author_missing0.1_seed29.json,e0c9d27dbe3ad7b0f8134e1267dd0073349fb89d3fc2944f48a5812dc6a7f287,experiments/runs/flow_matching_campaign/saits_paper_saits_base_ett_author_missing0.1_seed29/result.json,configs/experiments/fm_saits_timeseries_queue.v1.json,scripts/flow_matching/run_saits.py
saits_paper_saits_base_ett_author_missing0.1_seed30,saits_base,ett,author,paper_mask,0.1,0.1,,30,not_run,configs/experiments/fm_saits_timeseries_jobs/saits_paper_saits_base_ett_author_missing0.1_seed30.json,4b1dc344898d5bce38c0e795aba74bde928be3e5c95314da6ecb1e386dec8512,experiments/runs/flow_matching_campaign/saits_paper_saits_base_ett_author_missing0.1_seed30/result.json,configs/experiments/fm_saits_timeseries_queue.v1.json,scripts/flow_matching/run_saits.py
saits_paper_saits_air_quality_132_corrected_missing0.1_seed26,saits,air_quality_132,corrected,paper_mask,0.1,0.1,,26,not_run,configs/experiments/fm_saits_timeseries_jobs/saits_paper_saits_air_quality_132_corrected_missing0.1_seed26.json,7b7916894669e6b4d4df687c0ad89afe06f3edeae5c92c4240f78c8941305afc,experiments/runs/flow_matching_campaign/saits_paper_saits_air_quality_132_corrected_missing0.1_seed26/result.json,configs/experiments/fm_saits_timeseries_queue.v1.json,scripts/flow_matching/run_saits.py
saits_paper_saits_air_quality_132_corrected_missing0.1_seed27,saits,air_quality_132,corrected,paper_mask,0.1,0.1,,27,not_run,configs/experiments/fm_saits_timeseries_jobs/saits_paper_saits_air_quality_132_corrected_missing0.1_seed27.json,23ca21dfefb3e410a9f29e30b316f1aafddcbb17cc4620bb09f011459c3c3707,experiments/runs/flow_matching_campaign/saits_paper_saits_air_quality_132_corrected_missing0.1_seed27/result.json,configs/experiments/fm_saits_timeseries_queue.v1.json,scripts/flow_matching/run_saits.py
saits_paper_saits_air_quality_132_corrected_missing0.1_seed28,saits,air_quality_132,corrected,paper_mask,0.1,0.1,,28,not_run,configs/experiments/fm_saits_timeseries_jobs/saits_paper_saits_air_quality_132_corrected_missing0.1_seed28.json,bee9b6ee65822b29007ce9b2cd93ddf1cc7421378407f43fdbe2ea0fa9e4efd4,experiments/runs/flow_matching_campaign/saits_paper_saits_air_quality_132_corrected_missing0.1_seed28/result.json,configs/experiments/fm_saits_timeseries_queue.v1.json,scripts/flow_matching/run_saits.py
saits_paper_saits_air_quality_132_corrected_missing0.1_seed29,saits,air_quality_132,corrected,paper_mask,0.1,0.1,,29,not_run,configs/experiments/fm_saits_timeseries_jobs/saits_paper_saits_air_quality_132_corrected_missing0.1_seed29.json,b54fa600cc912613a738f2d6f0ea6e7449e42ab86552cb440b41a6fd6884a5ee,experiments/runs/flow_matching_campaign/saits_paper_saits_air_quality_132_corrected_missing0.1_seed29/result.json,configs/experiments/fm_saits_timeseries_queue.v1.json,scripts/flow_matching/run_saits.py
saits_paper_saits_air_quality_132_corrected_missing0.1_seed30,saits,air_quality_132,corrected,paper_mask,0.1,0.1,,30,not_run,configs/experiments/fm_saits_timeseries_jobs/saits_paper_saits_air_quality_132_corrected_missing0.1_seed30.json,899d3f335353aa7d0bd29ac08ccaea8bd105cf9d65660bcff124c27b74fcdb3a,experiments/runs/flow_matching_campaign/saits_paper_saits_air_quality_132_corrected_missing0.1_seed30/result.json,configs/experiments/fm_saits_timeseries_queue.v1.json,scripts/flow_matching/run_saits.py
saits_paper_brits_air_quality_132_corrected_missing0.1_seed26,brits,air_quality_132,corrected,paper_mask,0.1,0.1,,26,not_run,configs/experiments/fm_saits_timeseries_jobs/saits_paper_brits_air_quality_132_corrected_missing0.1_seed26.json,ad7d684584ce6b8ff6a067461c408d5f5a174324ec5b943406c7818278df2897,experiments/runs/flow_matching_campaign/saits_paper_brits_air_quality_132_corrected_missing0.1_seed26/result.json,configs/experiments/fm_saits_timeseries_queue.v1.json,scripts/flow_matching/run_saits.py
saits_paper_brits_air_quality_132_corrected_missing0.1_seed27,brits,air_quality_132,corrected,paper_mask,0.1,0.1,,27,not_run,configs/experiments/fm_saits_timeseries_jobs/saits_paper_brits_air_quality_132_corrected_missing0.1_seed27.json,3eb2001dab8e1f555b19fdc534693d770e9691654ceef94fdcfd5f3fcd80fc9e,experiments/runs/flow_matching_campaign/saits_paper_brits_air_quality_132_corrected_missing0.1_seed27/result.json,configs/experiments/fm_saits_timeseries_queue.v1.json,scripts/flow_matching/run_saits.py
saits_paper_brits_air_quality_132_corrected_missing0.1_seed28,brits,air_quality_132,corrected,paper_mask,0.1,0.1,,28,not_run,configs/experiments/fm_saits_timeseries_jobs/saits_paper_brits_air_quality_132_corrected_missing0.1_seed28.json,e9a1ad7050e9a99eef1f5218e3def29ae928a361b4197c52354331d5178ea4da,experiments/runs/flow_matching_campaign/saits_paper_brits_air_quality_132_corrected_missing0.1_seed28/result.json,configs/experiments/fm_saits_timeseries_queue.v1.json,scripts/flow_matching/run_saits.py
saits_paper_brits_air_quality_132_corrected_missing0.1_seed29,brits,air_quality_132,corrected,paper_mask,0.1,0.1,,29,not_run,configs/experiments/fm_saits_timeseries_jobs/saits_paper_brits_air_quality_132_corrected_missing0.1_seed29.json,42af782ac022b503fbadee6f0b3b1e8ca46780062d8ddf3f6310a8edd602331d,experiments/runs/flow_matching_campaign/saits_paper_brits_air_quality_132_corrected_missing0.1_seed29/result.json,configs/experiments/fm_saits_timeseries_queue.v1.json,scripts/flow_matching/run_saits.py
saits_paper_brits_air_quality_132_corrected_missing0.1_seed30,brits,air_quality_132,corrected,paper_mask,0.1,0.1,,30,not_run,configs/experiments/fm_saits_timeseries_jobs/saits_paper_brits_air_quality_132_corrected_missing0.1_seed30.json,21e9f8307ce05fe6d49141a423153d1323f49333de31831f2073dc63bbe81712,experiments/runs/flow_matching_campaign/saits_paper_brits_air_quality_132_corrected_missing0.1_seed30/result.json,configs/experiments/fm_saits_timeseries_queue.v1.json,scripts/flow_matching/run_saits.py
saits_paper_saits_electricity_corrected_missing0.1_seed26,saits,electricity,corrected,paper_mask,0.1,0.1,,26,not_run,configs/experiments/fm_saits_timeseries_jobs/saits_paper_saits_electricity_corrected_missing0.1_seed26.json,5f45e169652b7d56ae438d1cd061e4e526b75e91a60eecf48e4e0621bfd21930,experiments/runs/flow_matching_campaign/saits_paper_saits_electricity_corrected_missing0.1_seed26/result.json,configs/experiments/fm_saits_timeseries_queue.v1.json,scripts/flow_matching/run_saits.py
saits_paper_saits_electricity_corrected_missing0.1_seed27,saits,electricity,corrected,paper_mask,0.1,0.1,,27,not_run,configs/experiments/fm_saits_timeseries_jobs/saits_paper_saits_electricity_corrected_missing0.1_seed27.json,338d860c1d59f988d17bcaaab366254e9c998aa6f2a797d014a0875536eb6484,experiments/runs/flow_matching_campaign/saits_paper_saits_electricity_corrected_missing0.1_seed27/result.json,configs/experiments/fm_saits_timeseries_queue.v1.json,scripts/flow_matching/run_saits.py
saits_paper_saits_electricity_corrected_missing0.1_seed28,saits,electricity,corrected,paper_mask,0.1,0.1,,28,not_run,configs/experiments/fm_saits_timeseries_jobs/saits_paper_saits_electricity_corrected_missing0.1_seed28.json,e1d7e97af236c14ef5dcbffee3b29cf29a3859dcd12f03bf768756b99e3446f3,experiments/runs/flow_matching_campaign/saits_paper_saits_electricity_corrected_missing0.1_seed28/result.json,configs/experiments/fm_saits_timeseries_queue.v1.json,scripts/flow_matching/run_saits.py
saits_paper_saits_electricity_corrected_missing0.1_seed29,saits,electricity,corrected,paper_mask,0.1,0.1,,29,not_run,configs/experiments/fm_saits_timeseries_jobs/saits_paper_saits_electricity_corrected_missing0.1_seed29.json,950f505a56569b5e2acc714ad894c2500439ebda8626e0b26d0a2e86e82de3dd,experiments/runs/flow_matching_campaign/saits_paper_saits_electricity_corrected_missing0.1_seed29/result.json,configs/experiments/fm_saits_timeseries_queue.v1.json,scripts/flow_matching/run_saits.py
saits_paper_saits_electricity_corrected_missing0.1_seed30,saits,electricity,corrected,paper_mask,0.1,0.1,,30,not_run,configs/experiments/fm_saits_timeseries_jobs/saits_paper_saits_electricity_corrected_missing0.1_seed30.json,af8657211ed8165d89d6be158295d35c66353fe05040b2477c2bd495f35d2092,experiments/runs/flow_matching_campaign/saits_paper_saits_electricity_corrected_missing0.1_seed30/result.json,configs/experiments/fm_saits_timeseries_queue.v1.json,scripts/flow_matching/run_saits.py
saits_paper_brits_electricity_corrected_missing0.1_seed26,brits,electricity,corrected,paper_mask,0.1,0.1,,26,not_run,configs/experiments/fm_saits_timeseries_jobs/saits_paper_brits_electricity_corrected_missing0.1_seed26.json,5d21aa0b0822de16ae7f8fc02c43b357a1e99b3d63df30d0dc90b38203ef46ac,experiments/runs/flow_matching_campaign/saits_paper_brits_electricity_corrected_missing0.1_seed26/result.json,configs/experiments/fm_saits_timeseries_queue.v1.json,scripts/flow_matching/run_saits.py
saits_paper_brits_electricity_corrected_missing0.1_seed27,brits,electricity,corrected,paper_mask,0.1,0.1,,27,not_run,configs/experiments/fm_saits_timeseries_jobs/saits_paper_brits_electricity_corrected_missing0.1_seed27.json,1997634d2f098c96e77aed305b899442bc3b1d21c33da61e8ba56e9aef366011,experiments/runs/flow_matching_campaign/saits_paper_brits_electricity_corrected_missing0.1_seed27/result.json,configs/experiments/fm_saits_timeseries_queue.v1.json,scripts/flow_matching/run_saits.py
saits_paper_brits_electricity_corrected_missing0.1_seed28,brits,electricity,corrected,paper_mask,0.1,0.1,,28,not_run,configs/experiments/fm_saits_timeseries_jobs/saits_paper_brits_electricity_corrected_missing0.1_seed28.json,49589e6e72168fc66309ad5e1da366f8ac0cb5bec60dfc1bd165b4f95b7220f3,experiments/runs/flow_matching_campaign/saits_paper_brits_electricity_corrected_missing0.1_seed28/result.json,configs/experiments/fm_saits_timeseries_queue.v1.json,scripts/flow_matching/run_saits.py
saits_paper_brits_electricity_corrected_missing0.1_seed29,brits,electricity,corrected,paper_mask,0.1,0.1,,29,not_run,configs/experiments/fm_saits_timeseries_jobs/saits_paper_brits_electricity_corrected_missing0.1_seed29.json,b7fd6a429d85a8b94a43d58cb1bb9b4676bebd9cab10f4a2adc6dc6e586bcde2,experiments/runs/flow_matching_campaign/saits_paper_brits_electricity_corrected_missing0.1_seed29/result.json,configs/experiments/fm_saits_timeseries_queue.v1.json,scripts/flow_matching/run_saits.py
saits_paper_brits_electricity_corrected_missing0.1_seed30,brits,electricity,corrected,paper_mask,0.1,0.1,,30,not_run,configs/experiments/fm_saits_timeseries_jobs/saits_paper_brits_electricity_corrected_missing0.1_seed30.json,030ecf93cdec7523894ac9fc4c3d7ff5648b3b3c069c2265b5dd4fa61d71389a,experiments/runs/flow_matching_campaign/saits_paper_brits_electricity_corrected_missing0.1_seed30/result.json,configs/experiments/fm_saits_timeseries_queue.v1.json,scripts/flow_matching/run_saits.py
saits_paper_saits_electricity_corrected_missing0.2_seed26,saits,electricity,corrected,paper_mask,0.2,0.2,,26,not_run,configs/experiments/fm_saits_timeseries_jobs/saits_paper_saits_electricity_corrected_missing0.2_seed26.json,58e9b99a9bba19643f82aef06e7e5533164e582051f8cea74163cb2677d72788,experiments/runs/flow_matching_campaign/saits_paper_saits_electricity_corrected_missing0.2_seed26/result.json,configs/experiments/fm_saits_timeseries_queue.v1.json,scripts/flow_matching/run_saits.py
saits_paper_saits_electricity_corrected_missing0.2_seed27,saits,electricity,corrected,paper_mask,0.2,0.2,,27,not_run,configs/experiments/fm_saits_timeseries_jobs/saits_paper_saits_electricity_corrected_missing0.2_seed27.json,b85c935331fa8913ea07f44a8f1ea52dfd06dd2ed51f028ec53e16826ec70e7d,experiments/runs/flow_matching_campaign/saits_paper_saits_electricity_corrected_missing0.2_seed27/result.json,configs/experiments/fm_saits_timeseries_queue.v1.json,scripts/flow_matching/run_saits.py
saits_paper_saits_electricity_corrected_missing0.2_seed28,saits,electricity,corrected,paper_mask,0.2,0.2,,28,not_run,configs/experiments/fm_saits_timeseries_jobs/saits_paper_saits_electricity_corrected_missing0.2_seed28.json,c62e207ac672d051dcc036eda7f0e5983b9b1fa84ff0d502b4964bf2f26c4812,experiments/runs/flow_matching_campaign/saits_paper_saits_electricity_corrected_missing0.2_seed28/result.json,configs/experiments/fm_saits_timeseries_queue.v1.json,scripts/flow_matching/run_saits.py
saits_paper_saits_electricity_corrected_missing0.2_seed29,saits,electricity,corrected,paper_mask,0.2,0.2,,29,not_run,configs/experiments/fm_saits_timeseries_jobs/saits_paper_saits_electricity_corrected_missing0.2_seed29.json,fb48a6de3a8a58436208058c918a4498bc958ced633d9a8d31ac30526ff5a042,experiments/runs/flow_matching_campaign/saits_paper_saits_electricity_corrected_missing0.2_seed29/result.json,configs/experiments/fm_saits_timeseries_queue.v1.json,scripts/flow_matching/run_saits.py
saits_paper_saits_electricity_corrected_missing0.2_seed30,saits,electricity,corrected,paper_mask,0.2,0.2,,30,not_run,configs/experiments/fm_saits_timeseries_jobs/saits_paper_saits_electricity_corrected_missing0.2_seed30.json,cf9ba74e8225c7f88eee0f0e4246539077692ebd41cd7e93fcec511c4348dc14,experiments/runs/flow_matching_campaign/saits_paper_saits_electricity_corrected_missing0.2_seed30/result.json,configs/experiments/fm_saits_timeseries_queue.v1.json,scripts/flow_matching/run_saits.py
saits_paper_brits_electricity_corrected_missing0.2_seed26,brits,electricity,corrected,paper_mask,0.2,0.2,,26,not_run,configs/experiments/fm_saits_timeseries_jobs/saits_paper_brits_electricity_corrected_missing0.2_seed26.json,9a33842ce6ddbd33409ebe93142b130d196310b35396e2fff6b325761ae29a6d,experiments/runs/flow_matching_campaign/saits_paper_brits_electricity_corrected_missing0.2_seed26/result.json,configs/experiments/fm_saits_timeseries_queue.v1.json,scripts/flow_matching/run_saits.py
saits_paper_brits_electricity_corrected_missing0.2_seed27,brits,electricity,corrected,paper_mask,0.2,0.2,,27,not_run,configs/experiments/fm_saits_timeseries_jobs/saits_paper_brits_electricity_corrected_missing0.2_seed27.json,6f8becd0afbed4cd7423e2385683c46a21f1ba256fd338f36ea6b9cf0a9e7553,experiments/runs/flow_matching_campaign/saits_paper_brits_electricity_corrected_missing0.2_seed27/result.json,configs/experiments/fm_saits_timeseries_queue.v1.json,scripts/flow_matching/run_saits.py
saits_paper_brits_electricity_corrected_missing0.2_seed28,brits,electricity,corrected,paper_mask,0.2,0.2,,28,not_run,configs/experiments/fm_saits_timeseries_jobs/saits_paper_brits_electricity_corrected_missing0.2_seed28.json,573a8796d5b104c16a2f05cfa05f28635f465759844a95d329928f811f5cf2b2,experiments/runs/flow_matching_campaign/saits_paper_brits_electricity_corrected_missing0.2_seed28/result.json,configs/experiments/fm_saits_timeseries_queue.v1.json,scripts/flow_matching/run_saits.py
saits_paper_brits_electricity_corrected_missing0.2_seed29,brits,electricity,corrected,paper_mask,0.2,0.2,,29,not_run,configs/experiments/fm_saits_timeseries_jobs/saits_paper_brits_electricity_corrected_missing0.2_seed29.json,a62e8ff357b524ae25fd2fed9f60c94d8d0f3360a271204039ec23721a9462a3,experiments/runs/flow_matching_campaign/saits_paper_brits_electricity_corrected_missing0.2_seed29/result.json,configs/experiments/fm_saits_timeseries_queue.v1.json,scripts/flow_matching/run_saits.py
saits_paper_brits_electricity_corrected_missing0.2_seed30,brits,electricity,corrected,paper_mask,0.2,0.2,,30,not_run,configs/experiments/fm_saits_timeseries_jobs/saits_paper_brits_electricity_corrected_missing0.2_seed30.json,f1bd329441d1e2c687d2ec6bc185b4d379eaa9e38283e84c5b4721c6ac5157d1,experiments/runs/flow_matching_campaign/saits_paper_brits_electricity_corrected_missing0.2_seed30/result.json,configs/experiments/fm_saits_timeseries_queue.v1.json,scripts/flow_matching/run_saits.py
saits_paper_saits_electricity_corrected_missing0.3_seed26,saits,electricity,corrected,paper_mask,0.3,0.3,,26,not_run,configs/experiments/fm_saits_timeseries_jobs/saits_paper_saits_electricity_corrected_missing0.3_seed26.json,39ee7b4cfe15fb472c337084a2960f96bc1a4849154ba704ba6f202e6747fcfa,experiments/runs/flow_matching_campaign/saits_paper_saits_electricity_corrected_missing0.3_seed26/result.json,configs/experiments/fm_saits_timeseries_queue.v1.json,scripts/flow_matching/run_saits.py
saits_paper_saits_electricity_corrected_missing0.3_seed27,saits,electricity,corrected,paper_mask,0.3,0.3,,27,not_run,configs/experiments/fm_saits_timeseries_jobs/saits_paper_saits_electricity_corrected_missing0.3_seed27.json,993263b2c304a7f72b66fdee032bbbaeff3e1e844010951c2c100c6bf59e2dcd,experiments/runs/flow_matching_campaign/saits_paper_saits_electricity_corrected_missing0.3_seed27/result.json,configs/experiments/fm_saits_timeseries_queue.v1.json,scripts/flow_matching/run_saits.py
saits_paper_saits_electricity_corrected_missing0.3_seed28,saits,electricity,corrected,paper_mask,0.3,0.3,,28,not_run,configs/experiments/fm_saits_timeseries_jobs/saits_paper_saits_electricity_corrected_missing0.3_seed28.json,1d34dec15db9e3c0a9bbc4a2f117d2a63f5cdb2256f9ccb488c58468fceda0dc,experiments/runs/flow_matching_campaign/saits_paper_saits_electricity_corrected_missing0.3_seed28/result.json,configs/experiments/fm_saits_timeseries_queue.v1.json,scripts/flow_matching/run_saits.py
saits_paper_saits_electricity_corrected_missing0.3_seed29,saits,electricity,corrected,paper_mask,0.3,0.3,,29,not_run,configs/experiments/fm_saits_timeseries_jobs/saits_paper_saits_electricity_corrected_missing0.3_seed29.json,ed47e9334770d1d925f1a2271411fd27db32bfb4d106a7a82f17132ec6e5d26f,experiments/runs/flow_matching_campaign/saits_paper_saits_electricity_corrected_missing0.3_seed29/result.json,configs/experiments/fm_saits_timeseries_queue.v1.json,scripts/flow_matching/run_saits.py
saits_paper_saits_electricity_corrected_missing0.3_seed30,saits,electricity,corrected,paper_mask,0.3,0.3,,30,not_run,configs/experiments/fm_saits_timeseries_jobs/saits_paper_saits_electricity_corrected_missing0.3_seed30.json,48d2de366443e02e39c8b0d76ca5cabbfc2d47b8263712fbcedbb3d17a5b342e,experiments/runs/flow_matching_campaign/saits_paper_saits_electricity_corrected_missing0.3_seed30/result.json,configs/experiments/fm_saits_timeseries_queue.v1.json,scripts/flow_matching/run_saits.py
saits_paper_brits_electricity_corrected_missing0.3_seed26,brits,electricity,corrected,paper_mask,0.3,0.3,,26,not_run,configs/experiments/fm_saits_timeseries_jobs/saits_paper_brits_electricity_corrected_missing0.3_seed26.json,4153c6e73063b27e8671dbf8205eaf5407bdb5df5414324410d1365c6f921fba,experiments/runs/flow_matching_campaign/saits_paper_brits_electricity_corrected_missing0.3_seed26/result.json,configs/experiments/fm_saits_timeseries_queue.v1.json,scripts/flow_matching/run_saits.py
saits_paper_brits_electricity_corrected_missing0.3_seed27,brits,electricity,corrected,paper_mask,0.3,0.3,,27,not_run,configs/experiments/fm_saits_timeseries_jobs/saits_paper_brits_electricity_corrected_missing0.3_seed27.json,5e3e77ec4056ef345548859ec02fea859cb1b4466663a93200d91db5883d96d0,experiments/runs/flow_matching_campaign/saits_paper_brits_electricity_corrected_missing0.3_seed27/result.json,configs/experiments/fm_saits_timeseries_queue.v1.json,scripts/flow_matching/run_saits.py
saits_paper_brits_electricity_corrected_missing0.3_seed28,brits,electricity,corrected,paper_mask,0.3,0.3,,28,not_run,configs/experiments/fm_saits_timeseries_jobs/saits_paper_brits_electricity_corrected_missing0.3_seed28.json,1cecaae1f94be53f5109cef070a9b1f53c8042d6359b13bd9154efd1b42689de,experiments/runs/flow_matching_campaign/saits_paper_brits_electricity_corrected_missing0.3_seed28/result.json,configs/experiments/fm_saits_timeseries_queue.v1.json,scripts/flow_matching/run_saits.py
saits_paper_brits_electricity_corrected_missing0.3_seed29,brits,electricity,corrected,paper_mask,0.3,0.3,,29,not_run,configs/experiments/fm_saits_timeseries_jobs/saits_paper_brits_electricity_corrected_missing0.3_seed29.json,28bdfc147c60a6f09918aff032b7aa306027a1c8ad87a006c72fe26d63d3d625,experiments/runs/flow_matching_campaign/saits_paper_brits_electricity_corrected_missing0.3_seed29/result.json,configs/experiments/fm_saits_timeseries_queue.v1.json,scripts/flow_matching/run_saits.py
saits_paper_brits_electricity_corrected_missing0.3_seed30,brits,electricity,corrected,paper_mask,0.3,0.3,,30,not_run,configs/experiments/fm_saits_timeseries_jobs/saits_paper_brits_electricity_corrected_missing0.3_seed30.json,a13ad7e443a5f63d88495d7d3e2e406ba47a945addbc06d6a3b7cff1cf99201f,experiments/runs/flow_matching_campaign/saits_paper_brits_electricity_corrected_missing0.3_seed30/result.json,configs/experiments/fm_saits_timeseries_queue.v1.json,scripts/flow_matching/run_saits.py
saits_paper_saits_electricity_corrected_missing0.4_seed26,saits,electricity,corrected,paper_mask,0.4,0.4,,26,not_run,configs/experiments/fm_saits_timeseries_jobs/saits_paper_saits_electricity_corrected_missing0.4_seed26.json,4e59ee75c87a1aa3b0b79b59aa53ec24eb6aad932ba4db71ddd9fd26a3b8bf41,experiments/runs/flow_matching_campaign/saits_paper_saits_electricity_corrected_missing0.4_seed26/result.json,configs/experiments/fm_saits_timeseries_queue.v1.json,scripts/flow_matching/run_saits.py
saits_paper_saits_electricity_corrected_missing0.4_seed27,saits,electricity,corrected,paper_mask,0.4,0.4,,27,not_run,configs/experiments/fm_saits_timeseries_jobs/saits_paper_saits_electricity_corrected_missing0.4_seed27.json,3e52ca74d7b89f54b5282b8d36207eddf0e9f0d1211250df6659e28e6f6ab100,experiments/runs/flow_matching_campaign/saits_paper_saits_electricity_corrected_missing0.4_seed27/result.json,configs/experiments/fm_saits_timeseries_queue.v1.json,scripts/flow_matching/run_saits.py
saits_paper_saits_electricity_corrected_missing0.4_seed28,saits,electricity,corrected,paper_mask,0.4,0.4,,28,not_run,configs/experiments/fm_saits_timeseries_jobs/saits_paper_saits_electricity_corrected_missing0.4_seed28.json,4a21abed42151032ec880b5ea420f6e1608f23c276b2f94f84929df216ecd179,experiments/runs/flow_matching_campaign/saits_paper_saits_electricity_corrected_missing0.4_seed28/result.json,configs/experiments/fm_saits_timeseries_queue.v1.json,scripts/flow_matching/run_saits.py
saits_paper_saits_electricity_corrected_missing0.4_seed29,saits,electricity,corrected,paper_mask,0.4,0.4,,29,not_run,configs/experiments/fm_saits_timeseries_jobs/saits_paper_saits_electricity_corrected_missing0.4_seed29.json,bf39b5d9aa748066cc33347495855ec8b520b3a8bc3c7ae40cf94cf809fa3b28,experiments/runs/flow_matching_campaign/saits_paper_saits_electricity_corrected_missing0.4_seed29/result.json,configs/experiments/fm_saits_timeseries_queue.v1.json,scripts/flow_matching/run_saits.py
saits_paper_saits_electricity_corrected_missing0.4_seed30,saits,electricity,corrected,paper_mask,0.4,0.4,,30,not_run,configs/experiments/fm_saits_timeseries_jobs/saits_paper_saits_electricity_corrected_missing0.4_seed30.json,abab2bd2ee68d3089bf5f4f54ecca7f38e3b664e51ab4ef89d5fd01e95805ee7,experiments/runs/flow_matching_campaign/saits_paper_saits_electricity_corrected_missing0.4_seed30/result.json,configs/experiments/fm_saits_timeseries_queue.v1.json,scripts/flow_matching/run_saits.py
saits_paper_brits_electricity_corrected_missing0.4_seed26,brits,electricity,corrected,paper_mask,0.4,0.4,,26,not_run,configs/experiments/fm_saits_timeseries_jobs/saits_paper_brits_electricity_corrected_missing0.4_seed26.json,0b10548dfae5e5d152c9ee403a189b18c26f5feefb58bb379cbc46d9d9464b9e,experiments/runs/flow_matching_campaign/saits_paper_brits_electricity_corrected_missing0.4_seed26/result.json,configs/experiments/fm_saits_timeseries_queue.v1.json,scripts/flow_matching/run_saits.py
saits_paper_brits_electricity_corrected_missing0.4_seed27,brits,electricity,corrected,paper_mask,0.4,0.4,,27,not_run,configs/experiments/fm_saits_timeseries_jobs/saits_paper_brits_electricity_corrected_missing0.4_seed27.json,ced9df32d06288fab1c7233fcde623846e61245929e60214a66abf04a55323cb,experiments/runs/flow_matching_campaign/saits_paper_brits_electricity_corrected_missing0.4_seed27/result.json,configs/experiments/fm_saits_timeseries_queue.v1.json,scripts/flow_matching/run_saits.py
saits_paper_brits_electricity_corrected_missing0.4_seed28,brits,electricity,corrected,paper_mask,0.4,0.4,,28,not_run,configs/experiments/fm_saits_timeseries_jobs/saits_paper_brits_electricity_corrected_missing0.4_seed28.json,13d980a95dca029fee649a96f140cc92144c330ab24f8352c8c09541b5f815b6,experiments/runs/flow_matching_campaign/saits_paper_brits_electricity_corrected_missing0.4_seed28/result.json,configs/experiments/fm_saits_timeseries_queue.v1.json,scripts/flow_matching/run_saits.py
saits_paper_brits_electricity_corrected_missing0.4_seed29,brits,electricity,corrected,paper_mask,0.4,0.4,,29,not_run,configs/experiments/fm_saits_timeseries_jobs/saits_paper_brits_electricity_corrected_missing0.4_seed29.json,ec3c2b531e0e08ec60d7af87a1c7b9f4066981918571fac47df428da464508fa,experiments/runs/flow_matching_campaign/saits_paper_brits_electricity_corrected_missing0.4_seed29/result.json,configs/experiments/fm_saits_timeseries_queue.v1.json,scripts/flow_matching/run_saits.py
saits_paper_brits_electricity_corrected_missing0.4_seed30,brits,electricity,corrected,paper_mask,0.4,0.4,,30,not_run,configs/experiments/fm_saits_timeseries_jobs/saits_paper_brits_electricity_corrected_missing0.4_seed30.json,a4633f1cae75a96c3260d61c1284d283b27e20f11353d1b9b80eb2e5004458af,experiments/runs/flow_matching_campaign/saits_paper_brits_electricity_corrected_missing0.4_seed30/result.json,configs/experiments/fm_saits_timeseries_queue.v1.json,scripts/flow_matching/run_saits.py
saits_paper_saits_electricity_corrected_missing0.5_seed26,saits,electricity,corrected,paper_mask,0.5,0.5,,26,not_run,configs/experiments/fm_saits_timeseries_jobs/saits_paper_saits_electricity_corrected_missing0.5_seed26.json,cb23d092191b8163199c777211cf8581ad771fb66f5e6389a513a38d810f36eb,experiments/runs/flow_matching_campaign/saits_paper_saits_electricity_corrected_missing0.5_seed26/result.json,configs/experiments/fm_saits_timeseries_queue.v1.json,scripts/flow_matching/run_saits.py
saits_paper_saits_electricity_corrected_missing0.5_seed27,saits,electricity,corrected,paper_mask,0.5,0.5,,27,not_run,configs/experiments/fm_saits_timeseries_jobs/saits_paper_saits_electricity_corrected_missing0.5_seed27.json,a97b272e6e6db622f5966f60a18d0e9d8d158cacfef0a919fc0ab96de2bd3498,experiments/runs/flow_matching_campaign/saits_paper_saits_electricity_corrected_missing0.5_seed27/result.json,configs/experiments/fm_saits_timeseries_queue.v1.json,scripts/flow_matching/run_saits.py
saits_paper_saits_electricity_corrected_missing0.5_seed28,saits,electricity,corrected,paper_mask,0.5,0.5,,28,not_run,configs/experiments/fm_saits_timeseries_jobs/saits_paper_saits_electricity_corrected_missing0.5_seed28.json,bc5be245d214492dc01dbaf4a4e74d7442655cf0a502d537bc29a10a11b14cf1,experiments/runs/flow_matching_campaign/saits_paper_saits_electricity_corrected_missing0.5_seed28/result.json,configs/experiments/fm_saits_timeseries_queue.v1.json,scripts/flow_matching/run_saits.py
saits_paper_saits_electricity_corrected_missing0.5_seed29,saits,electricity,corrected,paper_mask,0.5,0.5,,29,not_run,configs/experiments/fm_saits_timeseries_jobs/saits_paper_saits_electricity_corrected_missing0.5_seed29.json,5df9fd496c9342400014269090319fb397ae5f22a5ae9c78ffebdf06e8a2246b,experiments/runs/flow_matching_campaign/saits_paper_saits_electricity_corrected_missing0.5_seed29/result.json,configs/experiments/fm_saits_timeseries_queue.v1.json,scripts/flow_matching/run_saits.py
saits_paper_saits_electricity_corrected_missing0.5_seed30,saits,electricity,corrected,paper_mask,0.5,0.5,,30,not_run,configs/experiments/fm_saits_timeseries_jobs/saits_paper_saits_electricity_corrected_missing0.5_seed30.json,302b7af6e3d2ba9b68b1bd35c931624a082854defbbeab1d8e66b8382688c04c,experiments/runs/flow_matching_campaign/saits_paper_saits_electricity_corrected_missing0.5_seed30/result.json,configs/experiments/fm_saits_timeseries_queue.v1.json,scripts/flow_matching/run_saits.py
saits_paper_brits_electricity_corrected_missing0.5_seed26,brits,electricity,corrected,paper_mask,0.5,0.5,,26,not_run,configs/experiments/fm_saits_timeseries_jobs/saits_paper_brits_electricity_corrected_missing0.5_seed26.json,dbac57425991249a42a6e4638ce5996f072a44b0de1d5eafcb83252f125a63b0,experiments/runs/flow_matching_campaign/saits_paper_brits_electricity_corrected_missing0.5_seed26/result.json,configs/experiments/fm_saits_timeseries_queue.v1.json,scripts/flow_matching/run_saits.py
saits_paper_brits_electricity_corrected_missing0.5_seed27,brits,electricity,corrected,paper_mask,0.5,0.5,,27,not_run,configs/experiments/fm_saits_timeseries_jobs/saits_paper_brits_electricity_corrected_missing0.5_seed27.json,4cdf572ebbfdaad6c9c382b935cb347f69e4d803dbfc6db5db7d0673599be9cd,experiments/runs/flow_matching_campaign/saits_paper_brits_electricity_corrected_missing0.5_seed27/result.json,configs/experiments/fm_saits_timeseries_queue.v1.json,scripts/flow_matching/run_saits.py
saits_paper_brits_electricity_corrected_missing0.5_seed28,brits,electricity,corrected,paper_mask,0.5,0.5,,28,not_run,configs/experiments/fm_saits_timeseries_jobs/saits_paper_brits_electricity_corrected_missing0.5_seed28.json,a5e3dcc29b8a2e32e61bd674147f6a506d85efdbca61e65c77a83d0f95be2040,experiments/runs/flow_matching_campaign/saits_paper_brits_electricity_corrected_missing0.5_seed28/result.json,configs/experiments/fm_saits_timeseries_queue.v1.json,scripts/flow_matching/run_saits.py
saits_paper_brits_electricity_corrected_missing0.5_seed29,brits,electricity,corrected,paper_mask,0.5,0.5,,29,not_run,configs/experiments/fm_saits_timeseries_jobs/saits_paper_brits_electricity_corrected_missing0.5_seed29.json,20ff940638d415b422a0997399a835b7fb48d4b07cc88101a1e764ae278b3345,experiments/runs/flow_matching_campaign/saits_paper_brits_electricity_corrected_missing0.5_seed29/result.json,configs/experiments/fm_saits_timeseries_queue.v1.json,scripts/flow_matching/run_saits.py
saits_paper_brits_electricity_corrected_missing0.5_seed30,brits,electricity,corrected,paper_mask,0.5,0.5,,30,not_run,configs/experiments/fm_saits_timeseries_jobs/saits_paper_brits_electricity_corrected_missing0.5_seed30.json,f1de9a09e5954a9ce60db3885dc804dbb4ddcf83d8336b7c6e249ced30b9d647,experiments/runs/flow_matching_campaign/saits_paper_brits_electricity_corrected_missing0.5_seed30/result.json,configs/experiments/fm_saits_timeseries_queue.v1.json,scripts/flow_matching/run_saits.py
saits_paper_saits_electricity_corrected_missing0.6_seed26,saits,electricity,corrected,paper_mask,0.6,0.6,,26,not_run,configs/experiments/fm_saits_timeseries_jobs/saits_paper_saits_electricity_corrected_missing0.6_seed26.json,568021e4c49983b389ae57b096c409ec739cb56b76913c7883f3844c6ed43c77,experiments/runs/flow_matching_campaign/saits_paper_saits_electricity_corrected_missing0.6_seed26/result.json,configs/experiments/fm_saits_timeseries_queue.v1.json,scripts/flow_matching/run_saits.py
saits_paper_saits_electricity_corrected_missing0.6_seed27,saits,electricity,corrected,paper_mask,0.6,0.6,,27,not_run,configs/experiments/fm_saits_timeseries_jobs/saits_paper_saits_electricity_corrected_missing0.6_seed27.json,8e4fa91299c7124d91556f411280d05f43495704380999cc974485d06d7af080,experiments/runs/flow_matching_campaign/saits_paper_saits_electricity_corrected_missing0.6_seed27/result.json,configs/experiments/fm_saits_timeseries_queue.v1.json,scripts/flow_matching/run_saits.py
saits_paper_saits_electricity_corrected_missing0.6_seed28,saits,electricity,corrected,paper_mask,0.6,0.6,,28,not_run,configs/experiments/fm_saits_timeseries_jobs/saits_paper_saits_electricity_corrected_missing0.6_seed28.json,88a4090692a7ccb365a7de3fde743e8302737753c07086f07fe247f9e40d506a,experiments/runs/flow_matching_campaign/saits_paper_saits_electricity_corrected_missing0.6_seed28/result.json,configs/experiments/fm_saits_timeseries_queue.v1.json,scripts/flow_matching/run_saits.py
saits_paper_saits_electricity_corrected_missing0.6_seed29,saits,electricity,corrected,paper_mask,0.6,0.6,,29,not_run,configs/experiments/fm_saits_timeseries_jobs/saits_paper_saits_electricity_corrected_missing0.6_seed29.json,777de2facab68473d862743a5760fc6794b2bb5e5b6f799dcda0a4897e656a34,experiments/runs/flow_matching_campaign/saits_paper_saits_electricity_corrected_missing0.6_seed29/result.json,configs/experiments/fm_saits_timeseries_queue.v1.json,scripts/flow_matching/run_saits.py
saits_paper_saits_electricity_corrected_missing0.6_seed30,saits,electricity,corrected,paper_mask,0.6,0.6,,30,not_run,configs/experiments/fm_saits_timeseries_jobs/saits_paper_saits_electricity_corrected_missing0.6_seed30.json,b6e46e360ac8ca3b008491b2325abe8cea661209a47e6ded5dabe24ee5e52c92,experiments/runs/flow_matching_campaign/saits_paper_saits_electricity_corrected_missing0.6_seed30/result.json,configs/experiments/fm_saits_timeseries_queue.v1.json,scripts/flow_matching/run_saits.py
saits_paper_brits_electricity_corrected_missing0.6_seed26,brits,electricity,corrected,paper_mask,0.6,0.6,,26,not_run,configs/experiments/fm_saits_timeseries_jobs/saits_paper_brits_electricity_corrected_missing0.6_seed26.json,216406cacd75964dc009821ed0e760ebede545d9781a18c13064473b6a17a845,experiments/runs/flow_matching_campaign/saits_paper_brits_electricity_corrected_missing0.6_seed26/result.json,configs/experiments/fm_saits_timeseries_queue.v1.json,scripts/flow_matching/run_saits.py
saits_paper_brits_electricity_corrected_missing0.6_seed27,brits,electricity,corrected,paper_mask,0.6,0.6,,27,not_run,configs/experiments/fm_saits_timeseries_jobs/saits_paper_brits_electricity_corrected_missing0.6_seed27.json,aaccc573992697cdec623c8e8cda266cd9ca9a4277a5569be6306966f7d0de87,experiments/runs/flow_matching_campaign/saits_paper_brits_electricity_corrected_missing0.6_seed27/result.json,configs/experiments/fm_saits_timeseries_queue.v1.json,scripts/flow_matching/run_saits.py
saits_paper_brits_electricity_corrected_missing0.6_seed28,brits,electricity,corrected,paper_mask,0.6,0.6,,28,not_run,configs/experiments/fm_saits_timeseries_jobs/saits_paper_brits_electricity_corrected_missing0.6_seed28.json,37291aad3a1167d0a2422f4d42d34c263039a63455adb238b8e7653bdfb8917f,experiments/runs/flow_matching_campaign/saits_paper_brits_electricity_corrected_missing0.6_seed28/result.json,configs/experiments/fm_saits_timeseries_queue.v1.json,scripts/flow_matching/run_saits.py
saits_paper_brits_electricity_corrected_missing0.6_seed29,brits,electricity,corrected,paper_mask,0.6,0.6,,29,not_run,configs/experiments/fm_saits_timeseries_jobs/saits_paper_brits_electricity_corrected_missing0.6_seed29.json,366b249dd4389b00d6e3ba105a0e49cb7f3e8cf902534b1f5c64c53dd5e6eecc,experiments/runs/flow_matching_campaign/saits_paper_brits_electricity_corrected_missing0.6_seed29/result.json,configs/experiments/fm_saits_timeseries_queue.v1.json,scripts/flow_matching/run_saits.py
saits_paper_brits_electricity_corrected_missing0.6_seed30,brits,electricity,corrected,paper_mask,0.6,0.6,,30,not_run,configs/experiments/fm_saits_timeseries_jobs/saits_paper_brits_electricity_corrected_missing0.6_seed30.json,bf6a0aadf0923f4c40fa032eae14d5f910287ce3e5391f7c6f60877a7b1b442e,experiments/runs/flow_matching_campaign/saits_paper_brits_electricity_corrected_missing0.6_seed30/result.json,configs/experiments/fm_saits_timeseries_queue.v1.json,scripts/flow_matching/run_saits.py
saits_paper_saits_electricity_corrected_missing0.7_seed26,saits,electricity,corrected,paper_mask,0.7,0.7,,26,not_run,configs/experiments/fm_saits_timeseries_jobs/saits_paper_saits_electricity_corrected_missing0.7_seed26.json,10ae59e0a55c5495a15f8cbae6b39415342cd7c444aacfc3e29f0d3491b1c098,experiments/runs/flow_matching_campaign/saits_paper_saits_electricity_corrected_missing0.7_seed26/result.json,configs/experiments/fm_saits_timeseries_queue.v1.json,scripts/flow_matching/run_saits.py
saits_paper_saits_electricity_corrected_missing0.7_seed27,saits,electricity,corrected,paper_mask,0.7,0.7,,27,not_run,configs/experiments/fm_saits_timeseries_jobs/saits_paper_saits_electricity_corrected_missing0.7_seed27.json,8ba092b63451f0426840fa66a4832ae6e70598ae98a7fec5b2652d8e42f6d94b,experiments/runs/flow_matching_campaign/saits_paper_saits_electricity_corrected_missing0.7_seed27/result.json,configs/experiments/fm_saits_timeseries_queue.v1.json,scripts/flow_matching/run_saits.py
saits_paper_saits_electricity_corrected_missing0.7_seed28,saits,electricity,corrected,paper_mask,0.7,0.7,,28,not_run,configs/experiments/fm_saits_timeseries_jobs/saits_paper_saits_electricity_corrected_missing0.7_seed28.json,3335d30c161db7b0db80d0f9d87c74125934b2ea3d8bb5a2f5fd96ba4e554f67,experiments/runs/flow_matching_campaign/saits_paper_saits_electricity_corrected_missing0.7_seed28/result.json,configs/experiments/fm_saits_timeseries_queue.v1.json,scripts/flow_matching/run_saits.py
saits_paper_saits_electricity_corrected_missing0.7_seed29,saits,electricity,corrected,paper_mask,0.7,0.7,,29,not_run,configs/experiments/fm_saits_timeseries_jobs/saits_paper_saits_electricity_corrected_missing0.7_seed29.json,6181b02c314c75a63412e9efb582416d6cacb60d93921889ce2819569d85c01b,experiments/runs/flow_matching_campaign/saits_paper_saits_electricity_corrected_missing0.7_seed29/result.json,configs/experiments/fm_saits_timeseries_queue.v1.json,scripts/flow_matching/run_saits.py
saits_paper_saits_electricity_corrected_missing0.7_seed30,saits,electricity,corrected,paper_mask,0.7,0.7,,30,not_run,configs/experiments/fm_saits_timeseries_jobs/saits_paper_saits_electricity_corrected_missing0.7_seed30.json,56d576f1591648e9d4d17d6b55faf8f4582e4f87e3c2a71a09070387baee5ef9,experiments/runs/flow_matching_campaign/saits_paper_saits_electricity_corrected_missing0.7_seed30/result.json,configs/experiments/fm_saits_timeseries_queue.v1.json,scripts/flow_matching/run_saits.py
saits_paper_brits_electricity_corrected_missing0.7_seed26,brits,electricity,corrected,paper_mask,0.7,0.7,,26,not_run,configs/experiments/fm_saits_timeseries_jobs/saits_paper_brits_electricity_corrected_missing0.7_seed26.json,738827e5800fead275bdff885b8baa08247f1d409792e374986209ff1e37b06a,experiments/runs/flow_matching_campaign/saits_paper_brits_electricity_corrected_missing0.7_seed26/result.json,configs/experiments/fm_saits_timeseries_queue.v1.json,scripts/flow_matching/run_saits.py
saits_paper_brits_electricity_corrected_missing0.7_seed27,brits,electricity,corrected,paper_mask,0.7,0.7,,27,not_run,configs/experiments/fm_saits_timeseries_jobs/saits_paper_brits_electricity_corrected_missing0.7_seed27.json,c23f4178d8f75cfd4274f3d215e73d13c8f9f59740f7fdf55ac25ae1b32c3b7f,experiments/runs/flow_matching_campaign/saits_paper_brits_electricity_corrected_missing0.7_seed27/result.json,configs/experiments/fm_saits_timeseries_queue.v1.json,scripts/flow_matching/run_saits.py
saits_paper_brits_electricity_corrected_missing0.7_seed28,brits,electricity,corrected,paper_mask,0.7,0.7,,28,not_run,configs/experiments/fm_saits_timeseries_jobs/saits_paper_brits_electricity_corrected_missing0.7_seed28.json,55302315f0f62187e6e6bc5383ea787c575f2b6463823a5ad1c5f92e299e54b8,experiments/runs/flow_matching_campaign/saits_paper_brits_electricity_corrected_missing0.7_seed28/result.json,configs/experiments/fm_saits_timeseries_queue.v1.json,scripts/flow_matching/run_saits.py
saits_paper_brits_electricity_corrected_missing0.7_seed29,brits,electricity,corrected,paper_mask,0.7,0.7,,29,not_run,configs/experiments/fm_saits_timeseries_jobs/saits_paper_brits_electricity_corrected_missing0.7_seed29.json,87270e8d79bec8b0c899703784d16a74221433e3701bd79f8f78caab78a7c489,experiments/runs/flow_matching_campaign/saits_paper_brits_electricity_corrected_missing0.7_seed29/result.json,configs/experiments/fm_saits_timeseries_queue.v1.json,scripts/flow_matching/run_saits.py
saits_paper_brits_electricity_corrected_missing0.7_seed30,brits,electricity,corrected,paper_mask,0.7,0.7,,30,not_run,configs/experiments/fm_saits_timeseries_jobs/saits_paper_brits_electricity_corrected_missing0.7_seed30.json,e880aab1e8b5d9da230de7286f91362ae1ce9324b74dd42ab17e9e41d17425db,experiments/runs/flow_matching_campaign/saits_paper_brits_electricity_corrected_missing0.7_seed30/result.json,configs/experiments/fm_saits_timeseries_queue.v1.json,scripts/flow_matching/run_saits.py
saits_paper_saits_electricity_corrected_missing0.8_seed26,saits,electricity,corrected,paper_mask,0.8,0.8,,26,not_run,configs/experiments/fm_saits_timeseries_jobs/saits_paper_saits_electricity_corrected_missing0.8_seed26.json,ad7f7d8145a915783b8346729b8f447c6df50823554c9a35a1b966ab6f28c8c6,experiments/runs/flow_matching_campaign/saits_paper_saits_electricity_corrected_missing0.8_seed26/result.json,configs/experiments/fm_saits_timeseries_queue.v1.json,scripts/flow_matching/run_saits.py
saits_paper_saits_electricity_corrected_missing0.8_seed27,saits,electricity,corrected,paper_mask,0.8,0.8,,27,not_run,configs/experiments/fm_saits_timeseries_jobs/saits_paper_saits_electricity_corrected_missing0.8_seed27.json,61ec75162d8b94aaf01e6faa05ea7d6496e7627884bd06a475d2adca91f6eaa3,experiments/runs/flow_matching_campaign/saits_paper_saits_electricity_corrected_missing0.8_seed27/result.json,configs/experiments/fm_saits_timeseries_queue.v1.json,scripts/flow_matching/run_saits.py
saits_paper_saits_electricity_corrected_missing0.8_seed28,saits,electricity,corrected,paper_mask,0.8,0.8,,28,not_run,configs/experiments/fm_saits_timeseries_jobs/saits_paper_saits_electricity_corrected_missing0.8_seed28.json,fc8f1cea74118a9602bed925440912aa1ed716ab97c0e047dda15f1d76fbb803,experiments/runs/flow_matching_campaign/saits_paper_saits_electricity_corrected_missing0.8_seed28/result.json,configs/experiments/fm_saits_timeseries_queue.v1.json,scripts/flow_matching/run_saits.py
saits_paper_saits_electricity_corrected_missing0.8_seed29,saits,electricity,corrected,paper_mask,0.8,0.8,,29,not_run,configs/experiments/fm_saits_timeseries_jobs/saits_paper_saits_electricity_corrected_missing0.8_seed29.json,a1f15d1bbdc91708f895c9b6eaebca1445d467dfc3b0d103eab80241f4774e18,experiments/runs/flow_matching_campaign/saits_paper_saits_electricity_corrected_missing0.8_seed29/result.json,configs/experiments/fm_saits_timeseries_queue.v1.json,scripts/flow_matching/run_saits.py
saits_paper_saits_electricity_corrected_missing0.8_seed30,saits,electricity,corrected,paper_mask,0.8,0.8,,30,not_run,configs/experiments/fm_saits_timeseries_jobs/saits_paper_saits_electricity_corrected_missing0.8_seed30.json,12516fed77a6e5f61be245867d2279701fabb6925d48b6b05093016f98d21f72,experiments/runs/flow_matching_campaign/saits_paper_saits_electricity_corrected_missing0.8_seed30/result.json,configs/experiments/fm_saits_timeseries_queue.v1.json,scripts/flow_matching/run_saits.py
saits_paper_brits_electricity_corrected_missing0.8_seed26,brits,electricity,corrected,paper_mask,0.8,0.8,,26,not_run,configs/experiments/fm_saits_timeseries_jobs/saits_paper_brits_electricity_corrected_missing0.8_seed26.json,bbbaf2f32e36e5a73b3308feeba1a0aa874fb7a820f453522a56a787f5d9fd2b,experiments/runs/flow_matching_campaign/saits_paper_brits_electricity_corrected_missing0.8_seed26/result.json,configs/experiments/fm_saits_timeseries_queue.v1.json,scripts/flow_matching/run_saits.py
saits_paper_brits_electricity_corrected_missing0.8_seed27,brits,electricity,corrected,paper_mask,0.8,0.8,,27,not_run,configs/experiments/fm_saits_timeseries_jobs/saits_paper_brits_electricity_corrected_missing0.8_seed27.json,534b494ec213386760ed986fbb1bb038a64a7808c6ba5fcb32a1a548f9959b02,experiments/runs/flow_matching_campaign/saits_paper_brits_electricity_corrected_missing0.8_seed27/result.json,configs/experiments/fm_saits_timeseries_queue.v1.json,scripts/flow_matching/run_saits.py
saits_paper_brits_electricity_corrected_missing0.8_seed28,brits,electricity,corrected,paper_mask,0.8,0.8,,28,not_run,configs/experiments/fm_saits_timeseries_jobs/saits_paper_brits_electricity_corrected_missing0.8_seed28.json,437f940a236e45a8940c7400326af2f303bcf28d72d545e998c59d41eac8a418,experiments/runs/flow_matching_campaign/saits_paper_brits_electricity_corrected_missing0.8_seed28/result.json,configs/experiments/fm_saits_timeseries_queue.v1.json,scripts/flow_matching/run_saits.py
saits_paper_brits_electricity_corrected_missing0.8_seed29,brits,electricity,corrected,paper_mask,0.8,0.8,,29,not_run,configs/experiments/fm_saits_timeseries_jobs/saits_paper_brits_electricity_corrected_missing0.8_seed29.json,b047a51bbf57ffa5b9e264363059496bbe8b532d7e122db92109f8488ac41d98,experiments/runs/flow_matching_campaign/saits_paper_brits_electricity_corrected_missing0.8_seed29/result.json,configs/experiments/fm_saits_timeseries_queue.v1.json,scripts/flow_matching/run_saits.py
saits_paper_brits_electricity_corrected_missing0.8_seed30,brits,electricity,corrected,paper_mask,0.8,0.8,,30,not_run,configs/experiments/fm_saits_timeseries_jobs/saits_paper_brits_electricity_corrected_missing0.8_seed30.json,72c1637bcf49fe0d3b372aa300534a9f0a22fce9b2a6933b262fb1923e1674f2,experiments/runs/flow_matching_campaign/saits_paper_brits_electricity_corrected_missing0.8_seed30/result.json,configs/experiments/fm_saits_timeseries_queue.v1.json,scripts/flow_matching/run_saits.py
saits_paper_saits_electricity_corrected_missing0.9_seed26,saits,electricity,corrected,paper_mask,0.9,0.9,,26,not_run,configs/experiments/fm_saits_timeseries_jobs/saits_paper_saits_electricity_corrected_missing0.9_seed26.json,8326e62bb4350a432a7fd432f1705c5aa0fc3b091a355f91e9705c2a6f6d2037,experiments/runs/flow_matching_campaign/saits_paper_saits_electricity_corrected_missing0.9_seed26/result.json,configs/experiments/fm_saits_timeseries_queue.v1.json,scripts/flow_matching/run_saits.py
saits_paper_saits_electricity_corrected_missing0.9_seed27,saits,electricity,corrected,paper_mask,0.9,0.9,,27,not_run,configs/experiments/fm_saits_timeseries_jobs/saits_paper_saits_electricity_corrected_missing0.9_seed27.json,d3f47564c3f49bf82a20017041422eec8650be20bbe1a65530fa51916aba2a3c,experiments/runs/flow_matching_campaign/saits_paper_saits_electricity_corrected_missing0.9_seed27/result.json,configs/experiments/fm_saits_timeseries_queue.v1.json,scripts/flow_matching/run_saits.py
saits_paper_saits_electricity_corrected_missing0.9_seed28,saits,electricity,corrected,paper_mask,0.9,0.9,,28,not_run,configs/experiments/fm_saits_timeseries_jobs/saits_paper_saits_electricity_corrected_missing0.9_seed28.json,0f815e8a35e65cd99bab9caafb86c38a45338bd8038f27bd022bfdcdbbe4a449,experiments/runs/flow_matching_campaign/saits_paper_saits_electricity_corrected_missing0.9_seed28/result.json,configs/experiments/fm_saits_timeseries_queue.v1.json,scripts/flow_matching/run_saits.py
saits_paper_saits_electricity_corrected_missing0.9_seed29,saits,electricity,corrected,paper_mask,0.9,0.9,,29,not_run,configs/experiments/fm_saits_timeseries_jobs/saits_paper_saits_electricity_corrected_missing0.9_seed29.json,dc63d4e022a58f2be6a39cad867fc8d094df551007a3f9a40e1018394a9a7b72,experiments/runs/flow_matching_campaign/saits_paper_saits_electricity_corrected_missing0.9_seed29/result.json,configs/experiments/fm_saits_timeseries_queue.v1.json,scripts/flow_matching/run_saits.py
saits_paper_saits_electricity_corrected_missing0.9_seed30,saits,electricity,corrected,paper_mask,0.9,0.9,,30,not_run,configs/experiments/fm_saits_timeseries_jobs/saits_paper_saits_electricity_corrected_missing0.9_seed30.json,8dce9acff059952f88566e4c2b0334a774542e2d004f623d3f190927e70d43a3,experiments/runs/flow_matching_campaign/saits_paper_saits_electricity_corrected_missing0.9_seed30/result.json,configs/experiments/fm_saits_timeseries_queue.v1.json,scripts/flow_matching/run_saits.py
saits_paper_brits_electricity_corrected_missing0.9_seed26,brits,electricity,corrected,paper_mask,0.9,0.9,,26,not_run,configs/experiments/fm_saits_timeseries_jobs/saits_paper_brits_electricity_corrected_missing0.9_seed26.json,7006dd110da3dd18e82ca84e58b6ab1861410f79163bd5748786cc02ca861bd1,experiments/runs/flow_matching_campaign/saits_paper_brits_electricity_corrected_missing0.9_seed26/result.json,configs/experiments/fm_saits_timeseries_queue.v1.json,scripts/flow_matching/run_saits.py
saits_paper_brits_electricity_corrected_missing0.9_seed27,brits,electricity,corrected,paper_mask,0.9,0.9,,27,not_run,configs/experiments/fm_saits_timeseries_jobs/saits_paper_brits_electricity_corrected_missing0.9_seed27.json,853fbfa5fcf7c34f9ad73bcabc336028243af3431dc31889a5f2d84dffa6f40d,experiments/runs/flow_matching_campaign/saits_paper_brits_electricity_corrected_missing0.9_seed27/result.json,configs/experiments/fm_saits_timeseries_queue.v1.json,scripts/flow_matching/run_saits.py
saits_paper_brits_electricity_corrected_missing0.9_seed28,brits,electricity,corrected,paper_mask,0.9,0.9,,28,not_run,configs/experiments/fm_saits_timeseries_jobs/saits_paper_brits_electricity_corrected_missing0.9_seed28.json,5fcd0dacc81a7b4c61a596f156453f4afa442ce5cba765f13ea478145b8963f3,experiments/runs/flow_matching_campaign/saits_paper_brits_electricity_corrected_missing0.9_seed28/result.json,configs/experiments/fm_saits_timeseries_queue.v1.json,scripts/flow_matching/run_saits.py
saits_paper_brits_electricity_corrected_missing0.9_seed29,brits,electricity,corrected,paper_mask,0.9,0.9,,29,not_run,configs/experiments/fm_saits_timeseries_jobs/saits_paper_brits_electricity_corrected_missing0.9_seed29.json,68311a64c7828b62a2eb9dbb06db251d5daf90626e638db17ac63fe876b43913,experiments/runs/flow_matching_campaign/saits_paper_brits_electricity_corrected_missing0.9_seed29/result.json,configs/experiments/fm_saits_timeseries_queue.v1.json,scripts/flow_matching/run_saits.py
saits_paper_brits_electricity_corrected_missing0.9_seed30,brits,electricity,corrected,paper_mask,0.9,0.9,,30,not_run,configs/experiments/fm_saits_timeseries_jobs/saits_paper_brits_electricity_corrected_missing0.9_seed30.json,27e8eac4c529c2bc0c060611e8c2834b275d77d14f8a42d2545c46d598917081,experiments/runs/flow_matching_campaign/saits_paper_brits_electricity_corrected_missing0.9_seed30/result.json,configs/experiments/fm_saits_timeseries_queue.v1.json,scripts/flow_matching/run_saits.py
saits_paper_saits_base_ett_corrected_missing0.1_seed26,saits_base,ett,corrected,paper_mask,0.1,0.1,,26,not_run,configs/experiments/fm_saits_timeseries_jobs/saits_paper_saits_base_ett_corrected_missing0.1_seed26.json,3ebbeade2d97c6e36cfd2bbd548b2cb26a212894ca91180aac05a4af37ca027e,experiments/runs/flow_matching_campaign/saits_paper_saits_base_ett_corrected_missing0.1_seed26/result.json,configs/experiments/fm_saits_timeseries_queue.v1.json,scripts/flow_matching/run_saits.py
saits_paper_saits_base_ett_corrected_missing0.1_seed27,saits_base,ett,corrected,paper_mask,0.1,0.1,,27,not_run,configs/experiments/fm_saits_timeseries_jobs/saits_paper_saits_base_ett_corrected_missing0.1_seed27.json,e3845b81d7e174215ad82274074106f6fc531c39980e9e067c1a534182ed7e19,experiments/runs/flow_matching_campaign/saits_paper_saits_base_ett_corrected_missing0.1_seed27/result.json,configs/experiments/fm_saits_timeseries_queue.v1.json,scripts/flow_matching/run_saits.py
saits_paper_saits_base_ett_corrected_missing0.1_seed28,saits_base,ett,corrected,paper_mask,0.1,0.1,,28,not_run,configs/experiments/fm_saits_timeseries_jobs/saits_paper_saits_base_ett_corrected_missing0.1_seed28.json,1fb4ae9ca7db52011b3c5d3537896c6bc08887401713c3ab5bca3483b27e5538,experiments/runs/flow_matching_campaign/saits_paper_saits_base_ett_corrected_missing0.1_seed28/result.json,configs/experiments/fm_saits_timeseries_queue.v1.json,scripts/flow_matching/run_saits.py
saits_paper_saits_base_ett_corrected_missing0.1_seed29,saits_base,ett,corrected,paper_mask,0.1,0.1,,29,not_run,configs/experiments/fm_saits_timeseries_jobs/saits_paper_saits_base_ett_corrected_missing0.1_seed29.json,1fc6fd1556447fa0293d00acb4e5356dcaffca4c919b8625165645e3afefcfbe,experiments/runs/flow_matching_campaign/saits_paper_saits_base_ett_corrected_missing0.1_seed29/result.json,configs/experiments/fm_saits_timeseries_queue.v1.json,scripts/flow_matching/run_saits.py
saits_paper_saits_base_ett_corrected_missing0.1_seed30,saits_base,ett,corrected,paper_mask,0.1,0.1,,30,not_run,configs/experiments/fm_saits_timeseries_jobs/saits_paper_saits_base_ett_corrected_missing0.1_seed30.json,9263299da93b088afa27d6f50529545cc79c107e0d36cf6aa39acc144be40e43,experiments/runs/flow_matching_campaign/saits_paper_saits_base_ett_corrected_missing0.1_seed30/result.json,configs/experiments/fm_saits_timeseries_queue.v1.json,scripts/flow_matching/run_saits.py
grin_original_air36_seed2026,grin,air36,author_protocol,paper_mask,,,,2026,not_run,configs/experiments/fm_grin_jobs/grin_original_air36_seed2026.json,b34e23c24a2889c3bfc39f9c6edb7c3f5c1c6327b3eea470fda0c0ec2f53e8d4,experiments/runs/flow_matching_campaign/grin_original_air36_seed2026/result.json,configs/experiments/fm_grin_original_queue.v1.json,scripts/flow_matching/run_grin.py
grin_original_air36_seed2027,grin,air36,author_protocol,paper_mask,,,,2027,not_run,configs/experiments/fm_grin_jobs/grin_original_air36_seed2027.json,d0ed7bb84c91183dfa9795a607ad64aa5216720fda56b1c6470c435a73ec650b,experiments/runs/flow_matching_campaign/grin_original_air36_seed2027/result.json,configs/experiments/fm_grin_original_queue.v1.json,scripts/flow_matching/run_grin.py
grin_original_air36_seed2028,grin,air36,author_protocol,paper_mask,,,,2028,not_run,configs/experiments/fm_grin_jobs/grin_original_air36_seed2028.json,a3f0f8b96fd8dd03936a526ba0991e2d671143c53f8aca3b80f9dfc71c89d085,experiments/runs/flow_matching_campaign/grin_original_air36_seed2028/result.json,configs/experiments/fm_grin_original_queue.v1.json,scripts/flow_matching/run_grin.py
grin_original_air36_seed2029,grin,air36,author_protocol,paper_mask,,,,2029,not_run,configs/experiments/fm_grin_jobs/grin_original_air36_seed2029.json,68491627c23a1e9508a5f6070a62e7195975661404f20e29e3196578a5f61229,experiments/runs/flow_matching_campaign/grin_original_air36_seed2029/result.json,configs/experiments/fm_grin_original_queue.v1.json,scripts/flow_matching/run_grin.py
grin_original_air36_seed2030,grin,air36,author_protocol,paper_mask,,,,2030,not_run,configs/experiments/fm_grin_jobs/grin_original_air36_seed2030.json,e7722de9122b8d015d44a8dbf709b4e06b9233ddf58d6f5bf2ac508809a92a11,experiments/runs/flow_matching_campaign/grin_original_air36_seed2030/result.json,configs/experiments/fm_grin_original_queue.v1.json,scripts/flow_matching/run_grin.py
grin_original_air_seed2026,grin,air,author_protocol,paper_mask,,,,2026,not_run,configs/experiments/fm_grin_jobs/grin_original_air_seed2026.json,420bb10ddc7d3c49f86706e015485eb6c150f19ac93e7ed05e38ef146519e42d,experiments/runs/flow_matching_campaign/grin_original_air_seed2026/result.json,configs/experiments/fm_grin_original_queue.v1.json,scripts/flow_matching/run_grin.py
grin_original_air_seed2027,grin,air,author_protocol,paper_mask,,,,2027,not_run,configs/experiments/fm_grin_jobs/grin_original_air_seed2027.json,9dc632be2d866fba89f0ae7c911e76fe156ec9412efd0804210883178c856316,experiments/runs/flow_matching_campaign/grin_original_air_seed2027/result.json,configs/experiments/fm_grin_original_queue.v1.json,scripts/flow_matching/run_grin.py
grin_original_air_seed2028,grin,air,author_protocol,paper_mask,,,,2028,not_run,configs/experiments/fm_grin_jobs/grin_original_air_seed2028.json,4e7c9c41692048bef3d5351bd90185dd3912e1bdab093a44171c9b256a45b755,experiments/runs/flow_matching_campaign/grin_original_air_seed2028/result.json,configs/experiments/fm_grin_original_queue.v1.json,scripts/flow_matching/run_grin.py
grin_original_air_seed2029,grin,air,author_protocol,paper_mask,,,,2029,not_run,configs/experiments/fm_grin_jobs/grin_original_air_seed2029.json,539c39dafe9face8c859d65d33a15e4af0e4a5f4ee053c8eba4844437ce1966a,experiments/runs/flow_matching_campaign/grin_original_air_seed2029/result.json,configs/experiments/fm_grin_original_queue.v1.json,scripts/flow_matching/run_grin.py
grin_original_air_seed2030,grin,air,author_protocol,paper_mask,,,,2030,not_run,configs/experiments/fm_grin_jobs/grin_original_air_seed2030.json,f7e1c6723bec8f1422dc0b50c6421ab689c655fdc32b0f8c5cf406aa735b8c90,experiments/runs/flow_matching_campaign/grin_original_air_seed2030/result.json,configs/experiments/fm_grin_original_queue.v1.json,scripts/flow_matching/run_grin.py
csdi_tep_point_missing0.1_seed2026,csdi,tep,industrial_imputation_transfer,point,0.1,0.1,,2026,not_run,configs/experiments/fm_transfer_jobs/csdi_tep_point_missing0.1_seed2026.json,9581723dd914d62ce5bc94b1711f9465d9a2333d1302909c40db066f3def89f6,experiments/runs/flow_matching_campaign/csdi_tep_point_missing0.1_seed2026/result.json,configs/experiments/fm_transfer_queue.v1.json,scripts/flow_matching/run_csdi.py
cfmi_tep_point_missing0.1_seed2026,cfmi,tep,industrial_imputation_transfer,point,0.1,0.1,,2026,not_run,configs/experiments/fm_transfer_jobs/cfmi_tep_point_missing0.1_seed2026.json,6b09039f910d5c765c005c45d5aa4cba666ec933a29b147a536b334a36d3f979,experiments/runs/flow_matching_campaign/cfmi_tep_point_missing0.1_seed2026/result.json,configs/experiments/fm_transfer_queue.v1.json,scripts/flow_matching/run_cfmi.py
csdi_tep_point_missing0.5_seed2026,csdi,tep,industrial_imputation_transfer,point,0.5,0.5,,2026,not_run,configs/experiments/fm_transfer_jobs/csdi_tep_point_missing0.5_seed2026.json,23864a9445fc100153a4c6de9456ba633b263bbba31e23b6821bab875df6af91,experiments/runs/flow_matching_campaign/csdi_tep_point_missing0.5_seed2026/result.json,configs/experiments/fm_transfer_queue.v1.json,scripts/flow_matching/run_csdi.py
cfmi_tep_point_missing0.5_seed2026,cfmi,tep,industrial_imputation_transfer,point,0.5,0.5,,2026,not_run,configs/experiments/fm_transfer_jobs/cfmi_tep_point_missing0.5_seed2026.json,69b12c99118608a385fe5b41dfd413baf0116c33afe8e953395b6fcc8dbb595d,experiments/runs/flow_matching_campaign/cfmi_tep_point_missing0.5_seed2026/result.json,configs/experiments/fm_transfer_queue.v1.json,scripts/flow_matching/run_cfmi.py
csdi_tep_point_missing0.9_seed2026,csdi,tep,industrial_imputation_transfer,point,0.9,0.9,,2026,not_run,configs/experiments/fm_transfer_jobs/csdi_tep_point_missing0.9_seed2026.json,45b8ccfb9872097eb43102848ff77da100ce9f6e1bb7082b05ae418c324c72fc,experiments/runs/flow_matching_campaign/csdi_tep_point_missing0.9_seed2026/result.json,configs/experiments/fm_transfer_queue.v1.json,scripts/flow_matching/run_csdi.py
cfmi_tep_point_missing0.9_seed2026,cfmi,tep,industrial_imputation_transfer,point,0.9,0.9,,2026,not_run,configs/experiments/fm_transfer_jobs/cfmi_tep_point_missing0.9_seed2026.json,9d5c7eba53f4238797c2c0f4ac1e1705ebc1573528c10d2be7fb7264cfe76ed6,experiments/runs/flow_matching_campaign/cfmi_tep_point_missing0.9_seed2026/result.json,configs/experiments/fm_transfer_queue.v1.json,scripts/flow_matching/run_cfmi.py
csdi_tep_block_missing0.1_seed2026,csdi,tep,industrial_imputation_transfer,block,0.1,0.1,,2026,not_run,configs/experiments/fm_transfer_jobs/csdi_tep_block_missing0.1_seed2026.json,7eac21cb2bc0ef3295508f4c160696c4b7bb128d5630ffc79ec45c5da27761ae,experiments/runs/flow_matching_campaign/csdi_tep_block_missing0.1_seed2026/result.json,configs/experiments/fm_transfer_queue.v1.json,scripts/flow_matching/run_csdi.py
cfmi_tep_block_missing0.1_seed2026,cfmi,tep,industrial_imputation_transfer,block,0.1,0.1,,2026,not_run,configs/experiments/fm_transfer_jobs/cfmi_tep_block_missing0.1_seed2026.json,2bb1b4bf68dd90cae132a0b936baa91f5656c7aa42941b39ab1c309740c9ed2a,experiments/runs/flow_matching_campaign/cfmi_tep_block_missing0.1_seed2026/result.json,configs/experiments/fm_transfer_queue.v1.json,scripts/flow_matching/run_cfmi.py
csdi_tep_block_missing0.5_seed2026,csdi,tep,industrial_imputation_transfer,block,0.5,0.5,,2026,not_run,configs/experiments/fm_transfer_jobs/csdi_tep_block_missing0.5_seed2026.json,7a3fb335647b6f50e636b9c2da46031bc0b093f346bb7c9a74e3f32380e2bb28,experiments/runs/flow_matching_campaign/csdi_tep_block_missing0.5_seed2026/result.json,configs/experiments/fm_transfer_queue.v1.json,scripts/flow_matching/run_csdi.py
cfmi_tep_block_missing0.5_seed2026,cfmi,tep,industrial_imputation_transfer,block,0.5,0.5,,2026,not_run,configs/experiments/fm_transfer_jobs/cfmi_tep_block_missing0.5_seed2026.json,465cd3e8e5bfa32790051e8966c8d4b6c5b31439ee72b98e18f820235e16bf02,experiments/runs/flow_matching_campaign/cfmi_tep_block_missing0.5_seed2026/result.json,configs/experiments/fm_transfer_queue.v1.json,scripts/flow_matching/run_cfmi.py
csdi_tep_block_missing0.9_seed2026,csdi,tep,industrial_imputation_transfer,block,0.9,0.9,,2026,not_run,configs/experiments/fm_transfer_jobs/csdi_tep_block_missing0.9_seed2026.json,ccd45f61e1f60b2d3380b59e6be1b1189ecb4df15c1cc8715db74dd1f19836df,experiments/runs/flow_matching_campaign/csdi_tep_block_missing0.9_seed2026/result.json,configs/experiments/fm_transfer_queue.v1.json,scripts/flow_matching/run_csdi.py
cfmi_tep_block_missing0.9_seed2026,cfmi,tep,industrial_imputation_transfer,block,0.9,0.9,,2026,not_run,configs/experiments/fm_transfer_jobs/cfmi_tep_block_missing0.9_seed2026.json,76fee7597944f1d6b78fbcf47bebe1631dce218c3a5e76005a6a93b8b0e76a05,experiments/runs/flow_matching_campaign/cfmi_tep_block_missing0.9_seed2026/result.json,configs/experiments/fm_transfer_queue.v1.json,scripts/flow_matching/run_cfmi.py
csdi_tep_channel_missing0.1_seed2026,csdi,tep,industrial_imputation_transfer,channel,0.1,0.1,,2026,not_run,configs/experiments/fm_transfer_jobs/csdi_tep_channel_missing0.1_seed2026.json,5020df7e94e083ca1e636e7db73571d9ccd340278546dee46f1ea5668ea250e2,experiments/runs/flow_matching_campaign/csdi_tep_channel_missing0.1_seed2026/result.json,configs/experiments/fm_transfer_queue.v1.json,scripts/flow_matching/run_csdi.py
cfmi_tep_channel_missing0.1_seed2026,cfmi,tep,industrial_imputation_transfer,channel,0.1,0.1,,2026,not_run,configs/experiments/fm_transfer_jobs/cfmi_tep_channel_missing0.1_seed2026.json,24f799c0f151455251594e4cb91a865f0d03ed66709216e6a4cc3ef77d7b2936,experiments/runs/flow_matching_campaign/cfmi_tep_channel_missing0.1_seed2026/result.json,configs/experiments/fm_transfer_queue.v1.json,scripts/flow_matching/run_cfmi.py
csdi_tep_channel_missing0.5_seed2026,csdi,tep,industrial_imputation_transfer,channel,0.5,0.5,,2026,not_run,configs/experiments/fm_transfer_jobs/csdi_tep_channel_missing0.5_seed2026.json,d80c82d77ace9f432443d711cea7349adb8a9286a6d3c56c933b267d8828ed37,experiments/runs/flow_matching_campaign/csdi_tep_channel_missing0.5_seed2026/result.json,configs/experiments/fm_transfer_queue.v1.json,scripts/flow_matching/run_csdi.py
cfmi_tep_channel_missing0.5_seed2026,cfmi,tep,industrial_imputation_transfer,channel,0.5,0.5,,2026,not_run,configs/experiments/fm_transfer_jobs/cfmi_tep_channel_missing0.5_seed2026.json,9e1e1c3cc2a6c1bb5462246eeef1d6d3a110e312c4a70c5b710bffea65875279,experiments/runs/flow_matching_campaign/cfmi_tep_channel_missing0.5_seed2026/result.json,configs/experiments/fm_transfer_queue.v1.json,scripts/flow_matching/run_cfmi.py
csdi_tep_channel_missing0.9_seed2026,csdi,tep,industrial_imputation_transfer,channel,0.9,0.9,,2026,not_run,configs/experiments/fm_transfer_jobs/csdi_tep_channel_missing0.9_seed2026.json,92d9cf6b6f41f6ea567315133efd3c8162d44a46ae0b538260bfab9577745664,experiments/runs/flow_matching_campaign/csdi_tep_channel_missing0.9_seed2026/result.json,configs/experiments/fm_transfer_queue.v1.json,scripts/flow_matching/run_csdi.py
cfmi_tep_channel_missing0.9_seed2026,cfmi,tep,industrial_imputation_transfer,channel,0.9,0.9,,2026,not_run,configs/experiments/fm_transfer_jobs/cfmi_tep_channel_missing0.9_seed2026.json,5d88b6a08ac11a130dec05645491c11ae2ffb7f4fd5df2b10c1a84b9dcc2957a,experiments/runs/flow_matching_campaign/cfmi_tep_channel_missing0.9_seed2026/result.json,configs/experiments/fm_transfer_queue.v1.json,scripts/flow_matching/run_cfmi.py
csdi_tep_point_missing0.1_seed2027,csdi,tep,industrial_imputation_transfer,point,0.1,0.1,,2027,not_run,configs/experiments/fm_transfer_jobs/csdi_tep_point_missing0.1_seed2027.json,09259e6517707519e7bbc41d4c4de5edc601708f294d65c120a9c554ae17f3d4,experiments/runs/flow_matching_campaign/csdi_tep_point_missing0.1_seed2027/result.json,configs/experiments/fm_transfer_queue.v1.json,scripts/flow_matching/run_csdi.py
cfmi_tep_point_missing0.1_seed2027,cfmi,tep,industrial_imputation_transfer,point,0.1,0.1,,2027,not_run,configs/experiments/fm_transfer_jobs/cfmi_tep_point_missing0.1_seed2027.json,0323ef9ab9c67e66aec16c93554799ca86d2d39d22f8ba19c214b459f214b2fa,experiments/runs/flow_matching_campaign/cfmi_tep_point_missing0.1_seed2027/result.json,configs/experiments/fm_transfer_queue.v1.json,scripts/flow_matching/run_cfmi.py
csdi_tep_point_missing0.5_seed2027,csdi,tep,industrial_imputation_transfer,point,0.5,0.5,,2027,not_run,configs/experiments/fm_transfer_jobs/csdi_tep_point_missing0.5_seed2027.json,e2e3999ff8f0d30bdec029b9fdfe6a52fe015e5961548dd908428a610bf123c4,experiments/runs/flow_matching_campaign/csdi_tep_point_missing0.5_seed2027/result.json,configs/experiments/fm_transfer_queue.v1.json,scripts/flow_matching/run_csdi.py
cfmi_tep_point_missing0.5_seed2027,cfmi,tep,industrial_imputation_transfer,point,0.5,0.5,,2027,not_run,configs/experiments/fm_transfer_jobs/cfmi_tep_point_missing0.5_seed2027.json,3a5189ab0069e8da1d91671a91cdbd4fbaf975e7588a15dd59da5b7c57c474ee,experiments/runs/flow_matching_campaign/cfmi_tep_point_missing0.5_seed2027/result.json,configs/experiments/fm_transfer_queue.v1.json,scripts/flow_matching/run_cfmi.py
csdi_tep_point_missing0.9_seed2027,csdi,tep,industrial_imputation_transfer,point,0.9,0.9,,2027,not_run,configs/experiments/fm_transfer_jobs/csdi_tep_point_missing0.9_seed2027.json,e0dfd299311c8af3168ed702f96579a3358edd4017d424b62c55ad3298cf5160,experiments/runs/flow_matching_campaign/csdi_tep_point_missing0.9_seed2027/result.json,configs/experiments/fm_transfer_queue.v1.json,scripts/flow_matching/run_csdi.py
cfmi_tep_point_missing0.9_seed2027,cfmi,tep,industrial_imputation_transfer,point,0.9,0.9,,2027,not_run,configs/experiments/fm_transfer_jobs/cfmi_tep_point_missing0.9_seed2027.json,44ee6f29b093472a4fe46d110769f664e00fdde7da3f5d0f2f3fcfc436e20edf,experiments/runs/flow_matching_campaign/cfmi_tep_point_missing0.9_seed2027/result.json,configs/experiments/fm_transfer_queue.v1.json,scripts/flow_matching/run_cfmi.py
csdi_tep_block_missing0.1_seed2027,csdi,tep,industrial_imputation_transfer,block,0.1,0.1,,2027,not_run,configs/experiments/fm_transfer_jobs/csdi_tep_block_missing0.1_seed2027.json,588ec3093cbb43fe13b7ea4eeb9ab5c34befb1bb7847a23d6a572c105d7bff99,experiments/runs/flow_matching_campaign/csdi_tep_block_missing0.1_seed2027/result.json,configs/experiments/fm_transfer_queue.v1.json,scripts/flow_matching/run_csdi.py
cfmi_tep_block_missing0.1_seed2027,cfmi,tep,industrial_imputation_transfer,block,0.1,0.1,,2027,not_run,configs/experiments/fm_transfer_jobs/cfmi_tep_block_missing0.1_seed2027.json,89a197fa3c65ca5fed4ec8d743625d4a91d803b3fa35513282756a12df76dffb,experiments/runs/flow_matching_campaign/cfmi_tep_block_missing0.1_seed2027/result.json,configs/experiments/fm_transfer_queue.v1.json,scripts/flow_matching/run_cfmi.py
csdi_tep_block_missing0.5_seed2027,csdi,tep,industrial_imputation_transfer,block,0.5,0.5,,2027,not_run,configs/experiments/fm_transfer_jobs/csdi_tep_block_missing0.5_seed2027.json,56d6da1fcc733896af171508f542f31d2aea16e3ba64dce02a100c95f3489c26,experiments/runs/flow_matching_campaign/csdi_tep_block_missing0.5_seed2027/result.json,configs/experiments/fm_transfer_queue.v1.json,scripts/flow_matching/run_csdi.py
cfmi_tep_block_missing0.5_seed2027,cfmi,tep,industrial_imputation_transfer,block,0.5,0.5,,2027,not_run,configs/experiments/fm_transfer_jobs/cfmi_tep_block_missing0.5_seed2027.json,cd006ee1198e10d84713a9c770601a05c725479a6ad164ef7cf04ba364c1d988,experiments/runs/flow_matching_campaign/cfmi_tep_block_missing0.5_seed2027/result.json,configs/experiments/fm_transfer_queue.v1.json,scripts/flow_matching/run_cfmi.py
csdi_tep_block_missing0.9_seed2027,csdi,tep,industrial_imputation_transfer,block,0.9,0.9,,2027,not_run,configs/experiments/fm_transfer_jobs/csdi_tep_block_missing0.9_seed2027.json,7a705bf44f088c90a97996eed1fabd5563c94b2cf428cfa299d0487c55b4a174,experiments/runs/flow_matching_campaign/csdi_tep_block_missing0.9_seed2027/result.json,configs/experiments/fm_transfer_queue.v1.json,scripts/flow_matching/run_csdi.py
cfmi_tep_block_missing0.9_seed2027,cfmi,tep,industrial_imputation_transfer,block,0.9,0.9,,2027,not_run,configs/experiments/fm_transfer_jobs/cfmi_tep_block_missing0.9_seed2027.json,58d4ed6f300de20d97c7b5ff9314faedcd74afafd256e420d67caadd28286f24,experiments/runs/flow_matching_campaign/cfmi_tep_block_missing0.9_seed2027/result.json,configs/experiments/fm_transfer_queue.v1.json,scripts/flow_matching/run_cfmi.py
csdi_tep_channel_missing0.1_seed2027,csdi,tep,industrial_imputation_transfer,channel,0.1,0.1,,2027,not_run,configs/experiments/fm_transfer_jobs/csdi_tep_channel_missing0.1_seed2027.json,1b239ecb37d66a6bf31b9518e297128148d77b9d5c2383f05b77c63ecef806db,experiments/runs/flow_matching_campaign/csdi_tep_channel_missing0.1_seed2027/result.json,configs/experiments/fm_transfer_queue.v1.json,scripts/flow_matching/run_csdi.py
cfmi_tep_channel_missing0.1_seed2027,cfmi,tep,industrial_imputation_transfer,channel,0.1,0.1,,2027,not_run,configs/experiments/fm_transfer_jobs/cfmi_tep_channel_missing0.1_seed2027.json,42257a5f3bca106412ed8f98b6be6d9808c14298df7784a7cf1f3df12e69ce2d,experiments/runs/flow_matching_campaign/cfmi_tep_channel_missing0.1_seed2027/result.json,configs/experiments/fm_transfer_queue.v1.json,scripts/flow_matching/run_cfmi.py
csdi_tep_channel_missing0.5_seed2027,csdi,tep,industrial_imputation_transfer,channel,0.5,0.5,,2027,not_run,configs/experiments/fm_transfer_jobs/csdi_tep_channel_missing0.5_seed2027.json,9505a2f67de958831ac015f8a4d35c23b1ca495f452d83098e41f6719656e43f,experiments/runs/flow_matching_campaign/csdi_tep_channel_missing0.5_seed2027/result.json,configs/experiments/fm_transfer_queue.v1.json,scripts/flow_matching/run_csdi.py
cfmi_tep_channel_missing0.5_seed2027,cfmi,tep,industrial_imputation_transfer,channel,0.5,0.5,,2027,not_run,configs/experiments/fm_transfer_jobs/cfmi_tep_channel_missing0.5_seed2027.json,10189151850aa6c418966902c340540b0d45e9fe7f94e0991a918cdd6dc2191e,experiments/runs/flow_matching_campaign/cfmi_tep_channel_missing0.5_seed2027/result.json,configs/experiments/fm_transfer_queue.v1.json,scripts/flow_matching/run_cfmi.py
csdi_tep_channel_missing0.9_seed2027,csdi,tep,industrial_imputation_transfer,channel,0.9,0.9,,2027,not_run,configs/experiments/fm_transfer_jobs/csdi_tep_channel_missing0.9_seed2027.json,9da38329eb87f40e3ebdaff1fde115cce97c8ba219639038dd4f44f809850eab,experiments/runs/flow_matching_campaign/csdi_tep_channel_missing0.9_seed2027/result.json,configs/experiments/fm_transfer_queue.v1.json,scripts/flow_matching/run_csdi.py
cfmi_tep_channel_missing0.9_seed2027,cfmi,tep,industrial_imputation_transfer,channel,0.9,0.9,,2027,not_run,configs/experiments/fm_transfer_jobs/cfmi_tep_channel_missing0.9_seed2027.json,49b2db4762c5d2932220b1b97dd96e1b8b3d23a98a8dbdbaa552aa09d74b6501,experiments/runs/flow_matching_campaign/cfmi_tep_channel_missing0.9_seed2027/result.json,configs/experiments/fm_transfer_queue.v1.json,scripts/flow_matching/run_cfmi.py
csdi_tep_point_missing0.1_seed2028,csdi,tep,industrial_imputation_transfer,point,0.1,0.1,,2028,not_run,configs/experiments/fm_transfer_jobs/csdi_tep_point_missing0.1_seed2028.json,1990fbf39f26376690631c305b06468e22edf43f4295fae212203dc9f8aa99e7,experiments/runs/flow_matching_campaign/csdi_tep_point_missing0.1_seed2028/result.json,configs/experiments/fm_transfer_queue.v1.json,scripts/flow_matching/run_csdi.py
cfmi_tep_point_missing0.1_seed2028,cfmi,tep,industrial_imputation_transfer,point,0.1,0.1,,2028,not_run,configs/experiments/fm_transfer_jobs/cfmi_tep_point_missing0.1_seed2028.json,04e563e336a158aae7dae7a38c5d700d645d23088444bd33084d850324e86db7,experiments/runs/flow_matching_campaign/cfmi_tep_point_missing0.1_seed2028/result.json,configs/experiments/fm_transfer_queue.v1.json,scripts/flow_matching/run_cfmi.py
csdi_tep_point_missing0.5_seed2028,csdi,tep,industrial_imputation_transfer,point,0.5,0.5,,2028,not_run,configs/experiments/fm_transfer_jobs/csdi_tep_point_missing0.5_seed2028.json,1e53b9345986f05fe057d8d4403fa46db3a4009c907d0243a5cb172eaf0981e2,experiments/runs/flow_matching_campaign/csdi_tep_point_missing0.5_seed2028/result.json,configs/experiments/fm_transfer_queue.v1.json,scripts/flow_matching/run_csdi.py
cfmi_tep_point_missing0.5_seed2028,cfmi,tep,industrial_imputation_transfer,point,0.5,0.5,,2028,not_run,configs/experiments/fm_transfer_jobs/cfmi_tep_point_missing0.5_seed2028.json,c253f5ccc89215f063c1a64cf804c2fd3b767dba4351e89947adcc926ac5e207,experiments/runs/flow_matching_campaign/cfmi_tep_point_missing0.5_seed2028/result.json,configs/experiments/fm_transfer_queue.v1.json,scripts/flow_matching/run_cfmi.py
csdi_tep_point_missing0.9_seed2028,csdi,tep,industrial_imputation_transfer,point,0.9,0.9,,2028,not_run,configs/experiments/fm_transfer_jobs/csdi_tep_point_missing0.9_seed2028.json,955321f9321b2d3925f2898bd232af2843d8d5acdc9ee09d9f4211c0e69d0a51,experiments/runs/flow_matching_campaign/csdi_tep_point_missing0.9_seed2028/result.json,configs/experiments/fm_transfer_queue.v1.json,scripts/flow_matching/run_csdi.py
cfmi_tep_point_missing0.9_seed2028,cfmi,tep,industrial_imputation_transfer,point,0.9,0.9,,2028,not_run,configs/experiments/fm_transfer_jobs/cfmi_tep_point_missing0.9_seed2028.json,8876b0a0ae68355df67c12a8803eabed08b9f956d782220039e69d1e31b934ab,experiments/runs/flow_matching_campaign/cfmi_tep_point_missing0.9_seed2028/result.json,configs/experiments/fm_transfer_queue.v1.json,scripts/flow_matching/run_cfmi.py
csdi_tep_block_missing0.1_seed2028,csdi,tep,industrial_imputation_transfer,block,0.1,0.1,,2028,not_run,configs/experiments/fm_transfer_jobs/csdi_tep_block_missing0.1_seed2028.json,2771802d029d3c62bde3296da652b0c9000b05f76f4cc8af4482917f42baa2f6,experiments/runs/flow_matching_campaign/csdi_tep_block_missing0.1_seed2028/result.json,configs/experiments/fm_transfer_queue.v1.json,scripts/flow_matching/run_csdi.py
cfmi_tep_block_missing0.1_seed2028,cfmi,tep,industrial_imputation_transfer,block,0.1,0.1,,2028,not_run,configs/experiments/fm_transfer_jobs/cfmi_tep_block_missing0.1_seed2028.json,6bc67ba9c50882350fa42f5caabe229d6f6f41176c7492f3d7098978e229e83f,experiments/runs/flow_matching_campaign/cfmi_tep_block_missing0.1_seed2028/result.json,configs/experiments/fm_transfer_queue.v1.json,scripts/flow_matching/run_cfmi.py
csdi_tep_block_missing0.5_seed2028,csdi,tep,industrial_imputation_transfer,block,0.5,0.5,,2028,not_run,configs/experiments/fm_transfer_jobs/csdi_tep_block_missing0.5_seed2028.json,943fcdc93b5a0a70c5540af596b042026dab0da9e1c426b6d023b81bf82029fc,experiments/runs/flow_matching_campaign/csdi_tep_block_missing0.5_seed2028/result.json,configs/experiments/fm_transfer_queue.v1.json,scripts/flow_matching/run_csdi.py
cfmi_tep_block_missing0.5_seed2028,cfmi,tep,industrial_imputation_transfer,block,0.5,0.5,,2028,not_run,configs/experiments/fm_transfer_jobs/cfmi_tep_block_missing0.5_seed2028.json,a1a780418ffb8fa6f3c7225959a42c5984184f3ecc660b0865d50e9bfe92116e,experiments/runs/flow_matching_campaign/cfmi_tep_block_missing0.5_seed2028/result.json,configs/experiments/fm_transfer_queue.v1.json,scripts/flow_matching/run_cfmi.py
csdi_tep_block_missing0.9_seed2028,csdi,tep,industrial_imputation_transfer,block,0.9,0.9,,2028,not_run,configs/experiments/fm_transfer_jobs/csdi_tep_block_missing0.9_seed2028.json,64350ced3f6fe1085a7516f033ed0a026f415bbec6f088785efa4e4ccc8d0a9a,experiments/runs/flow_matching_campaign/csdi_tep_block_missing0.9_seed2028/result.json,configs/experiments/fm_transfer_queue.v1.json,scripts/flow_matching/run_csdi.py
cfmi_tep_block_missing0.9_seed2028,cfmi,tep,industrial_imputation_transfer,block,0.9,0.9,,2028,not_run,configs/experiments/fm_transfer_jobs/cfmi_tep_block_missing0.9_seed2028.json,76defff7b13066d3a8dd790bc23758243d15bf473d57af3177eece0cdd120bc5,experiments/runs/flow_matching_campaign/cfmi_tep_block_missing0.9_seed2028/result.json,configs/experiments/fm_transfer_queue.v1.json,scripts/flow_matching/run_cfmi.py
csdi_tep_channel_missing0.1_seed2028,csdi,tep,industrial_imputation_transfer,channel,0.1,0.1,,2028,not_run,configs/experiments/fm_transfer_jobs/csdi_tep_channel_missing0.1_seed2028.json,d11d9ce386298ea9f5ebbfdd3b7631c9f4960cdfa9517811c335cae03883aeee,experiments/runs/flow_matching_campaign/csdi_tep_channel_missing0.1_seed2028/result.json,configs/experiments/fm_transfer_queue.v1.json,scripts/flow_matching/run_csdi.py
cfmi_tep_channel_missing0.1_seed2028,cfmi,tep,industrial_imputation_transfer,channel,0.1,0.1,,2028,not_run,configs/experiments/fm_transfer_jobs/cfmi_tep_channel_missing0.1_seed2028.json,bd8baca8e78fea3a23876437c091142745158c90c0e158ee50b4406d9c96cdac,experiments/runs/flow_matching_campaign/cfmi_tep_channel_missing0.1_seed2028/result.json,configs/experiments/fm_transfer_queue.v1.json,scripts/flow_matching/run_cfmi.py
csdi_tep_channel_missing0.5_seed2028,csdi,tep,industrial_imputation_transfer,channel,0.5,0.5,,2028,not_run,configs/experiments/fm_transfer_jobs/csdi_tep_channel_missing0.5_seed2028.json,52b10fe5ea755990cc49812859101a5ca9b105f61e1215f6917341204b5d67f9,experiments/runs/flow_matching_campaign/csdi_tep_channel_missing0.5_seed2028/result.json,configs/experiments/fm_transfer_queue.v1.json,scripts/flow_matching/run_csdi.py
cfmi_tep_channel_missing0.5_seed2028,cfmi,tep,industrial_imputation_transfer,channel,0.5,0.5,,2028,not_run,configs/experiments/fm_transfer_jobs/cfmi_tep_channel_missing0.5_seed2028.json,43c0baac1d7a7af2fec23f5af9619e662277f1acf7d37fa410b73159904edea4,experiments/runs/flow_matching_campaign/cfmi_tep_channel_missing0.5_seed2028/result.json,configs/experiments/fm_transfer_queue.v1.json,scripts/flow_matching/run_cfmi.py
csdi_tep_channel_missing0.9_seed2028,csdi,tep,industrial_imputation_transfer,channel,0.9,0.9,,2028,not_run,configs/experiments/fm_transfer_jobs/csdi_tep_channel_missing0.9_seed2028.json,88da579b19c210504e1cdec7ec220f7b4d6440e61c4d2548ae1755cf32744f3b,experiments/runs/flow_matching_campaign/csdi_tep_channel_missing0.9_seed2028/result.json,configs/experiments/fm_transfer_queue.v1.json,scripts/flow_matching/run_csdi.py
cfmi_tep_channel_missing0.9_seed2028,cfmi,tep,industrial_imputation_transfer,channel,0.9,0.9,,2028,not_run,configs/experiments/fm_transfer_jobs/cfmi_tep_channel_missing0.9_seed2028.json,65692d335e9ef4125228a2918d9fea0c47e9701ab0d9a289b0d2eed8b548b13d,experiments/runs/flow_matching_campaign/cfmi_tep_channel_missing0.9_seed2028/result.json,configs/experiments/fm_transfer_queue.v1.json,scripts/flow_matching/run_cfmi.py
csdi_tep_point_missing0.1_seed2029,csdi,tep,industrial_imputation_transfer,point,0.1,0.1,,2029,not_run,configs/experiments/fm_transfer_jobs/csdi_tep_point_missing0.1_seed2029.json,a7cb00bb45bcec10915467713a4524647eb4c8355976359f59b03bedeeee6f75,experiments/runs/flow_matching_campaign/csdi_tep_point_missing0.1_seed2029/result.json,configs/experiments/fm_transfer_queue.v1.json,scripts/flow_matching/run_csdi.py
cfmi_tep_point_missing0.1_seed2029,cfmi,tep,industrial_imputation_transfer,point,0.1,0.1,,2029,not_run,configs/experiments/fm_transfer_jobs/cfmi_tep_point_missing0.1_seed2029.json,14162488a1a952155b9911cf0f65d858f2b82be67f83db73ea19918299df1496,experiments/runs/flow_matching_campaign/cfmi_tep_point_missing0.1_seed2029/result.json,configs/experiments/fm_transfer_queue.v1.json,scripts/flow_matching/run_cfmi.py
csdi_tep_point_missing0.5_seed2029,csdi,tep,industrial_imputation_transfer,point,0.5,0.5,,2029,not_run,configs/experiments/fm_transfer_jobs/csdi_tep_point_missing0.5_seed2029.json,94095a008d27a7521ec2922a28dbce65b3ecc6e64218ea8e78f102fcf6aff0fb,experiments/runs/flow_matching_campaign/csdi_tep_point_missing0.5_seed2029/result.json,configs/experiments/fm_transfer_queue.v1.json,scripts/flow_matching/run_csdi.py
cfmi_tep_point_missing0.5_seed2029,cfmi,tep,industrial_imputation_transfer,point,0.5,0.5,,2029,not_run,configs/experiments/fm_transfer_jobs/cfmi_tep_point_missing0.5_seed2029.json,6cbc00e5fead2afb6de8e99f9c5bfe27f8d701b4e1bfe3260ddf652fcad38858,experiments/runs/flow_matching_campaign/cfmi_tep_point_missing0.5_seed2029/result.json,configs/experiments/fm_transfer_queue.v1.json,scripts/flow_matching/run_cfmi.py
csdi_tep_point_missing0.9_seed2029,csdi,tep,industrial_imputation_transfer,point,0.9,0.9,,2029,not_run,configs/experiments/fm_transfer_jobs/csdi_tep_point_missing0.9_seed2029.json,a67818864ab37b0adc949c8d2ec564367149a425a81ed0f0cc3301e2361c0695,experiments/runs/flow_matching_campaign/csdi_tep_point_missing0.9_seed2029/result.json,configs/experiments/fm_transfer_queue.v1.json,scripts/flow_matching/run_csdi.py
cfmi_tep_point_missing0.9_seed2029,cfmi,tep,industrial_imputation_transfer,point,0.9,0.9,,2029,not_run,configs/experiments/fm_transfer_jobs/cfmi_tep_point_missing0.9_seed2029.json,4d9565148d201062adc494627c66b37727e5088bad34a0f49c39cee475ecd30b,experiments/runs/flow_matching_campaign/cfmi_tep_point_missing0.9_seed2029/result.json,configs/experiments/fm_transfer_queue.v1.json,scripts/flow_matching/run_cfmi.py
csdi_tep_block_missing0.1_seed2029,csdi,tep,industrial_imputation_transfer,block,0.1,0.1,,2029,not_run,configs/experiments/fm_transfer_jobs/csdi_tep_block_missing0.1_seed2029.json,a1fe798193cbaaf7f3707469afbfc6c73a66fa6d1cd63765fcf1f6f92ce86aa6,experiments/runs/flow_matching_campaign/csdi_tep_block_missing0.1_seed2029/result.json,configs/experiments/fm_transfer_queue.v1.json,scripts/flow_matching/run_csdi.py
cfmi_tep_block_missing0.1_seed2029,cfmi,tep,industrial_imputation_transfer,block,0.1,0.1,,2029,not_run,configs/experiments/fm_transfer_jobs/cfmi_tep_block_missing0.1_seed2029.json,9c55b3030384c9ab50d9b0c828f5f3af1ff823a837571da0ba3a726085c1c1f8,experiments/runs/flow_matching_campaign/cfmi_tep_block_missing0.1_seed2029/result.json,configs/experiments/fm_transfer_queue.v1.json,scripts/flow_matching/run_cfmi.py
csdi_tep_block_missing0.5_seed2029,csdi,tep,industrial_imputation_transfer,block,0.5,0.5,,2029,not_run,configs/experiments/fm_transfer_jobs/csdi_tep_block_missing0.5_seed2029.json,bd888fa3d152e3b1f538144e43ee2de252f73224e537e26c39fdad6cbf0def87,experiments/runs/flow_matching_campaign/csdi_tep_block_missing0.5_seed2029/result.json,configs/experiments/fm_transfer_queue.v1.json,scripts/flow_matching/run_csdi.py
cfmi_tep_block_missing0.5_seed2029,cfmi,tep,industrial_imputation_transfer,block,0.5,0.5,,2029,not_run,configs/experiments/fm_transfer_jobs/cfmi_tep_block_missing0.5_seed2029.json,4e6c7fd5ff2ecc81add42920c791c095a67b977d0421c920dec00629534703a3,experiments/runs/flow_matching_campaign/cfmi_tep_block_missing0.5_seed2029/result.json,configs/experiments/fm_transfer_queue.v1.json,scripts/flow_matching/run_cfmi.py
csdi_tep_block_missing0.9_seed2029,csdi,tep,industrial_imputation_transfer,block,0.9,0.9,,2029,not_run,configs/experiments/fm_transfer_jobs/csdi_tep_block_missing0.9_seed2029.json,6427bf751704bd43c681bc1bf9ef5bb62c9422a033d050e165eb0bd4ae10144e,experiments/runs/flow_matching_campaign/csdi_tep_block_missing0.9_seed2029/result.json,configs/experiments/fm_transfer_queue.v1.json,scripts/flow_matching/run_csdi.py
cfmi_tep_block_missing0.9_seed2029,cfmi,tep,industrial_imputation_transfer,block,0.9,0.9,,2029,not_run,configs/experiments/fm_transfer_jobs/cfmi_tep_block_missing0.9_seed2029.json,f75a4508e062a6d76702f76dd115a5f06c4e5dad1924f3df4fd2bb4d2af24bd8,experiments/runs/flow_matching_campaign/cfmi_tep_block_missing0.9_seed2029/result.json,configs/experiments/fm_transfer_queue.v1.json,scripts/flow_matching/run_cfmi.py
csdi_tep_channel_missing0.1_seed2029,csdi,tep,industrial_imputation_transfer,channel,0.1,0.1,,2029,not_run,configs/experiments/fm_transfer_jobs/csdi_tep_channel_missing0.1_seed2029.json,bed6a79904cf947c4e109b7835227c39764e83f1597888537e25929df2f64221,experiments/runs/flow_matching_campaign/csdi_tep_channel_missing0.1_seed2029/result.json,configs/experiments/fm_transfer_queue.v1.json,scripts/flow_matching/run_csdi.py
cfmi_tep_channel_missing0.1_seed2029,cfmi,tep,industrial_imputation_transfer,channel,0.1,0.1,,2029,not_run,configs/experiments/fm_transfer_jobs/cfmi_tep_channel_missing0.1_seed2029.json,7ebdf52a919903839e7e328175675d2f2bfe475c2e177662094c3302c6b494c0,experiments/runs/flow_matching_campaign/cfmi_tep_channel_missing0.1_seed2029/result.json,configs/experiments/fm_transfer_queue.v1.json,scripts/flow_matching/run_cfmi.py
csdi_tep_channel_missing0.5_seed2029,csdi,tep,industrial_imputation_transfer,channel,0.5,0.5,,2029,not_run,configs/experiments/fm_transfer_jobs/csdi_tep_channel_missing0.5_seed2029.json,1e3c07638bc1349382fe32b8ca7a882fee96238832e9814d24eceffee1e2c34c,experiments/runs/flow_matching_campaign/csdi_tep_channel_missing0.5_seed2029/result.json,configs/experiments/fm_transfer_queue.v1.json,scripts/flow_matching/run_csdi.py
cfmi_tep_channel_missing0.5_seed2029,cfmi,tep,industrial_imputation_transfer,channel,0.5,0.5,,2029,not_run,configs/experiments/fm_transfer_jobs/cfmi_tep_channel_missing0.5_seed2029.json,b0fba0369fbc3b60db70f2c1db4b6e4be4dc5895077e4b05a1fb1704ae9a52ab,experiments/runs/flow_matching_campaign/cfmi_tep_channel_missing0.5_seed2029/result.json,configs/experiments/fm_transfer_queue.v1.json,scripts/flow_matching/run_cfmi.py
csdi_tep_channel_missing0.9_seed2029,csdi,tep,industrial_imputation_transfer,channel,0.9,0.9,,2029,not_run,configs/experiments/fm_transfer_jobs/csdi_tep_channel_missing0.9_seed2029.json,ecce4569c6d4dbc7716a970c7098ea8fc3ff5c183c77e9ae1b6cbe7aa5e4b441,experiments/runs/flow_matching_campaign/csdi_tep_channel_missing0.9_seed2029/result.json,configs/experiments/fm_transfer_queue.v1.json,scripts/flow_matching/run_csdi.py
cfmi_tep_channel_missing0.9_seed2029,cfmi,tep,industrial_imputation_transfer,channel,0.9,0.9,,2029,not_run,configs/experiments/fm_transfer_jobs/cfmi_tep_channel_missing0.9_seed2029.json,935558530a5707854621c3933bf2e9d44b5449e697ebc942b11d2cd355e65499,experiments/runs/flow_matching_campaign/cfmi_tep_channel_missing0.9_seed2029/result.json,configs/experiments/fm_transfer_queue.v1.json,scripts/flow_matching/run_cfmi.py
csdi_tep_point_missing0.1_seed2030,csdi,tep,industrial_imputation_transfer,point,0.1,0.1,,2030,not_run,configs/experiments/fm_transfer_jobs/csdi_tep_point_missing0.1_seed2030.json,8cf8e76757ca52ee407b7baf169abeeaf02a764c386751a4d28f2c39e9c66eab,experiments/runs/flow_matching_campaign/csdi_tep_point_missing0.1_seed2030/result.json,configs/experiments/fm_transfer_queue.v1.json,scripts/flow_matching/run_csdi.py
cfmi_tep_point_missing0.1_seed2030,cfmi,tep,industrial_imputation_transfer,point,0.1,0.1,,2030,not_run,configs/experiments/fm_transfer_jobs/cfmi_tep_point_missing0.1_seed2030.json,e83d7b3b7c0bb897b6fc615f5194e7d15359f1820c0e79020b14a300dfbf42ef,experiments/runs/flow_matching_campaign/cfmi_tep_point_missing0.1_seed2030/result.json,configs/experiments/fm_transfer_queue.v1.json,scripts/flow_matching/run_cfmi.py
csdi_tep_point_missing0.5_seed2030,csdi,tep,industrial_imputation_transfer,point,0.5,0.5,,2030,not_run,configs/experiments/fm_transfer_jobs/csdi_tep_point_missing0.5_seed2030.json,6c8506e90da3f9a372ceb63d68cfff58680942155d14b5a710b43a64b8d2f57f,experiments/runs/flow_matching_campaign/csdi_tep_point_missing0.5_seed2030/result.json,configs/experiments/fm_transfer_queue.v1.json,scripts/flow_matching/run_csdi.py
cfmi_tep_point_missing0.5_seed2030,cfmi,tep,industrial_imputation_transfer,point,0.5,0.5,,2030,not_run,configs/experiments/fm_transfer_jobs/cfmi_tep_point_missing0.5_seed2030.json,1f746aacc7b05835fd623526e296153cc5adb1fc64e2613166f7f06239b9a276,experiments/runs/flow_matching_campaign/cfmi_tep_point_missing0.5_seed2030/result.json,configs/experiments/fm_transfer_queue.v1.json,scripts/flow_matching/run_cfmi.py
csdi_tep_point_missing0.9_seed2030,csdi,tep,industrial_imputation_transfer,point,0.9,0.9,,2030,not_run,configs/experiments/fm_transfer_jobs/csdi_tep_point_missing0.9_seed2030.json,ff359ef5af651c7f9579457bdd5ad4fe38c5966237f551e5fa6f47b28af622d9,experiments/runs/flow_matching_campaign/csdi_tep_point_missing0.9_seed2030/result.json,configs/experiments/fm_transfer_queue.v1.json,scripts/flow_matching/run_csdi.py
cfmi_tep_point_missing0.9_seed2030,cfmi,tep,industrial_imputation_transfer,point,0.9,0.9,,2030,not_run,configs/experiments/fm_transfer_jobs/cfmi_tep_point_missing0.9_seed2030.json,1c7a4cd9e4177bf3d5d68fafa0ad0ab70a17115bc38bf0b69e7c79c9949aa500,experiments/runs/flow_matching_campaign/cfmi_tep_point_missing0.9_seed2030/result.json,configs/experiments/fm_transfer_queue.v1.json,scripts/flow_matching/run_cfmi.py
csdi_tep_block_missing0.1_seed2030,csdi,tep,industrial_imputation_transfer,block,0.1,0.1,,2030,not_run,configs/experiments/fm_transfer_jobs/csdi_tep_block_missing0.1_seed2030.json,adc074b202efe705ffe1581763179636ece4dca0a43629ab820f24b0ecfcc2ca,experiments/runs/flow_matching_campaign/csdi_tep_block_missing0.1_seed2030/result.json,configs/experiments/fm_transfer_queue.v1.json,scripts/flow_matching/run_csdi.py
cfmi_tep_block_missing0.1_seed2030,cfmi,tep,industrial_imputation_transfer,block,0.1,0.1,,2030,not_run,configs/experiments/fm_transfer_jobs/cfmi_tep_block_missing0.1_seed2030.json,33b17d5a0f07e39bc4798df1c004bcd8d888612c7d9cdebd6fbbab20a59ee5e7,experiments/runs/flow_matching_campaign/cfmi_tep_block_missing0.1_seed2030/result.json,configs/experiments/fm_transfer_queue.v1.json,scripts/flow_matching/run_cfmi.py
csdi_tep_block_missing0.5_seed2030,csdi,tep,industrial_imputation_transfer,block,0.5,0.5,,2030,not_run,configs/experiments/fm_transfer_jobs/csdi_tep_block_missing0.5_seed2030.json,060b94cd894ee83da1869bf86ab95c540c7e0cc142556f279dd52aa8d7c12db4,experiments/runs/flow_matching_campaign/csdi_tep_block_missing0.5_seed2030/result.json,configs/experiments/fm_transfer_queue.v1.json,scripts/flow_matching/run_csdi.py
cfmi_tep_block_missing0.5_seed2030,cfmi,tep,industrial_imputation_transfer,block,0.5,0.5,,2030,not_run,configs/experiments/fm_transfer_jobs/cfmi_tep_block_missing0.5_seed2030.json,bac4e8377a08d6fce20acf99a7ad57870dd70a39b261829e428a582baa9dd28d,experiments/runs/flow_matching_campaign/cfmi_tep_block_missing0.5_seed2030/result.json,configs/experiments/fm_transfer_queue.v1.json,scripts/flow_matching/run_cfmi.py
csdi_tep_block_missing0.9_seed2030,csdi,tep,industrial_imputation_transfer,block,0.9,0.9,,2030,not_run,configs/experiments/fm_transfer_jobs/csdi_tep_block_missing0.9_seed2030.json,673085f77b7416197c7f900e2fcfb3e85717ac13351bdd3c0199fdc77a8c4c78,experiments/runs/flow_matching_campaign/csdi_tep_block_missing0.9_seed2030/result.json,configs/experiments/fm_transfer_queue.v1.json,scripts/flow_matching/run_csdi.py
cfmi_tep_block_missing0.9_seed2030,cfmi,tep,industrial_imputation_transfer,block,0.9,0.9,,2030,not_run,configs/experiments/fm_transfer_jobs/cfmi_tep_block_missing0.9_seed2030.json,2bbff49de051f5df9a60935b3ef06c7f80d96d57f0bb23a7defea48c95211511,experiments/runs/flow_matching_campaign/cfmi_tep_block_missing0.9_seed2030/result.json,configs/experiments/fm_transfer_queue.v1.json,scripts/flow_matching/run_cfmi.py
csdi_tep_channel_missing0.1_seed2030,csdi,tep,industrial_imputation_transfer,channel,0.1,0.1,,2030,not_run,configs/experiments/fm_transfer_jobs/csdi_tep_channel_missing0.1_seed2030.json,94338eeed9caa5a4e15a50cece346f6f3a7dcba365eff4df3fcd8bc39800c2a2,experiments/runs/flow_matching_campaign/csdi_tep_channel_missing0.1_seed2030/result.json,configs/experiments/fm_transfer_queue.v1.json,scripts/flow_matching/run_csdi.py
cfmi_tep_channel_missing0.1_seed2030,cfmi,tep,industrial_imputation_transfer,channel,0.1,0.1,,2030,not_run,configs/experiments/fm_transfer_jobs/cfmi_tep_channel_missing0.1_seed2030.json,941d5b8e1e4a414bc401bd03da204413703c3860bbaa2809072c6f3ddff8e6a9,experiments/runs/flow_matching_campaign/cfmi_tep_channel_missing0.1_seed2030/result.json,configs/experiments/fm_transfer_queue.v1.json,scripts/flow_matching/run_cfmi.py
csdi_tep_channel_missing0.5_seed2030,csdi,tep,industrial_imputation_transfer,channel,0.5,0.5,,2030,not_run,configs/experiments/fm_transfer_jobs/csdi_tep_channel_missing0.5_seed2030.json,e6d0bdd68824b4072ff40325d3236b2ae0e256a039345aa95b823883abf70f8c,experiments/runs/flow_matching_campaign/csdi_tep_channel_missing0.5_seed2030/result.json,configs/experiments/fm_transfer_queue.v1.json,scripts/flow_matching/run_csdi.py
cfmi_tep_channel_missing0.5_seed2030,cfmi,tep,industrial_imputation_transfer,channel,0.5,0.5,,2030,not_run,configs/experiments/fm_transfer_jobs/cfmi_tep_channel_missing0.5_seed2030.json,d6e64714e93b49b2136f14d6dc547b2328df238972b3a91cc89d0552193c9dd1,experiments/runs/flow_matching_campaign/cfmi_tep_channel_missing0.5_seed2030/result.json,configs/experiments/fm_transfer_queue.v1.json,scripts/flow_matching/run_cfmi.py
csdi_tep_channel_missing0.9_seed2030,csdi,tep,industrial_imputation_transfer,channel,0.9,0.9,,2030,not_run,configs/experiments/fm_transfer_jobs/csdi_tep_channel_missing0.9_seed2030.json,22fe01e5528ab0f82f6a24ddc4cf46c99b5d767796f18d0f3e474191a4209a2c,experiments/runs/flow_matching_campaign/csdi_tep_channel_missing0.9_seed2030/result.json,configs/experiments/fm_transfer_queue.v1.json,scripts/flow_matching/run_csdi.py
cfmi_tep_channel_missing0.9_seed2030,cfmi,tep,industrial_imputation_transfer,channel,0.9,0.9,,2030,not_run,configs/experiments/fm_transfer_jobs/cfmi_tep_channel_missing0.9_seed2030.json,01c639ce28c5f8116bb3171df83c92f1d22d53d8f448da40e1a164e2bdacbeef,experiments/runs/flow_matching_campaign/cfmi_tep_channel_missing0.9_seed2030/result.json,configs/experiments/fm_transfer_queue.v1.json,scripts/flow_matching/run_cfmi.py
csdi_skab_point_missing0.1_seed2026,csdi,skab,industrial_imputation_transfer,point,0.1,0.1,,2026,not_run,configs/experiments/fm_transfer_jobs/csdi_skab_point_missing0.1_seed2026.json,b045d1126145676fb2cb0092c411925608f0f4465fc66e29297cab764c13429d,experiments/runs/flow_matching_campaign/csdi_skab_point_missing0.1_seed2026/result.json,configs/experiments/fm_transfer_queue.v1.json,scripts/flow_matching/run_csdi.py
cfmi_skab_point_missing0.1_seed2026,cfmi,skab,industrial_imputation_transfer,point,0.1,0.1,,2026,not_run,configs/experiments/fm_transfer_jobs/cfmi_skab_point_missing0.1_seed2026.json,2a7cd1d48a4800bd40e00417ea55c183b416afb678b3a5ad3a5e198eaa31d97b,experiments/runs/flow_matching_campaign/cfmi_skab_point_missing0.1_seed2026/result.json,configs/experiments/fm_transfer_queue.v1.json,scripts/flow_matching/run_cfmi.py
csdi_skab_point_missing0.5_seed2026,csdi,skab,industrial_imputation_transfer,point,0.5,0.5,,2026,not_run,configs/experiments/fm_transfer_jobs/csdi_skab_point_missing0.5_seed2026.json,15d6c6faa257e31b8bbe0feaf847dca4aad632ef5a26dea38a7873c8fbf997b2,experiments/runs/flow_matching_campaign/csdi_skab_point_missing0.5_seed2026/result.json,configs/experiments/fm_transfer_queue.v1.json,scripts/flow_matching/run_csdi.py
cfmi_skab_point_missing0.5_seed2026,cfmi,skab,industrial_imputation_transfer,point,0.5,0.5,,2026,not_run,configs/experiments/fm_transfer_jobs/cfmi_skab_point_missing0.5_seed2026.json,6ee94b21026cf4c7368aa2a4917ce1826a1708a6445d1b42038d5d573f42bedf,experiments/runs/flow_matching_campaign/cfmi_skab_point_missing0.5_seed2026/result.json,configs/experiments/fm_transfer_queue.v1.json,scripts/flow_matching/run_cfmi.py
csdi_skab_point_missing0.9_seed2026,csdi,skab,industrial_imputation_transfer,point,0.9,0.9,,2026,not_run,configs/experiments/fm_transfer_jobs/csdi_skab_point_missing0.9_seed2026.json,e044c496c2538280bdffc43e81aca795a0d1e996023c7d5db50cac6589548c1e,experiments/runs/flow_matching_campaign/csdi_skab_point_missing0.9_seed2026/result.json,configs/experiments/fm_transfer_queue.v1.json,scripts/flow_matching/run_csdi.py
cfmi_skab_point_missing0.9_seed2026,cfmi,skab,industrial_imputation_transfer,point,0.9,0.9,,2026,not_run,configs/experiments/fm_transfer_jobs/cfmi_skab_point_missing0.9_seed2026.json,e23f960d61bf68db88ba22f4bb3b29a262a747331e004fdfb9d67b8dbb90b011,experiments/runs/flow_matching_campaign/cfmi_skab_point_missing0.9_seed2026/result.json,configs/experiments/fm_transfer_queue.v1.json,scripts/flow_matching/run_cfmi.py
csdi_skab_block_missing0.1_seed2026,csdi,skab,industrial_imputation_transfer,block,0.1,0.1,,2026,not_run,configs/experiments/fm_transfer_jobs/csdi_skab_block_missing0.1_seed2026.json,d53c4f9f8f4dfae9fb4de201bae09959a6c973d4af51cb5e0714518c6d64467b,experiments/runs/flow_matching_campaign/csdi_skab_block_missing0.1_seed2026/result.json,configs/experiments/fm_transfer_queue.v1.json,scripts/flow_matching/run_csdi.py
cfmi_skab_block_missing0.1_seed2026,cfmi,skab,industrial_imputation_transfer,block,0.1,0.1,,2026,not_run,configs/experiments/fm_transfer_jobs/cfmi_skab_block_missing0.1_seed2026.json,28bf72b4d6472f4ac06882db6bc1897549dfa27cf945beda639c24c99ff903b2,experiments/runs/flow_matching_campaign/cfmi_skab_block_missing0.1_seed2026/result.json,configs/experiments/fm_transfer_queue.v1.json,scripts/flow_matching/run_cfmi.py
csdi_skab_block_missing0.5_seed2026,csdi,skab,industrial_imputation_transfer,block,0.5,0.5,,2026,not_run,configs/experiments/fm_transfer_jobs/csdi_skab_block_missing0.5_seed2026.json,c004459de92d1f7f6901cc213b91860923fb8ad591aca07b423f9dcbb2217c64,experiments/runs/flow_matching_campaign/csdi_skab_block_missing0.5_seed2026/result.json,configs/experiments/fm_transfer_queue.v1.json,scripts/flow_matching/run_csdi.py
cfmi_skab_block_missing0.5_seed2026,cfmi,skab,industrial_imputation_transfer,block,0.5,0.5,,2026,not_run,configs/experiments/fm_transfer_jobs/cfmi_skab_block_missing0.5_seed2026.json,6798f4af9ce22b41e5311f28845ac19da7b8d495740f50d2da883d39bf83ff96,experiments/runs/flow_matching_campaign/cfmi_skab_block_missing0.5_seed2026/result.json,configs/experiments/fm_transfer_queue.v1.json,scripts/flow_matching/run_cfmi.py
csdi_skab_block_missing0.9_seed2026,csdi,skab,industrial_imputation_transfer,block,0.9,0.9,,2026,not_run,configs/experiments/fm_transfer_jobs/csdi_skab_block_missing0.9_seed2026.json,87ce32af54ad10a667b334af6206dde558c068e50eb886192aaed81c3451cdc0,experiments/runs/flow_matching_campaign/csdi_skab_block_missing0.9_seed2026/result.json,configs/experiments/fm_transfer_queue.v1.json,scripts/flow_matching/run_csdi.py
cfmi_skab_block_missing0.9_seed2026,cfmi,skab,industrial_imputation_transfer,block,0.9,0.9,,2026,not_run,configs/experiments/fm_transfer_jobs/cfmi_skab_block_missing0.9_seed2026.json,5fbb95b0b30ab202ceb94d6b017e8e05811d746e1c5c2d9775432ac7dd74a952,experiments/runs/flow_matching_campaign/cfmi_skab_block_missing0.9_seed2026/result.json,configs/experiments/fm_transfer_queue.v1.json,scripts/flow_matching/run_cfmi.py
csdi_skab_channel_missing0.1_seed2026,csdi,skab,industrial_imputation_transfer,channel,0.1,0.1,,2026,not_run,configs/experiments/fm_transfer_jobs/csdi_skab_channel_missing0.1_seed2026.json,e704f49fe5832119dd2910c5e9989dc531d1f570cb50c29fa6bfc7bf0b9b3c64,experiments/runs/flow_matching_campaign/csdi_skab_channel_missing0.1_seed2026/result.json,configs/experiments/fm_transfer_queue.v1.json,scripts/flow_matching/run_csdi.py
cfmi_skab_channel_missing0.1_seed2026,cfmi,skab,industrial_imputation_transfer,channel,0.1,0.1,,2026,not_run,configs/experiments/fm_transfer_jobs/cfmi_skab_channel_missing0.1_seed2026.json,ab5bc5f48159b10e034e2ead79261a13a7d3c886f734ad56ab41046897982c8e,experiments/runs/flow_matching_campaign/cfmi_skab_channel_missing0.1_seed2026/result.json,configs/experiments/fm_transfer_queue.v1.json,scripts/flow_matching/run_cfmi.py
csdi_skab_channel_missing0.5_seed2026,csdi,skab,industrial_imputation_transfer,channel,0.5,0.5,,2026,not_run,configs/experiments/fm_transfer_jobs/csdi_skab_channel_missing0.5_seed2026.json,f6f714bf733a0ce918a17784f5d49b4e2140f515a443d35ae9d3c469ebbf9a4d,experiments/runs/flow_matching_campaign/csdi_skab_channel_missing0.5_seed2026/result.json,configs/experiments/fm_transfer_queue.v1.json,scripts/flow_matching/run_csdi.py
cfmi_skab_channel_missing0.5_seed2026,cfmi,skab,industrial_imputation_transfer,channel,0.5,0.5,,2026,not_run,configs/experiments/fm_transfer_jobs/cfmi_skab_channel_missing0.5_seed2026.json,828c1bc951073d2fffb0b17e3d098240975395f20790aa775caf858074d35494,experiments/runs/flow_matching_campaign/cfmi_skab_channel_missing0.5_seed2026/result.json,configs/experiments/fm_transfer_queue.v1.json,scripts/flow_matching/run_cfmi.py
csdi_skab_channel_missing0.9_seed2026,csdi,skab,industrial_imputation_transfer,channel,0.9,0.9,,2026,not_run,configs/experiments/fm_transfer_jobs/csdi_skab_channel_missing0.9_seed2026.json,b78fa70066104a35470f7a40664e92addeb6e0f35477bfaa521a5b6e9f1335fd,experiments/runs/flow_matching_campaign/csdi_skab_channel_missing0.9_seed2026/result.json,configs/experiments/fm_transfer_queue.v1.json,scripts/flow_matching/run_csdi.py
cfmi_skab_channel_missing0.9_seed2026,cfmi,skab,industrial_imputation_transfer,channel,0.9,0.9,,2026,not_run,configs/experiments/fm_transfer_jobs/cfmi_skab_channel_missing0.9_seed2026.json,31e68f25e92c7ceeef81493511c999029817ae0c4c5f25000572074c1111ace0,experiments/runs/flow_matching_campaign/cfmi_skab_channel_missing0.9_seed2026/result.json,configs/experiments/fm_transfer_queue.v1.json,scripts/flow_matching/run_cfmi.py
csdi_skab_point_missing0.1_seed2027,csdi,skab,industrial_imputation_transfer,point,0.1,0.1,,2027,not_run,configs/experiments/fm_transfer_jobs/csdi_skab_point_missing0.1_seed2027.json,29b04c401c95536291572182abfc545f438ec28a30eee65d22a4909035f797d2,experiments/runs/flow_matching_campaign/csdi_skab_point_missing0.1_seed2027/result.json,configs/experiments/fm_transfer_queue.v1.json,scripts/flow_matching/run_csdi.py
cfmi_skab_point_missing0.1_seed2027,cfmi,skab,industrial_imputation_transfer,point,0.1,0.1,,2027,not_run,configs/experiments/fm_transfer_jobs/cfmi_skab_point_missing0.1_seed2027.json,03d68430b3bd6d598476c105ab47b4a51e8cbb4c9e0e309c4ea78f9301e885e7,experiments/runs/flow_matching_campaign/cfmi_skab_point_missing0.1_seed2027/result.json,configs/experiments/fm_transfer_queue.v1.json,scripts/flow_matching/run_cfmi.py
csdi_skab_point_missing0.5_seed2027,csdi,skab,industrial_imputation_transfer,point,0.5,0.5,,2027,not_run,configs/experiments/fm_transfer_jobs/csdi_skab_point_missing0.5_seed2027.json,c748c8748b9befa5d4de0a5731c622c6ae32055b62272c439b9986f1e65419fc,experiments/runs/flow_matching_campaign/csdi_skab_point_missing0.5_seed2027/result.json,configs/experiments/fm_transfer_queue.v1.json,scripts/flow_matching/run_csdi.py
cfmi_skab_point_missing0.5_seed2027,cfmi,skab,industrial_imputation_transfer,point,0.5,0.5,,2027,not_run,configs/experiments/fm_transfer_jobs/cfmi_skab_point_missing0.5_seed2027.json,c74ae65fcd4565880fa0be2835c7cf330976a893e454d7ca31ff8b8ef563211d,experiments/runs/flow_matching_campaign/cfmi_skab_point_missing0.5_seed2027/result.json,configs/experiments/fm_transfer_queue.v1.json,scripts/flow_matching/run_cfmi.py
csdi_skab_point_missing0.9_seed2027,csdi,skab,industrial_imputation_transfer,point,0.9,0.9,,2027,not_run,configs/experiments/fm_transfer_jobs/csdi_skab_point_missing0.9_seed2027.json,495d10c8a558cb243143fbc7919c3a7a2a3c6e0f72d8299942ab1a787f42b5b3,experiments/runs/flow_matching_campaign/csdi_skab_point_missing0.9_seed2027/result.json,configs/experiments/fm_transfer_queue.v1.json,scripts/flow_matching/run_csdi.py
cfmi_skab_point_missing0.9_seed2027,cfmi,skab,industrial_imputation_transfer,point,0.9,0.9,,2027,not_run,configs/experiments/fm_transfer_jobs/cfmi_skab_point_missing0.9_seed2027.json,9dbd04483568cab6c97fb618b26a12af0001566a177e4c8833dde24da6d75529,experiments/runs/flow_matching_campaign/cfmi_skab_point_missing0.9_seed2027/result.json,configs/experiments/fm_transfer_queue.v1.json,scripts/flow_matching/run_cfmi.py
csdi_skab_block_missing0.1_seed2027,csdi,skab,industrial_imputation_transfer,block,0.1,0.1,,2027,not_run,configs/experiments/fm_transfer_jobs/csdi_skab_block_missing0.1_seed2027.json,bcbffe053cb91ac615c2c7e86bbd2ecf9c6222c8af765eee1c7e94bbcb743402,experiments/runs/flow_matching_campaign/csdi_skab_block_missing0.1_seed2027/result.json,configs/experiments/fm_transfer_queue.v1.json,scripts/flow_matching/run_csdi.py
cfmi_skab_block_missing0.1_seed2027,cfmi,skab,industrial_imputation_transfer,block,0.1,0.1,,2027,not_run,configs/experiments/fm_transfer_jobs/cfmi_skab_block_missing0.1_seed2027.json,31868adcfc88f30486c329d9cd048d00e7511e86f4823d500c18117be679f76d,experiments/runs/flow_matching_campaign/cfmi_skab_block_missing0.1_seed2027/result.json,configs/experiments/fm_transfer_queue.v1.json,scripts/flow_matching/run_cfmi.py
csdi_skab_block_missing0.5_seed2027,csdi,skab,industrial_imputation_transfer,block,0.5,0.5,,2027,not_run,configs/experiments/fm_transfer_jobs/csdi_skab_block_missing0.5_seed2027.json,70ae31be6eb31cd72d3297b4890e1a6ba98ee60e2dd534e110edb48eac19c833,experiments/runs/flow_matching_campaign/csdi_skab_block_missing0.5_seed2027/result.json,configs/experiments/fm_transfer_queue.v1.json,scripts/flow_matching/run_csdi.py
cfmi_skab_block_missing0.5_seed2027,cfmi,skab,industrial_imputation_transfer,block,0.5,0.5,,2027,not_run,configs/experiments/fm_transfer_jobs/cfmi_skab_block_missing0.5_seed2027.json,549e5e276bb3ab58d3b2ebdafd1970418194b2b05bee7d18c7b074571be90b9d,experiments/runs/flow_matching_campaign/cfmi_skab_block_missing0.5_seed2027/result.json,configs/experiments/fm_transfer_queue.v1.json,scripts/flow_matching/run_cfmi.py
csdi_skab_block_missing0.9_seed2027,csdi,skab,industrial_imputation_transfer,block,0.9,0.9,,2027,not_run,configs/experiments/fm_transfer_jobs/csdi_skab_block_missing0.9_seed2027.json,09f228b51a584221851aa27e48edf4b3961e3adcd7c9462282f27c67e53e37dd,experiments/runs/flow_matching_campaign/csdi_skab_block_missing0.9_seed2027/result.json,configs/experiments/fm_transfer_queue.v1.json,scripts/flow_matching/run_csdi.py
cfmi_skab_block_missing0.9_seed2027,cfmi,skab,industrial_imputation_transfer,block,0.9,0.9,,2027,not_run,configs/experiments/fm_transfer_jobs/cfmi_skab_block_missing0.9_seed2027.json,0fe65b610f784459bd2739ac7e822c60ed0bd682fb2497853a9b161775fd4cfb,experiments/runs/flow_matching_campaign/cfmi_skab_block_missing0.9_seed2027/result.json,configs/experiments/fm_transfer_queue.v1.json,scripts/flow_matching/run_cfmi.py
csdi_skab_channel_missing0.1_seed2027,csdi,skab,industrial_imputation_transfer,channel,0.1,0.1,,2027,not_run,configs/experiments/fm_transfer_jobs/csdi_skab_channel_missing0.1_seed2027.json,0de9b4accd5fe69a2c026c85ace5e7a9e1cdfc235492cc0e4b41becddd504555,experiments/runs/flow_matching_campaign/csdi_skab_channel_missing0.1_seed2027/result.json,configs/experiments/fm_transfer_queue.v1.json,scripts/flow_matching/run_csdi.py
cfmi_skab_channel_missing0.1_seed2027,cfmi,skab,industrial_imputation_transfer,channel,0.1,0.1,,2027,not_run,configs/experiments/fm_transfer_jobs/cfmi_skab_channel_missing0.1_seed2027.json,244ba697c813364ee54427e463c49cd5574a6f9dd399d29e48bbea9196d9fa08,experiments/runs/flow_matching_campaign/cfmi_skab_channel_missing0.1_seed2027/result.json,configs/experiments/fm_transfer_queue.v1.json,scripts/flow_matching/run_cfmi.py
csdi_skab_channel_missing0.5_seed2027,csdi,skab,industrial_imputation_transfer,channel,0.5,0.5,,2027,not_run,configs/experiments/fm_transfer_jobs/csdi_skab_channel_missing0.5_seed2027.json,b950addc21c0d011535cac70421ebf045b76b9d4bdc512f660a3449f25d4943f,experiments/runs/flow_matching_campaign/csdi_skab_channel_missing0.5_seed2027/result.json,configs/experiments/fm_transfer_queue.v1.json,scripts/flow_matching/run_csdi.py
cfmi_skab_channel_missing0.5_seed2027,cfmi,skab,industrial_imputation_transfer,channel,0.5,0.5,,2027,not_run,configs/experiments/fm_transfer_jobs/cfmi_skab_channel_missing0.5_seed2027.json,e0e8b6723f0b7b96b4bdac9f902af52e5ecea305cc71c2e3c6c1b58eb6a6d7b3,experiments/runs/flow_matching_campaign/cfmi_skab_channel_missing0.5_seed2027/result.json,configs/experiments/fm_transfer_queue.v1.json,scripts/flow_matching/run_cfmi.py
csdi_skab_channel_missing0.9_seed2027,csdi,skab,industrial_imputation_transfer,channel,0.9,0.9,,2027,not_run,configs/experiments/fm_transfer_jobs/csdi_skab_channel_missing0.9_seed2027.json,843cbb6f634fdb0ef5409d719585e85f924e663771a2fe2613b719fa3317acd3,experiments/runs/flow_matching_campaign/csdi_skab_channel_missing0.9_seed2027/result.json,configs/experiments/fm_transfer_queue.v1.json,scripts/flow_matching/run_csdi.py
cfmi_skab_channel_missing0.9_seed2027,cfmi,skab,industrial_imputation_transfer,channel,0.9,0.9,,2027,not_run,configs/experiments/fm_transfer_jobs/cfmi_skab_channel_missing0.9_seed2027.json,56406174e159fdd15b2f7a15bbe366a1e05a27e1d20d65830257b79623f0dfff,experiments/runs/flow_matching_campaign/cfmi_skab_channel_missing0.9_seed2027/result.json,configs/experiments/fm_transfer_queue.v1.json,scripts/flow_matching/run_cfmi.py
csdi_skab_point_missing0.1_seed2028,csdi,skab,industrial_imputation_transfer,point,0.1,0.1,,2028,not_run,configs/experiments/fm_transfer_jobs/csdi_skab_point_missing0.1_seed2028.json,3c4bb0516577dc8ff5282795139f15d8a617c281970058a97fbdd83610c732a8,experiments/runs/flow_matching_campaign/csdi_skab_point_missing0.1_seed2028/result.json,configs/experiments/fm_transfer_queue.v1.json,scripts/flow_matching/run_csdi.py
cfmi_skab_point_missing0.1_seed2028,cfmi,skab,industrial_imputation_transfer,point,0.1,0.1,,2028,not_run,configs/experiments/fm_transfer_jobs/cfmi_skab_point_missing0.1_seed2028.json,94d4388a93f4c687435a1b20876a4d88e9f3836da8bf30a3a3b818a1bc6f2f35,experiments/runs/flow_matching_campaign/cfmi_skab_point_missing0.1_seed2028/result.json,configs/experiments/fm_transfer_queue.v1.json,scripts/flow_matching/run_cfmi.py
csdi_skab_point_missing0.5_seed2028,csdi,skab,industrial_imputation_transfer,point,0.5,0.5,,2028,not_run,configs/experiments/fm_transfer_jobs/csdi_skab_point_missing0.5_seed2028.json,aef36b5263dcd1e0327ef67ce433c026a2eda00424f69775429e06e9e1aeaaae,experiments/runs/flow_matching_campaign/csdi_skab_point_missing0.5_seed2028/result.json,configs/experiments/fm_transfer_queue.v1.json,scripts/flow_matching/run_csdi.py
cfmi_skab_point_missing0.5_seed2028,cfmi,skab,industrial_imputation_transfer,point,0.5,0.5,,2028,not_run,configs/experiments/fm_transfer_jobs/cfmi_skab_point_missing0.5_seed2028.json,766d9febae7effca63653e4892fbde7b3fa33601824bae544f2185042d0490b7,experiments/runs/flow_matching_campaign/cfmi_skab_point_missing0.5_seed2028/result.json,configs/experiments/fm_transfer_queue.v1.json,scripts/flow_matching/run_cfmi.py
csdi_skab_point_missing0.9_seed2028,csdi,skab,industrial_imputation_transfer,point,0.9,0.9,,2028,not_run,configs/experiments/fm_transfer_jobs/csdi_skab_point_missing0.9_seed2028.json,a63f133524561d19bac6511bff787d06217180505ccfd28b065b10ce99ca1c6e,experiments/runs/flow_matching_campaign/csdi_skab_point_missing0.9_seed2028/result.json,configs/experiments/fm_transfer_queue.v1.json,scripts/flow_matching/run_csdi.py
cfmi_skab_point_missing0.9_seed2028,cfmi,skab,industrial_imputation_transfer,point,0.9,0.9,,2028,not_run,configs/experiments/fm_transfer_jobs/cfmi_skab_point_missing0.9_seed2028.json,2db8ac2b1bae813b1d35a12bd0a9681a7a57324e5356e2cf997759b199b5203b,experiments/runs/flow_matching_campaign/cfmi_skab_point_missing0.9_seed2028/result.json,configs/experiments/fm_transfer_queue.v1.json,scripts/flow_matching/run_cfmi.py
csdi_skab_block_missing0.1_seed2028,csdi,skab,industrial_imputation_transfer,block,0.1,0.1,,2028,not_run,configs/experiments/fm_transfer_jobs/csdi_skab_block_missing0.1_seed2028.json,755d4d70f7484313a5561f668f02569abcd1896f40aad6434bfb870c16c47dd0,experiments/runs/flow_matching_campaign/csdi_skab_block_missing0.1_seed2028/result.json,configs/experiments/fm_transfer_queue.v1.json,scripts/flow_matching/run_csdi.py
cfmi_skab_block_missing0.1_seed2028,cfmi,skab,industrial_imputation_transfer,block,0.1,0.1,,2028,not_run,configs/experiments/fm_transfer_jobs/cfmi_skab_block_missing0.1_seed2028.json,620a76ce8d47ad3a404d2813e13ecae11dd19997bf48554629c71f40ffc25925,experiments/runs/flow_matching_campaign/cfmi_skab_block_missing0.1_seed2028/result.json,configs/experiments/fm_transfer_queue.v1.json,scripts/flow_matching/run_cfmi.py
csdi_skab_block_missing0.5_seed2028,csdi,skab,industrial_imputation_transfer,block,0.5,0.5,,2028,not_run,configs/experiments/fm_transfer_jobs/csdi_skab_block_missing0.5_seed2028.json,bc2dd6724389629cd1ac4ce46634bd74834e71230db9d75e92eec0ef95723182,experiments/runs/flow_matching_campaign/csdi_skab_block_missing0.5_seed2028/result.json,configs/experiments/fm_transfer_queue.v1.json,scripts/flow_matching/run_csdi.py
cfmi_skab_block_missing0.5_seed2028,cfmi,skab,industrial_imputation_transfer,block,0.5,0.5,,2028,not_run,configs/experiments/fm_transfer_jobs/cfmi_skab_block_missing0.5_seed2028.json,afcd76f74bc202501e0685c9fe692ad4c2a5aeed711c01a0e28b52ff78bbeb5c,experiments/runs/flow_matching_campaign/cfmi_skab_block_missing0.5_seed2028/result.json,configs/experiments/fm_transfer_queue.v1.json,scripts/flow_matching/run_cfmi.py
csdi_skab_block_missing0.9_seed2028,csdi,skab,industrial_imputation_transfer,block,0.9,0.9,,2028,not_run,configs/experiments/fm_transfer_jobs/csdi_skab_block_missing0.9_seed2028.json,3f8f359f94384191beed58db1efb6852afc071c7edeaa3a71e6ae57f4588bdf4,experiments/runs/flow_matching_campaign/csdi_skab_block_missing0.9_seed2028/result.json,configs/experiments/fm_transfer_queue.v1.json,scripts/flow_matching/run_csdi.py
cfmi_skab_block_missing0.9_seed2028,cfmi,skab,industrial_imputation_transfer,block,0.9,0.9,,2028,not_run,configs/experiments/fm_transfer_jobs/cfmi_skab_block_missing0.9_seed2028.json,e194ba2e4781ff5b3bded4d713e558e0bff77781fef33c855f07212697c5d918,experiments/runs/flow_matching_campaign/cfmi_skab_block_missing0.9_seed2028/result.json,configs/experiments/fm_transfer_queue.v1.json,scripts/flow_matching/run_cfmi.py
csdi_skab_channel_missing0.1_seed2028,csdi,skab,industrial_imputation_transfer,channel,0.1,0.1,,2028,not_run,configs/experiments/fm_transfer_jobs/csdi_skab_channel_missing0.1_seed2028.json,0b6d542537c367d6042b03398a6196f8a2c921d002aba3c2970f5e78e251a0b3,experiments/runs/flow_matching_campaign/csdi_skab_channel_missing0.1_seed2028/result.json,configs/experiments/fm_transfer_queue.v1.json,scripts/flow_matching/run_csdi.py
cfmi_skab_channel_missing0.1_seed2028,cfmi,skab,industrial_imputation_transfer,channel,0.1,0.1,,2028,not_run,configs/experiments/fm_transfer_jobs/cfmi_skab_channel_missing0.1_seed2028.json,c1c2371cdffeb6c2cd512902de81b7935cb12bc91e92b9feef3be546ebce38d8,experiments/runs/flow_matching_campaign/cfmi_skab_channel_missing0.1_seed2028/result.json,configs/experiments/fm_transfer_queue.v1.json,scripts/flow_matching/run_cfmi.py
csdi_skab_channel_missing0.5_seed2028,csdi,skab,industrial_imputation_transfer,channel,0.5,0.5,,2028,not_run,configs/experiments/fm_transfer_jobs/csdi_skab_channel_missing0.5_seed2028.json,c6b365cdd34264d3fd0b13612999348da8a1ed2a8bc517b312f20c5fc83f5b25,experiments/runs/flow_matching_campaign/csdi_skab_channel_missing0.5_seed2028/result.json,configs/experiments/fm_transfer_queue.v1.json,scripts/flow_matching/run_csdi.py
cfmi_skab_channel_missing0.5_seed2028,cfmi,skab,industrial_imputation_transfer,channel,0.5,0.5,,2028,not_run,configs/experiments/fm_transfer_jobs/cfmi_skab_channel_missing0.5_seed2028.json,5ac4831834719ca421c24fe87577890bb240a217de88a7a033e79bc5947b6cd4,experiments/runs/flow_matching_campaign/cfmi_skab_channel_missing0.5_seed2028/result.json,configs/experiments/fm_transfer_queue.v1.json,scripts/flow_matching/run_cfmi.py
csdi_skab_channel_missing0.9_seed2028,csdi,skab,industrial_imputation_transfer,channel,0.9,0.9,,2028,not_run,configs/experiments/fm_transfer_jobs/csdi_skab_channel_missing0.9_seed2028.json,3052bca3c153b7f9b91f495c3976b1b2999166efe9061b7aceca919d873e6168,experiments/runs/flow_matching_campaign/csdi_skab_channel_missing0.9_seed2028/result.json,configs/experiments/fm_transfer_queue.v1.json,scripts/flow_matching/run_csdi.py
cfmi_skab_channel_missing0.9_seed2028,cfmi,skab,industrial_imputation_transfer,channel,0.9,0.9,,2028,not_run,configs/experiments/fm_transfer_jobs/cfmi_skab_channel_missing0.9_seed2028.json,64096232477a58fc706f2b9f8b5c78ce4a545e02281c3f9ecd818c17e9241091,experiments/runs/flow_matching_campaign/cfmi_skab_channel_missing0.9_seed2028/result.json,configs/experiments/fm_transfer_queue.v1.json,scripts/flow_matching/run_cfmi.py
csdi_skab_point_missing0.1_seed2029,csdi,skab,industrial_imputation_transfer,point,0.1,0.1,,2029,not_run,configs/experiments/fm_transfer_jobs/csdi_skab_point_missing0.1_seed2029.json,07c308534499357e59e6384a9a0a3ce0c6c11825758218fc82434e7a01eb4120,experiments/runs/flow_matching_campaign/csdi_skab_point_missing0.1_seed2029/result.json,configs/experiments/fm_transfer_queue.v1.json,scripts/flow_matching/run_csdi.py
cfmi_skab_point_missing0.1_seed2029,cfmi,skab,industrial_imputation_transfer,point,0.1,0.1,,2029,not_run,configs/experiments/fm_transfer_jobs/cfmi_skab_point_missing0.1_seed2029.json,c03cbdc8e2154095ac6183827f1407ec2847e4ba4b8bb6bca9edd5e11eecf040,experiments/runs/flow_matching_campaign/cfmi_skab_point_missing0.1_seed2029/result.json,configs/experiments/fm_transfer_queue.v1.json,scripts/flow_matching/run_cfmi.py
csdi_skab_point_missing0.5_seed2029,csdi,skab,industrial_imputation_transfer,point,0.5,0.5,,2029,not_run,configs/experiments/fm_transfer_jobs/csdi_skab_point_missing0.5_seed2029.json,2d62d4a87b55c960b8e9ca2002f0e9d5b2579a89f1ef58261844df19fc8a9c2b,experiments/runs/flow_matching_campaign/csdi_skab_point_missing0.5_seed2029/result.json,configs/experiments/fm_transfer_queue.v1.json,scripts/flow_matching/run_csdi.py
cfmi_skab_point_missing0.5_seed2029,cfmi,skab,industrial_imputation_transfer,point,0.5,0.5,,2029,not_run,configs/experiments/fm_transfer_jobs/cfmi_skab_point_missing0.5_seed2029.json,c7d84d6d4026c142cefb55e41737d34c507b86406ce86b6fe5259a5c6ba31c0e,experiments/runs/flow_matching_campaign/cfmi_skab_point_missing0.5_seed2029/result.json,configs/experiments/fm_transfer_queue.v1.json,scripts/flow_matching/run_cfmi.py
csdi_skab_point_missing0.9_seed2029,csdi,skab,industrial_imputation_transfer,point,0.9,0.9,,2029,not_run,configs/experiments/fm_transfer_jobs/csdi_skab_point_missing0.9_seed2029.json,c7d546cc0a27e3f56517c12a2b0f2ec278d35cb1788ff1a3fdeed6a526b3e868,experiments/runs/flow_matching_campaign/csdi_skab_point_missing0.9_seed2029/result.json,configs/experiments/fm_transfer_queue.v1.json,scripts/flow_matching/run_csdi.py
cfmi_skab_point_missing0.9_seed2029,cfmi,skab,industrial_imputation_transfer,point,0.9,0.9,,2029,not_run,configs/experiments/fm_transfer_jobs/cfmi_skab_point_missing0.9_seed2029.json,e3af7d69d59225b65d21483122cf319d8ec20e2cc89de2ff31b2ba43876abf71,experiments/runs/flow_matching_campaign/cfmi_skab_point_missing0.9_seed2029/result.json,configs/experiments/fm_transfer_queue.v1.json,scripts/flow_matching/run_cfmi.py
csdi_skab_block_missing0.1_seed2029,csdi,skab,industrial_imputation_transfer,block,0.1,0.1,,2029,not_run,configs/experiments/fm_transfer_jobs/csdi_skab_block_missing0.1_seed2029.json,319847843cd27284116992f7f010efe775f221845a4b045358e726b4e2ecdc20,experiments/runs/flow_matching_campaign/csdi_skab_block_missing0.1_seed2029/result.json,configs/experiments/fm_transfer_queue.v1.json,scripts/flow_matching/run_csdi.py
cfmi_skab_block_missing0.1_seed2029,cfmi,skab,industrial_imputation_transfer,block,0.1,0.1,,2029,not_run,configs/experiments/fm_transfer_jobs/cfmi_skab_block_missing0.1_seed2029.json,bacc8acce3581dc8a157b67c7a3b78c68489d206f3c3f75963df2fc34036f21b,experiments/runs/flow_matching_campaign/cfmi_skab_block_missing0.1_seed2029/result.json,configs/experiments/fm_transfer_queue.v1.json,scripts/flow_matching/run_cfmi.py
csdi_skab_block_missing0.5_seed2029,csdi,skab,industrial_imputation_transfer,block,0.5,0.5,,2029,not_run,configs/experiments/fm_transfer_jobs/csdi_skab_block_missing0.5_seed2029.json,20b6bdf3249397c76771d66e7ffbb47e5711ba0ef992a4d11ed0f77890f677f6,experiments/runs/flow_matching_campaign/csdi_skab_block_missing0.5_seed2029/result.json,configs/experiments/fm_transfer_queue.v1.json,scripts/flow_matching/run_csdi.py
cfmi_skab_block_missing0.5_seed2029,cfmi,skab,industrial_imputation_transfer,block,0.5,0.5,,2029,not_run,configs/experiments/fm_transfer_jobs/cfmi_skab_block_missing0.5_seed2029.json,af4cb3cbd0fb15d128750ea5fb27f3841880b61030a55f27fe214ec5c43b25e3,experiments/runs/flow_matching_campaign/cfmi_skab_block_missing0.5_seed2029/result.json,configs/experiments/fm_transfer_queue.v1.json,scripts/flow_matching/run_cfmi.py
csdi_skab_block_missing0.9_seed2029,csdi,skab,industrial_imputation_transfer,block,0.9,0.9,,2029,not_run,configs/experiments/fm_transfer_jobs/csdi_skab_block_missing0.9_seed2029.json,c355aa4c554a4dc34d7adc32c92723cb2d36809e41846283d1f683145dc59d68,experiments/runs/flow_matching_campaign/csdi_skab_block_missing0.9_seed2029/result.json,configs/experiments/fm_transfer_queue.v1.json,scripts/flow_matching/run_csdi.py
cfmi_skab_block_missing0.9_seed2029,cfmi,skab,industrial_imputation_transfer,block,0.9,0.9,,2029,not_run,configs/experiments/fm_transfer_jobs/cfmi_skab_block_missing0.9_seed2029.json,162f69dd3a4ca6ab2f897c92f1784e61aa63446f5d46635473dd2f2a638f0907,experiments/runs/flow_matching_campaign/cfmi_skab_block_missing0.9_seed2029/result.json,configs/experiments/fm_transfer_queue.v1.json,scripts/flow_matching/run_cfmi.py
csdi_skab_channel_missing0.1_seed2029,csdi,skab,industrial_imputation_transfer,channel,0.1,0.1,,2029,not_run,configs/experiments/fm_transfer_jobs/csdi_skab_channel_missing0.1_seed2029.json,cf7e9ffd6a7c47f435042fff4af96888a6d7e8f23a906195c2b324ef6f9b096e,experiments/runs/flow_matching_campaign/csdi_skab_channel_missing0.1_seed2029/result.json,configs/experiments/fm_transfer_queue.v1.json,scripts/flow_matching/run_csdi.py
cfmi_skab_channel_missing0.1_seed2029,cfmi,skab,industrial_imputation_transfer,channel,0.1,0.1,,2029,not_run,configs/experiments/fm_transfer_jobs/cfmi_skab_channel_missing0.1_seed2029.json,4852de61004bdfaeabed09468d804a65658dba40bb6bb6c7bdc1077d191d3f0d,experiments/runs/flow_matching_campaign/cfmi_skab_channel_missing0.1_seed2029/result.json,configs/experiments/fm_transfer_queue.v1.json,scripts/flow_matching/run_cfmi.py
csdi_skab_channel_missing0.5_seed2029,csdi,skab,industrial_imputation_transfer,channel,0.5,0.5,,2029,not_run,configs/experiments/fm_transfer_jobs/csdi_skab_channel_missing0.5_seed2029.json,d4f068900ac861d746e2d563f70a2fc117447c196f63e171154ce8240e1b8080,experiments/runs/flow_matching_campaign/csdi_skab_channel_missing0.5_seed2029/result.json,configs/experiments/fm_transfer_queue.v1.json,scripts/flow_matching/run_csdi.py
cfmi_skab_channel_missing0.5_seed2029,cfmi,skab,industrial_imputation_transfer,channel,0.5,0.5,,2029,not_run,configs/experiments/fm_transfer_jobs/cfmi_skab_channel_missing0.5_seed2029.json,c8f41854a288be65f095bf5ece44b9a193ba85b86c91b0b787c6878493edd315,experiments/runs/flow_matching_campaign/cfmi_skab_channel_missing0.5_seed2029/result.json,configs/experiments/fm_transfer_queue.v1.json,scripts/flow_matching/run_cfmi.py
csdi_skab_channel_missing0.9_seed2029,csdi,skab,industrial_imputation_transfer,channel,0.9,0.9,,2029,not_run,configs/experiments/fm_transfer_jobs/csdi_skab_channel_missing0.9_seed2029.json,54644cdb1c3d6ed930dcea034482edf5e6afd3f1a6845414f993b68036a1f58d,experiments/runs/flow_matching_campaign/csdi_skab_channel_missing0.9_seed2029/result.json,configs/experiments/fm_transfer_queue.v1.json,scripts/flow_matching/run_csdi.py
cfmi_skab_channel_missing0.9_seed2029,cfmi,skab,industrial_imputation_transfer,channel,0.9,0.9,,2029,not_run,configs/experiments/fm_transfer_jobs/cfmi_skab_channel_missing0.9_seed2029.json,ea7d940b0bf31538fcee69749bb8b68dd7cfc17a64c345e2d1fcaa0b81f7d59e,experiments/runs/flow_matching_campaign/cfmi_skab_channel_missing0.9_seed2029/result.json,configs/experiments/fm_transfer_queue.v1.json,scripts/flow_matching/run_cfmi.py
csdi_skab_point_missing0.1_seed2030,csdi,skab,industrial_imputation_transfer,point,0.1,0.1,,2030,not_run,configs/experiments/fm_transfer_jobs/csdi_skab_point_missing0.1_seed2030.json,ae7115c8345d9b7c5b59cec867e20960044c14ecd093e8d53d77112c1e919904,experiments/runs/flow_matching_campaign/csdi_skab_point_missing0.1_seed2030/result.json,configs/experiments/fm_transfer_queue.v1.json,scripts/flow_matching/run_csdi.py
cfmi_skab_point_missing0.1_seed2030,cfmi,skab,industrial_imputation_transfer,point,0.1,0.1,,2030,not_run,configs/experiments/fm_transfer_jobs/cfmi_skab_point_missing0.1_seed2030.json,26f18c94e35eff951e33039420333c8239328f4b159e9577ca9418758ddf8a86,experiments/runs/flow_matching_campaign/cfmi_skab_point_missing0.1_seed2030/result.json,configs/experiments/fm_transfer_queue.v1.json,scripts/flow_matching/run_cfmi.py
csdi_skab_point_missing0.5_seed2030,csdi,skab,industrial_imputation_transfer,point,0.5,0.5,,2030,not_run,configs/experiments/fm_transfer_jobs/csdi_skab_point_missing0.5_seed2030.json,200a1eeb76031cd44ec15d3194a6cb19ea3535b99fc3b04269b46015c4536da0,experiments/runs/flow_matching_campaign/csdi_skab_point_missing0.5_seed2030/result.json,configs/experiments/fm_transfer_queue.v1.json,scripts/flow_matching/run_csdi.py
cfmi_skab_point_missing0.5_seed2030,cfmi,skab,industrial_imputation_transfer,point,0.5,0.5,,2030,not_run,configs/experiments/fm_transfer_jobs/cfmi_skab_point_missing0.5_seed2030.json,8224c8972110f910081272d25ead43c06f1e5839d6a994965687828b3ea97c6a,experiments/runs/flow_matching_campaign/cfmi_skab_point_missing0.5_seed2030/result.json,configs/experiments/fm_transfer_queue.v1.json,scripts/flow_matching/run_cfmi.py
csdi_skab_point_missing0.9_seed2030,csdi,skab,industrial_imputation_transfer,point,0.9,0.9,,2030,not_run,configs/experiments/fm_transfer_jobs/csdi_skab_point_missing0.9_seed2030.json,f4276af88ed90d1feb128fec72451b7203fb17c10f25b2754c7f2e58bde6aa60,experiments/runs/flow_matching_campaign/csdi_skab_point_missing0.9_seed2030/result.json,configs/experiments/fm_transfer_queue.v1.json,scripts/flow_matching/run_csdi.py
cfmi_skab_point_missing0.9_seed2030,cfmi,skab,industrial_imputation_transfer,point,0.9,0.9,,2030,not_run,configs/experiments/fm_transfer_jobs/cfmi_skab_point_missing0.9_seed2030.json,7bbe35ecccdd58ba1fa1923c2c25644f92b24b620ec2ec113bf150af42bd273c,experiments/runs/flow_matching_campaign/cfmi_skab_point_missing0.9_seed2030/result.json,configs/experiments/fm_transfer_queue.v1.json,scripts/flow_matching/run_cfmi.py
csdi_skab_block_missing0.1_seed2030,csdi,skab,industrial_imputation_transfer,block,0.1,0.1,,2030,not_run,configs/experiments/fm_transfer_jobs/csdi_skab_block_missing0.1_seed2030.json,fccbff88cbc856bc99d139725541c4542ccb05ce28312e7466b644449858b16b,experiments/runs/flow_matching_campaign/csdi_skab_block_missing0.1_seed2030/result.json,configs/experiments/fm_transfer_queue.v1.json,scripts/flow_matching/run_csdi.py
cfmi_skab_block_missing0.1_seed2030,cfmi,skab,industrial_imputation_transfer,block,0.1,0.1,,2030,not_run,configs/experiments/fm_transfer_jobs/cfmi_skab_block_missing0.1_seed2030.json,7365d1f21e0c0d39e07186bf88f8c26d1416a1a8db4e537d6aa9ae304ae43f46,experiments/runs/flow_matching_campaign/cfmi_skab_block_missing0.1_seed2030/result.json,configs/experiments/fm_transfer_queue.v1.json,scripts/flow_matching/run_cfmi.py
csdi_skab_block_missing0.5_seed2030,csdi,skab,industrial_imputation_transfer,block,0.5,0.5,,2030,not_run,configs/experiments/fm_transfer_jobs/csdi_skab_block_missing0.5_seed2030.json,ce7a211e9e55b435d7c4991477051b0479ca7810d25a35f12169ea3e535256a5,experiments/runs/flow_matching_campaign/csdi_skab_block_missing0.5_seed2030/result.json,configs/experiments/fm_transfer_queue.v1.json,scripts/flow_matching/run_csdi.py
cfmi_skab_block_missing0.5_seed2030,cfmi,skab,industrial_imputation_transfer,block,0.5,0.5,,2030,not_run,configs/experiments/fm_transfer_jobs/cfmi_skab_block_missing0.5_seed2030.json,898b01390a606c96f14ddd67d2517cf10e90025cc2466bfcc198e8df762d4100,experiments/runs/flow_matching_campaign/cfmi_skab_block_missing0.5_seed2030/result.json,configs/experiments/fm_transfer_queue.v1.json,scripts/flow_matching/run_cfmi.py
csdi_skab_block_missing0.9_seed2030,csdi,skab,industrial_imputation_transfer,block,0.9,0.9,,2030,not_run,configs/experiments/fm_transfer_jobs/csdi_skab_block_missing0.9_seed2030.json,44f0869ec26b5496500a2439be781912091f41d0cd4bc502a5d3830567fc7fab,experiments/runs/flow_matching_campaign/csdi_skab_block_missing0.9_seed2030/result.json,configs/experiments/fm_transfer_queue.v1.json,scripts/flow_matching/run_csdi.py
cfmi_skab_block_missing0.9_seed2030,cfmi,skab,industrial_imputation_transfer,block,0.9,0.9,,2030,not_run,configs/experiments/fm_transfer_jobs/cfmi_skab_block_missing0.9_seed2030.json,9628e1fd313437d14d8e2af6842cafaf916c1ad1db935764d780d8c4f91ec86f,experiments/runs/flow_matching_campaign/cfmi_skab_block_missing0.9_seed2030/result.json,configs/experiments/fm_transfer_queue.v1.json,scripts/flow_matching/run_cfmi.py
csdi_skab_channel_missing0.1_seed2030,csdi,skab,industrial_imputation_transfer,channel,0.1,0.1,,2030,not_run,configs/experiments/fm_transfer_jobs/csdi_skab_channel_missing0.1_seed2030.json,75e1ee1bf3febee6e51008ca57a954a8a42ba4a34508284deda215e7f8c4a035,experiments/runs/flow_matching_campaign/csdi_skab_channel_missing0.1_seed2030/result.json,configs/experiments/fm_transfer_queue.v1.json,scripts/flow_matching/run_csdi.py
cfmi_skab_channel_missing0.1_seed2030,cfmi,skab,industrial_imputation_transfer,channel,0.1,0.1,,2030,not_run,configs/experiments/fm_transfer_jobs/cfmi_skab_channel_missing0.1_seed2030.json,7706af1c2f89fe282c398f2dd62ffa24b60593e0e0d4f8cf16cba801c3fe74f4,experiments/runs/flow_matching_campaign/cfmi_skab_channel_missing0.1_seed2030/result.json,configs/experiments/fm_transfer_queue.v1.json,scripts/flow_matching/run_cfmi.py
csdi_skab_channel_missing0.5_seed2030,csdi,skab,industrial_imputation_transfer,channel,0.5,0.5,,2030,not_run,configs/experiments/fm_transfer_jobs/csdi_skab_channel_missing0.5_seed2030.json,e109b8680c1574e3e182eb5a5676387c611cc6ed9ddba72f2e27741e631648a4,experiments/runs/flow_matching_campaign/csdi_skab_channel_missing0.5_seed2030/result.json,configs/experiments/fm_transfer_queue.v1.json,scripts/flow_matching/run_csdi.py
cfmi_skab_channel_missing0.5_seed2030,cfmi,skab,industrial_imputation_transfer,channel,0.5,0.5,,2030,not_run,configs/experiments/fm_transfer_jobs/cfmi_skab_channel_missing0.5_seed2030.json,d3b7aa8bdad2602debdf37ea3d75861b2041b5d23beda14c0d307613fa8cc9a7,experiments/runs/flow_matching_campaign/cfmi_skab_channel_missing0.5_seed2030/result.json,configs/experiments/fm_transfer_queue.v1.json,scripts/flow_matching/run_cfmi.py
csdi_skab_channel_missing0.9_seed2030,csdi,skab,industrial_imputation_transfer,channel,0.9,0.9,,2030,not_run,configs/experiments/fm_transfer_jobs/csdi_skab_channel_missing0.9_seed2030.json,f3171048d3b63e2c697515b192e8ddf3686f86f1ae1bcf71d22563d40111e622,experiments/runs/flow_matching_campaign/csdi_skab_channel_missing0.9_seed2030/result.json,configs/experiments/fm_transfer_queue.v1.json,scripts/flow_matching/run_csdi.py
cfmi_skab_channel_missing0.9_seed2030,cfmi,skab,industrial_imputation_transfer,channel,0.9,0.9,,2030,not_run,configs/experiments/fm_transfer_jobs/cfmi_skab_channel_missing0.9_seed2030.json,7243d500925de783f43d4046f080e797718c5d34862feb64b86aca5b810d5661,experiments/runs/flow_matching_campaign/cfmi_skab_channel_missing0.9_seed2030/result.json,configs/experiments/fm_transfer_queue.v1.json,scripts/flow_matching/run_cfmi.py
csdi_pronto_point_missing0.1_seed2026,csdi,pronto,industrial_imputation_transfer,point,0.1,0.1,,2026,not_run,configs/experiments/fm_transfer_jobs/csdi_pronto_point_missing0.1_seed2026.json,d986602b0d934f343b21f9b540bf797b29d98f822e9536d1c66e8b2c09b05ee8,experiments/runs/flow_matching_campaign/csdi_pronto_point_missing0.1_seed2026/result.json,configs/experiments/fm_transfer_queue.v1.json,scripts/flow_matching/run_csdi.py
cfmi_pronto_point_missing0.1_seed2026,cfmi,pronto,industrial_imputation_transfer,point,0.1,0.1,,2026,not_run,configs/experiments/fm_transfer_jobs/cfmi_pronto_point_missing0.1_seed2026.json,13d40d83256ef4a79919581f27d02f8781377eb1550ab765da854336f09835c9,experiments/runs/flow_matching_campaign/cfmi_pronto_point_missing0.1_seed2026/result.json,configs/experiments/fm_transfer_queue.v1.json,scripts/flow_matching/run_cfmi.py
csdi_pronto_point_missing0.5_seed2026,csdi,pronto,industrial_imputation_transfer,point,0.5,0.5,,2026,not_run,configs/experiments/fm_transfer_jobs/csdi_pronto_point_missing0.5_seed2026.json,830c17982c5758cb8168d05006f411c14d48a088ad4428b3447af60862ae85df,experiments/runs/flow_matching_campaign/csdi_pronto_point_missing0.5_seed2026/result.json,configs/experiments/fm_transfer_queue.v1.json,scripts/flow_matching/run_csdi.py
cfmi_pronto_point_missing0.5_seed2026,cfmi,pronto,industrial_imputation_transfer,point,0.5,0.5,,2026,not_run,configs/experiments/fm_transfer_jobs/cfmi_pronto_point_missing0.5_seed2026.json,8c22a60e92009f9cee5aeb729f1c7e330e2b7d5f61cd7c5b38dcc864216983a8,experiments/runs/flow_matching_campaign/cfmi_pronto_point_missing0.5_seed2026/result.json,configs/experiments/fm_transfer_queue.v1.json,scripts/flow_matching/run_cfmi.py
csdi_pronto_point_missing0.9_seed2026,csdi,pronto,industrial_imputation_transfer,point,0.9,0.9,,2026,not_run,configs/experiments/fm_transfer_jobs/csdi_pronto_point_missing0.9_seed2026.json,a7c1fd53d63feb60f2fe0c5a1738fb6ab5c50a5617a186445de8d6361ea7f26c,experiments/runs/flow_matching_campaign/csdi_pronto_point_missing0.9_seed2026/result.json,configs/experiments/fm_transfer_queue.v1.json,scripts/flow_matching/run_csdi.py
cfmi_pronto_point_missing0.9_seed2026,cfmi,pronto,industrial_imputation_transfer,point,0.9,0.9,,2026,not_run,configs/experiments/fm_transfer_jobs/cfmi_pronto_point_missing0.9_seed2026.json,41b7f755c75eb7c0a48102a3e89d080b5187fc966e3557589e6ee7cad15444c3,experiments/runs/flow_matching_campaign/cfmi_pronto_point_missing0.9_seed2026/result.json,configs/experiments/fm_transfer_queue.v1.json,scripts/flow_matching/run_cfmi.py
csdi_pronto_block_missing0.1_seed2026,csdi,pronto,industrial_imputation_transfer,block,0.1,0.1,,2026,not_run,configs/experiments/fm_transfer_jobs/csdi_pronto_block_missing0.1_seed2026.json,23298fe14f11d3a21f6ab2bc18d5814b1cb6fe96c9a9e82a59252924053de688,experiments/runs/flow_matching_campaign/csdi_pronto_block_missing0.1_seed2026/result.json,configs/experiments/fm_transfer_queue.v1.json,scripts/flow_matching/run_csdi.py
cfmi_pronto_block_missing0.1_seed2026,cfmi,pronto,industrial_imputation_transfer,block,0.1,0.1,,2026,not_run,configs/experiments/fm_transfer_jobs/cfmi_pronto_block_missing0.1_seed2026.json,ec03b368053c41254595be4cb13e2be3f384f76534f58b8a2045861a7bbe1db7,experiments/runs/flow_matching_campaign/cfmi_pronto_block_missing0.1_seed2026/result.json,configs/experiments/fm_transfer_queue.v1.json,scripts/flow_matching/run_cfmi.py
csdi_pronto_block_missing0.5_seed2026,csdi,pronto,industrial_imputation_transfer,block,0.5,0.5,,2026,not_run,configs/experiments/fm_transfer_jobs/csdi_pronto_block_missing0.5_seed2026.json,5a4c25aab0c3002c85c555c8442d02348d8708076aae24836ec0b0a23657fd7b,experiments/runs/flow_matching_campaign/csdi_pronto_block_missing0.5_seed2026/result.json,configs/experiments/fm_transfer_queue.v1.json,scripts/flow_matching/run_csdi.py
cfmi_pronto_block_missing0.5_seed2026,cfmi,pronto,industrial_imputation_transfer,block,0.5,0.5,,2026,not_run,configs/experiments/fm_transfer_jobs/cfmi_pronto_block_missing0.5_seed2026.json,08242176fa248eafeedbc0877b59f2b4cae9da81b52311e6182a14e513df4ec2,experiments/runs/flow_matching_campaign/cfmi_pronto_block_missing0.5_seed2026/result.json,configs/experiments/fm_transfer_queue.v1.json,scripts/flow_matching/run_cfmi.py
csdi_pronto_block_missing0.9_seed2026,csdi,pronto,industrial_imputation_transfer,block,0.9,0.9,,2026,not_run,configs/experiments/fm_transfer_jobs/csdi_pronto_block_missing0.9_seed2026.json,fbf23c6e4e240d5f4a9200aa816465ebb2db8b5c8f3f41630ad4b7bdcf4cb8fb,experiments/runs/flow_matching_campaign/csdi_pronto_block_missing0.9_seed2026/result.json,configs/experiments/fm_transfer_queue.v1.json,scripts/flow_matching/run_csdi.py
cfmi_pronto_block_missing0.9_seed2026,cfmi,pronto,industrial_imputation_transfer,block,0.9,0.9,,2026,not_run,configs/experiments/fm_transfer_jobs/cfmi_pronto_block_missing0.9_seed2026.json,b9730acf3a62903ef7a20c03acf166a58816dff9044b0b50956dad82848a186f,experiments/runs/flow_matching_campaign/cfmi_pronto_block_missing0.9_seed2026/result.json,configs/experiments/fm_transfer_queue.v1.json,scripts/flow_matching/run_cfmi.py
csdi_pronto_channel_missing0.1_seed2026,csdi,pronto,industrial_imputation_transfer,channel,0.1,0.1,,2026,not_run,configs/experiments/fm_transfer_jobs/csdi_pronto_channel_missing0.1_seed2026.json,3852a151970f3d1f24ca1c46574a35ab3e1c44ff7eee5eb4b2670ef7d89c62c4,experiments/runs/flow_matching_campaign/csdi_pronto_channel_missing0.1_seed2026/result.json,configs/experiments/fm_transfer_queue.v1.json,scripts/flow_matching/run_csdi.py
cfmi_pronto_channel_missing0.1_seed2026,cfmi,pronto,industrial_imputation_transfer,channel,0.1,0.1,,2026,not_run,configs/experiments/fm_transfer_jobs/cfmi_pronto_channel_missing0.1_seed2026.json,f9b78c354da9fead66260ddaa491690909c4c5cd45e47c5b6d8ede81d3e35b91,experiments/runs/flow_matching_campaign/cfmi_pronto_channel_missing0.1_seed2026/result.json,configs/experiments/fm_transfer_queue.v1.json,scripts/flow_matching/run_cfmi.py
csdi_pronto_channel_missing0.5_seed2026,csdi,pronto,industrial_imputation_transfer,channel,0.5,0.5,,2026,not_run,configs/experiments/fm_transfer_jobs/csdi_pronto_channel_missing0.5_seed2026.json,7b37693691976d507022e2a7b4487f8f3dea49a2c416621bb9bb555af39460d2,experiments/runs/flow_matching_campaign/csdi_pronto_channel_missing0.5_seed2026/result.json,configs/experiments/fm_transfer_queue.v1.json,scripts/flow_matching/run_csdi.py
cfmi_pronto_channel_missing0.5_seed2026,cfmi,pronto,industrial_imputation_transfer,channel,0.5,0.5,,2026,not_run,configs/experiments/fm_transfer_jobs/cfmi_pronto_channel_missing0.5_seed2026.json,dfaa7a47ae827b3a15fb52056bd581850f6eb1f0221f8ce5e147e6a69e55a29c,experiments/runs/flow_matching_campaign/cfmi_pronto_channel_missing0.5_seed2026/result.json,configs/experiments/fm_transfer_queue.v1.json,scripts/flow_matching/run_cfmi.py
csdi_pronto_channel_missing0.9_seed2026,csdi,pronto,industrial_imputation_transfer,channel,0.9,0.9,,2026,not_run,configs/experiments/fm_transfer_jobs/csdi_pronto_channel_missing0.9_seed2026.json,ea5aee09b8b25398fe679347cc2b580124cb63544119868b56210552e43ac207,experiments/runs/flow_matching_campaign/csdi_pronto_channel_missing0.9_seed2026/result.json,configs/experiments/fm_transfer_queue.v1.json,scripts/flow_matching/run_csdi.py
cfmi_pronto_channel_missing0.9_seed2026,cfmi,pronto,industrial_imputation_transfer,channel,0.9,0.9,,2026,not_run,configs/experiments/fm_transfer_jobs/cfmi_pronto_channel_missing0.9_seed2026.json,c0116f25064b13f47935295570e62afb10cd680b4b2d856b7c4d92b443ea7e65,experiments/runs/flow_matching_campaign/cfmi_pronto_channel_missing0.9_seed2026/result.json,configs/experiments/fm_transfer_queue.v1.json,scripts/flow_matching/run_cfmi.py
csdi_pronto_point_missing0.1_seed2027,csdi,pronto,industrial_imputation_transfer,point,0.1,0.1,,2027,not_run,configs/experiments/fm_transfer_jobs/csdi_pronto_point_missing0.1_seed2027.json,80b59af472fc588bc6022e4eb2eff7f8b54901c47f06693a5064d0416276542e,experiments/runs/flow_matching_campaign/csdi_pronto_point_missing0.1_seed2027/result.json,configs/experiments/fm_transfer_queue.v1.json,scripts/flow_matching/run_csdi.py
cfmi_pronto_point_missing0.1_seed2027,cfmi,pronto,industrial_imputation_transfer,point,0.1,0.1,,2027,not_run,configs/experiments/fm_transfer_jobs/cfmi_pronto_point_missing0.1_seed2027.json,79413f2aba5f7a2a65c50d766d5d4697c85f7e04a7d37c5e0769467144b90b69,experiments/runs/flow_matching_campaign/cfmi_pronto_point_missing0.1_seed2027/result.json,configs/experiments/fm_transfer_queue.v1.json,scripts/flow_matching/run_cfmi.py
csdi_pronto_point_missing0.5_seed2027,csdi,pronto,industrial_imputation_transfer,point,0.5,0.5,,2027,not_run,configs/experiments/fm_transfer_jobs/csdi_pronto_point_missing0.5_seed2027.json,faa0e6fe89467f6759d3b80ad3936a3d547a1fece889936fe292d4b5ed270ea4,experiments/runs/flow_matching_campaign/csdi_pronto_point_missing0.5_seed2027/result.json,configs/experiments/fm_transfer_queue.v1.json,scripts/flow_matching/run_csdi.py
cfmi_pronto_point_missing0.5_seed2027,cfmi,pronto,industrial_imputation_transfer,point,0.5,0.5,,2027,not_run,configs/experiments/fm_transfer_jobs/cfmi_pronto_point_missing0.5_seed2027.json,410bdeb21ee67e4da650dd7ed6ed9c21adc6acac6a42782f898ec8ca266a4e96,experiments/runs/flow_matching_campaign/cfmi_pronto_point_missing0.5_seed2027/result.json,configs/experiments/fm_transfer_queue.v1.json,scripts/flow_matching/run_cfmi.py
csdi_pronto_point_missing0.9_seed2027,csdi,pronto,industrial_imputation_transfer,point,0.9,0.9,,2027,not_run,configs/experiments/fm_transfer_jobs/csdi_pronto_point_missing0.9_seed2027.json,ebbfb5b3af0cb14402fb1e1782deb2c04c870ab32e546d32eec0d1769f30d625,experiments/runs/flow_matching_campaign/csdi_pronto_point_missing0.9_seed2027/result.json,configs/experiments/fm_transfer_queue.v1.json,scripts/flow_matching/run_csdi.py
cfmi_pronto_point_missing0.9_seed2027,cfmi,pronto,industrial_imputation_transfer,point,0.9,0.9,,2027,not_run,configs/experiments/fm_transfer_jobs/cfmi_pronto_point_missing0.9_seed2027.json,76f21f2823c0f29af54904a0bbd588f3f274bdfcd950987dd8b3e9846ebcbb89,experiments/runs/flow_matching_campaign/cfmi_pronto_point_missing0.9_seed2027/result.json,configs/experiments/fm_transfer_queue.v1.json,scripts/flow_matching/run_cfmi.py
csdi_pronto_block_missing0.1_seed2027,csdi,pronto,industrial_imputation_transfer,block,0.1,0.1,,2027,not_run,configs/experiments/fm_transfer_jobs/csdi_pronto_block_missing0.1_seed2027.json,da02826d2c1614f8c3f80989b687871d3804dc5ea01eb93572816c82507fbd20,experiments/runs/flow_matching_campaign/csdi_pronto_block_missing0.1_seed2027/result.json,configs/experiments/fm_transfer_queue.v1.json,scripts/flow_matching/run_csdi.py
cfmi_pronto_block_missing0.1_seed2027,cfmi,pronto,industrial_imputation_transfer,block,0.1,0.1,,2027,not_run,configs/experiments/fm_transfer_jobs/cfmi_pronto_block_missing0.1_seed2027.json,fe69c7d13a22f4085a4310aaee383bafe36bde0ccfe9f98182277c77ab8a0c60,experiments/runs/flow_matching_campaign/cfmi_pronto_block_missing0.1_seed2027/result.json,configs/experiments/fm_transfer_queue.v1.json,scripts/flow_matching/run_cfmi.py
csdi_pronto_block_missing0.5_seed2027,csdi,pronto,industrial_imputation_transfer,block,0.5,0.5,,2027,not_run,configs/experiments/fm_transfer_jobs/csdi_pronto_block_missing0.5_seed2027.json,fd03caec9434b7936d994d96fd8f9c5193afb9cca1ddc7504d4500c21c93a4f4,experiments/runs/flow_matching_campaign/csdi_pronto_block_missing0.5_seed2027/result.json,configs/experiments/fm_transfer_queue.v1.json,scripts/flow_matching/run_csdi.py
cfmi_pronto_block_missing0.5_seed2027,cfmi,pronto,industrial_imputation_transfer,block,0.5,0.5,,2027,not_run,configs/experiments/fm_transfer_jobs/cfmi_pronto_block_missing0.5_seed2027.json,0f0ccd38be5b7147984703950a7ae8fb58984bc4bed40dd61f2221e669384fd3,experiments/runs/flow_matching_campaign/cfmi_pronto_block_missing0.5_seed2027/result.json,configs/experiments/fm_transfer_queue.v1.json,scripts/flow_matching/run_cfmi.py
csdi_pronto_block_missing0.9_seed2027,csdi,pronto,industrial_imputation_transfer,block,0.9,0.9,,2027,not_run,configs/experiments/fm_transfer_jobs/csdi_pronto_block_missing0.9_seed2027.json,635a31f6fb83c356bf3661075e3c56ad17b72d4e1810dae7af6c65fb7cae4534,experiments/runs/flow_matching_campaign/csdi_pronto_block_missing0.9_seed2027/result.json,configs/experiments/fm_transfer_queue.v1.json,scripts/flow_matching/run_csdi.py
cfmi_pronto_block_missing0.9_seed2027,cfmi,pronto,industrial_imputation_transfer,block,0.9,0.9,,2027,not_run,configs/experiments/fm_transfer_jobs/cfmi_pronto_block_missing0.9_seed2027.json,d82c65b5a38c3539eeb96b74abcb10374f6c2ba397af9df65d9236e8bc9d932a,experiments/runs/flow_matching_campaign/cfmi_pronto_block_missing0.9_seed2027/result.json,configs/experiments/fm_transfer_queue.v1.json,scripts/flow_matching/run_cfmi.py
csdi_pronto_channel_missing0.1_seed2027,csdi,pronto,industrial_imputation_transfer,channel,0.1,0.1,,2027,not_run,configs/experiments/fm_transfer_jobs/csdi_pronto_channel_missing0.1_seed2027.json,f3f157ffae05179876dbaf804ebdaba1a81ac0718cf6ebff38f2ae88552534bc,experiments/runs/flow_matching_campaign/csdi_pronto_channel_missing0.1_seed2027/result.json,configs/experiments/fm_transfer_queue.v1.json,scripts/flow_matching/run_csdi.py
cfmi_pronto_channel_missing0.1_seed2027,cfmi,pronto,industrial_imputation_transfer,channel,0.1,0.1,,2027,not_run,configs/experiments/fm_transfer_jobs/cfmi_pronto_channel_missing0.1_seed2027.json,62d71f9accfb70ff0b2280df78939e42c088f82238c1def45b8c881502fce92c,experiments/runs/flow_matching_campaign/cfmi_pronto_channel_missing0.1_seed2027/result.json,configs/experiments/fm_transfer_queue.v1.json,scripts/flow_matching/run_cfmi.py
csdi_pronto_channel_missing0.5_seed2027,csdi,pronto,industrial_imputation_transfer,channel,0.5,0.5,,2027,not_run,configs/experiments/fm_transfer_jobs/csdi_pronto_channel_missing0.5_seed2027.json,c72ef5d46ee0d0a2b9d521fa4d074cf8b932e8f945fc25876995696164632578,experiments/runs/flow_matching_campaign/csdi_pronto_channel_missing0.5_seed2027/result.json,configs/experiments/fm_transfer_queue.v1.json,scripts/flow_matching/run_csdi.py
cfmi_pronto_channel_missing0.5_seed2027,cfmi,pronto,industrial_imputation_transfer,channel,0.5,0.5,,2027,not_run,configs/experiments/fm_transfer_jobs/cfmi_pronto_channel_missing0.5_seed2027.json,70417373bd188d9121b5dbc2edd3b8c30621266ebf3404d5ef23b712582e62c6,experiments/runs/flow_matching_campaign/cfmi_pronto_channel_missing0.5_seed2027/result.json,configs/experiments/fm_transfer_queue.v1.json,scripts/flow_matching/run_cfmi.py
csdi_pronto_channel_missing0.9_seed2027,csdi,pronto,industrial_imputation_transfer,channel,0.9,0.9,,2027,not_run,configs/experiments/fm_transfer_jobs/csdi_pronto_channel_missing0.9_seed2027.json,b8226c9f09aecf20d0c966340d1207f58b914ed7955e650bf5072ff181ac5ab1,experiments/runs/flow_matching_campaign/csdi_pronto_channel_missing0.9_seed2027/result.json,configs/experiments/fm_transfer_queue.v1.json,scripts/flow_matching/run_csdi.py
cfmi_pronto_channel_missing0.9_seed2027,cfmi,pronto,industrial_imputation_transfer,channel,0.9,0.9,,2027,not_run,configs/experiments/fm_transfer_jobs/cfmi_pronto_channel_missing0.9_seed2027.json,73a35c85611dd3a4237f0b8cb934c336fd393f4d16e5b956854b2aabc040fc5b,experiments/runs/flow_matching_campaign/cfmi_pronto_channel_missing0.9_seed2027/result.json,configs/experiments/fm_transfer_queue.v1.json,scripts/flow_matching/run_cfmi.py
csdi_pronto_point_missing0.1_seed2028,csdi,pronto,industrial_imputation_transfer,point,0.1,0.1,,2028,not_run,configs/experiments/fm_transfer_jobs/csdi_pronto_point_missing0.1_seed2028.json,29b91c32e330d1edda385a3a0f649049754719aa48e54b7675285ff9ec57286f,experiments/runs/flow_matching_campaign/csdi_pronto_point_missing0.1_seed2028/result.json,configs/experiments/fm_transfer_queue.v1.json,scripts/flow_matching/run_csdi.py
cfmi_pronto_point_missing0.1_seed2028,cfmi,pronto,industrial_imputation_transfer,point,0.1,0.1,,2028,not_run,configs/experiments/fm_transfer_jobs/cfmi_pronto_point_missing0.1_seed2028.json,3bf843588991eae5b413bbf020632660da11c03c2db38446205537269287c141,experiments/runs/flow_matching_campaign/cfmi_pronto_point_missing0.1_seed2028/result.json,configs/experiments/fm_transfer_queue.v1.json,scripts/flow_matching/run_cfmi.py
csdi_pronto_point_missing0.5_seed2028,csdi,pronto,industrial_imputation_transfer,point,0.5,0.5,,2028,not_run,configs/experiments/fm_transfer_jobs/csdi_pronto_point_missing0.5_seed2028.json,f86f5ba57e2b70c4e361b5283d4ac152c49a1f6b68d9592c3505ff1cbc3f53aa,experiments/runs/flow_matching_campaign/csdi_pronto_point_missing0.5_seed2028/result.json,configs/experiments/fm_transfer_queue.v1.json,scripts/flow_matching/run_csdi.py
cfmi_pronto_point_missing0.5_seed2028,cfmi,pronto,industrial_imputation_transfer,point,0.5,0.5,,2028,not_run,configs/experiments/fm_transfer_jobs/cfmi_pronto_point_missing0.5_seed2028.json,5a8a58419c4f4cf53c58752893e018f79fa36602562d7747145d546d0e91b5b5,experiments/runs/flow_matching_campaign/cfmi_pronto_point_missing0.5_seed2028/result.json,configs/experiments/fm_transfer_queue.v1.json,scripts/flow_matching/run_cfmi.py
csdi_pronto_point_missing0.9_seed2028,csdi,pronto,industrial_imputation_transfer,point,0.9,0.9,,2028,not_run,configs/experiments/fm_transfer_jobs/csdi_pronto_point_missing0.9_seed2028.json,8a84e141c318782166e446365c9efcfd4cd67993a20cc70d203b033723310c7a,experiments/runs/flow_matching_campaign/csdi_pronto_point_missing0.9_seed2028/result.json,configs/experiments/fm_transfer_queue.v1.json,scripts/flow_matching/run_csdi.py
cfmi_pronto_point_missing0.9_seed2028,cfmi,pronto,industrial_imputation_transfer,point,0.9,0.9,,2028,not_run,configs/experiments/fm_transfer_jobs/cfmi_pronto_point_missing0.9_seed2028.json,32eeef0863a6be8e8d46b76cd3654052682728752b632d7fa0ac7a6db9621737,experiments/runs/flow_matching_campaign/cfmi_pronto_point_missing0.9_seed2028/result.json,configs/experiments/fm_transfer_queue.v1.json,scripts/flow_matching/run_cfmi.py
csdi_pronto_block_missing0.1_seed2028,csdi,pronto,industrial_imputation_transfer,block,0.1,0.1,,2028,not_run,configs/experiments/fm_transfer_jobs/csdi_pronto_block_missing0.1_seed2028.json,204c86e9eb032f351eddb329b3f91af28a11742174f74fb07ba433732fc3f27e,experiments/runs/flow_matching_campaign/csdi_pronto_block_missing0.1_seed2028/result.json,configs/experiments/fm_transfer_queue.v1.json,scripts/flow_matching/run_csdi.py
cfmi_pronto_block_missing0.1_seed2028,cfmi,pronto,industrial_imputation_transfer,block,0.1,0.1,,2028,not_run,configs/experiments/fm_transfer_jobs/cfmi_pronto_block_missing0.1_seed2028.json,9f65e464a767d0bf88d1f2696635b52bf3a71fb75e570083c6b10d250e192b90,experiments/runs/flow_matching_campaign/cfmi_pronto_block_missing0.1_seed2028/result.json,configs/experiments/fm_transfer_queue.v1.json,scripts/flow_matching/run_cfmi.py
csdi_pronto_block_missing0.5_seed2028,csdi,pronto,industrial_imputation_transfer,block,0.5,0.5,,2028,not_run,configs/experiments/fm_transfer_jobs/csdi_pronto_block_missing0.5_seed2028.json,4953317a037e62d7ca73f350d9c53b0e5f756ff54e1875aa4242a207b4a95504,experiments/runs/flow_matching_campaign/csdi_pronto_block_missing0.5_seed2028/result.json,configs/experiments/fm_transfer_queue.v1.json,scripts/flow_matching/run_csdi.py
cfmi_pronto_block_missing0.5_seed2028,cfmi,pronto,industrial_imputation_transfer,block,0.5,0.5,,2028,not_run,configs/experiments/fm_transfer_jobs/cfmi_pronto_block_missing0.5_seed2028.json,8b8d2349c600c5ed6d6242e6faf7e645efd52187a1adfba5d18f350062670cdb,experiments/runs/flow_matching_campaign/cfmi_pronto_block_missing0.5_seed2028/result.json,configs/experiments/fm_transfer_queue.v1.json,scripts/flow_matching/run_cfmi.py
csdi_pronto_block_missing0.9_seed2028,csdi,pronto,industrial_imputation_transfer,block,0.9,0.9,,2028,not_run,configs/experiments/fm_transfer_jobs/csdi_pronto_block_missing0.9_seed2028.json,4bfd77fbcea394c3da12c4b6f9efd5d85abac25de96556abad4f1c055b65d4ab,experiments/runs/flow_matching_campaign/csdi_pronto_block_missing0.9_seed2028/result.json,configs/experiments/fm_transfer_queue.v1.json,scripts/flow_matching/run_csdi.py
cfmi_pronto_block_missing0.9_seed2028,cfmi,pronto,industrial_imputation_transfer,block,0.9,0.9,,2028,not_run,configs/experiments/fm_transfer_jobs/cfmi_pronto_block_missing0.9_seed2028.json,7183fe601321a90399ad549cdf94a8f4eaef98b2ce34024827fa3f18f31700c8,experiments/runs/flow_matching_campaign/cfmi_pronto_block_missing0.9_seed2028/result.json,configs/experiments/fm_transfer_queue.v1.json,scripts/flow_matching/run_cfmi.py
csdi_pronto_channel_missing0.1_seed2028,csdi,pronto,industrial_imputation_transfer,channel,0.1,0.1,,2028,not_run,configs/experiments/fm_transfer_jobs/csdi_pronto_channel_missing0.1_seed2028.json,02900b1e7872ff88fc0d7791ec4dfc615aeaca565641cbebb446b7b3bea0be41,experiments/runs/flow_matching_campaign/csdi_pronto_channel_missing0.1_seed2028/result.json,configs/experiments/fm_transfer_queue.v1.json,scripts/flow_matching/run_csdi.py
cfmi_pronto_channel_missing0.1_seed2028,cfmi,pronto,industrial_imputation_transfer,channel,0.1,0.1,,2028,not_run,configs/experiments/fm_transfer_jobs/cfmi_pronto_channel_missing0.1_seed2028.json,5761855f4fd3afed617af59342d0b8ad84bb900696081dd3a1444102ae92e0f2,experiments/runs/flow_matching_campaign/cfmi_pronto_channel_missing0.1_seed2028/result.json,configs/experiments/fm_transfer_queue.v1.json,scripts/flow_matching/run_cfmi.py
csdi_pronto_channel_missing0.5_seed2028,csdi,pronto,industrial_imputation_transfer,channel,0.5,0.5,,2028,not_run,configs/experiments/fm_transfer_jobs/csdi_pronto_channel_missing0.5_seed2028.json,210bb46c32f60ea366244425905cae5e1287e4695e4df251f9de8e1528a8c491,experiments/runs/flow_matching_campaign/csdi_pronto_channel_missing0.5_seed2028/result.json,configs/experiments/fm_transfer_queue.v1.json,scripts/flow_matching/run_csdi.py
cfmi_pronto_channel_missing0.5_seed2028,cfmi,pronto,industrial_imputation_transfer,channel,0.5,0.5,,2028,not_run,configs/experiments/fm_transfer_jobs/cfmi_pronto_channel_missing0.5_seed2028.json,c8f86d02200714517d089ee834ac0a166f25d1ca455ad3fce1602792b761fe05,experiments/runs/flow_matching_campaign/cfmi_pronto_channel_missing0.5_seed2028/result.json,configs/experiments/fm_transfer_queue.v1.json,scripts/flow_matching/run_cfmi.py
csdi_pronto_channel_missing0.9_seed2028,csdi,pronto,industrial_imputation_transfer,channel,0.9,0.9,,2028,not_run,configs/experiments/fm_transfer_jobs/csdi_pronto_channel_missing0.9_seed2028.json,fff2efc16192cfee2faac8ae02e19bfb0024d7254a9baf43d5acc0bfdffa1095,experiments/runs/flow_matching_campaign/csdi_pronto_channel_missing0.9_seed2028/result.json,configs/experiments/fm_transfer_queue.v1.json,scripts/flow_matching/run_csdi.py
cfmi_pronto_channel_missing0.9_seed2028,cfmi,pronto,industrial_imputation_transfer,channel,0.9,0.9,,2028,not_run,configs/experiments/fm_transfer_jobs/cfmi_pronto_channel_missing0.9_seed2028.json,503ebbbfd1ac21834fc7ad8dee3ff7ca532feeddcb78ec8130a7751080f30270,experiments/runs/flow_matching_campaign/cfmi_pronto_channel_missing0.9_seed2028/result.json,configs/experiments/fm_transfer_queue.v1.json,scripts/flow_matching/run_cfmi.py
csdi_pronto_point_missing0.1_seed2029,csdi,pronto,industrial_imputation_transfer,point,0.1,0.1,,2029,not_run,configs/experiments/fm_transfer_jobs/csdi_pronto_point_missing0.1_seed2029.json,90539bdbdf7d958399ff6259f1c1e7f2fbb1cc0f9dbb66231001a25c80a473c4,experiments/runs/flow_matching_campaign/csdi_pronto_point_missing0.1_seed2029/result.json,configs/experiments/fm_transfer_queue.v1.json,scripts/flow_matching/run_csdi.py
cfmi_pronto_point_missing0.1_seed2029,cfmi,pronto,industrial_imputation_transfer,point,0.1,0.1,,2029,not_run,configs/experiments/fm_transfer_jobs/cfmi_pronto_point_missing0.1_seed2029.json,64cbca9871e4a7dfa8847ce691619a2c01735c4e3b5aac5241e75de583866f3b,experiments/runs/flow_matching_campaign/cfmi_pronto_point_missing0.1_seed2029/result.json,configs/experiments/fm_transfer_queue.v1.json,scripts/flow_matching/run_cfmi.py
csdi_pronto_point_missing0.5_seed2029,csdi,pronto,industrial_imputation_transfer,point,0.5,0.5,,2029,not_run,configs/experiments/fm_transfer_jobs/csdi_pronto_point_missing0.5_seed2029.json,53840e0d922be9749066dc8e503bf6bd542a9e2e0a818d1c548af430dc737a9d,experiments/runs/flow_matching_campaign/csdi_pronto_point_missing0.5_seed2029/result.json,configs/experiments/fm_transfer_queue.v1.json,scripts/flow_matching/run_csdi.py
cfmi_pronto_point_missing0.5_seed2029,cfmi,pronto,industrial_imputation_transfer,point,0.5,0.5,,2029,not_run,configs/experiments/fm_transfer_jobs/cfmi_pronto_point_missing0.5_seed2029.json,b319bfe699c7af81ac83dc5502ff592c0297389e88384622dae0a6d481146cf8,experiments/runs/flow_matching_campaign/cfmi_pronto_point_missing0.5_seed2029/result.json,configs/experiments/fm_transfer_queue.v1.json,scripts/flow_matching/run_cfmi.py
csdi_pronto_point_missing0.9_seed2029,csdi,pronto,industrial_imputation_transfer,point,0.9,0.9,,2029,not_run,configs/experiments/fm_transfer_jobs/csdi_pronto_point_missing0.9_seed2029.json,32db7de26bd3d009b971a90301737bcf14469eb5fa3263b07d332af4cf34e1af,experiments/runs/flow_matching_campaign/csdi_pronto_point_missing0.9_seed2029/result.json,configs/experiments/fm_transfer_queue.v1.json,scripts/flow_matching/run_csdi.py
cfmi_pronto_point_missing0.9_seed2029,cfmi,pronto,industrial_imputation_transfer,point,0.9,0.9,,2029,not_run,configs/experiments/fm_transfer_jobs/cfmi_pronto_point_missing0.9_seed2029.json,f98257f40714860a307d07260fb36873e2cb3ec1f6a5097f5d8750de0a4a1770,experiments/runs/flow_matching_campaign/cfmi_pronto_point_missing0.9_seed2029/result.json,configs/experiments/fm_transfer_queue.v1.json,scripts/flow_matching/run_cfmi.py
csdi_pronto_block_missing0.1_seed2029,csdi,pronto,industrial_imputation_transfer,block,0.1,0.1,,2029,not_run,configs/experiments/fm_transfer_jobs/csdi_pronto_block_missing0.1_seed2029.json,47f912c3a9b779b3dfe89e73e23b8129197312396f931fbb4f369e3522a853fa,experiments/runs/flow_matching_campaign/csdi_pronto_block_missing0.1_seed2029/result.json,configs/experiments/fm_transfer_queue.v1.json,scripts/flow_matching/run_csdi.py
cfmi_pronto_block_missing0.1_seed2029,cfmi,pronto,industrial_imputation_transfer,block,0.1,0.1,,2029,not_run,configs/experiments/fm_transfer_jobs/cfmi_pronto_block_missing0.1_seed2029.json,f1e561389388f19a5ff2df9fae81ae378c640d957631b7d242ea9595abd72408,experiments/runs/flow_matching_campaign/cfmi_pronto_block_missing0.1_seed2029/result.json,configs/experiments/fm_transfer_queue.v1.json,scripts/flow_matching/run_cfmi.py
csdi_pronto_block_missing0.5_seed2029,csdi,pronto,industrial_imputation_transfer,block,0.5,0.5,,2029,not_run,configs/experiments/fm_transfer_jobs/csdi_pronto_block_missing0.5_seed2029.json,c4a37502dc069e05320ef114787d421dc59203c2f43fd9977908ff3ad0426f20,experiments/runs/flow_matching_campaign/csdi_pronto_block_missing0.5_seed2029/result.json,configs/experiments/fm_transfer_queue.v1.json,scripts/flow_matching/run_csdi.py
cfmi_pronto_block_missing0.5_seed2029,cfmi,pronto,industrial_imputation_transfer,block,0.5,0.5,,2029,not_run,configs/experiments/fm_transfer_jobs/cfmi_pronto_block_missing0.5_seed2029.json,c9613e10d9927673953bc6df66a7239e7dc1f62515630e096ceb4368906a9649,experiments/runs/flow_matching_campaign/cfmi_pronto_block_missing0.5_seed2029/result.json,configs/experiments/fm_transfer_queue.v1.json,scripts/flow_matching/run_cfmi.py
csdi_pronto_block_missing0.9_seed2029,csdi,pronto,industrial_imputation_transfer,block,0.9,0.9,,2029,not_run,configs/experiments/fm_transfer_jobs/csdi_pronto_block_missing0.9_seed2029.json,905b514cfd088dff78e5038be7056523fe99aabcfa30ebcb4694ba0f876c6247,experiments/runs/flow_matching_campaign/csdi_pronto_block_missing0.9_seed2029/result.json,configs/experiments/fm_transfer_queue.v1.json,scripts/flow_matching/run_csdi.py
cfmi_pronto_block_missing0.9_seed2029,cfmi,pronto,industrial_imputation_transfer,block,0.9,0.9,,2029,not_run,configs/experiments/fm_transfer_jobs/cfmi_pronto_block_missing0.9_seed2029.json,bbc1acb82e5498b165b4babb25e379ffe7c2856f95106aa1a289931a9a94463b,experiments/runs/flow_matching_campaign/cfmi_pronto_block_missing0.9_seed2029/result.json,configs/experiments/fm_transfer_queue.v1.json,scripts/flow_matching/run_cfmi.py
csdi_pronto_channel_missing0.1_seed2029,csdi,pronto,industrial_imputation_transfer,channel,0.1,0.1,,2029,not_run,configs/experiments/fm_transfer_jobs/csdi_pronto_channel_missing0.1_seed2029.json,95a6c19c3d39912c326234e8e692216f00ac9b6aef013c1ba503d67cefbb8973,experiments/runs/flow_matching_campaign/csdi_pronto_channel_missing0.1_seed2029/result.json,configs/experiments/fm_transfer_queue.v1.json,scripts/flow_matching/run_csdi.py
cfmi_pronto_channel_missing0.1_seed2029,cfmi,pronto,industrial_imputation_transfer,channel,0.1,0.1,,2029,not_run,configs/experiments/fm_transfer_jobs/cfmi_pronto_channel_missing0.1_seed2029.json,e3fd5afc272e115d9dd76fe3a82397022c9622599252ecc3e4a189861a7e1488,experiments/runs/flow_matching_campaign/cfmi_pronto_channel_missing0.1_seed2029/result.json,configs/experiments/fm_transfer_queue.v1.json,scripts/flow_matching/run_cfmi.py
csdi_pronto_channel_missing0.5_seed2029,csdi,pronto,industrial_imputation_transfer,channel,0.5,0.5,,2029,not_run,configs/experiments/fm_transfer_jobs/csdi_pronto_channel_missing0.5_seed2029.json,4a33d3b6b31b4c23d09c08b99dd0b80048638cf8e40ffd87d82484899f4f8457,experiments/runs/flow_matching_campaign/csdi_pronto_channel_missing0.5_seed2029/result.json,configs/experiments/fm_transfer_queue.v1.json,scripts/flow_matching/run_csdi.py
cfmi_pronto_channel_missing0.5_seed2029,cfmi,pronto,industrial_imputation_transfer,channel,0.5,0.5,,2029,not_run,configs/experiments/fm_transfer_jobs/cfmi_pronto_channel_missing0.5_seed2029.json,d4af1e5f4bac77632013a401979ab32ce6b8d1668e25155fc99bf4e2705f83c9,experiments/runs/flow_matching_campaign/cfmi_pronto_channel_missing0.5_seed2029/result.json,configs/experiments/fm_transfer_queue.v1.json,scripts/flow_matching/run_cfmi.py
csdi_pronto_channel_missing0.9_seed2029,csdi,pronto,industrial_imputation_transfer,channel,0.9,0.9,,2029,not_run,configs/experiments/fm_transfer_jobs/csdi_pronto_channel_missing0.9_seed2029.json,7ff1269c1e4ef060db2fff78837ec10927cb509404ee486f8de2a1d27ffca0d7,experiments/runs/flow_matching_campaign/csdi_pronto_channel_missing0.9_seed2029/result.json,configs/experiments/fm_transfer_queue.v1.json,scripts/flow_matching/run_csdi.py
cfmi_pronto_channel_missing0.9_seed2029,cfmi,pronto,industrial_imputation_transfer,channel,0.9,0.9,,2029,not_run,configs/experiments/fm_transfer_jobs/cfmi_pronto_channel_missing0.9_seed2029.json,d4fc29981afde7cdd99aab05862962a726f40fb625e590f8e5c04e3dfd02802d,experiments/runs/flow_matching_campaign/cfmi_pronto_channel_missing0.9_seed2029/result.json,configs/experiments/fm_transfer_queue.v1.json,scripts/flow_matching/run_cfmi.py
csdi_pronto_point_missing0.1_seed2030,csdi,pronto,industrial_imputation_transfer,point,0.1,0.1,,2030,not_run,configs/experiments/fm_transfer_jobs/csdi_pronto_point_missing0.1_seed2030.json,50ef5b0dacd55cfa97c5b72f286021156f98fcb7d3a463a7dc72b7531138f7f6,experiments/runs/flow_matching_campaign/csdi_pronto_point_missing0.1_seed2030/result.json,configs/experiments/fm_transfer_queue.v1.json,scripts/flow_matching/run_csdi.py
cfmi_pronto_point_missing0.1_seed2030,cfmi,pronto,industrial_imputation_transfer,point,0.1,0.1,,2030,not_run,configs/experiments/fm_transfer_jobs/cfmi_pronto_point_missing0.1_seed2030.json,6268ddde0d354d54b196a0938bcb00692a1c4e1f344848bc19a10289b1d2cfe6,experiments/runs/flow_matching_campaign/cfmi_pronto_point_missing0.1_seed2030/result.json,configs/experiments/fm_transfer_queue.v1.json,scripts/flow_matching/run_cfmi.py
csdi_pronto_point_missing0.5_seed2030,csdi,pronto,industrial_imputation_transfer,point,0.5,0.5,,2030,not_run,configs/experiments/fm_transfer_jobs/csdi_pronto_point_missing0.5_seed2030.json,4329f16faf9fc2c13f35dfdb901e06c2b019c74832209f1ee5daa406979bc388,experiments/runs/flow_matching_campaign/csdi_pronto_point_missing0.5_seed2030/result.json,configs/experiments/fm_transfer_queue.v1.json,scripts/flow_matching/run_csdi.py
cfmi_pronto_point_missing0.5_seed2030,cfmi,pronto,industrial_imputation_transfer,point,0.5,0.5,,2030,not_run,configs/experiments/fm_transfer_jobs/cfmi_pronto_point_missing0.5_seed2030.json,798dae9d4890903a1e1507b11c4b118189f75bed9bd78b752ebbecbb8766b379,experiments/runs/flow_matching_campaign/cfmi_pronto_point_missing0.5_seed2030/result.json,configs/experiments/fm_transfer_queue.v1.json,scripts/flow_matching/run_cfmi.py
csdi_pronto_point_missing0.9_seed2030,csdi,pronto,industrial_imputation_transfer,point,0.9,0.9,,2030,not_run,configs/experiments/fm_transfer_jobs/csdi_pronto_point_missing0.9_seed2030.json,77d5951ca985328344a947d94868536e10f9d6cf75009259accea36daf43b872,experiments/runs/flow_matching_campaign/csdi_pronto_point_missing0.9_seed2030/result.json,configs/experiments/fm_transfer_queue.v1.json,scripts/flow_matching/run_csdi.py
cfmi_pronto_point_missing0.9_seed2030,cfmi,pronto,industrial_imputation_transfer,point,0.9,0.9,,2030,not_run,configs/experiments/fm_transfer_jobs/cfmi_pronto_point_missing0.9_seed2030.json,afc920e4d4840079e06536bc08ffc7e0fc12c8bd5d26723b2db648056ca56956,experiments/runs/flow_matching_campaign/cfmi_pronto_point_missing0.9_seed2030/result.json,configs/experiments/fm_transfer_queue.v1.json,scripts/flow_matching/run_cfmi.py
csdi_pronto_block_missing0.1_seed2030,csdi,pronto,industrial_imputation_transfer,block,0.1,0.1,,2030,not_run,configs/experiments/fm_transfer_jobs/csdi_pronto_block_missing0.1_seed2030.json,a6cd26b7a6a21c2d254daf9129a335073403bcbb09038413c421e4a9c1dd3be9,experiments/runs/flow_matching_campaign/csdi_pronto_block_missing0.1_seed2030/result.json,configs/experiments/fm_transfer_queue.v1.json,scripts/flow_matching/run_csdi.py
cfmi_pronto_block_missing0.1_seed2030,cfmi,pronto,industrial_imputation_transfer,block,0.1,0.1,,2030,not_run,configs/experiments/fm_transfer_jobs/cfmi_pronto_block_missing0.1_seed2030.json,f303e63688236fb53a2952433eadda7c34eca75c8bd9deaabe208e45873b5db1,experiments/runs/flow_matching_campaign/cfmi_pronto_block_missing0.1_seed2030/result.json,configs/experiments/fm_transfer_queue.v1.json,scripts/flow_matching/run_cfmi.py
csdi_pronto_block_missing0.5_seed2030,csdi,pronto,industrial_imputation_transfer,block,0.5,0.5,,2030,not_run,configs/experiments/fm_transfer_jobs/csdi_pronto_block_missing0.5_seed2030.json,cd47c389b2e1ad220d45195c6f6b60edb4223ffabd50772ca74d4e8a1f3f89bb,experiments/runs/flow_matching_campaign/csdi_pronto_block_missing0.5_seed2030/result.json,configs/experiments/fm_transfer_queue.v1.json,scripts/flow_matching/run_csdi.py
cfmi_pronto_block_missing0.5_seed2030,cfmi,pronto,industrial_imputation_transfer,block,0.5,0.5,,2030,not_run,configs/experiments/fm_transfer_jobs/cfmi_pronto_block_missing0.5_seed2030.json,6d706fa2c5a9c3c75a7d2b643e19eef8dc62929bc1fc2f832ba937ec51d1b1a6,experiments/runs/flow_matching_campaign/cfmi_pronto_block_missing0.5_seed2030/result.json,configs/experiments/fm_transfer_queue.v1.json,scripts/flow_matching/run_cfmi.py
csdi_pronto_block_missing0.9_seed2030,csdi,pronto,industrial_imputation_transfer,block,0.9,0.9,,2030,not_run,configs/experiments/fm_transfer_jobs/csdi_pronto_block_missing0.9_seed2030.json,b7d7e488089487cae7b1c24bbbf60682d13d339030302e726cef4bf13844bfed,experiments/runs/flow_matching_campaign/csdi_pronto_block_missing0.9_seed2030/result.json,configs/experiments/fm_transfer_queue.v1.json,scripts/flow_matching/run_csdi.py
cfmi_pronto_block_missing0.9_seed2030,cfmi,pronto,industrial_imputation_transfer,block,0.9,0.9,,2030,not_run,configs/experiments/fm_transfer_jobs/cfmi_pronto_block_missing0.9_seed2030.json,fb3fe011acc90e7b53962c72fb1600020e4d21cea712b3b79224aab718e8e2e3,experiments/runs/flow_matching_campaign/cfmi_pronto_block_missing0.9_seed2030/result.json,configs/experiments/fm_transfer_queue.v1.json,scripts/flow_matching/run_cfmi.py
csdi_pronto_channel_missing0.1_seed2030,csdi,pronto,industrial_imputation_transfer,channel,0.1,0.1,,2030,not_run,configs/experiments/fm_transfer_jobs/csdi_pronto_channel_missing0.1_seed2030.json,14bae44c66e78fc458aecf3fbd2a7a8df9887c04ac85c8fb8abae9d34a9bf6a6,experiments/runs/flow_matching_campaign/csdi_pronto_channel_missing0.1_seed2030/result.json,configs/experiments/fm_transfer_queue.v1.json,scripts/flow_matching/run_csdi.py
cfmi_pronto_channel_missing0.1_seed2030,cfmi,pronto,industrial_imputation_transfer,channel,0.1,0.1,,2030,not_run,configs/experiments/fm_transfer_jobs/cfmi_pronto_channel_missing0.1_seed2030.json,5084b0650dd34db461b1ba852a48be408d5d0ac4efb2d01bec9d5f8fb45c05eb,experiments/runs/flow_matching_campaign/cfmi_pronto_channel_missing0.1_seed2030/result.json,configs/experiments/fm_transfer_queue.v1.json,scripts/flow_matching/run_cfmi.py
csdi_pronto_channel_missing0.5_seed2030,csdi,pronto,industrial_imputation_transfer,channel,0.5,0.5,,2030,not_run,configs/experiments/fm_transfer_jobs/csdi_pronto_channel_missing0.5_seed2030.json,2087d184a70e1f3bb107094bc4b74d36101d46a7f545ef88a29c9a151b63e0cd,experiments/runs/flow_matching_campaign/csdi_pronto_channel_missing0.5_seed2030/result.json,configs/experiments/fm_transfer_queue.v1.json,scripts/flow_matching/run_csdi.py
cfmi_pronto_channel_missing0.5_seed2030,cfmi,pronto,industrial_imputation_transfer,channel,0.5,0.5,,2030,not_run,configs/experiments/fm_transfer_jobs/cfmi_pronto_channel_missing0.5_seed2030.json,ccca3bcee30ce07147672d6628daae9d0f210c6a462eac9ff2ebdce5ee950271,experiments/runs/flow_matching_campaign/cfmi_pronto_channel_missing0.5_seed2030/result.json,configs/experiments/fm_transfer_queue.v1.json,scripts/flow_matching/run_cfmi.py
csdi_pronto_channel_missing0.9_seed2030,csdi,pronto,industrial_imputation_transfer,channel,0.9,0.9,,2030,not_run,configs/experiments/fm_transfer_jobs/csdi_pronto_channel_missing0.9_seed2030.json,d3bbb5a0e847492b5daaa954fb7efbd948a365a96498382bf3a7bb41be069d24,experiments/runs/flow_matching_campaign/csdi_pronto_channel_missing0.9_seed2030/result.json,configs/experiments/fm_transfer_queue.v1.json,scripts/flow_matching/run_csdi.py
cfmi_pronto_channel_missing0.9_seed2030,cfmi,pronto,industrial_imputation_transfer,channel,0.9,0.9,,2030,not_run,configs/experiments/fm_transfer_jobs/cfmi_pronto_channel_missing0.9_seed2030.json,122791f90522d45fa801ba445cd2ecbfc19cff6fc85bcb448926893c2bb4f9c7,experiments/runs/flow_matching_campaign/cfmi_pronto_channel_missing0.9_seed2030/result.json,configs/experiments/fm_transfer_queue.v1.json,scripts/flow_matching/run_cfmi.py
