id,track,dataset,seed,variant,method,epochs,batch_size,case_id,data_path,data_sha256,model_config,model_config_sha256,model_overrides,training_items,expected_optimizer_updates,test_trajectories,test_points_per_trajectory,observed_dimensions,split,output_directory,artifact_directory,status,result_path,result_sha256,metrics,training_seconds,score_seconds,parameter_count
cfm_ts_original__appendix_d__bb_paper_literal_e400__pendulum__seed1103,appendix_d,pendulum,1103,bb_paper_literal,bb,400,256,appendix_d__pendulum__seed1103,data/public_datasets/flow_matching/cfm_ts_original_ode_v1/appendix_d__pendulum__seed1103.npz,f1601c6fce8ecc025804f194a832ac220078e1cab5e59325aff048175e1ea730,configs/models/fm_cfm_ts_original_bb_paper_literal_e400.json,41f9556cc1172e8ba30f375960bb19828fbdc0757c447501e93aeebe689e10bd,"{""batch_size"": 256, ""grid_points"": 160, ""seed"": 1103}",160,400,1,500,1,new_times_same_trajectory,experiments/runs/fm_cfm_ts_original_v1/jobs/cfm_ts_original__appendix_d__bb_paper_literal_e400__pendulum__seed1103,F:/aicoding/IIA_Data/experiments/cfm_ts_original_v1/cfm_ts_original__appendix_d__bb_paper_literal_e400__pendulum__seed1103,completed,experiments/runs/fm_cfm_ts_original_v1/jobs/cfm_ts_original__appendix_d__bb_paper_literal_e400__pendulum__seed1103/result.json,7e8ca7d8f406a57555b919d868d97c743dff74e468ddd4a7bd5e9a7dfdb22676,"{""MSE"": 8.081215675084296, ""MAE"": 2.286924498363015, ""RMSE"": 2.842747909168925, ""trajectory_MSE_std"": null, ""trajectory_MSE_mean"": 8.081215675084296, ""MSE_by_dimension"": [8.081215675084296]}",7.341883100103587,1.5706327999942005,150865
cfm_ts_original__appendix_d__bb_paper_literal_e400__pendulum__seed1104,appendix_d,pendulum,1104,bb_paper_literal,bb,400,256,appendix_d__pendulum__seed1104,data/public_datasets/flow_matching/cfm_ts_original_ode_v1/appendix_d__pendulum__seed1104.npz,480ec525185f5076ea1394afb46775247a52599b4a24a33526e83da95157cd0f,configs/models/fm_cfm_ts_original_bb_paper_literal_e400.json,41f9556cc1172e8ba30f375960bb19828fbdc0757c447501e93aeebe689e10bd,"{""batch_size"": 256, ""grid_points"": 160, ""seed"": 1104}",160,400,1,500,1,new_times_same_trajectory,experiments/runs/fm_cfm_ts_original_v1/jobs/cfm_ts_original__appendix_d__bb_paper_literal_e400__pendulum__seed1104,F:/aicoding/IIA_Data/experiments/cfm_ts_original_v1/cfm_ts_original__appendix_d__bb_paper_literal_e400__pendulum__seed1104,completed,experiments/runs/fm_cfm_ts_original_v1/jobs/cfm_ts_original__appendix_d__bb_paper_literal_e400__pendulum__seed1104/result.json,c80023e264ce7b81d9649fc4dc9e99f6e3cdaf046d88db485525345c6091b562,"{""MSE"": 2.2444745076453874, ""MAE"": 1.085962247934817, ""RMSE"": 1.4981570370443105, ""trajectory_MSE_std"": null, ""trajectory_MSE_mean"": 2.2444745076453874, ""MSE_by_dimension"": [2.2444745076453874]}",6.905719300033525,1.9018979000393301,150865
cfm_ts_original__appendix_d__bb_paper_literal_e400__pendulum__seed1105,appendix_d,pendulum,1105,bb_paper_literal,bb,400,256,appendix_d__pendulum__seed1105,data/public_datasets/flow_matching/cfm_ts_original_ode_v1/appendix_d__pendulum__seed1105.npz,6a610bccc6293755917f18f239d53b5bfb80b4af9d1ab80c7b21164ff12bc1a9,configs/models/fm_cfm_ts_original_bb_paper_literal_e400.json,41f9556cc1172e8ba30f375960bb19828fbdc0757c447501e93aeebe689e10bd,"{""batch_size"": 256, ""grid_points"": 160, ""seed"": 1105}",160,400,1,500,1,new_times_same_trajectory,experiments/runs/fm_cfm_ts_original_v1/jobs/cfm_ts_original__appendix_d__bb_paper_literal_e400__pendulum__seed1105,F:/aicoding/IIA_Data/experiments/cfm_ts_original_v1/cfm_ts_original__appendix_d__bb_paper_literal_e400__pendulum__seed1105,completed,experiments/runs/fm_cfm_ts_original_v1/jobs/cfm_ts_original__appendix_d__bb_paper_literal_e400__pendulum__seed1105/result.json,03388eb8c9270e12a0d8553a53dcb86c878291bf74c01a292a516b08aad5d76d,"{""MSE"": 1.0505070232002949, ""MAE"": 0.7873517191838187, ""RMSE"": 1.0249424487259247, ""trajectory_MSE_std"": null, ""trajectory_MSE_mean"": 1.0505070232002949, ""MSE_by_dimension"": [1.0505070232002949]}",6.988090300001204,2.0275294999592006,150865
cfm_ts_original__appendix_d__bb_paper_literal_e400__pendulum__seed1106,appendix_d,pendulum,1106,bb_paper_literal,bb,400,256,appendix_d__pendulum__seed1106,data/public_datasets/flow_matching/cfm_ts_original_ode_v1/appendix_d__pendulum__seed1106.npz,8c80bbc4fbd7afcf0a412bdcbd41eedb2e6c51252bd5a788b91b8e9ba9a457bf,configs/models/fm_cfm_ts_original_bb_paper_literal_e400.json,41f9556cc1172e8ba30f375960bb19828fbdc0757c447501e93aeebe689e10bd,"{""batch_size"": 256, ""grid_points"": 160, ""seed"": 1106}",160,400,1,500,1,new_times_same_trajectory,experiments/runs/fm_cfm_ts_original_v1/jobs/cfm_ts_original__appendix_d__bb_paper_literal_e400__pendulum__seed1106,F:/aicoding/IIA_Data/experiments/cfm_ts_original_v1/cfm_ts_original__appendix_d__bb_paper_literal_e400__pendulum__seed1106,completed,experiments/runs/fm_cfm_ts_original_v1/jobs/cfm_ts_original__appendix_d__bb_paper_literal_e400__pendulum__seed1106/result.json,a9326be1c7c90ad65922cdb7cf3c36abf5cdbd27b72476b2c5300c920ab0d779,"{""MSE"": 0.8279048528029883, ""MAE"": 0.7582403890115769, ""RMSE"": 0.9098927699476397, ""trajectory_MSE_std"": null, ""trajectory_MSE_mean"": 0.8279048528029883, ""MSE_by_dimension"": [0.8279048528029883]}",7.243698599981144,2.166508700000122,150865
cfm_ts_original__appendix_d__bb_paper_literal_e400__pendulum__seed1107,appendix_d,pendulum,1107,bb_paper_literal,bb,400,256,appendix_d__pendulum__seed1107,data/public_datasets/flow_matching/cfm_ts_original_ode_v1/appendix_d__pendulum__seed1107.npz,c9089a9f58e5591bf5647cf8f1d28fb106d8862cec67b8fb357e197054a0ff35,configs/models/fm_cfm_ts_original_bb_paper_literal_e400.json,41f9556cc1172e8ba30f375960bb19828fbdc0757c447501e93aeebe689e10bd,"{""batch_size"": 256, ""grid_points"": 160, ""seed"": 1107}",160,400,1,500,1,new_times_same_trajectory,experiments/runs/fm_cfm_ts_original_v1/jobs/cfm_ts_original__appendix_d__bb_paper_literal_e400__pendulum__seed1107,F:/aicoding/IIA_Data/experiments/cfm_ts_original_v1/cfm_ts_original__appendix_d__bb_paper_literal_e400__pendulum__seed1107,completed,experiments/runs/fm_cfm_ts_original_v1/jobs/cfm_ts_original__appendix_d__bb_paper_literal_e400__pendulum__seed1107/result.json,6965ebdabdefee1e89368a131eb07991052163ddef9326c62d6907b2b4f59cdc,"{""MSE"": 1.0255338138197116, ""MAE"": 0.8236066303879098, ""RMSE"": 1.0126864341047093, ""trajectory_MSE_std"": null, ""trajectory_MSE_mean"": 1.0255338138197116, ""MSE_by_dimension"": [1.0255338138197116]}",7.064266700064763,2.1021551000885665,150865
cfm_ts_original__main_text__bb_paper_literal_e400__pendulum__seed1103,main_text,pendulum,1103,bb_paper_literal,bb,400,258,main_text__pendulum__seed1103,data/public_datasets/flow_matching/cfm_ts_original_ode_v1/main_text__pendulum__seed1103.npz,f1601c6fce8ecc025804f194a832ac220078e1cab5e59325aff048175e1ea730,configs/models/fm_cfm_ts_original_bb_paper_literal_e400.json,41f9556cc1172e8ba30f375960bb19828fbdc0757c447501e93aeebe689e10bd,"{""batch_size"": 258, ""grid_points"": 160, ""seed"": 1103}",160,400,1,500,1,new_times_same_trajectory,experiments/runs/fm_cfm_ts_original_v1/jobs/cfm_ts_original__main_text__bb_paper_literal_e400__pendulum__seed1103,F:/aicoding/IIA_Data/experiments/cfm_ts_original_v1/cfm_ts_original__main_text__bb_paper_literal_e400__pendulum__seed1103,completed,experiments/runs/fm_cfm_ts_original_v1/jobs/cfm_ts_original__main_text__bb_paper_literal_e400__pendulum__seed1103/result.json,c10d79dca1d225a9343c6054998f3dde6dd6c0a611db13d657ea90c990f104e7,"{""MSE"": 8.081215675084296, ""MAE"": 2.286924498363015, ""RMSE"": 2.842747909168925, ""trajectory_MSE_std"": null, ""trajectory_MSE_mean"": 8.081215675084296, ""MSE_by_dimension"": [8.081215675084296]}",6.890496699837968,1.7527344999834895,150865
cfm_ts_original__main_text__bb_paper_literal_e400__pendulum__seed1104,main_text,pendulum,1104,bb_paper_literal,bb,400,258,main_text__pendulum__seed1104,data/public_datasets/flow_matching/cfm_ts_original_ode_v1/main_text__pendulum__seed1104.npz,480ec525185f5076ea1394afb46775247a52599b4a24a33526e83da95157cd0f,configs/models/fm_cfm_ts_original_bb_paper_literal_e400.json,41f9556cc1172e8ba30f375960bb19828fbdc0757c447501e93aeebe689e10bd,"{""batch_size"": 258, ""grid_points"": 160, ""seed"": 1104}",160,400,1,500,1,new_times_same_trajectory,experiments/runs/fm_cfm_ts_original_v1/jobs/cfm_ts_original__main_text__bb_paper_literal_e400__pendulum__seed1104,F:/aicoding/IIA_Data/experiments/cfm_ts_original_v1/cfm_ts_original__main_text__bb_paper_literal_e400__pendulum__seed1104,completed,experiments/runs/fm_cfm_ts_original_v1/jobs/cfm_ts_original__main_text__bb_paper_literal_e400__pendulum__seed1104/result.json,9620c59d35c225cd47e43cf8d32920a055766710adc2a1ca2891d1b3beec081c,"{""MSE"": 2.2444745076453874, ""MAE"": 1.085962247934817, ""RMSE"": 1.4981570370443105, ""trajectory_MSE_std"": null, ""trajectory_MSE_mean"": 2.2444745076453874, ""MSE_by_dimension"": [2.2444745076453874]}",7.031305900076404,2.1137417999561876,150865
cfm_ts_original__main_text__bb_paper_literal_e400__pendulum__seed1105,main_text,pendulum,1105,bb_paper_literal,bb,400,258,main_text__pendulum__seed1105,data/public_datasets/flow_matching/cfm_ts_original_ode_v1/main_text__pendulum__seed1105.npz,6a610bccc6293755917f18f239d53b5bfb80b4af9d1ab80c7b21164ff12bc1a9,configs/models/fm_cfm_ts_original_bb_paper_literal_e400.json,41f9556cc1172e8ba30f375960bb19828fbdc0757c447501e93aeebe689e10bd,"{""batch_size"": 258, ""grid_points"": 160, ""seed"": 1105}",160,400,1,500,1,new_times_same_trajectory,experiments/runs/fm_cfm_ts_original_v1/jobs/cfm_ts_original__main_text__bb_paper_literal_e400__pendulum__seed1105,F:/aicoding/IIA_Data/experiments/cfm_ts_original_v1/cfm_ts_original__main_text__bb_paper_literal_e400__pendulum__seed1105,pending,,,,,,
cfm_ts_original__main_text__bb_paper_literal_e400__pendulum__seed1106,main_text,pendulum,1106,bb_paper_literal,bb,400,258,main_text__pendulum__seed1106,data/public_datasets/flow_matching/cfm_ts_original_ode_v1/main_text__pendulum__seed1106.npz,8c80bbc4fbd7afcf0a412bdcbd41eedb2e6c51252bd5a788b91b8e9ba9a457bf,configs/models/fm_cfm_ts_original_bb_paper_literal_e400.json,41f9556cc1172e8ba30f375960bb19828fbdc0757c447501e93aeebe689e10bd,"{""batch_size"": 258, ""grid_points"": 160, ""seed"": 1106}",160,400,1,500,1,new_times_same_trajectory,experiments/runs/fm_cfm_ts_original_v1/jobs/cfm_ts_original__main_text__bb_paper_literal_e400__pendulum__seed1106,F:/aicoding/IIA_Data/experiments/cfm_ts_original_v1/cfm_ts_original__main_text__bb_paper_literal_e400__pendulum__seed1106,pending,,,,,,
cfm_ts_original__main_text__bb_paper_literal_e400__pendulum__seed1107,main_text,pendulum,1107,bb_paper_literal,bb,400,258,main_text__pendulum__seed1107,data/public_datasets/flow_matching/cfm_ts_original_ode_v1/main_text__pendulum__seed1107.npz,c9089a9f58e5591bf5647cf8f1d28fb106d8862cec67b8fb357e197054a0ff35,configs/models/fm_cfm_ts_original_bb_paper_literal_e400.json,41f9556cc1172e8ba30f375960bb19828fbdc0757c447501e93aeebe689e10bd,"{""batch_size"": 258, ""grid_points"": 160, ""seed"": 1107}",160,400,1,500,1,new_times_same_trajectory,experiments/runs/fm_cfm_ts_original_v1/jobs/cfm_ts_original__main_text__bb_paper_literal_e400__pendulum__seed1107,F:/aicoding/IIA_Data/experiments/cfm_ts_original_v1/cfm_ts_original__main_text__bb_paper_literal_e400__pendulum__seed1107,pending,,,,,,
cfm_ts_original__appendix_d__bb_paper_literal_e600__pendulum__seed1103,appendix_d,pendulum,1103,bb_paper_literal,bb,600,256,appendix_d__pendulum__seed1103,data/public_datasets/flow_matching/cfm_ts_original_ode_v1/appendix_d__pendulum__seed1103.npz,f1601c6fce8ecc025804f194a832ac220078e1cab5e59325aff048175e1ea730,configs/models/fm_cfm_ts_original_bb_paper_literal_e600.json,8233a604a80b4c0acc2d7f30128f1c505fa6e979cdca1e4574958ab968bc7ef5,"{""batch_size"": 256, ""grid_points"": 160, ""seed"": 1103}",160,600,1,500,1,new_times_same_trajectory,experiments/runs/fm_cfm_ts_original_v1/jobs/cfm_ts_original__appendix_d__bb_paper_literal_e600__pendulum__seed1103,F:/aicoding/IIA_Data/experiments/cfm_ts_original_v1/cfm_ts_original__appendix_d__bb_paper_literal_e600__pendulum__seed1103,pending,,,,,,
cfm_ts_original__appendix_d__bb_paper_literal_e600__pendulum__seed1104,appendix_d,pendulum,1104,bb_paper_literal,bb,600,256,appendix_d__pendulum__seed1104,data/public_datasets/flow_matching/cfm_ts_original_ode_v1/appendix_d__pendulum__seed1104.npz,480ec525185f5076ea1394afb46775247a52599b4a24a33526e83da95157cd0f,configs/models/fm_cfm_ts_original_bb_paper_literal_e600.json,8233a604a80b4c0acc2d7f30128f1c505fa6e979cdca1e4574958ab968bc7ef5,"{""batch_size"": 256, ""grid_points"": 160, ""seed"": 1104}",160,600,1,500,1,new_times_same_trajectory,experiments/runs/fm_cfm_ts_original_v1/jobs/cfm_ts_original__appendix_d__bb_paper_literal_e600__pendulum__seed1104,F:/aicoding/IIA_Data/experiments/cfm_ts_original_v1/cfm_ts_original__appendix_d__bb_paper_literal_e600__pendulum__seed1104,pending,,,,,,
cfm_ts_original__appendix_d__bb_paper_literal_e600__pendulum__seed1105,appendix_d,pendulum,1105,bb_paper_literal,bb,600,256,appendix_d__pendulum__seed1105,data/public_datasets/flow_matching/cfm_ts_original_ode_v1/appendix_d__pendulum__seed1105.npz,6a610bccc6293755917f18f239d53b5bfb80b4af9d1ab80c7b21164ff12bc1a9,configs/models/fm_cfm_ts_original_bb_paper_literal_e600.json,8233a604a80b4c0acc2d7f30128f1c505fa6e979cdca1e4574958ab968bc7ef5,"{""batch_size"": 256, ""grid_points"": 160, ""seed"": 1105}",160,600,1,500,1,new_times_same_trajectory,experiments/runs/fm_cfm_ts_original_v1/jobs/cfm_ts_original__appendix_d__bb_paper_literal_e600__pendulum__seed1105,F:/aicoding/IIA_Data/experiments/cfm_ts_original_v1/cfm_ts_original__appendix_d__bb_paper_literal_e600__pendulum__seed1105,pending,,,,,,
cfm_ts_original__appendix_d__bb_paper_literal_e600__pendulum__seed1106,appendix_d,pendulum,1106,bb_paper_literal,bb,600,256,appendix_d__pendulum__seed1106,data/public_datasets/flow_matching/cfm_ts_original_ode_v1/appendix_d__pendulum__seed1106.npz,8c80bbc4fbd7afcf0a412bdcbd41eedb2e6c51252bd5a788b91b8e9ba9a457bf,configs/models/fm_cfm_ts_original_bb_paper_literal_e600.json,8233a604a80b4c0acc2d7f30128f1c505fa6e979cdca1e4574958ab968bc7ef5,"{""batch_size"": 256, ""grid_points"": 160, ""seed"": 1106}",160,600,1,500,1,new_times_same_trajectory,experiments/runs/fm_cfm_ts_original_v1/jobs/cfm_ts_original__appendix_d__bb_paper_literal_e600__pendulum__seed1106,F:/aicoding/IIA_Data/experiments/cfm_ts_original_v1/cfm_ts_original__appendix_d__bb_paper_literal_e600__pendulum__seed1106,pending,,,,,,
cfm_ts_original__appendix_d__bb_paper_literal_e600__pendulum__seed1107,appendix_d,pendulum,1107,bb_paper_literal,bb,600,256,appendix_d__pendulum__seed1107,data/public_datasets/flow_matching/cfm_ts_original_ode_v1/appendix_d__pendulum__seed1107.npz,c9089a9f58e5591bf5647cf8f1d28fb106d8862cec67b8fb357e197054a0ff35,configs/models/fm_cfm_ts_original_bb_paper_literal_e600.json,8233a604a80b4c0acc2d7f30128f1c505fa6e979cdca1e4574958ab968bc7ef5,"{""batch_size"": 256, ""grid_points"": 160, ""seed"": 1107}",160,600,1,500,1,new_times_same_trajectory,experiments/runs/fm_cfm_ts_original_v1/jobs/cfm_ts_original__appendix_d__bb_paper_literal_e600__pendulum__seed1107,F:/aicoding/IIA_Data/experiments/cfm_ts_original_v1/cfm_ts_original__appendix_d__bb_paper_literal_e600__pendulum__seed1107,pending,,,,,,
cfm_ts_original__main_text__bb_paper_literal_e600__pendulum__seed1103,main_text,pendulum,1103,bb_paper_literal,bb,600,258,main_text__pendulum__seed1103,data/public_datasets/flow_matching/cfm_ts_original_ode_v1/main_text__pendulum__seed1103.npz,f1601c6fce8ecc025804f194a832ac220078e1cab5e59325aff048175e1ea730,configs/models/fm_cfm_ts_original_bb_paper_literal_e600.json,8233a604a80b4c0acc2d7f30128f1c505fa6e979cdca1e4574958ab968bc7ef5,"{""batch_size"": 258, ""grid_points"": 160, ""seed"": 1103}",160,600,1,500,1,new_times_same_trajectory,experiments/runs/fm_cfm_ts_original_v1/jobs/cfm_ts_original__main_text__bb_paper_literal_e600__pendulum__seed1103,F:/aicoding/IIA_Data/experiments/cfm_ts_original_v1/cfm_ts_original__main_text__bb_paper_literal_e600__pendulum__seed1103,pending,,,,,,
cfm_ts_original__main_text__bb_paper_literal_e600__pendulum__seed1104,main_text,pendulum,1104,bb_paper_literal,bb,600,258,main_text__pendulum__seed1104,data/public_datasets/flow_matching/cfm_ts_original_ode_v1/main_text__pendulum__seed1104.npz,480ec525185f5076ea1394afb46775247a52599b4a24a33526e83da95157cd0f,configs/models/fm_cfm_ts_original_bb_paper_literal_e600.json,8233a604a80b4c0acc2d7f30128f1c505fa6e979cdca1e4574958ab968bc7ef5,"{""batch_size"": 258, ""grid_points"": 160, ""seed"": 1104}",160,600,1,500,1,new_times_same_trajectory,experiments/runs/fm_cfm_ts_original_v1/jobs/cfm_ts_original__main_text__bb_paper_literal_e600__pendulum__seed1104,F:/aicoding/IIA_Data/experiments/cfm_ts_original_v1/cfm_ts_original__main_text__bb_paper_literal_e600__pendulum__seed1104,pending,,,,,,
cfm_ts_original__main_text__bb_paper_literal_e600__pendulum__seed1105,main_text,pendulum,1105,bb_paper_literal,bb,600,258,main_text__pendulum__seed1105,data/public_datasets/flow_matching/cfm_ts_original_ode_v1/main_text__pendulum__seed1105.npz,6a610bccc6293755917f18f239d53b5bfb80b4af9d1ab80c7b21164ff12bc1a9,configs/models/fm_cfm_ts_original_bb_paper_literal_e600.json,8233a604a80b4c0acc2d7f30128f1c505fa6e979cdca1e4574958ab968bc7ef5,"{""batch_size"": 258, ""grid_points"": 160, ""seed"": 1105}",160,600,1,500,1,new_times_same_trajectory,experiments/runs/fm_cfm_ts_original_v1/jobs/cfm_ts_original__main_text__bb_paper_literal_e600__pendulum__seed1105,F:/aicoding/IIA_Data/experiments/cfm_ts_original_v1/cfm_ts_original__main_text__bb_paper_literal_e600__pendulum__seed1105,pending,,,,,,
cfm_ts_original__main_text__bb_paper_literal_e600__pendulum__seed1106,main_text,pendulum,1106,bb_paper_literal,bb,600,258,main_text__pendulum__seed1106,data/public_datasets/flow_matching/cfm_ts_original_ode_v1/main_text__pendulum__seed1106.npz,8c80bbc4fbd7afcf0a412bdcbd41eedb2e6c51252bd5a788b91b8e9ba9a457bf,configs/models/fm_cfm_ts_original_bb_paper_literal_e600.json,8233a604a80b4c0acc2d7f30128f1c505fa6e979cdca1e4574958ab968bc7ef5,"{""batch_size"": 258, ""grid_points"": 160, ""seed"": 1106}",160,600,1,500,1,new_times_same_trajectory,experiments/runs/fm_cfm_ts_original_v1/jobs/cfm_ts_original__main_text__bb_paper_literal_e600__pendulum__seed1106,F:/aicoding/IIA_Data/experiments/cfm_ts_original_v1/cfm_ts_original__main_text__bb_paper_literal_e600__pendulum__seed1106,pending,,,,,,
cfm_ts_original__main_text__bb_paper_literal_e600__pendulum__seed1107,main_text,pendulum,1107,bb_paper_literal,bb,600,258,main_text__pendulum__seed1107,data/public_datasets/flow_matching/cfm_ts_original_ode_v1/main_text__pendulum__seed1107.npz,c9089a9f58e5591bf5647cf8f1d28fb106d8862cec67b8fb357e197054a0ff35,configs/models/fm_cfm_ts_original_bb_paper_literal_e600.json,8233a604a80b4c0acc2d7f30128f1c505fa6e979cdca1e4574958ab968bc7ef5,"{""batch_size"": 258, ""grid_points"": 160, ""seed"": 1107}",160,600,1,500,1,new_times_same_trajectory,experiments/runs/fm_cfm_ts_original_v1/jobs/cfm_ts_original__main_text__bb_paper_literal_e600__pendulum__seed1107,F:/aicoding/IIA_Data/experiments/cfm_ts_original_v1/cfm_ts_original__main_text__bb_paper_literal_e600__pendulum__seed1107,pending,,,,,,
cfm_ts_original__appendix_d__bb_gaussian_consistent_e400__pendulum__seed1103,appendix_d,pendulum,1103,bb_gaussian_consistent,bb,400,256,appendix_d__pendulum__seed1103,data/public_datasets/flow_matching/cfm_ts_original_ode_v1/appendix_d__pendulum__seed1103.npz,f1601c6fce8ecc025804f194a832ac220078e1cab5e59325aff048175e1ea730,configs/models/fm_cfm_ts_original_bb_gaussian_consistent_e400.json,ac874cdea39f9dd60f97f7e9a53c673e444dd87aeb9ed7fd77f8a2dc580ec832,"{""batch_size"": 256, ""grid_points"": 160, ""seed"": 1103}",160,400,1,500,1,new_times_same_trajectory,experiments/runs/fm_cfm_ts_original_v1/jobs/cfm_ts_original__appendix_d__bb_gaussian_consistent_e400__pendulum__seed1103,F:/aicoding/IIA_Data/experiments/cfm_ts_original_v1/cfm_ts_original__appendix_d__bb_gaussian_consistent_e400__pendulum__seed1103,pending,,,,,,
cfm_ts_original__appendix_d__bb_gaussian_consistent_e400__pendulum__seed1104,appendix_d,pendulum,1104,bb_gaussian_consistent,bb,400,256,appendix_d__pendulum__seed1104,data/public_datasets/flow_matching/cfm_ts_original_ode_v1/appendix_d__pendulum__seed1104.npz,480ec525185f5076ea1394afb46775247a52599b4a24a33526e83da95157cd0f,configs/models/fm_cfm_ts_original_bb_gaussian_consistent_e400.json,ac874cdea39f9dd60f97f7e9a53c673e444dd87aeb9ed7fd77f8a2dc580ec832,"{""batch_size"": 256, ""grid_points"": 160, ""seed"": 1104}",160,400,1,500,1,new_times_same_trajectory,experiments/runs/fm_cfm_ts_original_v1/jobs/cfm_ts_original__appendix_d__bb_gaussian_consistent_e400__pendulum__seed1104,F:/aicoding/IIA_Data/experiments/cfm_ts_original_v1/cfm_ts_original__appendix_d__bb_gaussian_consistent_e400__pendulum__seed1104,pending,,,,,,
cfm_ts_original__appendix_d__bb_gaussian_consistent_e400__pendulum__seed1105,appendix_d,pendulum,1105,bb_gaussian_consistent,bb,400,256,appendix_d__pendulum__seed1105,data/public_datasets/flow_matching/cfm_ts_original_ode_v1/appendix_d__pendulum__seed1105.npz,6a610bccc6293755917f18f239d53b5bfb80b4af9d1ab80c7b21164ff12bc1a9,configs/models/fm_cfm_ts_original_bb_gaussian_consistent_e400.json,ac874cdea39f9dd60f97f7e9a53c673e444dd87aeb9ed7fd77f8a2dc580ec832,"{""batch_size"": 256, ""grid_points"": 160, ""seed"": 1105}",160,400,1,500,1,new_times_same_trajectory,experiments/runs/fm_cfm_ts_original_v1/jobs/cfm_ts_original__appendix_d__bb_gaussian_consistent_e400__pendulum__seed1105,F:/aicoding/IIA_Data/experiments/cfm_ts_original_v1/cfm_ts_original__appendix_d__bb_gaussian_consistent_e400__pendulum__seed1105,pending,,,,,,
cfm_ts_original__appendix_d__bb_gaussian_consistent_e400__pendulum__seed1106,appendix_d,pendulum,1106,bb_gaussian_consistent,bb,400,256,appendix_d__pendulum__seed1106,data/public_datasets/flow_matching/cfm_ts_original_ode_v1/appendix_d__pendulum__seed1106.npz,8c80bbc4fbd7afcf0a412bdcbd41eedb2e6c51252bd5a788b91b8e9ba9a457bf,configs/models/fm_cfm_ts_original_bb_gaussian_consistent_e400.json,ac874cdea39f9dd60f97f7e9a53c673e444dd87aeb9ed7fd77f8a2dc580ec832,"{""batch_size"": 256, ""grid_points"": 160, ""seed"": 1106}",160,400,1,500,1,new_times_same_trajectory,experiments/runs/fm_cfm_ts_original_v1/jobs/cfm_ts_original__appendix_d__bb_gaussian_consistent_e400__pendulum__seed1106,F:/aicoding/IIA_Data/experiments/cfm_ts_original_v1/cfm_ts_original__appendix_d__bb_gaussian_consistent_e400__pendulum__seed1106,pending,,,,,,
cfm_ts_original__appendix_d__bb_gaussian_consistent_e400__pendulum__seed1107,appendix_d,pendulum,1107,bb_gaussian_consistent,bb,400,256,appendix_d__pendulum__seed1107,data/public_datasets/flow_matching/cfm_ts_original_ode_v1/appendix_d__pendulum__seed1107.npz,c9089a9f58e5591bf5647cf8f1d28fb106d8862cec67b8fb357e197054a0ff35,configs/models/fm_cfm_ts_original_bb_gaussian_consistent_e400.json,ac874cdea39f9dd60f97f7e9a53c673e444dd87aeb9ed7fd77f8a2dc580ec832,"{""batch_size"": 256, ""grid_points"": 160, ""seed"": 1107}",160,400,1,500,1,new_times_same_trajectory,experiments/runs/fm_cfm_ts_original_v1/jobs/cfm_ts_original__appendix_d__bb_gaussian_consistent_e400__pendulum__seed1107,F:/aicoding/IIA_Data/experiments/cfm_ts_original_v1/cfm_ts_original__appendix_d__bb_gaussian_consistent_e400__pendulum__seed1107,pending,,,,,,
cfm_ts_original__main_text__bb_gaussian_consistent_e400__pendulum__seed1103,main_text,pendulum,1103,bb_gaussian_consistent,bb,400,258,main_text__pendulum__seed1103,data/public_datasets/flow_matching/cfm_ts_original_ode_v1/main_text__pendulum__seed1103.npz,f1601c6fce8ecc025804f194a832ac220078e1cab5e59325aff048175e1ea730,configs/models/fm_cfm_ts_original_bb_gaussian_consistent_e400.json,ac874cdea39f9dd60f97f7e9a53c673e444dd87aeb9ed7fd77f8a2dc580ec832,"{""batch_size"": 258, ""grid_points"": 160, ""seed"": 1103}",160,400,1,500,1,new_times_same_trajectory,experiments/runs/fm_cfm_ts_original_v1/jobs/cfm_ts_original__main_text__bb_gaussian_consistent_e400__pendulum__seed1103,F:/aicoding/IIA_Data/experiments/cfm_ts_original_v1/cfm_ts_original__main_text__bb_gaussian_consistent_e400__pendulum__seed1103,pending,,,,,,
cfm_ts_original__main_text__bb_gaussian_consistent_e400__pendulum__seed1104,main_text,pendulum,1104,bb_gaussian_consistent,bb,400,258,main_text__pendulum__seed1104,data/public_datasets/flow_matching/cfm_ts_original_ode_v1/main_text__pendulum__seed1104.npz,480ec525185f5076ea1394afb46775247a52599b4a24a33526e83da95157cd0f,configs/models/fm_cfm_ts_original_bb_gaussian_consistent_e400.json,ac874cdea39f9dd60f97f7e9a53c673e444dd87aeb9ed7fd77f8a2dc580ec832,"{""batch_size"": 258, ""grid_points"": 160, ""seed"": 1104}",160,400,1,500,1,new_times_same_trajectory,experiments/runs/fm_cfm_ts_original_v1/jobs/cfm_ts_original__main_text__bb_gaussian_consistent_e400__pendulum__seed1104,F:/aicoding/IIA_Data/experiments/cfm_ts_original_v1/cfm_ts_original__main_text__bb_gaussian_consistent_e400__pendulum__seed1104,pending,,,,,,
cfm_ts_original__main_text__bb_gaussian_consistent_e400__pendulum__seed1105,main_text,pendulum,1105,bb_gaussian_consistent,bb,400,258,main_text__pendulum__seed1105,data/public_datasets/flow_matching/cfm_ts_original_ode_v1/main_text__pendulum__seed1105.npz,6a610bccc6293755917f18f239d53b5bfb80b4af9d1ab80c7b21164ff12bc1a9,configs/models/fm_cfm_ts_original_bb_gaussian_consistent_e400.json,ac874cdea39f9dd60f97f7e9a53c673e444dd87aeb9ed7fd77f8a2dc580ec832,"{""batch_size"": 258, ""grid_points"": 160, ""seed"": 1105}",160,400,1,500,1,new_times_same_trajectory,experiments/runs/fm_cfm_ts_original_v1/jobs/cfm_ts_original__main_text__bb_gaussian_consistent_e400__pendulum__seed1105,F:/aicoding/IIA_Data/experiments/cfm_ts_original_v1/cfm_ts_original__main_text__bb_gaussian_consistent_e400__pendulum__seed1105,pending,,,,,,
cfm_ts_original__main_text__bb_gaussian_consistent_e400__pendulum__seed1106,main_text,pendulum,1106,bb_gaussian_consistent,bb,400,258,main_text__pendulum__seed1106,data/public_datasets/flow_matching/cfm_ts_original_ode_v1/main_text__pendulum__seed1106.npz,8c80bbc4fbd7afcf0a412bdcbd41eedb2e6c51252bd5a788b91b8e9ba9a457bf,configs/models/fm_cfm_ts_original_bb_gaussian_consistent_e400.json,ac874cdea39f9dd60f97f7e9a53c673e444dd87aeb9ed7fd77f8a2dc580ec832,"{""batch_size"": 258, ""grid_points"": 160, ""seed"": 1106}",160,400,1,500,1,new_times_same_trajectory,experiments/runs/fm_cfm_ts_original_v1/jobs/cfm_ts_original__main_text__bb_gaussian_consistent_e400__pendulum__seed1106,F:/aicoding/IIA_Data/experiments/cfm_ts_original_v1/cfm_ts_original__main_text__bb_gaussian_consistent_e400__pendulum__seed1106,pending,,,,,,
cfm_ts_original__main_text__bb_gaussian_consistent_e400__pendulum__seed1107,main_text,pendulum,1107,bb_gaussian_consistent,bb,400,258,main_text__pendulum__seed1107,data/public_datasets/flow_matching/cfm_ts_original_ode_v1/main_text__pendulum__seed1107.npz,c9089a9f58e5591bf5647cf8f1d28fb106d8862cec67b8fb357e197054a0ff35,configs/models/fm_cfm_ts_original_bb_gaussian_consistent_e400.json,ac874cdea39f9dd60f97f7e9a53c673e444dd87aeb9ed7fd77f8a2dc580ec832,"{""batch_size"": 258, ""grid_points"": 160, ""seed"": 1107}",160,400,1,500,1,new_times_same_trajectory,experiments/runs/fm_cfm_ts_original_v1/jobs/cfm_ts_original__main_text__bb_gaussian_consistent_e400__pendulum__seed1107,F:/aicoding/IIA_Data/experiments/cfm_ts_original_v1/cfm_ts_original__main_text__bb_gaussian_consistent_e400__pendulum__seed1107,pending,,,,,,
cfm_ts_original__appendix_d__bb_gaussian_consistent_e600__pendulum__seed1103,appendix_d,pendulum,1103,bb_gaussian_consistent,bb,600,256,appendix_d__pendulum__seed1103,data/public_datasets/flow_matching/cfm_ts_original_ode_v1/appendix_d__pendulum__seed1103.npz,f1601c6fce8ecc025804f194a832ac220078e1cab5e59325aff048175e1ea730,configs/models/fm_cfm_ts_original_bb_gaussian_consistent_e600.json,900642655f2c0b944459b3ef0299e1f502d95be8dad8bb4715f7d7ba16700fe9,"{""batch_size"": 256, ""grid_points"": 160, ""seed"": 1103}",160,600,1,500,1,new_times_same_trajectory,experiments/runs/fm_cfm_ts_original_v1/jobs/cfm_ts_original__appendix_d__bb_gaussian_consistent_e600__pendulum__seed1103,F:/aicoding/IIA_Data/experiments/cfm_ts_original_v1/cfm_ts_original__appendix_d__bb_gaussian_consistent_e600__pendulum__seed1103,pending,,,,,,
cfm_ts_original__appendix_d__bb_gaussian_consistent_e600__pendulum__seed1104,appendix_d,pendulum,1104,bb_gaussian_consistent,bb,600,256,appendix_d__pendulum__seed1104,data/public_datasets/flow_matching/cfm_ts_original_ode_v1/appendix_d__pendulum__seed1104.npz,480ec525185f5076ea1394afb46775247a52599b4a24a33526e83da95157cd0f,configs/models/fm_cfm_ts_original_bb_gaussian_consistent_e600.json,900642655f2c0b944459b3ef0299e1f502d95be8dad8bb4715f7d7ba16700fe9,"{""batch_size"": 256, ""grid_points"": 160, ""seed"": 1104}",160,600,1,500,1,new_times_same_trajectory,experiments/runs/fm_cfm_ts_original_v1/jobs/cfm_ts_original__appendix_d__bb_gaussian_consistent_e600__pendulum__seed1104,F:/aicoding/IIA_Data/experiments/cfm_ts_original_v1/cfm_ts_original__appendix_d__bb_gaussian_consistent_e600__pendulum__seed1104,pending,,,,,,
cfm_ts_original__appendix_d__bb_gaussian_consistent_e600__pendulum__seed1105,appendix_d,pendulum,1105,bb_gaussian_consistent,bb,600,256,appendix_d__pendulum__seed1105,data/public_datasets/flow_matching/cfm_ts_original_ode_v1/appendix_d__pendulum__seed1105.npz,6a610bccc6293755917f18f239d53b5bfb80b4af9d1ab80c7b21164ff12bc1a9,configs/models/fm_cfm_ts_original_bb_gaussian_consistent_e600.json,900642655f2c0b944459b3ef0299e1f502d95be8dad8bb4715f7d7ba16700fe9,"{""batch_size"": 256, ""grid_points"": 160, ""seed"": 1105}",160,600,1,500,1,new_times_same_trajectory,experiments/runs/fm_cfm_ts_original_v1/jobs/cfm_ts_original__appendix_d__bb_gaussian_consistent_e600__pendulum__seed1105,F:/aicoding/IIA_Data/experiments/cfm_ts_original_v1/cfm_ts_original__appendix_d__bb_gaussian_consistent_e600__pendulum__seed1105,pending,,,,,,
cfm_ts_original__appendix_d__bb_gaussian_consistent_e600__pendulum__seed1106,appendix_d,pendulum,1106,bb_gaussian_consistent,bb,600,256,appendix_d__pendulum__seed1106,data/public_datasets/flow_matching/cfm_ts_original_ode_v1/appendix_d__pendulum__seed1106.npz,8c80bbc4fbd7afcf0a412bdcbd41eedb2e6c51252bd5a788b91b8e9ba9a457bf,configs/models/fm_cfm_ts_original_bb_gaussian_consistent_e600.json,900642655f2c0b944459b3ef0299e1f502d95be8dad8bb4715f7d7ba16700fe9,"{""batch_size"": 256, ""grid_points"": 160, ""seed"": 1106}",160,600,1,500,1,new_times_same_trajectory,experiments/runs/fm_cfm_ts_original_v1/jobs/cfm_ts_original__appendix_d__bb_gaussian_consistent_e600__pendulum__seed1106,F:/aicoding/IIA_Data/experiments/cfm_ts_original_v1/cfm_ts_original__appendix_d__bb_gaussian_consistent_e600__pendulum__seed1106,pending,,,,,,
cfm_ts_original__appendix_d__bb_gaussian_consistent_e600__pendulum__seed1107,appendix_d,pendulum,1107,bb_gaussian_consistent,bb,600,256,appendix_d__pendulum__seed1107,data/public_datasets/flow_matching/cfm_ts_original_ode_v1/appendix_d__pendulum__seed1107.npz,c9089a9f58e5591bf5647cf8f1d28fb106d8862cec67b8fb357e197054a0ff35,configs/models/fm_cfm_ts_original_bb_gaussian_consistent_e600.json,900642655f2c0b944459b3ef0299e1f502d95be8dad8bb4715f7d7ba16700fe9,"{""batch_size"": 256, ""grid_points"": 160, ""seed"": 1107}",160,600,1,500,1,new_times_same_trajectory,experiments/runs/fm_cfm_ts_original_v1/jobs/cfm_ts_original__appendix_d__bb_gaussian_consistent_e600__pendulum__seed1107,F:/aicoding/IIA_Data/experiments/cfm_ts_original_v1/cfm_ts_original__appendix_d__bb_gaussian_consistent_e600__pendulum__seed1107,pending,,,,,,
cfm_ts_original__main_text__bb_gaussian_consistent_e600__pendulum__seed1103,main_text,pendulum,1103,bb_gaussian_consistent,bb,600,258,main_text__pendulum__seed1103,data/public_datasets/flow_matching/cfm_ts_original_ode_v1/main_text__pendulum__seed1103.npz,f1601c6fce8ecc025804f194a832ac220078e1cab5e59325aff048175e1ea730,configs/models/fm_cfm_ts_original_bb_gaussian_consistent_e600.json,900642655f2c0b944459b3ef0299e1f502d95be8dad8bb4715f7d7ba16700fe9,"{""batch_size"": 258, ""grid_points"": 160, ""seed"": 1103}",160,600,1,500,1,new_times_same_trajectory,experiments/runs/fm_cfm_ts_original_v1/jobs/cfm_ts_original__main_text__bb_gaussian_consistent_e600__pendulum__seed1103,F:/aicoding/IIA_Data/experiments/cfm_ts_original_v1/cfm_ts_original__main_text__bb_gaussian_consistent_e600__pendulum__seed1103,pending,,,,,,
cfm_ts_original__main_text__bb_gaussian_consistent_e600__pendulum__seed1104,main_text,pendulum,1104,bb_gaussian_consistent,bb,600,258,main_text__pendulum__seed1104,data/public_datasets/flow_matching/cfm_ts_original_ode_v1/main_text__pendulum__seed1104.npz,480ec525185f5076ea1394afb46775247a52599b4a24a33526e83da95157cd0f,configs/models/fm_cfm_ts_original_bb_gaussian_consistent_e600.json,900642655f2c0b944459b3ef0299e1f502d95be8dad8bb4715f7d7ba16700fe9,"{""batch_size"": 258, ""grid_points"": 160, ""seed"": 1104}",160,600,1,500,1,new_times_same_trajectory,experiments/runs/fm_cfm_ts_original_v1/jobs/cfm_ts_original__main_text__bb_gaussian_consistent_e600__pendulum__seed1104,F:/aicoding/IIA_Data/experiments/cfm_ts_original_v1/cfm_ts_original__main_text__bb_gaussian_consistent_e600__pendulum__seed1104,pending,,,,,,
cfm_ts_original__main_text__bb_gaussian_consistent_e600__pendulum__seed1105,main_text,pendulum,1105,bb_gaussian_consistent,bb,600,258,main_text__pendulum__seed1105,data/public_datasets/flow_matching/cfm_ts_original_ode_v1/main_text__pendulum__seed1105.npz,6a610bccc6293755917f18f239d53b5bfb80b4af9d1ab80c7b21164ff12bc1a9,configs/models/fm_cfm_ts_original_bb_gaussian_consistent_e600.json,900642655f2c0b944459b3ef0299e1f502d95be8dad8bb4715f7d7ba16700fe9,"{""batch_size"": 258, ""grid_points"": 160, ""seed"": 1105}",160,600,1,500,1,new_times_same_trajectory,experiments/runs/fm_cfm_ts_original_v1/jobs/cfm_ts_original__main_text__bb_gaussian_consistent_e600__pendulum__seed1105,F:/aicoding/IIA_Data/experiments/cfm_ts_original_v1/cfm_ts_original__main_text__bb_gaussian_consistent_e600__pendulum__seed1105,pending,,,,,,
cfm_ts_original__main_text__bb_gaussian_consistent_e600__pendulum__seed1106,main_text,pendulum,1106,bb_gaussian_consistent,bb,600,258,main_text__pendulum__seed1106,data/public_datasets/flow_matching/cfm_ts_original_ode_v1/main_text__pendulum__seed1106.npz,8c80bbc4fbd7afcf0a412bdcbd41eedb2e6c51252bd5a788b91b8e9ba9a457bf,configs/models/fm_cfm_ts_original_bb_gaussian_consistent_e600.json,900642655f2c0b944459b3ef0299e1f502d95be8dad8bb4715f7d7ba16700fe9,"{""batch_size"": 258, ""grid_points"": 160, ""seed"": 1106}",160,600,1,500,1,new_times_same_trajectory,experiments/runs/fm_cfm_ts_original_v1/jobs/cfm_ts_original__main_text__bb_gaussian_consistent_e600__pendulum__seed1106,F:/aicoding/IIA_Data/experiments/cfm_ts_original_v1/cfm_ts_original__main_text__bb_gaussian_consistent_e600__pendulum__seed1106,pending,,,,,,
cfm_ts_original__main_text__bb_gaussian_consistent_e600__pendulum__seed1107,main_text,pendulum,1107,bb_gaussian_consistent,bb,600,258,main_text__pendulum__seed1107,data/public_datasets/flow_matching/cfm_ts_original_ode_v1/main_text__pendulum__seed1107.npz,c9089a9f58e5591bf5647cf8f1d28fb106d8862cec67b8fb357e197054a0ff35,configs/models/fm_cfm_ts_original_bb_gaussian_consistent_e600.json,900642655f2c0b944459b3ef0299e1f502d95be8dad8bb4715f7d7ba16700fe9,"{""batch_size"": 258, ""grid_points"": 160, ""seed"": 1107}",160,600,1,500,1,new_times_same_trajectory,experiments/runs/fm_cfm_ts_original_v1/jobs/cfm_ts_original__main_text__bb_gaussian_consistent_e600__pendulum__seed1107,F:/aicoding/IIA_Data/experiments/cfm_ts_original_v1/cfm_ts_original__main_text__bb_gaussian_consistent_e600__pendulum__seed1107,pending,,,,,,
cfm_ts_original__appendix_d__gp_paper_literal_e400__pendulum__seed1103,appendix_d,pendulum,1103,gp_paper_literal,gp,400,256,appendix_d__pendulum__seed1103,data/public_datasets/flow_matching/cfm_ts_original_ode_v1/appendix_d__pendulum__seed1103.npz,f1601c6fce8ecc025804f194a832ac220078e1cab5e59325aff048175e1ea730,configs/models/fm_cfm_ts_original_gp_paper_literal_e400.json,029044c30e0bc8162fdf1ccc1113d96225ae144607c236b0c312d4e582cd9389,"{""batch_size"": 256, ""grid_points"": 160, ""seed"": 1103}",1600,2800,1,500,1,new_times_same_trajectory,experiments/runs/fm_cfm_ts_original_v1/jobs/cfm_ts_original__appendix_d__gp_paper_literal_e400__pendulum__seed1103,F:/aicoding/IIA_Data/experiments/cfm_ts_original_v1/cfm_ts_original__appendix_d__gp_paper_literal_e400__pendulum__seed1103,pending,,,,,,
cfm_ts_original__appendix_d__gp_paper_literal_e400__pendulum__seed1104,appendix_d,pendulum,1104,gp_paper_literal,gp,400,256,appendix_d__pendulum__seed1104,data/public_datasets/flow_matching/cfm_ts_original_ode_v1/appendix_d__pendulum__seed1104.npz,480ec525185f5076ea1394afb46775247a52599b4a24a33526e83da95157cd0f,configs/models/fm_cfm_ts_original_gp_paper_literal_e400.json,029044c30e0bc8162fdf1ccc1113d96225ae144607c236b0c312d4e582cd9389,"{""batch_size"": 256, ""grid_points"": 160, ""seed"": 1104}",1600,2800,1,500,1,new_times_same_trajectory,experiments/runs/fm_cfm_ts_original_v1/jobs/cfm_ts_original__appendix_d__gp_paper_literal_e400__pendulum__seed1104,F:/aicoding/IIA_Data/experiments/cfm_ts_original_v1/cfm_ts_original__appendix_d__gp_paper_literal_e400__pendulum__seed1104,pending,,,,,,
cfm_ts_original__appendix_d__gp_paper_literal_e400__pendulum__seed1105,appendix_d,pendulum,1105,gp_paper_literal,gp,400,256,appendix_d__pendulum__seed1105,data/public_datasets/flow_matching/cfm_ts_original_ode_v1/appendix_d__pendulum__seed1105.npz,6a610bccc6293755917f18f239d53b5bfb80b4af9d1ab80c7b21164ff12bc1a9,configs/models/fm_cfm_ts_original_gp_paper_literal_e400.json,029044c30e0bc8162fdf1ccc1113d96225ae144607c236b0c312d4e582cd9389,"{""batch_size"": 256, ""grid_points"": 160, ""seed"": 1105}",1600,2800,1,500,1,new_times_same_trajectory,experiments/runs/fm_cfm_ts_original_v1/jobs/cfm_ts_original__appendix_d__gp_paper_literal_e400__pendulum__seed1105,F:/aicoding/IIA_Data/experiments/cfm_ts_original_v1/cfm_ts_original__appendix_d__gp_paper_literal_e400__pendulum__seed1105,pending,,,,,,
cfm_ts_original__appendix_d__gp_paper_literal_e400__pendulum__seed1106,appendix_d,pendulum,1106,gp_paper_literal,gp,400,256,appendix_d__pendulum__seed1106,data/public_datasets/flow_matching/cfm_ts_original_ode_v1/appendix_d__pendulum__seed1106.npz,8c80bbc4fbd7afcf0a412bdcbd41eedb2e6c51252bd5a788b91b8e9ba9a457bf,configs/models/fm_cfm_ts_original_gp_paper_literal_e400.json,029044c30e0bc8162fdf1ccc1113d96225ae144607c236b0c312d4e582cd9389,"{""batch_size"": 256, ""grid_points"": 160, ""seed"": 1106}",1600,2800,1,500,1,new_times_same_trajectory,experiments/runs/fm_cfm_ts_original_v1/jobs/cfm_ts_original__appendix_d__gp_paper_literal_e400__pendulum__seed1106,F:/aicoding/IIA_Data/experiments/cfm_ts_original_v1/cfm_ts_original__appendix_d__gp_paper_literal_e400__pendulum__seed1106,pending,,,,,,
cfm_ts_original__appendix_d__gp_paper_literal_e400__pendulum__seed1107,appendix_d,pendulum,1107,gp_paper_literal,gp,400,256,appendix_d__pendulum__seed1107,data/public_datasets/flow_matching/cfm_ts_original_ode_v1/appendix_d__pendulum__seed1107.npz,c9089a9f58e5591bf5647cf8f1d28fb106d8862cec67b8fb357e197054a0ff35,configs/models/fm_cfm_ts_original_gp_paper_literal_e400.json,029044c30e0bc8162fdf1ccc1113d96225ae144607c236b0c312d4e582cd9389,"{""batch_size"": 256, ""grid_points"": 160, ""seed"": 1107}",1600,2800,1,500,1,new_times_same_trajectory,experiments/runs/fm_cfm_ts_original_v1/jobs/cfm_ts_original__appendix_d__gp_paper_literal_e400__pendulum__seed1107,F:/aicoding/IIA_Data/experiments/cfm_ts_original_v1/cfm_ts_original__appendix_d__gp_paper_literal_e400__pendulum__seed1107,pending,,,,,,
cfm_ts_original__main_text__gp_paper_literal_e400__pendulum__seed1103,main_text,pendulum,1103,gp_paper_literal,gp,400,258,main_text__pendulum__seed1103,data/public_datasets/flow_matching/cfm_ts_original_ode_v1/main_text__pendulum__seed1103.npz,f1601c6fce8ecc025804f194a832ac220078e1cab5e59325aff048175e1ea730,configs/models/fm_cfm_ts_original_gp_paper_literal_e400.json,029044c30e0bc8162fdf1ccc1113d96225ae144607c236b0c312d4e582cd9389,"{""batch_size"": 258, ""grid_points"": 160, ""seed"": 1103}",1600,2800,1,500,1,new_times_same_trajectory,experiments/runs/fm_cfm_ts_original_v1/jobs/cfm_ts_original__main_text__gp_paper_literal_e400__pendulum__seed1103,F:/aicoding/IIA_Data/experiments/cfm_ts_original_v1/cfm_ts_original__main_text__gp_paper_literal_e400__pendulum__seed1103,pending,,,,,,
cfm_ts_original__main_text__gp_paper_literal_e400__pendulum__seed1104,main_text,pendulum,1104,gp_paper_literal,gp,400,258,main_text__pendulum__seed1104,data/public_datasets/flow_matching/cfm_ts_original_ode_v1/main_text__pendulum__seed1104.npz,480ec525185f5076ea1394afb46775247a52599b4a24a33526e83da95157cd0f,configs/models/fm_cfm_ts_original_gp_paper_literal_e400.json,029044c30e0bc8162fdf1ccc1113d96225ae144607c236b0c312d4e582cd9389,"{""batch_size"": 258, ""grid_points"": 160, ""seed"": 1104}",1600,2800,1,500,1,new_times_same_trajectory,experiments/runs/fm_cfm_ts_original_v1/jobs/cfm_ts_original__main_text__gp_paper_literal_e400__pendulum__seed1104,F:/aicoding/IIA_Data/experiments/cfm_ts_original_v1/cfm_ts_original__main_text__gp_paper_literal_e400__pendulum__seed1104,pending,,,,,,
cfm_ts_original__main_text__gp_paper_literal_e400__pendulum__seed1105,main_text,pendulum,1105,gp_paper_literal,gp,400,258,main_text__pendulum__seed1105,data/public_datasets/flow_matching/cfm_ts_original_ode_v1/main_text__pendulum__seed1105.npz,6a610bccc6293755917f18f239d53b5bfb80b4af9d1ab80c7b21164ff12bc1a9,configs/models/fm_cfm_ts_original_gp_paper_literal_e400.json,029044c30e0bc8162fdf1ccc1113d96225ae144607c236b0c312d4e582cd9389,"{""batch_size"": 258, ""grid_points"": 160, ""seed"": 1105}",1600,2800,1,500,1,new_times_same_trajectory,experiments/runs/fm_cfm_ts_original_v1/jobs/cfm_ts_original__main_text__gp_paper_literal_e400__pendulum__seed1105,F:/aicoding/IIA_Data/experiments/cfm_ts_original_v1/cfm_ts_original__main_text__gp_paper_literal_e400__pendulum__seed1105,pending,,,,,,
cfm_ts_original__main_text__gp_paper_literal_e400__pendulum__seed1106,main_text,pendulum,1106,gp_paper_literal,gp,400,258,main_text__pendulum__seed1106,data/public_datasets/flow_matching/cfm_ts_original_ode_v1/main_text__pendulum__seed1106.npz,8c80bbc4fbd7afcf0a412bdcbd41eedb2e6c51252bd5a788b91b8e9ba9a457bf,configs/models/fm_cfm_ts_original_gp_paper_literal_e400.json,029044c30e0bc8162fdf1ccc1113d96225ae144607c236b0c312d4e582cd9389,"{""batch_size"": 258, ""grid_points"": 160, ""seed"": 1106}",1600,2800,1,500,1,new_times_same_trajectory,experiments/runs/fm_cfm_ts_original_v1/jobs/cfm_ts_original__main_text__gp_paper_literal_e400__pendulum__seed1106,F:/aicoding/IIA_Data/experiments/cfm_ts_original_v1/cfm_ts_original__main_text__gp_paper_literal_e400__pendulum__seed1106,pending,,,,,,
cfm_ts_original__main_text__gp_paper_literal_e400__pendulum__seed1107,main_text,pendulum,1107,gp_paper_literal,gp,400,258,main_text__pendulum__seed1107,data/public_datasets/flow_matching/cfm_ts_original_ode_v1/main_text__pendulum__seed1107.npz,c9089a9f58e5591bf5647cf8f1d28fb106d8862cec67b8fb357e197054a0ff35,configs/models/fm_cfm_ts_original_gp_paper_literal_e400.json,029044c30e0bc8162fdf1ccc1113d96225ae144607c236b0c312d4e582cd9389,"{""batch_size"": 258, ""grid_points"": 160, ""seed"": 1107}",1600,2800,1,500,1,new_times_same_trajectory,experiments/runs/fm_cfm_ts_original_v1/jobs/cfm_ts_original__main_text__gp_paper_literal_e400__pendulum__seed1107,F:/aicoding/IIA_Data/experiments/cfm_ts_original_v1/cfm_ts_original__main_text__gp_paper_literal_e400__pendulum__seed1107,pending,,,,,,
cfm_ts_original__appendix_d__gp_paper_literal_e600__pendulum__seed1103,appendix_d,pendulum,1103,gp_paper_literal,gp,600,256,appendix_d__pendulum__seed1103,data/public_datasets/flow_matching/cfm_ts_original_ode_v1/appendix_d__pendulum__seed1103.npz,f1601c6fce8ecc025804f194a832ac220078e1cab5e59325aff048175e1ea730,configs/models/fm_cfm_ts_original_gp_paper_literal_e600.json,46f32ee108655e44d2058eb84176d6580cdab09aebe519b014ec455d25dcc668,"{""batch_size"": 256, ""grid_points"": 160, ""seed"": 1103}",1600,4200,1,500,1,new_times_same_trajectory,experiments/runs/fm_cfm_ts_original_v1/jobs/cfm_ts_original__appendix_d__gp_paper_literal_e600__pendulum__seed1103,F:/aicoding/IIA_Data/experiments/cfm_ts_original_v1/cfm_ts_original__appendix_d__gp_paper_literal_e600__pendulum__seed1103,pending,,,,,,
cfm_ts_original__appendix_d__gp_paper_literal_e600__pendulum__seed1104,appendix_d,pendulum,1104,gp_paper_literal,gp,600,256,appendix_d__pendulum__seed1104,data/public_datasets/flow_matching/cfm_ts_original_ode_v1/appendix_d__pendulum__seed1104.npz,480ec525185f5076ea1394afb46775247a52599b4a24a33526e83da95157cd0f,configs/models/fm_cfm_ts_original_gp_paper_literal_e600.json,46f32ee108655e44d2058eb84176d6580cdab09aebe519b014ec455d25dcc668,"{""batch_size"": 256, ""grid_points"": 160, ""seed"": 1104}",1600,4200,1,500,1,new_times_same_trajectory,experiments/runs/fm_cfm_ts_original_v1/jobs/cfm_ts_original__appendix_d__gp_paper_literal_e600__pendulum__seed1104,F:/aicoding/IIA_Data/experiments/cfm_ts_original_v1/cfm_ts_original__appendix_d__gp_paper_literal_e600__pendulum__seed1104,pending,,,,,,
cfm_ts_original__appendix_d__gp_paper_literal_e600__pendulum__seed1105,appendix_d,pendulum,1105,gp_paper_literal,gp,600,256,appendix_d__pendulum__seed1105,data/public_datasets/flow_matching/cfm_ts_original_ode_v1/appendix_d__pendulum__seed1105.npz,6a610bccc6293755917f18f239d53b5bfb80b4af9d1ab80c7b21164ff12bc1a9,configs/models/fm_cfm_ts_original_gp_paper_literal_e600.json,46f32ee108655e44d2058eb84176d6580cdab09aebe519b014ec455d25dcc668,"{""batch_size"": 256, ""grid_points"": 160, ""seed"": 1105}",1600,4200,1,500,1,new_times_same_trajectory,experiments/runs/fm_cfm_ts_original_v1/jobs/cfm_ts_original__appendix_d__gp_paper_literal_e600__pendulum__seed1105,F:/aicoding/IIA_Data/experiments/cfm_ts_original_v1/cfm_ts_original__appendix_d__gp_paper_literal_e600__pendulum__seed1105,pending,,,,,,
cfm_ts_original__appendix_d__gp_paper_literal_e600__pendulum__seed1106,appendix_d,pendulum,1106,gp_paper_literal,gp,600,256,appendix_d__pendulum__seed1106,data/public_datasets/flow_matching/cfm_ts_original_ode_v1/appendix_d__pendulum__seed1106.npz,8c80bbc4fbd7afcf0a412bdcbd41eedb2e6c51252bd5a788b91b8e9ba9a457bf,configs/models/fm_cfm_ts_original_gp_paper_literal_e600.json,46f32ee108655e44d2058eb84176d6580cdab09aebe519b014ec455d25dcc668,"{""batch_size"": 256, ""grid_points"": 160, ""seed"": 1106}",1600,4200,1,500,1,new_times_same_trajectory,experiments/runs/fm_cfm_ts_original_v1/jobs/cfm_ts_original__appendix_d__gp_paper_literal_e600__pendulum__seed1106,F:/aicoding/IIA_Data/experiments/cfm_ts_original_v1/cfm_ts_original__appendix_d__gp_paper_literal_e600__pendulum__seed1106,pending,,,,,,
cfm_ts_original__appendix_d__gp_paper_literal_e600__pendulum__seed1107,appendix_d,pendulum,1107,gp_paper_literal,gp,600,256,appendix_d__pendulum__seed1107,data/public_datasets/flow_matching/cfm_ts_original_ode_v1/appendix_d__pendulum__seed1107.npz,c9089a9f58e5591bf5647cf8f1d28fb106d8862cec67b8fb357e197054a0ff35,configs/models/fm_cfm_ts_original_gp_paper_literal_e600.json,46f32ee108655e44d2058eb84176d6580cdab09aebe519b014ec455d25dcc668,"{""batch_size"": 256, ""grid_points"": 160, ""seed"": 1107}",1600,4200,1,500,1,new_times_same_trajectory,experiments/runs/fm_cfm_ts_original_v1/jobs/cfm_ts_original__appendix_d__gp_paper_literal_e600__pendulum__seed1107,F:/aicoding/IIA_Data/experiments/cfm_ts_original_v1/cfm_ts_original__appendix_d__gp_paper_literal_e600__pendulum__seed1107,pending,,,,,,
cfm_ts_original__main_text__gp_paper_literal_e600__pendulum__seed1103,main_text,pendulum,1103,gp_paper_literal,gp,600,258,main_text__pendulum__seed1103,data/public_datasets/flow_matching/cfm_ts_original_ode_v1/main_text__pendulum__seed1103.npz,f1601c6fce8ecc025804f194a832ac220078e1cab5e59325aff048175e1ea730,configs/models/fm_cfm_ts_original_gp_paper_literal_e600.json,46f32ee108655e44d2058eb84176d6580cdab09aebe519b014ec455d25dcc668,"{""batch_size"": 258, ""grid_points"": 160, ""seed"": 1103}",1600,4200,1,500,1,new_times_same_trajectory,experiments/runs/fm_cfm_ts_original_v1/jobs/cfm_ts_original__main_text__gp_paper_literal_e600__pendulum__seed1103,F:/aicoding/IIA_Data/experiments/cfm_ts_original_v1/cfm_ts_original__main_text__gp_paper_literal_e600__pendulum__seed1103,pending,,,,,,
cfm_ts_original__main_text__gp_paper_literal_e600__pendulum__seed1104,main_text,pendulum,1104,gp_paper_literal,gp,600,258,main_text__pendulum__seed1104,data/public_datasets/flow_matching/cfm_ts_original_ode_v1/main_text__pendulum__seed1104.npz,480ec525185f5076ea1394afb46775247a52599b4a24a33526e83da95157cd0f,configs/models/fm_cfm_ts_original_gp_paper_literal_e600.json,46f32ee108655e44d2058eb84176d6580cdab09aebe519b014ec455d25dcc668,"{""batch_size"": 258, ""grid_points"": 160, ""seed"": 1104}",1600,4200,1,500,1,new_times_same_trajectory,experiments/runs/fm_cfm_ts_original_v1/jobs/cfm_ts_original__main_text__gp_paper_literal_e600__pendulum__seed1104,F:/aicoding/IIA_Data/experiments/cfm_ts_original_v1/cfm_ts_original__main_text__gp_paper_literal_e600__pendulum__seed1104,pending,,,,,,
cfm_ts_original__main_text__gp_paper_literal_e600__pendulum__seed1105,main_text,pendulum,1105,gp_paper_literal,gp,600,258,main_text__pendulum__seed1105,data/public_datasets/flow_matching/cfm_ts_original_ode_v1/main_text__pendulum__seed1105.npz,6a610bccc6293755917f18f239d53b5bfb80b4af9d1ab80c7b21164ff12bc1a9,configs/models/fm_cfm_ts_original_gp_paper_literal_e600.json,46f32ee108655e44d2058eb84176d6580cdab09aebe519b014ec455d25dcc668,"{""batch_size"": 258, ""grid_points"": 160, ""seed"": 1105}",1600,4200,1,500,1,new_times_same_trajectory,experiments/runs/fm_cfm_ts_original_v1/jobs/cfm_ts_original__main_text__gp_paper_literal_e600__pendulum__seed1105,F:/aicoding/IIA_Data/experiments/cfm_ts_original_v1/cfm_ts_original__main_text__gp_paper_literal_e600__pendulum__seed1105,pending,,,,,,
cfm_ts_original__main_text__gp_paper_literal_e600__pendulum__seed1106,main_text,pendulum,1106,gp_paper_literal,gp,600,258,main_text__pendulum__seed1106,data/public_datasets/flow_matching/cfm_ts_original_ode_v1/main_text__pendulum__seed1106.npz,8c80bbc4fbd7afcf0a412bdcbd41eedb2e6c51252bd5a788b91b8e9ba9a457bf,configs/models/fm_cfm_ts_original_gp_paper_literal_e600.json,46f32ee108655e44d2058eb84176d6580cdab09aebe519b014ec455d25dcc668,"{""batch_size"": 258, ""grid_points"": 160, ""seed"": 1106}",1600,4200,1,500,1,new_times_same_trajectory,experiments/runs/fm_cfm_ts_original_v1/jobs/cfm_ts_original__main_text__gp_paper_literal_e600__pendulum__seed1106,F:/aicoding/IIA_Data/experiments/cfm_ts_original_v1/cfm_ts_original__main_text__gp_paper_literal_e600__pendulum__seed1106,pending,,,,,,
cfm_ts_original__main_text__gp_paper_literal_e600__pendulum__seed1107,main_text,pendulum,1107,gp_paper_literal,gp,600,258,main_text__pendulum__seed1107,data/public_datasets/flow_matching/cfm_ts_original_ode_v1/main_text__pendulum__seed1107.npz,c9089a9f58e5591bf5647cf8f1d28fb106d8862cec67b8fb357e197054a0ff35,configs/models/fm_cfm_ts_original_gp_paper_literal_e600.json,46f32ee108655e44d2058eb84176d6580cdab09aebe519b014ec455d25dcc668,"{""batch_size"": 258, ""grid_points"": 160, ""seed"": 1107}",1600,4200,1,500,1,new_times_same_trajectory,experiments/runs/fm_cfm_ts_original_v1/jobs/cfm_ts_original__main_text__gp_paper_literal_e600__pendulum__seed1107,F:/aicoding/IIA_Data/experiments/cfm_ts_original_v1/cfm_ts_original__main_text__gp_paper_literal_e600__pendulum__seed1107,pending,,,,,,
cfm_ts_original__appendix_d__gp_gaussian_conditional_e400__pendulum__seed1103,appendix_d,pendulum,1103,gp_gaussian_conditional,gp,400,256,appendix_d__pendulum__seed1103,data/public_datasets/flow_matching/cfm_ts_original_ode_v1/appendix_d__pendulum__seed1103.npz,f1601c6fce8ecc025804f194a832ac220078e1cab5e59325aff048175e1ea730,configs/models/fm_cfm_ts_original_gp_gaussian_conditional_e400.json,1fcf7b0cb24025e1bafd8927888dd8c7ccb4d19380d6ebd1713c5b56fe2cdfc4,"{""batch_size"": 256, ""grid_points"": 160, ""seed"": 1103}",1600,2800,1,500,1,new_times_same_trajectory,experiments/runs/fm_cfm_ts_original_v1/jobs/cfm_ts_original__appendix_d__gp_gaussian_conditional_e400__pendulum__seed1103,F:/aicoding/IIA_Data/experiments/cfm_ts_original_v1/cfm_ts_original__appendix_d__gp_gaussian_conditional_e400__pendulum__seed1103,pending,,,,,,
cfm_ts_original__appendix_d__gp_gaussian_conditional_e400__pendulum__seed1104,appendix_d,pendulum,1104,gp_gaussian_conditional,gp,400,256,appendix_d__pendulum__seed1104,data/public_datasets/flow_matching/cfm_ts_original_ode_v1/appendix_d__pendulum__seed1104.npz,480ec525185f5076ea1394afb46775247a52599b4a24a33526e83da95157cd0f,configs/models/fm_cfm_ts_original_gp_gaussian_conditional_e400.json,1fcf7b0cb24025e1bafd8927888dd8c7ccb4d19380d6ebd1713c5b56fe2cdfc4,"{""batch_size"": 256, ""grid_points"": 160, ""seed"": 1104}",1600,2800,1,500,1,new_times_same_trajectory,experiments/runs/fm_cfm_ts_original_v1/jobs/cfm_ts_original__appendix_d__gp_gaussian_conditional_e400__pendulum__seed1104,F:/aicoding/IIA_Data/experiments/cfm_ts_original_v1/cfm_ts_original__appendix_d__gp_gaussian_conditional_e400__pendulum__seed1104,pending,,,,,,
cfm_ts_original__appendix_d__gp_gaussian_conditional_e400__pendulum__seed1105,appendix_d,pendulum,1105,gp_gaussian_conditional,gp,400,256,appendix_d__pendulum__seed1105,data/public_datasets/flow_matching/cfm_ts_original_ode_v1/appendix_d__pendulum__seed1105.npz,6a610bccc6293755917f18f239d53b5bfb80b4af9d1ab80c7b21164ff12bc1a9,configs/models/fm_cfm_ts_original_gp_gaussian_conditional_e400.json,1fcf7b0cb24025e1bafd8927888dd8c7ccb4d19380d6ebd1713c5b56fe2cdfc4,"{""batch_size"": 256, ""grid_points"": 160, ""seed"": 1105}",1600,2800,1,500,1,new_times_same_trajectory,experiments/runs/fm_cfm_ts_original_v1/jobs/cfm_ts_original__appendix_d__gp_gaussian_conditional_e400__pendulum__seed1105,F:/aicoding/IIA_Data/experiments/cfm_ts_original_v1/cfm_ts_original__appendix_d__gp_gaussian_conditional_e400__pendulum__seed1105,pending,,,,,,
cfm_ts_original__appendix_d__gp_gaussian_conditional_e400__pendulum__seed1106,appendix_d,pendulum,1106,gp_gaussian_conditional,gp,400,256,appendix_d__pendulum__seed1106,data/public_datasets/flow_matching/cfm_ts_original_ode_v1/appendix_d__pendulum__seed1106.npz,8c80bbc4fbd7afcf0a412bdcbd41eedb2e6c51252bd5a788b91b8e9ba9a457bf,configs/models/fm_cfm_ts_original_gp_gaussian_conditional_e400.json,1fcf7b0cb24025e1bafd8927888dd8c7ccb4d19380d6ebd1713c5b56fe2cdfc4,"{""batch_size"": 256, ""grid_points"": 160, ""seed"": 1106}",1600,2800,1,500,1,new_times_same_trajectory,experiments/runs/fm_cfm_ts_original_v1/jobs/cfm_ts_original__appendix_d__gp_gaussian_conditional_e400__pendulum__seed1106,F:/aicoding/IIA_Data/experiments/cfm_ts_original_v1/cfm_ts_original__appendix_d__gp_gaussian_conditional_e400__pendulum__seed1106,pending,,,,,,
cfm_ts_original__appendix_d__gp_gaussian_conditional_e400__pendulum__seed1107,appendix_d,pendulum,1107,gp_gaussian_conditional,gp,400,256,appendix_d__pendulum__seed1107,data/public_datasets/flow_matching/cfm_ts_original_ode_v1/appendix_d__pendulum__seed1107.npz,c9089a9f58e5591bf5647cf8f1d28fb106d8862cec67b8fb357e197054a0ff35,configs/models/fm_cfm_ts_original_gp_gaussian_conditional_e400.json,1fcf7b0cb24025e1bafd8927888dd8c7ccb4d19380d6ebd1713c5b56fe2cdfc4,"{""batch_size"": 256, ""grid_points"": 160, ""seed"": 1107}",1600,2800,1,500,1,new_times_same_trajectory,experiments/runs/fm_cfm_ts_original_v1/jobs/cfm_ts_original__appendix_d__gp_gaussian_conditional_e400__pendulum__seed1107,F:/aicoding/IIA_Data/experiments/cfm_ts_original_v1/cfm_ts_original__appendix_d__gp_gaussian_conditional_e400__pendulum__seed1107,pending,,,,,,
cfm_ts_original__main_text__gp_gaussian_conditional_e400__pendulum__seed1103,main_text,pendulum,1103,gp_gaussian_conditional,gp,400,258,main_text__pendulum__seed1103,data/public_datasets/flow_matching/cfm_ts_original_ode_v1/main_text__pendulum__seed1103.npz,f1601c6fce8ecc025804f194a832ac220078e1cab5e59325aff048175e1ea730,configs/models/fm_cfm_ts_original_gp_gaussian_conditional_e400.json,1fcf7b0cb24025e1bafd8927888dd8c7ccb4d19380d6ebd1713c5b56fe2cdfc4,"{""batch_size"": 258, ""grid_points"": 160, ""seed"": 1103}",1600,2800,1,500,1,new_times_same_trajectory,experiments/runs/fm_cfm_ts_original_v1/jobs/cfm_ts_original__main_text__gp_gaussian_conditional_e400__pendulum__seed1103,F:/aicoding/IIA_Data/experiments/cfm_ts_original_v1/cfm_ts_original__main_text__gp_gaussian_conditional_e400__pendulum__seed1103,pending,,,,,,
cfm_ts_original__main_text__gp_gaussian_conditional_e400__pendulum__seed1104,main_text,pendulum,1104,gp_gaussian_conditional,gp,400,258,main_text__pendulum__seed1104,data/public_datasets/flow_matching/cfm_ts_original_ode_v1/main_text__pendulum__seed1104.npz,480ec525185f5076ea1394afb46775247a52599b4a24a33526e83da95157cd0f,configs/models/fm_cfm_ts_original_gp_gaussian_conditional_e400.json,1fcf7b0cb24025e1bafd8927888dd8c7ccb4d19380d6ebd1713c5b56fe2cdfc4,"{""batch_size"": 258, ""grid_points"": 160, ""seed"": 1104}",1600,2800,1,500,1,new_times_same_trajectory,experiments/runs/fm_cfm_ts_original_v1/jobs/cfm_ts_original__main_text__gp_gaussian_conditional_e400__pendulum__seed1104,F:/aicoding/IIA_Data/experiments/cfm_ts_original_v1/cfm_ts_original__main_text__gp_gaussian_conditional_e400__pendulum__seed1104,pending,,,,,,
cfm_ts_original__main_text__gp_gaussian_conditional_e400__pendulum__seed1105,main_text,pendulum,1105,gp_gaussian_conditional,gp,400,258,main_text__pendulum__seed1105,data/public_datasets/flow_matching/cfm_ts_original_ode_v1/main_text__pendulum__seed1105.npz,6a610bccc6293755917f18f239d53b5bfb80b4af9d1ab80c7b21164ff12bc1a9,configs/models/fm_cfm_ts_original_gp_gaussian_conditional_e400.json,1fcf7b0cb24025e1bafd8927888dd8c7ccb4d19380d6ebd1713c5b56fe2cdfc4,"{""batch_size"": 258, ""grid_points"": 160, ""seed"": 1105}",1600,2800,1,500,1,new_times_same_trajectory,experiments/runs/fm_cfm_ts_original_v1/jobs/cfm_ts_original__main_text__gp_gaussian_conditional_e400__pendulum__seed1105,F:/aicoding/IIA_Data/experiments/cfm_ts_original_v1/cfm_ts_original__main_text__gp_gaussian_conditional_e400__pendulum__seed1105,pending,,,,,,
cfm_ts_original__main_text__gp_gaussian_conditional_e400__pendulum__seed1106,main_text,pendulum,1106,gp_gaussian_conditional,gp,400,258,main_text__pendulum__seed1106,data/public_datasets/flow_matching/cfm_ts_original_ode_v1/main_text__pendulum__seed1106.npz,8c80bbc4fbd7afcf0a412bdcbd41eedb2e6c51252bd5a788b91b8e9ba9a457bf,configs/models/fm_cfm_ts_original_gp_gaussian_conditional_e400.json,1fcf7b0cb24025e1bafd8927888dd8c7ccb4d19380d6ebd1713c5b56fe2cdfc4,"{""batch_size"": 258, ""grid_points"": 160, ""seed"": 1106}",1600,2800,1,500,1,new_times_same_trajectory,experiments/runs/fm_cfm_ts_original_v1/jobs/cfm_ts_original__main_text__gp_gaussian_conditional_e400__pendulum__seed1106,F:/aicoding/IIA_Data/experiments/cfm_ts_original_v1/cfm_ts_original__main_text__gp_gaussian_conditional_e400__pendulum__seed1106,pending,,,,,,
cfm_ts_original__main_text__gp_gaussian_conditional_e400__pendulum__seed1107,main_text,pendulum,1107,gp_gaussian_conditional,gp,400,258,main_text__pendulum__seed1107,data/public_datasets/flow_matching/cfm_ts_original_ode_v1/main_text__pendulum__seed1107.npz,c9089a9f58e5591bf5647cf8f1d28fb106d8862cec67b8fb357e197054a0ff35,configs/models/fm_cfm_ts_original_gp_gaussian_conditional_e400.json,1fcf7b0cb24025e1bafd8927888dd8c7ccb4d19380d6ebd1713c5b56fe2cdfc4,"{""batch_size"": 258, ""grid_points"": 160, ""seed"": 1107}",1600,2800,1,500,1,new_times_same_trajectory,experiments/runs/fm_cfm_ts_original_v1/jobs/cfm_ts_original__main_text__gp_gaussian_conditional_e400__pendulum__seed1107,F:/aicoding/IIA_Data/experiments/cfm_ts_original_v1/cfm_ts_original__main_text__gp_gaussian_conditional_e400__pendulum__seed1107,pending,,,,,,
cfm_ts_original__appendix_d__gp_gaussian_conditional_e600__pendulum__seed1103,appendix_d,pendulum,1103,gp_gaussian_conditional,gp,600,256,appendix_d__pendulum__seed1103,data/public_datasets/flow_matching/cfm_ts_original_ode_v1/appendix_d__pendulum__seed1103.npz,f1601c6fce8ecc025804f194a832ac220078e1cab5e59325aff048175e1ea730,configs/models/fm_cfm_ts_original_gp_gaussian_conditional_e600.json,02f473dc4034cfd44feafa1050b57366cf94aa40b445274efe92b832e2b38c21,"{""batch_size"": 256, ""grid_points"": 160, ""seed"": 1103}",1600,4200,1,500,1,new_times_same_trajectory,experiments/runs/fm_cfm_ts_original_v1/jobs/cfm_ts_original__appendix_d__gp_gaussian_conditional_e600__pendulum__seed1103,F:/aicoding/IIA_Data/experiments/cfm_ts_original_v1/cfm_ts_original__appendix_d__gp_gaussian_conditional_e600__pendulum__seed1103,pending,,,,,,
cfm_ts_original__appendix_d__gp_gaussian_conditional_e600__pendulum__seed1104,appendix_d,pendulum,1104,gp_gaussian_conditional,gp,600,256,appendix_d__pendulum__seed1104,data/public_datasets/flow_matching/cfm_ts_original_ode_v1/appendix_d__pendulum__seed1104.npz,480ec525185f5076ea1394afb46775247a52599b4a24a33526e83da95157cd0f,configs/models/fm_cfm_ts_original_gp_gaussian_conditional_e600.json,02f473dc4034cfd44feafa1050b57366cf94aa40b445274efe92b832e2b38c21,"{""batch_size"": 256, ""grid_points"": 160, ""seed"": 1104}",1600,4200,1,500,1,new_times_same_trajectory,experiments/runs/fm_cfm_ts_original_v1/jobs/cfm_ts_original__appendix_d__gp_gaussian_conditional_e600__pendulum__seed1104,F:/aicoding/IIA_Data/experiments/cfm_ts_original_v1/cfm_ts_original__appendix_d__gp_gaussian_conditional_e600__pendulum__seed1104,pending,,,,,,
cfm_ts_original__appendix_d__gp_gaussian_conditional_e600__pendulum__seed1105,appendix_d,pendulum,1105,gp_gaussian_conditional,gp,600,256,appendix_d__pendulum__seed1105,data/public_datasets/flow_matching/cfm_ts_original_ode_v1/appendix_d__pendulum__seed1105.npz,6a610bccc6293755917f18f239d53b5bfb80b4af9d1ab80c7b21164ff12bc1a9,configs/models/fm_cfm_ts_original_gp_gaussian_conditional_e600.json,02f473dc4034cfd44feafa1050b57366cf94aa40b445274efe92b832e2b38c21,"{""batch_size"": 256, ""grid_points"": 160, ""seed"": 1105}",1600,4200,1,500,1,new_times_same_trajectory,experiments/runs/fm_cfm_ts_original_v1/jobs/cfm_ts_original__appendix_d__gp_gaussian_conditional_e600__pendulum__seed1105,F:/aicoding/IIA_Data/experiments/cfm_ts_original_v1/cfm_ts_original__appendix_d__gp_gaussian_conditional_e600__pendulum__seed1105,pending,,,,,,
cfm_ts_original__appendix_d__gp_gaussian_conditional_e600__pendulum__seed1106,appendix_d,pendulum,1106,gp_gaussian_conditional,gp,600,256,appendix_d__pendulum__seed1106,data/public_datasets/flow_matching/cfm_ts_original_ode_v1/appendix_d__pendulum__seed1106.npz,8c80bbc4fbd7afcf0a412bdcbd41eedb2e6c51252bd5a788b91b8e9ba9a457bf,configs/models/fm_cfm_ts_original_gp_gaussian_conditional_e600.json,02f473dc4034cfd44feafa1050b57366cf94aa40b445274efe92b832e2b38c21,"{""batch_size"": 256, ""grid_points"": 160, ""seed"": 1106}",1600,4200,1,500,1,new_times_same_trajectory,experiments/runs/fm_cfm_ts_original_v1/jobs/cfm_ts_original__appendix_d__gp_gaussian_conditional_e600__pendulum__seed1106,F:/aicoding/IIA_Data/experiments/cfm_ts_original_v1/cfm_ts_original__appendix_d__gp_gaussian_conditional_e600__pendulum__seed1106,pending,,,,,,
cfm_ts_original__appendix_d__gp_gaussian_conditional_e600__pendulum__seed1107,appendix_d,pendulum,1107,gp_gaussian_conditional,gp,600,256,appendix_d__pendulum__seed1107,data/public_datasets/flow_matching/cfm_ts_original_ode_v1/appendix_d__pendulum__seed1107.npz,c9089a9f58e5591bf5647cf8f1d28fb106d8862cec67b8fb357e197054a0ff35,configs/models/fm_cfm_ts_original_gp_gaussian_conditional_e600.json,02f473dc4034cfd44feafa1050b57366cf94aa40b445274efe92b832e2b38c21,"{""batch_size"": 256, ""grid_points"": 160, ""seed"": 1107}",1600,4200,1,500,1,new_times_same_trajectory,experiments/runs/fm_cfm_ts_original_v1/jobs/cfm_ts_original__appendix_d__gp_gaussian_conditional_e600__pendulum__seed1107,F:/aicoding/IIA_Data/experiments/cfm_ts_original_v1/cfm_ts_original__appendix_d__gp_gaussian_conditional_e600__pendulum__seed1107,pending,,,,,,
cfm_ts_original__main_text__gp_gaussian_conditional_e600__pendulum__seed1103,main_text,pendulum,1103,gp_gaussian_conditional,gp,600,258,main_text__pendulum__seed1103,data/public_datasets/flow_matching/cfm_ts_original_ode_v1/main_text__pendulum__seed1103.npz,f1601c6fce8ecc025804f194a832ac220078e1cab5e59325aff048175e1ea730,configs/models/fm_cfm_ts_original_gp_gaussian_conditional_e600.json,02f473dc4034cfd44feafa1050b57366cf94aa40b445274efe92b832e2b38c21,"{""batch_size"": 258, ""grid_points"": 160, ""seed"": 1103}",1600,4200,1,500,1,new_times_same_trajectory,experiments/runs/fm_cfm_ts_original_v1/jobs/cfm_ts_original__main_text__gp_gaussian_conditional_e600__pendulum__seed1103,F:/aicoding/IIA_Data/experiments/cfm_ts_original_v1/cfm_ts_original__main_text__gp_gaussian_conditional_e600__pendulum__seed1103,pending,,,,,,
cfm_ts_original__main_text__gp_gaussian_conditional_e600__pendulum__seed1104,main_text,pendulum,1104,gp_gaussian_conditional,gp,600,258,main_text__pendulum__seed1104,data/public_datasets/flow_matching/cfm_ts_original_ode_v1/main_text__pendulum__seed1104.npz,480ec525185f5076ea1394afb46775247a52599b4a24a33526e83da95157cd0f,configs/models/fm_cfm_ts_original_gp_gaussian_conditional_e600.json,02f473dc4034cfd44feafa1050b57366cf94aa40b445274efe92b832e2b38c21,"{""batch_size"": 258, ""grid_points"": 160, ""seed"": 1104}",1600,4200,1,500,1,new_times_same_trajectory,experiments/runs/fm_cfm_ts_original_v1/jobs/cfm_ts_original__main_text__gp_gaussian_conditional_e600__pendulum__seed1104,F:/aicoding/IIA_Data/experiments/cfm_ts_original_v1/cfm_ts_original__main_text__gp_gaussian_conditional_e600__pendulum__seed1104,pending,,,,,,
cfm_ts_original__main_text__gp_gaussian_conditional_e600__pendulum__seed1105,main_text,pendulum,1105,gp_gaussian_conditional,gp,600,258,main_text__pendulum__seed1105,data/public_datasets/flow_matching/cfm_ts_original_ode_v1/main_text__pendulum__seed1105.npz,6a610bccc6293755917f18f239d53b5bfb80b4af9d1ab80c7b21164ff12bc1a9,configs/models/fm_cfm_ts_original_gp_gaussian_conditional_e600.json,02f473dc4034cfd44feafa1050b57366cf94aa40b445274efe92b832e2b38c21,"{""batch_size"": 258, ""grid_points"": 160, ""seed"": 1105}",1600,4200,1,500,1,new_times_same_trajectory,experiments/runs/fm_cfm_ts_original_v1/jobs/cfm_ts_original__main_text__gp_gaussian_conditional_e600__pendulum__seed1105,F:/aicoding/IIA_Data/experiments/cfm_ts_original_v1/cfm_ts_original__main_text__gp_gaussian_conditional_e600__pendulum__seed1105,pending,,,,,,
cfm_ts_original__main_text__gp_gaussian_conditional_e600__pendulum__seed1106,main_text,pendulum,1106,gp_gaussian_conditional,gp,600,258,main_text__pendulum__seed1106,data/public_datasets/flow_matching/cfm_ts_original_ode_v1/main_text__pendulum__seed1106.npz,8c80bbc4fbd7afcf0a412bdcbd41eedb2e6c51252bd5a788b91b8e9ba9a457bf,configs/models/fm_cfm_ts_original_gp_gaussian_conditional_e600.json,02f473dc4034cfd44feafa1050b57366cf94aa40b445274efe92b832e2b38c21,"{""batch_size"": 258, ""grid_points"": 160, ""seed"": 1106}",1600,4200,1,500,1,new_times_same_trajectory,experiments/runs/fm_cfm_ts_original_v1/jobs/cfm_ts_original__main_text__gp_gaussian_conditional_e600__pendulum__seed1106,F:/aicoding/IIA_Data/experiments/cfm_ts_original_v1/cfm_ts_original__main_text__gp_gaussian_conditional_e600__pendulum__seed1106,pending,,,,,,
cfm_ts_original__main_text__gp_gaussian_conditional_e600__pendulum__seed1107,main_text,pendulum,1107,gp_gaussian_conditional,gp,600,258,main_text__pendulum__seed1107,data/public_datasets/flow_matching/cfm_ts_original_ode_v1/main_text__pendulum__seed1107.npz,c9089a9f58e5591bf5647cf8f1d28fb106d8862cec67b8fb357e197054a0ff35,configs/models/fm_cfm_ts_original_gp_gaussian_conditional_e600.json,02f473dc4034cfd44feafa1050b57366cf94aa40b445274efe92b832e2b38c21,"{""batch_size"": 258, ""grid_points"": 160, ""seed"": 1107}",1600,4200,1,500,1,new_times_same_trajectory,experiments/runs/fm_cfm_ts_original_v1/jobs/cfm_ts_original__main_text__gp_gaussian_conditional_e600__pendulum__seed1107,F:/aicoding/IIA_Data/experiments/cfm_ts_original_v1/cfm_ts_original__main_text__gp_gaussian_conditional_e600__pendulum__seed1107,pending,,,,,,
cfm_ts_original__appendix_d__node_e10__pendulum__seed1103,appendix_d,pendulum,1103,node,node,10,256,appendix_d__pendulum__seed1103,data/public_datasets/flow_matching/cfm_ts_original_ode_v1/appendix_d__pendulum__seed1103.npz,f1601c6fce8ecc025804f194a832ac220078e1cab5e59325aff048175e1ea730,configs/models/fm_cfm_ts_original_node_e10.json,2c0ca0d37628242ecc8ecc4d60adf7155cccecc137b34ef4de4b3cf649d8cc11,"{""batch_size"": 256, ""grid_points"": 160, ""seed"": 1103}",1,10,1,500,1,new_times_same_trajectory,experiments/runs/fm_cfm_ts_original_v1/jobs/cfm_ts_original__appendix_d__node_e10__pendulum__seed1103,F:/aicoding/IIA_Data/experiments/cfm_ts_original_v1/cfm_ts_original__appendix_d__node_e10__pendulum__seed1103,pending,,,,,,
cfm_ts_original__appendix_d__node_e10__pendulum__seed1104,appendix_d,pendulum,1104,node,node,10,256,appendix_d__pendulum__seed1104,data/public_datasets/flow_matching/cfm_ts_original_ode_v1/appendix_d__pendulum__seed1104.npz,480ec525185f5076ea1394afb46775247a52599b4a24a33526e83da95157cd0f,configs/models/fm_cfm_ts_original_node_e10.json,2c0ca0d37628242ecc8ecc4d60adf7155cccecc137b34ef4de4b3cf649d8cc11,"{""batch_size"": 256, ""grid_points"": 160, ""seed"": 1104}",1,10,1,500,1,new_times_same_trajectory,experiments/runs/fm_cfm_ts_original_v1/jobs/cfm_ts_original__appendix_d__node_e10__pendulum__seed1104,F:/aicoding/IIA_Data/experiments/cfm_ts_original_v1/cfm_ts_original__appendix_d__node_e10__pendulum__seed1104,pending,,,,,,
cfm_ts_original__appendix_d__node_e10__pendulum__seed1105,appendix_d,pendulum,1105,node,node,10,256,appendix_d__pendulum__seed1105,data/public_datasets/flow_matching/cfm_ts_original_ode_v1/appendix_d__pendulum__seed1105.npz,6a610bccc6293755917f18f239d53b5bfb80b4af9d1ab80c7b21164ff12bc1a9,configs/models/fm_cfm_ts_original_node_e10.json,2c0ca0d37628242ecc8ecc4d60adf7155cccecc137b34ef4de4b3cf649d8cc11,"{""batch_size"": 256, ""grid_points"": 160, ""seed"": 1105}",1,10,1,500,1,new_times_same_trajectory,experiments/runs/fm_cfm_ts_original_v1/jobs/cfm_ts_original__appendix_d__node_e10__pendulum__seed1105,F:/aicoding/IIA_Data/experiments/cfm_ts_original_v1/cfm_ts_original__appendix_d__node_e10__pendulum__seed1105,pending,,,,,,
cfm_ts_original__appendix_d__node_e10__pendulum__seed1106,appendix_d,pendulum,1106,node,node,10,256,appendix_d__pendulum__seed1106,data/public_datasets/flow_matching/cfm_ts_original_ode_v1/appendix_d__pendulum__seed1106.npz,8c80bbc4fbd7afcf0a412bdcbd41eedb2e6c51252bd5a788b91b8e9ba9a457bf,configs/models/fm_cfm_ts_original_node_e10.json,2c0ca0d37628242ecc8ecc4d60adf7155cccecc137b34ef4de4b3cf649d8cc11,"{""batch_size"": 256, ""grid_points"": 160, ""seed"": 1106}",1,10,1,500,1,new_times_same_trajectory,experiments/runs/fm_cfm_ts_original_v1/jobs/cfm_ts_original__appendix_d__node_e10__pendulum__seed1106,F:/aicoding/IIA_Data/experiments/cfm_ts_original_v1/cfm_ts_original__appendix_d__node_e10__pendulum__seed1106,pending,,,,,,
cfm_ts_original__appendix_d__node_e10__pendulum__seed1107,appendix_d,pendulum,1107,node,node,10,256,appendix_d__pendulum__seed1107,data/public_datasets/flow_matching/cfm_ts_original_ode_v1/appendix_d__pendulum__seed1107.npz,c9089a9f58e5591bf5647cf8f1d28fb106d8862cec67b8fb357e197054a0ff35,configs/models/fm_cfm_ts_original_node_e10.json,2c0ca0d37628242ecc8ecc4d60adf7155cccecc137b34ef4de4b3cf649d8cc11,"{""batch_size"": 256, ""grid_points"": 160, ""seed"": 1107}",1,10,1,500,1,new_times_same_trajectory,experiments/runs/fm_cfm_ts_original_v1/jobs/cfm_ts_original__appendix_d__node_e10__pendulum__seed1107,F:/aicoding/IIA_Data/experiments/cfm_ts_original_v1/cfm_ts_original__appendix_d__node_e10__pendulum__seed1107,pending,,,,,,
cfm_ts_original__main_text__node_e400__pendulum__seed1103,main_text,pendulum,1103,node,node,400,258,main_text__pendulum__seed1103,data/public_datasets/flow_matching/cfm_ts_original_ode_v1/main_text__pendulum__seed1103.npz,f1601c6fce8ecc025804f194a832ac220078e1cab5e59325aff048175e1ea730,configs/models/fm_cfm_ts_original_node_e400.json,1d7ec81d15aa529a72ff6c4c8ec7520add3bc948fad60551806a12408f960472,"{""batch_size"": 258, ""grid_points"": 160, ""seed"": 1103}",1,400,1,500,1,new_times_same_trajectory,experiments/runs/fm_cfm_ts_original_v1/jobs/cfm_ts_original__main_text__node_e400__pendulum__seed1103,F:/aicoding/IIA_Data/experiments/cfm_ts_original_v1/cfm_ts_original__main_text__node_e400__pendulum__seed1103,pending,,,,,,
cfm_ts_original__main_text__node_e400__pendulum__seed1104,main_text,pendulum,1104,node,node,400,258,main_text__pendulum__seed1104,data/public_datasets/flow_matching/cfm_ts_original_ode_v1/main_text__pendulum__seed1104.npz,480ec525185f5076ea1394afb46775247a52599b4a24a33526e83da95157cd0f,configs/models/fm_cfm_ts_original_node_e400.json,1d7ec81d15aa529a72ff6c4c8ec7520add3bc948fad60551806a12408f960472,"{""batch_size"": 258, ""grid_points"": 160, ""seed"": 1104}",1,400,1,500,1,new_times_same_trajectory,experiments/runs/fm_cfm_ts_original_v1/jobs/cfm_ts_original__main_text__node_e400__pendulum__seed1104,F:/aicoding/IIA_Data/experiments/cfm_ts_original_v1/cfm_ts_original__main_text__node_e400__pendulum__seed1104,pending,,,,,,
cfm_ts_original__main_text__node_e400__pendulum__seed1105,main_text,pendulum,1105,node,node,400,258,main_text__pendulum__seed1105,data/public_datasets/flow_matching/cfm_ts_original_ode_v1/main_text__pendulum__seed1105.npz,6a610bccc6293755917f18f239d53b5bfb80b4af9d1ab80c7b21164ff12bc1a9,configs/models/fm_cfm_ts_original_node_e400.json,1d7ec81d15aa529a72ff6c4c8ec7520add3bc948fad60551806a12408f960472,"{""batch_size"": 258, ""grid_points"": 160, ""seed"": 1105}",1,400,1,500,1,new_times_same_trajectory,experiments/runs/fm_cfm_ts_original_v1/jobs/cfm_ts_original__main_text__node_e400__pendulum__seed1105,F:/aicoding/IIA_Data/experiments/cfm_ts_original_v1/cfm_ts_original__main_text__node_e400__pendulum__seed1105,pending,,,,,,
cfm_ts_original__main_text__node_e400__pendulum__seed1106,main_text,pendulum,1106,node,node,400,258,main_text__pendulum__seed1106,data/public_datasets/flow_matching/cfm_ts_original_ode_v1/main_text__pendulum__seed1106.npz,8c80bbc4fbd7afcf0a412bdcbd41eedb2e6c51252bd5a788b91b8e9ba9a457bf,configs/models/fm_cfm_ts_original_node_e400.json,1d7ec81d15aa529a72ff6c4c8ec7520add3bc948fad60551806a12408f960472,"{""batch_size"": 258, ""grid_points"": 160, ""seed"": 1106}",1,400,1,500,1,new_times_same_trajectory,experiments/runs/fm_cfm_ts_original_v1/jobs/cfm_ts_original__main_text__node_e400__pendulum__seed1106,F:/aicoding/IIA_Data/experiments/cfm_ts_original_v1/cfm_ts_original__main_text__node_e400__pendulum__seed1106,pending,,,,,,
cfm_ts_original__main_text__node_e400__pendulum__seed1107,main_text,pendulum,1107,node,node,400,258,main_text__pendulum__seed1107,data/public_datasets/flow_matching/cfm_ts_original_ode_v1/main_text__pendulum__seed1107.npz,c9089a9f58e5591bf5647cf8f1d28fb106d8862cec67b8fb357e197054a0ff35,configs/models/fm_cfm_ts_original_node_e400.json,1d7ec81d15aa529a72ff6c4c8ec7520add3bc948fad60551806a12408f960472,"{""batch_size"": 258, ""grid_points"": 160, ""seed"": 1107}",1,400,1,500,1,new_times_same_trajectory,experiments/runs/fm_cfm_ts_original_v1/jobs/cfm_ts_original__main_text__node_e400__pendulum__seed1107,F:/aicoding/IIA_Data/experiments/cfm_ts_original_v1/cfm_ts_original__main_text__node_e400__pendulum__seed1107,pending,,,,,,
cfm_ts_original__main_text__node_e600__pendulum__seed1103,main_text,pendulum,1103,node,node,600,258,main_text__pendulum__seed1103,data/public_datasets/flow_matching/cfm_ts_original_ode_v1/main_text__pendulum__seed1103.npz,f1601c6fce8ecc025804f194a832ac220078e1cab5e59325aff048175e1ea730,configs/models/fm_cfm_ts_original_node_e600.json,e63290f51cab63e7afcbeba6c65187d6afc3a1db7d32b6268633f92aa3c27c47,"{""batch_size"": 258, ""grid_points"": 160, ""seed"": 1103}",1,600,1,500,1,new_times_same_trajectory,experiments/runs/fm_cfm_ts_original_v1/jobs/cfm_ts_original__main_text__node_e600__pendulum__seed1103,F:/aicoding/IIA_Data/experiments/cfm_ts_original_v1/cfm_ts_original__main_text__node_e600__pendulum__seed1103,pending,,,,,,
cfm_ts_original__main_text__node_e600__pendulum__seed1104,main_text,pendulum,1104,node,node,600,258,main_text__pendulum__seed1104,data/public_datasets/flow_matching/cfm_ts_original_ode_v1/main_text__pendulum__seed1104.npz,480ec525185f5076ea1394afb46775247a52599b4a24a33526e83da95157cd0f,configs/models/fm_cfm_ts_original_node_e600.json,e63290f51cab63e7afcbeba6c65187d6afc3a1db7d32b6268633f92aa3c27c47,"{""batch_size"": 258, ""grid_points"": 160, ""seed"": 1104}",1,600,1,500,1,new_times_same_trajectory,experiments/runs/fm_cfm_ts_original_v1/jobs/cfm_ts_original__main_text__node_e600__pendulum__seed1104,F:/aicoding/IIA_Data/experiments/cfm_ts_original_v1/cfm_ts_original__main_text__node_e600__pendulum__seed1104,pending,,,,,,
cfm_ts_original__main_text__node_e600__pendulum__seed1105,main_text,pendulum,1105,node,node,600,258,main_text__pendulum__seed1105,data/public_datasets/flow_matching/cfm_ts_original_ode_v1/main_text__pendulum__seed1105.npz,6a610bccc6293755917f18f239d53b5bfb80b4af9d1ab80c7b21164ff12bc1a9,configs/models/fm_cfm_ts_original_node_e600.json,e63290f51cab63e7afcbeba6c65187d6afc3a1db7d32b6268633f92aa3c27c47,"{""batch_size"": 258, ""grid_points"": 160, ""seed"": 1105}",1,600,1,500,1,new_times_same_trajectory,experiments/runs/fm_cfm_ts_original_v1/jobs/cfm_ts_original__main_text__node_e600__pendulum__seed1105,F:/aicoding/IIA_Data/experiments/cfm_ts_original_v1/cfm_ts_original__main_text__node_e600__pendulum__seed1105,pending,,,,,,
cfm_ts_original__main_text__node_e600__pendulum__seed1106,main_text,pendulum,1106,node,node,600,258,main_text__pendulum__seed1106,data/public_datasets/flow_matching/cfm_ts_original_ode_v1/main_text__pendulum__seed1106.npz,8c80bbc4fbd7afcf0a412bdcbd41eedb2e6c51252bd5a788b91b8e9ba9a457bf,configs/models/fm_cfm_ts_original_node_e600.json,e63290f51cab63e7afcbeba6c65187d6afc3a1db7d32b6268633f92aa3c27c47,"{""batch_size"": 258, ""grid_points"": 160, ""seed"": 1106}",1,600,1,500,1,new_times_same_trajectory,experiments/runs/fm_cfm_ts_original_v1/jobs/cfm_ts_original__main_text__node_e600__pendulum__seed1106,F:/aicoding/IIA_Data/experiments/cfm_ts_original_v1/cfm_ts_original__main_text__node_e600__pendulum__seed1106,pending,,,,,,
cfm_ts_original__main_text__node_e600__pendulum__seed1107,main_text,pendulum,1107,node,node,600,258,main_text__pendulum__seed1107,data/public_datasets/flow_matching/cfm_ts_original_ode_v1/main_text__pendulum__seed1107.npz,c9089a9f58e5591bf5647cf8f1d28fb106d8862cec67b8fb357e197054a0ff35,configs/models/fm_cfm_ts_original_node_e600.json,e63290f51cab63e7afcbeba6c65187d6afc3a1db7d32b6268633f92aa3c27c47,"{""batch_size"": 258, ""grid_points"": 160, ""seed"": 1107}",1,600,1,500,1,new_times_same_trajectory,experiments/runs/fm_cfm_ts_original_v1/jobs/cfm_ts_original__main_text__node_e600__pendulum__seed1107,F:/aicoding/IIA_Data/experiments/cfm_ts_original_v1/cfm_ts_original__main_text__node_e600__pendulum__seed1107,pending,,,,,,
cfm_ts_original__appendix_d__bb_paper_literal_e400__sine__seed1103,appendix_d,sine,1103,bb_paper_literal,bb,400,256,appendix_d__sine__seed1103,data/public_datasets/flow_matching/cfm_ts_original_ode_v1/appendix_d__sine__seed1103.npz,f57ce456deceb55f4965bd07ebdb9440123fd76f8ed73108e19e5361c6fa1185,configs/models/fm_cfm_ts_original_bb_paper_literal_e400.json,41f9556cc1172e8ba30f375960bb19828fbdc0757c447501e93aeebe689e10bd,"{""batch_size"": 256, ""grid_points"": 50, ""seed"": 1103}",16000,25200,80,500,1,held_out_complete_trajectories,experiments/runs/fm_cfm_ts_original_v1/jobs/cfm_ts_original__appendix_d__bb_paper_literal_e400__sine__seed1103,F:/aicoding/IIA_Data/experiments/cfm_ts_original_v1/cfm_ts_original__appendix_d__bb_paper_literal_e400__sine__seed1103,pending,,,,,,
cfm_ts_original__appendix_d__bb_paper_literal_e400__sine__seed1104,appendix_d,sine,1104,bb_paper_literal,bb,400,256,appendix_d__sine__seed1104,data/public_datasets/flow_matching/cfm_ts_original_ode_v1/appendix_d__sine__seed1104.npz,bd90757a0b8279f2638ffac0cafb1845100783b70fba26508d92b23b1c8a6cf7,configs/models/fm_cfm_ts_original_bb_paper_literal_e400.json,41f9556cc1172e8ba30f375960bb19828fbdc0757c447501e93aeebe689e10bd,"{""batch_size"": 256, ""grid_points"": 50, ""seed"": 1104}",16000,25200,80,500,1,held_out_complete_trajectories,experiments/runs/fm_cfm_ts_original_v1/jobs/cfm_ts_original__appendix_d__bb_paper_literal_e400__sine__seed1104,F:/aicoding/IIA_Data/experiments/cfm_ts_original_v1/cfm_ts_original__appendix_d__bb_paper_literal_e400__sine__seed1104,pending,,,,,,
cfm_ts_original__appendix_d__bb_paper_literal_e400__sine__seed1105,appendix_d,sine,1105,bb_paper_literal,bb,400,256,appendix_d__sine__seed1105,data/public_datasets/flow_matching/cfm_ts_original_ode_v1/appendix_d__sine__seed1105.npz,aeb32cf81e70c2cf176a624a337b408059490afb675117d685ad9f26c607b725,configs/models/fm_cfm_ts_original_bb_paper_literal_e400.json,41f9556cc1172e8ba30f375960bb19828fbdc0757c447501e93aeebe689e10bd,"{""batch_size"": 256, ""grid_points"": 50, ""seed"": 1105}",16000,25200,80,500,1,held_out_complete_trajectories,experiments/runs/fm_cfm_ts_original_v1/jobs/cfm_ts_original__appendix_d__bb_paper_literal_e400__sine__seed1105,F:/aicoding/IIA_Data/experiments/cfm_ts_original_v1/cfm_ts_original__appendix_d__bb_paper_literal_e400__sine__seed1105,pending,,,,,,
cfm_ts_original__appendix_d__bb_paper_literal_e400__sine__seed1106,appendix_d,sine,1106,bb_paper_literal,bb,400,256,appendix_d__sine__seed1106,data/public_datasets/flow_matching/cfm_ts_original_ode_v1/appendix_d__sine__seed1106.npz,0247ee4cbb3415d97fdd757c4d245457c84b05937c58fd6f4819090cb489f817,configs/models/fm_cfm_ts_original_bb_paper_literal_e400.json,41f9556cc1172e8ba30f375960bb19828fbdc0757c447501e93aeebe689e10bd,"{""batch_size"": 256, ""grid_points"": 50, ""seed"": 1106}",16000,25200,80,500,1,held_out_complete_trajectories,experiments/runs/fm_cfm_ts_original_v1/jobs/cfm_ts_original__appendix_d__bb_paper_literal_e400__sine__seed1106,F:/aicoding/IIA_Data/experiments/cfm_ts_original_v1/cfm_ts_original__appendix_d__bb_paper_literal_e400__sine__seed1106,pending,,,,,,
cfm_ts_original__appendix_d__bb_paper_literal_e400__sine__seed1107,appendix_d,sine,1107,bb_paper_literal,bb,400,256,appendix_d__sine__seed1107,data/public_datasets/flow_matching/cfm_ts_original_ode_v1/appendix_d__sine__seed1107.npz,1c57f8c7a38af52f26df29878faebd5fe75f91cc90dd52f0285147bfb7323fbf,configs/models/fm_cfm_ts_original_bb_paper_literal_e400.json,41f9556cc1172e8ba30f375960bb19828fbdc0757c447501e93aeebe689e10bd,"{""batch_size"": 256, ""grid_points"": 50, ""seed"": 1107}",16000,25200,80,500,1,held_out_complete_trajectories,experiments/runs/fm_cfm_ts_original_v1/jobs/cfm_ts_original__appendix_d__bb_paper_literal_e400__sine__seed1107,F:/aicoding/IIA_Data/experiments/cfm_ts_original_v1/cfm_ts_original__appendix_d__bb_paper_literal_e400__sine__seed1107,pending,,,,,,
cfm_ts_original__main_text__bb_paper_literal_e400__sine__seed1103,main_text,sine,1103,bb_paper_literal,bb,400,258,main_text__sine__seed1103,data/public_datasets/flow_matching/cfm_ts_original_ode_v1/main_text__sine__seed1103.npz,b9fbfe8b234dcc0de43e784f537e447753299e459c18ca5ae295c1fcea33898d,configs/models/fm_cfm_ts_original_bb_paper_literal_e400.json,41f9556cc1172e8ba30f375960bb19828fbdc0757c447501e93aeebe689e10bd,"{""batch_size"": 258, ""grid_points"": 50, ""seed"": 1103}",4000,6400,20,500,1,held_out_complete_trajectories,experiments/runs/fm_cfm_ts_original_v1/jobs/cfm_ts_original__main_text__bb_paper_literal_e400__sine__seed1103,F:/aicoding/IIA_Data/experiments/cfm_ts_original_v1/cfm_ts_original__main_text__bb_paper_literal_e400__sine__seed1103,pending,,,,,,
cfm_ts_original__main_text__bb_paper_literal_e400__sine__seed1104,main_text,sine,1104,bb_paper_literal,bb,400,258,main_text__sine__seed1104,data/public_datasets/flow_matching/cfm_ts_original_ode_v1/main_text__sine__seed1104.npz,45df51f9c8a18374d1733791b2c32145c4fbf5c75ce786cb724654e5fb35f734,configs/models/fm_cfm_ts_original_bb_paper_literal_e400.json,41f9556cc1172e8ba30f375960bb19828fbdc0757c447501e93aeebe689e10bd,"{""batch_size"": 258, ""grid_points"": 50, ""seed"": 1104}",4000,6400,20,500,1,held_out_complete_trajectories,experiments/runs/fm_cfm_ts_original_v1/jobs/cfm_ts_original__main_text__bb_paper_literal_e400__sine__seed1104,F:/aicoding/IIA_Data/experiments/cfm_ts_original_v1/cfm_ts_original__main_text__bb_paper_literal_e400__sine__seed1104,pending,,,,,,
cfm_ts_original__main_text__bb_paper_literal_e400__sine__seed1105,main_text,sine,1105,bb_paper_literal,bb,400,258,main_text__sine__seed1105,data/public_datasets/flow_matching/cfm_ts_original_ode_v1/main_text__sine__seed1105.npz,b25ae8eaa2189caa64da56551f9e7d14e4dbbbcd4c22e71acb3017c041919f89,configs/models/fm_cfm_ts_original_bb_paper_literal_e400.json,41f9556cc1172e8ba30f375960bb19828fbdc0757c447501e93aeebe689e10bd,"{""batch_size"": 258, ""grid_points"": 50, ""seed"": 1105}",4000,6400,20,500,1,held_out_complete_trajectories,experiments/runs/fm_cfm_ts_original_v1/jobs/cfm_ts_original__main_text__bb_paper_literal_e400__sine__seed1105,F:/aicoding/IIA_Data/experiments/cfm_ts_original_v1/cfm_ts_original__main_text__bb_paper_literal_e400__sine__seed1105,pending,,,,,,
cfm_ts_original__main_text__bb_paper_literal_e400__sine__seed1106,main_text,sine,1106,bb_paper_literal,bb,400,258,main_text__sine__seed1106,data/public_datasets/flow_matching/cfm_ts_original_ode_v1/main_text__sine__seed1106.npz,969491189ca7f93734e35c4dbf1845e7ac77f2193467fe5c5c64076666bd6a0a,configs/models/fm_cfm_ts_original_bb_paper_literal_e400.json,41f9556cc1172e8ba30f375960bb19828fbdc0757c447501e93aeebe689e10bd,"{""batch_size"": 258, ""grid_points"": 50, ""seed"": 1106}",4000,6400,20,500,1,held_out_complete_trajectories,experiments/runs/fm_cfm_ts_original_v1/jobs/cfm_ts_original__main_text__bb_paper_literal_e400__sine__seed1106,F:/aicoding/IIA_Data/experiments/cfm_ts_original_v1/cfm_ts_original__main_text__bb_paper_literal_e400__sine__seed1106,pending,,,,,,
cfm_ts_original__main_text__bb_paper_literal_e400__sine__seed1107,main_text,sine,1107,bb_paper_literal,bb,400,258,main_text__sine__seed1107,data/public_datasets/flow_matching/cfm_ts_original_ode_v1/main_text__sine__seed1107.npz,bf8d87fddc70c3d42de883e4c8a8157a9789b1bcfca048919611df300f29697c,configs/models/fm_cfm_ts_original_bb_paper_literal_e400.json,41f9556cc1172e8ba30f375960bb19828fbdc0757c447501e93aeebe689e10bd,"{""batch_size"": 258, ""grid_points"": 50, ""seed"": 1107}",4000,6400,20,500,1,held_out_complete_trajectories,experiments/runs/fm_cfm_ts_original_v1/jobs/cfm_ts_original__main_text__bb_paper_literal_e400__sine__seed1107,F:/aicoding/IIA_Data/experiments/cfm_ts_original_v1/cfm_ts_original__main_text__bb_paper_literal_e400__sine__seed1107,pending,,,,,,
cfm_ts_original__appendix_d__bb_paper_literal_e600__sine__seed1103,appendix_d,sine,1103,bb_paper_literal,bb,600,256,appendix_d__sine__seed1103,data/public_datasets/flow_matching/cfm_ts_original_ode_v1/appendix_d__sine__seed1103.npz,f57ce456deceb55f4965bd07ebdb9440123fd76f8ed73108e19e5361c6fa1185,configs/models/fm_cfm_ts_original_bb_paper_literal_e600.json,8233a604a80b4c0acc2d7f30128f1c505fa6e979cdca1e4574958ab968bc7ef5,"{""batch_size"": 256, ""grid_points"": 50, ""seed"": 1103}",16000,37800,80,500,1,held_out_complete_trajectories,experiments/runs/fm_cfm_ts_original_v1/jobs/cfm_ts_original__appendix_d__bb_paper_literal_e600__sine__seed1103,F:/aicoding/IIA_Data/experiments/cfm_ts_original_v1/cfm_ts_original__appendix_d__bb_paper_literal_e600__sine__seed1103,pending,,,,,,
cfm_ts_original__appendix_d__bb_paper_literal_e600__sine__seed1104,appendix_d,sine,1104,bb_paper_literal,bb,600,256,appendix_d__sine__seed1104,data/public_datasets/flow_matching/cfm_ts_original_ode_v1/appendix_d__sine__seed1104.npz,bd90757a0b8279f2638ffac0cafb1845100783b70fba26508d92b23b1c8a6cf7,configs/models/fm_cfm_ts_original_bb_paper_literal_e600.json,8233a604a80b4c0acc2d7f30128f1c505fa6e979cdca1e4574958ab968bc7ef5,"{""batch_size"": 256, ""grid_points"": 50, ""seed"": 1104}",16000,37800,80,500,1,held_out_complete_trajectories,experiments/runs/fm_cfm_ts_original_v1/jobs/cfm_ts_original__appendix_d__bb_paper_literal_e600__sine__seed1104,F:/aicoding/IIA_Data/experiments/cfm_ts_original_v1/cfm_ts_original__appendix_d__bb_paper_literal_e600__sine__seed1104,pending,,,,,,
cfm_ts_original__appendix_d__bb_paper_literal_e600__sine__seed1105,appendix_d,sine,1105,bb_paper_literal,bb,600,256,appendix_d__sine__seed1105,data/public_datasets/flow_matching/cfm_ts_original_ode_v1/appendix_d__sine__seed1105.npz,aeb32cf81e70c2cf176a624a337b408059490afb675117d685ad9f26c607b725,configs/models/fm_cfm_ts_original_bb_paper_literal_e600.json,8233a604a80b4c0acc2d7f30128f1c505fa6e979cdca1e4574958ab968bc7ef5,"{""batch_size"": 256, ""grid_points"": 50, ""seed"": 1105}",16000,37800,80,500,1,held_out_complete_trajectories,experiments/runs/fm_cfm_ts_original_v1/jobs/cfm_ts_original__appendix_d__bb_paper_literal_e600__sine__seed1105,F:/aicoding/IIA_Data/experiments/cfm_ts_original_v1/cfm_ts_original__appendix_d__bb_paper_literal_e600__sine__seed1105,pending,,,,,,
cfm_ts_original__appendix_d__bb_paper_literal_e600__sine__seed1106,appendix_d,sine,1106,bb_paper_literal,bb,600,256,appendix_d__sine__seed1106,data/public_datasets/flow_matching/cfm_ts_original_ode_v1/appendix_d__sine__seed1106.npz,0247ee4cbb3415d97fdd757c4d245457c84b05937c58fd6f4819090cb489f817,configs/models/fm_cfm_ts_original_bb_paper_literal_e600.json,8233a604a80b4c0acc2d7f30128f1c505fa6e979cdca1e4574958ab968bc7ef5,"{""batch_size"": 256, ""grid_points"": 50, ""seed"": 1106}",16000,37800,80,500,1,held_out_complete_trajectories,experiments/runs/fm_cfm_ts_original_v1/jobs/cfm_ts_original__appendix_d__bb_paper_literal_e600__sine__seed1106,F:/aicoding/IIA_Data/experiments/cfm_ts_original_v1/cfm_ts_original__appendix_d__bb_paper_literal_e600__sine__seed1106,pending,,,,,,
cfm_ts_original__appendix_d__bb_paper_literal_e600__sine__seed1107,appendix_d,sine,1107,bb_paper_literal,bb,600,256,appendix_d__sine__seed1107,data/public_datasets/flow_matching/cfm_ts_original_ode_v1/appendix_d__sine__seed1107.npz,1c57f8c7a38af52f26df29878faebd5fe75f91cc90dd52f0285147bfb7323fbf,configs/models/fm_cfm_ts_original_bb_paper_literal_e600.json,8233a604a80b4c0acc2d7f30128f1c505fa6e979cdca1e4574958ab968bc7ef5,"{""batch_size"": 256, ""grid_points"": 50, ""seed"": 1107}",16000,37800,80,500,1,held_out_complete_trajectories,experiments/runs/fm_cfm_ts_original_v1/jobs/cfm_ts_original__appendix_d__bb_paper_literal_e600__sine__seed1107,F:/aicoding/IIA_Data/experiments/cfm_ts_original_v1/cfm_ts_original__appendix_d__bb_paper_literal_e600__sine__seed1107,pending,,,,,,
cfm_ts_original__main_text__bb_paper_literal_e600__sine__seed1103,main_text,sine,1103,bb_paper_literal,bb,600,258,main_text__sine__seed1103,data/public_datasets/flow_matching/cfm_ts_original_ode_v1/main_text__sine__seed1103.npz,b9fbfe8b234dcc0de43e784f537e447753299e459c18ca5ae295c1fcea33898d,configs/models/fm_cfm_ts_original_bb_paper_literal_e600.json,8233a604a80b4c0acc2d7f30128f1c505fa6e979cdca1e4574958ab968bc7ef5,"{""batch_size"": 258, ""grid_points"": 50, ""seed"": 1103}",4000,9600,20,500,1,held_out_complete_trajectories,experiments/runs/fm_cfm_ts_original_v1/jobs/cfm_ts_original__main_text__bb_paper_literal_e600__sine__seed1103,F:/aicoding/IIA_Data/experiments/cfm_ts_original_v1/cfm_ts_original__main_text__bb_paper_literal_e600__sine__seed1103,pending,,,,,,
cfm_ts_original__main_text__bb_paper_literal_e600__sine__seed1104,main_text,sine,1104,bb_paper_literal,bb,600,258,main_text__sine__seed1104,data/public_datasets/flow_matching/cfm_ts_original_ode_v1/main_text__sine__seed1104.npz,45df51f9c8a18374d1733791b2c32145c4fbf5c75ce786cb724654e5fb35f734,configs/models/fm_cfm_ts_original_bb_paper_literal_e600.json,8233a604a80b4c0acc2d7f30128f1c505fa6e979cdca1e4574958ab968bc7ef5,"{""batch_size"": 258, ""grid_points"": 50, ""seed"": 1104}",4000,9600,20,500,1,held_out_complete_trajectories,experiments/runs/fm_cfm_ts_original_v1/jobs/cfm_ts_original__main_text__bb_paper_literal_e600__sine__seed1104,F:/aicoding/IIA_Data/experiments/cfm_ts_original_v1/cfm_ts_original__main_text__bb_paper_literal_e600__sine__seed1104,pending,,,,,,
cfm_ts_original__main_text__bb_paper_literal_e600__sine__seed1105,main_text,sine,1105,bb_paper_literal,bb,600,258,main_text__sine__seed1105,data/public_datasets/flow_matching/cfm_ts_original_ode_v1/main_text__sine__seed1105.npz,b25ae8eaa2189caa64da56551f9e7d14e4dbbbcd4c22e71acb3017c041919f89,configs/models/fm_cfm_ts_original_bb_paper_literal_e600.json,8233a604a80b4c0acc2d7f30128f1c505fa6e979cdca1e4574958ab968bc7ef5,"{""batch_size"": 258, ""grid_points"": 50, ""seed"": 1105}",4000,9600,20,500,1,held_out_complete_trajectories,experiments/runs/fm_cfm_ts_original_v1/jobs/cfm_ts_original__main_text__bb_paper_literal_e600__sine__seed1105,F:/aicoding/IIA_Data/experiments/cfm_ts_original_v1/cfm_ts_original__main_text__bb_paper_literal_e600__sine__seed1105,pending,,,,,,
cfm_ts_original__main_text__bb_paper_literal_e600__sine__seed1106,main_text,sine,1106,bb_paper_literal,bb,600,258,main_text__sine__seed1106,data/public_datasets/flow_matching/cfm_ts_original_ode_v1/main_text__sine__seed1106.npz,969491189ca7f93734e35c4dbf1845e7ac77f2193467fe5c5c64076666bd6a0a,configs/models/fm_cfm_ts_original_bb_paper_literal_e600.json,8233a604a80b4c0acc2d7f30128f1c505fa6e979cdca1e4574958ab968bc7ef5,"{""batch_size"": 258, ""grid_points"": 50, ""seed"": 1106}",4000,9600,20,500,1,held_out_complete_trajectories,experiments/runs/fm_cfm_ts_original_v1/jobs/cfm_ts_original__main_text__bb_paper_literal_e600__sine__seed1106,F:/aicoding/IIA_Data/experiments/cfm_ts_original_v1/cfm_ts_original__main_text__bb_paper_literal_e600__sine__seed1106,pending,,,,,,
cfm_ts_original__main_text__bb_paper_literal_e600__sine__seed1107,main_text,sine,1107,bb_paper_literal,bb,600,258,main_text__sine__seed1107,data/public_datasets/flow_matching/cfm_ts_original_ode_v1/main_text__sine__seed1107.npz,bf8d87fddc70c3d42de883e4c8a8157a9789b1bcfca048919611df300f29697c,configs/models/fm_cfm_ts_original_bb_paper_literal_e600.json,8233a604a80b4c0acc2d7f30128f1c505fa6e979cdca1e4574958ab968bc7ef5,"{""batch_size"": 258, ""grid_points"": 50, ""seed"": 1107}",4000,9600,20,500,1,held_out_complete_trajectories,experiments/runs/fm_cfm_ts_original_v1/jobs/cfm_ts_original__main_text__bb_paper_literal_e600__sine__seed1107,F:/aicoding/IIA_Data/experiments/cfm_ts_original_v1/cfm_ts_original__main_text__bb_paper_literal_e600__sine__seed1107,pending,,,,,,
cfm_ts_original__appendix_d__bb_gaussian_consistent_e400__sine__seed1103,appendix_d,sine,1103,bb_gaussian_consistent,bb,400,256,appendix_d__sine__seed1103,data/public_datasets/flow_matching/cfm_ts_original_ode_v1/appendix_d__sine__seed1103.npz,f57ce456deceb55f4965bd07ebdb9440123fd76f8ed73108e19e5361c6fa1185,configs/models/fm_cfm_ts_original_bb_gaussian_consistent_e400.json,ac874cdea39f9dd60f97f7e9a53c673e444dd87aeb9ed7fd77f8a2dc580ec832,"{""batch_size"": 256, ""grid_points"": 50, ""seed"": 1103}",16000,25200,80,500,1,held_out_complete_trajectories,experiments/runs/fm_cfm_ts_original_v1/jobs/cfm_ts_original__appendix_d__bb_gaussian_consistent_e400__sine__seed1103,F:/aicoding/IIA_Data/experiments/cfm_ts_original_v1/cfm_ts_original__appendix_d__bb_gaussian_consistent_e400__sine__seed1103,pending,,,,,,
cfm_ts_original__appendix_d__bb_gaussian_consistent_e400__sine__seed1104,appendix_d,sine,1104,bb_gaussian_consistent,bb,400,256,appendix_d__sine__seed1104,data/public_datasets/flow_matching/cfm_ts_original_ode_v1/appendix_d__sine__seed1104.npz,bd90757a0b8279f2638ffac0cafb1845100783b70fba26508d92b23b1c8a6cf7,configs/models/fm_cfm_ts_original_bb_gaussian_consistent_e400.json,ac874cdea39f9dd60f97f7e9a53c673e444dd87aeb9ed7fd77f8a2dc580ec832,"{""batch_size"": 256, ""grid_points"": 50, ""seed"": 1104}",16000,25200,80,500,1,held_out_complete_trajectories,experiments/runs/fm_cfm_ts_original_v1/jobs/cfm_ts_original__appendix_d__bb_gaussian_consistent_e400__sine__seed1104,F:/aicoding/IIA_Data/experiments/cfm_ts_original_v1/cfm_ts_original__appendix_d__bb_gaussian_consistent_e400__sine__seed1104,pending,,,,,,
cfm_ts_original__appendix_d__bb_gaussian_consistent_e400__sine__seed1105,appendix_d,sine,1105,bb_gaussian_consistent,bb,400,256,appendix_d__sine__seed1105,data/public_datasets/flow_matching/cfm_ts_original_ode_v1/appendix_d__sine__seed1105.npz,aeb32cf81e70c2cf176a624a337b408059490afb675117d685ad9f26c607b725,configs/models/fm_cfm_ts_original_bb_gaussian_consistent_e400.json,ac874cdea39f9dd60f97f7e9a53c673e444dd87aeb9ed7fd77f8a2dc580ec832,"{""batch_size"": 256, ""grid_points"": 50, ""seed"": 1105}",16000,25200,80,500,1,held_out_complete_trajectories,experiments/runs/fm_cfm_ts_original_v1/jobs/cfm_ts_original__appendix_d__bb_gaussian_consistent_e400__sine__seed1105,F:/aicoding/IIA_Data/experiments/cfm_ts_original_v1/cfm_ts_original__appendix_d__bb_gaussian_consistent_e400__sine__seed1105,pending,,,,,,
cfm_ts_original__appendix_d__bb_gaussian_consistent_e400__sine__seed1106,appendix_d,sine,1106,bb_gaussian_consistent,bb,400,256,appendix_d__sine__seed1106,data/public_datasets/flow_matching/cfm_ts_original_ode_v1/appendix_d__sine__seed1106.npz,0247ee4cbb3415d97fdd757c4d245457c84b05937c58fd6f4819090cb489f817,configs/models/fm_cfm_ts_original_bb_gaussian_consistent_e400.json,ac874cdea39f9dd60f97f7e9a53c673e444dd87aeb9ed7fd77f8a2dc580ec832,"{""batch_size"": 256, ""grid_points"": 50, ""seed"": 1106}",16000,25200,80,500,1,held_out_complete_trajectories,experiments/runs/fm_cfm_ts_original_v1/jobs/cfm_ts_original__appendix_d__bb_gaussian_consistent_e400__sine__seed1106,F:/aicoding/IIA_Data/experiments/cfm_ts_original_v1/cfm_ts_original__appendix_d__bb_gaussian_consistent_e400__sine__seed1106,pending,,,,,,
cfm_ts_original__appendix_d__bb_gaussian_consistent_e400__sine__seed1107,appendix_d,sine,1107,bb_gaussian_consistent,bb,400,256,appendix_d__sine__seed1107,data/public_datasets/flow_matching/cfm_ts_original_ode_v1/appendix_d__sine__seed1107.npz,1c57f8c7a38af52f26df29878faebd5fe75f91cc90dd52f0285147bfb7323fbf,configs/models/fm_cfm_ts_original_bb_gaussian_consistent_e400.json,ac874cdea39f9dd60f97f7e9a53c673e444dd87aeb9ed7fd77f8a2dc580ec832,"{""batch_size"": 256, ""grid_points"": 50, ""seed"": 1107}",16000,25200,80,500,1,held_out_complete_trajectories,experiments/runs/fm_cfm_ts_original_v1/jobs/cfm_ts_original__appendix_d__bb_gaussian_consistent_e400__sine__seed1107,F:/aicoding/IIA_Data/experiments/cfm_ts_original_v1/cfm_ts_original__appendix_d__bb_gaussian_consistent_e400__sine__seed1107,pending,,,,,,
cfm_ts_original__main_text__bb_gaussian_consistent_e400__sine__seed1103,main_text,sine,1103,bb_gaussian_consistent,bb,400,258,main_text__sine__seed1103,data/public_datasets/flow_matching/cfm_ts_original_ode_v1/main_text__sine__seed1103.npz,b9fbfe8b234dcc0de43e784f537e447753299e459c18ca5ae295c1fcea33898d,configs/models/fm_cfm_ts_original_bb_gaussian_consistent_e400.json,ac874cdea39f9dd60f97f7e9a53c673e444dd87aeb9ed7fd77f8a2dc580ec832,"{""batch_size"": 258, ""grid_points"": 50, ""seed"": 1103}",4000,6400,20,500,1,held_out_complete_trajectories,experiments/runs/fm_cfm_ts_original_v1/jobs/cfm_ts_original__main_text__bb_gaussian_consistent_e400__sine__seed1103,F:/aicoding/IIA_Data/experiments/cfm_ts_original_v1/cfm_ts_original__main_text__bb_gaussian_consistent_e400__sine__seed1103,pending,,,,,,
cfm_ts_original__main_text__bb_gaussian_consistent_e400__sine__seed1104,main_text,sine,1104,bb_gaussian_consistent,bb,400,258,main_text__sine__seed1104,data/public_datasets/flow_matching/cfm_ts_original_ode_v1/main_text__sine__seed1104.npz,45df51f9c8a18374d1733791b2c32145c4fbf5c75ce786cb724654e5fb35f734,configs/models/fm_cfm_ts_original_bb_gaussian_consistent_e400.json,ac874cdea39f9dd60f97f7e9a53c673e444dd87aeb9ed7fd77f8a2dc580ec832,"{""batch_size"": 258, ""grid_points"": 50, ""seed"": 1104}",4000,6400,20,500,1,held_out_complete_trajectories,experiments/runs/fm_cfm_ts_original_v1/jobs/cfm_ts_original__main_text__bb_gaussian_consistent_e400__sine__seed1104,F:/aicoding/IIA_Data/experiments/cfm_ts_original_v1/cfm_ts_original__main_text__bb_gaussian_consistent_e400__sine__seed1104,pending,,,,,,
cfm_ts_original__main_text__bb_gaussian_consistent_e400__sine__seed1105,main_text,sine,1105,bb_gaussian_consistent,bb,400,258,main_text__sine__seed1105,data/public_datasets/flow_matching/cfm_ts_original_ode_v1/main_text__sine__seed1105.npz,b25ae8eaa2189caa64da56551f9e7d14e4dbbbcd4c22e71acb3017c041919f89,configs/models/fm_cfm_ts_original_bb_gaussian_consistent_e400.json,ac874cdea39f9dd60f97f7e9a53c673e444dd87aeb9ed7fd77f8a2dc580ec832,"{""batch_size"": 258, ""grid_points"": 50, ""seed"": 1105}",4000,6400,20,500,1,held_out_complete_trajectories,experiments/runs/fm_cfm_ts_original_v1/jobs/cfm_ts_original__main_text__bb_gaussian_consistent_e400__sine__seed1105,F:/aicoding/IIA_Data/experiments/cfm_ts_original_v1/cfm_ts_original__main_text__bb_gaussian_consistent_e400__sine__seed1105,pending,,,,,,
cfm_ts_original__main_text__bb_gaussian_consistent_e400__sine__seed1106,main_text,sine,1106,bb_gaussian_consistent,bb,400,258,main_text__sine__seed1106,data/public_datasets/flow_matching/cfm_ts_original_ode_v1/main_text__sine__seed1106.npz,969491189ca7f93734e35c4dbf1845e7ac77f2193467fe5c5c64076666bd6a0a,configs/models/fm_cfm_ts_original_bb_gaussian_consistent_e400.json,ac874cdea39f9dd60f97f7e9a53c673e444dd87aeb9ed7fd77f8a2dc580ec832,"{""batch_size"": 258, ""grid_points"": 50, ""seed"": 1106}",4000,6400,20,500,1,held_out_complete_trajectories,experiments/runs/fm_cfm_ts_original_v1/jobs/cfm_ts_original__main_text__bb_gaussian_consistent_e400__sine__seed1106,F:/aicoding/IIA_Data/experiments/cfm_ts_original_v1/cfm_ts_original__main_text__bb_gaussian_consistent_e400__sine__seed1106,pending,,,,,,
cfm_ts_original__main_text__bb_gaussian_consistent_e400__sine__seed1107,main_text,sine,1107,bb_gaussian_consistent,bb,400,258,main_text__sine__seed1107,data/public_datasets/flow_matching/cfm_ts_original_ode_v1/main_text__sine__seed1107.npz,bf8d87fddc70c3d42de883e4c8a8157a9789b1bcfca048919611df300f29697c,configs/models/fm_cfm_ts_original_bb_gaussian_consistent_e400.json,ac874cdea39f9dd60f97f7e9a53c673e444dd87aeb9ed7fd77f8a2dc580ec832,"{""batch_size"": 258, ""grid_points"": 50, ""seed"": 1107}",4000,6400,20,500,1,held_out_complete_trajectories,experiments/runs/fm_cfm_ts_original_v1/jobs/cfm_ts_original__main_text__bb_gaussian_consistent_e400__sine__seed1107,F:/aicoding/IIA_Data/experiments/cfm_ts_original_v1/cfm_ts_original__main_text__bb_gaussian_consistent_e400__sine__seed1107,pending,,,,,,
cfm_ts_original__appendix_d__bb_gaussian_consistent_e600__sine__seed1103,appendix_d,sine,1103,bb_gaussian_consistent,bb,600,256,appendix_d__sine__seed1103,data/public_datasets/flow_matching/cfm_ts_original_ode_v1/appendix_d__sine__seed1103.npz,f57ce456deceb55f4965bd07ebdb9440123fd76f8ed73108e19e5361c6fa1185,configs/models/fm_cfm_ts_original_bb_gaussian_consistent_e600.json,900642655f2c0b944459b3ef0299e1f502d95be8dad8bb4715f7d7ba16700fe9,"{""batch_size"": 256, ""grid_points"": 50, ""seed"": 1103}",16000,37800,80,500,1,held_out_complete_trajectories,experiments/runs/fm_cfm_ts_original_v1/jobs/cfm_ts_original__appendix_d__bb_gaussian_consistent_e600__sine__seed1103,F:/aicoding/IIA_Data/experiments/cfm_ts_original_v1/cfm_ts_original__appendix_d__bb_gaussian_consistent_e600__sine__seed1103,pending,,,,,,
cfm_ts_original__appendix_d__bb_gaussian_consistent_e600__sine__seed1104,appendix_d,sine,1104,bb_gaussian_consistent,bb,600,256,appendix_d__sine__seed1104,data/public_datasets/flow_matching/cfm_ts_original_ode_v1/appendix_d__sine__seed1104.npz,bd90757a0b8279f2638ffac0cafb1845100783b70fba26508d92b23b1c8a6cf7,configs/models/fm_cfm_ts_original_bb_gaussian_consistent_e600.json,900642655f2c0b944459b3ef0299e1f502d95be8dad8bb4715f7d7ba16700fe9,"{""batch_size"": 256, ""grid_points"": 50, ""seed"": 1104}",16000,37800,80,500,1,held_out_complete_trajectories,experiments/runs/fm_cfm_ts_original_v1/jobs/cfm_ts_original__appendix_d__bb_gaussian_consistent_e600__sine__seed1104,F:/aicoding/IIA_Data/experiments/cfm_ts_original_v1/cfm_ts_original__appendix_d__bb_gaussian_consistent_e600__sine__seed1104,pending,,,,,,
cfm_ts_original__appendix_d__bb_gaussian_consistent_e600__sine__seed1105,appendix_d,sine,1105,bb_gaussian_consistent,bb,600,256,appendix_d__sine__seed1105,data/public_datasets/flow_matching/cfm_ts_original_ode_v1/appendix_d__sine__seed1105.npz,aeb32cf81e70c2cf176a624a337b408059490afb675117d685ad9f26c607b725,configs/models/fm_cfm_ts_original_bb_gaussian_consistent_e600.json,900642655f2c0b944459b3ef0299e1f502d95be8dad8bb4715f7d7ba16700fe9,"{""batch_size"": 256, ""grid_points"": 50, ""seed"": 1105}",16000,37800,80,500,1,held_out_complete_trajectories,experiments/runs/fm_cfm_ts_original_v1/jobs/cfm_ts_original__appendix_d__bb_gaussian_consistent_e600__sine__seed1105,F:/aicoding/IIA_Data/experiments/cfm_ts_original_v1/cfm_ts_original__appendix_d__bb_gaussian_consistent_e600__sine__seed1105,pending,,,,,,
cfm_ts_original__appendix_d__bb_gaussian_consistent_e600__sine__seed1106,appendix_d,sine,1106,bb_gaussian_consistent,bb,600,256,appendix_d__sine__seed1106,data/public_datasets/flow_matching/cfm_ts_original_ode_v1/appendix_d__sine__seed1106.npz,0247ee4cbb3415d97fdd757c4d245457c84b05937c58fd6f4819090cb489f817,configs/models/fm_cfm_ts_original_bb_gaussian_consistent_e600.json,900642655f2c0b944459b3ef0299e1f502d95be8dad8bb4715f7d7ba16700fe9,"{""batch_size"": 256, ""grid_points"": 50, ""seed"": 1106}",16000,37800,80,500,1,held_out_complete_trajectories,experiments/runs/fm_cfm_ts_original_v1/jobs/cfm_ts_original__appendix_d__bb_gaussian_consistent_e600__sine__seed1106,F:/aicoding/IIA_Data/experiments/cfm_ts_original_v1/cfm_ts_original__appendix_d__bb_gaussian_consistent_e600__sine__seed1106,pending,,,,,,
cfm_ts_original__appendix_d__bb_gaussian_consistent_e600__sine__seed1107,appendix_d,sine,1107,bb_gaussian_consistent,bb,600,256,appendix_d__sine__seed1107,data/public_datasets/flow_matching/cfm_ts_original_ode_v1/appendix_d__sine__seed1107.npz,1c57f8c7a38af52f26df29878faebd5fe75f91cc90dd52f0285147bfb7323fbf,configs/models/fm_cfm_ts_original_bb_gaussian_consistent_e600.json,900642655f2c0b944459b3ef0299e1f502d95be8dad8bb4715f7d7ba16700fe9,"{""batch_size"": 256, ""grid_points"": 50, ""seed"": 1107}",16000,37800,80,500,1,held_out_complete_trajectories,experiments/runs/fm_cfm_ts_original_v1/jobs/cfm_ts_original__appendix_d__bb_gaussian_consistent_e600__sine__seed1107,F:/aicoding/IIA_Data/experiments/cfm_ts_original_v1/cfm_ts_original__appendix_d__bb_gaussian_consistent_e600__sine__seed1107,pending,,,,,,
cfm_ts_original__main_text__bb_gaussian_consistent_e600__sine__seed1103,main_text,sine,1103,bb_gaussian_consistent,bb,600,258,main_text__sine__seed1103,data/public_datasets/flow_matching/cfm_ts_original_ode_v1/main_text__sine__seed1103.npz,b9fbfe8b234dcc0de43e784f537e447753299e459c18ca5ae295c1fcea33898d,configs/models/fm_cfm_ts_original_bb_gaussian_consistent_e600.json,900642655f2c0b944459b3ef0299e1f502d95be8dad8bb4715f7d7ba16700fe9,"{""batch_size"": 258, ""grid_points"": 50, ""seed"": 1103}",4000,9600,20,500,1,held_out_complete_trajectories,experiments/runs/fm_cfm_ts_original_v1/jobs/cfm_ts_original__main_text__bb_gaussian_consistent_e600__sine__seed1103,F:/aicoding/IIA_Data/experiments/cfm_ts_original_v1/cfm_ts_original__main_text__bb_gaussian_consistent_e600__sine__seed1103,pending,,,,,,
cfm_ts_original__main_text__bb_gaussian_consistent_e600__sine__seed1104,main_text,sine,1104,bb_gaussian_consistent,bb,600,258,main_text__sine__seed1104,data/public_datasets/flow_matching/cfm_ts_original_ode_v1/main_text__sine__seed1104.npz,45df51f9c8a18374d1733791b2c32145c4fbf5c75ce786cb724654e5fb35f734,configs/models/fm_cfm_ts_original_bb_gaussian_consistent_e600.json,900642655f2c0b944459b3ef0299e1f502d95be8dad8bb4715f7d7ba16700fe9,"{""batch_size"": 258, ""grid_points"": 50, ""seed"": 1104}",4000,9600,20,500,1,held_out_complete_trajectories,experiments/runs/fm_cfm_ts_original_v1/jobs/cfm_ts_original__main_text__bb_gaussian_consistent_e600__sine__seed1104,F:/aicoding/IIA_Data/experiments/cfm_ts_original_v1/cfm_ts_original__main_text__bb_gaussian_consistent_e600__sine__seed1104,pending,,,,,,
cfm_ts_original__main_text__bb_gaussian_consistent_e600__sine__seed1105,main_text,sine,1105,bb_gaussian_consistent,bb,600,258,main_text__sine__seed1105,data/public_datasets/flow_matching/cfm_ts_original_ode_v1/main_text__sine__seed1105.npz,b25ae8eaa2189caa64da56551f9e7d14e4dbbbcd4c22e71acb3017c041919f89,configs/models/fm_cfm_ts_original_bb_gaussian_consistent_e600.json,900642655f2c0b944459b3ef0299e1f502d95be8dad8bb4715f7d7ba16700fe9,"{""batch_size"": 258, ""grid_points"": 50, ""seed"": 1105}",4000,9600,20,500,1,held_out_complete_trajectories,experiments/runs/fm_cfm_ts_original_v1/jobs/cfm_ts_original__main_text__bb_gaussian_consistent_e600__sine__seed1105,F:/aicoding/IIA_Data/experiments/cfm_ts_original_v1/cfm_ts_original__main_text__bb_gaussian_consistent_e600__sine__seed1105,pending,,,,,,
cfm_ts_original__main_text__bb_gaussian_consistent_e600__sine__seed1106,main_text,sine,1106,bb_gaussian_consistent,bb,600,258,main_text__sine__seed1106,data/public_datasets/flow_matching/cfm_ts_original_ode_v1/main_text__sine__seed1106.npz,969491189ca7f93734e35c4dbf1845e7ac77f2193467fe5c5c64076666bd6a0a,configs/models/fm_cfm_ts_original_bb_gaussian_consistent_e600.json,900642655f2c0b944459b3ef0299e1f502d95be8dad8bb4715f7d7ba16700fe9,"{""batch_size"": 258, ""grid_points"": 50, ""seed"": 1106}",4000,9600,20,500,1,held_out_complete_trajectories,experiments/runs/fm_cfm_ts_original_v1/jobs/cfm_ts_original__main_text__bb_gaussian_consistent_e600__sine__seed1106,F:/aicoding/IIA_Data/experiments/cfm_ts_original_v1/cfm_ts_original__main_text__bb_gaussian_consistent_e600__sine__seed1106,pending,,,,,,
cfm_ts_original__main_text__bb_gaussian_consistent_e600__sine__seed1107,main_text,sine,1107,bb_gaussian_consistent,bb,600,258,main_text__sine__seed1107,data/public_datasets/flow_matching/cfm_ts_original_ode_v1/main_text__sine__seed1107.npz,bf8d87fddc70c3d42de883e4c8a8157a9789b1bcfca048919611df300f29697c,configs/models/fm_cfm_ts_original_bb_gaussian_consistent_e600.json,900642655f2c0b944459b3ef0299e1f502d95be8dad8bb4715f7d7ba16700fe9,"{""batch_size"": 258, ""grid_points"": 50, ""seed"": 1107}",4000,9600,20,500,1,held_out_complete_trajectories,experiments/runs/fm_cfm_ts_original_v1/jobs/cfm_ts_original__main_text__bb_gaussian_consistent_e600__sine__seed1107,F:/aicoding/IIA_Data/experiments/cfm_ts_original_v1/cfm_ts_original__main_text__bb_gaussian_consistent_e600__sine__seed1107,pending,,,,,,
cfm_ts_original__appendix_d__gp_paper_literal_e400__sine__seed1103,appendix_d,sine,1103,gp_paper_literal,gp,400,256,appendix_d__sine__seed1103,data/public_datasets/flow_matching/cfm_ts_original_ode_v1/appendix_d__sine__seed1103.npz,f57ce456deceb55f4965bd07ebdb9440123fd76f8ed73108e19e5361c6fa1185,configs/models/fm_cfm_ts_original_gp_paper_literal_e400.json,029044c30e0bc8162fdf1ccc1113d96225ae144607c236b0c312d4e582cd9389,"{""batch_size"": 256, ""grid_points"": 50, ""seed"": 1103}",160000,250000,80,500,1,held_out_complete_trajectories,experiments/runs/fm_cfm_ts_original_v1/jobs/cfm_ts_original__appendix_d__gp_paper_literal_e400__sine__seed1103,F:/aicoding/IIA_Data/experiments/cfm_ts_original_v1/cfm_ts_original__appendix_d__gp_paper_literal_e400__sine__seed1103,pending,,,,,,
cfm_ts_original__appendix_d__gp_paper_literal_e400__sine__seed1104,appendix_d,sine,1104,gp_paper_literal,gp,400,256,appendix_d__sine__seed1104,data/public_datasets/flow_matching/cfm_ts_original_ode_v1/appendix_d__sine__seed1104.npz,bd90757a0b8279f2638ffac0cafb1845100783b70fba26508d92b23b1c8a6cf7,configs/models/fm_cfm_ts_original_gp_paper_literal_e400.json,029044c30e0bc8162fdf1ccc1113d96225ae144607c236b0c312d4e582cd9389,"{""batch_size"": 256, ""grid_points"": 50, ""seed"": 1104}",160000,250000,80,500,1,held_out_complete_trajectories,experiments/runs/fm_cfm_ts_original_v1/jobs/cfm_ts_original__appendix_d__gp_paper_literal_e400__sine__seed1104,F:/aicoding/IIA_Data/experiments/cfm_ts_original_v1/cfm_ts_original__appendix_d__gp_paper_literal_e400__sine__seed1104,pending,,,,,,
cfm_ts_original__appendix_d__gp_paper_literal_e400__sine__seed1105,appendix_d,sine,1105,gp_paper_literal,gp,400,256,appendix_d__sine__seed1105,data/public_datasets/flow_matching/cfm_ts_original_ode_v1/appendix_d__sine__seed1105.npz,aeb32cf81e70c2cf176a624a337b408059490afb675117d685ad9f26c607b725,configs/models/fm_cfm_ts_original_gp_paper_literal_e400.json,029044c30e0bc8162fdf1ccc1113d96225ae144607c236b0c312d4e582cd9389,"{""batch_size"": 256, ""grid_points"": 50, ""seed"": 1105}",160000,250000,80,500,1,held_out_complete_trajectories,experiments/runs/fm_cfm_ts_original_v1/jobs/cfm_ts_original__appendix_d__gp_paper_literal_e400__sine__seed1105,F:/aicoding/IIA_Data/experiments/cfm_ts_original_v1/cfm_ts_original__appendix_d__gp_paper_literal_e400__sine__seed1105,pending,,,,,,
cfm_ts_original__appendix_d__gp_paper_literal_e400__sine__seed1106,appendix_d,sine,1106,gp_paper_literal,gp,400,256,appendix_d__sine__seed1106,data/public_datasets/flow_matching/cfm_ts_original_ode_v1/appendix_d__sine__seed1106.npz,0247ee4cbb3415d97fdd757c4d245457c84b05937c58fd6f4819090cb489f817,configs/models/fm_cfm_ts_original_gp_paper_literal_e400.json,029044c30e0bc8162fdf1ccc1113d96225ae144607c236b0c312d4e582cd9389,"{""batch_size"": 256, ""grid_points"": 50, ""seed"": 1106}",160000,250000,80,500,1,held_out_complete_trajectories,experiments/runs/fm_cfm_ts_original_v1/jobs/cfm_ts_original__appendix_d__gp_paper_literal_e400__sine__seed1106,F:/aicoding/IIA_Data/experiments/cfm_ts_original_v1/cfm_ts_original__appendix_d__gp_paper_literal_e400__sine__seed1106,pending,,,,,,
cfm_ts_original__appendix_d__gp_paper_literal_e400__sine__seed1107,appendix_d,sine,1107,gp_paper_literal,gp,400,256,appendix_d__sine__seed1107,data/public_datasets/flow_matching/cfm_ts_original_ode_v1/appendix_d__sine__seed1107.npz,1c57f8c7a38af52f26df29878faebd5fe75f91cc90dd52f0285147bfb7323fbf,configs/models/fm_cfm_ts_original_gp_paper_literal_e400.json,029044c30e0bc8162fdf1ccc1113d96225ae144607c236b0c312d4e582cd9389,"{""batch_size"": 256, ""grid_points"": 50, ""seed"": 1107}",160000,250000,80,500,1,held_out_complete_trajectories,experiments/runs/fm_cfm_ts_original_v1/jobs/cfm_ts_original__appendix_d__gp_paper_literal_e400__sine__seed1107,F:/aicoding/IIA_Data/experiments/cfm_ts_original_v1/cfm_ts_original__appendix_d__gp_paper_literal_e400__sine__seed1107,pending,,,,,,
cfm_ts_original__main_text__gp_paper_literal_e400__sine__seed1103,main_text,sine,1103,gp_paper_literal,gp,400,258,main_text__sine__seed1103,data/public_datasets/flow_matching/cfm_ts_original_ode_v1/main_text__sine__seed1103.npz,b9fbfe8b234dcc0de43e784f537e447753299e459c18ca5ae295c1fcea33898d,configs/models/fm_cfm_ts_original_gp_paper_literal_e400.json,029044c30e0bc8162fdf1ccc1113d96225ae144607c236b0c312d4e582cd9389,"{""batch_size"": 258, ""grid_points"": 50, ""seed"": 1103}",40000,62400,20,500,1,held_out_complete_trajectories,experiments/runs/fm_cfm_ts_original_v1/jobs/cfm_ts_original__main_text__gp_paper_literal_e400__sine__seed1103,F:/aicoding/IIA_Data/experiments/cfm_ts_original_v1/cfm_ts_original__main_text__gp_paper_literal_e400__sine__seed1103,pending,,,,,,
cfm_ts_original__main_text__gp_paper_literal_e400__sine__seed1104,main_text,sine,1104,gp_paper_literal,gp,400,258,main_text__sine__seed1104,data/public_datasets/flow_matching/cfm_ts_original_ode_v1/main_text__sine__seed1104.npz,45df51f9c8a18374d1733791b2c32145c4fbf5c75ce786cb724654e5fb35f734,configs/models/fm_cfm_ts_original_gp_paper_literal_e400.json,029044c30e0bc8162fdf1ccc1113d96225ae144607c236b0c312d4e582cd9389,"{""batch_size"": 258, ""grid_points"": 50, ""seed"": 1104}",40000,62400,20,500,1,held_out_complete_trajectories,experiments/runs/fm_cfm_ts_original_v1/jobs/cfm_ts_original__main_text__gp_paper_literal_e400__sine__seed1104,F:/aicoding/IIA_Data/experiments/cfm_ts_original_v1/cfm_ts_original__main_text__gp_paper_literal_e400__sine__seed1104,pending,,,,,,
cfm_ts_original__main_text__gp_paper_literal_e400__sine__seed1105,main_text,sine,1105,gp_paper_literal,gp,400,258,main_text__sine__seed1105,data/public_datasets/flow_matching/cfm_ts_original_ode_v1/main_text__sine__seed1105.npz,b25ae8eaa2189caa64da56551f9e7d14e4dbbbcd4c22e71acb3017c041919f89,configs/models/fm_cfm_ts_original_gp_paper_literal_e400.json,029044c30e0bc8162fdf1ccc1113d96225ae144607c236b0c312d4e582cd9389,"{""batch_size"": 258, ""grid_points"": 50, ""seed"": 1105}",40000,62400,20,500,1,held_out_complete_trajectories,experiments/runs/fm_cfm_ts_original_v1/jobs/cfm_ts_original__main_text__gp_paper_literal_e400__sine__seed1105,F:/aicoding/IIA_Data/experiments/cfm_ts_original_v1/cfm_ts_original__main_text__gp_paper_literal_e400__sine__seed1105,pending,,,,,,
cfm_ts_original__main_text__gp_paper_literal_e400__sine__seed1106,main_text,sine,1106,gp_paper_literal,gp,400,258,main_text__sine__seed1106,data/public_datasets/flow_matching/cfm_ts_original_ode_v1/main_text__sine__seed1106.npz,969491189ca7f93734e35c4dbf1845e7ac77f2193467fe5c5c64076666bd6a0a,configs/models/fm_cfm_ts_original_gp_paper_literal_e400.json,029044c30e0bc8162fdf1ccc1113d96225ae144607c236b0c312d4e582cd9389,"{""batch_size"": 258, ""grid_points"": 50, ""seed"": 1106}",40000,62400,20,500,1,held_out_complete_trajectories,experiments/runs/fm_cfm_ts_original_v1/jobs/cfm_ts_original__main_text__gp_paper_literal_e400__sine__seed1106,F:/aicoding/IIA_Data/experiments/cfm_ts_original_v1/cfm_ts_original__main_text__gp_paper_literal_e400__sine__seed1106,pending,,,,,,
cfm_ts_original__main_text__gp_paper_literal_e400__sine__seed1107,main_text,sine,1107,gp_paper_literal,gp,400,258,main_text__sine__seed1107,data/public_datasets/flow_matching/cfm_ts_original_ode_v1/main_text__sine__seed1107.npz,bf8d87fddc70c3d42de883e4c8a8157a9789b1bcfca048919611df300f29697c,configs/models/fm_cfm_ts_original_gp_paper_literal_e400.json,029044c30e0bc8162fdf1ccc1113d96225ae144607c236b0c312d4e582cd9389,"{""batch_size"": 258, ""grid_points"": 50, ""seed"": 1107}",40000,62400,20,500,1,held_out_complete_trajectories,experiments/runs/fm_cfm_ts_original_v1/jobs/cfm_ts_original__main_text__gp_paper_literal_e400__sine__seed1107,F:/aicoding/IIA_Data/experiments/cfm_ts_original_v1/cfm_ts_original__main_text__gp_paper_literal_e400__sine__seed1107,pending,,,,,,
cfm_ts_original__appendix_d__gp_paper_literal_e600__sine__seed1103,appendix_d,sine,1103,gp_paper_literal,gp,600,256,appendix_d__sine__seed1103,data/public_datasets/flow_matching/cfm_ts_original_ode_v1/appendix_d__sine__seed1103.npz,f57ce456deceb55f4965bd07ebdb9440123fd76f8ed73108e19e5361c6fa1185,configs/models/fm_cfm_ts_original_gp_paper_literal_e600.json,46f32ee108655e44d2058eb84176d6580cdab09aebe519b014ec455d25dcc668,"{""batch_size"": 256, ""grid_points"": 50, ""seed"": 1103}",160000,375000,80,500,1,held_out_complete_trajectories,experiments/runs/fm_cfm_ts_original_v1/jobs/cfm_ts_original__appendix_d__gp_paper_literal_e600__sine__seed1103,F:/aicoding/IIA_Data/experiments/cfm_ts_original_v1/cfm_ts_original__appendix_d__gp_paper_literal_e600__sine__seed1103,pending,,,,,,
cfm_ts_original__appendix_d__gp_paper_literal_e600__sine__seed1104,appendix_d,sine,1104,gp_paper_literal,gp,600,256,appendix_d__sine__seed1104,data/public_datasets/flow_matching/cfm_ts_original_ode_v1/appendix_d__sine__seed1104.npz,bd90757a0b8279f2638ffac0cafb1845100783b70fba26508d92b23b1c8a6cf7,configs/models/fm_cfm_ts_original_gp_paper_literal_e600.json,46f32ee108655e44d2058eb84176d6580cdab09aebe519b014ec455d25dcc668,"{""batch_size"": 256, ""grid_points"": 50, ""seed"": 1104}",160000,375000,80,500,1,held_out_complete_trajectories,experiments/runs/fm_cfm_ts_original_v1/jobs/cfm_ts_original__appendix_d__gp_paper_literal_e600__sine__seed1104,F:/aicoding/IIA_Data/experiments/cfm_ts_original_v1/cfm_ts_original__appendix_d__gp_paper_literal_e600__sine__seed1104,pending,,,,,,
cfm_ts_original__appendix_d__gp_paper_literal_e600__sine__seed1105,appendix_d,sine,1105,gp_paper_literal,gp,600,256,appendix_d__sine__seed1105,data/public_datasets/flow_matching/cfm_ts_original_ode_v1/appendix_d__sine__seed1105.npz,aeb32cf81e70c2cf176a624a337b408059490afb675117d685ad9f26c607b725,configs/models/fm_cfm_ts_original_gp_paper_literal_e600.json,46f32ee108655e44d2058eb84176d6580cdab09aebe519b014ec455d25dcc668,"{""batch_size"": 256, ""grid_points"": 50, ""seed"": 1105}",160000,375000,80,500,1,held_out_complete_trajectories,experiments/runs/fm_cfm_ts_original_v1/jobs/cfm_ts_original__appendix_d__gp_paper_literal_e600__sine__seed1105,F:/aicoding/IIA_Data/experiments/cfm_ts_original_v1/cfm_ts_original__appendix_d__gp_paper_literal_e600__sine__seed1105,pending,,,,,,
cfm_ts_original__appendix_d__gp_paper_literal_e600__sine__seed1106,appendix_d,sine,1106,gp_paper_literal,gp,600,256,appendix_d__sine__seed1106,data/public_datasets/flow_matching/cfm_ts_original_ode_v1/appendix_d__sine__seed1106.npz,0247ee4cbb3415d97fdd757c4d245457c84b05937c58fd6f4819090cb489f817,configs/models/fm_cfm_ts_original_gp_paper_literal_e600.json,46f32ee108655e44d2058eb84176d6580cdab09aebe519b014ec455d25dcc668,"{""batch_size"": 256, ""grid_points"": 50, ""seed"": 1106}",160000,375000,80,500,1,held_out_complete_trajectories,experiments/runs/fm_cfm_ts_original_v1/jobs/cfm_ts_original__appendix_d__gp_paper_literal_e600__sine__seed1106,F:/aicoding/IIA_Data/experiments/cfm_ts_original_v1/cfm_ts_original__appendix_d__gp_paper_literal_e600__sine__seed1106,pending,,,,,,
cfm_ts_original__appendix_d__gp_paper_literal_e600__sine__seed1107,appendix_d,sine,1107,gp_paper_literal,gp,600,256,appendix_d__sine__seed1107,data/public_datasets/flow_matching/cfm_ts_original_ode_v1/appendix_d__sine__seed1107.npz,1c57f8c7a38af52f26df29878faebd5fe75f91cc90dd52f0285147bfb7323fbf,configs/models/fm_cfm_ts_original_gp_paper_literal_e600.json,46f32ee108655e44d2058eb84176d6580cdab09aebe519b014ec455d25dcc668,"{""batch_size"": 256, ""grid_points"": 50, ""seed"": 1107}",160000,375000,80,500,1,held_out_complete_trajectories,experiments/runs/fm_cfm_ts_original_v1/jobs/cfm_ts_original__appendix_d__gp_paper_literal_e600__sine__seed1107,F:/aicoding/IIA_Data/experiments/cfm_ts_original_v1/cfm_ts_original__appendix_d__gp_paper_literal_e600__sine__seed1107,pending,,,,,,
cfm_ts_original__main_text__gp_paper_literal_e600__sine__seed1103,main_text,sine,1103,gp_paper_literal,gp,600,258,main_text__sine__seed1103,data/public_datasets/flow_matching/cfm_ts_original_ode_v1/main_text__sine__seed1103.npz,b9fbfe8b234dcc0de43e784f537e447753299e459c18ca5ae295c1fcea33898d,configs/models/fm_cfm_ts_original_gp_paper_literal_e600.json,46f32ee108655e44d2058eb84176d6580cdab09aebe519b014ec455d25dcc668,"{""batch_size"": 258, ""grid_points"": 50, ""seed"": 1103}",40000,93600,20,500,1,held_out_complete_trajectories,experiments/runs/fm_cfm_ts_original_v1/jobs/cfm_ts_original__main_text__gp_paper_literal_e600__sine__seed1103,F:/aicoding/IIA_Data/experiments/cfm_ts_original_v1/cfm_ts_original__main_text__gp_paper_literal_e600__sine__seed1103,pending,,,,,,
cfm_ts_original__main_text__gp_paper_literal_e600__sine__seed1104,main_text,sine,1104,gp_paper_literal,gp,600,258,main_text__sine__seed1104,data/public_datasets/flow_matching/cfm_ts_original_ode_v1/main_text__sine__seed1104.npz,45df51f9c8a18374d1733791b2c32145c4fbf5c75ce786cb724654e5fb35f734,configs/models/fm_cfm_ts_original_gp_paper_literal_e600.json,46f32ee108655e44d2058eb84176d6580cdab09aebe519b014ec455d25dcc668,"{""batch_size"": 258, ""grid_points"": 50, ""seed"": 1104}",40000,93600,20,500,1,held_out_complete_trajectories,experiments/runs/fm_cfm_ts_original_v1/jobs/cfm_ts_original__main_text__gp_paper_literal_e600__sine__seed1104,F:/aicoding/IIA_Data/experiments/cfm_ts_original_v1/cfm_ts_original__main_text__gp_paper_literal_e600__sine__seed1104,pending,,,,,,
cfm_ts_original__main_text__gp_paper_literal_e600__sine__seed1105,main_text,sine,1105,gp_paper_literal,gp,600,258,main_text__sine__seed1105,data/public_datasets/flow_matching/cfm_ts_original_ode_v1/main_text__sine__seed1105.npz,b25ae8eaa2189caa64da56551f9e7d14e4dbbbcd4c22e71acb3017c041919f89,configs/models/fm_cfm_ts_original_gp_paper_literal_e600.json,46f32ee108655e44d2058eb84176d6580cdab09aebe519b014ec455d25dcc668,"{""batch_size"": 258, ""grid_points"": 50, ""seed"": 1105}",40000,93600,20,500,1,held_out_complete_trajectories,experiments/runs/fm_cfm_ts_original_v1/jobs/cfm_ts_original__main_text__gp_paper_literal_e600__sine__seed1105,F:/aicoding/IIA_Data/experiments/cfm_ts_original_v1/cfm_ts_original__main_text__gp_paper_literal_e600__sine__seed1105,pending,,,,,,
cfm_ts_original__main_text__gp_paper_literal_e600__sine__seed1106,main_text,sine,1106,gp_paper_literal,gp,600,258,main_text__sine__seed1106,data/public_datasets/flow_matching/cfm_ts_original_ode_v1/main_text__sine__seed1106.npz,969491189ca7f93734e35c4dbf1845e7ac77f2193467fe5c5c64076666bd6a0a,configs/models/fm_cfm_ts_original_gp_paper_literal_e600.json,46f32ee108655e44d2058eb84176d6580cdab09aebe519b014ec455d25dcc668,"{""batch_size"": 258, ""grid_points"": 50, ""seed"": 1106}",40000,93600,20,500,1,held_out_complete_trajectories,experiments/runs/fm_cfm_ts_original_v1/jobs/cfm_ts_original__main_text__gp_paper_literal_e600__sine__seed1106,F:/aicoding/IIA_Data/experiments/cfm_ts_original_v1/cfm_ts_original__main_text__gp_paper_literal_e600__sine__seed1106,pending,,,,,,
cfm_ts_original__main_text__gp_paper_literal_e600__sine__seed1107,main_text,sine,1107,gp_paper_literal,gp,600,258,main_text__sine__seed1107,data/public_datasets/flow_matching/cfm_ts_original_ode_v1/main_text__sine__seed1107.npz,bf8d87fddc70c3d42de883e4c8a8157a9789b1bcfca048919611df300f29697c,configs/models/fm_cfm_ts_original_gp_paper_literal_e600.json,46f32ee108655e44d2058eb84176d6580cdab09aebe519b014ec455d25dcc668,"{""batch_size"": 258, ""grid_points"": 50, ""seed"": 1107}",40000,93600,20,500,1,held_out_complete_trajectories,experiments/runs/fm_cfm_ts_original_v1/jobs/cfm_ts_original__main_text__gp_paper_literal_e600__sine__seed1107,F:/aicoding/IIA_Data/experiments/cfm_ts_original_v1/cfm_ts_original__main_text__gp_paper_literal_e600__sine__seed1107,pending,,,,,,
cfm_ts_original__appendix_d__gp_gaussian_conditional_e400__sine__seed1103,appendix_d,sine,1103,gp_gaussian_conditional,gp,400,256,appendix_d__sine__seed1103,data/public_datasets/flow_matching/cfm_ts_original_ode_v1/appendix_d__sine__seed1103.npz,f57ce456deceb55f4965bd07ebdb9440123fd76f8ed73108e19e5361c6fa1185,configs/models/fm_cfm_ts_original_gp_gaussian_conditional_e400.json,1fcf7b0cb24025e1bafd8927888dd8c7ccb4d19380d6ebd1713c5b56fe2cdfc4,"{""batch_size"": 256, ""grid_points"": 50, ""seed"": 1103}",160000,250000,80,500,1,held_out_complete_trajectories,experiments/runs/fm_cfm_ts_original_v1/jobs/cfm_ts_original__appendix_d__gp_gaussian_conditional_e400__sine__seed1103,F:/aicoding/IIA_Data/experiments/cfm_ts_original_v1/cfm_ts_original__appendix_d__gp_gaussian_conditional_e400__sine__seed1103,pending,,,,,,
cfm_ts_original__appendix_d__gp_gaussian_conditional_e400__sine__seed1104,appendix_d,sine,1104,gp_gaussian_conditional,gp,400,256,appendix_d__sine__seed1104,data/public_datasets/flow_matching/cfm_ts_original_ode_v1/appendix_d__sine__seed1104.npz,bd90757a0b8279f2638ffac0cafb1845100783b70fba26508d92b23b1c8a6cf7,configs/models/fm_cfm_ts_original_gp_gaussian_conditional_e400.json,1fcf7b0cb24025e1bafd8927888dd8c7ccb4d19380d6ebd1713c5b56fe2cdfc4,"{""batch_size"": 256, ""grid_points"": 50, ""seed"": 1104}",160000,250000,80,500,1,held_out_complete_trajectories,experiments/runs/fm_cfm_ts_original_v1/jobs/cfm_ts_original__appendix_d__gp_gaussian_conditional_e400__sine__seed1104,F:/aicoding/IIA_Data/experiments/cfm_ts_original_v1/cfm_ts_original__appendix_d__gp_gaussian_conditional_e400__sine__seed1104,pending,,,,,,
cfm_ts_original__appendix_d__gp_gaussian_conditional_e400__sine__seed1105,appendix_d,sine,1105,gp_gaussian_conditional,gp,400,256,appendix_d__sine__seed1105,data/public_datasets/flow_matching/cfm_ts_original_ode_v1/appendix_d__sine__seed1105.npz,aeb32cf81e70c2cf176a624a337b408059490afb675117d685ad9f26c607b725,configs/models/fm_cfm_ts_original_gp_gaussian_conditional_e400.json,1fcf7b0cb24025e1bafd8927888dd8c7ccb4d19380d6ebd1713c5b56fe2cdfc4,"{""batch_size"": 256, ""grid_points"": 50, ""seed"": 1105}",160000,250000,80,500,1,held_out_complete_trajectories,experiments/runs/fm_cfm_ts_original_v1/jobs/cfm_ts_original__appendix_d__gp_gaussian_conditional_e400__sine__seed1105,F:/aicoding/IIA_Data/experiments/cfm_ts_original_v1/cfm_ts_original__appendix_d__gp_gaussian_conditional_e400__sine__seed1105,pending,,,,,,
cfm_ts_original__appendix_d__gp_gaussian_conditional_e400__sine__seed1106,appendix_d,sine,1106,gp_gaussian_conditional,gp,400,256,appendix_d__sine__seed1106,data/public_datasets/flow_matching/cfm_ts_original_ode_v1/appendix_d__sine__seed1106.npz,0247ee4cbb3415d97fdd757c4d245457c84b05937c58fd6f4819090cb489f817,configs/models/fm_cfm_ts_original_gp_gaussian_conditional_e400.json,1fcf7b0cb24025e1bafd8927888dd8c7ccb4d19380d6ebd1713c5b56fe2cdfc4,"{""batch_size"": 256, ""grid_points"": 50, ""seed"": 1106}",160000,250000,80,500,1,held_out_complete_trajectories,experiments/runs/fm_cfm_ts_original_v1/jobs/cfm_ts_original__appendix_d__gp_gaussian_conditional_e400__sine__seed1106,F:/aicoding/IIA_Data/experiments/cfm_ts_original_v1/cfm_ts_original__appendix_d__gp_gaussian_conditional_e400__sine__seed1106,pending,,,,,,
cfm_ts_original__appendix_d__gp_gaussian_conditional_e400__sine__seed1107,appendix_d,sine,1107,gp_gaussian_conditional,gp,400,256,appendix_d__sine__seed1107,data/public_datasets/flow_matching/cfm_ts_original_ode_v1/appendix_d__sine__seed1107.npz,1c57f8c7a38af52f26df29878faebd5fe75f91cc90dd52f0285147bfb7323fbf,configs/models/fm_cfm_ts_original_gp_gaussian_conditional_e400.json,1fcf7b0cb24025e1bafd8927888dd8c7ccb4d19380d6ebd1713c5b56fe2cdfc4,"{""batch_size"": 256, ""grid_points"": 50, ""seed"": 1107}",160000,250000,80,500,1,held_out_complete_trajectories,experiments/runs/fm_cfm_ts_original_v1/jobs/cfm_ts_original__appendix_d__gp_gaussian_conditional_e400__sine__seed1107,F:/aicoding/IIA_Data/experiments/cfm_ts_original_v1/cfm_ts_original__appendix_d__gp_gaussian_conditional_e400__sine__seed1107,pending,,,,,,
cfm_ts_original__main_text__gp_gaussian_conditional_e400__sine__seed1103,main_text,sine,1103,gp_gaussian_conditional,gp,400,258,main_text__sine__seed1103,data/public_datasets/flow_matching/cfm_ts_original_ode_v1/main_text__sine__seed1103.npz,b9fbfe8b234dcc0de43e784f537e447753299e459c18ca5ae295c1fcea33898d,configs/models/fm_cfm_ts_original_gp_gaussian_conditional_e400.json,1fcf7b0cb24025e1bafd8927888dd8c7ccb4d19380d6ebd1713c5b56fe2cdfc4,"{""batch_size"": 258, ""grid_points"": 50, ""seed"": 1103}",40000,62400,20,500,1,held_out_complete_trajectories,experiments/runs/fm_cfm_ts_original_v1/jobs/cfm_ts_original__main_text__gp_gaussian_conditional_e400__sine__seed1103,F:/aicoding/IIA_Data/experiments/cfm_ts_original_v1/cfm_ts_original__main_text__gp_gaussian_conditional_e400__sine__seed1103,pending,,,,,,
cfm_ts_original__main_text__gp_gaussian_conditional_e400__sine__seed1104,main_text,sine,1104,gp_gaussian_conditional,gp,400,258,main_text__sine__seed1104,data/public_datasets/flow_matching/cfm_ts_original_ode_v1/main_text__sine__seed1104.npz,45df51f9c8a18374d1733791b2c32145c4fbf5c75ce786cb724654e5fb35f734,configs/models/fm_cfm_ts_original_gp_gaussian_conditional_e400.json,1fcf7b0cb24025e1bafd8927888dd8c7ccb4d19380d6ebd1713c5b56fe2cdfc4,"{""batch_size"": 258, ""grid_points"": 50, ""seed"": 1104}",40000,62400,20,500,1,held_out_complete_trajectories,experiments/runs/fm_cfm_ts_original_v1/jobs/cfm_ts_original__main_text__gp_gaussian_conditional_e400__sine__seed1104,F:/aicoding/IIA_Data/experiments/cfm_ts_original_v1/cfm_ts_original__main_text__gp_gaussian_conditional_e400__sine__seed1104,pending,,,,,,
cfm_ts_original__main_text__gp_gaussian_conditional_e400__sine__seed1105,main_text,sine,1105,gp_gaussian_conditional,gp,400,258,main_text__sine__seed1105,data/public_datasets/flow_matching/cfm_ts_original_ode_v1/main_text__sine__seed1105.npz,b25ae8eaa2189caa64da56551f9e7d14e4dbbbcd4c22e71acb3017c041919f89,configs/models/fm_cfm_ts_original_gp_gaussian_conditional_e400.json,1fcf7b0cb24025e1bafd8927888dd8c7ccb4d19380d6ebd1713c5b56fe2cdfc4,"{""batch_size"": 258, ""grid_points"": 50, ""seed"": 1105}",40000,62400,20,500,1,held_out_complete_trajectories,experiments/runs/fm_cfm_ts_original_v1/jobs/cfm_ts_original__main_text__gp_gaussian_conditional_e400__sine__seed1105,F:/aicoding/IIA_Data/experiments/cfm_ts_original_v1/cfm_ts_original__main_text__gp_gaussian_conditional_e400__sine__seed1105,pending,,,,,,
cfm_ts_original__main_text__gp_gaussian_conditional_e400__sine__seed1106,main_text,sine,1106,gp_gaussian_conditional,gp,400,258,main_text__sine__seed1106,data/public_datasets/flow_matching/cfm_ts_original_ode_v1/main_text__sine__seed1106.npz,969491189ca7f93734e35c4dbf1845e7ac77f2193467fe5c5c64076666bd6a0a,configs/models/fm_cfm_ts_original_gp_gaussian_conditional_e400.json,1fcf7b0cb24025e1bafd8927888dd8c7ccb4d19380d6ebd1713c5b56fe2cdfc4,"{""batch_size"": 258, ""grid_points"": 50, ""seed"": 1106}",40000,62400,20,500,1,held_out_complete_trajectories,experiments/runs/fm_cfm_ts_original_v1/jobs/cfm_ts_original__main_text__gp_gaussian_conditional_e400__sine__seed1106,F:/aicoding/IIA_Data/experiments/cfm_ts_original_v1/cfm_ts_original__main_text__gp_gaussian_conditional_e400__sine__seed1106,pending,,,,,,
cfm_ts_original__main_text__gp_gaussian_conditional_e400__sine__seed1107,main_text,sine,1107,gp_gaussian_conditional,gp,400,258,main_text__sine__seed1107,data/public_datasets/flow_matching/cfm_ts_original_ode_v1/main_text__sine__seed1107.npz,bf8d87fddc70c3d42de883e4c8a8157a9789b1bcfca048919611df300f29697c,configs/models/fm_cfm_ts_original_gp_gaussian_conditional_e400.json,1fcf7b0cb24025e1bafd8927888dd8c7ccb4d19380d6ebd1713c5b56fe2cdfc4,"{""batch_size"": 258, ""grid_points"": 50, ""seed"": 1107}",40000,62400,20,500,1,held_out_complete_trajectories,experiments/runs/fm_cfm_ts_original_v1/jobs/cfm_ts_original__main_text__gp_gaussian_conditional_e400__sine__seed1107,F:/aicoding/IIA_Data/experiments/cfm_ts_original_v1/cfm_ts_original__main_text__gp_gaussian_conditional_e400__sine__seed1107,pending,,,,,,
cfm_ts_original__appendix_d__gp_gaussian_conditional_e600__sine__seed1103,appendix_d,sine,1103,gp_gaussian_conditional,gp,600,256,appendix_d__sine__seed1103,data/public_datasets/flow_matching/cfm_ts_original_ode_v1/appendix_d__sine__seed1103.npz,f57ce456deceb55f4965bd07ebdb9440123fd76f8ed73108e19e5361c6fa1185,configs/models/fm_cfm_ts_original_gp_gaussian_conditional_e600.json,02f473dc4034cfd44feafa1050b57366cf94aa40b445274efe92b832e2b38c21,"{""batch_size"": 256, ""grid_points"": 50, ""seed"": 1103}",160000,375000,80,500,1,held_out_complete_trajectories,experiments/runs/fm_cfm_ts_original_v1/jobs/cfm_ts_original__appendix_d__gp_gaussian_conditional_e600__sine__seed1103,F:/aicoding/IIA_Data/experiments/cfm_ts_original_v1/cfm_ts_original__appendix_d__gp_gaussian_conditional_e600__sine__seed1103,pending,,,,,,
cfm_ts_original__appendix_d__gp_gaussian_conditional_e600__sine__seed1104,appendix_d,sine,1104,gp_gaussian_conditional,gp,600,256,appendix_d__sine__seed1104,data/public_datasets/flow_matching/cfm_ts_original_ode_v1/appendix_d__sine__seed1104.npz,bd90757a0b8279f2638ffac0cafb1845100783b70fba26508d92b23b1c8a6cf7,configs/models/fm_cfm_ts_original_gp_gaussian_conditional_e600.json,02f473dc4034cfd44feafa1050b57366cf94aa40b445274efe92b832e2b38c21,"{""batch_size"": 256, ""grid_points"": 50, ""seed"": 1104}",160000,375000,80,500,1,held_out_complete_trajectories,experiments/runs/fm_cfm_ts_original_v1/jobs/cfm_ts_original__appendix_d__gp_gaussian_conditional_e600__sine__seed1104,F:/aicoding/IIA_Data/experiments/cfm_ts_original_v1/cfm_ts_original__appendix_d__gp_gaussian_conditional_e600__sine__seed1104,pending,,,,,,
cfm_ts_original__appendix_d__gp_gaussian_conditional_e600__sine__seed1105,appendix_d,sine,1105,gp_gaussian_conditional,gp,600,256,appendix_d__sine__seed1105,data/public_datasets/flow_matching/cfm_ts_original_ode_v1/appendix_d__sine__seed1105.npz,aeb32cf81e70c2cf176a624a337b408059490afb675117d685ad9f26c607b725,configs/models/fm_cfm_ts_original_gp_gaussian_conditional_e600.json,02f473dc4034cfd44feafa1050b57366cf94aa40b445274efe92b832e2b38c21,"{""batch_size"": 256, ""grid_points"": 50, ""seed"": 1105}",160000,375000,80,500,1,held_out_complete_trajectories,experiments/runs/fm_cfm_ts_original_v1/jobs/cfm_ts_original__appendix_d__gp_gaussian_conditional_e600__sine__seed1105,F:/aicoding/IIA_Data/experiments/cfm_ts_original_v1/cfm_ts_original__appendix_d__gp_gaussian_conditional_e600__sine__seed1105,pending,,,,,,
cfm_ts_original__appendix_d__gp_gaussian_conditional_e600__sine__seed1106,appendix_d,sine,1106,gp_gaussian_conditional,gp,600,256,appendix_d__sine__seed1106,data/public_datasets/flow_matching/cfm_ts_original_ode_v1/appendix_d__sine__seed1106.npz,0247ee4cbb3415d97fdd757c4d245457c84b05937c58fd6f4819090cb489f817,configs/models/fm_cfm_ts_original_gp_gaussian_conditional_e600.json,02f473dc4034cfd44feafa1050b57366cf94aa40b445274efe92b832e2b38c21,"{""batch_size"": 256, ""grid_points"": 50, ""seed"": 1106}",160000,375000,80,500,1,held_out_complete_trajectories,experiments/runs/fm_cfm_ts_original_v1/jobs/cfm_ts_original__appendix_d__gp_gaussian_conditional_e600__sine__seed1106,F:/aicoding/IIA_Data/experiments/cfm_ts_original_v1/cfm_ts_original__appendix_d__gp_gaussian_conditional_e600__sine__seed1106,pending,,,,,,
cfm_ts_original__appendix_d__gp_gaussian_conditional_e600__sine__seed1107,appendix_d,sine,1107,gp_gaussian_conditional,gp,600,256,appendix_d__sine__seed1107,data/public_datasets/flow_matching/cfm_ts_original_ode_v1/appendix_d__sine__seed1107.npz,1c57f8c7a38af52f26df29878faebd5fe75f91cc90dd52f0285147bfb7323fbf,configs/models/fm_cfm_ts_original_gp_gaussian_conditional_e600.json,02f473dc4034cfd44feafa1050b57366cf94aa40b445274efe92b832e2b38c21,"{""batch_size"": 256, ""grid_points"": 50, ""seed"": 1107}",160000,375000,80,500,1,held_out_complete_trajectories,experiments/runs/fm_cfm_ts_original_v1/jobs/cfm_ts_original__appendix_d__gp_gaussian_conditional_e600__sine__seed1107,F:/aicoding/IIA_Data/experiments/cfm_ts_original_v1/cfm_ts_original__appendix_d__gp_gaussian_conditional_e600__sine__seed1107,pending,,,,,,
cfm_ts_original__main_text__gp_gaussian_conditional_e600__sine__seed1103,main_text,sine,1103,gp_gaussian_conditional,gp,600,258,main_text__sine__seed1103,data/public_datasets/flow_matching/cfm_ts_original_ode_v1/main_text__sine__seed1103.npz,b9fbfe8b234dcc0de43e784f537e447753299e459c18ca5ae295c1fcea33898d,configs/models/fm_cfm_ts_original_gp_gaussian_conditional_e600.json,02f473dc4034cfd44feafa1050b57366cf94aa40b445274efe92b832e2b38c21,"{""batch_size"": 258, ""grid_points"": 50, ""seed"": 1103}",40000,93600,20,500,1,held_out_complete_trajectories,experiments/runs/fm_cfm_ts_original_v1/jobs/cfm_ts_original__main_text__gp_gaussian_conditional_e600__sine__seed1103,F:/aicoding/IIA_Data/experiments/cfm_ts_original_v1/cfm_ts_original__main_text__gp_gaussian_conditional_e600__sine__seed1103,pending,,,,,,
cfm_ts_original__main_text__gp_gaussian_conditional_e600__sine__seed1104,main_text,sine,1104,gp_gaussian_conditional,gp,600,258,main_text__sine__seed1104,data/public_datasets/flow_matching/cfm_ts_original_ode_v1/main_text__sine__seed1104.npz,45df51f9c8a18374d1733791b2c32145c4fbf5c75ce786cb724654e5fb35f734,configs/models/fm_cfm_ts_original_gp_gaussian_conditional_e600.json,02f473dc4034cfd44feafa1050b57366cf94aa40b445274efe92b832e2b38c21,"{""batch_size"": 258, ""grid_points"": 50, ""seed"": 1104}",40000,93600,20,500,1,held_out_complete_trajectories,experiments/runs/fm_cfm_ts_original_v1/jobs/cfm_ts_original__main_text__gp_gaussian_conditional_e600__sine__seed1104,F:/aicoding/IIA_Data/experiments/cfm_ts_original_v1/cfm_ts_original__main_text__gp_gaussian_conditional_e600__sine__seed1104,pending,,,,,,
cfm_ts_original__main_text__gp_gaussian_conditional_e600__sine__seed1105,main_text,sine,1105,gp_gaussian_conditional,gp,600,258,main_text__sine__seed1105,data/public_datasets/flow_matching/cfm_ts_original_ode_v1/main_text__sine__seed1105.npz,b25ae8eaa2189caa64da56551f9e7d14e4dbbbcd4c22e71acb3017c041919f89,configs/models/fm_cfm_ts_original_gp_gaussian_conditional_e600.json,02f473dc4034cfd44feafa1050b57366cf94aa40b445274efe92b832e2b38c21,"{""batch_size"": 258, ""grid_points"": 50, ""seed"": 1105}",40000,93600,20,500,1,held_out_complete_trajectories,experiments/runs/fm_cfm_ts_original_v1/jobs/cfm_ts_original__main_text__gp_gaussian_conditional_e600__sine__seed1105,F:/aicoding/IIA_Data/experiments/cfm_ts_original_v1/cfm_ts_original__main_text__gp_gaussian_conditional_e600__sine__seed1105,pending,,,,,,
cfm_ts_original__main_text__gp_gaussian_conditional_e600__sine__seed1106,main_text,sine,1106,gp_gaussian_conditional,gp,600,258,main_text__sine__seed1106,data/public_datasets/flow_matching/cfm_ts_original_ode_v1/main_text__sine__seed1106.npz,969491189ca7f93734e35c4dbf1845e7ac77f2193467fe5c5c64076666bd6a0a,configs/models/fm_cfm_ts_original_gp_gaussian_conditional_e600.json,02f473dc4034cfd44feafa1050b57366cf94aa40b445274efe92b832e2b38c21,"{""batch_size"": 258, ""grid_points"": 50, ""seed"": 1106}",40000,93600,20,500,1,held_out_complete_trajectories,experiments/runs/fm_cfm_ts_original_v1/jobs/cfm_ts_original__main_text__gp_gaussian_conditional_e600__sine__seed1106,F:/aicoding/IIA_Data/experiments/cfm_ts_original_v1/cfm_ts_original__main_text__gp_gaussian_conditional_e600__sine__seed1106,pending,,,,,,
cfm_ts_original__main_text__gp_gaussian_conditional_e600__sine__seed1107,main_text,sine,1107,gp_gaussian_conditional,gp,600,258,main_text__sine__seed1107,data/public_datasets/flow_matching/cfm_ts_original_ode_v1/main_text__sine__seed1107.npz,bf8d87fddc70c3d42de883e4c8a8157a9789b1bcfca048919611df300f29697c,configs/models/fm_cfm_ts_original_gp_gaussian_conditional_e600.json,02f473dc4034cfd44feafa1050b57366cf94aa40b445274efe92b832e2b38c21,"{""batch_size"": 258, ""grid_points"": 50, ""seed"": 1107}",40000,93600,20,500,1,held_out_complete_trajectories,experiments/runs/fm_cfm_ts_original_v1/jobs/cfm_ts_original__main_text__gp_gaussian_conditional_e600__sine__seed1107,F:/aicoding/IIA_Data/experiments/cfm_ts_original_v1/cfm_ts_original__main_text__gp_gaussian_conditional_e600__sine__seed1107,pending,,,,,,
cfm_ts_original__appendix_d__node_e10__sine__seed1103,appendix_d,sine,1103,node,node,10,256,appendix_d__sine__seed1103,data/public_datasets/flow_matching/cfm_ts_original_ode_v1/appendix_d__sine__seed1103.npz,f57ce456deceb55f4965bd07ebdb9440123fd76f8ed73108e19e5361c6fa1185,configs/models/fm_cfm_ts_original_node_e10.json,2c0ca0d37628242ecc8ecc4d60adf7155cccecc137b34ef4de4b3cf649d8cc11,"{""batch_size"": 256, ""grid_points"": 50, ""seed"": 1103}",320,20,80,500,1,held_out_complete_trajectories,experiments/runs/fm_cfm_ts_original_v1/jobs/cfm_ts_original__appendix_d__node_e10__sine__seed1103,F:/aicoding/IIA_Data/experiments/cfm_ts_original_v1/cfm_ts_original__appendix_d__node_e10__sine__seed1103,pending,,,,,,
cfm_ts_original__appendix_d__node_e10__sine__seed1104,appendix_d,sine,1104,node,node,10,256,appendix_d__sine__seed1104,data/public_datasets/flow_matching/cfm_ts_original_ode_v1/appendix_d__sine__seed1104.npz,bd90757a0b8279f2638ffac0cafb1845100783b70fba26508d92b23b1c8a6cf7,configs/models/fm_cfm_ts_original_node_e10.json,2c0ca0d37628242ecc8ecc4d60adf7155cccecc137b34ef4de4b3cf649d8cc11,"{""batch_size"": 256, ""grid_points"": 50, ""seed"": 1104}",320,20,80,500,1,held_out_complete_trajectories,experiments/runs/fm_cfm_ts_original_v1/jobs/cfm_ts_original__appendix_d__node_e10__sine__seed1104,F:/aicoding/IIA_Data/experiments/cfm_ts_original_v1/cfm_ts_original__appendix_d__node_e10__sine__seed1104,pending,,,,,,
cfm_ts_original__appendix_d__node_e10__sine__seed1105,appendix_d,sine,1105,node,node,10,256,appendix_d__sine__seed1105,data/public_datasets/flow_matching/cfm_ts_original_ode_v1/appendix_d__sine__seed1105.npz,aeb32cf81e70c2cf176a624a337b408059490afb675117d685ad9f26c607b725,configs/models/fm_cfm_ts_original_node_e10.json,2c0ca0d37628242ecc8ecc4d60adf7155cccecc137b34ef4de4b3cf649d8cc11,"{""batch_size"": 256, ""grid_points"": 50, ""seed"": 1105}",320,20,80,500,1,held_out_complete_trajectories,experiments/runs/fm_cfm_ts_original_v1/jobs/cfm_ts_original__appendix_d__node_e10__sine__seed1105,F:/aicoding/IIA_Data/experiments/cfm_ts_original_v1/cfm_ts_original__appendix_d__node_e10__sine__seed1105,pending,,,,,,
cfm_ts_original__appendix_d__node_e10__sine__seed1106,appendix_d,sine,1106,node,node,10,256,appendix_d__sine__seed1106,data/public_datasets/flow_matching/cfm_ts_original_ode_v1/appendix_d__sine__seed1106.npz,0247ee4cbb3415d97fdd757c4d245457c84b05937c58fd6f4819090cb489f817,configs/models/fm_cfm_ts_original_node_e10.json,2c0ca0d37628242ecc8ecc4d60adf7155cccecc137b34ef4de4b3cf649d8cc11,"{""batch_size"": 256, ""grid_points"": 50, ""seed"": 1106}",320,20,80,500,1,held_out_complete_trajectories,experiments/runs/fm_cfm_ts_original_v1/jobs/cfm_ts_original__appendix_d__node_e10__sine__seed1106,F:/aicoding/IIA_Data/experiments/cfm_ts_original_v1/cfm_ts_original__appendix_d__node_e10__sine__seed1106,pending,,,,,,
cfm_ts_original__appendix_d__node_e10__sine__seed1107,appendix_d,sine,1107,node,node,10,256,appendix_d__sine__seed1107,data/public_datasets/flow_matching/cfm_ts_original_ode_v1/appendix_d__sine__seed1107.npz,1c57f8c7a38af52f26df29878faebd5fe75f91cc90dd52f0285147bfb7323fbf,configs/models/fm_cfm_ts_original_node_e10.json,2c0ca0d37628242ecc8ecc4d60adf7155cccecc137b34ef4de4b3cf649d8cc11,"{""batch_size"": 256, ""grid_points"": 50, ""seed"": 1107}",320,20,80,500,1,held_out_complete_trajectories,experiments/runs/fm_cfm_ts_original_v1/jobs/cfm_ts_original__appendix_d__node_e10__sine__seed1107,F:/aicoding/IIA_Data/experiments/cfm_ts_original_v1/cfm_ts_original__appendix_d__node_e10__sine__seed1107,pending,,,,,,
cfm_ts_original__main_text__node_e400__sine__seed1103,main_text,sine,1103,node,node,400,258,main_text__sine__seed1103,data/public_datasets/flow_matching/cfm_ts_original_ode_v1/main_text__sine__seed1103.npz,b9fbfe8b234dcc0de43e784f537e447753299e459c18ca5ae295c1fcea33898d,configs/models/fm_cfm_ts_original_node_e400.json,1d7ec81d15aa529a72ff6c4c8ec7520add3bc948fad60551806a12408f960472,"{""batch_size"": 258, ""grid_points"": 50, ""seed"": 1103}",80,400,20,500,1,held_out_complete_trajectories,experiments/runs/fm_cfm_ts_original_v1/jobs/cfm_ts_original__main_text__node_e400__sine__seed1103,F:/aicoding/IIA_Data/experiments/cfm_ts_original_v1/cfm_ts_original__main_text__node_e400__sine__seed1103,pending,,,,,,
cfm_ts_original__main_text__node_e400__sine__seed1104,main_text,sine,1104,node,node,400,258,main_text__sine__seed1104,data/public_datasets/flow_matching/cfm_ts_original_ode_v1/main_text__sine__seed1104.npz,45df51f9c8a18374d1733791b2c32145c4fbf5c75ce786cb724654e5fb35f734,configs/models/fm_cfm_ts_original_node_e400.json,1d7ec81d15aa529a72ff6c4c8ec7520add3bc948fad60551806a12408f960472,"{""batch_size"": 258, ""grid_points"": 50, ""seed"": 1104}",80,400,20,500,1,held_out_complete_trajectories,experiments/runs/fm_cfm_ts_original_v1/jobs/cfm_ts_original__main_text__node_e400__sine__seed1104,F:/aicoding/IIA_Data/experiments/cfm_ts_original_v1/cfm_ts_original__main_text__node_e400__sine__seed1104,pending,,,,,,
cfm_ts_original__main_text__node_e400__sine__seed1105,main_text,sine,1105,node,node,400,258,main_text__sine__seed1105,data/public_datasets/flow_matching/cfm_ts_original_ode_v1/main_text__sine__seed1105.npz,b25ae8eaa2189caa64da56551f9e7d14e4dbbbcd4c22e71acb3017c041919f89,configs/models/fm_cfm_ts_original_node_e400.json,1d7ec81d15aa529a72ff6c4c8ec7520add3bc948fad60551806a12408f960472,"{""batch_size"": 258, ""grid_points"": 50, ""seed"": 1105}",80,400,20,500,1,held_out_complete_trajectories,experiments/runs/fm_cfm_ts_original_v1/jobs/cfm_ts_original__main_text__node_e400__sine__seed1105,F:/aicoding/IIA_Data/experiments/cfm_ts_original_v1/cfm_ts_original__main_text__node_e400__sine__seed1105,pending,,,,,,
cfm_ts_original__main_text__node_e400__sine__seed1106,main_text,sine,1106,node,node,400,258,main_text__sine__seed1106,data/public_datasets/flow_matching/cfm_ts_original_ode_v1/main_text__sine__seed1106.npz,969491189ca7f93734e35c4dbf1845e7ac77f2193467fe5c5c64076666bd6a0a,configs/models/fm_cfm_ts_original_node_e400.json,1d7ec81d15aa529a72ff6c4c8ec7520add3bc948fad60551806a12408f960472,"{""batch_size"": 258, ""grid_points"": 50, ""seed"": 1106}",80,400,20,500,1,held_out_complete_trajectories,experiments/runs/fm_cfm_ts_original_v1/jobs/cfm_ts_original__main_text__node_e400__sine__seed1106,F:/aicoding/IIA_Data/experiments/cfm_ts_original_v1/cfm_ts_original__main_text__node_e400__sine__seed1106,pending,,,,,,
cfm_ts_original__main_text__node_e400__sine__seed1107,main_text,sine,1107,node,node,400,258,main_text__sine__seed1107,data/public_datasets/flow_matching/cfm_ts_original_ode_v1/main_text__sine__seed1107.npz,bf8d87fddc70c3d42de883e4c8a8157a9789b1bcfca048919611df300f29697c,configs/models/fm_cfm_ts_original_node_e400.json,1d7ec81d15aa529a72ff6c4c8ec7520add3bc948fad60551806a12408f960472,"{""batch_size"": 258, ""grid_points"": 50, ""seed"": 1107}",80,400,20,500,1,held_out_complete_trajectories,experiments/runs/fm_cfm_ts_original_v1/jobs/cfm_ts_original__main_text__node_e400__sine__seed1107,F:/aicoding/IIA_Data/experiments/cfm_ts_original_v1/cfm_ts_original__main_text__node_e400__sine__seed1107,pending,,,,,,
cfm_ts_original__main_text__node_e600__sine__seed1103,main_text,sine,1103,node,node,600,258,main_text__sine__seed1103,data/public_datasets/flow_matching/cfm_ts_original_ode_v1/main_text__sine__seed1103.npz,b9fbfe8b234dcc0de43e784f537e447753299e459c18ca5ae295c1fcea33898d,configs/models/fm_cfm_ts_original_node_e600.json,e63290f51cab63e7afcbeba6c65187d6afc3a1db7d32b6268633f92aa3c27c47,"{""batch_size"": 258, ""grid_points"": 50, ""seed"": 1103}",80,600,20,500,1,held_out_complete_trajectories,experiments/runs/fm_cfm_ts_original_v1/jobs/cfm_ts_original__main_text__node_e600__sine__seed1103,F:/aicoding/IIA_Data/experiments/cfm_ts_original_v1/cfm_ts_original__main_text__node_e600__sine__seed1103,pending,,,,,,
cfm_ts_original__main_text__node_e600__sine__seed1104,main_text,sine,1104,node,node,600,258,main_text__sine__seed1104,data/public_datasets/flow_matching/cfm_ts_original_ode_v1/main_text__sine__seed1104.npz,45df51f9c8a18374d1733791b2c32145c4fbf5c75ce786cb724654e5fb35f734,configs/models/fm_cfm_ts_original_node_e600.json,e63290f51cab63e7afcbeba6c65187d6afc3a1db7d32b6268633f92aa3c27c47,"{""batch_size"": 258, ""grid_points"": 50, ""seed"": 1104}",80,600,20,500,1,held_out_complete_trajectories,experiments/runs/fm_cfm_ts_original_v1/jobs/cfm_ts_original__main_text__node_e600__sine__seed1104,F:/aicoding/IIA_Data/experiments/cfm_ts_original_v1/cfm_ts_original__main_text__node_e600__sine__seed1104,pending,,,,,,
cfm_ts_original__main_text__node_e600__sine__seed1105,main_text,sine,1105,node,node,600,258,main_text__sine__seed1105,data/public_datasets/flow_matching/cfm_ts_original_ode_v1/main_text__sine__seed1105.npz,b25ae8eaa2189caa64da56551f9e7d14e4dbbbcd4c22e71acb3017c041919f89,configs/models/fm_cfm_ts_original_node_e600.json,e63290f51cab63e7afcbeba6c65187d6afc3a1db7d32b6268633f92aa3c27c47,"{""batch_size"": 258, ""grid_points"": 50, ""seed"": 1105}",80,600,20,500,1,held_out_complete_trajectories,experiments/runs/fm_cfm_ts_original_v1/jobs/cfm_ts_original__main_text__node_e600__sine__seed1105,F:/aicoding/IIA_Data/experiments/cfm_ts_original_v1/cfm_ts_original__main_text__node_e600__sine__seed1105,pending,,,,,,
cfm_ts_original__main_text__node_e600__sine__seed1106,main_text,sine,1106,node,node,600,258,main_text__sine__seed1106,data/public_datasets/flow_matching/cfm_ts_original_ode_v1/main_text__sine__seed1106.npz,969491189ca7f93734e35c4dbf1845e7ac77f2193467fe5c5c64076666bd6a0a,configs/models/fm_cfm_ts_original_node_e600.json,e63290f51cab63e7afcbeba6c65187d6afc3a1db7d32b6268633f92aa3c27c47,"{""batch_size"": 258, ""grid_points"": 50, ""seed"": 1106}",80,600,20,500,1,held_out_complete_trajectories,experiments/runs/fm_cfm_ts_original_v1/jobs/cfm_ts_original__main_text__node_e600__sine__seed1106,F:/aicoding/IIA_Data/experiments/cfm_ts_original_v1/cfm_ts_original__main_text__node_e600__sine__seed1106,pending,,,,,,
cfm_ts_original__main_text__node_e600__sine__seed1107,main_text,sine,1107,node,node,600,258,main_text__sine__seed1107,data/public_datasets/flow_matching/cfm_ts_original_ode_v1/main_text__sine__seed1107.npz,bf8d87fddc70c3d42de883e4c8a8157a9789b1bcfca048919611df300f29697c,configs/models/fm_cfm_ts_original_node_e600.json,e63290f51cab63e7afcbeba6c65187d6afc3a1db7d32b6268633f92aa3c27c47,"{""batch_size"": 258, ""grid_points"": 50, ""seed"": 1107}",80,600,20,500,1,held_out_complete_trajectories,experiments/runs/fm_cfm_ts_original_v1/jobs/cfm_ts_original__main_text__node_e600__sine__seed1107,F:/aicoding/IIA_Data/experiments/cfm_ts_original_v1/cfm_ts_original__main_text__node_e600__sine__seed1107,pending,,,,,,
cfm_ts_original__appendix_d__bb_paper_literal_e400__lotka_volterra__seed1103,appendix_d,lotka_volterra,1103,bb_paper_literal,bb,400,256,appendix_d__lotka_volterra__seed1103,data/public_datasets/flow_matching/cfm_ts_original_ode_v1/appendix_d__lotka_volterra__seed1103.npz,1c991a102b80fddb613f96d9b518ca103776b73c77b8c9103469db0f994811e1,configs/models/fm_cfm_ts_original_bb_paper_literal_e400.json,41f9556cc1172e8ba30f375960bb19828fbdc0757c447501e93aeebe689e10bd,"{""batch_size"": 256, ""grid_points"": 50, ""seed"": 1103}",16000,25200,80,500,2,held_out_complete_trajectories,experiments/runs/fm_cfm_ts_original_v1/jobs/cfm_ts_original__appendix_d__bb_paper_literal_e400__lotka_volterra__seed1103,F:/aicoding/IIA_Data/experiments/cfm_ts_original_v1/cfm_ts_original__appendix_d__bb_paper_literal_e400__lotka_volterra__seed1103,pending,,,,,,
cfm_ts_original__appendix_d__bb_paper_literal_e400__lotka_volterra__seed1104,appendix_d,lotka_volterra,1104,bb_paper_literal,bb,400,256,appendix_d__lotka_volterra__seed1104,data/public_datasets/flow_matching/cfm_ts_original_ode_v1/appendix_d__lotka_volterra__seed1104.npz,6f1a58a57aa9378de1573062d8d59937503f32802f50bd3b83ef31e9b5b44c4e,configs/models/fm_cfm_ts_original_bb_paper_literal_e400.json,41f9556cc1172e8ba30f375960bb19828fbdc0757c447501e93aeebe689e10bd,"{""batch_size"": 256, ""grid_points"": 50, ""seed"": 1104}",16000,25200,80,500,2,held_out_complete_trajectories,experiments/runs/fm_cfm_ts_original_v1/jobs/cfm_ts_original__appendix_d__bb_paper_literal_e400__lotka_volterra__seed1104,F:/aicoding/IIA_Data/experiments/cfm_ts_original_v1/cfm_ts_original__appendix_d__bb_paper_literal_e400__lotka_volterra__seed1104,pending,,,,,,
cfm_ts_original__appendix_d__bb_paper_literal_e400__lotka_volterra__seed1105,appendix_d,lotka_volterra,1105,bb_paper_literal,bb,400,256,appendix_d__lotka_volterra__seed1105,data/public_datasets/flow_matching/cfm_ts_original_ode_v1/appendix_d__lotka_volterra__seed1105.npz,0108a75c0272377eadeca288813192d30119ecaabffa647214f8c24729de5bac,configs/models/fm_cfm_ts_original_bb_paper_literal_e400.json,41f9556cc1172e8ba30f375960bb19828fbdc0757c447501e93aeebe689e10bd,"{""batch_size"": 256, ""grid_points"": 50, ""seed"": 1105}",16000,25200,80,500,2,held_out_complete_trajectories,experiments/runs/fm_cfm_ts_original_v1/jobs/cfm_ts_original__appendix_d__bb_paper_literal_e400__lotka_volterra__seed1105,F:/aicoding/IIA_Data/experiments/cfm_ts_original_v1/cfm_ts_original__appendix_d__bb_paper_literal_e400__lotka_volterra__seed1105,pending,,,,,,
cfm_ts_original__appendix_d__bb_paper_literal_e400__lotka_volterra__seed1106,appendix_d,lotka_volterra,1106,bb_paper_literal,bb,400,256,appendix_d__lotka_volterra__seed1106,data/public_datasets/flow_matching/cfm_ts_original_ode_v1/appendix_d__lotka_volterra__seed1106.npz,bb334a2c455cbb841210a8d5db8bfb11123d35703ff1b16f3657b63269aa538a,configs/models/fm_cfm_ts_original_bb_paper_literal_e400.json,41f9556cc1172e8ba30f375960bb19828fbdc0757c447501e93aeebe689e10bd,"{""batch_size"": 256, ""grid_points"": 50, ""seed"": 1106}",16000,25200,80,500,2,held_out_complete_trajectories,experiments/runs/fm_cfm_ts_original_v1/jobs/cfm_ts_original__appendix_d__bb_paper_literal_e400__lotka_volterra__seed1106,F:/aicoding/IIA_Data/experiments/cfm_ts_original_v1/cfm_ts_original__appendix_d__bb_paper_literal_e400__lotka_volterra__seed1106,pending,,,,,,
cfm_ts_original__appendix_d__bb_paper_literal_e400__lotka_volterra__seed1107,appendix_d,lotka_volterra,1107,bb_paper_literal,bb,400,256,appendix_d__lotka_volterra__seed1107,data/public_datasets/flow_matching/cfm_ts_original_ode_v1/appendix_d__lotka_volterra__seed1107.npz,4d8526cac22ab2f30486299e4905ea9fee207276d394bf652328c0881d93cb9b,configs/models/fm_cfm_ts_original_bb_paper_literal_e400.json,41f9556cc1172e8ba30f375960bb19828fbdc0757c447501e93aeebe689e10bd,"{""batch_size"": 256, ""grid_points"": 50, ""seed"": 1107}",16000,25200,80,500,2,held_out_complete_trajectories,experiments/runs/fm_cfm_ts_original_v1/jobs/cfm_ts_original__appendix_d__bb_paper_literal_e400__lotka_volterra__seed1107,F:/aicoding/IIA_Data/experiments/cfm_ts_original_v1/cfm_ts_original__appendix_d__bb_paper_literal_e400__lotka_volterra__seed1107,pending,,,,,,
cfm_ts_original__main_text__bb_paper_literal_e400__lotka_volterra__seed1103,main_text,lotka_volterra,1103,bb_paper_literal,bb,400,258,main_text__lotka_volterra__seed1103,data/public_datasets/flow_matching/cfm_ts_original_ode_v1/main_text__lotka_volterra__seed1103.npz,5a947e4f01747280fb516b7f14f403e66fde42fad985f8a73f0796dda3efac98,configs/models/fm_cfm_ts_original_bb_paper_literal_e400.json,41f9556cc1172e8ba30f375960bb19828fbdc0757c447501e93aeebe689e10bd,"{""batch_size"": 258, ""grid_points"": 50, ""seed"": 1103}",12000,18800,60,500,2,held_out_complete_trajectories,experiments/runs/fm_cfm_ts_original_v1/jobs/cfm_ts_original__main_text__bb_paper_literal_e400__lotka_volterra__seed1103,F:/aicoding/IIA_Data/experiments/cfm_ts_original_v1/cfm_ts_original__main_text__bb_paper_literal_e400__lotka_volterra__seed1103,pending,,,,,,
cfm_ts_original__main_text__bb_paper_literal_e400__lotka_volterra__seed1104,main_text,lotka_volterra,1104,bb_paper_literal,bb,400,258,main_text__lotka_volterra__seed1104,data/public_datasets/flow_matching/cfm_ts_original_ode_v1/main_text__lotka_volterra__seed1104.npz,faa81a47029f739f95e19e5dd259b93974605e0f433b5acb62f05a6ce917f0ca,configs/models/fm_cfm_ts_original_bb_paper_literal_e400.json,41f9556cc1172e8ba30f375960bb19828fbdc0757c447501e93aeebe689e10bd,"{""batch_size"": 258, ""grid_points"": 50, ""seed"": 1104}",12000,18800,60,500,2,held_out_complete_trajectories,experiments/runs/fm_cfm_ts_original_v1/jobs/cfm_ts_original__main_text__bb_paper_literal_e400__lotka_volterra__seed1104,F:/aicoding/IIA_Data/experiments/cfm_ts_original_v1/cfm_ts_original__main_text__bb_paper_literal_e400__lotka_volterra__seed1104,pending,,,,,,
cfm_ts_original__main_text__bb_paper_literal_e400__lotka_volterra__seed1105,main_text,lotka_volterra,1105,bb_paper_literal,bb,400,258,main_text__lotka_volterra__seed1105,data/public_datasets/flow_matching/cfm_ts_original_ode_v1/main_text__lotka_volterra__seed1105.npz,6fc9a77d6d3643e70e5d369ade4a2a6872170457f9f9dc499b87bfa343500e90,configs/models/fm_cfm_ts_original_bb_paper_literal_e400.json,41f9556cc1172e8ba30f375960bb19828fbdc0757c447501e93aeebe689e10bd,"{""batch_size"": 258, ""grid_points"": 50, ""seed"": 1105}",12000,18800,60,500,2,held_out_complete_trajectories,experiments/runs/fm_cfm_ts_original_v1/jobs/cfm_ts_original__main_text__bb_paper_literal_e400__lotka_volterra__seed1105,F:/aicoding/IIA_Data/experiments/cfm_ts_original_v1/cfm_ts_original__main_text__bb_paper_literal_e400__lotka_volterra__seed1105,pending,,,,,,
cfm_ts_original__main_text__bb_paper_literal_e400__lotka_volterra__seed1106,main_text,lotka_volterra,1106,bb_paper_literal,bb,400,258,main_text__lotka_volterra__seed1106,data/public_datasets/flow_matching/cfm_ts_original_ode_v1/main_text__lotka_volterra__seed1106.npz,5a788fda081c6582b25417dce19463b3873fda74eb630279fcab45f06f68138b,configs/models/fm_cfm_ts_original_bb_paper_literal_e400.json,41f9556cc1172e8ba30f375960bb19828fbdc0757c447501e93aeebe689e10bd,"{""batch_size"": 258, ""grid_points"": 50, ""seed"": 1106}",12000,18800,60,500,2,held_out_complete_trajectories,experiments/runs/fm_cfm_ts_original_v1/jobs/cfm_ts_original__main_text__bb_paper_literal_e400__lotka_volterra__seed1106,F:/aicoding/IIA_Data/experiments/cfm_ts_original_v1/cfm_ts_original__main_text__bb_paper_literal_e400__lotka_volterra__seed1106,pending,,,,,,
cfm_ts_original__main_text__bb_paper_literal_e400__lotka_volterra__seed1107,main_text,lotka_volterra,1107,bb_paper_literal,bb,400,258,main_text__lotka_volterra__seed1107,data/public_datasets/flow_matching/cfm_ts_original_ode_v1/main_text__lotka_volterra__seed1107.npz,3ddab2ca419bca8c0403c1106bae0f9fc30a8db305c2dd9c0f032127f37a8791,configs/models/fm_cfm_ts_original_bb_paper_literal_e400.json,41f9556cc1172e8ba30f375960bb19828fbdc0757c447501e93aeebe689e10bd,"{""batch_size"": 258, ""grid_points"": 50, ""seed"": 1107}",12000,18800,60,500,2,held_out_complete_trajectories,experiments/runs/fm_cfm_ts_original_v1/jobs/cfm_ts_original__main_text__bb_paper_literal_e400__lotka_volterra__seed1107,F:/aicoding/IIA_Data/experiments/cfm_ts_original_v1/cfm_ts_original__main_text__bb_paper_literal_e400__lotka_volterra__seed1107,pending,,,,,,
cfm_ts_original__appendix_d__bb_paper_literal_e600__lotka_volterra__seed1103,appendix_d,lotka_volterra,1103,bb_paper_literal,bb,600,256,appendix_d__lotka_volterra__seed1103,data/public_datasets/flow_matching/cfm_ts_original_ode_v1/appendix_d__lotka_volterra__seed1103.npz,1c991a102b80fddb613f96d9b518ca103776b73c77b8c9103469db0f994811e1,configs/models/fm_cfm_ts_original_bb_paper_literal_e600.json,8233a604a80b4c0acc2d7f30128f1c505fa6e979cdca1e4574958ab968bc7ef5,"{""batch_size"": 256, ""grid_points"": 50, ""seed"": 1103}",16000,37800,80,500,2,held_out_complete_trajectories,experiments/runs/fm_cfm_ts_original_v1/jobs/cfm_ts_original__appendix_d__bb_paper_literal_e600__lotka_volterra__seed1103,F:/aicoding/IIA_Data/experiments/cfm_ts_original_v1/cfm_ts_original__appendix_d__bb_paper_literal_e600__lotka_volterra__seed1103,pending,,,,,,
cfm_ts_original__appendix_d__bb_paper_literal_e600__lotka_volterra__seed1104,appendix_d,lotka_volterra,1104,bb_paper_literal,bb,600,256,appendix_d__lotka_volterra__seed1104,data/public_datasets/flow_matching/cfm_ts_original_ode_v1/appendix_d__lotka_volterra__seed1104.npz,6f1a58a57aa9378de1573062d8d59937503f32802f50bd3b83ef31e9b5b44c4e,configs/models/fm_cfm_ts_original_bb_paper_literal_e600.json,8233a604a80b4c0acc2d7f30128f1c505fa6e979cdca1e4574958ab968bc7ef5,"{""batch_size"": 256, ""grid_points"": 50, ""seed"": 1104}",16000,37800,80,500,2,held_out_complete_trajectories,experiments/runs/fm_cfm_ts_original_v1/jobs/cfm_ts_original__appendix_d__bb_paper_literal_e600__lotka_volterra__seed1104,F:/aicoding/IIA_Data/experiments/cfm_ts_original_v1/cfm_ts_original__appendix_d__bb_paper_literal_e600__lotka_volterra__seed1104,pending,,,,,,
cfm_ts_original__appendix_d__bb_paper_literal_e600__lotka_volterra__seed1105,appendix_d,lotka_volterra,1105,bb_paper_literal,bb,600,256,appendix_d__lotka_volterra__seed1105,data/public_datasets/flow_matching/cfm_ts_original_ode_v1/appendix_d__lotka_volterra__seed1105.npz,0108a75c0272377eadeca288813192d30119ecaabffa647214f8c24729de5bac,configs/models/fm_cfm_ts_original_bb_paper_literal_e600.json,8233a604a80b4c0acc2d7f30128f1c505fa6e979cdca1e4574958ab968bc7ef5,"{""batch_size"": 256, ""grid_points"": 50, ""seed"": 1105}",16000,37800,80,500,2,held_out_complete_trajectories,experiments/runs/fm_cfm_ts_original_v1/jobs/cfm_ts_original__appendix_d__bb_paper_literal_e600__lotka_volterra__seed1105,F:/aicoding/IIA_Data/experiments/cfm_ts_original_v1/cfm_ts_original__appendix_d__bb_paper_literal_e600__lotka_volterra__seed1105,pending,,,,,,
cfm_ts_original__appendix_d__bb_paper_literal_e600__lotka_volterra__seed1106,appendix_d,lotka_volterra,1106,bb_paper_literal,bb,600,256,appendix_d__lotka_volterra__seed1106,data/public_datasets/flow_matching/cfm_ts_original_ode_v1/appendix_d__lotka_volterra__seed1106.npz,bb334a2c455cbb841210a8d5db8bfb11123d35703ff1b16f3657b63269aa538a,configs/models/fm_cfm_ts_original_bb_paper_literal_e600.json,8233a604a80b4c0acc2d7f30128f1c505fa6e979cdca1e4574958ab968bc7ef5,"{""batch_size"": 256, ""grid_points"": 50, ""seed"": 1106}",16000,37800,80,500,2,held_out_complete_trajectories,experiments/runs/fm_cfm_ts_original_v1/jobs/cfm_ts_original__appendix_d__bb_paper_literal_e600__lotka_volterra__seed1106,F:/aicoding/IIA_Data/experiments/cfm_ts_original_v1/cfm_ts_original__appendix_d__bb_paper_literal_e600__lotka_volterra__seed1106,pending,,,,,,
cfm_ts_original__appendix_d__bb_paper_literal_e600__lotka_volterra__seed1107,appendix_d,lotka_volterra,1107,bb_paper_literal,bb,600,256,appendix_d__lotka_volterra__seed1107,data/public_datasets/flow_matching/cfm_ts_original_ode_v1/appendix_d__lotka_volterra__seed1107.npz,4d8526cac22ab2f30486299e4905ea9fee207276d394bf652328c0881d93cb9b,configs/models/fm_cfm_ts_original_bb_paper_literal_e600.json,8233a604a80b4c0acc2d7f30128f1c505fa6e979cdca1e4574958ab968bc7ef5,"{""batch_size"": 256, ""grid_points"": 50, ""seed"": 1107}",16000,37800,80,500,2,held_out_complete_trajectories,experiments/runs/fm_cfm_ts_original_v1/jobs/cfm_ts_original__appendix_d__bb_paper_literal_e600__lotka_volterra__seed1107,F:/aicoding/IIA_Data/experiments/cfm_ts_original_v1/cfm_ts_original__appendix_d__bb_paper_literal_e600__lotka_volterra__seed1107,pending,,,,,,
cfm_ts_original__main_text__bb_paper_literal_e600__lotka_volterra__seed1103,main_text,lotka_volterra,1103,bb_paper_literal,bb,600,258,main_text__lotka_volterra__seed1103,data/public_datasets/flow_matching/cfm_ts_original_ode_v1/main_text__lotka_volterra__seed1103.npz,5a947e4f01747280fb516b7f14f403e66fde42fad985f8a73f0796dda3efac98,configs/models/fm_cfm_ts_original_bb_paper_literal_e600.json,8233a604a80b4c0acc2d7f30128f1c505fa6e979cdca1e4574958ab968bc7ef5,"{""batch_size"": 258, ""grid_points"": 50, ""seed"": 1103}",12000,28200,60,500,2,held_out_complete_trajectories,experiments/runs/fm_cfm_ts_original_v1/jobs/cfm_ts_original__main_text__bb_paper_literal_e600__lotka_volterra__seed1103,F:/aicoding/IIA_Data/experiments/cfm_ts_original_v1/cfm_ts_original__main_text__bb_paper_literal_e600__lotka_volterra__seed1103,pending,,,,,,
cfm_ts_original__main_text__bb_paper_literal_e600__lotka_volterra__seed1104,main_text,lotka_volterra,1104,bb_paper_literal,bb,600,258,main_text__lotka_volterra__seed1104,data/public_datasets/flow_matching/cfm_ts_original_ode_v1/main_text__lotka_volterra__seed1104.npz,faa81a47029f739f95e19e5dd259b93974605e0f433b5acb62f05a6ce917f0ca,configs/models/fm_cfm_ts_original_bb_paper_literal_e600.json,8233a604a80b4c0acc2d7f30128f1c505fa6e979cdca1e4574958ab968bc7ef5,"{""batch_size"": 258, ""grid_points"": 50, ""seed"": 1104}",12000,28200,60,500,2,held_out_complete_trajectories,experiments/runs/fm_cfm_ts_original_v1/jobs/cfm_ts_original__main_text__bb_paper_literal_e600__lotka_volterra__seed1104,F:/aicoding/IIA_Data/experiments/cfm_ts_original_v1/cfm_ts_original__main_text__bb_paper_literal_e600__lotka_volterra__seed1104,pending,,,,,,
cfm_ts_original__main_text__bb_paper_literal_e600__lotka_volterra__seed1105,main_text,lotka_volterra,1105,bb_paper_literal,bb,600,258,main_text__lotka_volterra__seed1105,data/public_datasets/flow_matching/cfm_ts_original_ode_v1/main_text__lotka_volterra__seed1105.npz,6fc9a77d6d3643e70e5d369ade4a2a6872170457f9f9dc499b87bfa343500e90,configs/models/fm_cfm_ts_original_bb_paper_literal_e600.json,8233a604a80b4c0acc2d7f30128f1c505fa6e979cdca1e4574958ab968bc7ef5,"{""batch_size"": 258, ""grid_points"": 50, ""seed"": 1105}",12000,28200,60,500,2,held_out_complete_trajectories,experiments/runs/fm_cfm_ts_original_v1/jobs/cfm_ts_original__main_text__bb_paper_literal_e600__lotka_volterra__seed1105,F:/aicoding/IIA_Data/experiments/cfm_ts_original_v1/cfm_ts_original__main_text__bb_paper_literal_e600__lotka_volterra__seed1105,pending,,,,,,
cfm_ts_original__main_text__bb_paper_literal_e600__lotka_volterra__seed1106,main_text,lotka_volterra,1106,bb_paper_literal,bb,600,258,main_text__lotka_volterra__seed1106,data/public_datasets/flow_matching/cfm_ts_original_ode_v1/main_text__lotka_volterra__seed1106.npz,5a788fda081c6582b25417dce19463b3873fda74eb630279fcab45f06f68138b,configs/models/fm_cfm_ts_original_bb_paper_literal_e600.json,8233a604a80b4c0acc2d7f30128f1c505fa6e979cdca1e4574958ab968bc7ef5,"{""batch_size"": 258, ""grid_points"": 50, ""seed"": 1106}",12000,28200,60,500,2,held_out_complete_trajectories,experiments/runs/fm_cfm_ts_original_v1/jobs/cfm_ts_original__main_text__bb_paper_literal_e600__lotka_volterra__seed1106,F:/aicoding/IIA_Data/experiments/cfm_ts_original_v1/cfm_ts_original__main_text__bb_paper_literal_e600__lotka_volterra__seed1106,pending,,,,,,
cfm_ts_original__main_text__bb_paper_literal_e600__lotka_volterra__seed1107,main_text,lotka_volterra,1107,bb_paper_literal,bb,600,258,main_text__lotka_volterra__seed1107,data/public_datasets/flow_matching/cfm_ts_original_ode_v1/main_text__lotka_volterra__seed1107.npz,3ddab2ca419bca8c0403c1106bae0f9fc30a8db305c2dd9c0f032127f37a8791,configs/models/fm_cfm_ts_original_bb_paper_literal_e600.json,8233a604a80b4c0acc2d7f30128f1c505fa6e979cdca1e4574958ab968bc7ef5,"{""batch_size"": 258, ""grid_points"": 50, ""seed"": 1107}",12000,28200,60,500,2,held_out_complete_trajectories,experiments/runs/fm_cfm_ts_original_v1/jobs/cfm_ts_original__main_text__bb_paper_literal_e600__lotka_volterra__seed1107,F:/aicoding/IIA_Data/experiments/cfm_ts_original_v1/cfm_ts_original__main_text__bb_paper_literal_e600__lotka_volterra__seed1107,pending,,,,,,
cfm_ts_original__appendix_d__bb_gaussian_consistent_e400__lotka_volterra__seed1103,appendix_d,lotka_volterra,1103,bb_gaussian_consistent,bb,400,256,appendix_d__lotka_volterra__seed1103,data/public_datasets/flow_matching/cfm_ts_original_ode_v1/appendix_d__lotka_volterra__seed1103.npz,1c991a102b80fddb613f96d9b518ca103776b73c77b8c9103469db0f994811e1,configs/models/fm_cfm_ts_original_bb_gaussian_consistent_e400.json,ac874cdea39f9dd60f97f7e9a53c673e444dd87aeb9ed7fd77f8a2dc580ec832,"{""batch_size"": 256, ""grid_points"": 50, ""seed"": 1103}",16000,25200,80,500,2,held_out_complete_trajectories,experiments/runs/fm_cfm_ts_original_v1/jobs/cfm_ts_original__appendix_d__bb_gaussian_consistent_e400__lotka_volterra__seed1103,F:/aicoding/IIA_Data/experiments/cfm_ts_original_v1/cfm_ts_original__appendix_d__bb_gaussian_consistent_e400__lotka_volterra__seed1103,pending,,,,,,
cfm_ts_original__appendix_d__bb_gaussian_consistent_e400__lotka_volterra__seed1104,appendix_d,lotka_volterra,1104,bb_gaussian_consistent,bb,400,256,appendix_d__lotka_volterra__seed1104,data/public_datasets/flow_matching/cfm_ts_original_ode_v1/appendix_d__lotka_volterra__seed1104.npz,6f1a58a57aa9378de1573062d8d59937503f32802f50bd3b83ef31e9b5b44c4e,configs/models/fm_cfm_ts_original_bb_gaussian_consistent_e400.json,ac874cdea39f9dd60f97f7e9a53c673e444dd87aeb9ed7fd77f8a2dc580ec832,"{""batch_size"": 256, ""grid_points"": 50, ""seed"": 1104}",16000,25200,80,500,2,held_out_complete_trajectories,experiments/runs/fm_cfm_ts_original_v1/jobs/cfm_ts_original__appendix_d__bb_gaussian_consistent_e400__lotka_volterra__seed1104,F:/aicoding/IIA_Data/experiments/cfm_ts_original_v1/cfm_ts_original__appendix_d__bb_gaussian_consistent_e400__lotka_volterra__seed1104,pending,,,,,,
cfm_ts_original__appendix_d__bb_gaussian_consistent_e400__lotka_volterra__seed1105,appendix_d,lotka_volterra,1105,bb_gaussian_consistent,bb,400,256,appendix_d__lotka_volterra__seed1105,data/public_datasets/flow_matching/cfm_ts_original_ode_v1/appendix_d__lotka_volterra__seed1105.npz,0108a75c0272377eadeca288813192d30119ecaabffa647214f8c24729de5bac,configs/models/fm_cfm_ts_original_bb_gaussian_consistent_e400.json,ac874cdea39f9dd60f97f7e9a53c673e444dd87aeb9ed7fd77f8a2dc580ec832,"{""batch_size"": 256, ""grid_points"": 50, ""seed"": 1105}",16000,25200,80,500,2,held_out_complete_trajectories,experiments/runs/fm_cfm_ts_original_v1/jobs/cfm_ts_original__appendix_d__bb_gaussian_consistent_e400__lotka_volterra__seed1105,F:/aicoding/IIA_Data/experiments/cfm_ts_original_v1/cfm_ts_original__appendix_d__bb_gaussian_consistent_e400__lotka_volterra__seed1105,pending,,,,,,
cfm_ts_original__appendix_d__bb_gaussian_consistent_e400__lotka_volterra__seed1106,appendix_d,lotka_volterra,1106,bb_gaussian_consistent,bb,400,256,appendix_d__lotka_volterra__seed1106,data/public_datasets/flow_matching/cfm_ts_original_ode_v1/appendix_d__lotka_volterra__seed1106.npz,bb334a2c455cbb841210a8d5db8bfb11123d35703ff1b16f3657b63269aa538a,configs/models/fm_cfm_ts_original_bb_gaussian_consistent_e400.json,ac874cdea39f9dd60f97f7e9a53c673e444dd87aeb9ed7fd77f8a2dc580ec832,"{""batch_size"": 256, ""grid_points"": 50, ""seed"": 1106}",16000,25200,80,500,2,held_out_complete_trajectories,experiments/runs/fm_cfm_ts_original_v1/jobs/cfm_ts_original__appendix_d__bb_gaussian_consistent_e400__lotka_volterra__seed1106,F:/aicoding/IIA_Data/experiments/cfm_ts_original_v1/cfm_ts_original__appendix_d__bb_gaussian_consistent_e400__lotka_volterra__seed1106,pending,,,,,,
cfm_ts_original__appendix_d__bb_gaussian_consistent_e400__lotka_volterra__seed1107,appendix_d,lotka_volterra,1107,bb_gaussian_consistent,bb,400,256,appendix_d__lotka_volterra__seed1107,data/public_datasets/flow_matching/cfm_ts_original_ode_v1/appendix_d__lotka_volterra__seed1107.npz,4d8526cac22ab2f30486299e4905ea9fee207276d394bf652328c0881d93cb9b,configs/models/fm_cfm_ts_original_bb_gaussian_consistent_e400.json,ac874cdea39f9dd60f97f7e9a53c673e444dd87aeb9ed7fd77f8a2dc580ec832,"{""batch_size"": 256, ""grid_points"": 50, ""seed"": 1107}",16000,25200,80,500,2,held_out_complete_trajectories,experiments/runs/fm_cfm_ts_original_v1/jobs/cfm_ts_original__appendix_d__bb_gaussian_consistent_e400__lotka_volterra__seed1107,F:/aicoding/IIA_Data/experiments/cfm_ts_original_v1/cfm_ts_original__appendix_d__bb_gaussian_consistent_e400__lotka_volterra__seed1107,pending,,,,,,
cfm_ts_original__main_text__bb_gaussian_consistent_e400__lotka_volterra__seed1103,main_text,lotka_volterra,1103,bb_gaussian_consistent,bb,400,258,main_text__lotka_volterra__seed1103,data/public_datasets/flow_matching/cfm_ts_original_ode_v1/main_text__lotka_volterra__seed1103.npz,5a947e4f01747280fb516b7f14f403e66fde42fad985f8a73f0796dda3efac98,configs/models/fm_cfm_ts_original_bb_gaussian_consistent_e400.json,ac874cdea39f9dd60f97f7e9a53c673e444dd87aeb9ed7fd77f8a2dc580ec832,"{""batch_size"": 258, ""grid_points"": 50, ""seed"": 1103}",12000,18800,60,500,2,held_out_complete_trajectories,experiments/runs/fm_cfm_ts_original_v1/jobs/cfm_ts_original__main_text__bb_gaussian_consistent_e400__lotka_volterra__seed1103,F:/aicoding/IIA_Data/experiments/cfm_ts_original_v1/cfm_ts_original__main_text__bb_gaussian_consistent_e400__lotka_volterra__seed1103,pending,,,,,,
cfm_ts_original__main_text__bb_gaussian_consistent_e400__lotka_volterra__seed1104,main_text,lotka_volterra,1104,bb_gaussian_consistent,bb,400,258,main_text__lotka_volterra__seed1104,data/public_datasets/flow_matching/cfm_ts_original_ode_v1/main_text__lotka_volterra__seed1104.npz,faa81a47029f739f95e19e5dd259b93974605e0f433b5acb62f05a6ce917f0ca,configs/models/fm_cfm_ts_original_bb_gaussian_consistent_e400.json,ac874cdea39f9dd60f97f7e9a53c673e444dd87aeb9ed7fd77f8a2dc580ec832,"{""batch_size"": 258, ""grid_points"": 50, ""seed"": 1104}",12000,18800,60,500,2,held_out_complete_trajectories,experiments/runs/fm_cfm_ts_original_v1/jobs/cfm_ts_original__main_text__bb_gaussian_consistent_e400__lotka_volterra__seed1104,F:/aicoding/IIA_Data/experiments/cfm_ts_original_v1/cfm_ts_original__main_text__bb_gaussian_consistent_e400__lotka_volterra__seed1104,pending,,,,,,
cfm_ts_original__main_text__bb_gaussian_consistent_e400__lotka_volterra__seed1105,main_text,lotka_volterra,1105,bb_gaussian_consistent,bb,400,258,main_text__lotka_volterra__seed1105,data/public_datasets/flow_matching/cfm_ts_original_ode_v1/main_text__lotka_volterra__seed1105.npz,6fc9a77d6d3643e70e5d369ade4a2a6872170457f9f9dc499b87bfa343500e90,configs/models/fm_cfm_ts_original_bb_gaussian_consistent_e400.json,ac874cdea39f9dd60f97f7e9a53c673e444dd87aeb9ed7fd77f8a2dc580ec832,"{""batch_size"": 258, ""grid_points"": 50, ""seed"": 1105}",12000,18800,60,500,2,held_out_complete_trajectories,experiments/runs/fm_cfm_ts_original_v1/jobs/cfm_ts_original__main_text__bb_gaussian_consistent_e400__lotka_volterra__seed1105,F:/aicoding/IIA_Data/experiments/cfm_ts_original_v1/cfm_ts_original__main_text__bb_gaussian_consistent_e400__lotka_volterra__seed1105,pending,,,,,,
cfm_ts_original__main_text__bb_gaussian_consistent_e400__lotka_volterra__seed1106,main_text,lotka_volterra,1106,bb_gaussian_consistent,bb,400,258,main_text__lotka_volterra__seed1106,data/public_datasets/flow_matching/cfm_ts_original_ode_v1/main_text__lotka_volterra__seed1106.npz,5a788fda081c6582b25417dce19463b3873fda74eb630279fcab45f06f68138b,configs/models/fm_cfm_ts_original_bb_gaussian_consistent_e400.json,ac874cdea39f9dd60f97f7e9a53c673e444dd87aeb9ed7fd77f8a2dc580ec832,"{""batch_size"": 258, ""grid_points"": 50, ""seed"": 1106}",12000,18800,60,500,2,held_out_complete_trajectories,experiments/runs/fm_cfm_ts_original_v1/jobs/cfm_ts_original__main_text__bb_gaussian_consistent_e400__lotka_volterra__seed1106,F:/aicoding/IIA_Data/experiments/cfm_ts_original_v1/cfm_ts_original__main_text__bb_gaussian_consistent_e400__lotka_volterra__seed1106,pending,,,,,,
cfm_ts_original__main_text__bb_gaussian_consistent_e400__lotka_volterra__seed1107,main_text,lotka_volterra,1107,bb_gaussian_consistent,bb,400,258,main_text__lotka_volterra__seed1107,data/public_datasets/flow_matching/cfm_ts_original_ode_v1/main_text__lotka_volterra__seed1107.npz,3ddab2ca419bca8c0403c1106bae0f9fc30a8db305c2dd9c0f032127f37a8791,configs/models/fm_cfm_ts_original_bb_gaussian_consistent_e400.json,ac874cdea39f9dd60f97f7e9a53c673e444dd87aeb9ed7fd77f8a2dc580ec832,"{""batch_size"": 258, ""grid_points"": 50, ""seed"": 1107}",12000,18800,60,500,2,held_out_complete_trajectories,experiments/runs/fm_cfm_ts_original_v1/jobs/cfm_ts_original__main_text__bb_gaussian_consistent_e400__lotka_volterra__seed1107,F:/aicoding/IIA_Data/experiments/cfm_ts_original_v1/cfm_ts_original__main_text__bb_gaussian_consistent_e400__lotka_volterra__seed1107,pending,,,,,,
cfm_ts_original__appendix_d__bb_gaussian_consistent_e600__lotka_volterra__seed1103,appendix_d,lotka_volterra,1103,bb_gaussian_consistent,bb,600,256,appendix_d__lotka_volterra__seed1103,data/public_datasets/flow_matching/cfm_ts_original_ode_v1/appendix_d__lotka_volterra__seed1103.npz,1c991a102b80fddb613f96d9b518ca103776b73c77b8c9103469db0f994811e1,configs/models/fm_cfm_ts_original_bb_gaussian_consistent_e600.json,900642655f2c0b944459b3ef0299e1f502d95be8dad8bb4715f7d7ba16700fe9,"{""batch_size"": 256, ""grid_points"": 50, ""seed"": 1103}",16000,37800,80,500,2,held_out_complete_trajectories,experiments/runs/fm_cfm_ts_original_v1/jobs/cfm_ts_original__appendix_d__bb_gaussian_consistent_e600__lotka_volterra__seed1103,F:/aicoding/IIA_Data/experiments/cfm_ts_original_v1/cfm_ts_original__appendix_d__bb_gaussian_consistent_e600__lotka_volterra__seed1103,pending,,,,,,
cfm_ts_original__appendix_d__bb_gaussian_consistent_e600__lotka_volterra__seed1104,appendix_d,lotka_volterra,1104,bb_gaussian_consistent,bb,600,256,appendix_d__lotka_volterra__seed1104,data/public_datasets/flow_matching/cfm_ts_original_ode_v1/appendix_d__lotka_volterra__seed1104.npz,6f1a58a57aa9378de1573062d8d59937503f32802f50bd3b83ef31e9b5b44c4e,configs/models/fm_cfm_ts_original_bb_gaussian_consistent_e600.json,900642655f2c0b944459b3ef0299e1f502d95be8dad8bb4715f7d7ba16700fe9,"{""batch_size"": 256, ""grid_points"": 50, ""seed"": 1104}",16000,37800,80,500,2,held_out_complete_trajectories,experiments/runs/fm_cfm_ts_original_v1/jobs/cfm_ts_original__appendix_d__bb_gaussian_consistent_e600__lotka_volterra__seed1104,F:/aicoding/IIA_Data/experiments/cfm_ts_original_v1/cfm_ts_original__appendix_d__bb_gaussian_consistent_e600__lotka_volterra__seed1104,pending,,,,,,
cfm_ts_original__appendix_d__bb_gaussian_consistent_e600__lotka_volterra__seed1105,appendix_d,lotka_volterra,1105,bb_gaussian_consistent,bb,600,256,appendix_d__lotka_volterra__seed1105,data/public_datasets/flow_matching/cfm_ts_original_ode_v1/appendix_d__lotka_volterra__seed1105.npz,0108a75c0272377eadeca288813192d30119ecaabffa647214f8c24729de5bac,configs/models/fm_cfm_ts_original_bb_gaussian_consistent_e600.json,900642655f2c0b944459b3ef0299e1f502d95be8dad8bb4715f7d7ba16700fe9,"{""batch_size"": 256, ""grid_points"": 50, ""seed"": 1105}",16000,37800,80,500,2,held_out_complete_trajectories,experiments/runs/fm_cfm_ts_original_v1/jobs/cfm_ts_original__appendix_d__bb_gaussian_consistent_e600__lotka_volterra__seed1105,F:/aicoding/IIA_Data/experiments/cfm_ts_original_v1/cfm_ts_original__appendix_d__bb_gaussian_consistent_e600__lotka_volterra__seed1105,pending,,,,,,
cfm_ts_original__appendix_d__bb_gaussian_consistent_e600__lotka_volterra__seed1106,appendix_d,lotka_volterra,1106,bb_gaussian_consistent,bb,600,256,appendix_d__lotka_volterra__seed1106,data/public_datasets/flow_matching/cfm_ts_original_ode_v1/appendix_d__lotka_volterra__seed1106.npz,bb334a2c455cbb841210a8d5db8bfb11123d35703ff1b16f3657b63269aa538a,configs/models/fm_cfm_ts_original_bb_gaussian_consistent_e600.json,900642655f2c0b944459b3ef0299e1f502d95be8dad8bb4715f7d7ba16700fe9,"{""batch_size"": 256, ""grid_points"": 50, ""seed"": 1106}",16000,37800,80,500,2,held_out_complete_trajectories,experiments/runs/fm_cfm_ts_original_v1/jobs/cfm_ts_original__appendix_d__bb_gaussian_consistent_e600__lotka_volterra__seed1106,F:/aicoding/IIA_Data/experiments/cfm_ts_original_v1/cfm_ts_original__appendix_d__bb_gaussian_consistent_e600__lotka_volterra__seed1106,pending,,,,,,
cfm_ts_original__appendix_d__bb_gaussian_consistent_e600__lotka_volterra__seed1107,appendix_d,lotka_volterra,1107,bb_gaussian_consistent,bb,600,256,appendix_d__lotka_volterra__seed1107,data/public_datasets/flow_matching/cfm_ts_original_ode_v1/appendix_d__lotka_volterra__seed1107.npz,4d8526cac22ab2f30486299e4905ea9fee207276d394bf652328c0881d93cb9b,configs/models/fm_cfm_ts_original_bb_gaussian_consistent_e600.json,900642655f2c0b944459b3ef0299e1f502d95be8dad8bb4715f7d7ba16700fe9,"{""batch_size"": 256, ""grid_points"": 50, ""seed"": 1107}",16000,37800,80,500,2,held_out_complete_trajectories,experiments/runs/fm_cfm_ts_original_v1/jobs/cfm_ts_original__appendix_d__bb_gaussian_consistent_e600__lotka_volterra__seed1107,F:/aicoding/IIA_Data/experiments/cfm_ts_original_v1/cfm_ts_original__appendix_d__bb_gaussian_consistent_e600__lotka_volterra__seed1107,pending,,,,,,
cfm_ts_original__main_text__bb_gaussian_consistent_e600__lotka_volterra__seed1103,main_text,lotka_volterra,1103,bb_gaussian_consistent,bb,600,258,main_text__lotka_volterra__seed1103,data/public_datasets/flow_matching/cfm_ts_original_ode_v1/main_text__lotka_volterra__seed1103.npz,5a947e4f01747280fb516b7f14f403e66fde42fad985f8a73f0796dda3efac98,configs/models/fm_cfm_ts_original_bb_gaussian_consistent_e600.json,900642655f2c0b944459b3ef0299e1f502d95be8dad8bb4715f7d7ba16700fe9,"{""batch_size"": 258, ""grid_points"": 50, ""seed"": 1103}",12000,28200,60,500,2,held_out_complete_trajectories,experiments/runs/fm_cfm_ts_original_v1/jobs/cfm_ts_original__main_text__bb_gaussian_consistent_e600__lotka_volterra__seed1103,F:/aicoding/IIA_Data/experiments/cfm_ts_original_v1/cfm_ts_original__main_text__bb_gaussian_consistent_e600__lotka_volterra__seed1103,pending,,,,,,
cfm_ts_original__main_text__bb_gaussian_consistent_e600__lotka_volterra__seed1104,main_text,lotka_volterra,1104,bb_gaussian_consistent,bb,600,258,main_text__lotka_volterra__seed1104,data/public_datasets/flow_matching/cfm_ts_original_ode_v1/main_text__lotka_volterra__seed1104.npz,faa81a47029f739f95e19e5dd259b93974605e0f433b5acb62f05a6ce917f0ca,configs/models/fm_cfm_ts_original_bb_gaussian_consistent_e600.json,900642655f2c0b944459b3ef0299e1f502d95be8dad8bb4715f7d7ba16700fe9,"{""batch_size"": 258, ""grid_points"": 50, ""seed"": 1104}",12000,28200,60,500,2,held_out_complete_trajectories,experiments/runs/fm_cfm_ts_original_v1/jobs/cfm_ts_original__main_text__bb_gaussian_consistent_e600__lotka_volterra__seed1104,F:/aicoding/IIA_Data/experiments/cfm_ts_original_v1/cfm_ts_original__main_text__bb_gaussian_consistent_e600__lotka_volterra__seed1104,pending,,,,,,
cfm_ts_original__main_text__bb_gaussian_consistent_e600__lotka_volterra__seed1105,main_text,lotka_volterra,1105,bb_gaussian_consistent,bb,600,258,main_text__lotka_volterra__seed1105,data/public_datasets/flow_matching/cfm_ts_original_ode_v1/main_text__lotka_volterra__seed1105.npz,6fc9a77d6d3643e70e5d369ade4a2a6872170457f9f9dc499b87bfa343500e90,configs/models/fm_cfm_ts_original_bb_gaussian_consistent_e600.json,900642655f2c0b944459b3ef0299e1f502d95be8dad8bb4715f7d7ba16700fe9,"{""batch_size"": 258, ""grid_points"": 50, ""seed"": 1105}",12000,28200,60,500,2,held_out_complete_trajectories,experiments/runs/fm_cfm_ts_original_v1/jobs/cfm_ts_original__main_text__bb_gaussian_consistent_e600__lotka_volterra__seed1105,F:/aicoding/IIA_Data/experiments/cfm_ts_original_v1/cfm_ts_original__main_text__bb_gaussian_consistent_e600__lotka_volterra__seed1105,pending,,,,,,
cfm_ts_original__main_text__bb_gaussian_consistent_e600__lotka_volterra__seed1106,main_text,lotka_volterra,1106,bb_gaussian_consistent,bb,600,258,main_text__lotka_volterra__seed1106,data/public_datasets/flow_matching/cfm_ts_original_ode_v1/main_text__lotka_volterra__seed1106.npz,5a788fda081c6582b25417dce19463b3873fda74eb630279fcab45f06f68138b,configs/models/fm_cfm_ts_original_bb_gaussian_consistent_e600.json,900642655f2c0b944459b3ef0299e1f502d95be8dad8bb4715f7d7ba16700fe9,"{""batch_size"": 258, ""grid_points"": 50, ""seed"": 1106}",12000,28200,60,500,2,held_out_complete_trajectories,experiments/runs/fm_cfm_ts_original_v1/jobs/cfm_ts_original__main_text__bb_gaussian_consistent_e600__lotka_volterra__seed1106,F:/aicoding/IIA_Data/experiments/cfm_ts_original_v1/cfm_ts_original__main_text__bb_gaussian_consistent_e600__lotka_volterra__seed1106,pending,,,,,,
cfm_ts_original__main_text__bb_gaussian_consistent_e600__lotka_volterra__seed1107,main_text,lotka_volterra,1107,bb_gaussian_consistent,bb,600,258,main_text__lotka_volterra__seed1107,data/public_datasets/flow_matching/cfm_ts_original_ode_v1/main_text__lotka_volterra__seed1107.npz,3ddab2ca419bca8c0403c1106bae0f9fc30a8db305c2dd9c0f032127f37a8791,configs/models/fm_cfm_ts_original_bb_gaussian_consistent_e600.json,900642655f2c0b944459b3ef0299e1f502d95be8dad8bb4715f7d7ba16700fe9,"{""batch_size"": 258, ""grid_points"": 50, ""seed"": 1107}",12000,28200,60,500,2,held_out_complete_trajectories,experiments/runs/fm_cfm_ts_original_v1/jobs/cfm_ts_original__main_text__bb_gaussian_consistent_e600__lotka_volterra__seed1107,F:/aicoding/IIA_Data/experiments/cfm_ts_original_v1/cfm_ts_original__main_text__bb_gaussian_consistent_e600__lotka_volterra__seed1107,pending,,,,,,
cfm_ts_original__appendix_d__gp_paper_literal_e400__lotka_volterra__seed1103,appendix_d,lotka_volterra,1103,gp_paper_literal,gp,400,256,appendix_d__lotka_volterra__seed1103,data/public_datasets/flow_matching/cfm_ts_original_ode_v1/appendix_d__lotka_volterra__seed1103.npz,1c991a102b80fddb613f96d9b518ca103776b73c77b8c9103469db0f994811e1,configs/models/fm_cfm_ts_original_gp_paper_literal_e400.json,029044c30e0bc8162fdf1ccc1113d96225ae144607c236b0c312d4e582cd9389,"{""batch_size"": 256, ""grid_points"": 50, ""seed"": 1103}",160000,250000,80,500,2,held_out_complete_trajectories,experiments/runs/fm_cfm_ts_original_v1/jobs/cfm_ts_original__appendix_d__gp_paper_literal_e400__lotka_volterra__seed1103,F:/aicoding/IIA_Data/experiments/cfm_ts_original_v1/cfm_ts_original__appendix_d__gp_paper_literal_e400__lotka_volterra__seed1103,pending,,,,,,
cfm_ts_original__appendix_d__gp_paper_literal_e400__lotka_volterra__seed1104,appendix_d,lotka_volterra,1104,gp_paper_literal,gp,400,256,appendix_d__lotka_volterra__seed1104,data/public_datasets/flow_matching/cfm_ts_original_ode_v1/appendix_d__lotka_volterra__seed1104.npz,6f1a58a57aa9378de1573062d8d59937503f32802f50bd3b83ef31e9b5b44c4e,configs/models/fm_cfm_ts_original_gp_paper_literal_e400.json,029044c30e0bc8162fdf1ccc1113d96225ae144607c236b0c312d4e582cd9389,"{""batch_size"": 256, ""grid_points"": 50, ""seed"": 1104}",160000,250000,80,500,2,held_out_complete_trajectories,experiments/runs/fm_cfm_ts_original_v1/jobs/cfm_ts_original__appendix_d__gp_paper_literal_e400__lotka_volterra__seed1104,F:/aicoding/IIA_Data/experiments/cfm_ts_original_v1/cfm_ts_original__appendix_d__gp_paper_literal_e400__lotka_volterra__seed1104,pending,,,,,,
cfm_ts_original__appendix_d__gp_paper_literal_e400__lotka_volterra__seed1105,appendix_d,lotka_volterra,1105,gp_paper_literal,gp,400,256,appendix_d__lotka_volterra__seed1105,data/public_datasets/flow_matching/cfm_ts_original_ode_v1/appendix_d__lotka_volterra__seed1105.npz,0108a75c0272377eadeca288813192d30119ecaabffa647214f8c24729de5bac,configs/models/fm_cfm_ts_original_gp_paper_literal_e400.json,029044c30e0bc8162fdf1ccc1113d96225ae144607c236b0c312d4e582cd9389,"{""batch_size"": 256, ""grid_points"": 50, ""seed"": 1105}",160000,250000,80,500,2,held_out_complete_trajectories,experiments/runs/fm_cfm_ts_original_v1/jobs/cfm_ts_original__appendix_d__gp_paper_literal_e400__lotka_volterra__seed1105,F:/aicoding/IIA_Data/experiments/cfm_ts_original_v1/cfm_ts_original__appendix_d__gp_paper_literal_e400__lotka_volterra__seed1105,pending,,,,,,
cfm_ts_original__appendix_d__gp_paper_literal_e400__lotka_volterra__seed1106,appendix_d,lotka_volterra,1106,gp_paper_literal,gp,400,256,appendix_d__lotka_volterra__seed1106,data/public_datasets/flow_matching/cfm_ts_original_ode_v1/appendix_d__lotka_volterra__seed1106.npz,bb334a2c455cbb841210a8d5db8bfb11123d35703ff1b16f3657b63269aa538a,configs/models/fm_cfm_ts_original_gp_paper_literal_e400.json,029044c30e0bc8162fdf1ccc1113d96225ae144607c236b0c312d4e582cd9389,"{""batch_size"": 256, ""grid_points"": 50, ""seed"": 1106}",160000,250000,80,500,2,held_out_complete_trajectories,experiments/runs/fm_cfm_ts_original_v1/jobs/cfm_ts_original__appendix_d__gp_paper_literal_e400__lotka_volterra__seed1106,F:/aicoding/IIA_Data/experiments/cfm_ts_original_v1/cfm_ts_original__appendix_d__gp_paper_literal_e400__lotka_volterra__seed1106,pending,,,,,,
cfm_ts_original__appendix_d__gp_paper_literal_e400__lotka_volterra__seed1107,appendix_d,lotka_volterra,1107,gp_paper_literal,gp,400,256,appendix_d__lotka_volterra__seed1107,data/public_datasets/flow_matching/cfm_ts_original_ode_v1/appendix_d__lotka_volterra__seed1107.npz,4d8526cac22ab2f30486299e4905ea9fee207276d394bf652328c0881d93cb9b,configs/models/fm_cfm_ts_original_gp_paper_literal_e400.json,029044c30e0bc8162fdf1ccc1113d96225ae144607c236b0c312d4e582cd9389,"{""batch_size"": 256, ""grid_points"": 50, ""seed"": 1107}",160000,250000,80,500,2,held_out_complete_trajectories,experiments/runs/fm_cfm_ts_original_v1/jobs/cfm_ts_original__appendix_d__gp_paper_literal_e400__lotka_volterra__seed1107,F:/aicoding/IIA_Data/experiments/cfm_ts_original_v1/cfm_ts_original__appendix_d__gp_paper_literal_e400__lotka_volterra__seed1107,pending,,,,,,
cfm_ts_original__main_text__gp_paper_literal_e400__lotka_volterra__seed1103,main_text,lotka_volterra,1103,gp_paper_literal,gp,400,258,main_text__lotka_volterra__seed1103,data/public_datasets/flow_matching/cfm_ts_original_ode_v1/main_text__lotka_volterra__seed1103.npz,5a947e4f01747280fb516b7f14f403e66fde42fad985f8a73f0796dda3efac98,configs/models/fm_cfm_ts_original_gp_paper_literal_e400.json,029044c30e0bc8162fdf1ccc1113d96225ae144607c236b0c312d4e582cd9389,"{""batch_size"": 258, ""grid_points"": 50, ""seed"": 1103}",120000,186400,60,500,2,held_out_complete_trajectories,experiments/runs/fm_cfm_ts_original_v1/jobs/cfm_ts_original__main_text__gp_paper_literal_e400__lotka_volterra__seed1103,F:/aicoding/IIA_Data/experiments/cfm_ts_original_v1/cfm_ts_original__main_text__gp_paper_literal_e400__lotka_volterra__seed1103,pending,,,,,,
cfm_ts_original__main_text__gp_paper_literal_e400__lotka_volterra__seed1104,main_text,lotka_volterra,1104,gp_paper_literal,gp,400,258,main_text__lotka_volterra__seed1104,data/public_datasets/flow_matching/cfm_ts_original_ode_v1/main_text__lotka_volterra__seed1104.npz,faa81a47029f739f95e19e5dd259b93974605e0f433b5acb62f05a6ce917f0ca,configs/models/fm_cfm_ts_original_gp_paper_literal_e400.json,029044c30e0bc8162fdf1ccc1113d96225ae144607c236b0c312d4e582cd9389,"{""batch_size"": 258, ""grid_points"": 50, ""seed"": 1104}",120000,186400,60,500,2,held_out_complete_trajectories,experiments/runs/fm_cfm_ts_original_v1/jobs/cfm_ts_original__main_text__gp_paper_literal_e400__lotka_volterra__seed1104,F:/aicoding/IIA_Data/experiments/cfm_ts_original_v1/cfm_ts_original__main_text__gp_paper_literal_e400__lotka_volterra__seed1104,pending,,,,,,
cfm_ts_original__main_text__gp_paper_literal_e400__lotka_volterra__seed1105,main_text,lotka_volterra,1105,gp_paper_literal,gp,400,258,main_text__lotka_volterra__seed1105,data/public_datasets/flow_matching/cfm_ts_original_ode_v1/main_text__lotka_volterra__seed1105.npz,6fc9a77d6d3643e70e5d369ade4a2a6872170457f9f9dc499b87bfa343500e90,configs/models/fm_cfm_ts_original_gp_paper_literal_e400.json,029044c30e0bc8162fdf1ccc1113d96225ae144607c236b0c312d4e582cd9389,"{""batch_size"": 258, ""grid_points"": 50, ""seed"": 1105}",120000,186400,60,500,2,held_out_complete_trajectories,experiments/runs/fm_cfm_ts_original_v1/jobs/cfm_ts_original__main_text__gp_paper_literal_e400__lotka_volterra__seed1105,F:/aicoding/IIA_Data/experiments/cfm_ts_original_v1/cfm_ts_original__main_text__gp_paper_literal_e400__lotka_volterra__seed1105,pending,,,,,,
cfm_ts_original__main_text__gp_paper_literal_e400__lotka_volterra__seed1106,main_text,lotka_volterra,1106,gp_paper_literal,gp,400,258,main_text__lotka_volterra__seed1106,data/public_datasets/flow_matching/cfm_ts_original_ode_v1/main_text__lotka_volterra__seed1106.npz,5a788fda081c6582b25417dce19463b3873fda74eb630279fcab45f06f68138b,configs/models/fm_cfm_ts_original_gp_paper_literal_e400.json,029044c30e0bc8162fdf1ccc1113d96225ae144607c236b0c312d4e582cd9389,"{""batch_size"": 258, ""grid_points"": 50, ""seed"": 1106}",120000,186400,60,500,2,held_out_complete_trajectories,experiments/runs/fm_cfm_ts_original_v1/jobs/cfm_ts_original__main_text__gp_paper_literal_e400__lotka_volterra__seed1106,F:/aicoding/IIA_Data/experiments/cfm_ts_original_v1/cfm_ts_original__main_text__gp_paper_literal_e400__lotka_volterra__seed1106,pending,,,,,,
cfm_ts_original__main_text__gp_paper_literal_e400__lotka_volterra__seed1107,main_text,lotka_volterra,1107,gp_paper_literal,gp,400,258,main_text__lotka_volterra__seed1107,data/public_datasets/flow_matching/cfm_ts_original_ode_v1/main_text__lotka_volterra__seed1107.npz,3ddab2ca419bca8c0403c1106bae0f9fc30a8db305c2dd9c0f032127f37a8791,configs/models/fm_cfm_ts_original_gp_paper_literal_e400.json,029044c30e0bc8162fdf1ccc1113d96225ae144607c236b0c312d4e582cd9389,"{""batch_size"": 258, ""grid_points"": 50, ""seed"": 1107}",120000,186400,60,500,2,held_out_complete_trajectories,experiments/runs/fm_cfm_ts_original_v1/jobs/cfm_ts_original__main_text__gp_paper_literal_e400__lotka_volterra__seed1107,F:/aicoding/IIA_Data/experiments/cfm_ts_original_v1/cfm_ts_original__main_text__gp_paper_literal_e400__lotka_volterra__seed1107,pending,,,,,,
cfm_ts_original__appendix_d__gp_paper_literal_e600__lotka_volterra__seed1103,appendix_d,lotka_volterra,1103,gp_paper_literal,gp,600,256,appendix_d__lotka_volterra__seed1103,data/public_datasets/flow_matching/cfm_ts_original_ode_v1/appendix_d__lotka_volterra__seed1103.npz,1c991a102b80fddb613f96d9b518ca103776b73c77b8c9103469db0f994811e1,configs/models/fm_cfm_ts_original_gp_paper_literal_e600.json,46f32ee108655e44d2058eb84176d6580cdab09aebe519b014ec455d25dcc668,"{""batch_size"": 256, ""grid_points"": 50, ""seed"": 1103}",160000,375000,80,500,2,held_out_complete_trajectories,experiments/runs/fm_cfm_ts_original_v1/jobs/cfm_ts_original__appendix_d__gp_paper_literal_e600__lotka_volterra__seed1103,F:/aicoding/IIA_Data/experiments/cfm_ts_original_v1/cfm_ts_original__appendix_d__gp_paper_literal_e600__lotka_volterra__seed1103,pending,,,,,,
cfm_ts_original__appendix_d__gp_paper_literal_e600__lotka_volterra__seed1104,appendix_d,lotka_volterra,1104,gp_paper_literal,gp,600,256,appendix_d__lotka_volterra__seed1104,data/public_datasets/flow_matching/cfm_ts_original_ode_v1/appendix_d__lotka_volterra__seed1104.npz,6f1a58a57aa9378de1573062d8d59937503f32802f50bd3b83ef31e9b5b44c4e,configs/models/fm_cfm_ts_original_gp_paper_literal_e600.json,46f32ee108655e44d2058eb84176d6580cdab09aebe519b014ec455d25dcc668,"{""batch_size"": 256, ""grid_points"": 50, ""seed"": 1104}",160000,375000,80,500,2,held_out_complete_trajectories,experiments/runs/fm_cfm_ts_original_v1/jobs/cfm_ts_original__appendix_d__gp_paper_literal_e600__lotka_volterra__seed1104,F:/aicoding/IIA_Data/experiments/cfm_ts_original_v1/cfm_ts_original__appendix_d__gp_paper_literal_e600__lotka_volterra__seed1104,pending,,,,,,
cfm_ts_original__appendix_d__gp_paper_literal_e600__lotka_volterra__seed1105,appendix_d,lotka_volterra,1105,gp_paper_literal,gp,600,256,appendix_d__lotka_volterra__seed1105,data/public_datasets/flow_matching/cfm_ts_original_ode_v1/appendix_d__lotka_volterra__seed1105.npz,0108a75c0272377eadeca288813192d30119ecaabffa647214f8c24729de5bac,configs/models/fm_cfm_ts_original_gp_paper_literal_e600.json,46f32ee108655e44d2058eb84176d6580cdab09aebe519b014ec455d25dcc668,"{""batch_size"": 256, ""grid_points"": 50, ""seed"": 1105}",160000,375000,80,500,2,held_out_complete_trajectories,experiments/runs/fm_cfm_ts_original_v1/jobs/cfm_ts_original__appendix_d__gp_paper_literal_e600__lotka_volterra__seed1105,F:/aicoding/IIA_Data/experiments/cfm_ts_original_v1/cfm_ts_original__appendix_d__gp_paper_literal_e600__lotka_volterra__seed1105,pending,,,,,,
cfm_ts_original__appendix_d__gp_paper_literal_e600__lotka_volterra__seed1106,appendix_d,lotka_volterra,1106,gp_paper_literal,gp,600,256,appendix_d__lotka_volterra__seed1106,data/public_datasets/flow_matching/cfm_ts_original_ode_v1/appendix_d__lotka_volterra__seed1106.npz,bb334a2c455cbb841210a8d5db8bfb11123d35703ff1b16f3657b63269aa538a,configs/models/fm_cfm_ts_original_gp_paper_literal_e600.json,46f32ee108655e44d2058eb84176d6580cdab09aebe519b014ec455d25dcc668,"{""batch_size"": 256, ""grid_points"": 50, ""seed"": 1106}",160000,375000,80,500,2,held_out_complete_trajectories,experiments/runs/fm_cfm_ts_original_v1/jobs/cfm_ts_original__appendix_d__gp_paper_literal_e600__lotka_volterra__seed1106,F:/aicoding/IIA_Data/experiments/cfm_ts_original_v1/cfm_ts_original__appendix_d__gp_paper_literal_e600__lotka_volterra__seed1106,pending,,,,,,
cfm_ts_original__appendix_d__gp_paper_literal_e600__lotka_volterra__seed1107,appendix_d,lotka_volterra,1107,gp_paper_literal,gp,600,256,appendix_d__lotka_volterra__seed1107,data/public_datasets/flow_matching/cfm_ts_original_ode_v1/appendix_d__lotka_volterra__seed1107.npz,4d8526cac22ab2f30486299e4905ea9fee207276d394bf652328c0881d93cb9b,configs/models/fm_cfm_ts_original_gp_paper_literal_e600.json,46f32ee108655e44d2058eb84176d6580cdab09aebe519b014ec455d25dcc668,"{""batch_size"": 256, ""grid_points"": 50, ""seed"": 1107}",160000,375000,80,500,2,held_out_complete_trajectories,experiments/runs/fm_cfm_ts_original_v1/jobs/cfm_ts_original__appendix_d__gp_paper_literal_e600__lotka_volterra__seed1107,F:/aicoding/IIA_Data/experiments/cfm_ts_original_v1/cfm_ts_original__appendix_d__gp_paper_literal_e600__lotka_volterra__seed1107,pending,,,,,,
cfm_ts_original__main_text__gp_paper_literal_e600__lotka_volterra__seed1103,main_text,lotka_volterra,1103,gp_paper_literal,gp,600,258,main_text__lotka_volterra__seed1103,data/public_datasets/flow_matching/cfm_ts_original_ode_v1/main_text__lotka_volterra__seed1103.npz,5a947e4f01747280fb516b7f14f403e66fde42fad985f8a73f0796dda3efac98,configs/models/fm_cfm_ts_original_gp_paper_literal_e600.json,46f32ee108655e44d2058eb84176d6580cdab09aebe519b014ec455d25dcc668,"{""batch_size"": 258, ""grid_points"": 50, ""seed"": 1103}",120000,279600,60,500,2,held_out_complete_trajectories,experiments/runs/fm_cfm_ts_original_v1/jobs/cfm_ts_original__main_text__gp_paper_literal_e600__lotka_volterra__seed1103,F:/aicoding/IIA_Data/experiments/cfm_ts_original_v1/cfm_ts_original__main_text__gp_paper_literal_e600__lotka_volterra__seed1103,pending,,,,,,
cfm_ts_original__main_text__gp_paper_literal_e600__lotka_volterra__seed1104,main_text,lotka_volterra,1104,gp_paper_literal,gp,600,258,main_text__lotka_volterra__seed1104,data/public_datasets/flow_matching/cfm_ts_original_ode_v1/main_text__lotka_volterra__seed1104.npz,faa81a47029f739f95e19e5dd259b93974605e0f433b5acb62f05a6ce917f0ca,configs/models/fm_cfm_ts_original_gp_paper_literal_e600.json,46f32ee108655e44d2058eb84176d6580cdab09aebe519b014ec455d25dcc668,"{""batch_size"": 258, ""grid_points"": 50, ""seed"": 1104}",120000,279600,60,500,2,held_out_complete_trajectories,experiments/runs/fm_cfm_ts_original_v1/jobs/cfm_ts_original__main_text__gp_paper_literal_e600__lotka_volterra__seed1104,F:/aicoding/IIA_Data/experiments/cfm_ts_original_v1/cfm_ts_original__main_text__gp_paper_literal_e600__lotka_volterra__seed1104,pending,,,,,,
cfm_ts_original__main_text__gp_paper_literal_e600__lotka_volterra__seed1105,main_text,lotka_volterra,1105,gp_paper_literal,gp,600,258,main_text__lotka_volterra__seed1105,data/public_datasets/flow_matching/cfm_ts_original_ode_v1/main_text__lotka_volterra__seed1105.npz,6fc9a77d6d3643e70e5d369ade4a2a6872170457f9f9dc499b87bfa343500e90,configs/models/fm_cfm_ts_original_gp_paper_literal_e600.json,46f32ee108655e44d2058eb84176d6580cdab09aebe519b014ec455d25dcc668,"{""batch_size"": 258, ""grid_points"": 50, ""seed"": 1105}",120000,279600,60,500,2,held_out_complete_trajectories,experiments/runs/fm_cfm_ts_original_v1/jobs/cfm_ts_original__main_text__gp_paper_literal_e600__lotka_volterra__seed1105,F:/aicoding/IIA_Data/experiments/cfm_ts_original_v1/cfm_ts_original__main_text__gp_paper_literal_e600__lotka_volterra__seed1105,pending,,,,,,
cfm_ts_original__main_text__gp_paper_literal_e600__lotka_volterra__seed1106,main_text,lotka_volterra,1106,gp_paper_literal,gp,600,258,main_text__lotka_volterra__seed1106,data/public_datasets/flow_matching/cfm_ts_original_ode_v1/main_text__lotka_volterra__seed1106.npz,5a788fda081c6582b25417dce19463b3873fda74eb630279fcab45f06f68138b,configs/models/fm_cfm_ts_original_gp_paper_literal_e600.json,46f32ee108655e44d2058eb84176d6580cdab09aebe519b014ec455d25dcc668,"{""batch_size"": 258, ""grid_points"": 50, ""seed"": 1106}",120000,279600,60,500,2,held_out_complete_trajectories,experiments/runs/fm_cfm_ts_original_v1/jobs/cfm_ts_original__main_text__gp_paper_literal_e600__lotka_volterra__seed1106,F:/aicoding/IIA_Data/experiments/cfm_ts_original_v1/cfm_ts_original__main_text__gp_paper_literal_e600__lotka_volterra__seed1106,pending,,,,,,
cfm_ts_original__main_text__gp_paper_literal_e600__lotka_volterra__seed1107,main_text,lotka_volterra,1107,gp_paper_literal,gp,600,258,main_text__lotka_volterra__seed1107,data/public_datasets/flow_matching/cfm_ts_original_ode_v1/main_text__lotka_volterra__seed1107.npz,3ddab2ca419bca8c0403c1106bae0f9fc30a8db305c2dd9c0f032127f37a8791,configs/models/fm_cfm_ts_original_gp_paper_literal_e600.json,46f32ee108655e44d2058eb84176d6580cdab09aebe519b014ec455d25dcc668,"{""batch_size"": 258, ""grid_points"": 50, ""seed"": 1107}",120000,279600,60,500,2,held_out_complete_trajectories,experiments/runs/fm_cfm_ts_original_v1/jobs/cfm_ts_original__main_text__gp_paper_literal_e600__lotka_volterra__seed1107,F:/aicoding/IIA_Data/experiments/cfm_ts_original_v1/cfm_ts_original__main_text__gp_paper_literal_e600__lotka_volterra__seed1107,pending,,,,,,
cfm_ts_original__appendix_d__gp_gaussian_conditional_e400__lotka_volterra__seed1103,appendix_d,lotka_volterra,1103,gp_gaussian_conditional,gp,400,256,appendix_d__lotka_volterra__seed1103,data/public_datasets/flow_matching/cfm_ts_original_ode_v1/appendix_d__lotka_volterra__seed1103.npz,1c991a102b80fddb613f96d9b518ca103776b73c77b8c9103469db0f994811e1,configs/models/fm_cfm_ts_original_gp_gaussian_conditional_e400.json,1fcf7b0cb24025e1bafd8927888dd8c7ccb4d19380d6ebd1713c5b56fe2cdfc4,"{""batch_size"": 256, ""grid_points"": 50, ""seed"": 1103}",160000,250000,80,500,2,held_out_complete_trajectories,experiments/runs/fm_cfm_ts_original_v1/jobs/cfm_ts_original__appendix_d__gp_gaussian_conditional_e400__lotka_volterra__seed1103,F:/aicoding/IIA_Data/experiments/cfm_ts_original_v1/cfm_ts_original__appendix_d__gp_gaussian_conditional_e400__lotka_volterra__seed1103,pending,,,,,,
cfm_ts_original__appendix_d__gp_gaussian_conditional_e400__lotka_volterra__seed1104,appendix_d,lotka_volterra,1104,gp_gaussian_conditional,gp,400,256,appendix_d__lotka_volterra__seed1104,data/public_datasets/flow_matching/cfm_ts_original_ode_v1/appendix_d__lotka_volterra__seed1104.npz,6f1a58a57aa9378de1573062d8d59937503f32802f50bd3b83ef31e9b5b44c4e,configs/models/fm_cfm_ts_original_gp_gaussian_conditional_e400.json,1fcf7b0cb24025e1bafd8927888dd8c7ccb4d19380d6ebd1713c5b56fe2cdfc4,"{""batch_size"": 256, ""grid_points"": 50, ""seed"": 1104}",160000,250000,80,500,2,held_out_complete_trajectories,experiments/runs/fm_cfm_ts_original_v1/jobs/cfm_ts_original__appendix_d__gp_gaussian_conditional_e400__lotka_volterra__seed1104,F:/aicoding/IIA_Data/experiments/cfm_ts_original_v1/cfm_ts_original__appendix_d__gp_gaussian_conditional_e400__lotka_volterra__seed1104,pending,,,,,,
cfm_ts_original__appendix_d__gp_gaussian_conditional_e400__lotka_volterra__seed1105,appendix_d,lotka_volterra,1105,gp_gaussian_conditional,gp,400,256,appendix_d__lotka_volterra__seed1105,data/public_datasets/flow_matching/cfm_ts_original_ode_v1/appendix_d__lotka_volterra__seed1105.npz,0108a75c0272377eadeca288813192d30119ecaabffa647214f8c24729de5bac,configs/models/fm_cfm_ts_original_gp_gaussian_conditional_e400.json,1fcf7b0cb24025e1bafd8927888dd8c7ccb4d19380d6ebd1713c5b56fe2cdfc4,"{""batch_size"": 256, ""grid_points"": 50, ""seed"": 1105}",160000,250000,80,500,2,held_out_complete_trajectories,experiments/runs/fm_cfm_ts_original_v1/jobs/cfm_ts_original__appendix_d__gp_gaussian_conditional_e400__lotka_volterra__seed1105,F:/aicoding/IIA_Data/experiments/cfm_ts_original_v1/cfm_ts_original__appendix_d__gp_gaussian_conditional_e400__lotka_volterra__seed1105,pending,,,,,,
cfm_ts_original__appendix_d__gp_gaussian_conditional_e400__lotka_volterra__seed1106,appendix_d,lotka_volterra,1106,gp_gaussian_conditional,gp,400,256,appendix_d__lotka_volterra__seed1106,data/public_datasets/flow_matching/cfm_ts_original_ode_v1/appendix_d__lotka_volterra__seed1106.npz,bb334a2c455cbb841210a8d5db8bfb11123d35703ff1b16f3657b63269aa538a,configs/models/fm_cfm_ts_original_gp_gaussian_conditional_e400.json,1fcf7b0cb24025e1bafd8927888dd8c7ccb4d19380d6ebd1713c5b56fe2cdfc4,"{""batch_size"": 256, ""grid_points"": 50, ""seed"": 1106}",160000,250000,80,500,2,held_out_complete_trajectories,experiments/runs/fm_cfm_ts_original_v1/jobs/cfm_ts_original__appendix_d__gp_gaussian_conditional_e400__lotka_volterra__seed1106,F:/aicoding/IIA_Data/experiments/cfm_ts_original_v1/cfm_ts_original__appendix_d__gp_gaussian_conditional_e400__lotka_volterra__seed1106,pending,,,,,,
cfm_ts_original__appendix_d__gp_gaussian_conditional_e400__lotka_volterra__seed1107,appendix_d,lotka_volterra,1107,gp_gaussian_conditional,gp,400,256,appendix_d__lotka_volterra__seed1107,data/public_datasets/flow_matching/cfm_ts_original_ode_v1/appendix_d__lotka_volterra__seed1107.npz,4d8526cac22ab2f30486299e4905ea9fee207276d394bf652328c0881d93cb9b,configs/models/fm_cfm_ts_original_gp_gaussian_conditional_e400.json,1fcf7b0cb24025e1bafd8927888dd8c7ccb4d19380d6ebd1713c5b56fe2cdfc4,"{""batch_size"": 256, ""grid_points"": 50, ""seed"": 1107}",160000,250000,80,500,2,held_out_complete_trajectories,experiments/runs/fm_cfm_ts_original_v1/jobs/cfm_ts_original__appendix_d__gp_gaussian_conditional_e400__lotka_volterra__seed1107,F:/aicoding/IIA_Data/experiments/cfm_ts_original_v1/cfm_ts_original__appendix_d__gp_gaussian_conditional_e400__lotka_volterra__seed1107,pending,,,,,,
cfm_ts_original__main_text__gp_gaussian_conditional_e400__lotka_volterra__seed1103,main_text,lotka_volterra,1103,gp_gaussian_conditional,gp,400,258,main_text__lotka_volterra__seed1103,data/public_datasets/flow_matching/cfm_ts_original_ode_v1/main_text__lotka_volterra__seed1103.npz,5a947e4f01747280fb516b7f14f403e66fde42fad985f8a73f0796dda3efac98,configs/models/fm_cfm_ts_original_gp_gaussian_conditional_e400.json,1fcf7b0cb24025e1bafd8927888dd8c7ccb4d19380d6ebd1713c5b56fe2cdfc4,"{""batch_size"": 258, ""grid_points"": 50, ""seed"": 1103}",120000,186400,60,500,2,held_out_complete_trajectories,experiments/runs/fm_cfm_ts_original_v1/jobs/cfm_ts_original__main_text__gp_gaussian_conditional_e400__lotka_volterra__seed1103,F:/aicoding/IIA_Data/experiments/cfm_ts_original_v1/cfm_ts_original__main_text__gp_gaussian_conditional_e400__lotka_volterra__seed1103,pending,,,,,,
cfm_ts_original__main_text__gp_gaussian_conditional_e400__lotka_volterra__seed1104,main_text,lotka_volterra,1104,gp_gaussian_conditional,gp,400,258,main_text__lotka_volterra__seed1104,data/public_datasets/flow_matching/cfm_ts_original_ode_v1/main_text__lotka_volterra__seed1104.npz,faa81a47029f739f95e19e5dd259b93974605e0f433b5acb62f05a6ce917f0ca,configs/models/fm_cfm_ts_original_gp_gaussian_conditional_e400.json,1fcf7b0cb24025e1bafd8927888dd8c7ccb4d19380d6ebd1713c5b56fe2cdfc4,"{""batch_size"": 258, ""grid_points"": 50, ""seed"": 1104}",120000,186400,60,500,2,held_out_complete_trajectories,experiments/runs/fm_cfm_ts_original_v1/jobs/cfm_ts_original__main_text__gp_gaussian_conditional_e400__lotka_volterra__seed1104,F:/aicoding/IIA_Data/experiments/cfm_ts_original_v1/cfm_ts_original__main_text__gp_gaussian_conditional_e400__lotka_volterra__seed1104,pending,,,,,,
cfm_ts_original__main_text__gp_gaussian_conditional_e400__lotka_volterra__seed1105,main_text,lotka_volterra,1105,gp_gaussian_conditional,gp,400,258,main_text__lotka_volterra__seed1105,data/public_datasets/flow_matching/cfm_ts_original_ode_v1/main_text__lotka_volterra__seed1105.npz,6fc9a77d6d3643e70e5d369ade4a2a6872170457f9f9dc499b87bfa343500e90,configs/models/fm_cfm_ts_original_gp_gaussian_conditional_e400.json,1fcf7b0cb24025e1bafd8927888dd8c7ccb4d19380d6ebd1713c5b56fe2cdfc4,"{""batch_size"": 258, ""grid_points"": 50, ""seed"": 1105}",120000,186400,60,500,2,held_out_complete_trajectories,experiments/runs/fm_cfm_ts_original_v1/jobs/cfm_ts_original__main_text__gp_gaussian_conditional_e400__lotka_volterra__seed1105,F:/aicoding/IIA_Data/experiments/cfm_ts_original_v1/cfm_ts_original__main_text__gp_gaussian_conditional_e400__lotka_volterra__seed1105,pending,,,,,,
cfm_ts_original__main_text__gp_gaussian_conditional_e400__lotka_volterra__seed1106,main_text,lotka_volterra,1106,gp_gaussian_conditional,gp,400,258,main_text__lotka_volterra__seed1106,data/public_datasets/flow_matching/cfm_ts_original_ode_v1/main_text__lotka_volterra__seed1106.npz,5a788fda081c6582b25417dce19463b3873fda74eb630279fcab45f06f68138b,configs/models/fm_cfm_ts_original_gp_gaussian_conditional_e400.json,1fcf7b0cb24025e1bafd8927888dd8c7ccb4d19380d6ebd1713c5b56fe2cdfc4,"{""batch_size"": 258, ""grid_points"": 50, ""seed"": 1106}",120000,186400,60,500,2,held_out_complete_trajectories,experiments/runs/fm_cfm_ts_original_v1/jobs/cfm_ts_original__main_text__gp_gaussian_conditional_e400__lotka_volterra__seed1106,F:/aicoding/IIA_Data/experiments/cfm_ts_original_v1/cfm_ts_original__main_text__gp_gaussian_conditional_e400__lotka_volterra__seed1106,pending,,,,,,
cfm_ts_original__main_text__gp_gaussian_conditional_e400__lotka_volterra__seed1107,main_text,lotka_volterra,1107,gp_gaussian_conditional,gp,400,258,main_text__lotka_volterra__seed1107,data/public_datasets/flow_matching/cfm_ts_original_ode_v1/main_text__lotka_volterra__seed1107.npz,3ddab2ca419bca8c0403c1106bae0f9fc30a8db305c2dd9c0f032127f37a8791,configs/models/fm_cfm_ts_original_gp_gaussian_conditional_e400.json,1fcf7b0cb24025e1bafd8927888dd8c7ccb4d19380d6ebd1713c5b56fe2cdfc4,"{""batch_size"": 258, ""grid_points"": 50, ""seed"": 1107}",120000,186400,60,500,2,held_out_complete_trajectories,experiments/runs/fm_cfm_ts_original_v1/jobs/cfm_ts_original__main_text__gp_gaussian_conditional_e400__lotka_volterra__seed1107,F:/aicoding/IIA_Data/experiments/cfm_ts_original_v1/cfm_ts_original__main_text__gp_gaussian_conditional_e400__lotka_volterra__seed1107,pending,,,,,,
cfm_ts_original__appendix_d__gp_gaussian_conditional_e600__lotka_volterra__seed1103,appendix_d,lotka_volterra,1103,gp_gaussian_conditional,gp,600,256,appendix_d__lotka_volterra__seed1103,data/public_datasets/flow_matching/cfm_ts_original_ode_v1/appendix_d__lotka_volterra__seed1103.npz,1c991a102b80fddb613f96d9b518ca103776b73c77b8c9103469db0f994811e1,configs/models/fm_cfm_ts_original_gp_gaussian_conditional_e600.json,02f473dc4034cfd44feafa1050b57366cf94aa40b445274efe92b832e2b38c21,"{""batch_size"": 256, ""grid_points"": 50, ""seed"": 1103}",160000,375000,80,500,2,held_out_complete_trajectories,experiments/runs/fm_cfm_ts_original_v1/jobs/cfm_ts_original__appendix_d__gp_gaussian_conditional_e600__lotka_volterra__seed1103,F:/aicoding/IIA_Data/experiments/cfm_ts_original_v1/cfm_ts_original__appendix_d__gp_gaussian_conditional_e600__lotka_volterra__seed1103,pending,,,,,,
cfm_ts_original__appendix_d__gp_gaussian_conditional_e600__lotka_volterra__seed1104,appendix_d,lotka_volterra,1104,gp_gaussian_conditional,gp,600,256,appendix_d__lotka_volterra__seed1104,data/public_datasets/flow_matching/cfm_ts_original_ode_v1/appendix_d__lotka_volterra__seed1104.npz,6f1a58a57aa9378de1573062d8d59937503f32802f50bd3b83ef31e9b5b44c4e,configs/models/fm_cfm_ts_original_gp_gaussian_conditional_e600.json,02f473dc4034cfd44feafa1050b57366cf94aa40b445274efe92b832e2b38c21,"{""batch_size"": 256, ""grid_points"": 50, ""seed"": 1104}",160000,375000,80,500,2,held_out_complete_trajectories,experiments/runs/fm_cfm_ts_original_v1/jobs/cfm_ts_original__appendix_d__gp_gaussian_conditional_e600__lotka_volterra__seed1104,F:/aicoding/IIA_Data/experiments/cfm_ts_original_v1/cfm_ts_original__appendix_d__gp_gaussian_conditional_e600__lotka_volterra__seed1104,pending,,,,,,
cfm_ts_original__appendix_d__gp_gaussian_conditional_e600__lotka_volterra__seed1105,appendix_d,lotka_volterra,1105,gp_gaussian_conditional,gp,600,256,appendix_d__lotka_volterra__seed1105,data/public_datasets/flow_matching/cfm_ts_original_ode_v1/appendix_d__lotka_volterra__seed1105.npz,0108a75c0272377eadeca288813192d30119ecaabffa647214f8c24729de5bac,configs/models/fm_cfm_ts_original_gp_gaussian_conditional_e600.json,02f473dc4034cfd44feafa1050b57366cf94aa40b445274efe92b832e2b38c21,"{""batch_size"": 256, ""grid_points"": 50, ""seed"": 1105}",160000,375000,80,500,2,held_out_complete_trajectories,experiments/runs/fm_cfm_ts_original_v1/jobs/cfm_ts_original__appendix_d__gp_gaussian_conditional_e600__lotka_volterra__seed1105,F:/aicoding/IIA_Data/experiments/cfm_ts_original_v1/cfm_ts_original__appendix_d__gp_gaussian_conditional_e600__lotka_volterra__seed1105,pending,,,,,,
cfm_ts_original__appendix_d__gp_gaussian_conditional_e600__lotka_volterra__seed1106,appendix_d,lotka_volterra,1106,gp_gaussian_conditional,gp,600,256,appendix_d__lotka_volterra__seed1106,data/public_datasets/flow_matching/cfm_ts_original_ode_v1/appendix_d__lotka_volterra__seed1106.npz,bb334a2c455cbb841210a8d5db8bfb11123d35703ff1b16f3657b63269aa538a,configs/models/fm_cfm_ts_original_gp_gaussian_conditional_e600.json,02f473dc4034cfd44feafa1050b57366cf94aa40b445274efe92b832e2b38c21,"{""batch_size"": 256, ""grid_points"": 50, ""seed"": 1106}",160000,375000,80,500,2,held_out_complete_trajectories,experiments/runs/fm_cfm_ts_original_v1/jobs/cfm_ts_original__appendix_d__gp_gaussian_conditional_e600__lotka_volterra__seed1106,F:/aicoding/IIA_Data/experiments/cfm_ts_original_v1/cfm_ts_original__appendix_d__gp_gaussian_conditional_e600__lotka_volterra__seed1106,pending,,,,,,
cfm_ts_original__appendix_d__gp_gaussian_conditional_e600__lotka_volterra__seed1107,appendix_d,lotka_volterra,1107,gp_gaussian_conditional,gp,600,256,appendix_d__lotka_volterra__seed1107,data/public_datasets/flow_matching/cfm_ts_original_ode_v1/appendix_d__lotka_volterra__seed1107.npz,4d8526cac22ab2f30486299e4905ea9fee207276d394bf652328c0881d93cb9b,configs/models/fm_cfm_ts_original_gp_gaussian_conditional_e600.json,02f473dc4034cfd44feafa1050b57366cf94aa40b445274efe92b832e2b38c21,"{""batch_size"": 256, ""grid_points"": 50, ""seed"": 1107}",160000,375000,80,500,2,held_out_complete_trajectories,experiments/runs/fm_cfm_ts_original_v1/jobs/cfm_ts_original__appendix_d__gp_gaussian_conditional_e600__lotka_volterra__seed1107,F:/aicoding/IIA_Data/experiments/cfm_ts_original_v1/cfm_ts_original__appendix_d__gp_gaussian_conditional_e600__lotka_volterra__seed1107,pending,,,,,,
cfm_ts_original__main_text__gp_gaussian_conditional_e600__lotka_volterra__seed1103,main_text,lotka_volterra,1103,gp_gaussian_conditional,gp,600,258,main_text__lotka_volterra__seed1103,data/public_datasets/flow_matching/cfm_ts_original_ode_v1/main_text__lotka_volterra__seed1103.npz,5a947e4f01747280fb516b7f14f403e66fde42fad985f8a73f0796dda3efac98,configs/models/fm_cfm_ts_original_gp_gaussian_conditional_e600.json,02f473dc4034cfd44feafa1050b57366cf94aa40b445274efe92b832e2b38c21,"{""batch_size"": 258, ""grid_points"": 50, ""seed"": 1103}",120000,279600,60,500,2,held_out_complete_trajectories,experiments/runs/fm_cfm_ts_original_v1/jobs/cfm_ts_original__main_text__gp_gaussian_conditional_e600__lotka_volterra__seed1103,F:/aicoding/IIA_Data/experiments/cfm_ts_original_v1/cfm_ts_original__main_text__gp_gaussian_conditional_e600__lotka_volterra__seed1103,pending,,,,,,
cfm_ts_original__main_text__gp_gaussian_conditional_e600__lotka_volterra__seed1104,main_text,lotka_volterra,1104,gp_gaussian_conditional,gp,600,258,main_text__lotka_volterra__seed1104,data/public_datasets/flow_matching/cfm_ts_original_ode_v1/main_text__lotka_volterra__seed1104.npz,faa81a47029f739f95e19e5dd259b93974605e0f433b5acb62f05a6ce917f0ca,configs/models/fm_cfm_ts_original_gp_gaussian_conditional_e600.json,02f473dc4034cfd44feafa1050b57366cf94aa40b445274efe92b832e2b38c21,"{""batch_size"": 258, ""grid_points"": 50, ""seed"": 1104}",120000,279600,60,500,2,held_out_complete_trajectories,experiments/runs/fm_cfm_ts_original_v1/jobs/cfm_ts_original__main_text__gp_gaussian_conditional_e600__lotka_volterra__seed1104,F:/aicoding/IIA_Data/experiments/cfm_ts_original_v1/cfm_ts_original__main_text__gp_gaussian_conditional_e600__lotka_volterra__seed1104,pending,,,,,,
cfm_ts_original__main_text__gp_gaussian_conditional_e600__lotka_volterra__seed1105,main_text,lotka_volterra,1105,gp_gaussian_conditional,gp,600,258,main_text__lotka_volterra__seed1105,data/public_datasets/flow_matching/cfm_ts_original_ode_v1/main_text__lotka_volterra__seed1105.npz,6fc9a77d6d3643e70e5d369ade4a2a6872170457f9f9dc499b87bfa343500e90,configs/models/fm_cfm_ts_original_gp_gaussian_conditional_e600.json,02f473dc4034cfd44feafa1050b57366cf94aa40b445274efe92b832e2b38c21,"{""batch_size"": 258, ""grid_points"": 50, ""seed"": 1105}",120000,279600,60,500,2,held_out_complete_trajectories,experiments/runs/fm_cfm_ts_original_v1/jobs/cfm_ts_original__main_text__gp_gaussian_conditional_e600__lotka_volterra__seed1105,F:/aicoding/IIA_Data/experiments/cfm_ts_original_v1/cfm_ts_original__main_text__gp_gaussian_conditional_e600__lotka_volterra__seed1105,pending,,,,,,
cfm_ts_original__main_text__gp_gaussian_conditional_e600__lotka_volterra__seed1106,main_text,lotka_volterra,1106,gp_gaussian_conditional,gp,600,258,main_text__lotka_volterra__seed1106,data/public_datasets/flow_matching/cfm_ts_original_ode_v1/main_text__lotka_volterra__seed1106.npz,5a788fda081c6582b25417dce19463b3873fda74eb630279fcab45f06f68138b,configs/models/fm_cfm_ts_original_gp_gaussian_conditional_e600.json,02f473dc4034cfd44feafa1050b57366cf94aa40b445274efe92b832e2b38c21,"{""batch_size"": 258, ""grid_points"": 50, ""seed"": 1106}",120000,279600,60,500,2,held_out_complete_trajectories,experiments/runs/fm_cfm_ts_original_v1/jobs/cfm_ts_original__main_text__gp_gaussian_conditional_e600__lotka_volterra__seed1106,F:/aicoding/IIA_Data/experiments/cfm_ts_original_v1/cfm_ts_original__main_text__gp_gaussian_conditional_e600__lotka_volterra__seed1106,pending,,,,,,
cfm_ts_original__main_text__gp_gaussian_conditional_e600__lotka_volterra__seed1107,main_text,lotka_volterra,1107,gp_gaussian_conditional,gp,600,258,main_text__lotka_volterra__seed1107,data/public_datasets/flow_matching/cfm_ts_original_ode_v1/main_text__lotka_volterra__seed1107.npz,3ddab2ca419bca8c0403c1106bae0f9fc30a8db305c2dd9c0f032127f37a8791,configs/models/fm_cfm_ts_original_gp_gaussian_conditional_e600.json,02f473dc4034cfd44feafa1050b57366cf94aa40b445274efe92b832e2b38c21,"{""batch_size"": 258, ""grid_points"": 50, ""seed"": 1107}",120000,279600,60,500,2,held_out_complete_trajectories,experiments/runs/fm_cfm_ts_original_v1/jobs/cfm_ts_original__main_text__gp_gaussian_conditional_e600__lotka_volterra__seed1107,F:/aicoding/IIA_Data/experiments/cfm_ts_original_v1/cfm_ts_original__main_text__gp_gaussian_conditional_e600__lotka_volterra__seed1107,pending,,,,,,
cfm_ts_original__appendix_d__node_e10__lotka_volterra__seed1103,appendix_d,lotka_volterra,1103,node,node,10,256,appendix_d__lotka_volterra__seed1103,data/public_datasets/flow_matching/cfm_ts_original_ode_v1/appendix_d__lotka_volterra__seed1103.npz,1c991a102b80fddb613f96d9b518ca103776b73c77b8c9103469db0f994811e1,configs/models/fm_cfm_ts_original_node_e10.json,2c0ca0d37628242ecc8ecc4d60adf7155cccecc137b34ef4de4b3cf649d8cc11,"{""batch_size"": 256, ""grid_points"": 50, ""seed"": 1103}",320,20,80,500,2,held_out_complete_trajectories,experiments/runs/fm_cfm_ts_original_v1/jobs/cfm_ts_original__appendix_d__node_e10__lotka_volterra__seed1103,F:/aicoding/IIA_Data/experiments/cfm_ts_original_v1/cfm_ts_original__appendix_d__node_e10__lotka_volterra__seed1103,pending,,,,,,
cfm_ts_original__appendix_d__node_e10__lotka_volterra__seed1104,appendix_d,lotka_volterra,1104,node,node,10,256,appendix_d__lotka_volterra__seed1104,data/public_datasets/flow_matching/cfm_ts_original_ode_v1/appendix_d__lotka_volterra__seed1104.npz,6f1a58a57aa9378de1573062d8d59937503f32802f50bd3b83ef31e9b5b44c4e,configs/models/fm_cfm_ts_original_node_e10.json,2c0ca0d37628242ecc8ecc4d60adf7155cccecc137b34ef4de4b3cf649d8cc11,"{""batch_size"": 256, ""grid_points"": 50, ""seed"": 1104}",320,20,80,500,2,held_out_complete_trajectories,experiments/runs/fm_cfm_ts_original_v1/jobs/cfm_ts_original__appendix_d__node_e10__lotka_volterra__seed1104,F:/aicoding/IIA_Data/experiments/cfm_ts_original_v1/cfm_ts_original__appendix_d__node_e10__lotka_volterra__seed1104,pending,,,,,,
cfm_ts_original__appendix_d__node_e10__lotka_volterra__seed1105,appendix_d,lotka_volterra,1105,node,node,10,256,appendix_d__lotka_volterra__seed1105,data/public_datasets/flow_matching/cfm_ts_original_ode_v1/appendix_d__lotka_volterra__seed1105.npz,0108a75c0272377eadeca288813192d30119ecaabffa647214f8c24729de5bac,configs/models/fm_cfm_ts_original_node_e10.json,2c0ca0d37628242ecc8ecc4d60adf7155cccecc137b34ef4de4b3cf649d8cc11,"{""batch_size"": 256, ""grid_points"": 50, ""seed"": 1105}",320,20,80,500,2,held_out_complete_trajectories,experiments/runs/fm_cfm_ts_original_v1/jobs/cfm_ts_original__appendix_d__node_e10__lotka_volterra__seed1105,F:/aicoding/IIA_Data/experiments/cfm_ts_original_v1/cfm_ts_original__appendix_d__node_e10__lotka_volterra__seed1105,pending,,,,,,
cfm_ts_original__appendix_d__node_e10__lotka_volterra__seed1106,appendix_d,lotka_volterra,1106,node,node,10,256,appendix_d__lotka_volterra__seed1106,data/public_datasets/flow_matching/cfm_ts_original_ode_v1/appendix_d__lotka_volterra__seed1106.npz,bb334a2c455cbb841210a8d5db8bfb11123d35703ff1b16f3657b63269aa538a,configs/models/fm_cfm_ts_original_node_e10.json,2c0ca0d37628242ecc8ecc4d60adf7155cccecc137b34ef4de4b3cf649d8cc11,"{""batch_size"": 256, ""grid_points"": 50, ""seed"": 1106}",320,20,80,500,2,held_out_complete_trajectories,experiments/runs/fm_cfm_ts_original_v1/jobs/cfm_ts_original__appendix_d__node_e10__lotka_volterra__seed1106,F:/aicoding/IIA_Data/experiments/cfm_ts_original_v1/cfm_ts_original__appendix_d__node_e10__lotka_volterra__seed1106,pending,,,,,,
cfm_ts_original__appendix_d__node_e10__lotka_volterra__seed1107,appendix_d,lotka_volterra,1107,node,node,10,256,appendix_d__lotka_volterra__seed1107,data/public_datasets/flow_matching/cfm_ts_original_ode_v1/appendix_d__lotka_volterra__seed1107.npz,4d8526cac22ab2f30486299e4905ea9fee207276d394bf652328c0881d93cb9b,configs/models/fm_cfm_ts_original_node_e10.json,2c0ca0d37628242ecc8ecc4d60adf7155cccecc137b34ef4de4b3cf649d8cc11,"{""batch_size"": 256, ""grid_points"": 50, ""seed"": 1107}",320,20,80,500,2,held_out_complete_trajectories,experiments/runs/fm_cfm_ts_original_v1/jobs/cfm_ts_original__appendix_d__node_e10__lotka_volterra__seed1107,F:/aicoding/IIA_Data/experiments/cfm_ts_original_v1/cfm_ts_original__appendix_d__node_e10__lotka_volterra__seed1107,pending,,,,,,
cfm_ts_original__main_text__node_e400__lotka_volterra__seed1103,main_text,lotka_volterra,1103,node,node,400,258,main_text__lotka_volterra__seed1103,data/public_datasets/flow_matching/cfm_ts_original_ode_v1/main_text__lotka_volterra__seed1103.npz,5a947e4f01747280fb516b7f14f403e66fde42fad985f8a73f0796dda3efac98,configs/models/fm_cfm_ts_original_node_e400.json,1d7ec81d15aa529a72ff6c4c8ec7520add3bc948fad60551806a12408f960472,"{""batch_size"": 258, ""grid_points"": 50, ""seed"": 1103}",240,400,60,500,2,held_out_complete_trajectories,experiments/runs/fm_cfm_ts_original_v1/jobs/cfm_ts_original__main_text__node_e400__lotka_volterra__seed1103,F:/aicoding/IIA_Data/experiments/cfm_ts_original_v1/cfm_ts_original__main_text__node_e400__lotka_volterra__seed1103,pending,,,,,,
cfm_ts_original__main_text__node_e400__lotka_volterra__seed1104,main_text,lotka_volterra,1104,node,node,400,258,main_text__lotka_volterra__seed1104,data/public_datasets/flow_matching/cfm_ts_original_ode_v1/main_text__lotka_volterra__seed1104.npz,faa81a47029f739f95e19e5dd259b93974605e0f433b5acb62f05a6ce917f0ca,configs/models/fm_cfm_ts_original_node_e400.json,1d7ec81d15aa529a72ff6c4c8ec7520add3bc948fad60551806a12408f960472,"{""batch_size"": 258, ""grid_points"": 50, ""seed"": 1104}",240,400,60,500,2,held_out_complete_trajectories,experiments/runs/fm_cfm_ts_original_v1/jobs/cfm_ts_original__main_text__node_e400__lotka_volterra__seed1104,F:/aicoding/IIA_Data/experiments/cfm_ts_original_v1/cfm_ts_original__main_text__node_e400__lotka_volterra__seed1104,pending,,,,,,
cfm_ts_original__main_text__node_e400__lotka_volterra__seed1105,main_text,lotka_volterra,1105,node,node,400,258,main_text__lotka_volterra__seed1105,data/public_datasets/flow_matching/cfm_ts_original_ode_v1/main_text__lotka_volterra__seed1105.npz,6fc9a77d6d3643e70e5d369ade4a2a6872170457f9f9dc499b87bfa343500e90,configs/models/fm_cfm_ts_original_node_e400.json,1d7ec81d15aa529a72ff6c4c8ec7520add3bc948fad60551806a12408f960472,"{""batch_size"": 258, ""grid_points"": 50, ""seed"": 1105}",240,400,60,500,2,held_out_complete_trajectories,experiments/runs/fm_cfm_ts_original_v1/jobs/cfm_ts_original__main_text__node_e400__lotka_volterra__seed1105,F:/aicoding/IIA_Data/experiments/cfm_ts_original_v1/cfm_ts_original__main_text__node_e400__lotka_volterra__seed1105,pending,,,,,,
cfm_ts_original__main_text__node_e400__lotka_volterra__seed1106,main_text,lotka_volterra,1106,node,node,400,258,main_text__lotka_volterra__seed1106,data/public_datasets/flow_matching/cfm_ts_original_ode_v1/main_text__lotka_volterra__seed1106.npz,5a788fda081c6582b25417dce19463b3873fda74eb630279fcab45f06f68138b,configs/models/fm_cfm_ts_original_node_e400.json,1d7ec81d15aa529a72ff6c4c8ec7520add3bc948fad60551806a12408f960472,"{""batch_size"": 258, ""grid_points"": 50, ""seed"": 1106}",240,400,60,500,2,held_out_complete_trajectories,experiments/runs/fm_cfm_ts_original_v1/jobs/cfm_ts_original__main_text__node_e400__lotka_volterra__seed1106,F:/aicoding/IIA_Data/experiments/cfm_ts_original_v1/cfm_ts_original__main_text__node_e400__lotka_volterra__seed1106,pending,,,,,,
cfm_ts_original__main_text__node_e400__lotka_volterra__seed1107,main_text,lotka_volterra,1107,node,node,400,258,main_text__lotka_volterra__seed1107,data/public_datasets/flow_matching/cfm_ts_original_ode_v1/main_text__lotka_volterra__seed1107.npz,3ddab2ca419bca8c0403c1106bae0f9fc30a8db305c2dd9c0f032127f37a8791,configs/models/fm_cfm_ts_original_node_e400.json,1d7ec81d15aa529a72ff6c4c8ec7520add3bc948fad60551806a12408f960472,"{""batch_size"": 258, ""grid_points"": 50, ""seed"": 1107}",240,400,60,500,2,held_out_complete_trajectories,experiments/runs/fm_cfm_ts_original_v1/jobs/cfm_ts_original__main_text__node_e400__lotka_volterra__seed1107,F:/aicoding/IIA_Data/experiments/cfm_ts_original_v1/cfm_ts_original__main_text__node_e400__lotka_volterra__seed1107,pending,,,,,,
cfm_ts_original__main_text__node_e600__lotka_volterra__seed1103,main_text,lotka_volterra,1103,node,node,600,258,main_text__lotka_volterra__seed1103,data/public_datasets/flow_matching/cfm_ts_original_ode_v1/main_text__lotka_volterra__seed1103.npz,5a947e4f01747280fb516b7f14f403e66fde42fad985f8a73f0796dda3efac98,configs/models/fm_cfm_ts_original_node_e600.json,e63290f51cab63e7afcbeba6c65187d6afc3a1db7d32b6268633f92aa3c27c47,"{""batch_size"": 258, ""grid_points"": 50, ""seed"": 1103}",240,600,60,500,2,held_out_complete_trajectories,experiments/runs/fm_cfm_ts_original_v1/jobs/cfm_ts_original__main_text__node_e600__lotka_volterra__seed1103,F:/aicoding/IIA_Data/experiments/cfm_ts_original_v1/cfm_ts_original__main_text__node_e600__lotka_volterra__seed1103,pending,,,,,,
cfm_ts_original__main_text__node_e600__lotka_volterra__seed1104,main_text,lotka_volterra,1104,node,node,600,258,main_text__lotka_volterra__seed1104,data/public_datasets/flow_matching/cfm_ts_original_ode_v1/main_text__lotka_volterra__seed1104.npz,faa81a47029f739f95e19e5dd259b93974605e0f433b5acb62f05a6ce917f0ca,configs/models/fm_cfm_ts_original_node_e600.json,e63290f51cab63e7afcbeba6c65187d6afc3a1db7d32b6268633f92aa3c27c47,"{""batch_size"": 258, ""grid_points"": 50, ""seed"": 1104}",240,600,60,500,2,held_out_complete_trajectories,experiments/runs/fm_cfm_ts_original_v1/jobs/cfm_ts_original__main_text__node_e600__lotka_volterra__seed1104,F:/aicoding/IIA_Data/experiments/cfm_ts_original_v1/cfm_ts_original__main_text__node_e600__lotka_volterra__seed1104,pending,,,,,,
cfm_ts_original__main_text__node_e600__lotka_volterra__seed1105,main_text,lotka_volterra,1105,node,node,600,258,main_text__lotka_volterra__seed1105,data/public_datasets/flow_matching/cfm_ts_original_ode_v1/main_text__lotka_volterra__seed1105.npz,6fc9a77d6d3643e70e5d369ade4a2a6872170457f9f9dc499b87bfa343500e90,configs/models/fm_cfm_ts_original_node_e600.json,e63290f51cab63e7afcbeba6c65187d6afc3a1db7d32b6268633f92aa3c27c47,"{""batch_size"": 258, ""grid_points"": 50, ""seed"": 1105}",240,600,60,500,2,held_out_complete_trajectories,experiments/runs/fm_cfm_ts_original_v1/jobs/cfm_ts_original__main_text__node_e600__lotka_volterra__seed1105,F:/aicoding/IIA_Data/experiments/cfm_ts_original_v1/cfm_ts_original__main_text__node_e600__lotka_volterra__seed1105,pending,,,,,,
cfm_ts_original__main_text__node_e600__lotka_volterra__seed1106,main_text,lotka_volterra,1106,node,node,600,258,main_text__lotka_volterra__seed1106,data/public_datasets/flow_matching/cfm_ts_original_ode_v1/main_text__lotka_volterra__seed1106.npz,5a788fda081c6582b25417dce19463b3873fda74eb630279fcab45f06f68138b,configs/models/fm_cfm_ts_original_node_e600.json,e63290f51cab63e7afcbeba6c65187d6afc3a1db7d32b6268633f92aa3c27c47,"{""batch_size"": 258, ""grid_points"": 50, ""seed"": 1106}",240,600,60,500,2,held_out_complete_trajectories,experiments/runs/fm_cfm_ts_original_v1/jobs/cfm_ts_original__main_text__node_e600__lotka_volterra__seed1106,F:/aicoding/IIA_Data/experiments/cfm_ts_original_v1/cfm_ts_original__main_text__node_e600__lotka_volterra__seed1106,pending,,,,,,
cfm_ts_original__main_text__node_e600__lotka_volterra__seed1107,main_text,lotka_volterra,1107,node,node,600,258,main_text__lotka_volterra__seed1107,data/public_datasets/flow_matching/cfm_ts_original_ode_v1/main_text__lotka_volterra__seed1107.npz,3ddab2ca419bca8c0403c1106bae0f9fc30a8db305c2dd9c0f032127f37a8791,configs/models/fm_cfm_ts_original_node_e600.json,e63290f51cab63e7afcbeba6c65187d6afc3a1db7d32b6268633f92aa3c27c47,"{""batch_size"": 258, ""grid_points"": 50, ""seed"": 1107}",240,600,60,500,2,held_out_complete_trajectories,experiments/runs/fm_cfm_ts_original_v1/jobs/cfm_ts_original__main_text__node_e600__lotka_volterra__seed1107,F:/aicoding/IIA_Data/experiments/cfm_ts_original_v1/cfm_ts_original__main_text__node_e600__lotka_volterra__seed1107,pending,,,,,,
