algorithm,recipe,dataset,seed,id,track,result_sha256,result_path,entity,features,points,anomaly_points,fit_and_score_seconds,metrics,native_wrapper_parameters
grasp_mtsbench_statistical_replay,HBOS,swan,1103,grasp_mtsbench_native__hbos__swan__seed1103,native_transductive_test_feature_fit_oracle_f1,46bd71cda6866307e430231bde2ab17958096a77194ae295e6be153d66a3e9be,experiments/runs/fm_grasp_stat_native_v1/jobs/grasp_mtsbench_native__hbos__swan__seed1103/result.json,swan_sf,38,72000,20100,4.416104299947619,"{""PRC"": 0.29244260575075426, ""ROC"": 0.44516206251977103, ""Best_F1"": 0.43647867247943334}","{""slidingWindow"": 1, ""n_bins"": 10, ""tol"": 0.5, ""n_jobs"": 1}"
grasp_mtsbench_statistical_replay,COPOD,swan,1103,grasp_mtsbench_native__copod__swan__seed1103,native_transductive_test_feature_fit_oracle_f1,c77c3c90179a879973c663b2449b0a77f3362af103ce90fcd828dd7a27c4a290,experiments/runs/fm_grasp_stat_native_v1/jobs/grasp_mtsbench_native__copod__swan__seed1103/result.json,swan_sf,38,72000,20100,2.4248039999511093,"{""PRC"": 0.30544697908678925, ""ROC"": 0.5064582410682618, ""Best_F1"": 0.44156739766226927}","{""n_jobs"": 1}"
grasp_mtsbench_statistical_replay,HBOS,swan,1104,grasp_mtsbench_native__hbos__swan__seed1104,native_transductive_test_feature_fit_oracle_f1,8074fa91fd7296f17e78d933ca4fd65765c6c5e17803a73b44c36f76d734e012,experiments/runs/fm_grasp_stat_native_v1/jobs/grasp_mtsbench_native__hbos__swan__seed1104/result.json,swan_sf,38,72000,20100,4.7220582000445575,"{""PRC"": 0.29244260575075426, ""ROC"": 0.44516206251977103, ""Best_F1"": 0.43647867247943334}","{""slidingWindow"": 1, ""n_bins"": 10, ""tol"": 0.5, ""n_jobs"": 1}"
grasp_mtsbench_statistical_replay,COPOD,swan,1104,grasp_mtsbench_native__copod__swan__seed1104,native_transductive_test_feature_fit_oracle_f1,ec2d5c12e8ffcc06bfe572d1c15cf48b5b235e62baa4f8675f09aa7a8c3ac7fd,experiments/runs/fm_grasp_stat_native_v1/jobs/grasp_mtsbench_native__copod__swan__seed1104/result.json,swan_sf,38,72000,20100,2.3258328000083566,"{""PRC"": 0.30544697908678925, ""ROC"": 0.5064582410682618, ""Best_F1"": 0.44156739766226927}","{""n_jobs"": 1}"
grasp_mtsbench_statistical_replay,HBOS,swan,1105,grasp_mtsbench_native__hbos__swan__seed1105,native_transductive_test_feature_fit_oracle_f1,91f84e373bd3f422c8b3ccb27c61b95aa7ee4cfe9b43a74b3394b69f703a3203,experiments/runs/fm_grasp_stat_native_v1/jobs/grasp_mtsbench_native__hbos__swan__seed1105/result.json,swan_sf,38,72000,20100,4.484750600066036,"{""PRC"": 0.29244260575075426, ""ROC"": 0.44516206251977103, ""Best_F1"": 0.43647867247943334}","{""slidingWindow"": 1, ""n_bins"": 10, ""tol"": 0.5, ""n_jobs"": 1}"
grasp_mtsbench_statistical_replay,COPOD,swan,1105,grasp_mtsbench_native__copod__swan__seed1105,native_transductive_test_feature_fit_oracle_f1,7c8a90c879f3ec4170bf53e5bfeefd0de250d01bafcaa1a208405344e81eab1e,experiments/runs/fm_grasp_stat_native_v1/jobs/grasp_mtsbench_native__copod__swan__seed1105/result.json,swan_sf,38,72000,20100,2.556150399846956,"{""PRC"": 0.30544697908678925, ""ROC"": 0.5064582410682618, ""Best_F1"": 0.44156739766226927}","{""n_jobs"": 1}"
grasp_mtsbench_statistical_replay,HBOS,swan,1106,grasp_mtsbench_native__hbos__swan__seed1106,native_transductive_test_feature_fit_oracle_f1,26eefedadb039c336219468590bf482773e6f949b1958f5d3d91931cff4341f9,experiments/runs/fm_grasp_stat_native_v1/jobs/grasp_mtsbench_native__hbos__swan__seed1106/result.json,swan_sf,38,72000,20100,4.435717300046235,"{""PRC"": 0.29244260575075426, ""ROC"": 0.44516206251977103, ""Best_F1"": 0.43647867247943334}","{""slidingWindow"": 1, ""n_bins"": 10, ""tol"": 0.5, ""n_jobs"": 1}"
grasp_mtsbench_statistical_replay,COPOD,swan,1106,grasp_mtsbench_native__copod__swan__seed1106,native_transductive_test_feature_fit_oracle_f1,7a1dea1fd57c1828f294b6d4bd408c313df0a754035ab4df150842e27ebb82bb,experiments/runs/fm_grasp_stat_native_v1/jobs/grasp_mtsbench_native__copod__swan__seed1106/result.json,swan_sf,38,72000,20100,2.0901507998351008,"{""PRC"": 0.30544697908678925, ""ROC"": 0.5064582410682618, ""Best_F1"": 0.44156739766226927}","{""n_jobs"": 1}"
grasp_mtsbench_statistical_replay,HBOS,swan,1107,grasp_mtsbench_native__hbos__swan__seed1107,native_transductive_test_feature_fit_oracle_f1,d9e7b1195495b3436960a815d81477a26c922ae0eb4e1af01dfb9a690d69251c,experiments/runs/fm_grasp_stat_native_v1/jobs/grasp_mtsbench_native__hbos__swan__seed1107/result.json,swan_sf,38,72000,20100,4.4290259999688715,"{""PRC"": 0.29244260575075426, ""ROC"": 0.44516206251977103, ""Best_F1"": 0.43647867247943334}","{""slidingWindow"": 1, ""n_bins"": 10, ""tol"": 0.5, ""n_jobs"": 1}"
grasp_mtsbench_statistical_replay,COPOD,swan,1107,grasp_mtsbench_native__copod__swan__seed1107,native_transductive_test_feature_fit_oracle_f1,0eb2620cfb892af47e8baf7461d170fe56940b3ecdc98b803b34635a96df478f,experiments/runs/fm_grasp_stat_native_v1/jobs/grasp_mtsbench_native__copod__swan__seed1107/result.json,swan_sf,38,72000,20100,2.5184124999213964,"{""PRC"": 0.30544697908678925, ""ROC"": 0.5064582410682618, ""Best_F1"": 0.44156739766226927}","{""n_jobs"": 1}"
grasp_mtsbench_statistical_replay,HBOS,swan,1108,grasp_mtsbench_native__hbos__swan__seed1108,native_transductive_test_feature_fit_oracle_f1,b3d289450f4bb81db4a25fd07de932175b712d2f80561936e81dcdcca8b0cad4,experiments/runs/fm_grasp_stat_native_v1/jobs/grasp_mtsbench_native__hbos__swan__seed1108/result.json,swan_sf,38,72000,20100,4.755263699917123,"{""PRC"": 0.29244260575075426, ""ROC"": 0.44516206251977103, ""Best_F1"": 0.43647867247943334}","{""slidingWindow"": 1, ""n_bins"": 10, ""tol"": 0.5, ""n_jobs"": 1}"
grasp_mtsbench_statistical_replay,COPOD,swan,1108,grasp_mtsbench_native__copod__swan__seed1108,native_transductive_test_feature_fit_oracle_f1,f6a1b75ae36692b7a42f4f34ae6844d858a2b5364216df6f1139829072e91647,experiments/runs/fm_grasp_stat_native_v1/jobs/grasp_mtsbench_native__copod__swan__seed1108/result.json,swan_sf,38,72000,20100,2.520528699969873,"{""PRC"": 0.30544697908678925, ""ROC"": 0.5064582410682618, ""Best_F1"": 0.44156739766226927}","{""n_jobs"": 1}"
grasp_mtsbench_statistical_replay,HBOS,swan,1109,grasp_mtsbench_native__hbos__swan__seed1109,native_transductive_test_feature_fit_oracle_f1,a955904a71af188dfd546e8d271eebafaf2ee5e836add5e3a2fa9d3abb54c230,experiments/runs/fm_grasp_stat_native_v1/jobs/grasp_mtsbench_native__hbos__swan__seed1109/result.json,swan_sf,38,72000,20100,4.180322400061414,"{""PRC"": 0.29244260575075426, ""ROC"": 0.44516206251977103, ""Best_F1"": 0.43647867247943334}","{""slidingWindow"": 1, ""n_bins"": 10, ""tol"": 0.5, ""n_jobs"": 1}"
grasp_mtsbench_statistical_replay,COPOD,swan,1109,grasp_mtsbench_native__copod__swan__seed1109,native_transductive_test_feature_fit_oracle_f1,c0cfd6e9f8ddd15f86dad810dbe6f10462d08174a8a17336474d1d384f8c5235,experiments/runs/fm_grasp_stat_native_v1/jobs/grasp_mtsbench_native__copod__swan__seed1109/result.json,swan_sf,38,72000,20100,2.2885074999649078,"{""PRC"": 0.30544697908678925, ""ROC"": 0.5064582410682618, ""Best_F1"": 0.44156739766226927}","{""n_jobs"": 1}"
grasp_mtsbench_statistical_replay,HBOS,swan,1110,grasp_mtsbench_native__hbos__swan__seed1110,native_transductive_test_feature_fit_oracle_f1,460b3d7d6afd96dacc77116c6e07947d433f85d63180586bf2607b4c788dd75c,experiments/runs/fm_grasp_stat_native_v1/jobs/grasp_mtsbench_native__hbos__swan__seed1110/result.json,swan_sf,38,72000,20100,4.606361499987543,"{""PRC"": 0.29244260575075426, ""ROC"": 0.44516206251977103, ""Best_F1"": 0.43647867247943334}","{""slidingWindow"": 1, ""n_bins"": 10, ""tol"": 0.5, ""n_jobs"": 1}"
grasp_mtsbench_statistical_replay,COPOD,swan,1110,grasp_mtsbench_native__copod__swan__seed1110,native_transductive_test_feature_fit_oracle_f1,c076b2536de8acafca7f5cc325013962529365bc4b82bb3a2da47107ec97bcf7,experiments/runs/fm_grasp_stat_native_v1/jobs/grasp_mtsbench_native__copod__swan__seed1110/result.json,swan_sf,38,72000,20100,2.3745244001038373,"{""PRC"": 0.30544697908678925, ""ROC"": 0.5064582410682618, ""Best_F1"": 0.44156739766226927}","{""n_jobs"": 1}"
grasp_mtsbench_statistical_replay,HBOS,swan,1111,grasp_mtsbench_native__hbos__swan__seed1111,native_transductive_test_feature_fit_oracle_f1,2de46acc114ac6346f3afbd354ce77015b0db17789272e72c39e070da191146d,experiments/runs/fm_grasp_stat_native_v1/jobs/grasp_mtsbench_native__hbos__swan__seed1111/result.json,swan_sf,38,72000,20100,4.300422400003299,"{""PRC"": 0.29244260575075426, ""ROC"": 0.44516206251977103, ""Best_F1"": 0.43647867247943334}","{""slidingWindow"": 1, ""n_bins"": 10, ""tol"": 0.5, ""n_jobs"": 1}"
grasp_mtsbench_statistical_replay,COPOD,swan,1111,grasp_mtsbench_native__copod__swan__seed1111,native_transductive_test_feature_fit_oracle_f1,443b127275545ac5bf12e1736f8841d6e6510f2a0c2dd6cf868a0cf302517cfc,experiments/runs/fm_grasp_stat_native_v1/jobs/grasp_mtsbench_native__copod__swan__seed1111/result.json,swan_sf,38,72000,20100,2.4305996000766754,"{""PRC"": 0.30544697908678925, ""ROC"": 0.5064582410682618, ""Best_F1"": 0.44156739766226927}","{""n_jobs"": 1}"
grasp_mtsbench_statistical_replay,HBOS,swan,1112,grasp_mtsbench_native__hbos__swan__seed1112,native_transductive_test_feature_fit_oracle_f1,783042534e87cc9683ee43a0ddb2c34fabaf7efe6d1af02f6a1f9797c526d56f,experiments/runs/fm_grasp_stat_native_v1/jobs/grasp_mtsbench_native__hbos__swan__seed1112/result.json,swan_sf,38,72000,20100,4.117053100140765,"{""PRC"": 0.29244260575075426, ""ROC"": 0.44516206251977103, ""Best_F1"": 0.43647867247943334}","{""slidingWindow"": 1, ""n_bins"": 10, ""tol"": 0.5, ""n_jobs"": 1}"
grasp_mtsbench_statistical_replay,COPOD,swan,1112,grasp_mtsbench_native__copod__swan__seed1112,native_transductive_test_feature_fit_oracle_f1,8660adeb9ec8890776f16cb104659123caac2c56be339b415e37e6cede4d090c,experiments/runs/fm_grasp_stat_native_v1/jobs/grasp_mtsbench_native__copod__swan__seed1112/result.json,swan_sf,38,72000,20100,2.274311800021678,"{""PRC"": 0.30544697908678925, ""ROC"": 0.5064582410682618, ""Best_F1"": 0.44156739766226927}","{""n_jobs"": 1}"
grasp_mtsbench_statistical_replay,HBOS,smd,1103,grasp_mtsbench_native__hbos__smd__seed1103,native_transductive_test_feature_fit_oracle_f1,15954845ebe67c6e4bf77b90562ba312f35a23a6cd64ca86f18c32be621d026d,experiments/runs/fm_grasp_stat_native_v1/jobs/grasp_mtsbench_native__hbos__smd__seed1103/result.json,SMD_machine-1-2,38,4930,167,4.091437199851498,"{""PRC"": 0.15336589141254015, ""ROC"": 0.8508205088877463, ""Best_F1"": 0.2657306855194088}","{""slidingWindow"": 1, ""n_bins"": 10, ""tol"": 0.5, ""n_jobs"": 1}"
grasp_mtsbench_statistical_replay,HBOS,smd,1103,grasp_mtsbench_native__hbos__smd__seed1103,native_transductive_test_feature_fit_oracle_f1,15954845ebe67c6e4bf77b90562ba312f35a23a6cd64ca86f18c32be621d026d,experiments/runs/fm_grasp_stat_native_v1/jobs/grasp_mtsbench_native__hbos__smd__seed1103/result.json,SMD_machine-1-3,38,15218,731,0.041162499925121665,"{""PRC"": 0.15547197465948284, ""ROC"": 0.6659861187873801, ""Best_F1"": 0.2517568811662047}","{""slidingWindow"": 1, ""n_bins"": 10, ""tol"": 0.5, ""n_jobs"": 1}"
grasp_mtsbench_statistical_replay,HBOS,smd,1103,grasp_mtsbench_native__hbos__smd__seed1103,native_transductive_test_feature_fit_oracle_f1,15954845ebe67c6e4bf77b90562ba312f35a23a6cd64ca86f18c32be621d026d,experiments/runs/fm_grasp_stat_native_v1/jobs/grasp_mtsbench_native__hbos__smd__seed1103/result.json,SMD_machine-1-4,38,10084,409,0.030453699873760343,"{""PRC"": 0.19576202924637667, ""ROC"": 0.6625389966073425, ""Best_F1"": 0.20840573371935517}","{""slidingWindow"": 1, ""n_bins"": 10, ""tol"": 0.5, ""n_jobs"": 1}"
grasp_mtsbench_statistical_replay,HBOS,smd,1103,grasp_mtsbench_native__hbos__smd__seed1103,native_transductive_test_feature_fit_oracle_f1,15954845ebe67c6e4bf77b90562ba312f35a23a6cd64ca86f18c32be621d026d,experiments/runs/fm_grasp_stat_native_v1/jobs/grasp_mtsbench_native__hbos__smd__seed1103/result.json,SMD_machine-1-6,38,18584,3282,0.064130499958992,"{""PRC"": 0.4207571295647137, ""ROC"": 0.8556008777494682, ""Best_F1"": 0.6111911328028324}","{""slidingWindow"": 1, ""n_bins"": 10, ""tol"": 0.5, ""n_jobs"": 1}"
grasp_mtsbench_statistical_replay,HBOS,smd,1103,grasp_mtsbench_native__hbos__smd__seed1103,native_transductive_test_feature_fit_oracle_f1,15954845ebe67c6e4bf77b90562ba312f35a23a6cd64ca86f18c32be621d026d,experiments/runs/fm_grasp_stat_native_v1/jobs/grasp_mtsbench_native__hbos__smd__seed1103/result.json,SMD_machine-1-7,38,17131,1068,0.05381109984591603,"{""PRC"": 0.12516026190342233, ""ROC"": 0.6123961282133248, ""Best_F1"": 0.15587239387341034}","{""slidingWindow"": 1, ""n_bins"": 10, ""tol"": 0.5, ""n_jobs"": 1}"
grasp_mtsbench_statistical_replay,HBOS,smd,1103,grasp_mtsbench_native__hbos__smd__seed1103,native_transductive_test_feature_fit_oracle_f1,15954845ebe67c6e4bf77b90562ba312f35a23a6cd64ca86f18c32be621d026d,experiments/runs/fm_grasp_stat_native_v1/jobs/grasp_mtsbench_native__hbos__smd__seed1103/result.json,SMD_machine-1-8,38,20367,320,0.08216030010953546,"{""PRC"": 0.08702472088332686, ""ROC"": 0.5597279206365042, ""Best_F1"": 0.19922897208931778}","{""slidingWindow"": 1, ""n_bins"": 10, ""tol"": 0.5, ""n_jobs"": 1}"
grasp_mtsbench_statistical_replay,HBOS,smd,1103,grasp_mtsbench_native__hbos__smd__seed1103,native_transductive_test_feature_fit_oracle_f1,15954845ebe67c6e4bf77b90562ba312f35a23a6cd64ca86f18c32be621d026d,experiments/runs/fm_grasp_stat_native_v1/jobs/grasp_mtsbench_native__hbos__smd__seed1103/result.json,SMD_machine-2-1,38,12706,1022,0.05135690001770854,"{""PRC"": 0.20999756863270053, ""ROC"": 0.6858000654548915, ""Best_F1"": 0.2670703617791897}","{""slidingWindow"": 1, ""n_bins"": 10, ""tol"": 0.5, ""n_jobs"": 1}"
grasp_mtsbench_statistical_replay,HBOS,smd,1103,grasp_mtsbench_native__hbos__smd__seed1103,native_transductive_test_feature_fit_oracle_f1,15954845ebe67c6e4bf77b90562ba312f35a23a6cd64ca86f18c32be621d026d,experiments/runs/fm_grasp_stat_native_v1/jobs/grasp_mtsbench_native__hbos__smd__seed1103/result.json,SMD_machine-2-2,38,5459,1088,0.01988439983688295,"{""PRC"": 0.27183847504531305, ""ROC"": 0.5858262638445907, ""Best_F1"": 0.3594971949298942}","{""slidingWindow"": 1, ""n_bins"": 10, ""tol"": 0.5, ""n_jobs"": 1}"
grasp_mtsbench_statistical_replay,HBOS,smd,1103,grasp_mtsbench_native__hbos__smd__seed1103,native_transductive_test_feature_fit_oracle_f1,15954845ebe67c6e4bf77b90562ba312f35a23a6cd64ca86f18c32be621d026d,experiments/runs/fm_grasp_stat_native_v1/jobs/grasp_mtsbench_native__hbos__smd__seed1103/result.json,SMD_machine-2-3,38,14213,165,0.043121400056406856,"{""PRC"": 0.5427810481166818, ""ROC"": 0.8996330762062539, ""Best_F1"": 0.6006551057495528}","{""slidingWindow"": 1, ""n_bins"": 10, ""tol"": 0.5, ""n_jobs"": 1}"
grasp_mtsbench_statistical_replay,HBOS,smd,1103,grasp_mtsbench_native__hbos__smd__seed1103,native_transductive_test_feature_fit_oracle_f1,15954845ebe67c6e4bf77b90562ba312f35a23a6cd64ca86f18c32be621d026d,experiments/runs/fm_grasp_stat_native_v1/jobs/grasp_mtsbench_native__hbos__smd__seed1103/result.json,SMD_machine-2-4,38,18912,1679,0.06914640008471906,"{""PRC"": 0.473899102672081, ""ROC"": 0.898548109509274, ""Best_F1"": 0.5130866395539044}","{""slidingWindow"": 1, ""n_bins"": 10, ""tol"": 0.5, ""n_jobs"": 1}"
grasp_mtsbench_statistical_replay,HBOS,smd,1103,grasp_mtsbench_native__hbos__smd__seed1103,native_transductive_test_feature_fit_oracle_f1,15954845ebe67c6e4bf77b90562ba312f35a23a6cd64ca86f18c32be621d026d,experiments/runs/fm_grasp_stat_native_v1/jobs/grasp_mtsbench_native__hbos__smd__seed1103/result.json,SMD_machine-2-5,38,17468,678,0.04590329993516207,"{""PRC"": 0.24042988705426113, ""ROC"": 0.7019096298014165, ""Best_F1"": 0.309105271412092}","{""slidingWindow"": 1, ""n_bins"": 10, ""tol"": 0.5, ""n_jobs"": 1}"
grasp_mtsbench_statistical_replay,HBOS,smd,1103,grasp_mtsbench_native__hbos__smd__seed1103,native_transductive_test_feature_fit_oracle_f1,15954845ebe67c6e4bf77b90562ba312f35a23a6cd64ca86f18c32be621d026d,experiments/runs/fm_grasp_stat_native_v1/jobs/grasp_mtsbench_native__hbos__smd__seed1103/result.json,SMD_machine-2-7,38,18188,405,0.04244710016064346,"{""PRC"": 0.6936877183690572, ""ROC"": 0.9071018027343356, ""Best_F1"": 0.7891842339609892}","{""slidingWindow"": 1, ""n_bins"": 10, ""tol"": 0.5, ""n_jobs"": 1}"
grasp_mtsbench_statistical_replay,HBOS,smd,1103,grasp_mtsbench_native__hbos__smd__seed1103,native_transductive_test_feature_fit_oracle_f1,15954845ebe67c6e4bf77b90562ba312f35a23a6cd64ca86f18c32be621d026d,experiments/runs/fm_grasp_stat_native_v1/jobs/grasp_mtsbench_native__hbos__smd__seed1103/result.json,SMD_machine-2-9,38,11123,763,0.02789979986846447,"{""PRC"": 0.10937865893507712, ""ROC"": 0.6985665453883015, ""Best_F1"": 0.2289920009224824}","{""slidingWindow"": 1, ""n_bins"": 10, ""tol"": 0.5, ""n_jobs"": 1}"
grasp_mtsbench_statistical_replay,HBOS,smd,1103,grasp_mtsbench_native__hbos__smd__seed1103,native_transductive_test_feature_fit_oracle_f1,15954845ebe67c6e4bf77b90562ba312f35a23a6cd64ca86f18c32be621d026d,experiments/runs/fm_grasp_stat_native_v1/jobs/grasp_mtsbench_native__hbos__smd__seed1103/result.json,SMD_machine-3-10,38,18651,892,0.06042160000652075,"{""PRC"": 0.1791768262878154, ""ROC"": 0.8716274600360533, ""Best_F1"": 0.36510243468042686}","{""slidingWindow"": 1, ""n_bins"": 10, ""tol"": 0.5, ""n_jobs"": 1}"
grasp_mtsbench_statistical_replay,HBOS,smd,1103,grasp_mtsbench_native__hbos__smd__seed1103,native_transductive_test_feature_fit_oracle_f1,15954845ebe67c6e4bf77b90562ba312f35a23a6cd64ca86f18c32be621d026d,experiments/runs/fm_grasp_stat_native_v1/jobs/grasp_mtsbench_native__hbos__smd__seed1103/result.json,SMD_machine-3-2,38,13152,236,0.02790450002066791,"{""PRC"": 0.023787552027124077, ""ROC"": 0.356506645285574, ""Best_F1"": 0.05754904423466521}","{""slidingWindow"": 1, ""n_bins"": 10, ""tol"": 0.5, ""n_jobs"": 1}"
grasp_mtsbench_statistical_replay,HBOS,smd,1103,grasp_mtsbench_native__hbos__smd__seed1103,native_transductive_test_feature_fit_oracle_f1,15954845ebe67c6e4bf77b90562ba312f35a23a6cd64ca86f18c32be621d026d,experiments/runs/fm_grasp_stat_native_v1/jobs/grasp_mtsbench_native__hbos__smd__seed1103/result.json,SMD_machine-3-3,38,18885,600,0.09017960005439818,"{""PRC"": 0.08714375495114303, ""ROC"": 0.7441201804757998, ""Best_F1"": 0.17231657373586726}","{""slidingWindow"": 1, ""n_bins"": 10, ""tol"": 0.5, ""n_jobs"": 1}"
grasp_mtsbench_statistical_replay,HBOS,smd,1103,grasp_mtsbench_native__hbos__smd__seed1103,native_transductive_test_feature_fit_oracle_f1,15954845ebe67c6e4bf77b90562ba312f35a23a6cd64ca86f18c32be621d026d,experiments/runs/fm_grasp_stat_native_v1/jobs/grasp_mtsbench_native__hbos__smd__seed1103/result.json,SMD_machine-3-5,38,9117,265,0.02898190007545054,"{""PRC"": 0.3817418931917098, ""ROC"": 0.8809091219125408, ""Best_F1"": 0.39246902030524716}","{""slidingWindow"": 1, ""n_bins"": 10, ""tol"": 0.5, ""n_jobs"": 1}"
grasp_mtsbench_statistical_replay,HBOS,smd,1103,grasp_mtsbench_native__hbos__smd__seed1103,native_transductive_test_feature_fit_oracle_f1,15954845ebe67c6e4bf77b90562ba312f35a23a6cd64ca86f18c32be621d026d,experiments/runs/fm_grasp_stat_native_v1/jobs/grasp_mtsbench_native__hbos__smd__seed1103/result.json,SMD_machine-3-6,38,12401,790,0.03738530003465712,"{""PRC"": 0.43359526111657326, ""ROC"": 0.9170238501464674, ""Best_F1"": 0.4450875924272189}","{""slidingWindow"": 1, ""n_bins"": 10, ""tol"": 0.5, ""n_jobs"": 1}"
grasp_mtsbench_statistical_replay,COPOD,smd,1103,grasp_mtsbench_native__copod__smd__seed1103,native_transductive_test_feature_fit_oracle_f1,3a29425ba3a86b391f1830d5edc932607bb0db16a417fd08710c9fcdc01a7953,experiments/runs/fm_grasp_stat_native_v1/jobs/grasp_mtsbench_native__copod__smd__seed1103/result.json,SMD_machine-1-2,38,4930,167,0.9176942999474704,"{""PRC"": 0.11468596902879649, ""ROC"": 0.7983633824100698, ""Best_F1"": 0.17289493336925885}","{""n_jobs"": 1}"
grasp_mtsbench_statistical_replay,COPOD,smd,1103,grasp_mtsbench_native__copod__smd__seed1103,native_transductive_test_feature_fit_oracle_f1,3a29425ba3a86b391f1830d5edc932607bb0db16a417fd08710c9fcdc01a7953,experiments/runs/fm_grasp_stat_native_v1/jobs/grasp_mtsbench_native__copod__smd__seed1103/result.json,SMD_machine-1-3,38,15218,731,0.21410119999200106,"{""PRC"": 0.12850407887398468, ""ROC"": 0.603568537365969, ""Best_F1"": 0.16168848422576337}","{""n_jobs"": 1}"
grasp_mtsbench_statistical_replay,COPOD,smd,1103,grasp_mtsbench_native__copod__smd__seed1103,native_transductive_test_feature_fit_oracle_f1,3a29425ba3a86b391f1830d5edc932607bb0db16a417fd08710c9fcdc01a7953,experiments/runs/fm_grasp_stat_native_v1/jobs/grasp_mtsbench_native__copod__smd__seed1103/result.json,SMD_machine-1-4,38,10084,409,0.1467330998275429,"{""PRC"": 0.19672103109421177, ""ROC"": 0.5992090117068795, ""Best_F1"": 0.24185582490724644}","{""n_jobs"": 1}"
grasp_mtsbench_statistical_replay,COPOD,smd,1103,grasp_mtsbench_native__copod__smd__seed1103,native_transductive_test_feature_fit_oracle_f1,3a29425ba3a86b391f1830d5edc932607bb0db16a417fd08710c9fcdc01a7953,experiments/runs/fm_grasp_stat_native_v1/jobs/grasp_mtsbench_native__copod__smd__seed1103/result.json,SMD_machine-1-6,38,18584,3282,0.3037879001349211,"{""PRC"": 0.3605243591431486, ""ROC"": 0.8148121178553329, ""Best_F1"": 0.534284177130671}","{""n_jobs"": 1}"
grasp_mtsbench_statistical_replay,COPOD,smd,1103,grasp_mtsbench_native__copod__smd__seed1103,native_transductive_test_feature_fit_oracle_f1,3a29425ba3a86b391f1830d5edc932607bb0db16a417fd08710c9fcdc01a7953,experiments/runs/fm_grasp_stat_native_v1/jobs/grasp_mtsbench_native__copod__smd__seed1103/result.json,SMD_machine-1-7,38,17131,1068,0.3785772998817265,"{""PRC"": 0.07277688395258579, ""ROC"": 0.5416138258043411, ""Best_F1"": 0.13011800843933236}","{""n_jobs"": 1}"
grasp_mtsbench_statistical_replay,COPOD,smd,1103,grasp_mtsbench_native__copod__smd__seed1103,native_transductive_test_feature_fit_oracle_f1,3a29425ba3a86b391f1830d5edc932607bb0db16a417fd08710c9fcdc01a7953,experiments/runs/fm_grasp_stat_native_v1/jobs/grasp_mtsbench_native__copod__smd__seed1103/result.json,SMD_machine-1-8,38,20367,320,0.3144213000778109,"{""PRC"": 0.03808862412906948, ""ROC"": 0.7264512769990522, ""Best_F1"": 0.1211354304731251}","{""n_jobs"": 1}"
grasp_mtsbench_statistical_replay,COPOD,smd,1103,grasp_mtsbench_native__copod__smd__seed1103,native_transductive_test_feature_fit_oracle_f1,3a29425ba3a86b391f1830d5edc932607bb0db16a417fd08710c9fcdc01a7953,experiments/runs/fm_grasp_stat_native_v1/jobs/grasp_mtsbench_native__copod__smd__seed1103/result.json,SMD_machine-2-1,38,12706,1022,0.17695620004087687,"{""PRC"": 0.1292453423317479, ""ROC"": 0.6277384531072984, ""Best_F1"": 0.214519221202857}","{""n_jobs"": 1}"
grasp_mtsbench_statistical_replay,COPOD,smd,1103,grasp_mtsbench_native__copod__smd__seed1103,native_transductive_test_feature_fit_oracle_f1,3a29425ba3a86b391f1830d5edc932607bb0db16a417fd08710c9fcdc01a7953,experiments/runs/fm_grasp_stat_native_v1/jobs/grasp_mtsbench_native__copod__smd__seed1103/result.json,SMD_machine-2-2,38,5459,1088,0.0841624999884516,"{""PRC"": 0.23347791333658421, ""ROC"": 0.5200927402532736, ""Best_F1"": 0.3349801889255508}","{""n_jobs"": 1}"
grasp_mtsbench_statistical_replay,COPOD,smd,1103,grasp_mtsbench_native__copod__smd__seed1103,native_transductive_test_feature_fit_oracle_f1,3a29425ba3a86b391f1830d5edc932607bb0db16a417fd08710c9fcdc01a7953,experiments/runs/fm_grasp_stat_native_v1/jobs/grasp_mtsbench_native__copod__smd__seed1103/result.json,SMD_machine-2-3,38,14213,165,0.24978059995919466,"{""PRC"": 0.48122573728582857, ""ROC"": 0.8954053634292815, ""Best_F1"": 0.5147879022578148}","{""n_jobs"": 1}"
grasp_mtsbench_statistical_replay,COPOD,smd,1103,grasp_mtsbench_native__copod__smd__seed1103,native_transductive_test_feature_fit_oracle_f1,3a29425ba3a86b391f1830d5edc932607bb0db16a417fd08710c9fcdc01a7953,experiments/runs/fm_grasp_stat_native_v1/jobs/grasp_mtsbench_native__copod__smd__seed1103/result.json,SMD_machine-2-4,38,18912,1679,0.25491009978577495,"{""PRC"": 0.3927319060627016, ""ROC"": 0.8902674609330057, ""Best_F1"": 0.49776969419313155}","{""n_jobs"": 1}"
grasp_mtsbench_statistical_replay,COPOD,smd,1103,grasp_mtsbench_native__copod__smd__seed1103,native_transductive_test_feature_fit_oracle_f1,3a29425ba3a86b391f1830d5edc932607bb0db16a417fd08710c9fcdc01a7953,experiments/runs/fm_grasp_stat_native_v1/jobs/grasp_mtsbench_native__copod__smd__seed1103/result.json,SMD_machine-2-5,38,17468,678,0.2990624001249671,"{""PRC"": 0.23825983009629115, ""ROC"": 0.6957295658147409, ""Best_F1"": 0.3016939306282695}","{""n_jobs"": 1}"
grasp_mtsbench_statistical_replay,COPOD,smd,1103,grasp_mtsbench_native__copod__smd__seed1103,native_transductive_test_feature_fit_oracle_f1,3a29425ba3a86b391f1830d5edc932607bb0db16a417fd08710c9fcdc01a7953,experiments/runs/fm_grasp_stat_native_v1/jobs/grasp_mtsbench_native__copod__smd__seed1103/result.json,SMD_machine-2-7,38,18188,405,0.2749614000786096,"{""PRC"": 0.7191342297689738, ""ROC"": 0.9039140585786258, ""Best_F1"": 0.7506799915881467}","{""n_jobs"": 1}"
grasp_mtsbench_statistical_replay,COPOD,smd,1103,grasp_mtsbench_native__copod__smd__seed1103,native_transductive_test_feature_fit_oracle_f1,3a29425ba3a86b391f1830d5edc932607bb0db16a417fd08710c9fcdc01a7953,experiments/runs/fm_grasp_stat_native_v1/jobs/grasp_mtsbench_native__copod__smd__seed1103/result.json,SMD_machine-2-9,38,11123,763,0.17576869996264577,"{""PRC"": 0.15649069359562914, ""ROC"": 0.7514068880713702, ""Best_F1"": 0.3188367004369397}","{""n_jobs"": 1}"
grasp_mtsbench_statistical_replay,COPOD,smd,1103,grasp_mtsbench_native__copod__smd__seed1103,native_transductive_test_feature_fit_oracle_f1,3a29425ba3a86b391f1830d5edc932607bb0db16a417fd08710c9fcdc01a7953,experiments/runs/fm_grasp_stat_native_v1/jobs/grasp_mtsbench_native__copod__smd__seed1103/result.json,SMD_machine-3-10,38,18651,892,0.45162690011784434,"{""PRC"": 0.10445762270321424, ""ROC"": 0.7831520151343715, ""Best_F1"": 0.2698023810615868}","{""n_jobs"": 1}"
grasp_mtsbench_statistical_replay,COPOD,smd,1103,grasp_mtsbench_native__copod__smd__seed1103,native_transductive_test_feature_fit_oracle_f1,3a29425ba3a86b391f1830d5edc932607bb0db16a417fd08710c9fcdc01a7953,experiments/runs/fm_grasp_stat_native_v1/jobs/grasp_mtsbench_native__copod__smd__seed1103/result.json,SMD_machine-3-2,38,13152,236,0.20782030001282692,"{""PRC"": 0.014702256112018834, ""ROC"": 0.38294967219740594, ""Best_F1"": 0.03763842672470165}","{""n_jobs"": 1}"
grasp_mtsbench_statistical_replay,COPOD,smd,1103,grasp_mtsbench_native__copod__smd__seed1103,native_transductive_test_feature_fit_oracle_f1,3a29425ba3a86b391f1830d5edc932607bb0db16a417fd08710c9fcdc01a7953,experiments/runs/fm_grasp_stat_native_v1/jobs/grasp_mtsbench_native__copod__smd__seed1103/result.json,SMD_machine-3-3,38,18885,600,0.3470302000641823,"{""PRC"": 0.052428626470154865, ""ROC"": 0.6814966730471242, ""Best_F1"": 0.10819762254396792}","{""n_jobs"": 1}"
grasp_mtsbench_statistical_replay,COPOD,smd,1103,grasp_mtsbench_native__copod__smd__seed1103,native_transductive_test_feature_fit_oracle_f1,3a29425ba3a86b391f1830d5edc932607bb0db16a417fd08710c9fcdc01a7953,experiments/runs/fm_grasp_stat_native_v1/jobs/grasp_mtsbench_native__copod__smd__seed1103/result.json,SMD_machine-3-5,38,9117,265,0.17978539993055165,"{""PRC"": 0.1604473286963407, ""ROC"": 0.8552085020760686, ""Best_F1"": 0.24960996018384443}","{""n_jobs"": 1}"
grasp_mtsbench_statistical_replay,COPOD,smd,1103,grasp_mtsbench_native__copod__smd__seed1103,native_transductive_test_feature_fit_oracle_f1,3a29425ba3a86b391f1830d5edc932607bb0db16a417fd08710c9fcdc01a7953,experiments/runs/fm_grasp_stat_native_v1/jobs/grasp_mtsbench_native__copod__smd__seed1103/result.json,SMD_machine-3-6,38,12401,790,0.20301269995979965,"{""PRC"": 0.25540095731221385, ""ROC"": 0.876704652615536, ""Best_F1"": 0.35112662809801515}","{""n_jobs"": 1}"
grasp_mtsbench_statistical_replay,HBOS,smd,1104,grasp_mtsbench_native__hbos__smd__seed1104,native_transductive_test_feature_fit_oracle_f1,86e433421cc87eda74dfa111a67a63e9a1022eacfa9e8a6f669626fbad6f7aea,experiments/runs/fm_grasp_stat_native_v1/jobs/grasp_mtsbench_native__hbos__smd__seed1104/result.json,SMD_machine-1-2,38,4930,167,4.17765189986676,"{""PRC"": 0.15336589141254015, ""ROC"": 0.8508205088877463, ""Best_F1"": 0.2657306855194088}","{""slidingWindow"": 1, ""n_bins"": 10, ""tol"": 0.5, ""n_jobs"": 1}"
grasp_mtsbench_statistical_replay,HBOS,smd,1104,grasp_mtsbench_native__hbos__smd__seed1104,native_transductive_test_feature_fit_oracle_f1,86e433421cc87eda74dfa111a67a63e9a1022eacfa9e8a6f669626fbad6f7aea,experiments/runs/fm_grasp_stat_native_v1/jobs/grasp_mtsbench_native__hbos__smd__seed1104/result.json,SMD_machine-1-3,38,15218,731,0.058605700032785535,"{""PRC"": 0.15547197465948284, ""ROC"": 0.6659861187873801, ""Best_F1"": 0.2517568811662047}","{""slidingWindow"": 1, ""n_bins"": 10, ""tol"": 0.5, ""n_jobs"": 1}"
grasp_mtsbench_statistical_replay,HBOS,smd,1104,grasp_mtsbench_native__hbos__smd__seed1104,native_transductive_test_feature_fit_oracle_f1,86e433421cc87eda74dfa111a67a63e9a1022eacfa9e8a6f669626fbad6f7aea,experiments/runs/fm_grasp_stat_native_v1/jobs/grasp_mtsbench_native__hbos__smd__seed1104/result.json,SMD_machine-1-4,38,10084,409,0.03709859983064234,"{""PRC"": 0.19576202924637667, ""ROC"": 0.6625389966073425, ""Best_F1"": 0.20840573371935517}","{""slidingWindow"": 1, ""n_bins"": 10, ""tol"": 0.5, ""n_jobs"": 1}"
grasp_mtsbench_statistical_replay,HBOS,smd,1104,grasp_mtsbench_native__hbos__smd__seed1104,native_transductive_test_feature_fit_oracle_f1,86e433421cc87eda74dfa111a67a63e9a1022eacfa9e8a6f669626fbad6f7aea,experiments/runs/fm_grasp_stat_native_v1/jobs/grasp_mtsbench_native__hbos__smd__seed1104/result.json,SMD_machine-1-6,38,18584,3282,0.06745860003866255,"{""PRC"": 0.4207571295647137, ""ROC"": 0.8556008777494682, ""Best_F1"": 0.6111911328028324}","{""slidingWindow"": 1, ""n_bins"": 10, ""tol"": 0.5, ""n_jobs"": 1}"
grasp_mtsbench_statistical_replay,HBOS,smd,1104,grasp_mtsbench_native__hbos__smd__seed1104,native_transductive_test_feature_fit_oracle_f1,86e433421cc87eda74dfa111a67a63e9a1022eacfa9e8a6f669626fbad6f7aea,experiments/runs/fm_grasp_stat_native_v1/jobs/grasp_mtsbench_native__hbos__smd__seed1104/result.json,SMD_machine-1-7,38,17131,1068,0.0670340999495238,"{""PRC"": 0.12516026190342233, ""ROC"": 0.6123961282133248, ""Best_F1"": 0.15587239387341034}","{""slidingWindow"": 1, ""n_bins"": 10, ""tol"": 0.5, ""n_jobs"": 1}"
grasp_mtsbench_statistical_replay,HBOS,smd,1104,grasp_mtsbench_native__hbos__smd__seed1104,native_transductive_test_feature_fit_oracle_f1,86e433421cc87eda74dfa111a67a63e9a1022eacfa9e8a6f669626fbad6f7aea,experiments/runs/fm_grasp_stat_native_v1/jobs/grasp_mtsbench_native__hbos__smd__seed1104/result.json,SMD_machine-1-8,38,20367,320,0.05609759991057217,"{""PRC"": 0.08702472088332686, ""ROC"": 0.5597279206365042, ""Best_F1"": 0.19922897208931778}","{""slidingWindow"": 1, ""n_bins"": 10, ""tol"": 0.5, ""n_jobs"": 1}"
grasp_mtsbench_statistical_replay,HBOS,smd,1104,grasp_mtsbench_native__hbos__smd__seed1104,native_transductive_test_feature_fit_oracle_f1,86e433421cc87eda74dfa111a67a63e9a1022eacfa9e8a6f669626fbad6f7aea,experiments/runs/fm_grasp_stat_native_v1/jobs/grasp_mtsbench_native__hbos__smd__seed1104/result.json,SMD_machine-2-1,38,12706,1022,0.03697789995931089,"{""PRC"": 0.20999756863270053, ""ROC"": 0.6858000654548915, ""Best_F1"": 0.2670703617791897}","{""slidingWindow"": 1, ""n_bins"": 10, ""tol"": 0.5, ""n_jobs"": 1}"
grasp_mtsbench_statistical_replay,HBOS,smd,1104,grasp_mtsbench_native__hbos__smd__seed1104,native_transductive_test_feature_fit_oracle_f1,86e433421cc87eda74dfa111a67a63e9a1022eacfa9e8a6f669626fbad6f7aea,experiments/runs/fm_grasp_stat_native_v1/jobs/grasp_mtsbench_native__hbos__smd__seed1104/result.json,SMD_machine-2-2,38,5459,1088,0.019275700207799673,"{""PRC"": 0.27183847504531305, ""ROC"": 0.5858262638445907, ""Best_F1"": 0.3594971949298942}","{""slidingWindow"": 1, ""n_bins"": 10, ""tol"": 0.5, ""n_jobs"": 1}"
grasp_mtsbench_statistical_replay,HBOS,smd,1104,grasp_mtsbench_native__hbos__smd__seed1104,native_transductive_test_feature_fit_oracle_f1,86e433421cc87eda74dfa111a67a63e9a1022eacfa9e8a6f669626fbad6f7aea,experiments/runs/fm_grasp_stat_native_v1/jobs/grasp_mtsbench_native__hbos__smd__seed1104/result.json,SMD_machine-2-3,38,14213,165,0.04971690010279417,"{""PRC"": 0.5427810481166818, ""ROC"": 0.8996330762062539, ""Best_F1"": 0.6006551057495528}","{""slidingWindow"": 1, ""n_bins"": 10, ""tol"": 0.5, ""n_jobs"": 1}"
grasp_mtsbench_statistical_replay,HBOS,smd,1104,grasp_mtsbench_native__hbos__smd__seed1104,native_transductive_test_feature_fit_oracle_f1,86e433421cc87eda74dfa111a67a63e9a1022eacfa9e8a6f669626fbad6f7aea,experiments/runs/fm_grasp_stat_native_v1/jobs/grasp_mtsbench_native__hbos__smd__seed1104/result.json,SMD_machine-2-4,38,18912,1679,0.05861079995520413,"{""PRC"": 0.473899102672081, ""ROC"": 0.898548109509274, ""Best_F1"": 0.5130866395539044}","{""slidingWindow"": 1, ""n_bins"": 10, ""tol"": 0.5, ""n_jobs"": 1}"
grasp_mtsbench_statistical_replay,HBOS,smd,1104,grasp_mtsbench_native__hbos__smd__seed1104,native_transductive_test_feature_fit_oracle_f1,86e433421cc87eda74dfa111a67a63e9a1022eacfa9e8a6f669626fbad6f7aea,experiments/runs/fm_grasp_stat_native_v1/jobs/grasp_mtsbench_native__hbos__smd__seed1104/result.json,SMD_machine-2-5,38,17468,678,0.040707899956032634,"{""PRC"": 0.24042988705426113, ""ROC"": 0.7019096298014165, ""Best_F1"": 0.309105271412092}","{""slidingWindow"": 1, ""n_bins"": 10, ""tol"": 0.5, ""n_jobs"": 1}"
grasp_mtsbench_statistical_replay,HBOS,smd,1104,grasp_mtsbench_native__hbos__smd__seed1104,native_transductive_test_feature_fit_oracle_f1,86e433421cc87eda74dfa111a67a63e9a1022eacfa9e8a6f669626fbad6f7aea,experiments/runs/fm_grasp_stat_native_v1/jobs/grasp_mtsbench_native__hbos__smd__seed1104/result.json,SMD_machine-2-7,38,18188,405,0.06421469990164042,"{""PRC"": 0.6936877183690572, ""ROC"": 0.9071018027343356, ""Best_F1"": 0.7891842339609892}","{""slidingWindow"": 1, ""n_bins"": 10, ""tol"": 0.5, ""n_jobs"": 1}"
grasp_mtsbench_statistical_replay,HBOS,smd,1104,grasp_mtsbench_native__hbos__smd__seed1104,native_transductive_test_feature_fit_oracle_f1,86e433421cc87eda74dfa111a67a63e9a1022eacfa9e8a6f669626fbad6f7aea,experiments/runs/fm_grasp_stat_native_v1/jobs/grasp_mtsbench_native__hbos__smd__seed1104/result.json,SMD_machine-2-9,38,11123,763,0.03078139992430806,"{""PRC"": 0.10937865893507712, ""ROC"": 0.6985665453883015, ""Best_F1"": 0.2289920009224824}","{""slidingWindow"": 1, ""n_bins"": 10, ""tol"": 0.5, ""n_jobs"": 1}"
grasp_mtsbench_statistical_replay,HBOS,smd,1104,grasp_mtsbench_native__hbos__smd__seed1104,native_transductive_test_feature_fit_oracle_f1,86e433421cc87eda74dfa111a67a63e9a1022eacfa9e8a6f669626fbad6f7aea,experiments/runs/fm_grasp_stat_native_v1/jobs/grasp_mtsbench_native__hbos__smd__seed1104/result.json,SMD_machine-3-10,38,18651,892,0.055679299868643284,"{""PRC"": 0.1791768262878154, ""ROC"": 0.8716274600360533, ""Best_F1"": 0.36510243468042686}","{""slidingWindow"": 1, ""n_bins"": 10, ""tol"": 0.5, ""n_jobs"": 1}"
grasp_mtsbench_statistical_replay,HBOS,smd,1104,grasp_mtsbench_native__hbos__smd__seed1104,native_transductive_test_feature_fit_oracle_f1,86e433421cc87eda74dfa111a67a63e9a1022eacfa9e8a6f669626fbad6f7aea,experiments/runs/fm_grasp_stat_native_v1/jobs/grasp_mtsbench_native__hbos__smd__seed1104/result.json,SMD_machine-3-2,38,13152,236,0.03589690010994673,"{""PRC"": 0.023787552027124077, ""ROC"": 0.356506645285574, ""Best_F1"": 0.05754904423466521}","{""slidingWindow"": 1, ""n_bins"": 10, ""tol"": 0.5, ""n_jobs"": 1}"
grasp_mtsbench_statistical_replay,HBOS,smd,1104,grasp_mtsbench_native__hbos__smd__seed1104,native_transductive_test_feature_fit_oracle_f1,86e433421cc87eda74dfa111a67a63e9a1022eacfa9e8a6f669626fbad6f7aea,experiments/runs/fm_grasp_stat_native_v1/jobs/grasp_mtsbench_native__hbos__smd__seed1104/result.json,SMD_machine-3-3,38,18885,600,0.07350119994953275,"{""PRC"": 0.08714375495114303, ""ROC"": 0.7441201804757998, ""Best_F1"": 0.17231657373586726}","{""slidingWindow"": 1, ""n_bins"": 10, ""tol"": 0.5, ""n_jobs"": 1}"
grasp_mtsbench_statistical_replay,HBOS,smd,1104,grasp_mtsbench_native__hbos__smd__seed1104,native_transductive_test_feature_fit_oracle_f1,86e433421cc87eda74dfa111a67a63e9a1022eacfa9e8a6f669626fbad6f7aea,experiments/runs/fm_grasp_stat_native_v1/jobs/grasp_mtsbench_native__hbos__smd__seed1104/result.json,SMD_machine-3-5,38,9117,265,0.03471049992367625,"{""PRC"": 0.3817418931917098, ""ROC"": 0.8809091219125408, ""Best_F1"": 0.39246902030524716}","{""slidingWindow"": 1, ""n_bins"": 10, ""tol"": 0.5, ""n_jobs"": 1}"
grasp_mtsbench_statistical_replay,HBOS,smd,1104,grasp_mtsbench_native__hbos__smd__seed1104,native_transductive_test_feature_fit_oracle_f1,86e433421cc87eda74dfa111a67a63e9a1022eacfa9e8a6f669626fbad6f7aea,experiments/runs/fm_grasp_stat_native_v1/jobs/grasp_mtsbench_native__hbos__smd__seed1104/result.json,SMD_machine-3-6,38,12401,790,0.055082800099626184,"{""PRC"": 0.43359526111657326, ""ROC"": 0.9170238501464674, ""Best_F1"": 0.4450875924272189}","{""slidingWindow"": 1, ""n_bins"": 10, ""tol"": 0.5, ""n_jobs"": 1}"
grasp_mtsbench_statistical_replay,COPOD,smd,1104,grasp_mtsbench_native__copod__smd__seed1104,native_transductive_test_feature_fit_oracle_f1,a58431dfaaeb6ad7d4f7af4b27b7397a5999d66bf98e1353ab8994f3e6a2c34b,experiments/runs/fm_grasp_stat_native_v1/jobs/grasp_mtsbench_native__copod__smd__seed1104/result.json,SMD_machine-1-2,38,4930,167,0.6893143998458982,"{""PRC"": 0.11468596902879649, ""ROC"": 0.7983633824100698, ""Best_F1"": 0.17289493336925885}","{""n_jobs"": 1}"
grasp_mtsbench_statistical_replay,COPOD,smd,1104,grasp_mtsbench_native__copod__smd__seed1104,native_transductive_test_feature_fit_oracle_f1,a58431dfaaeb6ad7d4f7af4b27b7397a5999d66bf98e1353ab8994f3e6a2c34b,experiments/runs/fm_grasp_stat_native_v1/jobs/grasp_mtsbench_native__copod__smd__seed1104/result.json,SMD_machine-1-3,38,15218,731,0.24845990003086627,"{""PRC"": 0.12850407887398468, ""ROC"": 0.603568537365969, ""Best_F1"": 0.16168848422576337}","{""n_jobs"": 1}"
grasp_mtsbench_statistical_replay,COPOD,smd,1104,grasp_mtsbench_native__copod__smd__seed1104,native_transductive_test_feature_fit_oracle_f1,a58431dfaaeb6ad7d4f7af4b27b7397a5999d66bf98e1353ab8994f3e6a2c34b,experiments/runs/fm_grasp_stat_native_v1/jobs/grasp_mtsbench_native__copod__smd__seed1104/result.json,SMD_machine-1-4,38,10084,409,0.15423760004341602,"{""PRC"": 0.19672103109421177, ""ROC"": 0.5992090117068795, ""Best_F1"": 0.24185582490724644}","{""n_jobs"": 1}"
grasp_mtsbench_statistical_replay,COPOD,smd,1104,grasp_mtsbench_native__copod__smd__seed1104,native_transductive_test_feature_fit_oracle_f1,a58431dfaaeb6ad7d4f7af4b27b7397a5999d66bf98e1353ab8994f3e6a2c34b,experiments/runs/fm_grasp_stat_native_v1/jobs/grasp_mtsbench_native__copod__smd__seed1104/result.json,SMD_machine-1-6,38,18584,3282,0.35121250012889504,"{""PRC"": 0.3605243591431486, ""ROC"": 0.8148121178553329, ""Best_F1"": 0.534284177130671}","{""n_jobs"": 1}"
grasp_mtsbench_statistical_replay,COPOD,smd,1104,grasp_mtsbench_native__copod__smd__seed1104,native_transductive_test_feature_fit_oracle_f1,a58431dfaaeb6ad7d4f7af4b27b7397a5999d66bf98e1353ab8994f3e6a2c34b,experiments/runs/fm_grasp_stat_native_v1/jobs/grasp_mtsbench_native__copod__smd__seed1104/result.json,SMD_machine-1-7,38,17131,1068,0.2989707998931408,"{""PRC"": 0.07277688395258579, ""ROC"": 0.5416138258043411, ""Best_F1"": 0.13011800843933236}","{""n_jobs"": 1}"
grasp_mtsbench_statistical_replay,COPOD,smd,1104,grasp_mtsbench_native__copod__smd__seed1104,native_transductive_test_feature_fit_oracle_f1,a58431dfaaeb6ad7d4f7af4b27b7397a5999d66bf98e1353ab8994f3e6a2c34b,experiments/runs/fm_grasp_stat_native_v1/jobs/grasp_mtsbench_native__copod__smd__seed1104/result.json,SMD_machine-1-8,38,20367,320,0.26590849994681776,"{""PRC"": 0.03808862412906948, ""ROC"": 0.7264512769990522, ""Best_F1"": 0.1211354304731251}","{""n_jobs"": 1}"
grasp_mtsbench_statistical_replay,COPOD,smd,1104,grasp_mtsbench_native__copod__smd__seed1104,native_transductive_test_feature_fit_oracle_f1,a58431dfaaeb6ad7d4f7af4b27b7397a5999d66bf98e1353ab8994f3e6a2c34b,experiments/runs/fm_grasp_stat_native_v1/jobs/grasp_mtsbench_native__copod__smd__seed1104/result.json,SMD_machine-2-1,38,12706,1022,0.25691269990056753,"{""PRC"": 0.1292453423317479, ""ROC"": 0.6277384531072984, ""Best_F1"": 0.214519221202857}","{""n_jobs"": 1}"
grasp_mtsbench_statistical_replay,COPOD,smd,1104,grasp_mtsbench_native__copod__smd__seed1104,native_transductive_test_feature_fit_oracle_f1,a58431dfaaeb6ad7d4f7af4b27b7397a5999d66bf98e1353ab8994f3e6a2c34b,experiments/runs/fm_grasp_stat_native_v1/jobs/grasp_mtsbench_native__copod__smd__seed1104/result.json,SMD_machine-2-2,38,5459,1088,0.0739001000765711,"{""PRC"": 0.23347791333658421, ""ROC"": 0.5200927402532736, ""Best_F1"": 0.3349801889255508}","{""n_jobs"": 1}"
grasp_mtsbench_statistical_replay,COPOD,smd,1104,grasp_mtsbench_native__copod__smd__seed1104,native_transductive_test_feature_fit_oracle_f1,a58431dfaaeb6ad7d4f7af4b27b7397a5999d66bf98e1353ab8994f3e6a2c34b,experiments/runs/fm_grasp_stat_native_v1/jobs/grasp_mtsbench_native__copod__smd__seed1104/result.json,SMD_machine-2-3,38,14213,165,0.23813750012777746,"{""PRC"": 0.48122573728582857, ""ROC"": 0.8954053634292815, ""Best_F1"": 0.5147879022578148}","{""n_jobs"": 1}"
grasp_mtsbench_statistical_replay,COPOD,smd,1104,grasp_mtsbench_native__copod__smd__seed1104,native_transductive_test_feature_fit_oracle_f1,a58431dfaaeb6ad7d4f7af4b27b7397a5999d66bf98e1353ab8994f3e6a2c34b,experiments/runs/fm_grasp_stat_native_v1/jobs/grasp_mtsbench_native__copod__smd__seed1104/result.json,SMD_machine-2-4,38,18912,1679,0.41130660008639097,"{""PRC"": 0.3927319060627016, ""ROC"": 0.8902674609330057, ""Best_F1"": 0.49776969419313155}","{""n_jobs"": 1}"
grasp_mtsbench_statistical_replay,COPOD,smd,1104,grasp_mtsbench_native__copod__smd__seed1104,native_transductive_test_feature_fit_oracle_f1,a58431dfaaeb6ad7d4f7af4b27b7397a5999d66bf98e1353ab8994f3e6a2c34b,experiments/runs/fm_grasp_stat_native_v1/jobs/grasp_mtsbench_native__copod__smd__seed1104/result.json,SMD_machine-2-5,38,17468,678,0.28269460005685687,"{""PRC"": 0.23825983009629115, ""ROC"": 0.6957295658147409, ""Best_F1"": 0.3016939306282695}","{""n_jobs"": 1}"
grasp_mtsbench_statistical_replay,COPOD,smd,1104,grasp_mtsbench_native__copod__smd__seed1104,native_transductive_test_feature_fit_oracle_f1,a58431dfaaeb6ad7d4f7af4b27b7397a5999d66bf98e1353ab8994f3e6a2c34b,experiments/runs/fm_grasp_stat_native_v1/jobs/grasp_mtsbench_native__copod__smd__seed1104/result.json,SMD_machine-2-7,38,18188,405,0.30663949996232986,"{""PRC"": 0.7191342297689738, ""ROC"": 0.9039140585786258, ""Best_F1"": 0.7506799915881467}","{""n_jobs"": 1}"
grasp_mtsbench_statistical_replay,COPOD,smd,1104,grasp_mtsbench_native__copod__smd__seed1104,native_transductive_test_feature_fit_oracle_f1,a58431dfaaeb6ad7d4f7af4b27b7397a5999d66bf98e1353ab8994f3e6a2c34b,experiments/runs/fm_grasp_stat_native_v1/jobs/grasp_mtsbench_native__copod__smd__seed1104/result.json,SMD_machine-2-9,38,11123,763,0.23092579981312156,"{""PRC"": 0.15649069359562914, ""ROC"": 0.7514068880713702, ""Best_F1"": 0.3188367004369397}","{""n_jobs"": 1}"
grasp_mtsbench_statistical_replay,COPOD,smd,1104,grasp_mtsbench_native__copod__smd__seed1104,native_transductive_test_feature_fit_oracle_f1,a58431dfaaeb6ad7d4f7af4b27b7397a5999d66bf98e1353ab8994f3e6a2c34b,experiments/runs/fm_grasp_stat_native_v1/jobs/grasp_mtsbench_native__copod__smd__seed1104/result.json,SMD_machine-3-10,38,18651,892,0.29177349992096424,"{""PRC"": 0.10445762270321424, ""ROC"": 0.7831520151343715, ""Best_F1"": 0.2698023810615868}","{""n_jobs"": 1}"
grasp_mtsbench_statistical_replay,COPOD,smd,1104,grasp_mtsbench_native__copod__smd__seed1104,native_transductive_test_feature_fit_oracle_f1,a58431dfaaeb6ad7d4f7af4b27b7397a5999d66bf98e1353ab8994f3e6a2c34b,experiments/runs/fm_grasp_stat_native_v1/jobs/grasp_mtsbench_native__copod__smd__seed1104/result.json,SMD_machine-3-2,38,13152,236,0.24940200010314584,"{""PRC"": 0.014702256112018834, ""ROC"": 0.38294967219740594, ""Best_F1"": 0.03763842672470165}","{""n_jobs"": 1}"
grasp_mtsbench_statistical_replay,COPOD,smd,1104,grasp_mtsbench_native__copod__smd__seed1104,native_transductive_test_feature_fit_oracle_f1,a58431dfaaeb6ad7d4f7af4b27b7397a5999d66bf98e1353ab8994f3e6a2c34b,experiments/runs/fm_grasp_stat_native_v1/jobs/grasp_mtsbench_native__copod__smd__seed1104/result.json,SMD_machine-3-3,38,18885,600,0.45428760000504553,"{""PRC"": 0.052428626470154865, ""ROC"": 0.6814966730471242, ""Best_F1"": 0.10819762254396792}","{""n_jobs"": 1}"
grasp_mtsbench_statistical_replay,COPOD,smd,1104,grasp_mtsbench_native__copod__smd__seed1104,native_transductive_test_feature_fit_oracle_f1,a58431dfaaeb6ad7d4f7af4b27b7397a5999d66bf98e1353ab8994f3e6a2c34b,experiments/runs/fm_grasp_stat_native_v1/jobs/grasp_mtsbench_native__copod__smd__seed1104/result.json,SMD_machine-3-5,38,9117,265,0.10689319996163249,"{""PRC"": 0.1604473286963407, ""ROC"": 0.8552085020760686, ""Best_F1"": 0.24960996018384443}","{""n_jobs"": 1}"
grasp_mtsbench_statistical_replay,COPOD,smd,1104,grasp_mtsbench_native__copod__smd__seed1104,native_transductive_test_feature_fit_oracle_f1,a58431dfaaeb6ad7d4f7af4b27b7397a5999d66bf98e1353ab8994f3e6a2c34b,experiments/runs/fm_grasp_stat_native_v1/jobs/grasp_mtsbench_native__copod__smd__seed1104/result.json,SMD_machine-3-6,38,12401,790,0.15501870005391538,"{""PRC"": 0.25540095731221385, ""ROC"": 0.876704652615536, ""Best_F1"": 0.35112662809801515}","{""n_jobs"": 1}"
grasp_mtsbench_statistical_replay,HBOS,smd,1105,grasp_mtsbench_native__hbos__smd__seed1105,native_transductive_test_feature_fit_oracle_f1,73d1ffad007923173fa063c02e6d9e349e43ac9f394b1ace06c1fac3925884ff,experiments/runs/fm_grasp_stat_native_v1/jobs/grasp_mtsbench_native__hbos__smd__seed1105/result.json,SMD_machine-1-2,38,4930,167,4.365136899985373,"{""PRC"": 0.15336589141254015, ""ROC"": 0.8508205088877463, ""Best_F1"": 0.2657306855194088}","{""slidingWindow"": 1, ""n_bins"": 10, ""tol"": 0.5, ""n_jobs"": 1}"
grasp_mtsbench_statistical_replay,HBOS,smd,1105,grasp_mtsbench_native__hbos__smd__seed1105,native_transductive_test_feature_fit_oracle_f1,73d1ffad007923173fa063c02e6d9e349e43ac9f394b1ace06c1fac3925884ff,experiments/runs/fm_grasp_stat_native_v1/jobs/grasp_mtsbench_native__hbos__smd__seed1105/result.json,SMD_machine-1-3,38,15218,731,0.06142630008980632,"{""PRC"": 0.15547197465948284, ""ROC"": 0.6659861187873801, ""Best_F1"": 0.2517568811662047}","{""slidingWindow"": 1, ""n_bins"": 10, ""tol"": 0.5, ""n_jobs"": 1}"
grasp_mtsbench_statistical_replay,HBOS,smd,1105,grasp_mtsbench_native__hbos__smd__seed1105,native_transductive_test_feature_fit_oracle_f1,73d1ffad007923173fa063c02e6d9e349e43ac9f394b1ace06c1fac3925884ff,experiments/runs/fm_grasp_stat_native_v1/jobs/grasp_mtsbench_native__hbos__smd__seed1105/result.json,SMD_machine-1-4,38,10084,409,0.021182999946177006,"{""PRC"": 0.19576202924637667, ""ROC"": 0.6625389966073425, ""Best_F1"": 0.20840573371935517}","{""slidingWindow"": 1, ""n_bins"": 10, ""tol"": 0.5, ""n_jobs"": 1}"
grasp_mtsbench_statistical_replay,HBOS,smd,1105,grasp_mtsbench_native__hbos__smd__seed1105,native_transductive_test_feature_fit_oracle_f1,73d1ffad007923173fa063c02e6d9e349e43ac9f394b1ace06c1fac3925884ff,experiments/runs/fm_grasp_stat_native_v1/jobs/grasp_mtsbench_native__hbos__smd__seed1105/result.json,SMD_machine-1-6,38,18584,3282,0.0519894000608474,"{""PRC"": 0.4207571295647137, ""ROC"": 0.8556008777494682, ""Best_F1"": 0.6111911328028324}","{""slidingWindow"": 1, ""n_bins"": 10, ""tol"": 0.5, ""n_jobs"": 1}"
grasp_mtsbench_statistical_replay,HBOS,smd,1105,grasp_mtsbench_native__hbos__smd__seed1105,native_transductive_test_feature_fit_oracle_f1,73d1ffad007923173fa063c02e6d9e349e43ac9f394b1ace06c1fac3925884ff,experiments/runs/fm_grasp_stat_native_v1/jobs/grasp_mtsbench_native__hbos__smd__seed1105/result.json,SMD_machine-1-7,38,17131,1068,0.055579999927431345,"{""PRC"": 0.12516026190342233, ""ROC"": 0.6123961282133248, ""Best_F1"": 0.15587239387341034}","{""slidingWindow"": 1, ""n_bins"": 10, ""tol"": 0.5, ""n_jobs"": 1}"
grasp_mtsbench_statistical_replay,HBOS,smd,1105,grasp_mtsbench_native__hbos__smd__seed1105,native_transductive_test_feature_fit_oracle_f1,73d1ffad007923173fa063c02e6d9e349e43ac9f394b1ace06c1fac3925884ff,experiments/runs/fm_grasp_stat_native_v1/jobs/grasp_mtsbench_native__hbos__smd__seed1105/result.json,SMD_machine-1-8,38,20367,320,0.06992279994301498,"{""PRC"": 0.08702472088332686, ""ROC"": 0.5597279206365042, ""Best_F1"": 0.19922897208931778}","{""slidingWindow"": 1, ""n_bins"": 10, ""tol"": 0.5, ""n_jobs"": 1}"
grasp_mtsbench_statistical_replay,HBOS,smd,1105,grasp_mtsbench_native__hbos__smd__seed1105,native_transductive_test_feature_fit_oracle_f1,73d1ffad007923173fa063c02e6d9e349e43ac9f394b1ace06c1fac3925884ff,experiments/runs/fm_grasp_stat_native_v1/jobs/grasp_mtsbench_native__hbos__smd__seed1105/result.json,SMD_machine-2-1,38,12706,1022,0.048772700130939484,"{""PRC"": 0.20999756863270053, ""ROC"": 0.6858000654548915, ""Best_F1"": 0.2670703617791897}","{""slidingWindow"": 1, ""n_bins"": 10, ""tol"": 0.5, ""n_jobs"": 1}"
grasp_mtsbench_statistical_replay,HBOS,smd,1105,grasp_mtsbench_native__hbos__smd__seed1105,native_transductive_test_feature_fit_oracle_f1,73d1ffad007923173fa063c02e6d9e349e43ac9f394b1ace06c1fac3925884ff,experiments/runs/fm_grasp_stat_native_v1/jobs/grasp_mtsbench_native__hbos__smd__seed1105/result.json,SMD_machine-2-2,38,5459,1088,0.014132600044831634,"{""PRC"": 0.27183847504531305, ""ROC"": 0.5858262638445907, ""Best_F1"": 0.3594971949298942}","{""slidingWindow"": 1, ""n_bins"": 10, ""tol"": 0.5, ""n_jobs"": 1}"
grasp_mtsbench_statistical_replay,HBOS,smd,1105,grasp_mtsbench_native__hbos__smd__seed1105,native_transductive_test_feature_fit_oracle_f1,73d1ffad007923173fa063c02e6d9e349e43ac9f394b1ace06c1fac3925884ff,experiments/runs/fm_grasp_stat_native_v1/jobs/grasp_mtsbench_native__hbos__smd__seed1105/result.json,SMD_machine-2-3,38,14213,165,0.04047750006429851,"{""PRC"": 0.5427810481166818, ""ROC"": 0.8996330762062539, ""Best_F1"": 0.6006551057495528}","{""slidingWindow"": 1, ""n_bins"": 10, ""tol"": 0.5, ""n_jobs"": 1}"
grasp_mtsbench_statistical_replay,HBOS,smd,1105,grasp_mtsbench_native__hbos__smd__seed1105,native_transductive_test_feature_fit_oracle_f1,73d1ffad007923173fa063c02e6d9e349e43ac9f394b1ace06c1fac3925884ff,experiments/runs/fm_grasp_stat_native_v1/jobs/grasp_mtsbench_native__hbos__smd__seed1105/result.json,SMD_machine-2-4,38,18912,1679,0.06447599991224706,"{""PRC"": 0.473899102672081, ""ROC"": 0.898548109509274, ""Best_F1"": 0.5130866395539044}","{""slidingWindow"": 1, ""n_bins"": 10, ""tol"": 0.5, ""n_jobs"": 1}"
grasp_mtsbench_statistical_replay,HBOS,smd,1105,grasp_mtsbench_native__hbos__smd__seed1105,native_transductive_test_feature_fit_oracle_f1,73d1ffad007923173fa063c02e6d9e349e43ac9f394b1ace06c1fac3925884ff,experiments/runs/fm_grasp_stat_native_v1/jobs/grasp_mtsbench_native__hbos__smd__seed1105/result.json,SMD_machine-2-5,38,17468,678,0.07308169989846647,"{""PRC"": 0.24042988705426113, ""ROC"": 0.7019096298014165, ""Best_F1"": 0.309105271412092}","{""slidingWindow"": 1, ""n_bins"": 10, ""tol"": 0.5, ""n_jobs"": 1}"
grasp_mtsbench_statistical_replay,HBOS,smd,1105,grasp_mtsbench_native__hbos__smd__seed1105,native_transductive_test_feature_fit_oracle_f1,73d1ffad007923173fa063c02e6d9e349e43ac9f394b1ace06c1fac3925884ff,experiments/runs/fm_grasp_stat_native_v1/jobs/grasp_mtsbench_native__hbos__smd__seed1105/result.json,SMD_machine-2-7,38,18188,405,0.057421900099143386,"{""PRC"": 0.6936877183690572, ""ROC"": 0.9071018027343356, ""Best_F1"": 0.7891842339609892}","{""slidingWindow"": 1, ""n_bins"": 10, ""tol"": 0.5, ""n_jobs"": 1}"
grasp_mtsbench_statistical_replay,HBOS,smd,1105,grasp_mtsbench_native__hbos__smd__seed1105,native_transductive_test_feature_fit_oracle_f1,73d1ffad007923173fa063c02e6d9e349e43ac9f394b1ace06c1fac3925884ff,experiments/runs/fm_grasp_stat_native_v1/jobs/grasp_mtsbench_native__hbos__smd__seed1105/result.json,SMD_machine-2-9,38,11123,763,0.04337280010804534,"{""PRC"": 0.10937865893507712, ""ROC"": 0.6985665453883015, ""Best_F1"": 0.2289920009224824}","{""slidingWindow"": 1, ""n_bins"": 10, ""tol"": 0.5, ""n_jobs"": 1}"
grasp_mtsbench_statistical_replay,HBOS,smd,1105,grasp_mtsbench_native__hbos__smd__seed1105,native_transductive_test_feature_fit_oracle_f1,73d1ffad007923173fa063c02e6d9e349e43ac9f394b1ace06c1fac3925884ff,experiments/runs/fm_grasp_stat_native_v1/jobs/grasp_mtsbench_native__hbos__smd__seed1105/result.json,SMD_machine-3-10,38,18651,892,0.07795309997163713,"{""PRC"": 0.1791768262878154, ""ROC"": 0.8716274600360533, ""Best_F1"": 0.36510243468042686}","{""slidingWindow"": 1, ""n_bins"": 10, ""tol"": 0.5, ""n_jobs"": 1}"
grasp_mtsbench_statistical_replay,HBOS,smd,1105,grasp_mtsbench_native__hbos__smd__seed1105,native_transductive_test_feature_fit_oracle_f1,73d1ffad007923173fa063c02e6d9e349e43ac9f394b1ace06c1fac3925884ff,experiments/runs/fm_grasp_stat_native_v1/jobs/grasp_mtsbench_native__hbos__smd__seed1105/result.json,SMD_machine-3-2,38,13152,236,0.056680900044739246,"{""PRC"": 0.023787552027124077, ""ROC"": 0.356506645285574, ""Best_F1"": 0.05754904423466521}","{""slidingWindow"": 1, ""n_bins"": 10, ""tol"": 0.5, ""n_jobs"": 1}"
grasp_mtsbench_statistical_replay,HBOS,smd,1105,grasp_mtsbench_native__hbos__smd__seed1105,native_transductive_test_feature_fit_oracle_f1,73d1ffad007923173fa063c02e6d9e349e43ac9f394b1ace06c1fac3925884ff,experiments/runs/fm_grasp_stat_native_v1/jobs/grasp_mtsbench_native__hbos__smd__seed1105/result.json,SMD_machine-3-3,38,18885,600,0.07037160010077059,"{""PRC"": 0.08714375495114303, ""ROC"": 0.7441201804757998, ""Best_F1"": 0.17231657373586726}","{""slidingWindow"": 1, ""n_bins"": 10, ""tol"": 0.5, ""n_jobs"": 1}"
grasp_mtsbench_statistical_replay,HBOS,smd,1105,grasp_mtsbench_native__hbos__smd__seed1105,native_transductive_test_feature_fit_oracle_f1,73d1ffad007923173fa063c02e6d9e349e43ac9f394b1ace06c1fac3925884ff,experiments/runs/fm_grasp_stat_native_v1/jobs/grasp_mtsbench_native__hbos__smd__seed1105/result.json,SMD_machine-3-5,38,9117,265,0.0390580000821501,"{""PRC"": 0.3817418931917098, ""ROC"": 0.8809091219125408, ""Best_F1"": 0.39246902030524716}","{""slidingWindow"": 1, ""n_bins"": 10, ""tol"": 0.5, ""n_jobs"": 1}"
grasp_mtsbench_statistical_replay,HBOS,smd,1105,grasp_mtsbench_native__hbos__smd__seed1105,native_transductive_test_feature_fit_oracle_f1,73d1ffad007923173fa063c02e6d9e349e43ac9f394b1ace06c1fac3925884ff,experiments/runs/fm_grasp_stat_native_v1/jobs/grasp_mtsbench_native__hbos__smd__seed1105/result.json,SMD_machine-3-6,38,12401,790,0.04589599999599159,"{""PRC"": 0.43359526111657326, ""ROC"": 0.9170238501464674, ""Best_F1"": 0.4450875924272189}","{""slidingWindow"": 1, ""n_bins"": 10, ""tol"": 0.5, ""n_jobs"": 1}"
grasp_mtsbench_statistical_replay,COPOD,smd,1105,grasp_mtsbench_native__copod__smd__seed1105,native_transductive_test_feature_fit_oracle_f1,cb674ecc6eeb5384146eefaabfb7f139257288d8b11cebf1694d61d4828f8052,experiments/runs/fm_grasp_stat_native_v1/jobs/grasp_mtsbench_native__copod__smd__seed1105/result.json,SMD_machine-1-2,38,4930,167,0.6692614001221955,"{""PRC"": 0.11468596902879649, ""ROC"": 0.7983633824100698, ""Best_F1"": 0.17289493336925885}","{""n_jobs"": 1}"
grasp_mtsbench_statistical_replay,COPOD,smd,1105,grasp_mtsbench_native__copod__smd__seed1105,native_transductive_test_feature_fit_oracle_f1,cb674ecc6eeb5384146eefaabfb7f139257288d8b11cebf1694d61d4828f8052,experiments/runs/fm_grasp_stat_native_v1/jobs/grasp_mtsbench_native__copod__smd__seed1105/result.json,SMD_machine-1-3,38,15218,731,0.2538667998742312,"{""PRC"": 0.12850407887398468, ""ROC"": 0.603568537365969, ""Best_F1"": 0.16168848422576337}","{""n_jobs"": 1}"
grasp_mtsbench_statistical_replay,COPOD,smd,1105,grasp_mtsbench_native__copod__smd__seed1105,native_transductive_test_feature_fit_oracle_f1,cb674ecc6eeb5384146eefaabfb7f139257288d8b11cebf1694d61d4828f8052,experiments/runs/fm_grasp_stat_native_v1/jobs/grasp_mtsbench_native__copod__smd__seed1105/result.json,SMD_machine-1-4,38,10084,409,0.1950181000865996,"{""PRC"": 0.19672103109421177, ""ROC"": 0.5992090117068795, ""Best_F1"": 0.24185582490724644}","{""n_jobs"": 1}"
grasp_mtsbench_statistical_replay,COPOD,smd,1105,grasp_mtsbench_native__copod__smd__seed1105,native_transductive_test_feature_fit_oracle_f1,cb674ecc6eeb5384146eefaabfb7f139257288d8b11cebf1694d61d4828f8052,experiments/runs/fm_grasp_stat_native_v1/jobs/grasp_mtsbench_native__copod__smd__seed1105/result.json,SMD_machine-1-6,38,18584,3282,0.4111617000307888,"{""PRC"": 0.3605243591431486, ""ROC"": 0.8148121178553329, ""Best_F1"": 0.534284177130671}","{""n_jobs"": 1}"
grasp_mtsbench_statistical_replay,COPOD,smd,1105,grasp_mtsbench_native__copod__smd__seed1105,native_transductive_test_feature_fit_oracle_f1,cb674ecc6eeb5384146eefaabfb7f139257288d8b11cebf1694d61d4828f8052,experiments/runs/fm_grasp_stat_native_v1/jobs/grasp_mtsbench_native__copod__smd__seed1105/result.json,SMD_machine-1-7,38,17131,1068,0.3658831000793725,"{""PRC"": 0.07277688395258579, ""ROC"": 0.5416138258043411, ""Best_F1"": 0.13011800843933236}","{""n_jobs"": 1}"
grasp_mtsbench_statistical_replay,COPOD,smd,1105,grasp_mtsbench_native__copod__smd__seed1105,native_transductive_test_feature_fit_oracle_f1,cb674ecc6eeb5384146eefaabfb7f139257288d8b11cebf1694d61d4828f8052,experiments/runs/fm_grasp_stat_native_v1/jobs/grasp_mtsbench_native__copod__smd__seed1105/result.json,SMD_machine-1-8,38,20367,320,0.31641319999471307,"{""PRC"": 0.03808862412906948, ""ROC"": 0.7264512769990522, ""Best_F1"": 0.1211354304731251}","{""n_jobs"": 1}"
grasp_mtsbench_statistical_replay,COPOD,smd,1105,grasp_mtsbench_native__copod__smd__seed1105,native_transductive_test_feature_fit_oracle_f1,cb674ecc6eeb5384146eefaabfb7f139257288d8b11cebf1694d61d4828f8052,experiments/runs/fm_grasp_stat_native_v1/jobs/grasp_mtsbench_native__copod__smd__seed1105/result.json,SMD_machine-2-1,38,12706,1022,0.2629309999756515,"{""PRC"": 0.1292453423317479, ""ROC"": 0.6277384531072984, ""Best_F1"": 0.214519221202857}","{""n_jobs"": 1}"
grasp_mtsbench_statistical_replay,COPOD,smd,1105,grasp_mtsbench_native__copod__smd__seed1105,native_transductive_test_feature_fit_oracle_f1,cb674ecc6eeb5384146eefaabfb7f139257288d8b11cebf1694d61d4828f8052,experiments/runs/fm_grasp_stat_native_v1/jobs/grasp_mtsbench_native__copod__smd__seed1105/result.json,SMD_machine-2-2,38,5459,1088,0.07042049989104271,"{""PRC"": 0.23347791333658421, ""ROC"": 0.5200927402532736, ""Best_F1"": 0.3349801889255508}","{""n_jobs"": 1}"
grasp_mtsbench_statistical_replay,COPOD,smd,1105,grasp_mtsbench_native__copod__smd__seed1105,native_transductive_test_feature_fit_oracle_f1,cb674ecc6eeb5384146eefaabfb7f139257288d8b11cebf1694d61d4828f8052,experiments/runs/fm_grasp_stat_native_v1/jobs/grasp_mtsbench_native__copod__smd__seed1105/result.json,SMD_machine-2-3,38,14213,165,0.23640669998712838,"{""PRC"": 0.48122573728582857, ""ROC"": 0.8954053634292815, ""Best_F1"": 0.5147879022578148}","{""n_jobs"": 1}"
grasp_mtsbench_statistical_replay,COPOD,smd,1105,grasp_mtsbench_native__copod__smd__seed1105,native_transductive_test_feature_fit_oracle_f1,cb674ecc6eeb5384146eefaabfb7f139257288d8b11cebf1694d61d4828f8052,experiments/runs/fm_grasp_stat_native_v1/jobs/grasp_mtsbench_native__copod__smd__seed1105/result.json,SMD_machine-2-4,38,18912,1679,0.2770573999732733,"{""PRC"": 0.3927319060627016, ""ROC"": 0.8902674609330057, ""Best_F1"": 0.49776969419313155}","{""n_jobs"": 1}"
grasp_mtsbench_statistical_replay,COPOD,smd,1105,grasp_mtsbench_native__copod__smd__seed1105,native_transductive_test_feature_fit_oracle_f1,cb674ecc6eeb5384146eefaabfb7f139257288d8b11cebf1694d61d4828f8052,experiments/runs/fm_grasp_stat_native_v1/jobs/grasp_mtsbench_native__copod__smd__seed1105/result.json,SMD_machine-2-5,38,17468,678,0.30019700014963746,"{""PRC"": 0.23825983009629115, ""ROC"": 0.6957295658147409, ""Best_F1"": 0.3016939306282695}","{""n_jobs"": 1}"
grasp_mtsbench_statistical_replay,COPOD,smd,1105,grasp_mtsbench_native__copod__smd__seed1105,native_transductive_test_feature_fit_oracle_f1,cb674ecc6eeb5384146eefaabfb7f139257288d8b11cebf1694d61d4828f8052,experiments/runs/fm_grasp_stat_native_v1/jobs/grasp_mtsbench_native__copod__smd__seed1105/result.json,SMD_machine-2-7,38,18188,405,0.3223371999338269,"{""PRC"": 0.7191342297689738, ""ROC"": 0.9039140585786258, ""Best_F1"": 0.7506799915881467}","{""n_jobs"": 1}"
grasp_mtsbench_statistical_replay,COPOD,smd,1105,grasp_mtsbench_native__copod__smd__seed1105,native_transductive_test_feature_fit_oracle_f1,cb674ecc6eeb5384146eefaabfb7f139257288d8b11cebf1694d61d4828f8052,experiments/runs/fm_grasp_stat_native_v1/jobs/grasp_mtsbench_native__copod__smd__seed1105/result.json,SMD_machine-2-9,38,11123,763,0.23881509993225336,"{""PRC"": 0.15649069359562914, ""ROC"": 0.7514068880713702, ""Best_F1"": 0.3188367004369397}","{""n_jobs"": 1}"
grasp_mtsbench_statistical_replay,COPOD,smd,1105,grasp_mtsbench_native__copod__smd__seed1105,native_transductive_test_feature_fit_oracle_f1,cb674ecc6eeb5384146eefaabfb7f139257288d8b11cebf1694d61d4828f8052,experiments/runs/fm_grasp_stat_native_v1/jobs/grasp_mtsbench_native__copod__smd__seed1105/result.json,SMD_machine-3-10,38,18651,892,0.3033775999210775,"{""PRC"": 0.10445762270321424, ""ROC"": 0.7831520151343715, ""Best_F1"": 0.2698023810615868}","{""n_jobs"": 1}"
grasp_mtsbench_statistical_replay,COPOD,smd,1105,grasp_mtsbench_native__copod__smd__seed1105,native_transductive_test_feature_fit_oracle_f1,cb674ecc6eeb5384146eefaabfb7f139257288d8b11cebf1694d61d4828f8052,experiments/runs/fm_grasp_stat_native_v1/jobs/grasp_mtsbench_native__copod__smd__seed1105/result.json,SMD_machine-3-2,38,13152,236,0.15451879985630512,"{""PRC"": 0.014702256112018834, ""ROC"": 0.38294967219740594, ""Best_F1"": 0.03763842672470165}","{""n_jobs"": 1}"
grasp_mtsbench_statistical_replay,COPOD,smd,1105,grasp_mtsbench_native__copod__smd__seed1105,native_transductive_test_feature_fit_oracle_f1,cb674ecc6eeb5384146eefaabfb7f139257288d8b11cebf1694d61d4828f8052,experiments/runs/fm_grasp_stat_native_v1/jobs/grasp_mtsbench_native__copod__smd__seed1105/result.json,SMD_machine-3-3,38,18885,600,0.3787527000531554,"{""PRC"": 0.052428626470154865, ""ROC"": 0.6814966730471242, ""Best_F1"": 0.10819762254396792}","{""n_jobs"": 1}"
grasp_mtsbench_statistical_replay,COPOD,smd,1105,grasp_mtsbench_native__copod__smd__seed1105,native_transductive_test_feature_fit_oracle_f1,cb674ecc6eeb5384146eefaabfb7f139257288d8b11cebf1694d61d4828f8052,experiments/runs/fm_grasp_stat_native_v1/jobs/grasp_mtsbench_native__copod__smd__seed1105/result.json,SMD_machine-3-5,38,9117,265,0.1002798997797072,"{""PRC"": 0.1604473286963407, ""ROC"": 0.8552085020760686, ""Best_F1"": 0.24960996018384443}","{""n_jobs"": 1}"
grasp_mtsbench_statistical_replay,COPOD,smd,1105,grasp_mtsbench_native__copod__smd__seed1105,native_transductive_test_feature_fit_oracle_f1,cb674ecc6eeb5384146eefaabfb7f139257288d8b11cebf1694d61d4828f8052,experiments/runs/fm_grasp_stat_native_v1/jobs/grasp_mtsbench_native__copod__smd__seed1105/result.json,SMD_machine-3-6,38,12401,790,0.21408060006797314,"{""PRC"": 0.25540095731221385, ""ROC"": 0.876704652615536, ""Best_F1"": 0.35112662809801515}","{""n_jobs"": 1}"
grasp_mtsbench_statistical_replay,HBOS,smd,1106,grasp_mtsbench_native__hbos__smd__seed1106,native_transductive_test_feature_fit_oracle_f1,d1207b3a3ca1abe649e4f6239756eb53c04eb75c7b874b50aa0b083b2e484a2c,experiments/runs/fm_grasp_stat_native_v1/jobs/grasp_mtsbench_native__hbos__smd__seed1106/result.json,SMD_machine-1-2,38,4930,167,4.070186200086027,"{""PRC"": 0.15336589141254015, ""ROC"": 0.8508205088877463, ""Best_F1"": 0.2657306855194088}","{""slidingWindow"": 1, ""n_bins"": 10, ""tol"": 0.5, ""n_jobs"": 1}"
grasp_mtsbench_statistical_replay,HBOS,smd,1106,grasp_mtsbench_native__hbos__smd__seed1106,native_transductive_test_feature_fit_oracle_f1,d1207b3a3ca1abe649e4f6239756eb53c04eb75c7b874b50aa0b083b2e484a2c,experiments/runs/fm_grasp_stat_native_v1/jobs/grasp_mtsbench_native__hbos__smd__seed1106/result.json,SMD_machine-1-3,38,15218,731,0.05669879983179271,"{""PRC"": 0.15547197465948284, ""ROC"": 0.6659861187873801, ""Best_F1"": 0.2517568811662047}","{""slidingWindow"": 1, ""n_bins"": 10, ""tol"": 0.5, ""n_jobs"": 1}"
grasp_mtsbench_statistical_replay,HBOS,smd,1106,grasp_mtsbench_native__hbos__smd__seed1106,native_transductive_test_feature_fit_oracle_f1,d1207b3a3ca1abe649e4f6239756eb53c04eb75c7b874b50aa0b083b2e484a2c,experiments/runs/fm_grasp_stat_native_v1/jobs/grasp_mtsbench_native__hbos__smd__seed1106/result.json,SMD_machine-1-4,38,10084,409,0.029317100066691637,"{""PRC"": 0.19576202924637667, ""ROC"": 0.6625389966073425, ""Best_F1"": 0.20840573371935517}","{""slidingWindow"": 1, ""n_bins"": 10, ""tol"": 0.5, ""n_jobs"": 1}"
grasp_mtsbench_statistical_replay,HBOS,smd,1106,grasp_mtsbench_native__hbos__smd__seed1106,native_transductive_test_feature_fit_oracle_f1,d1207b3a3ca1abe649e4f6239756eb53c04eb75c7b874b50aa0b083b2e484a2c,experiments/runs/fm_grasp_stat_native_v1/jobs/grasp_mtsbench_native__hbos__smd__seed1106/result.json,SMD_machine-1-6,38,18584,3282,0.0769376999232918,"{""PRC"": 0.4207571295647137, ""ROC"": 0.8556008777494682, ""Best_F1"": 0.6111911328028324}","{""slidingWindow"": 1, ""n_bins"": 10, ""tol"": 0.5, ""n_jobs"": 1}"
grasp_mtsbench_statistical_replay,HBOS,smd,1106,grasp_mtsbench_native__hbos__smd__seed1106,native_transductive_test_feature_fit_oracle_f1,d1207b3a3ca1abe649e4f6239756eb53c04eb75c7b874b50aa0b083b2e484a2c,experiments/runs/fm_grasp_stat_native_v1/jobs/grasp_mtsbench_native__hbos__smd__seed1106/result.json,SMD_machine-1-7,38,17131,1068,0.06778070004656911,"{""PRC"": 0.12516026190342233, ""ROC"": 0.6123961282133248, ""Best_F1"": 0.15587239387341034}","{""slidingWindow"": 1, ""n_bins"": 10, ""tol"": 0.5, ""n_jobs"": 1}"
grasp_mtsbench_statistical_replay,HBOS,smd,1106,grasp_mtsbench_native__hbos__smd__seed1106,native_transductive_test_feature_fit_oracle_f1,d1207b3a3ca1abe649e4f6239756eb53c04eb75c7b874b50aa0b083b2e484a2c,experiments/runs/fm_grasp_stat_native_v1/jobs/grasp_mtsbench_native__hbos__smd__seed1106/result.json,SMD_machine-1-8,38,20367,320,0.05358250020071864,"{""PRC"": 0.08702472088332686, ""ROC"": 0.5597279206365042, ""Best_F1"": 0.19922897208931778}","{""slidingWindow"": 1, ""n_bins"": 10, ""tol"": 0.5, ""n_jobs"": 1}"
grasp_mtsbench_statistical_replay,HBOS,smd,1106,grasp_mtsbench_native__hbos__smd__seed1106,native_transductive_test_feature_fit_oracle_f1,d1207b3a3ca1abe649e4f6239756eb53c04eb75c7b874b50aa0b083b2e484a2c,experiments/runs/fm_grasp_stat_native_v1/jobs/grasp_mtsbench_native__hbos__smd__seed1106/result.json,SMD_machine-2-1,38,12706,1022,0.03565159998834133,"{""PRC"": 0.20999756863270053, ""ROC"": 0.6858000654548915, ""Best_F1"": 0.2670703617791897}","{""slidingWindow"": 1, ""n_bins"": 10, ""tol"": 0.5, ""n_jobs"": 1}"
grasp_mtsbench_statistical_replay,HBOS,smd,1106,grasp_mtsbench_native__hbos__smd__seed1106,native_transductive_test_feature_fit_oracle_f1,d1207b3a3ca1abe649e4f6239756eb53c04eb75c7b874b50aa0b083b2e484a2c,experiments/runs/fm_grasp_stat_native_v1/jobs/grasp_mtsbench_native__hbos__smd__seed1106/result.json,SMD_machine-2-2,38,5459,1088,0.021030799951404333,"{""PRC"": 0.27183847504531305, ""ROC"": 0.5858262638445907, ""Best_F1"": 0.3594971949298942}","{""slidingWindow"": 1, ""n_bins"": 10, ""tol"": 0.5, ""n_jobs"": 1}"
grasp_mtsbench_statistical_replay,HBOS,smd,1106,grasp_mtsbench_native__hbos__smd__seed1106,native_transductive_test_feature_fit_oracle_f1,d1207b3a3ca1abe649e4f6239756eb53c04eb75c7b874b50aa0b083b2e484a2c,experiments/runs/fm_grasp_stat_native_v1/jobs/grasp_mtsbench_native__hbos__smd__seed1106/result.json,SMD_machine-2-3,38,14213,165,0.03796540014445782,"{""PRC"": 0.5427810481166818, ""ROC"": 0.8996330762062539, ""Best_F1"": 0.6006551057495528}","{""slidingWindow"": 1, ""n_bins"": 10, ""tol"": 0.5, ""n_jobs"": 1}"
grasp_mtsbench_statistical_replay,HBOS,smd,1106,grasp_mtsbench_native__hbos__smd__seed1106,native_transductive_test_feature_fit_oracle_f1,d1207b3a3ca1abe649e4f6239756eb53c04eb75c7b874b50aa0b083b2e484a2c,experiments/runs/fm_grasp_stat_native_v1/jobs/grasp_mtsbench_native__hbos__smd__seed1106/result.json,SMD_machine-2-4,38,18912,1679,0.08095019985921681,"{""PRC"": 0.473899102672081, ""ROC"": 0.898548109509274, ""Best_F1"": 0.5130866395539044}","{""slidingWindow"": 1, ""n_bins"": 10, ""tol"": 0.5, ""n_jobs"": 1}"
grasp_mtsbench_statistical_replay,HBOS,smd,1106,grasp_mtsbench_native__hbos__smd__seed1106,native_transductive_test_feature_fit_oracle_f1,d1207b3a3ca1abe649e4f6239756eb53c04eb75c7b874b50aa0b083b2e484a2c,experiments/runs/fm_grasp_stat_native_v1/jobs/grasp_mtsbench_native__hbos__smd__seed1106/result.json,SMD_machine-2-5,38,17468,678,0.07915440015494823,"{""PRC"": 0.24042988705426113, ""ROC"": 0.7019096298014165, ""Best_F1"": 0.309105271412092}","{""slidingWindow"": 1, ""n_bins"": 10, ""tol"": 0.5, ""n_jobs"": 1}"
grasp_mtsbench_statistical_replay,HBOS,smd,1106,grasp_mtsbench_native__hbos__smd__seed1106,native_transductive_test_feature_fit_oracle_f1,d1207b3a3ca1abe649e4f6239756eb53c04eb75c7b874b50aa0b083b2e484a2c,experiments/runs/fm_grasp_stat_native_v1/jobs/grasp_mtsbench_native__hbos__smd__seed1106/result.json,SMD_machine-2-7,38,18188,405,0.05651549994945526,"{""PRC"": 0.6936877183690572, ""ROC"": 0.9071018027343356, ""Best_F1"": 0.7891842339609892}","{""slidingWindow"": 1, ""n_bins"": 10, ""tol"": 0.5, ""n_jobs"": 1}"
grasp_mtsbench_statistical_replay,HBOS,smd,1106,grasp_mtsbench_native__hbos__smd__seed1106,native_transductive_test_feature_fit_oracle_f1,d1207b3a3ca1abe649e4f6239756eb53c04eb75c7b874b50aa0b083b2e484a2c,experiments/runs/fm_grasp_stat_native_v1/jobs/grasp_mtsbench_native__hbos__smd__seed1106/result.json,SMD_machine-2-9,38,11123,763,0.028171000070869923,"{""PRC"": 0.10937865893507712, ""ROC"": 0.6985665453883015, ""Best_F1"": 0.2289920009224824}","{""slidingWindow"": 1, ""n_bins"": 10, ""tol"": 0.5, ""n_jobs"": 1}"
grasp_mtsbench_statistical_replay,HBOS,smd,1106,grasp_mtsbench_native__hbos__smd__seed1106,native_transductive_test_feature_fit_oracle_f1,d1207b3a3ca1abe649e4f6239756eb53c04eb75c7b874b50aa0b083b2e484a2c,experiments/runs/fm_grasp_stat_native_v1/jobs/grasp_mtsbench_native__hbos__smd__seed1106/result.json,SMD_machine-3-10,38,18651,892,0.06684540002606809,"{""PRC"": 0.1791768262878154, ""ROC"": 0.8716274600360533, ""Best_F1"": 0.36510243468042686}","{""slidingWindow"": 1, ""n_bins"": 10, ""tol"": 0.5, ""n_jobs"": 1}"
grasp_mtsbench_statistical_replay,HBOS,smd,1106,grasp_mtsbench_native__hbos__smd__seed1106,native_transductive_test_feature_fit_oracle_f1,d1207b3a3ca1abe649e4f6239756eb53c04eb75c7b874b50aa0b083b2e484a2c,experiments/runs/fm_grasp_stat_native_v1/jobs/grasp_mtsbench_native__hbos__smd__seed1106/result.json,SMD_machine-3-2,38,13152,236,0.06195049989037216,"{""PRC"": 0.023787552027124077, ""ROC"": 0.356506645285574, ""Best_F1"": 0.05754904423466521}","{""slidingWindow"": 1, ""n_bins"": 10, ""tol"": 0.5, ""n_jobs"": 1}"
grasp_mtsbench_statistical_replay,HBOS,smd,1106,grasp_mtsbench_native__hbos__smd__seed1106,native_transductive_test_feature_fit_oracle_f1,d1207b3a3ca1abe649e4f6239756eb53c04eb75c7b874b50aa0b083b2e484a2c,experiments/runs/fm_grasp_stat_native_v1/jobs/grasp_mtsbench_native__hbos__smd__seed1106/result.json,SMD_machine-3-3,38,18885,600,0.07462590001523495,"{""PRC"": 0.08714375495114303, ""ROC"": 0.7441201804757998, ""Best_F1"": 0.17231657373586726}","{""slidingWindow"": 1, ""n_bins"": 10, ""tol"": 0.5, ""n_jobs"": 1}"
grasp_mtsbench_statistical_replay,HBOS,smd,1106,grasp_mtsbench_native__hbos__smd__seed1106,native_transductive_test_feature_fit_oracle_f1,d1207b3a3ca1abe649e4f6239756eb53c04eb75c7b874b50aa0b083b2e484a2c,experiments/runs/fm_grasp_stat_native_v1/jobs/grasp_mtsbench_native__hbos__smd__seed1106/result.json,SMD_machine-3-5,38,9117,265,0.031302800169214606,"{""PRC"": 0.3817418931917098, ""ROC"": 0.8809091219125408, ""Best_F1"": 0.39246902030524716}","{""slidingWindow"": 1, ""n_bins"": 10, ""tol"": 0.5, ""n_jobs"": 1}"
grasp_mtsbench_statistical_replay,HBOS,smd,1106,grasp_mtsbench_native__hbos__smd__seed1106,native_transductive_test_feature_fit_oracle_f1,d1207b3a3ca1abe649e4f6239756eb53c04eb75c7b874b50aa0b083b2e484a2c,experiments/runs/fm_grasp_stat_native_v1/jobs/grasp_mtsbench_native__hbos__smd__seed1106/result.json,SMD_machine-3-6,38,12401,790,0.042306800140067935,"{""PRC"": 0.43359526111657326, ""ROC"": 0.9170238501464674, ""Best_F1"": 0.4450875924272189}","{""slidingWindow"": 1, ""n_bins"": 10, ""tol"": 0.5, ""n_jobs"": 1}"
grasp_mtsbench_statistical_replay,COPOD,smd,1106,grasp_mtsbench_native__copod__smd__seed1106,native_transductive_test_feature_fit_oracle_f1,becf76bb9498434cc86e2a218709f37f33809c78c773f00d350a60312454cdbb,experiments/runs/fm_grasp_stat_native_v1/jobs/grasp_mtsbench_native__copod__smd__seed1106/result.json,SMD_machine-1-2,38,4930,167,0.6877465001307428,"{""PRC"": 0.11468596902879649, ""ROC"": 0.7983633824100698, ""Best_F1"": 0.17289493336925885}","{""n_jobs"": 1}"
grasp_mtsbench_statistical_replay,COPOD,smd,1106,grasp_mtsbench_native__copod__smd__seed1106,native_transductive_test_feature_fit_oracle_f1,becf76bb9498434cc86e2a218709f37f33809c78c773f00d350a60312454cdbb,experiments/runs/fm_grasp_stat_native_v1/jobs/grasp_mtsbench_native__copod__smd__seed1106/result.json,SMD_machine-1-3,38,15218,731,0.31930249999277294,"{""PRC"": 0.12850407887398468, ""ROC"": 0.603568537365969, ""Best_F1"": 0.16168848422576337}","{""n_jobs"": 1}"
grasp_mtsbench_statistical_replay,COPOD,smd,1106,grasp_mtsbench_native__copod__smd__seed1106,native_transductive_test_feature_fit_oracle_f1,becf76bb9498434cc86e2a218709f37f33809c78c773f00d350a60312454cdbb,experiments/runs/fm_grasp_stat_native_v1/jobs/grasp_mtsbench_native__copod__smd__seed1106/result.json,SMD_machine-1-4,38,10084,409,0.15793269989080727,"{""PRC"": 0.19672103109421177, ""ROC"": 0.5992090117068795, ""Best_F1"": 0.24185582490724644}","{""n_jobs"": 1}"
grasp_mtsbench_statistical_replay,COPOD,smd,1106,grasp_mtsbench_native__copod__smd__seed1106,native_transductive_test_feature_fit_oracle_f1,becf76bb9498434cc86e2a218709f37f33809c78c773f00d350a60312454cdbb,experiments/runs/fm_grasp_stat_native_v1/jobs/grasp_mtsbench_native__copod__smd__seed1106/result.json,SMD_machine-1-6,38,18584,3282,0.3667368001770228,"{""PRC"": 0.3605243591431486, ""ROC"": 0.8148121178553329, ""Best_F1"": 0.534284177130671}","{""n_jobs"": 1}"
grasp_mtsbench_statistical_replay,COPOD,smd,1106,grasp_mtsbench_native__copod__smd__seed1106,native_transductive_test_feature_fit_oracle_f1,becf76bb9498434cc86e2a218709f37f33809c78c773f00d350a60312454cdbb,experiments/runs/fm_grasp_stat_native_v1/jobs/grasp_mtsbench_native__copod__smd__seed1106/result.json,SMD_machine-1-7,38,17131,1068,0.3386383999604732,"{""PRC"": 0.07277688395258579, ""ROC"": 0.5416138258043411, ""Best_F1"": 0.13011800843933236}","{""n_jobs"": 1}"
grasp_mtsbench_statistical_replay,COPOD,smd,1106,grasp_mtsbench_native__copod__smd__seed1106,native_transductive_test_feature_fit_oracle_f1,becf76bb9498434cc86e2a218709f37f33809c78c773f00d350a60312454cdbb,experiments/runs/fm_grasp_stat_native_v1/jobs/grasp_mtsbench_native__copod__smd__seed1106/result.json,SMD_machine-1-8,38,20367,320,0.3125398999545723,"{""PRC"": 0.03808862412906948, ""ROC"": 0.7264512769990522, ""Best_F1"": 0.1211354304731251}","{""n_jobs"": 1}"
grasp_mtsbench_statistical_replay,COPOD,smd,1106,grasp_mtsbench_native__copod__smd__seed1106,native_transductive_test_feature_fit_oracle_f1,becf76bb9498434cc86e2a218709f37f33809c78c773f00d350a60312454cdbb,experiments/runs/fm_grasp_stat_native_v1/jobs/grasp_mtsbench_native__copod__smd__seed1106/result.json,SMD_machine-2-1,38,12706,1022,0.25675800000317395,"{""PRC"": 0.1292453423317479, ""ROC"": 0.6277384531072984, ""Best_F1"": 0.214519221202857}","{""n_jobs"": 1}"
grasp_mtsbench_statistical_replay,COPOD,smd,1106,grasp_mtsbench_native__copod__smd__seed1106,native_transductive_test_feature_fit_oracle_f1,becf76bb9498434cc86e2a218709f37f33809c78c773f00d350a60312454cdbb,experiments/runs/fm_grasp_stat_native_v1/jobs/grasp_mtsbench_native__copod__smd__seed1106/result.json,SMD_machine-2-2,38,5459,1088,0.06303520011715591,"{""PRC"": 0.23347791333658421, ""ROC"": 0.5200927402532736, ""Best_F1"": 0.3349801889255508}","{""n_jobs"": 1}"
grasp_mtsbench_statistical_replay,COPOD,smd,1106,grasp_mtsbench_native__copod__smd__seed1106,native_transductive_test_feature_fit_oracle_f1,becf76bb9498434cc86e2a218709f37f33809c78c773f00d350a60312454cdbb,experiments/runs/fm_grasp_stat_native_v1/jobs/grasp_mtsbench_native__copod__smd__seed1106/result.json,SMD_machine-2-3,38,14213,165,0.17230349988676608,"{""PRC"": 0.48122573728582857, ""ROC"": 0.8954053634292815, ""Best_F1"": 0.5147879022578148}","{""n_jobs"": 1}"
grasp_mtsbench_statistical_replay,COPOD,smd,1106,grasp_mtsbench_native__copod__smd__seed1106,native_transductive_test_feature_fit_oracle_f1,becf76bb9498434cc86e2a218709f37f33809c78c773f00d350a60312454cdbb,experiments/runs/fm_grasp_stat_native_v1/jobs/grasp_mtsbench_native__copod__smd__seed1106/result.json,SMD_machine-2-4,38,18912,1679,0.3123524999246001,"{""PRC"": 0.3927319060627016, ""ROC"": 0.8902674609330057, ""Best_F1"": 0.49776969419313155}","{""n_jobs"": 1}"
grasp_mtsbench_statistical_replay,COPOD,smd,1106,grasp_mtsbench_native__copod__smd__seed1106,native_transductive_test_feature_fit_oracle_f1,becf76bb9498434cc86e2a218709f37f33809c78c773f00d350a60312454cdbb,experiments/runs/fm_grasp_stat_native_v1/jobs/grasp_mtsbench_native__copod__smd__seed1106/result.json,SMD_machine-2-5,38,17468,678,0.27332499995827675,"{""PRC"": 0.23825983009629115, ""ROC"": 0.6957295658147409, ""Best_F1"": 0.3016939306282695}","{""n_jobs"": 1}"
grasp_mtsbench_statistical_replay,COPOD,smd,1106,grasp_mtsbench_native__copod__smd__seed1106,native_transductive_test_feature_fit_oracle_f1,becf76bb9498434cc86e2a218709f37f33809c78c773f00d350a60312454cdbb,experiments/runs/fm_grasp_stat_native_v1/jobs/grasp_mtsbench_native__copod__smd__seed1106/result.json,SMD_machine-2-7,38,18188,405,0.37852389994077384,"{""PRC"": 0.7191342297689738, ""ROC"": 0.9039140585786258, ""Best_F1"": 0.7506799915881467}","{""n_jobs"": 1}"
grasp_mtsbench_statistical_replay,COPOD,smd,1106,grasp_mtsbench_native__copod__smd__seed1106,native_transductive_test_feature_fit_oracle_f1,becf76bb9498434cc86e2a218709f37f33809c78c773f00d350a60312454cdbb,experiments/runs/fm_grasp_stat_native_v1/jobs/grasp_mtsbench_native__copod__smd__seed1106/result.json,SMD_machine-2-9,38,11123,763,0.1902511001098901,"{""PRC"": 0.15649069359562914, ""ROC"": 0.7514068880713702, ""Best_F1"": 0.3188367004369397}","{""n_jobs"": 1}"
grasp_mtsbench_statistical_replay,COPOD,smd,1106,grasp_mtsbench_native__copod__smd__seed1106,native_transductive_test_feature_fit_oracle_f1,becf76bb9498434cc86e2a218709f37f33809c78c773f00d350a60312454cdbb,experiments/runs/fm_grasp_stat_native_v1/jobs/grasp_mtsbench_native__copod__smd__seed1106/result.json,SMD_machine-3-10,38,18651,892,0.29088969994336367,"{""PRC"": 0.10445762270321424, ""ROC"": 0.7831520151343715, ""Best_F1"": 0.2698023810615868}","{""n_jobs"": 1}"
grasp_mtsbench_statistical_replay,COPOD,smd,1106,grasp_mtsbench_native__copod__smd__seed1106,native_transductive_test_feature_fit_oracle_f1,becf76bb9498434cc86e2a218709f37f33809c78c773f00d350a60312454cdbb,experiments/runs/fm_grasp_stat_native_v1/jobs/grasp_mtsbench_native__copod__smd__seed1106/result.json,SMD_machine-3-2,38,13152,236,0.22372589982114732,"{""PRC"": 0.014702256112018834, ""ROC"": 0.38294967219740594, ""Best_F1"": 0.03763842672470165}","{""n_jobs"": 1}"
grasp_mtsbench_statistical_replay,COPOD,smd,1106,grasp_mtsbench_native__copod__smd__seed1106,native_transductive_test_feature_fit_oracle_f1,becf76bb9498434cc86e2a218709f37f33809c78c773f00d350a60312454cdbb,experiments/runs/fm_grasp_stat_native_v1/jobs/grasp_mtsbench_native__copod__smd__seed1106/result.json,SMD_machine-3-3,38,18885,600,0.3641005998943001,"{""PRC"": 0.052428626470154865, ""ROC"": 0.6814966730471242, ""Best_F1"": 0.10819762254396792}","{""n_jobs"": 1}"
grasp_mtsbench_statistical_replay,COPOD,smd,1106,grasp_mtsbench_native__copod__smd__seed1106,native_transductive_test_feature_fit_oracle_f1,becf76bb9498434cc86e2a218709f37f33809c78c773f00d350a60312454cdbb,experiments/runs/fm_grasp_stat_native_v1/jobs/grasp_mtsbench_native__copod__smd__seed1106/result.json,SMD_machine-3-5,38,9117,265,0.1368436999619007,"{""PRC"": 0.1604473286963407, ""ROC"": 0.8552085020760686, ""Best_F1"": 0.24960996018384443}","{""n_jobs"": 1}"
grasp_mtsbench_statistical_replay,COPOD,smd,1106,grasp_mtsbench_native__copod__smd__seed1106,native_transductive_test_feature_fit_oracle_f1,becf76bb9498434cc86e2a218709f37f33809c78c773f00d350a60312454cdbb,experiments/runs/fm_grasp_stat_native_v1/jobs/grasp_mtsbench_native__copod__smd__seed1106/result.json,SMD_machine-3-6,38,12401,790,0.17676550010219216,"{""PRC"": 0.25540095731221385, ""ROC"": 0.876704652615536, ""Best_F1"": 0.35112662809801515}","{""n_jobs"": 1}"
grasp_mtsbench_statistical_replay,HBOS,smd,1107,grasp_mtsbench_native__hbos__smd__seed1107,native_transductive_test_feature_fit_oracle_f1,7f665baa1b116b8aaede0b2962e216c841c7699d072ecffd92040ba5d5426adb,experiments/runs/fm_grasp_stat_native_v1/jobs/grasp_mtsbench_native__hbos__smd__seed1107/result.json,SMD_machine-1-2,38,4930,167,3.832042200025171,"{""PRC"": 0.15336589141254015, ""ROC"": 0.8508205088877463, ""Best_F1"": 0.2657306855194088}","{""slidingWindow"": 1, ""n_bins"": 10, ""tol"": 0.5, ""n_jobs"": 1}"
grasp_mtsbench_statistical_replay,HBOS,smd,1107,grasp_mtsbench_native__hbos__smd__seed1107,native_transductive_test_feature_fit_oracle_f1,7f665baa1b116b8aaede0b2962e216c841c7699d072ecffd92040ba5d5426adb,experiments/runs/fm_grasp_stat_native_v1/jobs/grasp_mtsbench_native__hbos__smd__seed1107/result.json,SMD_machine-1-3,38,15218,731,0.044599799904972315,"{""PRC"": 0.15547197465948284, ""ROC"": 0.6659861187873801, ""Best_F1"": 0.2517568811662047}","{""slidingWindow"": 1, ""n_bins"": 10, ""tol"": 0.5, ""n_jobs"": 1}"
grasp_mtsbench_statistical_replay,HBOS,smd,1107,grasp_mtsbench_native__hbos__smd__seed1107,native_transductive_test_feature_fit_oracle_f1,7f665baa1b116b8aaede0b2962e216c841c7699d072ecffd92040ba5d5426adb,experiments/runs/fm_grasp_stat_native_v1/jobs/grasp_mtsbench_native__hbos__smd__seed1107/result.json,SMD_machine-1-4,38,10084,409,0.04419669997878373,"{""PRC"": 0.19576202924637667, ""ROC"": 0.6625389966073425, ""Best_F1"": 0.20840573371935517}","{""slidingWindow"": 1, ""n_bins"": 10, ""tol"": 0.5, ""n_jobs"": 1}"
grasp_mtsbench_statistical_replay,HBOS,smd,1107,grasp_mtsbench_native__hbos__smd__seed1107,native_transductive_test_feature_fit_oracle_f1,7f665baa1b116b8aaede0b2962e216c841c7699d072ecffd92040ba5d5426adb,experiments/runs/fm_grasp_stat_native_v1/jobs/grasp_mtsbench_native__hbos__smd__seed1107/result.json,SMD_machine-1-6,38,18584,3282,0.06632600002922118,"{""PRC"": 0.4207571295647137, ""ROC"": 0.8556008777494682, ""Best_F1"": 0.6111911328028324}","{""slidingWindow"": 1, ""n_bins"": 10, ""tol"": 0.5, ""n_jobs"": 1}"
grasp_mtsbench_statistical_replay,HBOS,smd,1107,grasp_mtsbench_native__hbos__smd__seed1107,native_transductive_test_feature_fit_oracle_f1,7f665baa1b116b8aaede0b2962e216c841c7699d072ecffd92040ba5d5426adb,experiments/runs/fm_grasp_stat_native_v1/jobs/grasp_mtsbench_native__hbos__smd__seed1107/result.json,SMD_machine-1-7,38,17131,1068,0.06386670004576445,"{""PRC"": 0.12516026190342233, ""ROC"": 0.6123961282133248, ""Best_F1"": 0.15587239387341034}","{""slidingWindow"": 1, ""n_bins"": 10, ""tol"": 0.5, ""n_jobs"": 1}"
grasp_mtsbench_statistical_replay,HBOS,smd,1107,grasp_mtsbench_native__hbos__smd__seed1107,native_transductive_test_feature_fit_oracle_f1,7f665baa1b116b8aaede0b2962e216c841c7699d072ecffd92040ba5d5426adb,experiments/runs/fm_grasp_stat_native_v1/jobs/grasp_mtsbench_native__hbos__smd__seed1107/result.json,SMD_machine-1-8,38,20367,320,0.06233850005082786,"{""PRC"": 0.08702472088332686, ""ROC"": 0.5597279206365042, ""Best_F1"": 0.19922897208931778}","{""slidingWindow"": 1, ""n_bins"": 10, ""tol"": 0.5, ""n_jobs"": 1}"
grasp_mtsbench_statistical_replay,HBOS,smd,1107,grasp_mtsbench_native__hbos__smd__seed1107,native_transductive_test_feature_fit_oracle_f1,7f665baa1b116b8aaede0b2962e216c841c7699d072ecffd92040ba5d5426adb,experiments/runs/fm_grasp_stat_native_v1/jobs/grasp_mtsbench_native__hbos__smd__seed1107/result.json,SMD_machine-2-1,38,12706,1022,0.04348220000974834,"{""PRC"": 0.20999756863270053, ""ROC"": 0.6858000654548915, ""Best_F1"": 0.2670703617791897}","{""slidingWindow"": 1, ""n_bins"": 10, ""tol"": 0.5, ""n_jobs"": 1}"
grasp_mtsbench_statistical_replay,HBOS,smd,1107,grasp_mtsbench_native__hbos__smd__seed1107,native_transductive_test_feature_fit_oracle_f1,7f665baa1b116b8aaede0b2962e216c841c7699d072ecffd92040ba5d5426adb,experiments/runs/fm_grasp_stat_native_v1/jobs/grasp_mtsbench_native__hbos__smd__seed1107/result.json,SMD_machine-2-2,38,5459,1088,0.016574300127103925,"{""PRC"": 0.27183847504531305, ""ROC"": 0.5858262638445907, ""Best_F1"": 0.3594971949298942}","{""slidingWindow"": 1, ""n_bins"": 10, ""tol"": 0.5, ""n_jobs"": 1}"
grasp_mtsbench_statistical_replay,HBOS,smd,1107,grasp_mtsbench_native__hbos__smd__seed1107,native_transductive_test_feature_fit_oracle_f1,7f665baa1b116b8aaede0b2962e216c841c7699d072ecffd92040ba5d5426adb,experiments/runs/fm_grasp_stat_native_v1/jobs/grasp_mtsbench_native__hbos__smd__seed1107/result.json,SMD_machine-2-3,38,14213,165,0.036689799977466464,"{""PRC"": 0.5427810481166818, ""ROC"": 0.8996330762062539, ""Best_F1"": 0.6006551057495528}","{""slidingWindow"": 1, ""n_bins"": 10, ""tol"": 0.5, ""n_jobs"": 1}"
grasp_mtsbench_statistical_replay,HBOS,smd,1107,grasp_mtsbench_native__hbos__smd__seed1107,native_transductive_test_feature_fit_oracle_f1,7f665baa1b116b8aaede0b2962e216c841c7699d072ecffd92040ba5d5426adb,experiments/runs/fm_grasp_stat_native_v1/jobs/grasp_mtsbench_native__hbos__smd__seed1107/result.json,SMD_machine-2-4,38,18912,1679,0.044589499942958355,"{""PRC"": 0.473899102672081, ""ROC"": 0.898548109509274, ""Best_F1"": 0.5130866395539044}","{""slidingWindow"": 1, ""n_bins"": 10, ""tol"": 0.5, ""n_jobs"": 1}"
grasp_mtsbench_statistical_replay,HBOS,smd,1107,grasp_mtsbench_native__hbos__smd__seed1107,native_transductive_test_feature_fit_oracle_f1,7f665baa1b116b8aaede0b2962e216c841c7699d072ecffd92040ba5d5426adb,experiments/runs/fm_grasp_stat_native_v1/jobs/grasp_mtsbench_native__hbos__smd__seed1107/result.json,SMD_machine-2-5,38,17468,678,0.04796160012483597,"{""PRC"": 0.24042988705426113, ""ROC"": 0.7019096298014165, ""Best_F1"": 0.309105271412092}","{""slidingWindow"": 1, ""n_bins"": 10, ""tol"": 0.5, ""n_jobs"": 1}"
grasp_mtsbench_statistical_replay,HBOS,smd,1107,grasp_mtsbench_native__hbos__smd__seed1107,native_transductive_test_feature_fit_oracle_f1,7f665baa1b116b8aaede0b2962e216c841c7699d072ecffd92040ba5d5426adb,experiments/runs/fm_grasp_stat_native_v1/jobs/grasp_mtsbench_native__hbos__smd__seed1107/result.json,SMD_machine-2-7,38,18188,405,0.07075379998423159,"{""PRC"": 0.6936877183690572, ""ROC"": 0.9071018027343356, ""Best_F1"": 0.7891842339609892}","{""slidingWindow"": 1, ""n_bins"": 10, ""tol"": 0.5, ""n_jobs"": 1}"
grasp_mtsbench_statistical_replay,HBOS,smd,1107,grasp_mtsbench_native__hbos__smd__seed1107,native_transductive_test_feature_fit_oracle_f1,7f665baa1b116b8aaede0b2962e216c841c7699d072ecffd92040ba5d5426adb,experiments/runs/fm_grasp_stat_native_v1/jobs/grasp_mtsbench_native__hbos__smd__seed1107/result.json,SMD_machine-2-9,38,11123,763,0.03521210001781583,"{""PRC"": 0.10937865893507712, ""ROC"": 0.6985665453883015, ""Best_F1"": 0.2289920009224824}","{""slidingWindow"": 1, ""n_bins"": 10, ""tol"": 0.5, ""n_jobs"": 1}"
grasp_mtsbench_statistical_replay,HBOS,smd,1107,grasp_mtsbench_native__hbos__smd__seed1107,native_transductive_test_feature_fit_oracle_f1,7f665baa1b116b8aaede0b2962e216c841c7699d072ecffd92040ba5d5426adb,experiments/runs/fm_grasp_stat_native_v1/jobs/grasp_mtsbench_native__hbos__smd__seed1107/result.json,SMD_machine-3-10,38,18651,892,0.052504200022667646,"{""PRC"": 0.1791768262878154, ""ROC"": 0.8716274600360533, ""Best_F1"": 0.36510243468042686}","{""slidingWindow"": 1, ""n_bins"": 10, ""tol"": 0.5, ""n_jobs"": 1}"
grasp_mtsbench_statistical_replay,HBOS,smd,1107,grasp_mtsbench_native__hbos__smd__seed1107,native_transductive_test_feature_fit_oracle_f1,7f665baa1b116b8aaede0b2962e216c841c7699d072ecffd92040ba5d5426adb,experiments/runs/fm_grasp_stat_native_v1/jobs/grasp_mtsbench_native__hbos__smd__seed1107/result.json,SMD_machine-3-2,38,13152,236,0.03764190012589097,"{""PRC"": 0.023787552027124077, ""ROC"": 0.356506645285574, ""Best_F1"": 0.05754904423466521}","{""slidingWindow"": 1, ""n_bins"": 10, ""tol"": 0.5, ""n_jobs"": 1}"
grasp_mtsbench_statistical_replay,HBOS,smd,1107,grasp_mtsbench_native__hbos__smd__seed1107,native_transductive_test_feature_fit_oracle_f1,7f665baa1b116b8aaede0b2962e216c841c7699d072ecffd92040ba5d5426adb,experiments/runs/fm_grasp_stat_native_v1/jobs/grasp_mtsbench_native__hbos__smd__seed1107/result.json,SMD_machine-3-3,38,18885,600,0.053293999982997775,"{""PRC"": 0.08714375495114303, ""ROC"": 0.7441201804757998, ""Best_F1"": 0.17231657373586726}","{""slidingWindow"": 1, ""n_bins"": 10, ""tol"": 0.5, ""n_jobs"": 1}"
grasp_mtsbench_statistical_replay,HBOS,smd,1107,grasp_mtsbench_native__hbos__smd__seed1107,native_transductive_test_feature_fit_oracle_f1,7f665baa1b116b8aaede0b2962e216c841c7699d072ecffd92040ba5d5426adb,experiments/runs/fm_grasp_stat_native_v1/jobs/grasp_mtsbench_native__hbos__smd__seed1107/result.json,SMD_machine-3-5,38,9117,265,0.025222300086170435,"{""PRC"": 0.3817418931917098, ""ROC"": 0.8809091219125408, ""Best_F1"": 0.39246902030524716}","{""slidingWindow"": 1, ""n_bins"": 10, ""tol"": 0.5, ""n_jobs"": 1}"
grasp_mtsbench_statistical_replay,HBOS,smd,1107,grasp_mtsbench_native__hbos__smd__seed1107,native_transductive_test_feature_fit_oracle_f1,7f665baa1b116b8aaede0b2962e216c841c7699d072ecffd92040ba5d5426adb,experiments/runs/fm_grasp_stat_native_v1/jobs/grasp_mtsbench_native__hbos__smd__seed1107/result.json,SMD_machine-3-6,38,12401,790,0.05094380001537502,"{""PRC"": 0.43359526111657326, ""ROC"": 0.9170238501464674, ""Best_F1"": 0.4450875924272189}","{""slidingWindow"": 1, ""n_bins"": 10, ""tol"": 0.5, ""n_jobs"": 1}"
grasp_mtsbench_statistical_replay,COPOD,smd,1107,grasp_mtsbench_native__copod__smd__seed1107,native_transductive_test_feature_fit_oracle_f1,e3437f326943cc140d9075ece5309b5823657869eb3fbbd299026db2f66d1342,experiments/runs/fm_grasp_stat_native_v1/jobs/grasp_mtsbench_native__copod__smd__seed1107/result.json,SMD_machine-1-2,38,4930,167,0.8015206998679787,"{""PRC"": 0.11468596902879649, ""ROC"": 0.7983633824100698, ""Best_F1"": 0.17289493336925885}","{""n_jobs"": 1}"
grasp_mtsbench_statistical_replay,COPOD,smd,1107,grasp_mtsbench_native__copod__smd__seed1107,native_transductive_test_feature_fit_oracle_f1,e3437f326943cc140d9075ece5309b5823657869eb3fbbd299026db2f66d1342,experiments/runs/fm_grasp_stat_native_v1/jobs/grasp_mtsbench_native__copod__smd__seed1107/result.json,SMD_machine-1-3,38,15218,731,0.1833005000371486,"{""PRC"": 0.12850407887398468, ""ROC"": 0.603568537365969, ""Best_F1"": 0.16168848422576337}","{""n_jobs"": 1}"
grasp_mtsbench_statistical_replay,COPOD,smd,1107,grasp_mtsbench_native__copod__smd__seed1107,native_transductive_test_feature_fit_oracle_f1,e3437f326943cc140d9075ece5309b5823657869eb3fbbd299026db2f66d1342,experiments/runs/fm_grasp_stat_native_v1/jobs/grasp_mtsbench_native__copod__smd__seed1107/result.json,SMD_machine-1-4,38,10084,409,0.14680880005471408,"{""PRC"": 0.19672103109421177, ""ROC"": 0.5992090117068795, ""Best_F1"": 0.24185582490724644}","{""n_jobs"": 1}"
grasp_mtsbench_statistical_replay,COPOD,smd,1107,grasp_mtsbench_native__copod__smd__seed1107,native_transductive_test_feature_fit_oracle_f1,e3437f326943cc140d9075ece5309b5823657869eb3fbbd299026db2f66d1342,experiments/runs/fm_grasp_stat_native_v1/jobs/grasp_mtsbench_native__copod__smd__seed1107/result.json,SMD_machine-1-6,38,18584,3282,0.4087326000444591,"{""PRC"": 0.3605243591431486, ""ROC"": 0.8148121178553329, ""Best_F1"": 0.534284177130671}","{""n_jobs"": 1}"
grasp_mtsbench_statistical_replay,COPOD,smd,1107,grasp_mtsbench_native__copod__smd__seed1107,native_transductive_test_feature_fit_oracle_f1,e3437f326943cc140d9075ece5309b5823657869eb3fbbd299026db2f66d1342,experiments/runs/fm_grasp_stat_native_v1/jobs/grasp_mtsbench_native__copod__smd__seed1107/result.json,SMD_machine-1-7,38,17131,1068,0.2196869000326842,"{""PRC"": 0.07277688395258579, ""ROC"": 0.5416138258043411, ""Best_F1"": 0.13011800843933236}","{""n_jobs"": 1}"
grasp_mtsbench_statistical_replay,COPOD,smd,1107,grasp_mtsbench_native__copod__smd__seed1107,native_transductive_test_feature_fit_oracle_f1,e3437f326943cc140d9075ece5309b5823657869eb3fbbd299026db2f66d1342,experiments/runs/fm_grasp_stat_native_v1/jobs/grasp_mtsbench_native__copod__smd__seed1107/result.json,SMD_machine-1-8,38,20367,320,0.3080021000932902,"{""PRC"": 0.03808862412906948, ""ROC"": 0.7264512769990522, ""Best_F1"": 0.1211354304731251}","{""n_jobs"": 1}"
grasp_mtsbench_statistical_replay,COPOD,smd,1107,grasp_mtsbench_native__copod__smd__seed1107,native_transductive_test_feature_fit_oracle_f1,e3437f326943cc140d9075ece5309b5823657869eb3fbbd299026db2f66d1342,experiments/runs/fm_grasp_stat_native_v1/jobs/grasp_mtsbench_native__copod__smd__seed1107/result.json,SMD_machine-2-1,38,12706,1022,0.22297940007410944,"{""PRC"": 0.1292453423317479, ""ROC"": 0.6277384531072984, ""Best_F1"": 0.214519221202857}","{""n_jobs"": 1}"
grasp_mtsbench_statistical_replay,COPOD,smd,1107,grasp_mtsbench_native__copod__smd__seed1107,native_transductive_test_feature_fit_oracle_f1,e3437f326943cc140d9075ece5309b5823657869eb3fbbd299026db2f66d1342,experiments/runs/fm_grasp_stat_native_v1/jobs/grasp_mtsbench_native__copod__smd__seed1107/result.json,SMD_machine-2-2,38,5459,1088,0.0917918998748064,"{""PRC"": 0.23347791333658421, ""ROC"": 0.5200927402532736, ""Best_F1"": 0.3349801889255508}","{""n_jobs"": 1}"
grasp_mtsbench_statistical_replay,COPOD,smd,1107,grasp_mtsbench_native__copod__smd__seed1107,native_transductive_test_feature_fit_oracle_f1,e3437f326943cc140d9075ece5309b5823657869eb3fbbd299026db2f66d1342,experiments/runs/fm_grasp_stat_native_v1/jobs/grasp_mtsbench_native__copod__smd__seed1107/result.json,SMD_machine-2-3,38,14213,165,0.2524482000153512,"{""PRC"": 0.48122573728582857, ""ROC"": 0.8954053634292815, ""Best_F1"": 0.5147879022578148}","{""n_jobs"": 1}"
grasp_mtsbench_statistical_replay,COPOD,smd,1107,grasp_mtsbench_native__copod__smd__seed1107,native_transductive_test_feature_fit_oracle_f1,e3437f326943cc140d9075ece5309b5823657869eb3fbbd299026db2f66d1342,experiments/runs/fm_grasp_stat_native_v1/jobs/grasp_mtsbench_native__copod__smd__seed1107/result.json,SMD_machine-2-4,38,18912,1679,0.32525180000811815,"{""PRC"": 0.3927319060627016, ""ROC"": 0.8902674609330057, ""Best_F1"": 0.49776969419313155}","{""n_jobs"": 1}"
grasp_mtsbench_statistical_replay,COPOD,smd,1107,grasp_mtsbench_native__copod__smd__seed1107,native_transductive_test_feature_fit_oracle_f1,e3437f326943cc140d9075ece5309b5823657869eb3fbbd299026db2f66d1342,experiments/runs/fm_grasp_stat_native_v1/jobs/grasp_mtsbench_native__copod__smd__seed1107/result.json,SMD_machine-2-5,38,17468,678,0.24635399994440377,"{""PRC"": 0.23825983009629115, ""ROC"": 0.6957295658147409, ""Best_F1"": 0.3016939306282695}","{""n_jobs"": 1}"
grasp_mtsbench_statistical_replay,COPOD,smd,1107,grasp_mtsbench_native__copod__smd__seed1107,native_transductive_test_feature_fit_oracle_f1,e3437f326943cc140d9075ece5309b5823657869eb3fbbd299026db2f66d1342,experiments/runs/fm_grasp_stat_native_v1/jobs/grasp_mtsbench_native__copod__smd__seed1107/result.json,SMD_machine-2-7,38,18188,405,0.2835347999352962,"{""PRC"": 0.7191342297689738, ""ROC"": 0.9039140585786258, ""Best_F1"": 0.7506799915881467}","{""n_jobs"": 1}"
grasp_mtsbench_statistical_replay,COPOD,smd,1107,grasp_mtsbench_native__copod__smd__seed1107,native_transductive_test_feature_fit_oracle_f1,e3437f326943cc140d9075ece5309b5823657869eb3fbbd299026db2f66d1342,experiments/runs/fm_grasp_stat_native_v1/jobs/grasp_mtsbench_native__copod__smd__seed1107/result.json,SMD_machine-2-9,38,11123,763,0.17615459999069571,"{""PRC"": 0.15649069359562914, ""ROC"": 0.7514068880713702, ""Best_F1"": 0.3188367004369397}","{""n_jobs"": 1}"
grasp_mtsbench_statistical_replay,COPOD,smd,1107,grasp_mtsbench_native__copod__smd__seed1107,native_transductive_test_feature_fit_oracle_f1,e3437f326943cc140d9075ece5309b5823657869eb3fbbd299026db2f66d1342,experiments/runs/fm_grasp_stat_native_v1/jobs/grasp_mtsbench_native__copod__smd__seed1107/result.json,SMD_machine-3-10,38,18651,892,0.3060731999576092,"{""PRC"": 0.10445762270321424, ""ROC"": 0.7831520151343715, ""Best_F1"": 0.2698023810615868}","{""n_jobs"": 1}"
grasp_mtsbench_statistical_replay,COPOD,smd,1107,grasp_mtsbench_native__copod__smd__seed1107,native_transductive_test_feature_fit_oracle_f1,e3437f326943cc140d9075ece5309b5823657869eb3fbbd299026db2f66d1342,experiments/runs/fm_grasp_stat_native_v1/jobs/grasp_mtsbench_native__copod__smd__seed1107/result.json,SMD_machine-3-2,38,13152,236,0.27202200004830956,"{""PRC"": 0.014702256112018834, ""ROC"": 0.38294967219740594, ""Best_F1"": 0.03763842672470165}","{""n_jobs"": 1}"
grasp_mtsbench_statistical_replay,COPOD,smd,1107,grasp_mtsbench_native__copod__smd__seed1107,native_transductive_test_feature_fit_oracle_f1,e3437f326943cc140d9075ece5309b5823657869eb3fbbd299026db2f66d1342,experiments/runs/fm_grasp_stat_native_v1/jobs/grasp_mtsbench_native__copod__smd__seed1107/result.json,SMD_machine-3-3,38,18885,600,0.2658319000620395,"{""PRC"": 0.052428626470154865, ""ROC"": 0.6814966730471242, ""Best_F1"": 0.10819762254396792}","{""n_jobs"": 1}"
grasp_mtsbench_statistical_replay,COPOD,smd,1107,grasp_mtsbench_native__copod__smd__seed1107,native_transductive_test_feature_fit_oracle_f1,e3437f326943cc140d9075ece5309b5823657869eb3fbbd299026db2f66d1342,experiments/runs/fm_grasp_stat_native_v1/jobs/grasp_mtsbench_native__copod__smd__seed1107/result.json,SMD_machine-3-5,38,9117,265,0.1287455998826772,"{""PRC"": 0.1604473286963407, ""ROC"": 0.8552085020760686, ""Best_F1"": 0.24960996018384443}","{""n_jobs"": 1}"
grasp_mtsbench_statistical_replay,COPOD,smd,1107,grasp_mtsbench_native__copod__smd__seed1107,native_transductive_test_feature_fit_oracle_f1,e3437f326943cc140d9075ece5309b5823657869eb3fbbd299026db2f66d1342,experiments/runs/fm_grasp_stat_native_v1/jobs/grasp_mtsbench_native__copod__smd__seed1107/result.json,SMD_machine-3-6,38,12401,790,0.1972623998299241,"{""PRC"": 0.25540095731221385, ""ROC"": 0.876704652615536, ""Best_F1"": 0.35112662809801515}","{""n_jobs"": 1}"
grasp_mtsbench_statistical_replay,HBOS,smd,1108,grasp_mtsbench_native__hbos__smd__seed1108,native_transductive_test_feature_fit_oracle_f1,c10cc5859326364f9bc965c614e6764d3148d38f4565ae9d2b2761a94b6653d8,experiments/runs/fm_grasp_stat_native_v1/jobs/grasp_mtsbench_native__hbos__smd__seed1108/result.json,SMD_machine-1-2,38,4930,167,4.245128800161183,"{""PRC"": 0.15336589141254015, ""ROC"": 0.8508205088877463, ""Best_F1"": 0.2657306855194088}","{""slidingWindow"": 1, ""n_bins"": 10, ""tol"": 0.5, ""n_jobs"": 1}"
grasp_mtsbench_statistical_replay,HBOS,smd,1108,grasp_mtsbench_native__hbos__smd__seed1108,native_transductive_test_feature_fit_oracle_f1,c10cc5859326364f9bc965c614e6764d3148d38f4565ae9d2b2761a94b6653d8,experiments/runs/fm_grasp_stat_native_v1/jobs/grasp_mtsbench_native__hbos__smd__seed1108/result.json,SMD_machine-1-3,38,15218,731,0.05467280000448227,"{""PRC"": 0.15547197465948284, ""ROC"": 0.6659861187873801, ""Best_F1"": 0.2517568811662047}","{""slidingWindow"": 1, ""n_bins"": 10, ""tol"": 0.5, ""n_jobs"": 1}"
grasp_mtsbench_statistical_replay,HBOS,smd,1108,grasp_mtsbench_native__hbos__smd__seed1108,native_transductive_test_feature_fit_oracle_f1,c10cc5859326364f9bc965c614e6764d3148d38f4565ae9d2b2761a94b6653d8,experiments/runs/fm_grasp_stat_native_v1/jobs/grasp_mtsbench_native__hbos__smd__seed1108/result.json,SMD_machine-1-4,38,10084,409,0.04234590008854866,"{""PRC"": 0.19576202924637667, ""ROC"": 0.6625389966073425, ""Best_F1"": 0.20840573371935517}","{""slidingWindow"": 1, ""n_bins"": 10, ""tol"": 0.5, ""n_jobs"": 1}"
grasp_mtsbench_statistical_replay,HBOS,smd,1108,grasp_mtsbench_native__hbos__smd__seed1108,native_transductive_test_feature_fit_oracle_f1,c10cc5859326364f9bc965c614e6764d3148d38f4565ae9d2b2761a94b6653d8,experiments/runs/fm_grasp_stat_native_v1/jobs/grasp_mtsbench_native__hbos__smd__seed1108/result.json,SMD_machine-1-6,38,18584,3282,0.05323119997046888,"{""PRC"": 0.4207571295647137, ""ROC"": 0.8556008777494682, ""Best_F1"": 0.6111911328028324}","{""slidingWindow"": 1, ""n_bins"": 10, ""tol"": 0.5, ""n_jobs"": 1}"
grasp_mtsbench_statistical_replay,HBOS,smd,1108,grasp_mtsbench_native__hbos__smd__seed1108,native_transductive_test_feature_fit_oracle_f1,c10cc5859326364f9bc965c614e6764d3148d38f4565ae9d2b2761a94b6653d8,experiments/runs/fm_grasp_stat_native_v1/jobs/grasp_mtsbench_native__hbos__smd__seed1108/result.json,SMD_machine-1-7,38,17131,1068,0.046089200070127845,"{""PRC"": 0.12516026190342233, ""ROC"": 0.6123961282133248, ""Best_F1"": 0.15587239387341034}","{""slidingWindow"": 1, ""n_bins"": 10, ""tol"": 0.5, ""n_jobs"": 1}"
grasp_mtsbench_statistical_replay,HBOS,smd,1108,grasp_mtsbench_native__hbos__smd__seed1108,native_transductive_test_feature_fit_oracle_f1,c10cc5859326364f9bc965c614e6764d3148d38f4565ae9d2b2761a94b6653d8,experiments/runs/fm_grasp_stat_native_v1/jobs/grasp_mtsbench_native__hbos__smd__seed1108/result.json,SMD_machine-1-8,38,20367,320,0.06390479998663068,"{""PRC"": 0.08702472088332686, ""ROC"": 0.5597279206365042, ""Best_F1"": 0.19922897208931778}","{""slidingWindow"": 1, ""n_bins"": 10, ""tol"": 0.5, ""n_jobs"": 1}"
grasp_mtsbench_statistical_replay,HBOS,smd,1108,grasp_mtsbench_native__hbos__smd__seed1108,native_transductive_test_feature_fit_oracle_f1,c10cc5859326364f9bc965c614e6764d3148d38f4565ae9d2b2761a94b6653d8,experiments/runs/fm_grasp_stat_native_v1/jobs/grasp_mtsbench_native__hbos__smd__seed1108/result.json,SMD_machine-2-1,38,12706,1022,0.03691179980523884,"{""PRC"": 0.20999756863270053, ""ROC"": 0.6858000654548915, ""Best_F1"": 0.2670703617791897}","{""slidingWindow"": 1, ""n_bins"": 10, ""tol"": 0.5, ""n_jobs"": 1}"
grasp_mtsbench_statistical_replay,HBOS,smd,1108,grasp_mtsbench_native__hbos__smd__seed1108,native_transductive_test_feature_fit_oracle_f1,c10cc5859326364f9bc965c614e6764d3148d38f4565ae9d2b2761a94b6653d8,experiments/runs/fm_grasp_stat_native_v1/jobs/grasp_mtsbench_native__hbos__smd__seed1108/result.json,SMD_machine-2-2,38,5459,1088,0.021452799905091524,"{""PRC"": 0.27183847504531305, ""ROC"": 0.5858262638445907, ""Best_F1"": 0.3594971949298942}","{""slidingWindow"": 1, ""n_bins"": 10, ""tol"": 0.5, ""n_jobs"": 1}"
grasp_mtsbench_statistical_replay,HBOS,smd,1108,grasp_mtsbench_native__hbos__smd__seed1108,native_transductive_test_feature_fit_oracle_f1,c10cc5859326364f9bc965c614e6764d3148d38f4565ae9d2b2761a94b6653d8,experiments/runs/fm_grasp_stat_native_v1/jobs/grasp_mtsbench_native__hbos__smd__seed1108/result.json,SMD_machine-2-3,38,14213,165,0.04027389991097152,"{""PRC"": 0.5427810481166818, ""ROC"": 0.8996330762062539, ""Best_F1"": 0.6006551057495528}","{""slidingWindow"": 1, ""n_bins"": 10, ""tol"": 0.5, ""n_jobs"": 1}"
grasp_mtsbench_statistical_replay,HBOS,smd,1108,grasp_mtsbench_native__hbos__smd__seed1108,native_transductive_test_feature_fit_oracle_f1,c10cc5859326364f9bc965c614e6764d3148d38f4565ae9d2b2761a94b6653d8,experiments/runs/fm_grasp_stat_native_v1/jobs/grasp_mtsbench_native__hbos__smd__seed1108/result.json,SMD_machine-2-4,38,18912,1679,0.042813400039449334,"{""PRC"": 0.473899102672081, ""ROC"": 0.898548109509274, ""Best_F1"": 0.5130866395539044}","{""slidingWindow"": 1, ""n_bins"": 10, ""tol"": 0.5, ""n_jobs"": 1}"
grasp_mtsbench_statistical_replay,HBOS,smd,1108,grasp_mtsbench_native__hbos__smd__seed1108,native_transductive_test_feature_fit_oracle_f1,c10cc5859326364f9bc965c614e6764d3148d38f4565ae9d2b2761a94b6653d8,experiments/runs/fm_grasp_stat_native_v1/jobs/grasp_mtsbench_native__hbos__smd__seed1108/result.json,SMD_machine-2-5,38,17468,678,0.045508700190111995,"{""PRC"": 0.24042988705426113, ""ROC"": 0.7019096298014165, ""Best_F1"": 0.309105271412092}","{""slidingWindow"": 1, ""n_bins"": 10, ""tol"": 0.5, ""n_jobs"": 1}"
grasp_mtsbench_statistical_replay,HBOS,smd,1108,grasp_mtsbench_native__hbos__smd__seed1108,native_transductive_test_feature_fit_oracle_f1,c10cc5859326364f9bc965c614e6764d3148d38f4565ae9d2b2761a94b6653d8,experiments/runs/fm_grasp_stat_native_v1/jobs/grasp_mtsbench_native__hbos__smd__seed1108/result.json,SMD_machine-2-7,38,18188,405,0.05823859991505742,"{""PRC"": 0.6936877183690572, ""ROC"": 0.9071018027343356, ""Best_F1"": 0.7891842339609892}","{""slidingWindow"": 1, ""n_bins"": 10, ""tol"": 0.5, ""n_jobs"": 1}"
grasp_mtsbench_statistical_replay,HBOS,smd,1108,grasp_mtsbench_native__hbos__smd__seed1108,native_transductive_test_feature_fit_oracle_f1,c10cc5859326364f9bc965c614e6764d3148d38f4565ae9d2b2761a94b6653d8,experiments/runs/fm_grasp_stat_native_v1/jobs/grasp_mtsbench_native__hbos__smd__seed1108/result.json,SMD_machine-2-9,38,11123,763,0.030436099972575903,"{""PRC"": 0.10937865893507712, ""ROC"": 0.6985665453883015, ""Best_F1"": 0.2289920009224824}","{""slidingWindow"": 1, ""n_bins"": 10, ""tol"": 0.5, ""n_jobs"": 1}"
grasp_mtsbench_statistical_replay,HBOS,smd,1108,grasp_mtsbench_native__hbos__smd__seed1108,native_transductive_test_feature_fit_oracle_f1,c10cc5859326364f9bc965c614e6764d3148d38f4565ae9d2b2761a94b6653d8,experiments/runs/fm_grasp_stat_native_v1/jobs/grasp_mtsbench_native__hbos__smd__seed1108/result.json,SMD_machine-3-10,38,18651,892,0.06945699988864362,"{""PRC"": 0.1791768262878154, ""ROC"": 0.8716274600360533, ""Best_F1"": 0.36510243468042686}","{""slidingWindow"": 1, ""n_bins"": 10, ""tol"": 0.5, ""n_jobs"": 1}"
grasp_mtsbench_statistical_replay,HBOS,smd,1108,grasp_mtsbench_native__hbos__smd__seed1108,native_transductive_test_feature_fit_oracle_f1,c10cc5859326364f9bc965c614e6764d3148d38f4565ae9d2b2761a94b6653d8,experiments/runs/fm_grasp_stat_native_v1/jobs/grasp_mtsbench_native__hbos__smd__seed1108/result.json,SMD_machine-3-2,38,13152,236,0.04460799996741116,"{""PRC"": 0.023787552027124077, ""ROC"": 0.356506645285574, ""Best_F1"": 0.05754904423466521}","{""slidingWindow"": 1, ""n_bins"": 10, ""tol"": 0.5, ""n_jobs"": 1}"
grasp_mtsbench_statistical_replay,HBOS,smd,1108,grasp_mtsbench_native__hbos__smd__seed1108,native_transductive_test_feature_fit_oracle_f1,c10cc5859326364f9bc965c614e6764d3148d38f4565ae9d2b2761a94b6653d8,experiments/runs/fm_grasp_stat_native_v1/jobs/grasp_mtsbench_native__hbos__smd__seed1108/result.json,SMD_machine-3-3,38,18885,600,0.07721659983508289,"{""PRC"": 0.08714375495114303, ""ROC"": 0.7441201804757998, ""Best_F1"": 0.17231657373586726}","{""slidingWindow"": 1, ""n_bins"": 10, ""tol"": 0.5, ""n_jobs"": 1}"
grasp_mtsbench_statistical_replay,HBOS,smd,1108,grasp_mtsbench_native__hbos__smd__seed1108,native_transductive_test_feature_fit_oracle_f1,c10cc5859326364f9bc965c614e6764d3148d38f4565ae9d2b2761a94b6653d8,experiments/runs/fm_grasp_stat_native_v1/jobs/grasp_mtsbench_native__hbos__smd__seed1108/result.json,SMD_machine-3-5,38,9117,265,0.029306699987500906,"{""PRC"": 0.3817418931917098, ""ROC"": 0.8809091219125408, ""Best_F1"": 0.39246902030524716}","{""slidingWindow"": 1, ""n_bins"": 10, ""tol"": 0.5, ""n_jobs"": 1}"
grasp_mtsbench_statistical_replay,HBOS,smd,1108,grasp_mtsbench_native__hbos__smd__seed1108,native_transductive_test_feature_fit_oracle_f1,c10cc5859326364f9bc965c614e6764d3148d38f4565ae9d2b2761a94b6653d8,experiments/runs/fm_grasp_stat_native_v1/jobs/grasp_mtsbench_native__hbos__smd__seed1108/result.json,SMD_machine-3-6,38,12401,790,0.045771499862894416,"{""PRC"": 0.43359526111657326, ""ROC"": 0.9170238501464674, ""Best_F1"": 0.4450875924272189}","{""slidingWindow"": 1, ""n_bins"": 10, ""tol"": 0.5, ""n_jobs"": 1}"
grasp_mtsbench_statistical_replay,COPOD,smd,1108,grasp_mtsbench_native__copod__smd__seed1108,native_transductive_test_feature_fit_oracle_f1,f371df3f0ff7c4e5b0004ea43999bce00d0c516a9c89e8d9237ce565dc6f9feb,experiments/runs/fm_grasp_stat_native_v1/jobs/grasp_mtsbench_native__copod__smd__seed1108/result.json,SMD_machine-1-2,38,4930,167,0.6995340001303703,"{""PRC"": 0.11468596902879649, ""ROC"": 0.7983633824100698, ""Best_F1"": 0.17289493336925885}","{""n_jobs"": 1}"
grasp_mtsbench_statistical_replay,COPOD,smd,1108,grasp_mtsbench_native__copod__smd__seed1108,native_transductive_test_feature_fit_oracle_f1,f371df3f0ff7c4e5b0004ea43999bce00d0c516a9c89e8d9237ce565dc6f9feb,experiments/runs/fm_grasp_stat_native_v1/jobs/grasp_mtsbench_native__copod__smd__seed1108/result.json,SMD_machine-1-3,38,15218,731,0.2666084000375122,"{""PRC"": 0.12850407887398468, ""ROC"": 0.603568537365969, ""Best_F1"": 0.16168848422576337}","{""n_jobs"": 1}"
grasp_mtsbench_statistical_replay,COPOD,smd,1108,grasp_mtsbench_native__copod__smd__seed1108,native_transductive_test_feature_fit_oracle_f1,f371df3f0ff7c4e5b0004ea43999bce00d0c516a9c89e8d9237ce565dc6f9feb,experiments/runs/fm_grasp_stat_native_v1/jobs/grasp_mtsbench_native__copod__smd__seed1108/result.json,SMD_machine-1-4,38,10084,409,0.19375799992121756,"{""PRC"": 0.19672103109421177, ""ROC"": 0.5992090117068795, ""Best_F1"": 0.24185582490724644}","{""n_jobs"": 1}"
grasp_mtsbench_statistical_replay,COPOD,smd,1108,grasp_mtsbench_native__copod__smd__seed1108,native_transductive_test_feature_fit_oracle_f1,f371df3f0ff7c4e5b0004ea43999bce00d0c516a9c89e8d9237ce565dc6f9feb,experiments/runs/fm_grasp_stat_native_v1/jobs/grasp_mtsbench_native__copod__smd__seed1108/result.json,SMD_machine-1-6,38,18584,3282,0.3360735001042485,"{""PRC"": 0.3605243591431486, ""ROC"": 0.8148121178553329, ""Best_F1"": 0.534284177130671}","{""n_jobs"": 1}"
grasp_mtsbench_statistical_replay,COPOD,smd,1108,grasp_mtsbench_native__copod__smd__seed1108,native_transductive_test_feature_fit_oracle_f1,f371df3f0ff7c4e5b0004ea43999bce00d0c516a9c89e8d9237ce565dc6f9feb,experiments/runs/fm_grasp_stat_native_v1/jobs/grasp_mtsbench_native__copod__smd__seed1108/result.json,SMD_machine-1-7,38,17131,1068,0.31803989992477,"{""PRC"": 0.07277688395258579, ""ROC"": 0.5416138258043411, ""Best_F1"": 0.13011800843933236}","{""n_jobs"": 1}"
grasp_mtsbench_statistical_replay,COPOD,smd,1108,grasp_mtsbench_native__copod__smd__seed1108,native_transductive_test_feature_fit_oracle_f1,f371df3f0ff7c4e5b0004ea43999bce00d0c516a9c89e8d9237ce565dc6f9feb,experiments/runs/fm_grasp_stat_native_v1/jobs/grasp_mtsbench_native__copod__smd__seed1108/result.json,SMD_machine-1-8,38,20367,320,0.2981722999829799,"{""PRC"": 0.03808862412906948, ""ROC"": 0.7264512769990522, ""Best_F1"": 0.1211354304731251}","{""n_jobs"": 1}"
grasp_mtsbench_statistical_replay,COPOD,smd,1108,grasp_mtsbench_native__copod__smd__seed1108,native_transductive_test_feature_fit_oracle_f1,f371df3f0ff7c4e5b0004ea43999bce00d0c516a9c89e8d9237ce565dc6f9feb,experiments/runs/fm_grasp_stat_native_v1/jobs/grasp_mtsbench_native__copod__smd__seed1108/result.json,SMD_machine-2-1,38,12706,1022,0.2746472000144422,"{""PRC"": 0.1292453423317479, ""ROC"": 0.6277384531072984, ""Best_F1"": 0.214519221202857}","{""n_jobs"": 1}"
grasp_mtsbench_statistical_replay,COPOD,smd,1108,grasp_mtsbench_native__copod__smd__seed1108,native_transductive_test_feature_fit_oracle_f1,f371df3f0ff7c4e5b0004ea43999bce00d0c516a9c89e8d9237ce565dc6f9feb,experiments/runs/fm_grasp_stat_native_v1/jobs/grasp_mtsbench_native__copod__smd__seed1108/result.json,SMD_machine-2-2,38,5459,1088,0.05536939995363355,"{""PRC"": 0.23347791333658421, ""ROC"": 0.5200927402532736, ""Best_F1"": 0.3349801889255508}","{""n_jobs"": 1}"
grasp_mtsbench_statistical_replay,COPOD,smd,1108,grasp_mtsbench_native__copod__smd__seed1108,native_transductive_test_feature_fit_oracle_f1,f371df3f0ff7c4e5b0004ea43999bce00d0c516a9c89e8d9237ce565dc6f9feb,experiments/runs/fm_grasp_stat_native_v1/jobs/grasp_mtsbench_native__copod__smd__seed1108/result.json,SMD_machine-2-3,38,14213,165,0.22389620007015765,"{""PRC"": 0.48122573728582857, ""ROC"": 0.8954053634292815, ""Best_F1"": 0.5147879022578148}","{""n_jobs"": 1}"
grasp_mtsbench_statistical_replay,COPOD,smd,1108,grasp_mtsbench_native__copod__smd__seed1108,native_transductive_test_feature_fit_oracle_f1,f371df3f0ff7c4e5b0004ea43999bce00d0c516a9c89e8d9237ce565dc6f9feb,experiments/runs/fm_grasp_stat_native_v1/jobs/grasp_mtsbench_native__copod__smd__seed1108/result.json,SMD_machine-2-4,38,18912,1679,0.3555028000846505,"{""PRC"": 0.3927319060627016, ""ROC"": 0.8902674609330057, ""Best_F1"": 0.49776969419313155}","{""n_jobs"": 1}"
grasp_mtsbench_statistical_replay,COPOD,smd,1108,grasp_mtsbench_native__copod__smd__seed1108,native_transductive_test_feature_fit_oracle_f1,f371df3f0ff7c4e5b0004ea43999bce00d0c516a9c89e8d9237ce565dc6f9feb,experiments/runs/fm_grasp_stat_native_v1/jobs/grasp_mtsbench_native__copod__smd__seed1108/result.json,SMD_machine-2-5,38,17468,678,0.2865730000194162,"{""PRC"": 0.23825983009629115, ""ROC"": 0.6957295658147409, ""Best_F1"": 0.3016939306282695}","{""n_jobs"": 1}"
grasp_mtsbench_statistical_replay,COPOD,smd,1108,grasp_mtsbench_native__copod__smd__seed1108,native_transductive_test_feature_fit_oracle_f1,f371df3f0ff7c4e5b0004ea43999bce00d0c516a9c89e8d9237ce565dc6f9feb,experiments/runs/fm_grasp_stat_native_v1/jobs/grasp_mtsbench_native__copod__smd__seed1108/result.json,SMD_machine-2-7,38,18188,405,0.32268489990383387,"{""PRC"": 0.7191342297689738, ""ROC"": 0.9039140585786258, ""Best_F1"": 0.7506799915881467}","{""n_jobs"": 1}"
grasp_mtsbench_statistical_replay,COPOD,smd,1108,grasp_mtsbench_native__copod__smd__seed1108,native_transductive_test_feature_fit_oracle_f1,f371df3f0ff7c4e5b0004ea43999bce00d0c516a9c89e8d9237ce565dc6f9feb,experiments/runs/fm_grasp_stat_native_v1/jobs/grasp_mtsbench_native__copod__smd__seed1108/result.json,SMD_machine-2-9,38,11123,763,0.1828622999601066,"{""PRC"": 0.15649069359562914, ""ROC"": 0.7514068880713702, ""Best_F1"": 0.3188367004369397}","{""n_jobs"": 1}"
grasp_mtsbench_statistical_replay,COPOD,smd,1108,grasp_mtsbench_native__copod__smd__seed1108,native_transductive_test_feature_fit_oracle_f1,f371df3f0ff7c4e5b0004ea43999bce00d0c516a9c89e8d9237ce565dc6f9feb,experiments/runs/fm_grasp_stat_native_v1/jobs/grasp_mtsbench_native__copod__smd__seed1108/result.json,SMD_machine-3-10,38,18651,892,0.288896800018847,"{""PRC"": 0.10445762270321424, ""ROC"": 0.7831520151343715, ""Best_F1"": 0.2698023810615868}","{""n_jobs"": 1}"
grasp_mtsbench_statistical_replay,COPOD,smd,1108,grasp_mtsbench_native__copod__smd__seed1108,native_transductive_test_feature_fit_oracle_f1,f371df3f0ff7c4e5b0004ea43999bce00d0c516a9c89e8d9237ce565dc6f9feb,experiments/runs/fm_grasp_stat_native_v1/jobs/grasp_mtsbench_native__copod__smd__seed1108/result.json,SMD_machine-3-2,38,13152,236,0.18777429987676442,"{""PRC"": 0.014702256112018834, ""ROC"": 0.38294967219740594, ""Best_F1"": 0.03763842672470165}","{""n_jobs"": 1}"
grasp_mtsbench_statistical_replay,COPOD,smd,1108,grasp_mtsbench_native__copod__smd__seed1108,native_transductive_test_feature_fit_oracle_f1,f371df3f0ff7c4e5b0004ea43999bce00d0c516a9c89e8d9237ce565dc6f9feb,experiments/runs/fm_grasp_stat_native_v1/jobs/grasp_mtsbench_native__copod__smd__seed1108/result.json,SMD_machine-3-3,38,18885,600,0.2804769999347627,"{""PRC"": 0.052428626470154865, ""ROC"": 0.6814966730471242, ""Best_F1"": 0.10819762254396792}","{""n_jobs"": 1}"
grasp_mtsbench_statistical_replay,COPOD,smd,1108,grasp_mtsbench_native__copod__smd__seed1108,native_transductive_test_feature_fit_oracle_f1,f371df3f0ff7c4e5b0004ea43999bce00d0c516a9c89e8d9237ce565dc6f9feb,experiments/runs/fm_grasp_stat_native_v1/jobs/grasp_mtsbench_native__copod__smd__seed1108/result.json,SMD_machine-3-5,38,9117,265,0.12832870008423924,"{""PRC"": 0.1604473286963407, ""ROC"": 0.8552085020760686, ""Best_F1"": 0.24960996018384443}","{""n_jobs"": 1}"
grasp_mtsbench_statistical_replay,COPOD,smd,1108,grasp_mtsbench_native__copod__smd__seed1108,native_transductive_test_feature_fit_oracle_f1,f371df3f0ff7c4e5b0004ea43999bce00d0c516a9c89e8d9237ce565dc6f9feb,experiments/runs/fm_grasp_stat_native_v1/jobs/grasp_mtsbench_native__copod__smd__seed1108/result.json,SMD_machine-3-6,38,12401,790,0.1843010000884533,"{""PRC"": 0.25540095731221385, ""ROC"": 0.876704652615536, ""Best_F1"": 0.35112662809801515}","{""n_jobs"": 1}"
grasp_mtsbench_statistical_replay,HBOS,smd,1109,grasp_mtsbench_native__hbos__smd__seed1109,native_transductive_test_feature_fit_oracle_f1,b29e38c5a77684c934314adc045089ede5473635d12dc578df9ec0a5fa166326,experiments/runs/fm_grasp_stat_native_v1/jobs/grasp_mtsbench_native__hbos__smd__seed1109/result.json,SMD_machine-1-2,38,4930,167,4.099765900056809,"{""PRC"": 0.15336589141254015, ""ROC"": 0.8508205088877463, ""Best_F1"": 0.2657306855194088}","{""slidingWindow"": 1, ""n_bins"": 10, ""tol"": 0.5, ""n_jobs"": 1}"
grasp_mtsbench_statistical_replay,HBOS,smd,1109,grasp_mtsbench_native__hbos__smd__seed1109,native_transductive_test_feature_fit_oracle_f1,b29e38c5a77684c934314adc045089ede5473635d12dc578df9ec0a5fa166326,experiments/runs/fm_grasp_stat_native_v1/jobs/grasp_mtsbench_native__hbos__smd__seed1109/result.json,SMD_machine-1-3,38,15218,731,0.03114029997959733,"{""PRC"": 0.15547197465948284, ""ROC"": 0.6659861187873801, ""Best_F1"": 0.2517568811662047}","{""slidingWindow"": 1, ""n_bins"": 10, ""tol"": 0.5, ""n_jobs"": 1}"
grasp_mtsbench_statistical_replay,HBOS,smd,1109,grasp_mtsbench_native__hbos__smd__seed1109,native_transductive_test_feature_fit_oracle_f1,b29e38c5a77684c934314adc045089ede5473635d12dc578df9ec0a5fa166326,experiments/runs/fm_grasp_stat_native_v1/jobs/grasp_mtsbench_native__hbos__smd__seed1109/result.json,SMD_machine-1-4,38,10084,409,0.025299800094217062,"{""PRC"": 0.19576202924637667, ""ROC"": 0.6625389966073425, ""Best_F1"": 0.20840573371935517}","{""slidingWindow"": 1, ""n_bins"": 10, ""tol"": 0.5, ""n_jobs"": 1}"
grasp_mtsbench_statistical_replay,HBOS,smd,1109,grasp_mtsbench_native__hbos__smd__seed1109,native_transductive_test_feature_fit_oracle_f1,b29e38c5a77684c934314adc045089ede5473635d12dc578df9ec0a5fa166326,experiments/runs/fm_grasp_stat_native_v1/jobs/grasp_mtsbench_native__hbos__smd__seed1109/result.json,SMD_machine-1-6,38,18584,3282,0.06700679985806346,"{""PRC"": 0.4207571295647137, ""ROC"": 0.8556008777494682, ""Best_F1"": 0.6111911328028324}","{""slidingWindow"": 1, ""n_bins"": 10, ""tol"": 0.5, ""n_jobs"": 1}"
grasp_mtsbench_statistical_replay,HBOS,smd,1109,grasp_mtsbench_native__hbos__smd__seed1109,native_transductive_test_feature_fit_oracle_f1,b29e38c5a77684c934314adc045089ede5473635d12dc578df9ec0a5fa166326,experiments/runs/fm_grasp_stat_native_v1/jobs/grasp_mtsbench_native__hbos__smd__seed1109/result.json,SMD_machine-1-7,38,17131,1068,0.05994149995967746,"{""PRC"": 0.12516026190342233, ""ROC"": 0.6123961282133248, ""Best_F1"": 0.15587239387341034}","{""slidingWindow"": 1, ""n_bins"": 10, ""tol"": 0.5, ""n_jobs"": 1}"
grasp_mtsbench_statistical_replay,HBOS,smd,1109,grasp_mtsbench_native__hbos__smd__seed1109,native_transductive_test_feature_fit_oracle_f1,b29e38c5a77684c934314adc045089ede5473635d12dc578df9ec0a5fa166326,experiments/runs/fm_grasp_stat_native_v1/jobs/grasp_mtsbench_native__hbos__smd__seed1109/result.json,SMD_machine-1-8,38,20367,320,0.07082480005919933,"{""PRC"": 0.08702472088332686, ""ROC"": 0.5597279206365042, ""Best_F1"": 0.19922897208931778}","{""slidingWindow"": 1, ""n_bins"": 10, ""tol"": 0.5, ""n_jobs"": 1}"
grasp_mtsbench_statistical_replay,HBOS,smd,1109,grasp_mtsbench_native__hbos__smd__seed1109,native_transductive_test_feature_fit_oracle_f1,b29e38c5a77684c934314adc045089ede5473635d12dc578df9ec0a5fa166326,experiments/runs/fm_grasp_stat_native_v1/jobs/grasp_mtsbench_native__hbos__smd__seed1109/result.json,SMD_machine-2-1,38,12706,1022,0.02785539999604225,"{""PRC"": 0.20999756863270053, ""ROC"": 0.6858000654548915, ""Best_F1"": 0.2670703617791897}","{""slidingWindow"": 1, ""n_bins"": 10, ""tol"": 0.5, ""n_jobs"": 1}"
grasp_mtsbench_statistical_replay,HBOS,smd,1109,grasp_mtsbench_native__hbos__smd__seed1109,native_transductive_test_feature_fit_oracle_f1,b29e38c5a77684c934314adc045089ede5473635d12dc578df9ec0a5fa166326,experiments/runs/fm_grasp_stat_native_v1/jobs/grasp_mtsbench_native__hbos__smd__seed1109/result.json,SMD_machine-2-2,38,5459,1088,0.019142300123348832,"{""PRC"": 0.27183847504531305, ""ROC"": 0.5858262638445907, ""Best_F1"": 0.3594971949298942}","{""slidingWindow"": 1, ""n_bins"": 10, ""tol"": 0.5, ""n_jobs"": 1}"
grasp_mtsbench_statistical_replay,HBOS,smd,1109,grasp_mtsbench_native__hbos__smd__seed1109,native_transductive_test_feature_fit_oracle_f1,b29e38c5a77684c934314adc045089ede5473635d12dc578df9ec0a5fa166326,experiments/runs/fm_grasp_stat_native_v1/jobs/grasp_mtsbench_native__hbos__smd__seed1109/result.json,SMD_machine-2-3,38,14213,165,0.06034800014458597,"{""PRC"": 0.5427810481166818, ""ROC"": 0.8996330762062539, ""Best_F1"": 0.6006551057495528}","{""slidingWindow"": 1, ""n_bins"": 10, ""tol"": 0.5, ""n_jobs"": 1}"
grasp_mtsbench_statistical_replay,HBOS,smd,1109,grasp_mtsbench_native__hbos__smd__seed1109,native_transductive_test_feature_fit_oracle_f1,b29e38c5a77684c934314adc045089ede5473635d12dc578df9ec0a5fa166326,experiments/runs/fm_grasp_stat_native_v1/jobs/grasp_mtsbench_native__hbos__smd__seed1109/result.json,SMD_machine-2-4,38,18912,1679,0.07907330011948943,"{""PRC"": 0.473899102672081, ""ROC"": 0.898548109509274, ""Best_F1"": 0.5130866395539044}","{""slidingWindow"": 1, ""n_bins"": 10, ""tol"": 0.5, ""n_jobs"": 1}"
grasp_mtsbench_statistical_replay,HBOS,smd,1109,grasp_mtsbench_native__hbos__smd__seed1109,native_transductive_test_feature_fit_oracle_f1,b29e38c5a77684c934314adc045089ede5473635d12dc578df9ec0a5fa166326,experiments/runs/fm_grasp_stat_native_v1/jobs/grasp_mtsbench_native__hbos__smd__seed1109/result.json,SMD_machine-2-5,38,17468,678,0.06183559983037412,"{""PRC"": 0.24042988705426113, ""ROC"": 0.7019096298014165, ""Best_F1"": 0.309105271412092}","{""slidingWindow"": 1, ""n_bins"": 10, ""tol"": 0.5, ""n_jobs"": 1}"
grasp_mtsbench_statistical_replay,HBOS,smd,1109,grasp_mtsbench_native__hbos__smd__seed1109,native_transductive_test_feature_fit_oracle_f1,b29e38c5a77684c934314adc045089ede5473635d12dc578df9ec0a5fa166326,experiments/runs/fm_grasp_stat_native_v1/jobs/grasp_mtsbench_native__hbos__smd__seed1109/result.json,SMD_machine-2-7,38,18188,405,0.05556760006584227,"{""PRC"": 0.6936877183690572, ""ROC"": 0.9071018027343356, ""Best_F1"": 0.7891842339609892}","{""slidingWindow"": 1, ""n_bins"": 10, ""tol"": 0.5, ""n_jobs"": 1}"
grasp_mtsbench_statistical_replay,HBOS,smd,1109,grasp_mtsbench_native__hbos__smd__seed1109,native_transductive_test_feature_fit_oracle_f1,b29e38c5a77684c934314adc045089ede5473635d12dc578df9ec0a5fa166326,experiments/runs/fm_grasp_stat_native_v1/jobs/grasp_mtsbench_native__hbos__smd__seed1109/result.json,SMD_machine-2-9,38,11123,763,0.02925719995982945,"{""PRC"": 0.10937865893507712, ""ROC"": 0.6985665453883015, ""Best_F1"": 0.2289920009224824}","{""slidingWindow"": 1, ""n_bins"": 10, ""tol"": 0.5, ""n_jobs"": 1}"
grasp_mtsbench_statistical_replay,HBOS,smd,1109,grasp_mtsbench_native__hbos__smd__seed1109,native_transductive_test_feature_fit_oracle_f1,b29e38c5a77684c934314adc045089ede5473635d12dc578df9ec0a5fa166326,experiments/runs/fm_grasp_stat_native_v1/jobs/grasp_mtsbench_native__hbos__smd__seed1109/result.json,SMD_machine-3-10,38,18651,892,0.06021549995057285,"{""PRC"": 0.1791768262878154, ""ROC"": 0.8716274600360533, ""Best_F1"": 0.36510243468042686}","{""slidingWindow"": 1, ""n_bins"": 10, ""tol"": 0.5, ""n_jobs"": 1}"
grasp_mtsbench_statistical_replay,HBOS,smd,1109,grasp_mtsbench_native__hbos__smd__seed1109,native_transductive_test_feature_fit_oracle_f1,b29e38c5a77684c934314adc045089ede5473635d12dc578df9ec0a5fa166326,experiments/runs/fm_grasp_stat_native_v1/jobs/grasp_mtsbench_native__hbos__smd__seed1109/result.json,SMD_machine-3-2,38,13152,236,0.04582630004733801,"{""PRC"": 0.023787552027124077, ""ROC"": 0.356506645285574, ""Best_F1"": 0.05754904423466521}","{""slidingWindow"": 1, ""n_bins"": 10, ""tol"": 0.5, ""n_jobs"": 1}"
grasp_mtsbench_statistical_replay,HBOS,smd,1109,grasp_mtsbench_native__hbos__smd__seed1109,native_transductive_test_feature_fit_oracle_f1,b29e38c5a77684c934314adc045089ede5473635d12dc578df9ec0a5fa166326,experiments/runs/fm_grasp_stat_native_v1/jobs/grasp_mtsbench_native__hbos__smd__seed1109/result.json,SMD_machine-3-3,38,18885,600,0.058505100198090076,"{""PRC"": 0.08714375495114303, ""ROC"": 0.7441201804757998, ""Best_F1"": 0.17231657373586726}","{""slidingWindow"": 1, ""n_bins"": 10, ""tol"": 0.5, ""n_jobs"": 1}"
grasp_mtsbench_statistical_replay,HBOS,smd,1109,grasp_mtsbench_native__hbos__smd__seed1109,native_transductive_test_feature_fit_oracle_f1,b29e38c5a77684c934314adc045089ede5473635d12dc578df9ec0a5fa166326,experiments/runs/fm_grasp_stat_native_v1/jobs/grasp_mtsbench_native__hbos__smd__seed1109/result.json,SMD_machine-3-5,38,9117,265,0.02351910015568137,"{""PRC"": 0.3817418931917098, ""ROC"": 0.8809091219125408, ""Best_F1"": 0.39246902030524716}","{""slidingWindow"": 1, ""n_bins"": 10, ""tol"": 0.5, ""n_jobs"": 1}"
grasp_mtsbench_statistical_replay,HBOS,smd,1109,grasp_mtsbench_native__hbos__smd__seed1109,native_transductive_test_feature_fit_oracle_f1,b29e38c5a77684c934314adc045089ede5473635d12dc578df9ec0a5fa166326,experiments/runs/fm_grasp_stat_native_v1/jobs/grasp_mtsbench_native__hbos__smd__seed1109/result.json,SMD_machine-3-6,38,12401,790,0.03783609997481108,"{""PRC"": 0.43359526111657326, ""ROC"": 0.9170238501464674, ""Best_F1"": 0.4450875924272189}","{""slidingWindow"": 1, ""n_bins"": 10, ""tol"": 0.5, ""n_jobs"": 1}"
grasp_mtsbench_statistical_replay,COPOD,smd,1109,grasp_mtsbench_native__copod__smd__seed1109,native_transductive_test_feature_fit_oracle_f1,4763783a131346b9ad36f99e4407a850ec422c37cc06b99da907eb269b911f55,experiments/runs/fm_grasp_stat_native_v1/jobs/grasp_mtsbench_native__copod__smd__seed1109/result.json,SMD_machine-1-2,38,4930,167,0.7003953999374062,"{""PRC"": 0.11468596902879649, ""ROC"": 0.7983633824100698, ""Best_F1"": 0.17289493336925885}","{""n_jobs"": 1}"
grasp_mtsbench_statistical_replay,COPOD,smd,1109,grasp_mtsbench_native__copod__smd__seed1109,native_transductive_test_feature_fit_oracle_f1,4763783a131346b9ad36f99e4407a850ec422c37cc06b99da907eb269b911f55,experiments/runs/fm_grasp_stat_native_v1/jobs/grasp_mtsbench_native__copod__smd__seed1109/result.json,SMD_machine-1-3,38,15218,731,0.18609739979729056,"{""PRC"": 0.12850407887398468, ""ROC"": 0.603568537365969, ""Best_F1"": 0.16168848422576337}","{""n_jobs"": 1}"
grasp_mtsbench_statistical_replay,COPOD,smd,1109,grasp_mtsbench_native__copod__smd__seed1109,native_transductive_test_feature_fit_oracle_f1,4763783a131346b9ad36f99e4407a850ec422c37cc06b99da907eb269b911f55,experiments/runs/fm_grasp_stat_native_v1/jobs/grasp_mtsbench_native__copod__smd__seed1109/result.json,SMD_machine-1-4,38,10084,409,0.13870620005764067,"{""PRC"": 0.19672103109421177, ""ROC"": 0.5992090117068795, ""Best_F1"": 0.24185582490724644}","{""n_jobs"": 1}"
grasp_mtsbench_statistical_replay,COPOD,smd,1109,grasp_mtsbench_native__copod__smd__seed1109,native_transductive_test_feature_fit_oracle_f1,4763783a131346b9ad36f99e4407a850ec422c37cc06b99da907eb269b911f55,experiments/runs/fm_grasp_stat_native_v1/jobs/grasp_mtsbench_native__copod__smd__seed1109/result.json,SMD_machine-1-6,38,18584,3282,0.34803900006227195,"{""PRC"": 0.3605243591431486, ""ROC"": 0.8148121178553329, ""Best_F1"": 0.534284177130671}","{""n_jobs"": 1}"
grasp_mtsbench_statistical_replay,COPOD,smd,1109,grasp_mtsbench_native__copod__smd__seed1109,native_transductive_test_feature_fit_oracle_f1,4763783a131346b9ad36f99e4407a850ec422c37cc06b99da907eb269b911f55,experiments/runs/fm_grasp_stat_native_v1/jobs/grasp_mtsbench_native__copod__smd__seed1109/result.json,SMD_machine-1-7,38,17131,1068,0.3598252001684159,"{""PRC"": 0.07277688395258579, ""ROC"": 0.5416138258043411, ""Best_F1"": 0.13011800843933236}","{""n_jobs"": 1}"
grasp_mtsbench_statistical_replay,COPOD,smd,1109,grasp_mtsbench_native__copod__smd__seed1109,native_transductive_test_feature_fit_oracle_f1,4763783a131346b9ad36f99e4407a850ec422c37cc06b99da907eb269b911f55,experiments/runs/fm_grasp_stat_native_v1/jobs/grasp_mtsbench_native__copod__smd__seed1109/result.json,SMD_machine-1-8,38,20367,320,0.2972878001164645,"{""PRC"": 0.03808862412906948, ""ROC"": 0.7264512769990522, ""Best_F1"": 0.1211354304731251}","{""n_jobs"": 1}"
grasp_mtsbench_statistical_replay,COPOD,smd,1109,grasp_mtsbench_native__copod__smd__seed1109,native_transductive_test_feature_fit_oracle_f1,4763783a131346b9ad36f99e4407a850ec422c37cc06b99da907eb269b911f55,experiments/runs/fm_grasp_stat_native_v1/jobs/grasp_mtsbench_native__copod__smd__seed1109/result.json,SMD_machine-2-1,38,12706,1022,0.28636389994062483,"{""PRC"": 0.1292453423317479, ""ROC"": 0.6277384531072984, ""Best_F1"": 0.214519221202857}","{""n_jobs"": 1}"
grasp_mtsbench_statistical_replay,COPOD,smd,1109,grasp_mtsbench_native__copod__smd__seed1109,native_transductive_test_feature_fit_oracle_f1,4763783a131346b9ad36f99e4407a850ec422c37cc06b99da907eb269b911f55,experiments/runs/fm_grasp_stat_native_v1/jobs/grasp_mtsbench_native__copod__smd__seed1109/result.json,SMD_machine-2-2,38,5459,1088,0.09335650014691055,"{""PRC"": 0.23347791333658421, ""ROC"": 0.5200927402532736, ""Best_F1"": 0.3349801889255508}","{""n_jobs"": 1}"
grasp_mtsbench_statistical_replay,COPOD,smd,1109,grasp_mtsbench_native__copod__smd__seed1109,native_transductive_test_feature_fit_oracle_f1,4763783a131346b9ad36f99e4407a850ec422c37cc06b99da907eb269b911f55,experiments/runs/fm_grasp_stat_native_v1/jobs/grasp_mtsbench_native__copod__smd__seed1109/result.json,SMD_machine-2-3,38,14213,165,0.2192313999403268,"{""PRC"": 0.48122573728582857, ""ROC"": 0.8954053634292815, ""Best_F1"": 0.5147879022578148}","{""n_jobs"": 1}"
grasp_mtsbench_statistical_replay,COPOD,smd,1109,grasp_mtsbench_native__copod__smd__seed1109,native_transductive_test_feature_fit_oracle_f1,4763783a131346b9ad36f99e4407a850ec422c37cc06b99da907eb269b911f55,experiments/runs/fm_grasp_stat_native_v1/jobs/grasp_mtsbench_native__copod__smd__seed1109/result.json,SMD_machine-2-4,38,18912,1679,0.2824021999258548,"{""PRC"": 0.3927319060627016, ""ROC"": 0.8902674609330057, ""Best_F1"": 0.49776969419313155}","{""n_jobs"": 1}"
grasp_mtsbench_statistical_replay,COPOD,smd,1109,grasp_mtsbench_native__copod__smd__seed1109,native_transductive_test_feature_fit_oracle_f1,4763783a131346b9ad36f99e4407a850ec422c37cc06b99da907eb269b911f55,experiments/runs/fm_grasp_stat_native_v1/jobs/grasp_mtsbench_native__copod__smd__seed1109/result.json,SMD_machine-2-5,38,17468,678,0.3066654000431299,"{""PRC"": 0.23825983009629115, ""ROC"": 0.6957295658147409, ""Best_F1"": 0.3016939306282695}","{""n_jobs"": 1}"
grasp_mtsbench_statistical_replay,COPOD,smd,1109,grasp_mtsbench_native__copod__smd__seed1109,native_transductive_test_feature_fit_oracle_f1,4763783a131346b9ad36f99e4407a850ec422c37cc06b99da907eb269b911f55,experiments/runs/fm_grasp_stat_native_v1/jobs/grasp_mtsbench_native__copod__smd__seed1109/result.json,SMD_machine-2-7,38,18188,405,0.3691940999124199,"{""PRC"": 0.7191342297689738, ""ROC"": 0.9039140585786258, ""Best_F1"": 0.7506799915881467}","{""n_jobs"": 1}"
grasp_mtsbench_statistical_replay,COPOD,smd,1109,grasp_mtsbench_native__copod__smd__seed1109,native_transductive_test_feature_fit_oracle_f1,4763783a131346b9ad36f99e4407a850ec422c37cc06b99da907eb269b911f55,experiments/runs/fm_grasp_stat_native_v1/jobs/grasp_mtsbench_native__copod__smd__seed1109/result.json,SMD_machine-2-9,38,11123,763,0.18467450002208352,"{""PRC"": 0.15649069359562914, ""ROC"": 0.7514068880713702, ""Best_F1"": 0.3188367004369397}","{""n_jobs"": 1}"
grasp_mtsbench_statistical_replay,COPOD,smd,1109,grasp_mtsbench_native__copod__smd__seed1109,native_transductive_test_feature_fit_oracle_f1,4763783a131346b9ad36f99e4407a850ec422c37cc06b99da907eb269b911f55,experiments/runs/fm_grasp_stat_native_v1/jobs/grasp_mtsbench_native__copod__smd__seed1109/result.json,SMD_machine-3-10,38,18651,892,0.35524619999341667,"{""PRC"": 0.10445762270321424, ""ROC"": 0.7831520151343715, ""Best_F1"": 0.2698023810615868}","{""n_jobs"": 1}"
grasp_mtsbench_statistical_replay,COPOD,smd,1109,grasp_mtsbench_native__copod__smd__seed1109,native_transductive_test_feature_fit_oracle_f1,4763783a131346b9ad36f99e4407a850ec422c37cc06b99da907eb269b911f55,experiments/runs/fm_grasp_stat_native_v1/jobs/grasp_mtsbench_native__copod__smd__seed1109/result.json,SMD_machine-3-2,38,13152,236,0.19733489979989827,"{""PRC"": 0.014702256112018834, ""ROC"": 0.38294967219740594, ""Best_F1"": 0.03763842672470165}","{""n_jobs"": 1}"
grasp_mtsbench_statistical_replay,COPOD,smd,1109,grasp_mtsbench_native__copod__smd__seed1109,native_transductive_test_feature_fit_oracle_f1,4763783a131346b9ad36f99e4407a850ec422c37cc06b99da907eb269b911f55,experiments/runs/fm_grasp_stat_native_v1/jobs/grasp_mtsbench_native__copod__smd__seed1109/result.json,SMD_machine-3-3,38,18885,600,0.31196060008369386,"{""PRC"": 0.052428626470154865, ""ROC"": 0.6814966730471242, ""Best_F1"": 0.10819762254396792}","{""n_jobs"": 1}"
grasp_mtsbench_statistical_replay,COPOD,smd,1109,grasp_mtsbench_native__copod__smd__seed1109,native_transductive_test_feature_fit_oracle_f1,4763783a131346b9ad36f99e4407a850ec422c37cc06b99da907eb269b911f55,experiments/runs/fm_grasp_stat_native_v1/jobs/grasp_mtsbench_native__copod__smd__seed1109/result.json,SMD_machine-3-5,38,9117,265,0.14828309998847544,"{""PRC"": 0.1604473286963407, ""ROC"": 0.8552085020760686, ""Best_F1"": 0.24960996018384443}","{""n_jobs"": 1}"
grasp_mtsbench_statistical_replay,COPOD,smd,1109,grasp_mtsbench_native__copod__smd__seed1109,native_transductive_test_feature_fit_oracle_f1,4763783a131346b9ad36f99e4407a850ec422c37cc06b99da907eb269b911f55,experiments/runs/fm_grasp_stat_native_v1/jobs/grasp_mtsbench_native__copod__smd__seed1109/result.json,SMD_machine-3-6,38,12401,790,0.1997634000144899,"{""PRC"": 0.25540095731221385, ""ROC"": 0.876704652615536, ""Best_F1"": 0.35112662809801515}","{""n_jobs"": 1}"
grasp_mtsbench_statistical_replay,HBOS,smd,1110,grasp_mtsbench_native__hbos__smd__seed1110,native_transductive_test_feature_fit_oracle_f1,bc85fbe37b93b4a77f8ea7cbc921bda7431c1d9b69735f2fc28a6bfdcbf28afd,experiments/runs/fm_grasp_stat_native_v1/jobs/grasp_mtsbench_native__hbos__smd__seed1110/result.json,SMD_machine-1-2,38,4930,167,3.9819705998525023,"{""PRC"": 0.15336589141254015, ""ROC"": 0.8508205088877463, ""Best_F1"": 0.2657306855194088}","{""slidingWindow"": 1, ""n_bins"": 10, ""tol"": 0.5, ""n_jobs"": 1}"
grasp_mtsbench_statistical_replay,HBOS,smd,1110,grasp_mtsbench_native__hbos__smd__seed1110,native_transductive_test_feature_fit_oracle_f1,bc85fbe37b93b4a77f8ea7cbc921bda7431c1d9b69735f2fc28a6bfdcbf28afd,experiments/runs/fm_grasp_stat_native_v1/jobs/grasp_mtsbench_native__hbos__smd__seed1110/result.json,SMD_machine-1-3,38,15218,731,0.05444839992560446,"{""PRC"": 0.15547197465948284, ""ROC"": 0.6659861187873801, ""Best_F1"": 0.2517568811662047}","{""slidingWindow"": 1, ""n_bins"": 10, ""tol"": 0.5, ""n_jobs"": 1}"
grasp_mtsbench_statistical_replay,HBOS,smd,1110,grasp_mtsbench_native__hbos__smd__seed1110,native_transductive_test_feature_fit_oracle_f1,bc85fbe37b93b4a77f8ea7cbc921bda7431c1d9b69735f2fc28a6bfdcbf28afd,experiments/runs/fm_grasp_stat_native_v1/jobs/grasp_mtsbench_native__hbos__smd__seed1110/result.json,SMD_machine-1-4,38,10084,409,0.031501099932938814,"{""PRC"": 0.19576202924637667, ""ROC"": 0.6625389966073425, ""Best_F1"": 0.20840573371935517}","{""slidingWindow"": 1, ""n_bins"": 10, ""tol"": 0.5, ""n_jobs"": 1}"
grasp_mtsbench_statistical_replay,HBOS,smd,1110,grasp_mtsbench_native__hbos__smd__seed1110,native_transductive_test_feature_fit_oracle_f1,bc85fbe37b93b4a77f8ea7cbc921bda7431c1d9b69735f2fc28a6bfdcbf28afd,experiments/runs/fm_grasp_stat_native_v1/jobs/grasp_mtsbench_native__hbos__smd__seed1110/result.json,SMD_machine-1-6,38,18584,3282,0.06887810002081096,"{""PRC"": 0.4207571295647137, ""ROC"": 0.8556008777494682, ""Best_F1"": 0.6111911328028324}","{""slidingWindow"": 1, ""n_bins"": 10, ""tol"": 0.5, ""n_jobs"": 1}"
grasp_mtsbench_statistical_replay,HBOS,smd,1110,grasp_mtsbench_native__hbos__smd__seed1110,native_transductive_test_feature_fit_oracle_f1,bc85fbe37b93b4a77f8ea7cbc921bda7431c1d9b69735f2fc28a6bfdcbf28afd,experiments/runs/fm_grasp_stat_native_v1/jobs/grasp_mtsbench_native__hbos__smd__seed1110/result.json,SMD_machine-1-7,38,17131,1068,0.08910169987939298,"{""PRC"": 0.12516026190342233, ""ROC"": 0.6123961282133248, ""Best_F1"": 0.15587239387341034}","{""slidingWindow"": 1, ""n_bins"": 10, ""tol"": 0.5, ""n_jobs"": 1}"
grasp_mtsbench_statistical_replay,HBOS,smd,1110,grasp_mtsbench_native__hbos__smd__seed1110,native_transductive_test_feature_fit_oracle_f1,bc85fbe37b93b4a77f8ea7cbc921bda7431c1d9b69735f2fc28a6bfdcbf28afd,experiments/runs/fm_grasp_stat_native_v1/jobs/grasp_mtsbench_native__hbos__smd__seed1110/result.json,SMD_machine-1-8,38,20367,320,0.06843780004419386,"{""PRC"": 0.08702472088332686, ""ROC"": 0.5597279206365042, ""Best_F1"": 0.19922897208931778}","{""slidingWindow"": 1, ""n_bins"": 10, ""tol"": 0.5, ""n_jobs"": 1}"
grasp_mtsbench_statistical_replay,HBOS,smd,1110,grasp_mtsbench_native__hbos__smd__seed1110,native_transductive_test_feature_fit_oracle_f1,bc85fbe37b93b4a77f8ea7cbc921bda7431c1d9b69735f2fc28a6bfdcbf28afd,experiments/runs/fm_grasp_stat_native_v1/jobs/grasp_mtsbench_native__hbos__smd__seed1110/result.json,SMD_machine-2-1,38,12706,1022,0.04506300017237663,"{""PRC"": 0.20999756863270053, ""ROC"": 0.6858000654548915, ""Best_F1"": 0.2670703617791897}","{""slidingWindow"": 1, ""n_bins"": 10, ""tol"": 0.5, ""n_jobs"": 1}"
grasp_mtsbench_statistical_replay,HBOS,smd,1110,grasp_mtsbench_native__hbos__smd__seed1110,native_transductive_test_feature_fit_oracle_f1,bc85fbe37b93b4a77f8ea7cbc921bda7431c1d9b69735f2fc28a6bfdcbf28afd,experiments/runs/fm_grasp_stat_native_v1/jobs/grasp_mtsbench_native__hbos__smd__seed1110/result.json,SMD_machine-2-2,38,5459,1088,0.02067120000720024,"{""PRC"": 0.27183847504531305, ""ROC"": 0.5858262638445907, ""Best_F1"": 0.3594971949298942}","{""slidingWindow"": 1, ""n_bins"": 10, ""tol"": 0.5, ""n_jobs"": 1}"
grasp_mtsbench_statistical_replay,HBOS,smd,1110,grasp_mtsbench_native__hbos__smd__seed1110,native_transductive_test_feature_fit_oracle_f1,bc85fbe37b93b4a77f8ea7cbc921bda7431c1d9b69735f2fc28a6bfdcbf28afd,experiments/runs/fm_grasp_stat_native_v1/jobs/grasp_mtsbench_native__hbos__smd__seed1110/result.json,SMD_machine-2-3,38,14213,165,0.05314229987561703,"{""PRC"": 0.5427810481166818, ""ROC"": 0.8996330762062539, ""Best_F1"": 0.6006551057495528}","{""slidingWindow"": 1, ""n_bins"": 10, ""tol"": 0.5, ""n_jobs"": 1}"
grasp_mtsbench_statistical_replay,HBOS,smd,1110,grasp_mtsbench_native__hbos__smd__seed1110,native_transductive_test_feature_fit_oracle_f1,bc85fbe37b93b4a77f8ea7cbc921bda7431c1d9b69735f2fc28a6bfdcbf28afd,experiments/runs/fm_grasp_stat_native_v1/jobs/grasp_mtsbench_native__hbos__smd__seed1110/result.json,SMD_machine-2-4,38,18912,1679,0.05746400007046759,"{""PRC"": 0.473899102672081, ""ROC"": 0.898548109509274, ""Best_F1"": 0.5130866395539044}","{""slidingWindow"": 1, ""n_bins"": 10, ""tol"": 0.5, ""n_jobs"": 1}"
grasp_mtsbench_statistical_replay,HBOS,smd,1110,grasp_mtsbench_native__hbos__smd__seed1110,native_transductive_test_feature_fit_oracle_f1,bc85fbe37b93b4a77f8ea7cbc921bda7431c1d9b69735f2fc28a6bfdcbf28afd,experiments/runs/fm_grasp_stat_native_v1/jobs/grasp_mtsbench_native__hbos__smd__seed1110/result.json,SMD_machine-2-5,38,17468,678,0.04029140016064048,"{""PRC"": 0.24042988705426113, ""ROC"": 0.7019096298014165, ""Best_F1"": 0.309105271412092}","{""slidingWindow"": 1, ""n_bins"": 10, ""tol"": 0.5, ""n_jobs"": 1}"
grasp_mtsbench_statistical_replay,HBOS,smd,1110,grasp_mtsbench_native__hbos__smd__seed1110,native_transductive_test_feature_fit_oracle_f1,bc85fbe37b93b4a77f8ea7cbc921bda7431c1d9b69735f2fc28a6bfdcbf28afd,experiments/runs/fm_grasp_stat_native_v1/jobs/grasp_mtsbench_native__hbos__smd__seed1110/result.json,SMD_machine-2-7,38,18188,405,0.045025400118902326,"{""PRC"": 0.6936877183690572, ""ROC"": 0.9071018027343356, ""Best_F1"": 0.7891842339609892}","{""slidingWindow"": 1, ""n_bins"": 10, ""tol"": 0.5, ""n_jobs"": 1}"
grasp_mtsbench_statistical_replay,HBOS,smd,1110,grasp_mtsbench_native__hbos__smd__seed1110,native_transductive_test_feature_fit_oracle_f1,bc85fbe37b93b4a77f8ea7cbc921bda7431c1d9b69735f2fc28a6bfdcbf28afd,experiments/runs/fm_grasp_stat_native_v1/jobs/grasp_mtsbench_native__hbos__smd__seed1110/result.json,SMD_machine-2-9,38,11123,763,0.035003700060769916,"{""PRC"": 0.10937865893507712, ""ROC"": 0.6985665453883015, ""Best_F1"": 0.2289920009224824}","{""slidingWindow"": 1, ""n_bins"": 10, ""tol"": 0.5, ""n_jobs"": 1}"
grasp_mtsbench_statistical_replay,HBOS,smd,1110,grasp_mtsbench_native__hbos__smd__seed1110,native_transductive_test_feature_fit_oracle_f1,bc85fbe37b93b4a77f8ea7cbc921bda7431c1d9b69735f2fc28a6bfdcbf28afd,experiments/runs/fm_grasp_stat_native_v1/jobs/grasp_mtsbench_native__hbos__smd__seed1110/result.json,SMD_machine-3-10,38,18651,892,0.06779740005731583,"{""PRC"": 0.1791768262878154, ""ROC"": 0.8716274600360533, ""Best_F1"": 0.36510243468042686}","{""slidingWindow"": 1, ""n_bins"": 10, ""tol"": 0.5, ""n_jobs"": 1}"
grasp_mtsbench_statistical_replay,HBOS,smd,1110,grasp_mtsbench_native__hbos__smd__seed1110,native_transductive_test_feature_fit_oracle_f1,bc85fbe37b93b4a77f8ea7cbc921bda7431c1d9b69735f2fc28a6bfdcbf28afd,experiments/runs/fm_grasp_stat_native_v1/jobs/grasp_mtsbench_native__hbos__smd__seed1110/result.json,SMD_machine-3-2,38,13152,236,0.04231419996358454,"{""PRC"": 0.023787552027124077, ""ROC"": 0.356506645285574, ""Best_F1"": 0.05754904423466521}","{""slidingWindow"": 1, ""n_bins"": 10, ""tol"": 0.5, ""n_jobs"": 1}"
grasp_mtsbench_statistical_replay,HBOS,smd,1110,grasp_mtsbench_native__hbos__smd__seed1110,native_transductive_test_feature_fit_oracle_f1,bc85fbe37b93b4a77f8ea7cbc921bda7431c1d9b69735f2fc28a6bfdcbf28afd,experiments/runs/fm_grasp_stat_native_v1/jobs/grasp_mtsbench_native__hbos__smd__seed1110/result.json,SMD_machine-3-3,38,18885,600,0.07705809990875423,"{""PRC"": 0.08714375495114303, ""ROC"": 0.7441201804757998, ""Best_F1"": 0.17231657373586726}","{""slidingWindow"": 1, ""n_bins"": 10, ""tol"": 0.5, ""n_jobs"": 1}"
grasp_mtsbench_statistical_replay,HBOS,smd,1110,grasp_mtsbench_native__hbos__smd__seed1110,native_transductive_test_feature_fit_oracle_f1,bc85fbe37b93b4a77f8ea7cbc921bda7431c1d9b69735f2fc28a6bfdcbf28afd,experiments/runs/fm_grasp_stat_native_v1/jobs/grasp_mtsbench_native__hbos__smd__seed1110/result.json,SMD_machine-3-5,38,9117,265,0.02873730007559061,"{""PRC"": 0.3817418931917098, ""ROC"": 0.8809091219125408, ""Best_F1"": 0.39246902030524716}","{""slidingWindow"": 1, ""n_bins"": 10, ""tol"": 0.5, ""n_jobs"": 1}"
grasp_mtsbench_statistical_replay,HBOS,smd,1110,grasp_mtsbench_native__hbos__smd__seed1110,native_transductive_test_feature_fit_oracle_f1,bc85fbe37b93b4a77f8ea7cbc921bda7431c1d9b69735f2fc28a6bfdcbf28afd,experiments/runs/fm_grasp_stat_native_v1/jobs/grasp_mtsbench_native__hbos__smd__seed1110/result.json,SMD_machine-3-6,38,12401,790,0.04393519996665418,"{""PRC"": 0.43359526111657326, ""ROC"": 0.9170238501464674, ""Best_F1"": 0.4450875924272189}","{""slidingWindow"": 1, ""n_bins"": 10, ""tol"": 0.5, ""n_jobs"": 1}"
grasp_mtsbench_statistical_replay,COPOD,smd,1110,grasp_mtsbench_native__copod__smd__seed1110,native_transductive_test_feature_fit_oracle_f1,3afe9b8e5f6a7a41f23aa5e71a67c439ce16ffc2bc84778cc966869abc016893,experiments/runs/fm_grasp_stat_native_v1/jobs/grasp_mtsbench_native__copod__smd__seed1110/result.json,SMD_machine-1-2,38,4930,167,0.7621510000899434,"{""PRC"": 0.11468596902879649, ""ROC"": 0.7983633824100698, ""Best_F1"": 0.17289493336925885}","{""n_jobs"": 1}"
grasp_mtsbench_statistical_replay,COPOD,smd,1110,grasp_mtsbench_native__copod__smd__seed1110,native_transductive_test_feature_fit_oracle_f1,3afe9b8e5f6a7a41f23aa5e71a67c439ce16ffc2bc84778cc966869abc016893,experiments/runs/fm_grasp_stat_native_v1/jobs/grasp_mtsbench_native__copod__smd__seed1110/result.json,SMD_machine-1-3,38,15218,731,0.26950889988802373,"{""PRC"": 0.12850407887398468, ""ROC"": 0.603568537365969, ""Best_F1"": 0.16168848422576337}","{""n_jobs"": 1}"
grasp_mtsbench_statistical_replay,COPOD,smd,1110,grasp_mtsbench_native__copod__smd__seed1110,native_transductive_test_feature_fit_oracle_f1,3afe9b8e5f6a7a41f23aa5e71a67c439ce16ffc2bc84778cc966869abc016893,experiments/runs/fm_grasp_stat_native_v1/jobs/grasp_mtsbench_native__copod__smd__seed1110/result.json,SMD_machine-1-4,38,10084,409,0.1566214000340551,"{""PRC"": 0.19672103109421177, ""ROC"": 0.5992090117068795, ""Best_F1"": 0.24185582490724644}","{""n_jobs"": 1}"
grasp_mtsbench_statistical_replay,COPOD,smd,1110,grasp_mtsbench_native__copod__smd__seed1110,native_transductive_test_feature_fit_oracle_f1,3afe9b8e5f6a7a41f23aa5e71a67c439ce16ffc2bc84778cc966869abc016893,experiments/runs/fm_grasp_stat_native_v1/jobs/grasp_mtsbench_native__copod__smd__seed1110/result.json,SMD_machine-1-6,38,18584,3282,0.36001250008121133,"{""PRC"": 0.3605243591431486, ""ROC"": 0.8148121178553329, ""Best_F1"": 0.534284177130671}","{""n_jobs"": 1}"
grasp_mtsbench_statistical_replay,COPOD,smd,1110,grasp_mtsbench_native__copod__smd__seed1110,native_transductive_test_feature_fit_oracle_f1,3afe9b8e5f6a7a41f23aa5e71a67c439ce16ffc2bc84778cc966869abc016893,experiments/runs/fm_grasp_stat_native_v1/jobs/grasp_mtsbench_native__copod__smd__seed1110/result.json,SMD_machine-1-7,38,17131,1068,0.22970120003446937,"{""PRC"": 0.07277688395258579, ""ROC"": 0.5416138258043411, ""Best_F1"": 0.13011800843933236}","{""n_jobs"": 1}"
grasp_mtsbench_statistical_replay,COPOD,smd,1110,grasp_mtsbench_native__copod__smd__seed1110,native_transductive_test_feature_fit_oracle_f1,3afe9b8e5f6a7a41f23aa5e71a67c439ce16ffc2bc84778cc966869abc016893,experiments/runs/fm_grasp_stat_native_v1/jobs/grasp_mtsbench_native__copod__smd__seed1110/result.json,SMD_machine-1-8,38,20367,320,0.3480769000016153,"{""PRC"": 0.03808862412906948, ""ROC"": 0.7264512769990522, ""Best_F1"": 0.1211354304731251}","{""n_jobs"": 1}"
grasp_mtsbench_statistical_replay,COPOD,smd,1110,grasp_mtsbench_native__copod__smd__seed1110,native_transductive_test_feature_fit_oracle_f1,3afe9b8e5f6a7a41f23aa5e71a67c439ce16ffc2bc84778cc966869abc016893,experiments/runs/fm_grasp_stat_native_v1/jobs/grasp_mtsbench_native__copod__smd__seed1110/result.json,SMD_machine-2-1,38,12706,1022,0.21423210017383099,"{""PRC"": 0.1292453423317479, ""ROC"": 0.6277384531072984, ""Best_F1"": 0.214519221202857}","{""n_jobs"": 1}"
grasp_mtsbench_statistical_replay,COPOD,smd,1110,grasp_mtsbench_native__copod__smd__seed1110,native_transductive_test_feature_fit_oracle_f1,3afe9b8e5f6a7a41f23aa5e71a67c439ce16ffc2bc84778cc966869abc016893,experiments/runs/fm_grasp_stat_native_v1/jobs/grasp_mtsbench_native__copod__smd__seed1110/result.json,SMD_machine-2-2,38,5459,1088,0.07539909984916449,"{""PRC"": 0.23347791333658421, ""ROC"": 0.5200927402532736, ""Best_F1"": 0.3349801889255508}","{""n_jobs"": 1}"
grasp_mtsbench_statistical_replay,COPOD,smd,1110,grasp_mtsbench_native__copod__smd__seed1110,native_transductive_test_feature_fit_oracle_f1,3afe9b8e5f6a7a41f23aa5e71a67c439ce16ffc2bc84778cc966869abc016893,experiments/runs/fm_grasp_stat_native_v1/jobs/grasp_mtsbench_native__copod__smd__seed1110/result.json,SMD_machine-2-3,38,14213,165,0.20447349990718067,"{""PRC"": 0.48122573728582857, ""ROC"": 0.8954053634292815, ""Best_F1"": 0.5147879022578148}","{""n_jobs"": 1}"
grasp_mtsbench_statistical_replay,COPOD,smd,1110,grasp_mtsbench_native__copod__smd__seed1110,native_transductive_test_feature_fit_oracle_f1,3afe9b8e5f6a7a41f23aa5e71a67c439ce16ffc2bc84778cc966869abc016893,experiments/runs/fm_grasp_stat_native_v1/jobs/grasp_mtsbench_native__copod__smd__seed1110/result.json,SMD_machine-2-4,38,18912,1679,0.3147696000523865,"{""PRC"": 0.3927319060627016, ""ROC"": 0.8902674609330057, ""Best_F1"": 0.49776969419313155}","{""n_jobs"": 1}"
grasp_mtsbench_statistical_replay,COPOD,smd,1110,grasp_mtsbench_native__copod__smd__seed1110,native_transductive_test_feature_fit_oracle_f1,3afe9b8e5f6a7a41f23aa5e71a67c439ce16ffc2bc84778cc966869abc016893,experiments/runs/fm_grasp_stat_native_v1/jobs/grasp_mtsbench_native__copod__smd__seed1110/result.json,SMD_machine-2-5,38,17468,678,0.3336092000827193,"{""PRC"": 0.23825983009629115, ""ROC"": 0.6957295658147409, ""Best_F1"": 0.3016939306282695}","{""n_jobs"": 1}"
grasp_mtsbench_statistical_replay,COPOD,smd,1110,grasp_mtsbench_native__copod__smd__seed1110,native_transductive_test_feature_fit_oracle_f1,3afe9b8e5f6a7a41f23aa5e71a67c439ce16ffc2bc84778cc966869abc016893,experiments/runs/fm_grasp_stat_native_v1/jobs/grasp_mtsbench_native__copod__smd__seed1110/result.json,SMD_machine-2-7,38,18188,405,0.2709435001015663,"{""PRC"": 0.7191342297689738, ""ROC"": 0.9039140585786258, ""Best_F1"": 0.7506799915881467}","{""n_jobs"": 1}"
grasp_mtsbench_statistical_replay,COPOD,smd,1110,grasp_mtsbench_native__copod__smd__seed1110,native_transductive_test_feature_fit_oracle_f1,3afe9b8e5f6a7a41f23aa5e71a67c439ce16ffc2bc84778cc966869abc016893,experiments/runs/fm_grasp_stat_native_v1/jobs/grasp_mtsbench_native__copod__smd__seed1110/result.json,SMD_machine-2-9,38,11123,763,0.2305485000833869,"{""PRC"": 0.15649069359562914, ""ROC"": 0.7514068880713702, ""Best_F1"": 0.3188367004369397}","{""n_jobs"": 1}"
grasp_mtsbench_statistical_replay,COPOD,smd,1110,grasp_mtsbench_native__copod__smd__seed1110,native_transductive_test_feature_fit_oracle_f1,3afe9b8e5f6a7a41f23aa5e71a67c439ce16ffc2bc84778cc966869abc016893,experiments/runs/fm_grasp_stat_native_v1/jobs/grasp_mtsbench_native__copod__smd__seed1110/result.json,SMD_machine-3-10,38,18651,892,0.3486233002040535,"{""PRC"": 0.10445762270321424, ""ROC"": 0.7831520151343715, ""Best_F1"": 0.2698023810615868}","{""n_jobs"": 1}"
grasp_mtsbench_statistical_replay,COPOD,smd,1110,grasp_mtsbench_native__copod__smd__seed1110,native_transductive_test_feature_fit_oracle_f1,3afe9b8e5f6a7a41f23aa5e71a67c439ce16ffc2bc84778cc966869abc016893,experiments/runs/fm_grasp_stat_native_v1/jobs/grasp_mtsbench_native__copod__smd__seed1110/result.json,SMD_machine-3-2,38,13152,236,0.19026990002021194,"{""PRC"": 0.014702256112018834, ""ROC"": 0.38294967219740594, ""Best_F1"": 0.03763842672470165}","{""n_jobs"": 1}"
grasp_mtsbench_statistical_replay,COPOD,smd,1110,grasp_mtsbench_native__copod__smd__seed1110,native_transductive_test_feature_fit_oracle_f1,3afe9b8e5f6a7a41f23aa5e71a67c439ce16ffc2bc84778cc966869abc016893,experiments/runs/fm_grasp_stat_native_v1/jobs/grasp_mtsbench_native__copod__smd__seed1110/result.json,SMD_machine-3-3,38,18885,600,0.3521847000811249,"{""PRC"": 0.052428626470154865, ""ROC"": 0.6814966730471242, ""Best_F1"": 0.10819762254396792}","{""n_jobs"": 1}"
grasp_mtsbench_statistical_replay,COPOD,smd,1110,grasp_mtsbench_native__copod__smd__seed1110,native_transductive_test_feature_fit_oracle_f1,3afe9b8e5f6a7a41f23aa5e71a67c439ce16ffc2bc84778cc966869abc016893,experiments/runs/fm_grasp_stat_native_v1/jobs/grasp_mtsbench_native__copod__smd__seed1110/result.json,SMD_machine-3-5,38,9117,265,0.1779789999127388,"{""PRC"": 0.1604473286963407, ""ROC"": 0.8552085020760686, ""Best_F1"": 0.24960996018384443}","{""n_jobs"": 1}"
grasp_mtsbench_statistical_replay,COPOD,smd,1110,grasp_mtsbench_native__copod__smd__seed1110,native_transductive_test_feature_fit_oracle_f1,3afe9b8e5f6a7a41f23aa5e71a67c439ce16ffc2bc84778cc966869abc016893,experiments/runs/fm_grasp_stat_native_v1/jobs/grasp_mtsbench_native__copod__smd__seed1110/result.json,SMD_machine-3-6,38,12401,790,0.17142529995180666,"{""PRC"": 0.25540095731221385, ""ROC"": 0.876704652615536, ""Best_F1"": 0.35112662809801515}","{""n_jobs"": 1}"
grasp_mtsbench_statistical_replay,HBOS,smd,1111,grasp_mtsbench_native__hbos__smd__seed1111,native_transductive_test_feature_fit_oracle_f1,19a49c5bf39054eec88bffe1fae6d0b2192a0556b1bd73583f941d06affb8ac1,experiments/runs/fm_grasp_stat_native_v1/jobs/grasp_mtsbench_native__hbos__smd__seed1111/result.json,SMD_machine-1-2,38,4930,167,4.329108200035989,"{""PRC"": 0.15336589141254015, ""ROC"": 0.8508205088877463, ""Best_F1"": 0.2657306855194088}","{""slidingWindow"": 1, ""n_bins"": 10, ""tol"": 0.5, ""n_jobs"": 1}"
grasp_mtsbench_statistical_replay,HBOS,smd,1111,grasp_mtsbench_native__hbos__smd__seed1111,native_transductive_test_feature_fit_oracle_f1,19a49c5bf39054eec88bffe1fae6d0b2192a0556b1bd73583f941d06affb8ac1,experiments/runs/fm_grasp_stat_native_v1/jobs/grasp_mtsbench_native__hbos__smd__seed1111/result.json,SMD_machine-1-3,38,15218,731,0.04241530015133321,"{""PRC"": 0.15547197465948284, ""ROC"": 0.6659861187873801, ""Best_F1"": 0.2517568811662047}","{""slidingWindow"": 1, ""n_bins"": 10, ""tol"": 0.5, ""n_jobs"": 1}"
grasp_mtsbench_statistical_replay,HBOS,smd,1111,grasp_mtsbench_native__hbos__smd__seed1111,native_transductive_test_feature_fit_oracle_f1,19a49c5bf39054eec88bffe1fae6d0b2192a0556b1bd73583f941d06affb8ac1,experiments/runs/fm_grasp_stat_native_v1/jobs/grasp_mtsbench_native__hbos__smd__seed1111/result.json,SMD_machine-1-4,38,10084,409,0.028629899956285954,"{""PRC"": 0.19576202924637667, ""ROC"": 0.6625389966073425, ""Best_F1"": 0.20840573371935517}","{""slidingWindow"": 1, ""n_bins"": 10, ""tol"": 0.5, ""n_jobs"": 1}"
grasp_mtsbench_statistical_replay,HBOS,smd,1111,grasp_mtsbench_native__hbos__smd__seed1111,native_transductive_test_feature_fit_oracle_f1,19a49c5bf39054eec88bffe1fae6d0b2192a0556b1bd73583f941d06affb8ac1,experiments/runs/fm_grasp_stat_native_v1/jobs/grasp_mtsbench_native__hbos__smd__seed1111/result.json,SMD_machine-1-6,38,18584,3282,0.06484270002692938,"{""PRC"": 0.4207571295647137, ""ROC"": 0.8556008777494682, ""Best_F1"": 0.6111911328028324}","{""slidingWindow"": 1, ""n_bins"": 10, ""tol"": 0.5, ""n_jobs"": 1}"
grasp_mtsbench_statistical_replay,HBOS,smd,1111,grasp_mtsbench_native__hbos__smd__seed1111,native_transductive_test_feature_fit_oracle_f1,19a49c5bf39054eec88bffe1fae6d0b2192a0556b1bd73583f941d06affb8ac1,experiments/runs/fm_grasp_stat_native_v1/jobs/grasp_mtsbench_native__hbos__smd__seed1111/result.json,SMD_machine-1-7,38,17131,1068,0.06500209984369576,"{""PRC"": 0.12516026190342233, ""ROC"": 0.6123961282133248, ""Best_F1"": 0.15587239387341034}","{""slidingWindow"": 1, ""n_bins"": 10, ""tol"": 0.5, ""n_jobs"": 1}"
grasp_mtsbench_statistical_replay,HBOS,smd,1111,grasp_mtsbench_native__hbos__smd__seed1111,native_transductive_test_feature_fit_oracle_f1,19a49c5bf39054eec88bffe1fae6d0b2192a0556b1bd73583f941d06affb8ac1,experiments/runs/fm_grasp_stat_native_v1/jobs/grasp_mtsbench_native__hbos__smd__seed1111/result.json,SMD_machine-1-8,38,20367,320,0.060992700047791004,"{""PRC"": 0.08702472088332686, ""ROC"": 0.5597279206365042, ""Best_F1"": 0.19922897208931778}","{""slidingWindow"": 1, ""n_bins"": 10, ""tol"": 0.5, ""n_jobs"": 1}"
grasp_mtsbench_statistical_replay,HBOS,smd,1111,grasp_mtsbench_native__hbos__smd__seed1111,native_transductive_test_feature_fit_oracle_f1,19a49c5bf39054eec88bffe1fae6d0b2192a0556b1bd73583f941d06affb8ac1,experiments/runs/fm_grasp_stat_native_v1/jobs/grasp_mtsbench_native__hbos__smd__seed1111/result.json,SMD_machine-2-1,38,12706,1022,0.03744479990564287,"{""PRC"": 0.20999756863270053, ""ROC"": 0.6858000654548915, ""Best_F1"": 0.2670703617791897}","{""slidingWindow"": 1, ""n_bins"": 10, ""tol"": 0.5, ""n_jobs"": 1}"
grasp_mtsbench_statistical_replay,HBOS,smd,1111,grasp_mtsbench_native__hbos__smd__seed1111,native_transductive_test_feature_fit_oracle_f1,19a49c5bf39054eec88bffe1fae6d0b2192a0556b1bd73583f941d06affb8ac1,experiments/runs/fm_grasp_stat_native_v1/jobs/grasp_mtsbench_native__hbos__smd__seed1111/result.json,SMD_machine-2-2,38,5459,1088,0.027768800035119057,"{""PRC"": 0.27183847504531305, ""ROC"": 0.5858262638445907, ""Best_F1"": 0.3594971949298942}","{""slidingWindow"": 1, ""n_bins"": 10, ""tol"": 0.5, ""n_jobs"": 1}"
grasp_mtsbench_statistical_replay,HBOS,smd,1111,grasp_mtsbench_native__hbos__smd__seed1111,native_transductive_test_feature_fit_oracle_f1,19a49c5bf39054eec88bffe1fae6d0b2192a0556b1bd73583f941d06affb8ac1,experiments/runs/fm_grasp_stat_native_v1/jobs/grasp_mtsbench_native__hbos__smd__seed1111/result.json,SMD_machine-2-3,38,14213,165,0.05376239982433617,"{""PRC"": 0.5427810481166818, ""ROC"": 0.8996330762062539, ""Best_F1"": 0.6006551057495528}","{""slidingWindow"": 1, ""n_bins"": 10, ""tol"": 0.5, ""n_jobs"": 1}"
grasp_mtsbench_statistical_replay,HBOS,smd,1111,grasp_mtsbench_native__hbos__smd__seed1111,native_transductive_test_feature_fit_oracle_f1,19a49c5bf39054eec88bffe1fae6d0b2192a0556b1bd73583f941d06affb8ac1,experiments/runs/fm_grasp_stat_native_v1/jobs/grasp_mtsbench_native__hbos__smd__seed1111/result.json,SMD_machine-2-4,38,18912,1679,0.049575400073081255,"{""PRC"": 0.473899102672081, ""ROC"": 0.898548109509274, ""Best_F1"": 0.5130866395539044}","{""slidingWindow"": 1, ""n_bins"": 10, ""tol"": 0.5, ""n_jobs"": 1}"
grasp_mtsbench_statistical_replay,HBOS,smd,1111,grasp_mtsbench_native__hbos__smd__seed1111,native_transductive_test_feature_fit_oracle_f1,19a49c5bf39054eec88bffe1fae6d0b2192a0556b1bd73583f941d06affb8ac1,experiments/runs/fm_grasp_stat_native_v1/jobs/grasp_mtsbench_native__hbos__smd__seed1111/result.json,SMD_machine-2-5,38,17468,678,0.05834750016219914,"{""PRC"": 0.24042988705426113, ""ROC"": 0.7019096298014165, ""Best_F1"": 0.309105271412092}","{""slidingWindow"": 1, ""n_bins"": 10, ""tol"": 0.5, ""n_jobs"": 1}"
grasp_mtsbench_statistical_replay,HBOS,smd,1111,grasp_mtsbench_native__hbos__smd__seed1111,native_transductive_test_feature_fit_oracle_f1,19a49c5bf39054eec88bffe1fae6d0b2192a0556b1bd73583f941d06affb8ac1,experiments/runs/fm_grasp_stat_native_v1/jobs/grasp_mtsbench_native__hbos__smd__seed1111/result.json,SMD_machine-2-7,38,18188,405,0.04790530004538596,"{""PRC"": 0.6936877183690572, ""ROC"": 0.9071018027343356, ""Best_F1"": 0.7891842339609892}","{""slidingWindow"": 1, ""n_bins"": 10, ""tol"": 0.5, ""n_jobs"": 1}"
grasp_mtsbench_statistical_replay,HBOS,smd,1111,grasp_mtsbench_native__hbos__smd__seed1111,native_transductive_test_feature_fit_oracle_f1,19a49c5bf39054eec88bffe1fae6d0b2192a0556b1bd73583f941d06affb8ac1,experiments/runs/fm_grasp_stat_native_v1/jobs/grasp_mtsbench_native__hbos__smd__seed1111/result.json,SMD_machine-2-9,38,11123,763,0.027985099935904145,"{""PRC"": 0.10937865893507712, ""ROC"": 0.6985665453883015, ""Best_F1"": 0.2289920009224824}","{""slidingWindow"": 1, ""n_bins"": 10, ""tol"": 0.5, ""n_jobs"": 1}"
grasp_mtsbench_statistical_replay,HBOS,smd,1111,grasp_mtsbench_native__hbos__smd__seed1111,native_transductive_test_feature_fit_oracle_f1,19a49c5bf39054eec88bffe1fae6d0b2192a0556b1bd73583f941d06affb8ac1,experiments/runs/fm_grasp_stat_native_v1/jobs/grasp_mtsbench_native__hbos__smd__seed1111/result.json,SMD_machine-3-10,38,18651,892,0.0466560001950711,"{""PRC"": 0.1791768262878154, ""ROC"": 0.8716274600360533, ""Best_F1"": 0.36510243468042686}","{""slidingWindow"": 1, ""n_bins"": 10, ""tol"": 0.5, ""n_jobs"": 1}"
grasp_mtsbench_statistical_replay,HBOS,smd,1111,grasp_mtsbench_native__hbos__smd__seed1111,native_transductive_test_feature_fit_oracle_f1,19a49c5bf39054eec88bffe1fae6d0b2192a0556b1bd73583f941d06affb8ac1,experiments/runs/fm_grasp_stat_native_v1/jobs/grasp_mtsbench_native__hbos__smd__seed1111/result.json,SMD_machine-3-2,38,13152,236,0.03361620008945465,"{""PRC"": 0.023787552027124077, ""ROC"": 0.356506645285574, ""Best_F1"": 0.05754904423466521}","{""slidingWindow"": 1, ""n_bins"": 10, ""tol"": 0.5, ""n_jobs"": 1}"
grasp_mtsbench_statistical_replay,HBOS,smd,1111,grasp_mtsbench_native__hbos__smd__seed1111,native_transductive_test_feature_fit_oracle_f1,19a49c5bf39054eec88bffe1fae6d0b2192a0556b1bd73583f941d06affb8ac1,experiments/runs/fm_grasp_stat_native_v1/jobs/grasp_mtsbench_native__hbos__smd__seed1111/result.json,SMD_machine-3-3,38,18885,600,0.07680150005035102,"{""PRC"": 0.08714375495114303, ""ROC"": 0.7441201804757998, ""Best_F1"": 0.17231657373586726}","{""slidingWindow"": 1, ""n_bins"": 10, ""tol"": 0.5, ""n_jobs"": 1}"
grasp_mtsbench_statistical_replay,HBOS,smd,1111,grasp_mtsbench_native__hbos__smd__seed1111,native_transductive_test_feature_fit_oracle_f1,19a49c5bf39054eec88bffe1fae6d0b2192a0556b1bd73583f941d06affb8ac1,experiments/runs/fm_grasp_stat_native_v1/jobs/grasp_mtsbench_native__hbos__smd__seed1111/result.json,SMD_machine-3-5,38,9117,265,0.03852579998783767,"{""PRC"": 0.3817418931917098, ""ROC"": 0.8809091219125408, ""Best_F1"": 0.39246902030524716}","{""slidingWindow"": 1, ""n_bins"": 10, ""tol"": 0.5, ""n_jobs"": 1}"
grasp_mtsbench_statistical_replay,HBOS,smd,1111,grasp_mtsbench_native__hbos__smd__seed1111,native_transductive_test_feature_fit_oracle_f1,19a49c5bf39054eec88bffe1fae6d0b2192a0556b1bd73583f941d06affb8ac1,experiments/runs/fm_grasp_stat_native_v1/jobs/grasp_mtsbench_native__hbos__smd__seed1111/result.json,SMD_machine-3-6,38,12401,790,0.04731930000707507,"{""PRC"": 0.43359526111657326, ""ROC"": 0.9170238501464674, ""Best_F1"": 0.4450875924272189}","{""slidingWindow"": 1, ""n_bins"": 10, ""tol"": 0.5, ""n_jobs"": 1}"
grasp_mtsbench_statistical_replay,COPOD,smd,1111,grasp_mtsbench_native__copod__smd__seed1111,native_transductive_test_feature_fit_oracle_f1,531b83f629986500bf92a542205c11a8844bc56098f64dc55e326241fa49a192,experiments/runs/fm_grasp_stat_native_v1/jobs/grasp_mtsbench_native__copod__smd__seed1111/result.json,SMD_machine-1-2,38,4930,167,0.7734974999912083,"{""PRC"": 0.11468596902879649, ""ROC"": 0.7983633824100698, ""Best_F1"": 0.17289493336925885}","{""n_jobs"": 1}"
grasp_mtsbench_statistical_replay,COPOD,smd,1111,grasp_mtsbench_native__copod__smd__seed1111,native_transductive_test_feature_fit_oracle_f1,531b83f629986500bf92a542205c11a8844bc56098f64dc55e326241fa49a192,experiments/runs/fm_grasp_stat_native_v1/jobs/grasp_mtsbench_native__copod__smd__seed1111/result.json,SMD_machine-1-3,38,15218,731,0.21546570002101362,"{""PRC"": 0.12850407887398468, ""ROC"": 0.603568537365969, ""Best_F1"": 0.16168848422576337}","{""n_jobs"": 1}"
grasp_mtsbench_statistical_replay,COPOD,smd,1111,grasp_mtsbench_native__copod__smd__seed1111,native_transductive_test_feature_fit_oracle_f1,531b83f629986500bf92a542205c11a8844bc56098f64dc55e326241fa49a192,experiments/runs/fm_grasp_stat_native_v1/jobs/grasp_mtsbench_native__copod__smd__seed1111/result.json,SMD_machine-1-4,38,10084,409,0.13004299998283386,"{""PRC"": 0.19672103109421177, ""ROC"": 0.5992090117068795, ""Best_F1"": 0.24185582490724644}","{""n_jobs"": 1}"
grasp_mtsbench_statistical_replay,COPOD,smd,1111,grasp_mtsbench_native__copod__smd__seed1111,native_transductive_test_feature_fit_oracle_f1,531b83f629986500bf92a542205c11a8844bc56098f64dc55e326241fa49a192,experiments/runs/fm_grasp_stat_native_v1/jobs/grasp_mtsbench_native__copod__smd__seed1111/result.json,SMD_machine-1-6,38,18584,3282,0.3558231999631971,"{""PRC"": 0.3605243591431486, ""ROC"": 0.8148121178553329, ""Best_F1"": 0.534284177130671}","{""n_jobs"": 1}"
grasp_mtsbench_statistical_replay,COPOD,smd,1111,grasp_mtsbench_native__copod__smd__seed1111,native_transductive_test_feature_fit_oracle_f1,531b83f629986500bf92a542205c11a8844bc56098f64dc55e326241fa49a192,experiments/runs/fm_grasp_stat_native_v1/jobs/grasp_mtsbench_native__copod__smd__seed1111/result.json,SMD_machine-1-7,38,17131,1068,0.2356871000956744,"{""PRC"": 0.07277688395258579, ""ROC"": 0.5416138258043411, ""Best_F1"": 0.13011800843933236}","{""n_jobs"": 1}"
grasp_mtsbench_statistical_replay,COPOD,smd,1111,grasp_mtsbench_native__copod__smd__seed1111,native_transductive_test_feature_fit_oracle_f1,531b83f629986500bf92a542205c11a8844bc56098f64dc55e326241fa49a192,experiments/runs/fm_grasp_stat_native_v1/jobs/grasp_mtsbench_native__copod__smd__seed1111/result.json,SMD_machine-1-8,38,20367,320,0.27021340001374483,"{""PRC"": 0.03808862412906948, ""ROC"": 0.7264512769990522, ""Best_F1"": 0.1211354304731251}","{""n_jobs"": 1}"
grasp_mtsbench_statistical_replay,COPOD,smd,1111,grasp_mtsbench_native__copod__smd__seed1111,native_transductive_test_feature_fit_oracle_f1,531b83f629986500bf92a542205c11a8844bc56098f64dc55e326241fa49a192,experiments/runs/fm_grasp_stat_native_v1/jobs/grasp_mtsbench_native__copod__smd__seed1111/result.json,SMD_machine-2-1,38,12706,1022,0.2460580999031663,"{""PRC"": 0.1292453423317479, ""ROC"": 0.6277384531072984, ""Best_F1"": 0.214519221202857}","{""n_jobs"": 1}"
grasp_mtsbench_statistical_replay,COPOD,smd,1111,grasp_mtsbench_native__copod__smd__seed1111,native_transductive_test_feature_fit_oracle_f1,531b83f629986500bf92a542205c11a8844bc56098f64dc55e326241fa49a192,experiments/runs/fm_grasp_stat_native_v1/jobs/grasp_mtsbench_native__copod__smd__seed1111/result.json,SMD_machine-2-2,38,5459,1088,0.07605569995939732,"{""PRC"": 0.23347791333658421, ""ROC"": 0.5200927402532736, ""Best_F1"": 0.3349801889255508}","{""n_jobs"": 1}"
grasp_mtsbench_statistical_replay,COPOD,smd,1111,grasp_mtsbench_native__copod__smd__seed1111,native_transductive_test_feature_fit_oracle_f1,531b83f629986500bf92a542205c11a8844bc56098f64dc55e326241fa49a192,experiments/runs/fm_grasp_stat_native_v1/jobs/grasp_mtsbench_native__copod__smd__seed1111/result.json,SMD_machine-2-3,38,14213,165,0.18432770017534494,"{""PRC"": 0.48122573728582857, ""ROC"": 0.8954053634292815, ""Best_F1"": 0.5147879022578148}","{""n_jobs"": 1}"
grasp_mtsbench_statistical_replay,COPOD,smd,1111,grasp_mtsbench_native__copod__smd__seed1111,native_transductive_test_feature_fit_oracle_f1,531b83f629986500bf92a542205c11a8844bc56098f64dc55e326241fa49a192,experiments/runs/fm_grasp_stat_native_v1/jobs/grasp_mtsbench_native__copod__smd__seed1111/result.json,SMD_machine-2-4,38,18912,1679,0.39083480020053685,"{""PRC"": 0.3927319060627016, ""ROC"": 0.8902674609330057, ""Best_F1"": 0.49776969419313155}","{""n_jobs"": 1}"
grasp_mtsbench_statistical_replay,COPOD,smd,1111,grasp_mtsbench_native__copod__smd__seed1111,native_transductive_test_feature_fit_oracle_f1,531b83f629986500bf92a542205c11a8844bc56098f64dc55e326241fa49a192,experiments/runs/fm_grasp_stat_native_v1/jobs/grasp_mtsbench_native__copod__smd__seed1111/result.json,SMD_machine-2-5,38,17468,678,0.2800668999552727,"{""PRC"": 0.23825983009629115, ""ROC"": 0.6957295658147409, ""Best_F1"": 0.3016939306282695}","{""n_jobs"": 1}"
grasp_mtsbench_statistical_replay,COPOD,smd,1111,grasp_mtsbench_native__copod__smd__seed1111,native_transductive_test_feature_fit_oracle_f1,531b83f629986500bf92a542205c11a8844bc56098f64dc55e326241fa49a192,experiments/runs/fm_grasp_stat_native_v1/jobs/grasp_mtsbench_native__copod__smd__seed1111/result.json,SMD_machine-2-7,38,18188,405,0.25669780001044273,"{""PRC"": 0.7191342297689738, ""ROC"": 0.9039140585786258, ""Best_F1"": 0.7506799915881467}","{""n_jobs"": 1}"
grasp_mtsbench_statistical_replay,COPOD,smd,1111,grasp_mtsbench_native__copod__smd__seed1111,native_transductive_test_feature_fit_oracle_f1,531b83f629986500bf92a542205c11a8844bc56098f64dc55e326241fa49a192,experiments/runs/fm_grasp_stat_native_v1/jobs/grasp_mtsbench_native__copod__smd__seed1111/result.json,SMD_machine-2-9,38,11123,763,0.1827994000632316,"{""PRC"": 0.15649069359562914, ""ROC"": 0.7514068880713702, ""Best_F1"": 0.3188367004369397}","{""n_jobs"": 1}"
grasp_mtsbench_statistical_replay,COPOD,smd,1111,grasp_mtsbench_native__copod__smd__seed1111,native_transductive_test_feature_fit_oracle_f1,531b83f629986500bf92a542205c11a8844bc56098f64dc55e326241fa49a192,experiments/runs/fm_grasp_stat_native_v1/jobs/grasp_mtsbench_native__copod__smd__seed1111/result.json,SMD_machine-3-10,38,18651,892,0.25315800006501377,"{""PRC"": 0.10445762270321424, ""ROC"": 0.7831520151343715, ""Best_F1"": 0.2698023810615868}","{""n_jobs"": 1}"
grasp_mtsbench_statistical_replay,COPOD,smd,1111,grasp_mtsbench_native__copod__smd__seed1111,native_transductive_test_feature_fit_oracle_f1,531b83f629986500bf92a542205c11a8844bc56098f64dc55e326241fa49a192,experiments/runs/fm_grasp_stat_native_v1/jobs/grasp_mtsbench_native__copod__smd__seed1111/result.json,SMD_machine-3-2,38,13152,236,0.29066279996186495,"{""PRC"": 0.014702256112018834, ""ROC"": 0.38294967219740594, ""Best_F1"": 0.03763842672470165}","{""n_jobs"": 1}"
grasp_mtsbench_statistical_replay,COPOD,smd,1111,grasp_mtsbench_native__copod__smd__seed1111,native_transductive_test_feature_fit_oracle_f1,531b83f629986500bf92a542205c11a8844bc56098f64dc55e326241fa49a192,experiments/runs/fm_grasp_stat_native_v1/jobs/grasp_mtsbench_native__copod__smd__seed1111/result.json,SMD_machine-3-3,38,18885,600,0.3855886000674218,"{""PRC"": 0.052428626470154865, ""ROC"": 0.6814966730471242, ""Best_F1"": 0.10819762254396792}","{""n_jobs"": 1}"
grasp_mtsbench_statistical_replay,COPOD,smd,1111,grasp_mtsbench_native__copod__smd__seed1111,native_transductive_test_feature_fit_oracle_f1,531b83f629986500bf92a542205c11a8844bc56098f64dc55e326241fa49a192,experiments/runs/fm_grasp_stat_native_v1/jobs/grasp_mtsbench_native__copod__smd__seed1111/result.json,SMD_machine-3-5,38,9117,265,0.14190619997680187,"{""PRC"": 0.1604473286963407, ""ROC"": 0.8552085020760686, ""Best_F1"": 0.24960996018384443}","{""n_jobs"": 1}"
grasp_mtsbench_statistical_replay,COPOD,smd,1111,grasp_mtsbench_native__copod__smd__seed1111,native_transductive_test_feature_fit_oracle_f1,531b83f629986500bf92a542205c11a8844bc56098f64dc55e326241fa49a192,experiments/runs/fm_grasp_stat_native_v1/jobs/grasp_mtsbench_native__copod__smd__seed1111/result.json,SMD_machine-3-6,38,12401,790,0.17373999999836087,"{""PRC"": 0.25540095731221385, ""ROC"": 0.876704652615536, ""Best_F1"": 0.35112662809801515}","{""n_jobs"": 1}"
grasp_mtsbench_statistical_replay,HBOS,smd,1112,grasp_mtsbench_native__hbos__smd__seed1112,native_transductive_test_feature_fit_oracle_f1,1507850e4fd45f142dae473d40e3273261e3e634f9006f86506d964176c4b169,experiments/runs/fm_grasp_stat_native_v1/jobs/grasp_mtsbench_native__hbos__smd__seed1112/result.json,SMD_machine-1-2,38,4930,167,4.379067000001669,"{""PRC"": 0.15336589141254015, ""ROC"": 0.8508205088877463, ""Best_F1"": 0.2657306855194088}","{""slidingWindow"": 1, ""n_bins"": 10, ""tol"": 0.5, ""n_jobs"": 1}"
grasp_mtsbench_statistical_replay,HBOS,smd,1112,grasp_mtsbench_native__hbos__smd__seed1112,native_transductive_test_feature_fit_oracle_f1,1507850e4fd45f142dae473d40e3273261e3e634f9006f86506d964176c4b169,experiments/runs/fm_grasp_stat_native_v1/jobs/grasp_mtsbench_native__hbos__smd__seed1112/result.json,SMD_machine-1-3,38,15218,731,0.0398760000243783,"{""PRC"": 0.15547197465948284, ""ROC"": 0.6659861187873801, ""Best_F1"": 0.2517568811662047}","{""slidingWindow"": 1, ""n_bins"": 10, ""tol"": 0.5, ""n_jobs"": 1}"
grasp_mtsbench_statistical_replay,HBOS,smd,1112,grasp_mtsbench_native__hbos__smd__seed1112,native_transductive_test_feature_fit_oracle_f1,1507850e4fd45f142dae473d40e3273261e3e634f9006f86506d964176c4b169,experiments/runs/fm_grasp_stat_native_v1/jobs/grasp_mtsbench_native__hbos__smd__seed1112/result.json,SMD_machine-1-4,38,10084,409,0.03422189992852509,"{""PRC"": 0.19576202924637667, ""ROC"": 0.6625389966073425, ""Best_F1"": 0.20840573371935517}","{""slidingWindow"": 1, ""n_bins"": 10, ""tol"": 0.5, ""n_jobs"": 1}"
grasp_mtsbench_statistical_replay,HBOS,smd,1112,grasp_mtsbench_native__hbos__smd__seed1112,native_transductive_test_feature_fit_oracle_f1,1507850e4fd45f142dae473d40e3273261e3e634f9006f86506d964176c4b169,experiments/runs/fm_grasp_stat_native_v1/jobs/grasp_mtsbench_native__hbos__smd__seed1112/result.json,SMD_machine-1-6,38,18584,3282,0.0611177000682801,"{""PRC"": 0.4207571295647137, ""ROC"": 0.8556008777494682, ""Best_F1"": 0.6111911328028324}","{""slidingWindow"": 1, ""n_bins"": 10, ""tol"": 0.5, ""n_jobs"": 1}"
grasp_mtsbench_statistical_replay,HBOS,smd,1112,grasp_mtsbench_native__hbos__smd__seed1112,native_transductive_test_feature_fit_oracle_f1,1507850e4fd45f142dae473d40e3273261e3e634f9006f86506d964176c4b169,experiments/runs/fm_grasp_stat_native_v1/jobs/grasp_mtsbench_native__hbos__smd__seed1112/result.json,SMD_machine-1-7,38,17131,1068,0.05411800020374358,"{""PRC"": 0.12516026190342233, ""ROC"": 0.6123961282133248, ""Best_F1"": 0.15587239387341034}","{""slidingWindow"": 1, ""n_bins"": 10, ""tol"": 0.5, ""n_jobs"": 1}"
grasp_mtsbench_statistical_replay,HBOS,smd,1112,grasp_mtsbench_native__hbos__smd__seed1112,native_transductive_test_feature_fit_oracle_f1,1507850e4fd45f142dae473d40e3273261e3e634f9006f86506d964176c4b169,experiments/runs/fm_grasp_stat_native_v1/jobs/grasp_mtsbench_native__hbos__smd__seed1112/result.json,SMD_machine-1-8,38,20367,320,0.06618750002235174,"{""PRC"": 0.08702472088332686, ""ROC"": 0.5597279206365042, ""Best_F1"": 0.19922897208931778}","{""slidingWindow"": 1, ""n_bins"": 10, ""tol"": 0.5, ""n_jobs"": 1}"
grasp_mtsbench_statistical_replay,HBOS,smd,1112,grasp_mtsbench_native__hbos__smd__seed1112,native_transductive_test_feature_fit_oracle_f1,1507850e4fd45f142dae473d40e3273261e3e634f9006f86506d964176c4b169,experiments/runs/fm_grasp_stat_native_v1/jobs/grasp_mtsbench_native__hbos__smd__seed1112/result.json,SMD_machine-2-1,38,12706,1022,0.03686740016564727,"{""PRC"": 0.20999756863270053, ""ROC"": 0.6858000654548915, ""Best_F1"": 0.2670703617791897}","{""slidingWindow"": 1, ""n_bins"": 10, ""tol"": 0.5, ""n_jobs"": 1}"
grasp_mtsbench_statistical_replay,HBOS,smd,1112,grasp_mtsbench_native__hbos__smd__seed1112,native_transductive_test_feature_fit_oracle_f1,1507850e4fd45f142dae473d40e3273261e3e634f9006f86506d964176c4b169,experiments/runs/fm_grasp_stat_native_v1/jobs/grasp_mtsbench_native__hbos__smd__seed1112/result.json,SMD_machine-2-2,38,5459,1088,0.017876100027933717,"{""PRC"": 0.27183847504531305, ""ROC"": 0.5858262638445907, ""Best_F1"": 0.3594971949298942}","{""slidingWindow"": 1, ""n_bins"": 10, ""tol"": 0.5, ""n_jobs"": 1}"
grasp_mtsbench_statistical_replay,HBOS,smd,1112,grasp_mtsbench_native__hbos__smd__seed1112,native_transductive_test_feature_fit_oracle_f1,1507850e4fd45f142dae473d40e3273261e3e634f9006f86506d964176c4b169,experiments/runs/fm_grasp_stat_native_v1/jobs/grasp_mtsbench_native__hbos__smd__seed1112/result.json,SMD_machine-2-3,38,14213,165,0.045242900028824806,"{""PRC"": 0.5427810481166818, ""ROC"": 0.8996330762062539, ""Best_F1"": 0.6006551057495528}","{""slidingWindow"": 1, ""n_bins"": 10, ""tol"": 0.5, ""n_jobs"": 1}"
grasp_mtsbench_statistical_replay,HBOS,smd,1112,grasp_mtsbench_native__hbos__smd__seed1112,native_transductive_test_feature_fit_oracle_f1,1507850e4fd45f142dae473d40e3273261e3e634f9006f86506d964176c4b169,experiments/runs/fm_grasp_stat_native_v1/jobs/grasp_mtsbench_native__hbos__smd__seed1112/result.json,SMD_machine-2-4,38,18912,1679,0.0675341000314802,"{""PRC"": 0.473899102672081, ""ROC"": 0.898548109509274, ""Best_F1"": 0.5130866395539044}","{""slidingWindow"": 1, ""n_bins"": 10, ""tol"": 0.5, ""n_jobs"": 1}"
grasp_mtsbench_statistical_replay,HBOS,smd,1112,grasp_mtsbench_native__hbos__smd__seed1112,native_transductive_test_feature_fit_oracle_f1,1507850e4fd45f142dae473d40e3273261e3e634f9006f86506d964176c4b169,experiments/runs/fm_grasp_stat_native_v1/jobs/grasp_mtsbench_native__hbos__smd__seed1112/result.json,SMD_machine-2-5,38,17468,678,0.08046229998581111,"{""PRC"": 0.24042988705426113, ""ROC"": 0.7019096298014165, ""Best_F1"": 0.309105271412092}","{""slidingWindow"": 1, ""n_bins"": 10, ""tol"": 0.5, ""n_jobs"": 1}"
grasp_mtsbench_statistical_replay,HBOS,smd,1112,grasp_mtsbench_native__hbos__smd__seed1112,native_transductive_test_feature_fit_oracle_f1,1507850e4fd45f142dae473d40e3273261e3e634f9006f86506d964176c4b169,experiments/runs/fm_grasp_stat_native_v1/jobs/grasp_mtsbench_native__hbos__smd__seed1112/result.json,SMD_machine-2-7,38,18188,405,0.08581970003433526,"{""PRC"": 0.6936877183690572, ""ROC"": 0.9071018027343356, ""Best_F1"": 0.7891842339609892}","{""slidingWindow"": 1, ""n_bins"": 10, ""tol"": 0.5, ""n_jobs"": 1}"
grasp_mtsbench_statistical_replay,HBOS,smd,1112,grasp_mtsbench_native__hbos__smd__seed1112,native_transductive_test_feature_fit_oracle_f1,1507850e4fd45f142dae473d40e3273261e3e634f9006f86506d964176c4b169,experiments/runs/fm_grasp_stat_native_v1/jobs/grasp_mtsbench_native__hbos__smd__seed1112/result.json,SMD_machine-2-9,38,11123,763,0.04228030005469918,"{""PRC"": 0.10937865893507712, ""ROC"": 0.6985665453883015, ""Best_F1"": 0.2289920009224824}","{""slidingWindow"": 1, ""n_bins"": 10, ""tol"": 0.5, ""n_jobs"": 1}"
grasp_mtsbench_statistical_replay,HBOS,smd,1112,grasp_mtsbench_native__hbos__smd__seed1112,native_transductive_test_feature_fit_oracle_f1,1507850e4fd45f142dae473d40e3273261e3e634f9006f86506d964176c4b169,experiments/runs/fm_grasp_stat_native_v1/jobs/grasp_mtsbench_native__hbos__smd__seed1112/result.json,SMD_machine-3-10,38,18651,892,0.09188010008074343,"{""PRC"": 0.1791768262878154, ""ROC"": 0.8716274600360533, ""Best_F1"": 0.36510243468042686}","{""slidingWindow"": 1, ""n_bins"": 10, ""tol"": 0.5, ""n_jobs"": 1}"
grasp_mtsbench_statistical_replay,HBOS,smd,1112,grasp_mtsbench_native__hbos__smd__seed1112,native_transductive_test_feature_fit_oracle_f1,1507850e4fd45f142dae473d40e3273261e3e634f9006f86506d964176c4b169,experiments/runs/fm_grasp_stat_native_v1/jobs/grasp_mtsbench_native__hbos__smd__seed1112/result.json,SMD_machine-3-2,38,13152,236,0.07120310002937913,"{""PRC"": 0.023787552027124077, ""ROC"": 0.356506645285574, ""Best_F1"": 0.05754904423466521}","{""slidingWindow"": 1, ""n_bins"": 10, ""tol"": 0.5, ""n_jobs"": 1}"
grasp_mtsbench_statistical_replay,HBOS,smd,1112,grasp_mtsbench_native__hbos__smd__seed1112,native_transductive_test_feature_fit_oracle_f1,1507850e4fd45f142dae473d40e3273261e3e634f9006f86506d964176c4b169,experiments/runs/fm_grasp_stat_native_v1/jobs/grasp_mtsbench_native__hbos__smd__seed1112/result.json,SMD_machine-3-3,38,18885,600,0.09044459997676313,"{""PRC"": 0.08714375495114303, ""ROC"": 0.7441201804757998, ""Best_F1"": 0.17231657373586726}","{""slidingWindow"": 1, ""n_bins"": 10, ""tol"": 0.5, ""n_jobs"": 1}"
grasp_mtsbench_statistical_replay,HBOS,smd,1112,grasp_mtsbench_native__hbos__smd__seed1112,native_transductive_test_feature_fit_oracle_f1,1507850e4fd45f142dae473d40e3273261e3e634f9006f86506d964176c4b169,experiments/runs/fm_grasp_stat_native_v1/jobs/grasp_mtsbench_native__hbos__smd__seed1112/result.json,SMD_machine-3-5,38,9117,265,0.031764799961820245,"{""PRC"": 0.3817418931917098, ""ROC"": 0.8809091219125408, ""Best_F1"": 0.39246902030524716}","{""slidingWindow"": 1, ""n_bins"": 10, ""tol"": 0.5, ""n_jobs"": 1}"
grasp_mtsbench_statistical_replay,HBOS,smd,1112,grasp_mtsbench_native__hbos__smd__seed1112,native_transductive_test_feature_fit_oracle_f1,1507850e4fd45f142dae473d40e3273261e3e634f9006f86506d964176c4b169,experiments/runs/fm_grasp_stat_native_v1/jobs/grasp_mtsbench_native__hbos__smd__seed1112/result.json,SMD_machine-3-6,38,12401,790,0.05011510010808706,"{""PRC"": 0.43359526111657326, ""ROC"": 0.9170238501464674, ""Best_F1"": 0.4450875924272189}","{""slidingWindow"": 1, ""n_bins"": 10, ""tol"": 0.5, ""n_jobs"": 1}"
grasp_mtsbench_statistical_replay,COPOD,smd,1112,grasp_mtsbench_native__copod__smd__seed1112,native_transductive_test_feature_fit_oracle_f1,42ad80accc670516a62be604acf45fc00719964b5cbe0487ee1aa96db899d44c,experiments/runs/fm_grasp_stat_native_v1/jobs/grasp_mtsbench_native__copod__smd__seed1112/result.json,SMD_machine-1-2,38,4930,167,0.8290807998273522,"{""PRC"": 0.11468596902879649, ""ROC"": 0.7983633824100698, ""Best_F1"": 0.17289493336925885}","{""n_jobs"": 1}"
grasp_mtsbench_statistical_replay,COPOD,smd,1112,grasp_mtsbench_native__copod__smd__seed1112,native_transductive_test_feature_fit_oracle_f1,42ad80accc670516a62be604acf45fc00719964b5cbe0487ee1aa96db899d44c,experiments/runs/fm_grasp_stat_native_v1/jobs/grasp_mtsbench_native__copod__smd__seed1112/result.json,SMD_machine-1-3,38,15218,731,0.21028709993697703,"{""PRC"": 0.12850407887398468, ""ROC"": 0.603568537365969, ""Best_F1"": 0.16168848422576337}","{""n_jobs"": 1}"
grasp_mtsbench_statistical_replay,COPOD,smd,1112,grasp_mtsbench_native__copod__smd__seed1112,native_transductive_test_feature_fit_oracle_f1,42ad80accc670516a62be604acf45fc00719964b5cbe0487ee1aa96db899d44c,experiments/runs/fm_grasp_stat_native_v1/jobs/grasp_mtsbench_native__copod__smd__seed1112/result.json,SMD_machine-1-4,38,10084,409,0.19499779981561005,"{""PRC"": 0.19672103109421177, ""ROC"": 0.5992090117068795, ""Best_F1"": 0.24185582490724644}","{""n_jobs"": 1}"
grasp_mtsbench_statistical_replay,COPOD,smd,1112,grasp_mtsbench_native__copod__smd__seed1112,native_transductive_test_feature_fit_oracle_f1,42ad80accc670516a62be604acf45fc00719964b5cbe0487ee1aa96db899d44c,experiments/runs/fm_grasp_stat_native_v1/jobs/grasp_mtsbench_native__copod__smd__seed1112/result.json,SMD_machine-1-6,38,18584,3282,0.32562869996763766,"{""PRC"": 0.3605243591431486, ""ROC"": 0.8148121178553329, ""Best_F1"": 0.534284177130671}","{""n_jobs"": 1}"
grasp_mtsbench_statistical_replay,COPOD,smd,1112,grasp_mtsbench_native__copod__smd__seed1112,native_transductive_test_feature_fit_oracle_f1,42ad80accc670516a62be604acf45fc00719964b5cbe0487ee1aa96db899d44c,experiments/runs/fm_grasp_stat_native_v1/jobs/grasp_mtsbench_native__copod__smd__seed1112/result.json,SMD_machine-1-7,38,17131,1068,0.26735229999758303,"{""PRC"": 0.07277688395258579, ""ROC"": 0.5416138258043411, ""Best_F1"": 0.13011800843933236}","{""n_jobs"": 1}"
grasp_mtsbench_statistical_replay,COPOD,smd,1112,grasp_mtsbench_native__copod__smd__seed1112,native_transductive_test_feature_fit_oracle_f1,42ad80accc670516a62be604acf45fc00719964b5cbe0487ee1aa96db899d44c,experiments/runs/fm_grasp_stat_native_v1/jobs/grasp_mtsbench_native__copod__smd__seed1112/result.json,SMD_machine-1-8,38,20367,320,0.46932070003822446,"{""PRC"": 0.03808862412906948, ""ROC"": 0.7264512769990522, ""Best_F1"": 0.1211354304731251}","{""n_jobs"": 1}"
grasp_mtsbench_statistical_replay,COPOD,smd,1112,grasp_mtsbench_native__copod__smd__seed1112,native_transductive_test_feature_fit_oracle_f1,42ad80accc670516a62be604acf45fc00719964b5cbe0487ee1aa96db899d44c,experiments/runs/fm_grasp_stat_native_v1/jobs/grasp_mtsbench_native__copod__smd__seed1112/result.json,SMD_machine-2-1,38,12706,1022,0.21816410007886589,"{""PRC"": 0.1292453423317479, ""ROC"": 0.6277384531072984, ""Best_F1"": 0.214519221202857}","{""n_jobs"": 1}"
grasp_mtsbench_statistical_replay,COPOD,smd,1112,grasp_mtsbench_native__copod__smd__seed1112,native_transductive_test_feature_fit_oracle_f1,42ad80accc670516a62be604acf45fc00719964b5cbe0487ee1aa96db899d44c,experiments/runs/fm_grasp_stat_native_v1/jobs/grasp_mtsbench_native__copod__smd__seed1112/result.json,SMD_machine-2-2,38,5459,1088,0.11120939999818802,"{""PRC"": 0.23347791333658421, ""ROC"": 0.5200927402532736, ""Best_F1"": 0.3349801889255508}","{""n_jobs"": 1}"
grasp_mtsbench_statistical_replay,COPOD,smd,1112,grasp_mtsbench_native__copod__smd__seed1112,native_transductive_test_feature_fit_oracle_f1,42ad80accc670516a62be604acf45fc00719964b5cbe0487ee1aa96db899d44c,experiments/runs/fm_grasp_stat_native_v1/jobs/grasp_mtsbench_native__copod__smd__seed1112/result.json,SMD_machine-2-3,38,14213,165,0.2895981001202017,"{""PRC"": 0.48122573728582857, ""ROC"": 0.8954053634292815, ""Best_F1"": 0.5147879022578148}","{""n_jobs"": 1}"
grasp_mtsbench_statistical_replay,COPOD,smd,1112,grasp_mtsbench_native__copod__smd__seed1112,native_transductive_test_feature_fit_oracle_f1,42ad80accc670516a62be604acf45fc00719964b5cbe0487ee1aa96db899d44c,experiments/runs/fm_grasp_stat_native_v1/jobs/grasp_mtsbench_native__copod__smd__seed1112/result.json,SMD_machine-2-4,38,18912,1679,0.3404471999965608,"{""PRC"": 0.3927319060627016, ""ROC"": 0.8902674609330057, ""Best_F1"": 0.49776969419313155}","{""n_jobs"": 1}"
grasp_mtsbench_statistical_replay,COPOD,smd,1112,grasp_mtsbench_native__copod__smd__seed1112,native_transductive_test_feature_fit_oracle_f1,42ad80accc670516a62be604acf45fc00719964b5cbe0487ee1aa96db899d44c,experiments/runs/fm_grasp_stat_native_v1/jobs/grasp_mtsbench_native__copod__smd__seed1112/result.json,SMD_machine-2-5,38,17468,678,0.23714169999584556,"{""PRC"": 0.23825983009629115, ""ROC"": 0.6957295658147409, ""Best_F1"": 0.3016939306282695}","{""n_jobs"": 1}"
grasp_mtsbench_statistical_replay,COPOD,smd,1112,grasp_mtsbench_native__copod__smd__seed1112,native_transductive_test_feature_fit_oracle_f1,42ad80accc670516a62be604acf45fc00719964b5cbe0487ee1aa96db899d44c,experiments/runs/fm_grasp_stat_native_v1/jobs/grasp_mtsbench_native__copod__smd__seed1112/result.json,SMD_machine-2-7,38,18188,405,0.34143470018170774,"{""PRC"": 0.7191342297689738, ""ROC"": 0.9039140585786258, ""Best_F1"": 0.7506799915881467}","{""n_jobs"": 1}"
grasp_mtsbench_statistical_replay,COPOD,smd,1112,grasp_mtsbench_native__copod__smd__seed1112,native_transductive_test_feature_fit_oracle_f1,42ad80accc670516a62be604acf45fc00719964b5cbe0487ee1aa96db899d44c,experiments/runs/fm_grasp_stat_native_v1/jobs/grasp_mtsbench_native__copod__smd__seed1112/result.json,SMD_machine-2-9,38,11123,763,0.16161210020072758,"{""PRC"": 0.15649069359562914, ""ROC"": 0.7514068880713702, ""Best_F1"": 0.3188367004369397}","{""n_jobs"": 1}"
grasp_mtsbench_statistical_replay,COPOD,smd,1112,grasp_mtsbench_native__copod__smd__seed1112,native_transductive_test_feature_fit_oracle_f1,42ad80accc670516a62be604acf45fc00719964b5cbe0487ee1aa96db899d44c,experiments/runs/fm_grasp_stat_native_v1/jobs/grasp_mtsbench_native__copod__smd__seed1112/result.json,SMD_machine-3-10,38,18651,892,0.31793979997746646,"{""PRC"": 0.10445762270321424, ""ROC"": 0.7831520151343715, ""Best_F1"": 0.2698023810615868}","{""n_jobs"": 1}"
grasp_mtsbench_statistical_replay,COPOD,smd,1112,grasp_mtsbench_native__copod__smd__seed1112,native_transductive_test_feature_fit_oracle_f1,42ad80accc670516a62be604acf45fc00719964b5cbe0487ee1aa96db899d44c,experiments/runs/fm_grasp_stat_native_v1/jobs/grasp_mtsbench_native__copod__smd__seed1112/result.json,SMD_machine-3-2,38,13152,236,0.25423319987021387,"{""PRC"": 0.014702256112018834, ""ROC"": 0.38294967219740594, ""Best_F1"": 0.03763842672470165}","{""n_jobs"": 1}"
grasp_mtsbench_statistical_replay,COPOD,smd,1112,grasp_mtsbench_native__copod__smd__seed1112,native_transductive_test_feature_fit_oracle_f1,42ad80accc670516a62be604acf45fc00719964b5cbe0487ee1aa96db899d44c,experiments/runs/fm_grasp_stat_native_v1/jobs/grasp_mtsbench_native__copod__smd__seed1112/result.json,SMD_machine-3-3,38,18885,600,0.3587017999961972,"{""PRC"": 0.052428626470154865, ""ROC"": 0.6814966730471242, ""Best_F1"": 0.10819762254396792}","{""n_jobs"": 1}"
grasp_mtsbench_statistical_replay,COPOD,smd,1112,grasp_mtsbench_native__copod__smd__seed1112,native_transductive_test_feature_fit_oracle_f1,42ad80accc670516a62be604acf45fc00719964b5cbe0487ee1aa96db899d44c,experiments/runs/fm_grasp_stat_native_v1/jobs/grasp_mtsbench_native__copod__smd__seed1112/result.json,SMD_machine-3-5,38,9117,265,0.10289360000751913,"{""PRC"": 0.1604473286963407, ""ROC"": 0.8552085020760686, ""Best_F1"": 0.24960996018384443}","{""n_jobs"": 1}"
grasp_mtsbench_statistical_replay,COPOD,smd,1112,grasp_mtsbench_native__copod__smd__seed1112,native_transductive_test_feature_fit_oracle_f1,42ad80accc670516a62be604acf45fc00719964b5cbe0487ee1aa96db899d44c,experiments/runs/fm_grasp_stat_native_v1/jobs/grasp_mtsbench_native__copod__smd__seed1112/result.json,SMD_machine-3-6,38,12401,790,0.22454040008597076,"{""PRC"": 0.25540095731221385, ""ROC"": 0.876704652615536, ""Best_F1"": 0.35112662809801515}","{""n_jobs"": 1}"
