algorithm,dataset,dataset_label,task,track,pattern,missing_ratio,metric,direction,local_mean,local_std,local_se,ci95_low,ci95_high,completed_repeats,required_repeats,completed_fold_or_seed,required_fold_or_seed,paper_mean,paper_se,paper_reported_spread,signed_delta,relative_delta,comparison_band,verdict,reason,reference,uncertainty_unit,metric_scale,result_paths
csdi,physionet2012,PhysioNet2012,imputation,author_protocol,paper_mask,0.1,mae,lower,0.21829215978016803,0.001407173551086526,0.000629307143273849,0.21654492304255935,0.2200393965177767,5,5,"[0, 1, 2, 3, 4]","[0, 1, 2, 3, 4]",0.217,0.001,,0.0012921597801680285,0.005954653364829625,0.0032804700333071515,numerically_compatible,"Compatibility screen, not proof of statistical equivalence. Code/environment deviations must still be reviewed.","{""id"": ""csdi_physio_10"", ""paper_id"": ""csdi"", ""dataset"": ""physionet2012"", ""metric"": ""mae"", ""mean"": 0.217, ""standard_error"": 0.001, ""runs"": 5, ""expected_folds"": [0, 1, 2, 3, 4], ""num_samples"": 100, ""rounding_half_unit"": 0.0005, ""evidence"": ""papers/literature/flow_matching/pdfs/csdi.pdf"", ""table"": 3, ""pdf_page"": 8, ""protocol"": ""csdi_author"", ""metric_scale"": ""normalized for PhysioNet""}",fold,normalized for PhysioNet,"[""experiments/runs/flow_matching_campaign/csdi_original_fold0_missing0.1/result.json"", ""experiments/runs/flow_matching_campaign/csdi_original_fold1_missing0.1/result.json"", ""experiments/runs/flow_matching_campaign/csdi_original_fold2_missing0.1/result.json"", ""experiments/runs/flow_matching_campaign/csdi_original_fold3_missing0.1/result.json"", ""experiments/runs/flow_matching_campaign/csdi_original_fold4_missing0.1/result.json""]"
csdi,physionet2012,PhysioNet2012,imputation,author_protocol,paper_mask,0.1,rmse,lower,0.5058904861471272,0.04761337827332742,0.021293350091514333,0.4467706685122792,0.5650103037819751,5,5,"[0, 1, 2, 3, 4]","[0, 1, 2, 3, 4]",,,,,,,no_paper_reference,该指标未登记论文参考值,,fold,normalized PhysioNet,"[""experiments/runs/flow_matching_campaign/csdi_original_fold0_missing0.1/result.json"", ""experiments/runs/flow_matching_campaign/csdi_original_fold1_missing0.1/result.json"", ""experiments/runs/flow_matching_campaign/csdi_original_fold2_missing0.1/result.json"", ""experiments/runs/flow_matching_campaign/csdi_original_fold3_missing0.1/result.json"", ""experiments/runs/flow_matching_campaign/csdi_original_fold4_missing0.1/result.json""]"
csdi,physionet2012,PhysioNet2012,imputation,author_protocol,paper_mask,0.1,normalized_crps,lower,0.2395168461307401,0.0029309887355050126,0.0013107780107750719,0.23587754293872273,0.24315614932275745,5,5,"[0, 1, 2, 3, 4]","[0, 1, 2, 3, 4]",0.238,0.001,,0.0015168461307401016,0.0063733030703365615,0.004577463833347506,numerically_compatible,"Compatibility screen, not proof of statistical equivalence. Code/environment deviations must still be reviewed.","{""id"": ""csdi_physio_10"", ""paper_id"": ""csdi"", ""dataset"": ""physionet2012"", ""metric"": ""normalized_crps"", ""mean"": 0.238, ""standard_error"": 0.001, ""runs"": 5, ""expected_folds"": [0, 1, 2, 3, 4], ""num_samples"": 100, ""rounding_half_unit"": 0.0005, ""evidence"": ""papers/literature/flow_matching/pdfs/csdi.pdf"", ""table"": 2, ""pdf_page"": 7, ""protocol"": ""csdi_author"", ""metric_scale"": ""normalized for PhysioNet""}",fold,normalized for PhysioNet,"[""experiments/runs/flow_matching_campaign/csdi_original_fold0_missing0.1/result.json"", ""experiments/runs/flow_matching_campaign/csdi_original_fold1_missing0.1/result.json"", ""experiments/runs/flow_matching_campaign/csdi_original_fold2_missing0.1/result.json"", ""experiments/runs/flow_matching_campaign/csdi_original_fold3_missing0.1/result.json"", ""experiments/runs/flow_matching_campaign/csdi_original_fold4_missing0.1/result.json""]"
cfmi,physionet2012,PhysioNet2012,imputation,author_protocol,paper_mask,0.1,mae,lower,0.241405674002287,0.004718840244051642,0.0021103295121322335,0.235546459957973,0.247264888046601,5,5,"[0, 1, 2, 3, 4]","[0, 1, 2, 3, 4]",0.234,0.002,,0.007405674002286977,0.031648179496952894,0.008072482821647464,numerically_compatible,"Compatibility screen, not proof of statistical equivalence. Code/environment deviations must still be reviewed.","{""id"": ""cfmi_physio_10"", ""paper_id"": ""cfmi"", ""dataset"": ""physionet2012"", ""metric"": ""mae"", ""mean"": 0.234, ""standard_error"": 0.002, ""runs"": 5, ""expected_folds"": [0, 1, 2, 3, 4], ""num_samples"": 100, ""rounding_half_unit"": 0.0005, ""evidence"": ""papers/literature/flow_matching/pdfs/cfmi.pdf"", ""table"": 53, ""pdf_page"": 92, ""protocol"": ""cfmi_author"", ""metric_scale"": ""normalized for PhysioNet""}",fold,normalized for PhysioNet,"[""experiments/runs/flow_matching_campaign/cfmi_original_fold0_missing0.1/result.json"", ""experiments/runs/flow_matching_campaign/cfmi_original_fold1_missing0.1/result.json"", ""experiments/runs/flow_matching_campaign/cfmi_original_fold2_missing0.1/result.json"", ""experiments/runs/flow_matching_campaign/cfmi_original_fold3_missing0.1/result.json"", ""experiments/runs/flow_matching_campaign/cfmi_original_fold4_missing0.1/result.json""]"
cfmi,physionet2012,PhysioNet2012,imputation,author_protocol,paper_mask,0.1,rmse,lower,0.5498027797520723,0.10183851701148228,0.04554356935308862,0.4233535595484531,0.6762519999556914,5,5,"[0, 1, 2, 3, 4]","[0, 1, 2, 3, 4]",0.538,0.052,,0.011802779752072223,0.021938252327271788,0.1919207855331709,numerically_compatible,"Compatibility screen, not proof of statistical equivalence. Code/environment deviations must still be reviewed.","{""id"": ""cfmi_physio_10"", ""paper_id"": ""cfmi"", ""dataset"": ""physionet2012"", ""metric"": ""rmse"", ""mean"": 0.538, ""standard_error"": 0.052, ""runs"": 5, ""expected_folds"": [0, 1, 2, 3, 4], ""num_samples"": 100, ""rounding_half_unit"": 0.0005, ""evidence"": ""papers/literature/flow_matching/pdfs/cfmi.pdf"", ""table"": 54, ""pdf_page"": 93, ""protocol"": ""cfmi_author"", ""metric_scale"": ""normalized for PhysioNet""}",fold,normalized for PhysioNet,"[""experiments/runs/flow_matching_campaign/cfmi_original_fold0_missing0.1/result.json"", ""experiments/runs/flow_matching_campaign/cfmi_original_fold1_missing0.1/result.json"", ""experiments/runs/flow_matching_campaign/cfmi_original_fold2_missing0.1/result.json"", ""experiments/runs/flow_matching_campaign/cfmi_original_fold3_missing0.1/result.json"", ""experiments/runs/flow_matching_campaign/cfmi_original_fold4_missing0.1/result.json""]"
cfmi,physionet2012,PhysioNet2012,imputation,author_protocol,paper_mask,0.1,crps,lower,0.24100694686311522,0.017126696023618986,0.007659291307757479,0.21974134500240797,0.2622725487238225,5,5,"[0, 1, 2, 3, 4]","[0, 1, 2, 3, 4]",0.22,0.004,,0.021006946863115217,0.09548612210506917,0.023990918724653806,numerically_compatible,"Compatibility screen, not proof of statistical equivalence. Code/environment deviations must still be reviewed.","{""id"": ""cfmi_physio_10"", ""paper_id"": ""cfmi"", ""dataset"": ""physionet2012"", ""metric"": ""crps"", ""mean"": 0.22, ""standard_error"": 0.004, ""runs"": 5, ""expected_folds"": [0, 1, 2, 3, 4], ""num_samples"": 100, ""rounding_half_unit"": 0.0005, ""evidence"": ""papers/literature/flow_matching/pdfs/cfmi.pdf"", ""table"": 51, ""pdf_page"": 92, ""protocol"": ""cfmi_author"", ""metric_scale"": ""normalized values, per-coordinate CRPS""}",fold,"normalized values, per-coordinate CRPS","[""experiments/runs/flow_matching_campaign/cfmi_original_fold0_missing0.1/result.json"", ""experiments/runs/flow_matching_campaign/cfmi_original_fold1_missing0.1/result.json"", ""experiments/runs/flow_matching_campaign/cfmi_original_fold2_missing0.1/result.json"", ""experiments/runs/flow_matching_campaign/cfmi_original_fold3_missing0.1/result.json"", ""experiments/runs/flow_matching_campaign/cfmi_original_fold4_missing0.1/result.json""]"
cfmi,physionet2012,PhysioNet2012,imputation,author_protocol,paper_mask,0.1,normalized_crps,lower,0.25553420521033987,0.00409279091795808,0.0018303517420496062,0.250452334075336,0.26061607634534373,5,5,"[0, 1, 2, 3, 4]","[0, 1, 2, 3, 4]",0.25,0.004,,0.005534205210339871,0.022136820841359484,0.0122132621763235,numerically_compatible,"Compatibility screen, not proof of statistical equivalence. Code/environment deviations must still be reviewed.","{""id"": ""cfmi_physio_10"", ""paper_id"": ""cfmi"", ""dataset"": ""physionet2012"", ""metric"": ""normalized_crps"", ""mean"": 0.25, ""standard_error"": 0.004, ""runs"": 5, ""expected_folds"": [0, 1, 2, 3, 4], ""num_samples"": 100, ""rounding_half_unit"": 0.0005, ""evidence"": ""papers/literature/flow_matching/pdfs/cfmi.pdf"", ""table"": 52, ""pdf_page"": 92, ""protocol"": ""cfmi_author"", ""metric_scale"": ""normalized for PhysioNet""}",fold,normalized for PhysioNet,"[""experiments/runs/flow_matching_campaign/cfmi_original_fold0_missing0.1/result.json"", ""experiments/runs/flow_matching_campaign/cfmi_original_fold1_missing0.1/result.json"", ""experiments/runs/flow_matching_campaign/cfmi_original_fold2_missing0.1/result.json"", ""experiments/runs/flow_matching_campaign/cfmi_original_fold3_missing0.1/result.json"", ""experiments/runs/flow_matching_campaign/cfmi_original_fold4_missing0.1/result.json""]"
csdi,physionet2012,PhysioNet2012,imputation,author_protocol,paper_mask,0.5,mae,lower,0.3013084369977186,0.002622098936338102,0.0011726382930763778,0.2980526711487392,0.304564202846698,5,5,"[0, 1, 2, 3, 4]","[0, 1, 2, 3, 4]",0.301,0.002,,0.00030843699771859745,0.001024707633616603,0.006436971411470438,numerically_compatible,"Compatibility screen, not proof of statistical equivalence. Code/environment deviations must still be reviewed.","{""id"": ""csdi_physio_50"", ""paper_id"": ""csdi"", ""dataset"": ""physionet2012"", ""metric"": ""mae"", ""mean"": 0.301, ""standard_error"": 0.002, ""runs"": 5, ""expected_folds"": [0, 1, 2, 3, 4], ""num_samples"": 100, ""rounding_half_unit"": 0.0005, ""evidence"": ""papers/literature/flow_matching/pdfs/csdi.pdf"", ""table"": 3, ""pdf_page"": 8, ""protocol"": ""csdi_author"", ""metric_scale"": ""normalized for PhysioNet""}",fold,normalized for PhysioNet,"[""experiments/runs/flow_matching_campaign/csdi_original_fold0_missing0.5/result.json"", ""experiments/runs/flow_matching_campaign/csdi_original_fold1_missing0.5/result.json"", ""experiments/runs/flow_matching_campaign/csdi_original_fold2_missing0.5/result.json"", ""experiments/runs/flow_matching_campaign/csdi_original_fold3_missing0.5/result.json"", ""experiments/runs/flow_matching_campaign/csdi_original_fold4_missing0.5/result.json""]"
csdi,physionet2012,PhysioNet2012,imputation,author_protocol,paper_mask,0.5,rmse,lower,0.6244811197983855,0.07370202614566451,0.03296054810823453,0.5329679673386414,0.7159942722581296,5,5,"[0, 1, 2, 3, 4]","[0, 1, 2, 3, 4]",,,,,,,no_paper_reference,该指标未登记论文参考值,,fold,normalized PhysioNet,"[""experiments/runs/flow_matching_campaign/csdi_original_fold0_missing0.5/result.json"", ""experiments/runs/flow_matching_campaign/csdi_original_fold1_missing0.5/result.json"", ""experiments/runs/flow_matching_campaign/csdi_original_fold2_missing0.5/result.json"", ""experiments/runs/flow_matching_campaign/csdi_original_fold3_missing0.5/result.json"", ""experiments/runs/flow_matching_campaign/csdi_original_fold4_missing0.5/result.json""]"
csdi,physionet2012,PhysioNet2012,imputation,author_protocol,paper_mask,0.5,normalized_crps,lower,0.33074455076527465,0.003331710853311404,0.001489986389875626,0.32660768534629314,0.33488141618425615,5,5,"[0, 1, 2, 3, 4]","[0, 1, 2, 3, 4]",0.33,0.002,,0.0007445507652746319,0.002256214440226157,0.006924467140760524,numerically_compatible,"Compatibility screen, not proof of statistical equivalence. Code/environment deviations must still be reviewed.","{""id"": ""csdi_physio_50"", ""paper_id"": ""csdi"", ""dataset"": ""physionet2012"", ""metric"": ""normalized_crps"", ""mean"": 0.33, ""standard_error"": 0.002, ""runs"": 5, ""expected_folds"": [0, 1, 2, 3, 4], ""num_samples"": 100, ""rounding_half_unit"": 0.0005, ""evidence"": ""papers/literature/flow_matching/pdfs/csdi.pdf"", ""table"": 2, ""pdf_page"": 7, ""protocol"": ""csdi_author"", ""metric_scale"": ""normalized for PhysioNet""}",fold,normalized for PhysioNet,"[""experiments/runs/flow_matching_campaign/csdi_original_fold0_missing0.5/result.json"", ""experiments/runs/flow_matching_campaign/csdi_original_fold1_missing0.5/result.json"", ""experiments/runs/flow_matching_campaign/csdi_original_fold2_missing0.5/result.json"", ""experiments/runs/flow_matching_campaign/csdi_original_fold3_missing0.5/result.json"", ""experiments/runs/flow_matching_campaign/csdi_original_fold4_missing0.5/result.json""]"
cfmi,physionet2012,PhysioNet2012,imputation,author_protocol,paper_mask,0.5,mae,lower,0.33727383522945986,0.00647007154464668,0.0028935039586234085,0.32924018032666946,0.34530749013225026,5,5,"[0, 1, 2, 3, 4]","[0, 1, 2, 3, 4]",0.319,0.005,,0.018273835229459856,0.057284749935610835,0.01603919563605195,differs_from_paper,"Compatibility screen, not proof of statistical equivalence. Code/environment deviations must still be reviewed.","{""id"": ""cfmi_physio_50"", ""paper_id"": ""cfmi"", ""dataset"": ""physionet2012"", ""metric"": ""mae"", ""mean"": 0.319, ""standard_error"": 0.005, ""runs"": 5, ""expected_folds"": [0, 1, 2, 3, 4], ""num_samples"": 100, ""rounding_half_unit"": 0.0005, ""evidence"": ""papers/literature/flow_matching/pdfs/cfmi.pdf"", ""table"": 53, ""pdf_page"": 92, ""protocol"": ""cfmi_author"", ""metric_scale"": ""normalized for PhysioNet""}",fold,normalized for PhysioNet,"[""experiments/runs/flow_matching_campaign/cfmi_original_fold0_missing0.5/result.json"", ""experiments/runs/flow_matching_campaign/cfmi_original_fold1_missing0.5/result.json"", ""experiments/runs/flow_matching_campaign/cfmi_original_fold2_missing0.5/result.json"", ""experiments/runs/flow_matching_campaign/cfmi_original_fold3_missing0.5/result.json"", ""experiments/runs/flow_matching_campaign/cfmi_original_fold4_missing0.5/result.json""]"
cfmi,physionet2012,PhysioNet2012,imputation,author_protocol,paper_mask,0.5,rmse,lower,0.660838855327059,0.037144857809336754,0.01661168541524818,0.6147174226668076,0.7069602879873104,5,5,"[0, 1, 2, 3, 4]","[0, 1, 2, 3, 4]",0.624,0.019,,0.036838855327058995,0.059036627126697105,0.07007145117692314,numerically_compatible,"Compatibility screen, not proof of statistical equivalence. Code/environment deviations must still be reviewed.","{""id"": ""cfmi_physio_50"", ""paper_id"": ""cfmi"", ""dataset"": ""physionet2012"", ""metric"": ""rmse"", ""mean"": 0.624, ""standard_error"": 0.019, ""runs"": 5, ""expected_folds"": [0, 1, 2, 3, 4], ""num_samples"": 100, ""rounding_half_unit"": 0.0005, ""evidence"": ""papers/literature/flow_matching/pdfs/cfmi.pdf"", ""table"": 54, ""pdf_page"": 93, ""protocol"": ""cfmi_author"", ""metric_scale"": ""normalized for PhysioNet""}",fold,normalized for PhysioNet,"[""experiments/runs/flow_matching_campaign/cfmi_original_fold0_missing0.5/result.json"", ""experiments/runs/flow_matching_campaign/cfmi_original_fold1_missing0.5/result.json"", ""experiments/runs/flow_matching_campaign/cfmi_original_fold2_missing0.5/result.json"", ""experiments/runs/flow_matching_campaign/cfmi_original_fold3_missing0.5/result.json"", ""experiments/runs/flow_matching_campaign/cfmi_original_fold4_missing0.5/result.json""]"
cfmi,physionet2012,PhysioNet2012,imputation,author_protocol,paper_mask,0.5,crps,lower,0.33116558618462155,0.03082752890476684,0.01378649004187966,0.29288815338998664,0.36944301897925647,5,5,"[0, 1, 2, 3, 4]","[0, 1, 2, 3, 4]",0.282,0.01,,0.04916558618462158,0.17434605030007655,0.04728664297204307,differs_from_paper,"Compatibility screen, not proof of statistical equivalence. Code/environment deviations must still be reviewed.","{""id"": ""cfmi_physio_50"", ""paper_id"": ""cfmi"", ""dataset"": ""physionet2012"", ""metric"": ""crps"", ""mean"": 0.282, ""standard_error"": 0.01, ""runs"": 5, ""expected_folds"": [0, 1, 2, 3, 4], ""num_samples"": 100, ""rounding_half_unit"": 0.0005, ""evidence"": ""papers/literature/flow_matching/pdfs/cfmi.pdf"", ""table"": 51, ""pdf_page"": 92, ""protocol"": ""cfmi_author"", ""metric_scale"": ""normalized values, per-coordinate CRPS""}",fold,"normalized values, per-coordinate CRPS","[""experiments/runs/flow_matching_campaign/cfmi_original_fold0_missing0.5/result.json"", ""experiments/runs/flow_matching_campaign/cfmi_original_fold1_missing0.5/result.json"", ""experiments/runs/flow_matching_campaign/cfmi_original_fold2_missing0.5/result.json"", ""experiments/runs/flow_matching_campaign/cfmi_original_fold3_missing0.5/result.json"", ""experiments/runs/flow_matching_campaign/cfmi_original_fold4_missing0.5/result.json""]"
cfmi,physionet2012,PhysioNet2012,imputation,author_protocol,paper_mask,0.5,normalized_crps,lower,0.35291400074964024,0.006072877768901597,0.0027158735020622457,0.34537352705850316,0.36045447444077733,5,5,"[0, 1, 2, 3, 4]","[0, 1, 2, 3, 4]",0.338,0.007,,0.014914000749640222,0.04412426257290006,0.020846641628171035,numerically_compatible,"Compatibility screen, not proof of statistical equivalence. Code/environment deviations must still be reviewed.","{""id"": ""cfmi_physio_50"", ""paper_id"": ""cfmi"", ""dataset"": ""physionet2012"", ""metric"": ""normalized_crps"", ""mean"": 0.338, ""standard_error"": 0.007, ""runs"": 5, ""expected_folds"": [0, 1, 2, 3, 4], ""num_samples"": 100, ""rounding_half_unit"": 0.0005, ""evidence"": ""papers/literature/flow_matching/pdfs/cfmi.pdf"", ""table"": 52, ""pdf_page"": 92, ""protocol"": ""cfmi_author"", ""metric_scale"": ""normalized for PhysioNet""}",fold,normalized for PhysioNet,"[""experiments/runs/flow_matching_campaign/cfmi_original_fold0_missing0.5/result.json"", ""experiments/runs/flow_matching_campaign/cfmi_original_fold1_missing0.5/result.json"", ""experiments/runs/flow_matching_campaign/cfmi_original_fold2_missing0.5/result.json"", ""experiments/runs/flow_matching_campaign/cfmi_original_fold3_missing0.5/result.json"", ""experiments/runs/flow_matching_campaign/cfmi_original_fold4_missing0.5/result.json""]"
csdi,physionet2012,PhysioNet2012,imputation,author_protocol,paper_mask,0.9,mae,lower,0.47495680391627876,0.0037214017160973546,0.0016642614417556117,0.47033607338254696,0.47957753445001056,5,5,"[0, 1, 2, 3, 4]","[0, 1, 2, 3, 4]",0.481,0.003,,-0.006043196083721225,-0.01256381722187365,0.009525175980786515,numerically_compatible,"Compatibility screen, not proof of statistical equivalence. Code/environment deviations must still be reviewed.","{""id"": ""csdi_physio_90"", ""paper_id"": ""csdi"", ""dataset"": ""physionet2012"", ""metric"": ""mae"", ""mean"": 0.481, ""standard_error"": 0.003, ""runs"": 5, ""expected_folds"": [0, 1, 2, 3, 4], ""num_samples"": 100, ""rounding_half_unit"": 0.0005, ""evidence"": ""papers/literature/flow_matching/pdfs/csdi.pdf"", ""table"": 3, ""pdf_page"": 8, ""protocol"": ""csdi_author"", ""metric_scale"": ""normalized for PhysioNet""}",fold,normalized for PhysioNet,"[""experiments/runs/flow_matching_campaign/csdi_original_fold0_missing0.9/result.json"", ""experiments/runs/flow_matching_campaign/csdi_original_fold1_missing0.9/result.json"", ""experiments/runs/flow_matching_campaign/csdi_original_fold2_missing0.9/result.json"", ""experiments/runs/flow_matching_campaign/csdi_original_fold3_missing0.9/result.json"", ""experiments/runs/flow_matching_campaign/csdi_original_fold4_missing0.9/result.json""]"
csdi,physionet2012,PhysioNet2012,imputation,author_protocol,paper_mask,0.9,rmse,lower,0.7930243548462774,0.03971270387823431,0.017760061088410287,0.7437145201693469,0.8423341895232079,5,5,"[0, 1, 2, 3, 4]","[0, 1, 2, 3, 4]",,,,,,,no_paper_reference,该指标未登记论文参考值,,fold,normalized PhysioNet,"[""experiments/runs/flow_matching_campaign/csdi_original_fold0_missing0.9/result.json"", ""experiments/runs/flow_matching_campaign/csdi_original_fold1_missing0.9/result.json"", ""experiments/runs/flow_matching_campaign/csdi_original_fold2_missing0.9/result.json"", ""experiments/runs/flow_matching_campaign/csdi_original_fold3_missing0.9/result.json"", ""experiments/runs/flow_matching_campaign/csdi_original_fold4_missing0.9/result.json""]"
csdi,physionet2012,PhysioNet2012,imputation,author_protocol,paper_mask,0.9,normalized_crps,lower,0.5179232760243996,0.004638451928039006,0.002074378764292036,0.5121638772579548,0.5236826747908444,5,5,"[0, 1, 2, 3, 4]","[0, 1, 2, 3, 4]",0.522,0.002,,-0.004076723975600438,-0.007809816045211567,0.008000328983212743,numerically_compatible,"Compatibility screen, not proof of statistical equivalence. Code/environment deviations must still be reviewed.","{""id"": ""csdi_physio_90"", ""paper_id"": ""csdi"", ""dataset"": ""physionet2012"", ""metric"": ""normalized_crps"", ""mean"": 0.522, ""standard_error"": 0.002, ""runs"": 5, ""expected_folds"": [0, 1, 2, 3, 4], ""num_samples"": 100, ""rounding_half_unit"": 0.0005, ""evidence"": ""papers/literature/flow_matching/pdfs/csdi.pdf"", ""table"": 2, ""pdf_page"": 7, ""protocol"": ""csdi_author"", ""metric_scale"": ""normalized for PhysioNet""}",fold,normalized for PhysioNet,"[""experiments/runs/flow_matching_campaign/csdi_original_fold0_missing0.9/result.json"", ""experiments/runs/flow_matching_campaign/csdi_original_fold1_missing0.9/result.json"", ""experiments/runs/flow_matching_campaign/csdi_original_fold2_missing0.9/result.json"", ""experiments/runs/flow_matching_campaign/csdi_original_fold3_missing0.9/result.json"", ""experiments/runs/flow_matching_campaign/csdi_original_fold4_missing0.9/result.json""]"
cfmi,physionet2012,PhysioNet2012,imputation,author_protocol,paper_mask,0.9,mae,lower,0.5549745240206372,0.01992133182149778,0.008909090431039749,0.5302389235016124,0.579710124539662,5,5,"[0, 1, 2, 3, 4]","[0, 1, 2, 3, 4]",0.504,0.009,,0.05097452402063718,0.10113992861237536,0.03516035230530405,differs_from_paper,"Compatibility screen, not proof of statistical equivalence. Code/environment deviations must still be reviewed.","{""id"": ""cfmi_physio_90"", ""paper_id"": ""cfmi"", ""dataset"": ""physionet2012"", ""metric"": ""mae"", ""mean"": 0.504, ""standard_error"": 0.009, ""runs"": 5, ""expected_folds"": [0, 1, 2, 3, 4], ""num_samples"": 100, ""rounding_half_unit"": 0.0005, ""evidence"": ""papers/literature/flow_matching/pdfs/cfmi.pdf"", ""table"": 53, ""pdf_page"": 92, ""protocol"": ""cfmi_author"", ""metric_scale"": ""normalized for PhysioNet""}",fold,normalized for PhysioNet,"[""experiments/runs/flow_matching_campaign/cfmi_original_fold0_missing0.9/result.json"", ""experiments/runs/flow_matching_campaign/cfmi_original_fold1_missing0.9/result.json"", ""experiments/runs/flow_matching_campaign/cfmi_original_fold2_missing0.9/result.json"", ""experiments/runs/flow_matching_campaign/cfmi_original_fold3_missing0.9/result.json"", ""experiments/runs/flow_matching_campaign/cfmi_original_fold4_missing0.9/result.json""]"
cfmi,physionet2012,PhysioNet2012,imputation,author_protocol,paper_mask,0.9,rmse,lower,0.887945990168918,0.028662688491591027,0.012818343977019689,0.85235656177718,0.9235354185606559,5,5,"[0, 1, 2, 3, 4]","[0, 1, 2, 3, 4]",0.822,0.019,,0.065945990168918,0.08022626541230901,0.06363512499128497,differs_from_paper,"Compatibility screen, not proof of statistical equivalence. Code/environment deviations must still be reviewed.","{""id"": ""cfmi_physio_90"", ""paper_id"": ""cfmi"", ""dataset"": ""physionet2012"", ""metric"": ""rmse"", ""mean"": 0.822, ""standard_error"": 0.019, ""runs"": 5, ""expected_folds"": [0, 1, 2, 3, 4], ""num_samples"": 100, ""rounding_half_unit"": 0.0005, ""evidence"": ""papers/literature/flow_matching/pdfs/cfmi.pdf"", ""table"": 54, ""pdf_page"": 93, ""protocol"": ""cfmi_author"", ""metric_scale"": ""normalized for PhysioNet""}",fold,normalized for PhysioNet,"[""experiments/runs/flow_matching_campaign/cfmi_original_fold0_missing0.9/result.json"", ""experiments/runs/flow_matching_campaign/cfmi_original_fold1_missing0.9/result.json"", ""experiments/runs/flow_matching_campaign/cfmi_original_fold2_missing0.9/result.json"", ""experiments/runs/flow_matching_campaign/cfmi_original_fold3_missing0.9/result.json"", ""experiments/runs/flow_matching_campaign/cfmi_original_fold4_missing0.9/result.json""]"
cfmi,physionet2012,PhysioNet2012,imputation,author_protocol,paper_mask,0.9,crps,lower,0.5116803617265279,0.07172977533350626,0.03207853073130153,0.42261608209566875,0.6007446413573869,5,5,"[0, 1, 2, 3, 4]","[0, 1, 2, 3, 4]",0.41,0.014,,0.10168036172652789,0.24800088225982414,0.09717685321572476,differs_from_paper,"Compatibility screen, not proof of statistical equivalence. Code/environment deviations must still be reviewed.","{""id"": ""cfmi_physio_90"", ""paper_id"": ""cfmi"", ""dataset"": ""physionet2012"", ""metric"": ""crps"", ""mean"": 0.41, ""standard_error"": 0.014, ""runs"": 5, ""expected_folds"": [0, 1, 2, 3, 4], ""num_samples"": 100, ""rounding_half_unit"": 0.0005, ""evidence"": ""papers/literature/flow_matching/pdfs/cfmi.pdf"", ""table"": 51, ""pdf_page"": 92, ""protocol"": ""cfmi_author"", ""metric_scale"": ""normalized values, per-coordinate CRPS""}",fold,"normalized values, per-coordinate CRPS","[""experiments/runs/flow_matching_campaign/cfmi_original_fold0_missing0.9/result.json"", ""experiments/runs/flow_matching_campaign/cfmi_original_fold1_missing0.9/result.json"", ""experiments/runs/flow_matching_campaign/cfmi_original_fold2_missing0.9/result.json"", ""experiments/runs/flow_matching_campaign/cfmi_original_fold3_missing0.9/result.json"", ""experiments/runs/flow_matching_campaign/cfmi_original_fold4_missing0.9/result.json""]"
cfmi,physionet2012,PhysioNet2012,imputation,author_protocol,paper_mask,0.9,normalized_crps,lower,0.5803225662651137,0.01837605801405296,0.008218022975580441,0.5575056766001604,0.603139455930067,5,5,"[0, 1, 2, 3, 4]","[0, 1, 2, 3, 4]",0.538,0.019,,0.04232256626511366,0.07866648004667966,0.0574754919368984,numerically_compatible,"Compatibility screen, not proof of statistical equivalence. Code/environment deviations must still be reviewed.","{""id"": ""cfmi_physio_90"", ""paper_id"": ""cfmi"", ""dataset"": ""physionet2012"", ""metric"": ""normalized_crps"", ""mean"": 0.538, ""standard_error"": 0.019, ""runs"": 5, ""expected_folds"": [0, 1, 2, 3, 4], ""num_samples"": 100, ""rounding_half_unit"": 0.0005, ""evidence"": ""papers/literature/flow_matching/pdfs/cfmi.pdf"", ""table"": 52, ""pdf_page"": 92, ""protocol"": ""cfmi_author"", ""metric_scale"": ""normalized for PhysioNet""}",fold,normalized for PhysioNet,"[""experiments/runs/flow_matching_campaign/cfmi_original_fold0_missing0.9/result.json"", ""experiments/runs/flow_matching_campaign/cfmi_original_fold1_missing0.9/result.json"", ""experiments/runs/flow_matching_campaign/cfmi_original_fold2_missing0.9/result.json"", ""experiments/runs/flow_matching_campaign/cfmi_original_fold3_missing0.9/result.json"", ""experiments/runs/flow_matching_campaign/cfmi_original_fold4_missing0.9/result.json""]"
csdi,air36,Air-36,imputation,author_protocol,historical_air36,,mae,lower,9.585214832280146,0.20014827650888128,0.08950903037065656,9.336697923036535,9.833731741523756,5,5,"[0, 1, 2, 3, 4]","[0, 1, 2, 3, 4]",9.6,0.04,,-0.014785167719853831,-0.0015401216374847742,,not_comparable,Historical validation indices are unpublished; broad author-protocol run retained without exact reproduction claim,"{""id"": ""csdi_air36"", ""paper_id"": ""csdi"", ""dataset"": ""air36"", ""metric"": ""mae"", ""mean"": 9.6, ""standard_error"": 0.04, ""runs"": 5, ""expected_folds"": [0, 1, 2, 3, 4], ""num_samples"": 100, ""rounding_half_unit"": 0.005, ""evidence"": ""papers/literature/flow_matching/pdfs/csdi.pdf"", ""table"": 3, ""pdf_page"": 8, ""protocol"": ""csdi_air36_author"", ""metric_scale"": ""physical for MAE/RMSE/CRPS; magnitude-normalized CRPS"", ""requires_protocol_alignment_review"": true}",fold,physical for MAE/RMSE/CRPS; magnitude-normalized CRPS,"[""experiments/runs/flow_matching_campaign/csdi_air36_original_fold0/result.json"", ""experiments/runs/flow_matching_campaign/csdi_air36_original_fold1/result.json"", ""experiments/runs/flow_matching_campaign/csdi_air36_original_fold2/result.json"", ""experiments/runs/flow_matching_campaign/csdi_air36_original_fold3/result.json"", ""experiments/runs/flow_matching_campaign/csdi_air36_original_fold4/result.json""]"
csdi,air36,Air-36,imputation,author_protocol,historical_air36,,rmse,lower,18.684381210745226,0.7006987442347122,0.31336200477151105,17.814348806442396,19.554413615048055,5,5,"[0, 1, 2, 3, 4]","[0, 1, 2, 3, 4]",,,,,,,no_paper_reference,该指标未登记论文参考值,,fold,see run protocol,"[""experiments/runs/flow_matching_campaign/csdi_air36_original_fold0/result.json"", ""experiments/runs/flow_matching_campaign/csdi_air36_original_fold1/result.json"", ""experiments/runs/flow_matching_campaign/csdi_air36_original_fold2/result.json"", ""experiments/runs/flow_matching_campaign/csdi_air36_original_fold3/result.json"", ""experiments/runs/flow_matching_campaign/csdi_air36_original_fold4/result.json""]"
csdi,air36,Air-36,imputation,author_protocol,historical_air36,,normalized_crps,lower,0.10595462376858067,0.0024080112449394275,0.0010768953668536913,0.10296468289846955,0.10894456463869179,5,5,"[0, 1, 2, 3, 4]","[0, 1, 2, 3, 4]",0.108,0.001,,-0.0020453762314193297,-0.018938668809438237,,not_comparable,Historical validation indices are unpublished; broad author-protocol run retained without exact reproduction claim,"{""id"": ""csdi_air36"", ""paper_id"": ""csdi"", ""dataset"": ""air36"", ""metric"": ""normalized_crps"", ""mean"": 0.108, ""standard_error"": 0.001, ""runs"": 5, ""expected_folds"": [0, 1, 2, 3, 4], ""num_samples"": 100, ""rounding_half_unit"": 0.0005, ""evidence"": ""papers/literature/flow_matching/pdfs/csdi.pdf"", ""table"": 2, ""pdf_page"": 7, ""protocol"": ""csdi_air36_author"", ""metric_scale"": ""physical for MAE/RMSE/CRPS; magnitude-normalized CRPS"", ""requires_protocol_alignment_review"": true}",fold,physical for MAE/RMSE/CRPS; magnitude-normalized CRPS,"[""experiments/runs/flow_matching_campaign/csdi_air36_original_fold0/result.json"", ""experiments/runs/flow_matching_campaign/csdi_air36_original_fold1/result.json"", ""experiments/runs/flow_matching_campaign/csdi_air36_original_fold2/result.json"", ""experiments/runs/flow_matching_campaign/csdi_air36_original_fold3/result.json"", ""experiments/runs/flow_matching_campaign/csdi_air36_original_fold4/result.json""]"
cfmi,air36,Air-36,imputation,author_protocol,historical_air36,,mae,lower,9.534686839453375,0.156351714490872,0.06992261240004574,9.340550544512626,9.728823134394124,5,5,"[0, 1, 2, 3, 4]","[0, 1, 2, 3, 4]",9.404,0.05,,0.13068683945337511,0.013896941668797864,0.23866403073937148,numerically_compatible,"Compatibility screen, not proof of statistical equivalence. Code/environment deviations must still be reviewed.","{""id"": ""cfmi_air36"", ""paper_id"": ""cfmi"", ""dataset"": ""air36"", ""metric"": ""mae"", ""mean"": 9.404, ""standard_error"": 0.05, ""runs"": 5, ""expected_folds"": [0, 1, 2, 3, 4], ""num_samples"": 100, ""rounding_half_unit"": 0.0005, ""evidence"": ""papers/literature/flow_matching/pdfs/cfmi.pdf"", ""table"": 53, ""pdf_page"": 92, ""protocol"": ""cfmi_air36_author"", ""metric_scale"": ""physical for MAE/RMSE/CRPS; magnitude-normalized CRPS"", ""requires_protocol_alignment_review"": false}",fold,physical for MAE/RMSE/CRPS; magnitude-normalized CRPS,"[""experiments/runs/flow_matching_campaign/cfmi_air36_original_fold0/result.json"", ""experiments/runs/flow_matching_campaign/cfmi_air36_original_fold1/result.json"", ""experiments/runs/flow_matching_campaign/cfmi_air36_original_fold2/result.json"", ""experiments/runs/flow_matching_campaign/cfmi_air36_original_fold3/result.json"", ""experiments/runs/flow_matching_campaign/cfmi_air36_original_fold4/result.json""]"
cfmi,air36,Air-36,imputation,author_protocol,historical_air36,,rmse,lower,18.120534602186023,0.46068121479616864,0.206022902448283,17.548523323124844,18.692545881247202,5,5,"[0, 1, 2, 3, 4]","[0, 1, 2, 3, 4]",17.701,0.106,,0.41953460218602245,0.023701180847749984,0.6432816380161827,numerically_compatible,"Compatibility screen, not proof of statistical equivalence. Code/environment deviations must still be reviewed.","{""id"": ""cfmi_air36"", ""paper_id"": ""cfmi"", ""dataset"": ""air36"", ""metric"": ""rmse"", ""mean"": 17.701, ""standard_error"": 0.106, ""runs"": 5, ""expected_folds"": [0, 1, 2, 3, 4], ""num_samples"": 100, ""rounding_half_unit"": 0.0005, ""evidence"": ""papers/literature/flow_matching/pdfs/cfmi.pdf"", ""table"": 54, ""pdf_page"": 93, ""protocol"": ""cfmi_air36_author"", ""metric_scale"": ""physical for MAE/RMSE/CRPS; magnitude-normalized CRPS"", ""requires_protocol_alignment_review"": false}",fold,physical for MAE/RMSE/CRPS; magnitude-normalized CRPS,"[""experiments/runs/flow_matching_campaign/cfmi_air36_original_fold0/result.json"", ""experiments/runs/flow_matching_campaign/cfmi_air36_original_fold1/result.json"", ""experiments/runs/flow_matching_campaign/cfmi_air36_original_fold2/result.json"", ""experiments/runs/flow_matching_campaign/cfmi_air36_original_fold3/result.json"", ""experiments/runs/flow_matching_campaign/cfmi_air36_original_fold4/result.json""]"
cfmi,air36,Air-36,imputation,author_protocol,historical_air36,,crps,lower,6.800039657153999,0.107409574678897,0.04803502208327077,6.666673055212834,6.933406259095164,5,5,"[0, 1, 2, 3, 4]","[0, 1, 2, 3, 4]",6.726,0.036,,0.07403965715399874,0.011007977572702757,0.1666645060367512,numerically_compatible,"Compatibility screen, not proof of statistical equivalence. Code/environment deviations must still be reviewed.","{""id"": ""cfmi_air36"", ""paper_id"": ""cfmi"", ""dataset"": ""air36"", ""metric"": ""crps"", ""mean"": 6.726, ""standard_error"": 0.036, ""runs"": 5, ""expected_folds"": [0, 1, 2, 3, 4], ""num_samples"": 100, ""rounding_half_unit"": 0.0005, ""evidence"": ""papers/literature/flow_matching/pdfs/cfmi.pdf"", ""table"": 51, ""pdf_page"": 92, ""protocol"": ""cfmi_air36_author"", ""metric_scale"": ""physical for MAE/RMSE/CRPS; magnitude-normalized CRPS"", ""requires_protocol_alignment_review"": false}",fold,physical for MAE/RMSE/CRPS; magnitude-normalized CRPS,"[""experiments/runs/flow_matching_campaign/cfmi_air36_original_fold0/result.json"", ""experiments/runs/flow_matching_campaign/cfmi_air36_original_fold1/result.json"", ""experiments/runs/flow_matching_campaign/cfmi_air36_original_fold2/result.json"", ""experiments/runs/flow_matching_campaign/cfmi_air36_original_fold3/result.json"", ""experiments/runs/flow_matching_campaign/cfmi_air36_original_fold4/result.json""]"
cfmi,air36,Air-36,imputation,author_protocol,historical_air36,,normalized_crps,lower,0.0990873473245464,0.0014266349463006797,0.0006380105438010163,0.09731594607314548,0.10085874857594732,5,5,"[0, 1, 2, 3, 4]","[0, 1, 2, 3, 4]",0.098,0.001,,0.0010873473245463922,0.011095380862718288,0.0032934039860972888,numerically_compatible,"Compatibility screen, not proof of statistical equivalence. Code/environment deviations must still be reviewed.","{""id"": ""cfmi_air36"", ""paper_id"": ""cfmi"", ""dataset"": ""air36"", ""metric"": ""normalized_crps"", ""mean"": 0.098, ""standard_error"": 0.001, ""runs"": 5, ""expected_folds"": [0, 1, 2, 3, 4], ""num_samples"": 100, ""rounding_half_unit"": 0.0005, ""evidence"": ""papers/literature/flow_matching/pdfs/cfmi.pdf"", ""table"": 52, ""pdf_page"": 92, ""protocol"": ""cfmi_air36_author"", ""metric_scale"": ""physical for MAE/RMSE/CRPS; magnitude-normalized CRPS"", ""requires_protocol_alignment_review"": false}",fold,physical for MAE/RMSE/CRPS; magnitude-normalized CRPS,"[""experiments/runs/flow_matching_campaign/cfmi_air36_original_fold0/result.json"", ""experiments/runs/flow_matching_campaign/cfmi_air36_original_fold1/result.json"", ""experiments/runs/flow_matching_campaign/cfmi_air36_original_fold2/result.json"", ""experiments/runs/flow_matching_campaign/cfmi_air36_original_fold3/result.json"", ""experiments/runs/flow_matching_campaign/cfmi_air36_original_fold4/result.json""]"
saits,physio,PhysioNet2012,imputation,author_protocol,paper_mask,,mae,lower,0.18912090361118317,,,,,1,5,[26],"[26, 27, 28, 29, 30]",0.186,,,0.003120903611183168,0.016779051673027782,,incomplete_repeats,尚未完成全部预定折/种子,"{""mean"": 0.186, ""source"": ""configs/reproducibility/saits/references.v1.json"", ""citation"": ""https://arxiv.org/abs/2202.08516"", ""metric_scale"": ""author standardized variables; MRE fraction""}",model_seed,author standardized variables; MRE fraction,"[""experiments/runs/flow_matching_campaign/saits_paper_saits_physio_seed26/result.json""]"
saits,physio,PhysioNet2012,imputation,author_protocol,paper_mask,,rmse,lower,0.42337268590927124,,,,,1,5,[26],"[26, 27, 28, 29, 30]",0.431,,,-0.007627314090728754,-0.01769678443324537,,incomplete_repeats,尚未完成全部预定折/种子,"{""mean"": 0.431, ""source"": ""configs/reproducibility/saits/references.v1.json"", ""citation"": ""https://arxiv.org/abs/2202.08516"", ""metric_scale"": ""author standardized variables; MRE fraction""}",model_seed,author standardized variables; MRE fraction,"[""experiments/runs/flow_matching_campaign/saits_paper_saits_physio_seed26/result.json""]"
saits,physio,PhysioNet2012,imputation,author_protocol,paper_mask,,mre,lower,0.2745177149772644,,,,,1,5,[26],"[26, 27, 28, 29, 30]",0.266,,,0.00851771497726439,0.03202148487693379,,incomplete_repeats,尚未完成全部预定折/种子,"{""mean"": 0.266, ""source"": ""configs/reproducibility/saits/references.v1.json"", ""citation"": ""https://arxiv.org/abs/2202.08516"", ""metric_scale"": ""author standardized variables; MRE fraction""}",model_seed,author standardized variables; MRE fraction,"[""experiments/runs/flow_matching_campaign/saits_paper_saits_physio_seed26/result.json""]"
brits,physio,PhysioNet2012,imputation,author_protocol,paper_mask,,mae,lower,,,,,,0,5,[],"[26, 27, 28, 29, 30]",0.256,,,,,,not_run,缺少结果文件,"{""mean"": 0.256, ""source"": ""configs/reproducibility/saits/references.v1.json"", ""citation"": ""https://arxiv.org/abs/2202.08516"", ""metric_scale"": ""author standardized variables; MRE fraction""}",model_seed,author standardized variables; MRE fraction,[]
brits,physio,PhysioNet2012,imputation,author_protocol,paper_mask,,rmse,lower,,,,,,0,5,[],"[26, 27, 28, 29, 30]",0.767,,,,,,not_run,缺少结果文件,"{""mean"": 0.767, ""source"": ""configs/reproducibility/saits/references.v1.json"", ""citation"": ""https://arxiv.org/abs/2202.08516"", ""metric_scale"": ""author standardized variables; MRE fraction""}",model_seed,author standardized variables; MRE fraction,[]
brits,physio,PhysioNet2012,imputation,author_protocol,paper_mask,,mre,lower,,,,,,0,5,[],"[26, 27, 28, 29, 30]",0.365,,,,,,not_run,缺少结果文件,"{""mean"": 0.365, ""source"": ""configs/reproducibility/saits/references.v1.json"", ""citation"": ""https://arxiv.org/abs/2202.08516"", ""metric_scale"": ""author standardized variables; MRE fraction""}",model_seed,author standardized variables; MRE fraction,[]
saits,air_quality_132,AirQuality-132,imputation,author,paper_mask,0.1,mae,lower,,,,,,0,5,[],"[26, 27, 28, 29, 30]",0.137,,,,,,not_run,缺少结果文件,"{""mean"": 0.137, ""source"": ""configs/reproducibility/saits/timeseries_references.v1.json"", ""citation"": ""https://arxiv.org/abs/2202.08516"", ""metric_scale"": ""author standardized variables; MRE fraction""}",model_seed,author standardized variables; MRE fraction,[]
saits,air_quality_132,AirQuality-132,imputation,author,paper_mask,0.1,rmse,lower,,,,,,0,5,[],"[26, 27, 28, 29, 30]",0.518,,,,,,not_run,缺少结果文件,"{""mean"": 0.518, ""source"": ""configs/reproducibility/saits/timeseries_references.v1.json"", ""citation"": ""https://arxiv.org/abs/2202.08516"", ""metric_scale"": ""author standardized variables; MRE fraction""}",model_seed,author standardized variables; MRE fraction,[]
saits,air_quality_132,AirQuality-132,imputation,author,paper_mask,0.1,mre,lower,,,,,,0,5,[],"[26, 27, 28, 29, 30]",0.193,,,,,,not_run,缺少结果文件,"{""mean"": 0.193, ""source"": ""configs/reproducibility/saits/timeseries_references.v1.json"", ""citation"": ""https://arxiv.org/abs/2202.08516"", ""metric_scale"": ""author standardized variables; MRE fraction""}",model_seed,author standardized variables; MRE fraction,[]
brits,air_quality_132,AirQuality-132,imputation,author,paper_mask,0.1,mae,lower,,,,,,0,5,[],"[26, 27, 28, 29, 30]",0.153,,,,,,not_run,缺少结果文件,"{""mean"": 0.153, ""source"": ""configs/reproducibility/saits/timeseries_references.v1.json"", ""citation"": ""https://arxiv.org/abs/2202.08516"", ""metric_scale"": ""author standardized variables; MRE fraction""}",model_seed,author standardized variables; MRE fraction,[]
brits,air_quality_132,AirQuality-132,imputation,author,paper_mask,0.1,rmse,lower,,,,,,0,5,[],"[26, 27, 28, 29, 30]",0.525,,,,,,not_run,缺少结果文件,"{""mean"": 0.525, ""source"": ""configs/reproducibility/saits/timeseries_references.v1.json"", ""citation"": ""https://arxiv.org/abs/2202.08516"", ""metric_scale"": ""author standardized variables; MRE fraction""}",model_seed,author standardized variables; MRE fraction,[]
brits,air_quality_132,AirQuality-132,imputation,author,paper_mask,0.1,mre,lower,,,,,,0,5,[],"[26, 27, 28, 29, 30]",0.216,,,,,,not_run,缺少结果文件,"{""mean"": 0.216, ""source"": ""configs/reproducibility/saits/timeseries_references.v1.json"", ""citation"": ""https://arxiv.org/abs/2202.08516"", ""metric_scale"": ""author standardized variables; MRE fraction""}",model_seed,author standardized variables; MRE fraction,[]
saits,electricity,Electricity,imputation,author,paper_mask,0.1,mae,lower,,,,,,0,5,[],"[26, 27, 28, 29, 30]",0.735,,,,,,not_run,缺少结果文件,"{""mean"": 0.735, ""source"": ""configs/reproducibility/saits/timeseries_references.v1.json"", ""citation"": ""https://arxiv.org/abs/2202.08516"", ""metric_scale"": ""author standardized variables; MRE fraction""}",model_seed,author standardized variables; MRE fraction,[]
saits,electricity,Electricity,imputation,author,paper_mask,0.1,rmse,lower,,,,,,0,5,[],"[26, 27, 28, 29, 30]",1.162,,,,,,not_run,缺少结果文件,"{""mean"": 1.162, ""source"": ""configs/reproducibility/saits/timeseries_references.v1.json"", ""citation"": ""https://arxiv.org/abs/2202.08516"", ""metric_scale"": ""author standardized variables; MRE fraction""}",model_seed,author standardized variables; MRE fraction,[]
saits,electricity,Electricity,imputation,author,paper_mask,0.1,mre,lower,,,,,,0,5,[],"[26, 27, 28, 29, 30]",0.394,,,,,,not_run,缺少结果文件,"{""mean"": 0.394, ""source"": ""configs/reproducibility/saits/timeseries_references.v1.json"", ""citation"": ""https://arxiv.org/abs/2202.08516"", ""metric_scale"": ""author standardized variables; MRE fraction""}",model_seed,author standardized variables; MRE fraction,[]
brits,electricity,Electricity,imputation,author,paper_mask,0.1,mae,lower,,,,,,0,5,[],"[26, 27, 28, 29, 30]",0.847,,,,,,not_run,缺少结果文件,"{""mean"": 0.847, ""source"": ""configs/reproducibility/saits/timeseries_references.v1.json"", ""citation"": ""https://arxiv.org/abs/2202.08516"", ""metric_scale"": ""author standardized variables; MRE fraction""}",model_seed,author standardized variables; MRE fraction,[]
brits,electricity,Electricity,imputation,author,paper_mask,0.1,rmse,lower,,,,,,0,5,[],"[26, 27, 28, 29, 30]",1.322,,,,,,not_run,缺少结果文件,"{""mean"": 1.322, ""source"": ""configs/reproducibility/saits/timeseries_references.v1.json"", ""citation"": ""https://arxiv.org/abs/2202.08516"", ""metric_scale"": ""author standardized variables; MRE fraction""}",model_seed,author standardized variables; MRE fraction,[]
brits,electricity,Electricity,imputation,author,paper_mask,0.1,mre,lower,,,,,,0,5,[],"[26, 27, 28, 29, 30]",0.453,,,,,,not_run,缺少结果文件,"{""mean"": 0.453, ""source"": ""configs/reproducibility/saits/timeseries_references.v1.json"", ""citation"": ""https://arxiv.org/abs/2202.08516"", ""metric_scale"": ""author standardized variables; MRE fraction""}",model_seed,author standardized variables; MRE fraction,[]
saits,electricity,Electricity,imputation,author,paper_mask,0.2,mae,lower,,,,,,0,5,[],"[26, 27, 28, 29, 30]",0.763,,,,,,not_run,缺少结果文件,"{""mean"": 0.763, ""source"": ""configs/reproducibility/saits/timeseries_references.v1.json"", ""citation"": ""https://arxiv.org/abs/2202.08516"", ""metric_scale"": ""author standardized variables; MRE fraction""}",model_seed,author standardized variables; MRE fraction,[]
saits,electricity,Electricity,imputation,author,paper_mask,0.2,rmse,lower,,,,,,0,5,[],"[26, 27, 28, 29, 30]",1.187,,,,,,not_run,缺少结果文件,"{""mean"": 1.187, ""source"": ""configs/reproducibility/saits/timeseries_references.v1.json"", ""citation"": ""https://arxiv.org/abs/2202.08516"", ""metric_scale"": ""author standardized variables; MRE fraction""}",model_seed,author standardized variables; MRE fraction,[]
saits,electricity,Electricity,imputation,author,paper_mask,0.2,mre,lower,,,,,,0,5,[],"[26, 27, 28, 29, 30]",0.408,,,,,,not_run,缺少结果文件,"{""mean"": 0.408, ""source"": ""configs/reproducibility/saits/timeseries_references.v1.json"", ""citation"": ""https://arxiv.org/abs/2202.08516"", ""metric_scale"": ""author standardized variables; MRE fraction""}",model_seed,author standardized variables; MRE fraction,[]
brits,electricity,Electricity,imputation,author,paper_mask,0.2,mae,lower,,,,,,0,5,[],"[26, 27, 28, 29, 30]",0.928,,,,,,not_run,缺少结果文件,"{""mean"": 0.928, ""source"": ""configs/reproducibility/saits/timeseries_references.v1.json"", ""citation"": ""https://arxiv.org/abs/2202.08516"", ""metric_scale"": ""author standardized variables; MRE fraction""}",model_seed,author standardized variables; MRE fraction,[]
brits,electricity,Electricity,imputation,author,paper_mask,0.2,rmse,lower,,,,,,0,5,[],"[26, 27, 28, 29, 30]",1.395,,,,,,not_run,缺少结果文件,"{""mean"": 1.395, ""source"": ""configs/reproducibility/saits/timeseries_references.v1.json"", ""citation"": ""https://arxiv.org/abs/2202.08516"", ""metric_scale"": ""author standardized variables; MRE fraction""}",model_seed,author standardized variables; MRE fraction,[]
brits,electricity,Electricity,imputation,author,paper_mask,0.2,mre,lower,,,,,,0,5,[],"[26, 27, 28, 29, 30]",0.497,,,,,,not_run,缺少结果文件,"{""mean"": 0.497, ""source"": ""configs/reproducibility/saits/timeseries_references.v1.json"", ""citation"": ""https://arxiv.org/abs/2202.08516"", ""metric_scale"": ""author standardized variables; MRE fraction""}",model_seed,author standardized variables; MRE fraction,[]
saits,electricity,Electricity,imputation,author,paper_mask,0.3,mae,lower,,,,,,0,5,[],"[26, 27, 28, 29, 30]",0.79,,,,,,not_run,缺少结果文件,"{""mean"": 0.79, ""source"": ""configs/reproducibility/saits/timeseries_references.v1.json"", ""citation"": ""https://arxiv.org/abs/2202.08516"", ""metric_scale"": ""author standardized variables; MRE fraction""}",model_seed,author standardized variables; MRE fraction,[]
saits,electricity,Electricity,imputation,author,paper_mask,0.3,rmse,lower,,,,,,0,5,[],"[26, 27, 28, 29, 30]",1.223,,,,,,not_run,缺少结果文件,"{""mean"": 1.223, ""source"": ""configs/reproducibility/saits/timeseries_references.v1.json"", ""citation"": ""https://arxiv.org/abs/2202.08516"", ""metric_scale"": ""author standardized variables; MRE fraction""}",model_seed,author standardized variables; MRE fraction,[]
saits,electricity,Electricity,imputation,author,paper_mask,0.3,mre,lower,,,,,,0,5,[],"[26, 27, 28, 29, 30]",0.423,,,,,,not_run,缺少结果文件,"{""mean"": 0.423, ""source"": ""configs/reproducibility/saits/timeseries_references.v1.json"", ""citation"": ""https://arxiv.org/abs/2202.08516"", ""metric_scale"": ""author standardized variables; MRE fraction""}",model_seed,author standardized variables; MRE fraction,[]
brits,electricity,Electricity,imputation,author,paper_mask,0.3,mae,lower,,,,,,0,5,[],"[26, 27, 28, 29, 30]",0.943,,,,,,not_run,缺少结果文件,"{""mean"": 0.943, ""source"": ""configs/reproducibility/saits/timeseries_references.v1.json"", ""citation"": ""https://arxiv.org/abs/2202.08516"", ""metric_scale"": ""author standardized variables; MRE fraction""}",model_seed,author standardized variables; MRE fraction,[]
brits,electricity,Electricity,imputation,author,paper_mask,0.3,rmse,lower,,,,,,0,5,[],"[26, 27, 28, 29, 30]",1.435,,,,,,not_run,缺少结果文件,"{""mean"": 1.435, ""source"": ""configs/reproducibility/saits/timeseries_references.v1.json"", ""citation"": ""https://arxiv.org/abs/2202.08516"", ""metric_scale"": ""author standardized variables; MRE fraction""}",model_seed,author standardized variables; MRE fraction,[]
brits,electricity,Electricity,imputation,author,paper_mask,0.3,mre,lower,,,,,,0,5,[],"[26, 27, 28, 29, 30]",0.504,,,,,,not_run,缺少结果文件,"{""mean"": 0.504, ""source"": ""configs/reproducibility/saits/timeseries_references.v1.json"", ""citation"": ""https://arxiv.org/abs/2202.08516"", ""metric_scale"": ""author standardized variables; MRE fraction""}",model_seed,author standardized variables; MRE fraction,[]
saits,electricity,Electricity,imputation,author,paper_mask,0.4,mae,lower,,,,,,0,5,[],"[26, 27, 28, 29, 30]",0.869,,,,,,not_run,缺少结果文件,"{""mean"": 0.869, ""source"": ""configs/reproducibility/saits/timeseries_references.v1.json"", ""citation"": ""https://arxiv.org/abs/2202.08516"", ""metric_scale"": ""author standardized variables; MRE fraction""}",model_seed,author standardized variables; MRE fraction,[]
saits,electricity,Electricity,imputation,author,paper_mask,0.4,rmse,lower,,,,,,0,5,[],"[26, 27, 28, 29, 30]",1.314,,,,,,not_run,缺少结果文件,"{""mean"": 1.314, ""source"": ""configs/reproducibility/saits/timeseries_references.v1.json"", ""citation"": ""https://arxiv.org/abs/2202.08516"", ""metric_scale"": ""author standardized variables; MRE fraction""}",model_seed,author standardized variables; MRE fraction,[]
saits,electricity,Electricity,imputation,author,paper_mask,0.4,mre,lower,,,,,,0,5,[],"[26, 27, 28, 29, 30]",0.467,,,,,,not_run,缺少结果文件,"{""mean"": 0.467, ""source"": ""configs/reproducibility/saits/timeseries_references.v1.json"", ""citation"": ""https://arxiv.org/abs/2202.08516"", ""metric_scale"": ""author standardized variables; MRE fraction""}",model_seed,author standardized variables; MRE fraction,[]
brits,electricity,Electricity,imputation,author,paper_mask,0.4,mae,lower,,,,,,0,5,[],"[26, 27, 28, 29, 30]",0.996,,,,,,not_run,缺少结果文件,"{""mean"": 0.996, ""source"": ""configs/reproducibility/saits/timeseries_references.v1.json"", ""citation"": ""https://arxiv.org/abs/2202.08516"", ""metric_scale"": ""author standardized variables; MRE fraction""}",model_seed,author standardized variables; MRE fraction,[]
brits,electricity,Electricity,imputation,author,paper_mask,0.4,rmse,lower,,,,,,0,5,[],"[26, 27, 28, 29, 30]",1.504,,,,,,not_run,缺少结果文件,"{""mean"": 1.504, ""source"": ""configs/reproducibility/saits/timeseries_references.v1.json"", ""citation"": ""https://arxiv.org/abs/2202.08516"", ""metric_scale"": ""author standardized variables; MRE fraction""}",model_seed,author standardized variables; MRE fraction,[]
brits,electricity,Electricity,imputation,author,paper_mask,0.4,mre,lower,,,,,,0,5,[],"[26, 27, 28, 29, 30]",0.534,,,,,,not_run,缺少结果文件,"{""mean"": 0.534, ""source"": ""configs/reproducibility/saits/timeseries_references.v1.json"", ""citation"": ""https://arxiv.org/abs/2202.08516"", ""metric_scale"": ""author standardized variables; MRE fraction""}",model_seed,author standardized variables; MRE fraction,[]
saits,electricity,Electricity,imputation,author,paper_mask,0.5,mae,lower,,,,,,0,5,[],"[26, 27, 28, 29, 30]",0.876,,,,,,not_run,缺少结果文件,"{""mean"": 0.876, ""source"": ""configs/reproducibility/saits/timeseries_references.v1.json"", ""citation"": ""https://arxiv.org/abs/2202.08516"", ""metric_scale"": ""author standardized variables; MRE fraction""}",model_seed,author standardized variables; MRE fraction,[]
saits,electricity,Electricity,imputation,author,paper_mask,0.5,rmse,lower,,,,,,0,5,[],"[26, 27, 28, 29, 30]",1.377,,,,,,not_run,缺少结果文件,"{""mean"": 1.377, ""source"": ""configs/reproducibility/saits/timeseries_references.v1.json"", ""citation"": ""https://arxiv.org/abs/2202.08516"", ""metric_scale"": ""author standardized variables; MRE fraction""}",model_seed,author standardized variables; MRE fraction,[]
saits,electricity,Electricity,imputation,author,paper_mask,0.5,mre,lower,,,,,,0,5,[],"[26, 27, 28, 29, 30]",0.469,,,,,,not_run,缺少结果文件,"{""mean"": 0.469, ""source"": ""configs/reproducibility/saits/timeseries_references.v1.json"", ""citation"": ""https://arxiv.org/abs/2202.08516"", ""metric_scale"": ""author standardized variables; MRE fraction""}",model_seed,author standardized variables; MRE fraction,[]
brits,electricity,Electricity,imputation,author,paper_mask,0.5,mae,lower,,,,,,0,5,[],"[26, 27, 28, 29, 30]",1.037,,,,,,not_run,缺少结果文件,"{""mean"": 1.037, ""source"": ""configs/reproducibility/saits/timeseries_references.v1.json"", ""citation"": ""https://arxiv.org/abs/2202.08516"", ""metric_scale"": ""author standardized variables; MRE fraction""}",model_seed,author standardized variables; MRE fraction,[]
brits,electricity,Electricity,imputation,author,paper_mask,0.5,rmse,lower,,,,,,0,5,[],"[26, 27, 28, 29, 30]",1.538,,,,,,not_run,缺少结果文件,"{""mean"": 1.538, ""source"": ""configs/reproducibility/saits/timeseries_references.v1.json"", ""citation"": ""https://arxiv.org/abs/2202.08516"", ""metric_scale"": ""author standardized variables; MRE fraction""}",model_seed,author standardized variables; MRE fraction,[]
brits,electricity,Electricity,imputation,author,paper_mask,0.5,mre,lower,,,,,,0,5,[],"[26, 27, 28, 29, 30]",0.555,,,,,,not_run,缺少结果文件,"{""mean"": 0.555, ""source"": ""configs/reproducibility/saits/timeseries_references.v1.json"", ""citation"": ""https://arxiv.org/abs/2202.08516"", ""metric_scale"": ""author standardized variables; MRE fraction""}",model_seed,author standardized variables; MRE fraction,[]
saits,electricity,Electricity,imputation,author,paper_mask,0.6,mae,lower,,,,,,0,5,[],"[26, 27, 28, 29, 30]",0.892,,,,,,not_run,缺少结果文件,"{""mean"": 0.892, ""source"": ""configs/reproducibility/saits/timeseries_references.v1.json"", ""citation"": ""https://arxiv.org/abs/2202.08516"", ""metric_scale"": ""author standardized variables; MRE fraction""}",model_seed,author standardized variables; MRE fraction,[]
saits,electricity,Electricity,imputation,author,paper_mask,0.6,rmse,lower,,,,,,0,5,[],"[26, 27, 28, 29, 30]",1.328,,,,,,not_run,缺少结果文件,"{""mean"": 1.328, ""source"": ""configs/reproducibility/saits/timeseries_references.v1.json"", ""citation"": ""https://arxiv.org/abs/2202.08516"", ""metric_scale"": ""author standardized variables; MRE fraction""}",model_seed,author standardized variables; MRE fraction,[]
saits,electricity,Electricity,imputation,author,paper_mask,0.6,mre,lower,,,,,,0,5,[],"[26, 27, 28, 29, 30]",0.479,,,,,,not_run,缺少结果文件,"{""mean"": 0.479, ""source"": ""configs/reproducibility/saits/timeseries_references.v1.json"", ""citation"": ""https://arxiv.org/abs/2202.08516"", ""metric_scale"": ""author standardized variables; MRE fraction""}",model_seed,author standardized variables; MRE fraction,[]
brits,electricity,Electricity,imputation,author,paper_mask,0.6,mae,lower,,,,,,0,5,[],"[26, 27, 28, 29, 30]",1.101,,,,,,not_run,缺少结果文件,"{""mean"": 1.101, ""source"": ""configs/reproducibility/saits/timeseries_references.v1.json"", ""citation"": ""https://arxiv.org/abs/2202.08516"", ""metric_scale"": ""author standardized variables; MRE fraction""}",model_seed,author standardized variables; MRE fraction,[]
brits,electricity,Electricity,imputation,author,paper_mask,0.6,rmse,lower,,,,,,0,5,[],"[26, 27, 28, 29, 30]",1.602,,,,,,not_run,缺少结果文件,"{""mean"": 1.602, ""source"": ""configs/reproducibility/saits/timeseries_references.v1.json"", ""citation"": ""https://arxiv.org/abs/2202.08516"", ""metric_scale"": ""author standardized variables; MRE fraction""}",model_seed,author standardized variables; MRE fraction,[]
brits,electricity,Electricity,imputation,author,paper_mask,0.6,mre,lower,,,,,,0,5,[],"[26, 27, 28, 29, 30]",0.59,,,,,,not_run,缺少结果文件,"{""mean"": 0.59, ""source"": ""configs/reproducibility/saits/timeseries_references.v1.json"", ""citation"": ""https://arxiv.org/abs/2202.08516"", ""metric_scale"": ""author standardized variables; MRE fraction""}",model_seed,author standardized variables; MRE fraction,[]
saits,electricity,Electricity,imputation,author,paper_mask,0.7,mae,lower,,,,,,0,5,[],"[26, 27, 28, 29, 30]",0.898,,,,,,not_run,缺少结果文件,"{""mean"": 0.898, ""source"": ""configs/reproducibility/saits/timeseries_references.v1.json"", ""citation"": ""https://arxiv.org/abs/2202.08516"", ""metric_scale"": ""author standardized variables; MRE fraction""}",model_seed,author standardized variables; MRE fraction,[]
saits,electricity,Electricity,imputation,author,paper_mask,0.7,rmse,lower,,,,,,0,5,[],"[26, 27, 28, 29, 30]",1.273,,,,,,not_run,缺少结果文件,"{""mean"": 1.273, ""source"": ""configs/reproducibility/saits/timeseries_references.v1.json"", ""citation"": ""https://arxiv.org/abs/2202.08516"", ""metric_scale"": ""author standardized variables; MRE fraction""}",model_seed,author standardized variables; MRE fraction,[]
saits,electricity,Electricity,imputation,author,paper_mask,0.7,mre,lower,,,,,,0,5,[],"[26, 27, 28, 29, 30]",0.481,,,,,,not_run,缺少结果文件,"{""mean"": 0.481, ""source"": ""configs/reproducibility/saits/timeseries_references.v1.json"", ""citation"": ""https://arxiv.org/abs/2202.08516"", ""metric_scale"": ""author standardized variables; MRE fraction""}",model_seed,author standardized variables; MRE fraction,[]
brits,electricity,Electricity,imputation,author,paper_mask,0.7,mae,lower,,,,,,0,5,[],"[26, 27, 28, 29, 30]",1.09,,,,,,not_run,缺少结果文件,"{""mean"": 1.09, ""source"": ""configs/reproducibility/saits/timeseries_references.v1.json"", ""citation"": ""https://arxiv.org/abs/2202.08516"", ""metric_scale"": ""author standardized variables; MRE fraction""}",model_seed,author standardized variables; MRE fraction,[]
brits,electricity,Electricity,imputation,author,paper_mask,0.7,rmse,lower,,,,,,0,5,[],"[26, 27, 28, 29, 30]",1.617,,,,,,not_run,缺少结果文件,"{""mean"": 1.617, ""source"": ""configs/reproducibility/saits/timeseries_references.v1.json"", ""citation"": ""https://arxiv.org/abs/2202.08516"", ""metric_scale"": ""author standardized variables; MRE fraction""}",model_seed,author standardized variables; MRE fraction,[]
brits,electricity,Electricity,imputation,author,paper_mask,0.7,mre,lower,,,,,,0,5,[],"[26, 27, 28, 29, 30]",0.584,,,,,,not_run,缺少结果文件,"{""mean"": 0.584, ""source"": ""configs/reproducibility/saits/timeseries_references.v1.json"", ""citation"": ""https://arxiv.org/abs/2202.08516"", ""metric_scale"": ""author standardized variables; MRE fraction""}",model_seed,author standardized variables; MRE fraction,[]
saits,electricity,Electricity,imputation,author,paper_mask,0.8,mae,lower,,,,,,0,5,[],"[26, 27, 28, 29, 30]",0.908,,,,,,not_run,缺少结果文件,"{""mean"": 0.908, ""source"": ""configs/reproducibility/saits/timeseries_references.v1.json"", ""citation"": ""https://arxiv.org/abs/2202.08516"", ""metric_scale"": ""author standardized variables; MRE fraction""}",model_seed,author standardized variables; MRE fraction,[]
saits,electricity,Electricity,imputation,author,paper_mask,0.8,rmse,lower,,,,,,0,5,[],"[26, 27, 28, 29, 30]",1.327,,,,,,not_run,缺少结果文件,"{""mean"": 1.327, ""source"": ""configs/reproducibility/saits/timeseries_references.v1.json"", ""citation"": ""https://arxiv.org/abs/2202.08516"", ""metric_scale"": ""author standardized variables; MRE fraction""}",model_seed,author standardized variables; MRE fraction,[]
saits,electricity,Electricity,imputation,author,paper_mask,0.8,mre,lower,,,,,,0,5,[],"[26, 27, 28, 29, 30]",0.486,,,,,,not_run,缺少结果文件,"{""mean"": 0.486, ""source"": ""configs/reproducibility/saits/timeseries_references.v1.json"", ""citation"": ""https://arxiv.org/abs/2202.08516"", ""metric_scale"": ""author standardized variables; MRE fraction""}",model_seed,author standardized variables; MRE fraction,[]
brits,electricity,Electricity,imputation,author,paper_mask,0.8,mae,lower,,,,,,0,5,[],"[26, 27, 28, 29, 30]",1.138,,,,,,not_run,缺少结果文件,"{""mean"": 1.138, ""source"": ""configs/reproducibility/saits/timeseries_references.v1.json"", ""citation"": ""https://arxiv.org/abs/2202.08516"", ""metric_scale"": ""author standardized variables; MRE fraction""}",model_seed,author standardized variables; MRE fraction,[]
brits,electricity,Electricity,imputation,author,paper_mask,0.8,rmse,lower,,,,,,0,5,[],"[26, 27, 28, 29, 30]",1.665,,,,,,not_run,缺少结果文件,"{""mean"": 1.665, ""source"": ""configs/reproducibility/saits/timeseries_references.v1.json"", ""citation"": ""https://arxiv.org/abs/2202.08516"", ""metric_scale"": ""author standardized variables; MRE fraction""}",model_seed,author standardized variables; MRE fraction,[]
brits,electricity,Electricity,imputation,author,paper_mask,0.8,mre,lower,,,,,,0,5,[],"[26, 27, 28, 29, 30]",0.61,,,,,,not_run,缺少结果文件,"{""mean"": 0.61, ""source"": ""configs/reproducibility/saits/timeseries_references.v1.json"", ""citation"": ""https://arxiv.org/abs/2202.08516"", ""metric_scale"": ""author standardized variables; MRE fraction""}",model_seed,author standardized variables; MRE fraction,[]
saits,electricity,Electricity,imputation,author,paper_mask,0.9,mae,lower,,,,,,0,5,[],"[26, 27, 28, 29, 30]",0.933,,,,,,not_run,缺少结果文件,"{""mean"": 0.933, ""source"": ""configs/reproducibility/saits/timeseries_references.v1.json"", ""citation"": ""https://arxiv.org/abs/2202.08516"", ""metric_scale"": ""author standardized variables; MRE fraction""}",model_seed,author standardized variables; MRE fraction,[]
saits,electricity,Electricity,imputation,author,paper_mask,0.9,rmse,lower,,,,,,0,5,[],"[26, 27, 28, 29, 30]",1.354,,,,,,not_run,缺少结果文件,"{""mean"": 1.354, ""source"": ""configs/reproducibility/saits/timeseries_references.v1.json"", ""citation"": ""https://arxiv.org/abs/2202.08516"", ""metric_scale"": ""author standardized variables; MRE fraction""}",model_seed,author standardized variables; MRE fraction,[]
saits,electricity,Electricity,imputation,author,paper_mask,0.9,mre,lower,,,,,,0,5,[],"[26, 27, 28, 29, 30]",0.499,,,,,,not_run,缺少结果文件,"{""mean"": 0.499, ""source"": ""configs/reproducibility/saits/timeseries_references.v1.json"", ""citation"": ""https://arxiv.org/abs/2202.08516"", ""metric_scale"": ""author standardized variables; MRE fraction""}",model_seed,author standardized variables; MRE fraction,[]
brits,electricity,Electricity,imputation,author,paper_mask,0.9,mae,lower,,,,,,0,5,[],"[26, 27, 28, 29, 30]",1.163,,,,,,not_run,缺少结果文件,"{""mean"": 1.163, ""source"": ""configs/reproducibility/saits/timeseries_references.v1.json"", ""citation"": ""https://arxiv.org/abs/2202.08516"", ""metric_scale"": ""author standardized variables; MRE fraction""}",model_seed,author standardized variables; MRE fraction,[]
brits,electricity,Electricity,imputation,author,paper_mask,0.9,rmse,lower,,,,,,0,5,[],"[26, 27, 28, 29, 30]",1.702,,,,,,not_run,缺少结果文件,"{""mean"": 1.702, ""source"": ""configs/reproducibility/saits/timeseries_references.v1.json"", ""citation"": ""https://arxiv.org/abs/2202.08516"", ""metric_scale"": ""author standardized variables; MRE fraction""}",model_seed,author standardized variables; MRE fraction,[]
brits,electricity,Electricity,imputation,author,paper_mask,0.9,mre,lower,,,,,,0,5,[],"[26, 27, 28, 29, 30]",0.623,,,,,,not_run,缺少结果文件,"{""mean"": 0.623, ""source"": ""configs/reproducibility/saits/timeseries_references.v1.json"", ""citation"": ""https://arxiv.org/abs/2202.08516"", ""metric_scale"": ""author standardized variables; MRE fraction""}",model_seed,author standardized variables; MRE fraction,[]
saits_base,ett,ETT,imputation,author,paper_mask,0.1,mae,lower,,,,,,0,5,[],"[26, 27, 28, 29, 30]",0.121,,,,,,not_run,缺少结果文件,"{""mean"": 0.121, ""source"": ""configs/reproducibility/saits/timeseries_references.v1.json"", ""citation"": ""https://arxiv.org/abs/2202.08516"", ""metric_scale"": ""author standardized variables; MRE fraction""}",model_seed,author standardized variables; MRE fraction,[]
saits_base,ett,ETT,imputation,author,paper_mask,0.1,rmse,lower,,,,,,0,5,[],"[26, 27, 28, 29, 30]",0.197,,,,,,not_run,缺少结果文件,"{""mean"": 0.197, ""source"": ""configs/reproducibility/saits/timeseries_references.v1.json"", ""citation"": ""https://arxiv.org/abs/2202.08516"", ""metric_scale"": ""author standardized variables; MRE fraction""}",model_seed,author standardized variables; MRE fraction,[]
saits_base,ett,ETT,imputation,author,paper_mask,0.1,mre,lower,,,,,,0,5,[],"[26, 27, 28, 29, 30]",0.116,,,,,,not_run,缺少结果文件,"{""mean"": 0.116, ""source"": ""configs/reproducibility/saits/timeseries_references.v1.json"", ""citation"": ""https://arxiv.org/abs/2202.08516"", ""metric_scale"": ""author standardized variables; MRE fraction""}",model_seed,author standardized variables; MRE fraction,[]
saits,air_quality_132,AirQuality-132,imputation,corrected,paper_mask,0.1,mae,lower,,,,,,0,5,[],"[26, 27, 28, 29, 30]",0.137,,,,,,not_run,缺少结果文件,"{""mean"": 0.137, ""source"": ""configs/reproducibility/saits/timeseries_references.v1.json"", ""citation"": ""https://arxiv.org/abs/2202.08516"", ""metric_scale"": ""author standardized variables; MRE fraction""}",model_seed,author standardized variables; MRE fraction,[]
saits,air_quality_132,AirQuality-132,imputation,corrected,paper_mask,0.1,rmse,lower,,,,,,0,5,[],"[26, 27, 28, 29, 30]",0.518,,,,,,not_run,缺少结果文件,"{""mean"": 0.518, ""source"": ""configs/reproducibility/saits/timeseries_references.v1.json"", ""citation"": ""https://arxiv.org/abs/2202.08516"", ""metric_scale"": ""author standardized variables; MRE fraction""}",model_seed,author standardized variables; MRE fraction,[]
saits,air_quality_132,AirQuality-132,imputation,corrected,paper_mask,0.1,mre,lower,,,,,,0,5,[],"[26, 27, 28, 29, 30]",0.193,,,,,,not_run,缺少结果文件,"{""mean"": 0.193, ""source"": ""configs/reproducibility/saits/timeseries_references.v1.json"", ""citation"": ""https://arxiv.org/abs/2202.08516"", ""metric_scale"": ""author standardized variables; MRE fraction""}",model_seed,author standardized variables; MRE fraction,[]
brits,air_quality_132,AirQuality-132,imputation,corrected,paper_mask,0.1,mae,lower,,,,,,0,5,[],"[26, 27, 28, 29, 30]",0.153,,,,,,not_run,缺少结果文件,"{""mean"": 0.153, ""source"": ""configs/reproducibility/saits/timeseries_references.v1.json"", ""citation"": ""https://arxiv.org/abs/2202.08516"", ""metric_scale"": ""author standardized variables; MRE fraction""}",model_seed,author standardized variables; MRE fraction,[]
brits,air_quality_132,AirQuality-132,imputation,corrected,paper_mask,0.1,rmse,lower,,,,,,0,5,[],"[26, 27, 28, 29, 30]",0.525,,,,,,not_run,缺少结果文件,"{""mean"": 0.525, ""source"": ""configs/reproducibility/saits/timeseries_references.v1.json"", ""citation"": ""https://arxiv.org/abs/2202.08516"", ""metric_scale"": ""author standardized variables; MRE fraction""}",model_seed,author standardized variables; MRE fraction,[]
brits,air_quality_132,AirQuality-132,imputation,corrected,paper_mask,0.1,mre,lower,,,,,,0,5,[],"[26, 27, 28, 29, 30]",0.216,,,,,,not_run,缺少结果文件,"{""mean"": 0.216, ""source"": ""configs/reproducibility/saits/timeseries_references.v1.json"", ""citation"": ""https://arxiv.org/abs/2202.08516"", ""metric_scale"": ""author standardized variables; MRE fraction""}",model_seed,author standardized variables; MRE fraction,[]
saits,electricity,Electricity,imputation,corrected,paper_mask,0.1,mae,lower,,,,,,0,5,[],"[26, 27, 28, 29, 30]",0.735,,,,,,not_run,缺少结果文件,"{""mean"": 0.735, ""source"": ""configs/reproducibility/saits/timeseries_references.v1.json"", ""citation"": ""https://arxiv.org/abs/2202.08516"", ""metric_scale"": ""author standardized variables; MRE fraction""}",model_seed,author standardized variables; MRE fraction,[]
saits,electricity,Electricity,imputation,corrected,paper_mask,0.1,rmse,lower,,,,,,0,5,[],"[26, 27, 28, 29, 30]",1.162,,,,,,not_run,缺少结果文件,"{""mean"": 1.162, ""source"": ""configs/reproducibility/saits/timeseries_references.v1.json"", ""citation"": ""https://arxiv.org/abs/2202.08516"", ""metric_scale"": ""author standardized variables; MRE fraction""}",model_seed,author standardized variables; MRE fraction,[]
saits,electricity,Electricity,imputation,corrected,paper_mask,0.1,mre,lower,,,,,,0,5,[],"[26, 27, 28, 29, 30]",0.394,,,,,,not_run,缺少结果文件,"{""mean"": 0.394, ""source"": ""configs/reproducibility/saits/timeseries_references.v1.json"", ""citation"": ""https://arxiv.org/abs/2202.08516"", ""metric_scale"": ""author standardized variables; MRE fraction""}",model_seed,author standardized variables; MRE fraction,[]
brits,electricity,Electricity,imputation,corrected,paper_mask,0.1,mae,lower,,,,,,0,5,[],"[26, 27, 28, 29, 30]",0.847,,,,,,not_run,缺少结果文件,"{""mean"": 0.847, ""source"": ""configs/reproducibility/saits/timeseries_references.v1.json"", ""citation"": ""https://arxiv.org/abs/2202.08516"", ""metric_scale"": ""author standardized variables; MRE fraction""}",model_seed,author standardized variables; MRE fraction,[]
brits,electricity,Electricity,imputation,corrected,paper_mask,0.1,rmse,lower,,,,,,0,5,[],"[26, 27, 28, 29, 30]",1.322,,,,,,not_run,缺少结果文件,"{""mean"": 1.322, ""source"": ""configs/reproducibility/saits/timeseries_references.v1.json"", ""citation"": ""https://arxiv.org/abs/2202.08516"", ""metric_scale"": ""author standardized variables; MRE fraction""}",model_seed,author standardized variables; MRE fraction,[]
brits,electricity,Electricity,imputation,corrected,paper_mask,0.1,mre,lower,,,,,,0,5,[],"[26, 27, 28, 29, 30]",0.453,,,,,,not_run,缺少结果文件,"{""mean"": 0.453, ""source"": ""configs/reproducibility/saits/timeseries_references.v1.json"", ""citation"": ""https://arxiv.org/abs/2202.08516"", ""metric_scale"": ""author standardized variables; MRE fraction""}",model_seed,author standardized variables; MRE fraction,[]
saits,electricity,Electricity,imputation,corrected,paper_mask,0.2,mae,lower,,,,,,0,5,[],"[26, 27, 28, 29, 30]",0.763,,,,,,not_run,缺少结果文件,"{""mean"": 0.763, ""source"": ""configs/reproducibility/saits/timeseries_references.v1.json"", ""citation"": ""https://arxiv.org/abs/2202.08516"", ""metric_scale"": ""author standardized variables; MRE fraction""}",model_seed,author standardized variables; MRE fraction,[]
saits,electricity,Electricity,imputation,corrected,paper_mask,0.2,rmse,lower,,,,,,0,5,[],"[26, 27, 28, 29, 30]",1.187,,,,,,not_run,缺少结果文件,"{""mean"": 1.187, ""source"": ""configs/reproducibility/saits/timeseries_references.v1.json"", ""citation"": ""https://arxiv.org/abs/2202.08516"", ""metric_scale"": ""author standardized variables; MRE fraction""}",model_seed,author standardized variables; MRE fraction,[]
saits,electricity,Electricity,imputation,corrected,paper_mask,0.2,mre,lower,,,,,,0,5,[],"[26, 27, 28, 29, 30]",0.408,,,,,,not_run,缺少结果文件,"{""mean"": 0.408, ""source"": ""configs/reproducibility/saits/timeseries_references.v1.json"", ""citation"": ""https://arxiv.org/abs/2202.08516"", ""metric_scale"": ""author standardized variables; MRE fraction""}",model_seed,author standardized variables; MRE fraction,[]
brits,electricity,Electricity,imputation,corrected,paper_mask,0.2,mae,lower,,,,,,0,5,[],"[26, 27, 28, 29, 30]",0.928,,,,,,not_run,缺少结果文件,"{""mean"": 0.928, ""source"": ""configs/reproducibility/saits/timeseries_references.v1.json"", ""citation"": ""https://arxiv.org/abs/2202.08516"", ""metric_scale"": ""author standardized variables; MRE fraction""}",model_seed,author standardized variables; MRE fraction,[]
brits,electricity,Electricity,imputation,corrected,paper_mask,0.2,rmse,lower,,,,,,0,5,[],"[26, 27, 28, 29, 30]",1.395,,,,,,not_run,缺少结果文件,"{""mean"": 1.395, ""source"": ""configs/reproducibility/saits/timeseries_references.v1.json"", ""citation"": ""https://arxiv.org/abs/2202.08516"", ""metric_scale"": ""author standardized variables; MRE fraction""}",model_seed,author standardized variables; MRE fraction,[]
brits,electricity,Electricity,imputation,corrected,paper_mask,0.2,mre,lower,,,,,,0,5,[],"[26, 27, 28, 29, 30]",0.497,,,,,,not_run,缺少结果文件,"{""mean"": 0.497, ""source"": ""configs/reproducibility/saits/timeseries_references.v1.json"", ""citation"": ""https://arxiv.org/abs/2202.08516"", ""metric_scale"": ""author standardized variables; MRE fraction""}",model_seed,author standardized variables; MRE fraction,[]
saits,electricity,Electricity,imputation,corrected,paper_mask,0.3,mae,lower,,,,,,0,5,[],"[26, 27, 28, 29, 30]",0.79,,,,,,not_run,缺少结果文件,"{""mean"": 0.79, ""source"": ""configs/reproducibility/saits/timeseries_references.v1.json"", ""citation"": ""https://arxiv.org/abs/2202.08516"", ""metric_scale"": ""author standardized variables; MRE fraction""}",model_seed,author standardized variables; MRE fraction,[]
saits,electricity,Electricity,imputation,corrected,paper_mask,0.3,rmse,lower,,,,,,0,5,[],"[26, 27, 28, 29, 30]",1.223,,,,,,not_run,缺少结果文件,"{""mean"": 1.223, ""source"": ""configs/reproducibility/saits/timeseries_references.v1.json"", ""citation"": ""https://arxiv.org/abs/2202.08516"", ""metric_scale"": ""author standardized variables; MRE fraction""}",model_seed,author standardized variables; MRE fraction,[]
saits,electricity,Electricity,imputation,corrected,paper_mask,0.3,mre,lower,,,,,,0,5,[],"[26, 27, 28, 29, 30]",0.423,,,,,,not_run,缺少结果文件,"{""mean"": 0.423, ""source"": ""configs/reproducibility/saits/timeseries_references.v1.json"", ""citation"": ""https://arxiv.org/abs/2202.08516"", ""metric_scale"": ""author standardized variables; MRE fraction""}",model_seed,author standardized variables; MRE fraction,[]
brits,electricity,Electricity,imputation,corrected,paper_mask,0.3,mae,lower,,,,,,0,5,[],"[26, 27, 28, 29, 30]",0.943,,,,,,not_run,缺少结果文件,"{""mean"": 0.943, ""source"": ""configs/reproducibility/saits/timeseries_references.v1.json"", ""citation"": ""https://arxiv.org/abs/2202.08516"", ""metric_scale"": ""author standardized variables; MRE fraction""}",model_seed,author standardized variables; MRE fraction,[]
brits,electricity,Electricity,imputation,corrected,paper_mask,0.3,rmse,lower,,,,,,0,5,[],"[26, 27, 28, 29, 30]",1.435,,,,,,not_run,缺少结果文件,"{""mean"": 1.435, ""source"": ""configs/reproducibility/saits/timeseries_references.v1.json"", ""citation"": ""https://arxiv.org/abs/2202.08516"", ""metric_scale"": ""author standardized variables; MRE fraction""}",model_seed,author standardized variables; MRE fraction,[]
brits,electricity,Electricity,imputation,corrected,paper_mask,0.3,mre,lower,,,,,,0,5,[],"[26, 27, 28, 29, 30]",0.504,,,,,,not_run,缺少结果文件,"{""mean"": 0.504, ""source"": ""configs/reproducibility/saits/timeseries_references.v1.json"", ""citation"": ""https://arxiv.org/abs/2202.08516"", ""metric_scale"": ""author standardized variables; MRE fraction""}",model_seed,author standardized variables; MRE fraction,[]
saits,electricity,Electricity,imputation,corrected,paper_mask,0.4,mae,lower,,,,,,0,5,[],"[26, 27, 28, 29, 30]",0.869,,,,,,not_run,缺少结果文件,"{""mean"": 0.869, ""source"": ""configs/reproducibility/saits/timeseries_references.v1.json"", ""citation"": ""https://arxiv.org/abs/2202.08516"", ""metric_scale"": ""author standardized variables; MRE fraction""}",model_seed,author standardized variables; MRE fraction,[]
saits,electricity,Electricity,imputation,corrected,paper_mask,0.4,rmse,lower,,,,,,0,5,[],"[26, 27, 28, 29, 30]",1.314,,,,,,not_run,缺少结果文件,"{""mean"": 1.314, ""source"": ""configs/reproducibility/saits/timeseries_references.v1.json"", ""citation"": ""https://arxiv.org/abs/2202.08516"", ""metric_scale"": ""author standardized variables; MRE fraction""}",model_seed,author standardized variables; MRE fraction,[]
saits,electricity,Electricity,imputation,corrected,paper_mask,0.4,mre,lower,,,,,,0,5,[],"[26, 27, 28, 29, 30]",0.467,,,,,,not_run,缺少结果文件,"{""mean"": 0.467, ""source"": ""configs/reproducibility/saits/timeseries_references.v1.json"", ""citation"": ""https://arxiv.org/abs/2202.08516"", ""metric_scale"": ""author standardized variables; MRE fraction""}",model_seed,author standardized variables; MRE fraction,[]
brits,electricity,Electricity,imputation,corrected,paper_mask,0.4,mae,lower,,,,,,0,5,[],"[26, 27, 28, 29, 30]",0.996,,,,,,not_run,缺少结果文件,"{""mean"": 0.996, ""source"": ""configs/reproducibility/saits/timeseries_references.v1.json"", ""citation"": ""https://arxiv.org/abs/2202.08516"", ""metric_scale"": ""author standardized variables; MRE fraction""}",model_seed,author standardized variables; MRE fraction,[]
brits,electricity,Electricity,imputation,corrected,paper_mask,0.4,rmse,lower,,,,,,0,5,[],"[26, 27, 28, 29, 30]",1.504,,,,,,not_run,缺少结果文件,"{""mean"": 1.504, ""source"": ""configs/reproducibility/saits/timeseries_references.v1.json"", ""citation"": ""https://arxiv.org/abs/2202.08516"", ""metric_scale"": ""author standardized variables; MRE fraction""}",model_seed,author standardized variables; MRE fraction,[]
brits,electricity,Electricity,imputation,corrected,paper_mask,0.4,mre,lower,,,,,,0,5,[],"[26, 27, 28, 29, 30]",0.534,,,,,,not_run,缺少结果文件,"{""mean"": 0.534, ""source"": ""configs/reproducibility/saits/timeseries_references.v1.json"", ""citation"": ""https://arxiv.org/abs/2202.08516"", ""metric_scale"": ""author standardized variables; MRE fraction""}",model_seed,author standardized variables; MRE fraction,[]
saits,electricity,Electricity,imputation,corrected,paper_mask,0.5,mae,lower,,,,,,0,5,[],"[26, 27, 28, 29, 30]",0.876,,,,,,not_run,缺少结果文件,"{""mean"": 0.876, ""source"": ""configs/reproducibility/saits/timeseries_references.v1.json"", ""citation"": ""https://arxiv.org/abs/2202.08516"", ""metric_scale"": ""author standardized variables; MRE fraction""}",model_seed,author standardized variables; MRE fraction,[]
saits,electricity,Electricity,imputation,corrected,paper_mask,0.5,rmse,lower,,,,,,0,5,[],"[26, 27, 28, 29, 30]",1.377,,,,,,not_run,缺少结果文件,"{""mean"": 1.377, ""source"": ""configs/reproducibility/saits/timeseries_references.v1.json"", ""citation"": ""https://arxiv.org/abs/2202.08516"", ""metric_scale"": ""author standardized variables; MRE fraction""}",model_seed,author standardized variables; MRE fraction,[]
saits,electricity,Electricity,imputation,corrected,paper_mask,0.5,mre,lower,,,,,,0,5,[],"[26, 27, 28, 29, 30]",0.469,,,,,,not_run,缺少结果文件,"{""mean"": 0.469, ""source"": ""configs/reproducibility/saits/timeseries_references.v1.json"", ""citation"": ""https://arxiv.org/abs/2202.08516"", ""metric_scale"": ""author standardized variables; MRE fraction""}",model_seed,author standardized variables; MRE fraction,[]
brits,electricity,Electricity,imputation,corrected,paper_mask,0.5,mae,lower,,,,,,0,5,[],"[26, 27, 28, 29, 30]",1.037,,,,,,not_run,缺少结果文件,"{""mean"": 1.037, ""source"": ""configs/reproducibility/saits/timeseries_references.v1.json"", ""citation"": ""https://arxiv.org/abs/2202.08516"", ""metric_scale"": ""author standardized variables; MRE fraction""}",model_seed,author standardized variables; MRE fraction,[]
brits,electricity,Electricity,imputation,corrected,paper_mask,0.5,rmse,lower,,,,,,0,5,[],"[26, 27, 28, 29, 30]",1.538,,,,,,not_run,缺少结果文件,"{""mean"": 1.538, ""source"": ""configs/reproducibility/saits/timeseries_references.v1.json"", ""citation"": ""https://arxiv.org/abs/2202.08516"", ""metric_scale"": ""author standardized variables; MRE fraction""}",model_seed,author standardized variables; MRE fraction,[]
brits,electricity,Electricity,imputation,corrected,paper_mask,0.5,mre,lower,,,,,,0,5,[],"[26, 27, 28, 29, 30]",0.555,,,,,,not_run,缺少结果文件,"{""mean"": 0.555, ""source"": ""configs/reproducibility/saits/timeseries_references.v1.json"", ""citation"": ""https://arxiv.org/abs/2202.08516"", ""metric_scale"": ""author standardized variables; MRE fraction""}",model_seed,author standardized variables; MRE fraction,[]
saits,electricity,Electricity,imputation,corrected,paper_mask,0.6,mae,lower,,,,,,0,5,[],"[26, 27, 28, 29, 30]",0.892,,,,,,not_run,缺少结果文件,"{""mean"": 0.892, ""source"": ""configs/reproducibility/saits/timeseries_references.v1.json"", ""citation"": ""https://arxiv.org/abs/2202.08516"", ""metric_scale"": ""author standardized variables; MRE fraction""}",model_seed,author standardized variables; MRE fraction,[]
saits,electricity,Electricity,imputation,corrected,paper_mask,0.6,rmse,lower,,,,,,0,5,[],"[26, 27, 28, 29, 30]",1.328,,,,,,not_run,缺少结果文件,"{""mean"": 1.328, ""source"": ""configs/reproducibility/saits/timeseries_references.v1.json"", ""citation"": ""https://arxiv.org/abs/2202.08516"", ""metric_scale"": ""author standardized variables; MRE fraction""}",model_seed,author standardized variables; MRE fraction,[]
saits,electricity,Electricity,imputation,corrected,paper_mask,0.6,mre,lower,,,,,,0,5,[],"[26, 27, 28, 29, 30]",0.479,,,,,,not_run,缺少结果文件,"{""mean"": 0.479, ""source"": ""configs/reproducibility/saits/timeseries_references.v1.json"", ""citation"": ""https://arxiv.org/abs/2202.08516"", ""metric_scale"": ""author standardized variables; MRE fraction""}",model_seed,author standardized variables; MRE fraction,[]
brits,electricity,Electricity,imputation,corrected,paper_mask,0.6,mae,lower,,,,,,0,5,[],"[26, 27, 28, 29, 30]",1.101,,,,,,not_run,缺少结果文件,"{""mean"": 1.101, ""source"": ""configs/reproducibility/saits/timeseries_references.v1.json"", ""citation"": ""https://arxiv.org/abs/2202.08516"", ""metric_scale"": ""author standardized variables; MRE fraction""}",model_seed,author standardized variables; MRE fraction,[]
brits,electricity,Electricity,imputation,corrected,paper_mask,0.6,rmse,lower,,,,,,0,5,[],"[26, 27, 28, 29, 30]",1.602,,,,,,not_run,缺少结果文件,"{""mean"": 1.602, ""source"": ""configs/reproducibility/saits/timeseries_references.v1.json"", ""citation"": ""https://arxiv.org/abs/2202.08516"", ""metric_scale"": ""author standardized variables; MRE fraction""}",model_seed,author standardized variables; MRE fraction,[]
brits,electricity,Electricity,imputation,corrected,paper_mask,0.6,mre,lower,,,,,,0,5,[],"[26, 27, 28, 29, 30]",0.59,,,,,,not_run,缺少结果文件,"{""mean"": 0.59, ""source"": ""configs/reproducibility/saits/timeseries_references.v1.json"", ""citation"": ""https://arxiv.org/abs/2202.08516"", ""metric_scale"": ""author standardized variables; MRE fraction""}",model_seed,author standardized variables; MRE fraction,[]
saits,electricity,Electricity,imputation,corrected,paper_mask,0.7,mae,lower,,,,,,0,5,[],"[26, 27, 28, 29, 30]",0.898,,,,,,not_run,缺少结果文件,"{""mean"": 0.898, ""source"": ""configs/reproducibility/saits/timeseries_references.v1.json"", ""citation"": ""https://arxiv.org/abs/2202.08516"", ""metric_scale"": ""author standardized variables; MRE fraction""}",model_seed,author standardized variables; MRE fraction,[]
saits,electricity,Electricity,imputation,corrected,paper_mask,0.7,rmse,lower,,,,,,0,5,[],"[26, 27, 28, 29, 30]",1.273,,,,,,not_run,缺少结果文件,"{""mean"": 1.273, ""source"": ""configs/reproducibility/saits/timeseries_references.v1.json"", ""citation"": ""https://arxiv.org/abs/2202.08516"", ""metric_scale"": ""author standardized variables; MRE fraction""}",model_seed,author standardized variables; MRE fraction,[]
saits,electricity,Electricity,imputation,corrected,paper_mask,0.7,mre,lower,,,,,,0,5,[],"[26, 27, 28, 29, 30]",0.481,,,,,,not_run,缺少结果文件,"{""mean"": 0.481, ""source"": ""configs/reproducibility/saits/timeseries_references.v1.json"", ""citation"": ""https://arxiv.org/abs/2202.08516"", ""metric_scale"": ""author standardized variables; MRE fraction""}",model_seed,author standardized variables; MRE fraction,[]
brits,electricity,Electricity,imputation,corrected,paper_mask,0.7,mae,lower,,,,,,0,5,[],"[26, 27, 28, 29, 30]",1.09,,,,,,not_run,缺少结果文件,"{""mean"": 1.09, ""source"": ""configs/reproducibility/saits/timeseries_references.v1.json"", ""citation"": ""https://arxiv.org/abs/2202.08516"", ""metric_scale"": ""author standardized variables; MRE fraction""}",model_seed,author standardized variables; MRE fraction,[]
brits,electricity,Electricity,imputation,corrected,paper_mask,0.7,rmse,lower,,,,,,0,5,[],"[26, 27, 28, 29, 30]",1.617,,,,,,not_run,缺少结果文件,"{""mean"": 1.617, ""source"": ""configs/reproducibility/saits/timeseries_references.v1.json"", ""citation"": ""https://arxiv.org/abs/2202.08516"", ""metric_scale"": ""author standardized variables; MRE fraction""}",model_seed,author standardized variables; MRE fraction,[]
brits,electricity,Electricity,imputation,corrected,paper_mask,0.7,mre,lower,,,,,,0,5,[],"[26, 27, 28, 29, 30]",0.584,,,,,,not_run,缺少结果文件,"{""mean"": 0.584, ""source"": ""configs/reproducibility/saits/timeseries_references.v1.json"", ""citation"": ""https://arxiv.org/abs/2202.08516"", ""metric_scale"": ""author standardized variables; MRE fraction""}",model_seed,author standardized variables; MRE fraction,[]
saits,electricity,Electricity,imputation,corrected,paper_mask,0.8,mae,lower,,,,,,0,5,[],"[26, 27, 28, 29, 30]",0.908,,,,,,not_run,缺少结果文件,"{""mean"": 0.908, ""source"": ""configs/reproducibility/saits/timeseries_references.v1.json"", ""citation"": ""https://arxiv.org/abs/2202.08516"", ""metric_scale"": ""author standardized variables; MRE fraction""}",model_seed,author standardized variables; MRE fraction,[]
saits,electricity,Electricity,imputation,corrected,paper_mask,0.8,rmse,lower,,,,,,0,5,[],"[26, 27, 28, 29, 30]",1.327,,,,,,not_run,缺少结果文件,"{""mean"": 1.327, ""source"": ""configs/reproducibility/saits/timeseries_references.v1.json"", ""citation"": ""https://arxiv.org/abs/2202.08516"", ""metric_scale"": ""author standardized variables; MRE fraction""}",model_seed,author standardized variables; MRE fraction,[]
saits,electricity,Electricity,imputation,corrected,paper_mask,0.8,mre,lower,,,,,,0,5,[],"[26, 27, 28, 29, 30]",0.486,,,,,,not_run,缺少结果文件,"{""mean"": 0.486, ""source"": ""configs/reproducibility/saits/timeseries_references.v1.json"", ""citation"": ""https://arxiv.org/abs/2202.08516"", ""metric_scale"": ""author standardized variables; MRE fraction""}",model_seed,author standardized variables; MRE fraction,[]
brits,electricity,Electricity,imputation,corrected,paper_mask,0.8,mae,lower,,,,,,0,5,[],"[26, 27, 28, 29, 30]",1.138,,,,,,not_run,缺少结果文件,"{""mean"": 1.138, ""source"": ""configs/reproducibility/saits/timeseries_references.v1.json"", ""citation"": ""https://arxiv.org/abs/2202.08516"", ""metric_scale"": ""author standardized variables; MRE fraction""}",model_seed,author standardized variables; MRE fraction,[]
brits,electricity,Electricity,imputation,corrected,paper_mask,0.8,rmse,lower,,,,,,0,5,[],"[26, 27, 28, 29, 30]",1.665,,,,,,not_run,缺少结果文件,"{""mean"": 1.665, ""source"": ""configs/reproducibility/saits/timeseries_references.v1.json"", ""citation"": ""https://arxiv.org/abs/2202.08516"", ""metric_scale"": ""author standardized variables; MRE fraction""}",model_seed,author standardized variables; MRE fraction,[]
brits,electricity,Electricity,imputation,corrected,paper_mask,0.8,mre,lower,,,,,,0,5,[],"[26, 27, 28, 29, 30]",0.61,,,,,,not_run,缺少结果文件,"{""mean"": 0.61, ""source"": ""configs/reproducibility/saits/timeseries_references.v1.json"", ""citation"": ""https://arxiv.org/abs/2202.08516"", ""metric_scale"": ""author standardized variables; MRE fraction""}",model_seed,author standardized variables; MRE fraction,[]
saits,electricity,Electricity,imputation,corrected,paper_mask,0.9,mae,lower,,,,,,0,5,[],"[26, 27, 28, 29, 30]",0.933,,,,,,not_run,缺少结果文件,"{""mean"": 0.933, ""source"": ""configs/reproducibility/saits/timeseries_references.v1.json"", ""citation"": ""https://arxiv.org/abs/2202.08516"", ""metric_scale"": ""author standardized variables; MRE fraction""}",model_seed,author standardized variables; MRE fraction,[]
saits,electricity,Electricity,imputation,corrected,paper_mask,0.9,rmse,lower,,,,,,0,5,[],"[26, 27, 28, 29, 30]",1.354,,,,,,not_run,缺少结果文件,"{""mean"": 1.354, ""source"": ""configs/reproducibility/saits/timeseries_references.v1.json"", ""citation"": ""https://arxiv.org/abs/2202.08516"", ""metric_scale"": ""author standardized variables; MRE fraction""}",model_seed,author standardized variables; MRE fraction,[]
saits,electricity,Electricity,imputation,corrected,paper_mask,0.9,mre,lower,,,,,,0,5,[],"[26, 27, 28, 29, 30]",0.499,,,,,,not_run,缺少结果文件,"{""mean"": 0.499, ""source"": ""configs/reproducibility/saits/timeseries_references.v1.json"", ""citation"": ""https://arxiv.org/abs/2202.08516"", ""metric_scale"": ""author standardized variables; MRE fraction""}",model_seed,author standardized variables; MRE fraction,[]
brits,electricity,Electricity,imputation,corrected,paper_mask,0.9,mae,lower,,,,,,0,5,[],"[26, 27, 28, 29, 30]",1.163,,,,,,not_run,缺少结果文件,"{""mean"": 1.163, ""source"": ""configs/reproducibility/saits/timeseries_references.v1.json"", ""citation"": ""https://arxiv.org/abs/2202.08516"", ""metric_scale"": ""author standardized variables; MRE fraction""}",model_seed,author standardized variables; MRE fraction,[]
brits,electricity,Electricity,imputation,corrected,paper_mask,0.9,rmse,lower,,,,,,0,5,[],"[26, 27, 28, 29, 30]",1.702,,,,,,not_run,缺少结果文件,"{""mean"": 1.702, ""source"": ""configs/reproducibility/saits/timeseries_references.v1.json"", ""citation"": ""https://arxiv.org/abs/2202.08516"", ""metric_scale"": ""author standardized variables; MRE fraction""}",model_seed,author standardized variables; MRE fraction,[]
brits,electricity,Electricity,imputation,corrected,paper_mask,0.9,mre,lower,,,,,,0,5,[],"[26, 27, 28, 29, 30]",0.623,,,,,,not_run,缺少结果文件,"{""mean"": 0.623, ""source"": ""configs/reproducibility/saits/timeseries_references.v1.json"", ""citation"": ""https://arxiv.org/abs/2202.08516"", ""metric_scale"": ""author standardized variables; MRE fraction""}",model_seed,author standardized variables; MRE fraction,[]
saits_base,ett,ETT,imputation,corrected,paper_mask,0.1,mae,lower,,,,,,0,5,[],"[26, 27, 28, 29, 30]",0.121,,,,,,not_run,缺少结果文件,"{""mean"": 0.121, ""source"": ""configs/reproducibility/saits/timeseries_references.v1.json"", ""citation"": ""https://arxiv.org/abs/2202.08516"", ""metric_scale"": ""author standardized variables; MRE fraction""}",model_seed,author standardized variables; MRE fraction,[]
saits_base,ett,ETT,imputation,corrected,paper_mask,0.1,rmse,lower,,,,,,0,5,[],"[26, 27, 28, 29, 30]",0.197,,,,,,not_run,缺少结果文件,"{""mean"": 0.197, ""source"": ""configs/reproducibility/saits/timeseries_references.v1.json"", ""citation"": ""https://arxiv.org/abs/2202.08516"", ""metric_scale"": ""author standardized variables; MRE fraction""}",model_seed,author standardized variables; MRE fraction,[]
saits_base,ett,ETT,imputation,corrected,paper_mask,0.1,mre,lower,,,,,,0,5,[],"[26, 27, 28, 29, 30]",0.116,,,,,,not_run,缺少结果文件,"{""mean"": 0.116, ""source"": ""configs/reproducibility/saits/timeseries_references.v1.json"", ""citation"": ""https://arxiv.org/abs/2202.08516"", ""metric_scale"": ""author standardized variables; MRE fraction""}",model_seed,author standardized variables; MRE fraction,[]
grin,air36,Air-36,imputation,author_protocol,paper_mask,,mae,lower,,,,,,0,5,[],"[2026, 2027, 2028, 2029, 2030]",12.08,,0.47,,,,not_run,缺少结果文件,"{""mean"": 12.08, ""reported_spread"": 0.47, ""source"": ""configs/reproducibility/grin_references.v1.json"", ""citation"": ""https://arxiv.org/abs/2108.00298"", ""metric_scale"": ""original Air physical scale""}",model_seed,original Air physical scale,[]
grin,air36,Air-36,imputation,author_protocol,paper_mask,,mse,lower,,,,,,0,5,[],"[2026, 2027, 2028, 2029, 2030]",523.14,,57.17,,,,not_run,缺少结果文件,"{""mean"": 523.14, ""reported_spread"": 57.17, ""source"": ""configs/reproducibility/grin_references.v1.json"", ""citation"": ""https://arxiv.org/abs/2108.00298"", ""metric_scale"": ""original Air physical scale""}",model_seed,original Air physical scale,[]
grin,air36,Air-36,imputation,author_protocol,paper_mask,,mre,lower,,,,,,0,5,[],"[2026, 2027, 2028, 2029, 2030]",0.17,,0.0067,,,,not_run,缺少结果文件,"{""mean"": 0.17, ""reported_spread"": 0.0067, ""source"": ""configs/reproducibility/grin_references.v1.json"", ""citation"": ""https://arxiv.org/abs/2108.00298"", ""metric_scale"": ""original Air physical scale""}",model_seed,original Air physical scale,[]
grin,air,AQI-437,imputation,author_protocol,paper_mask,,mae,lower,,,,,,0,5,[],"[2026, 2027, 2028, 2029, 2030]",14.73,,0.15,,,,not_run,缺少结果文件,"{""mean"": 14.73, ""reported_spread"": 0.15, ""source"": ""configs/reproducibility/grin_references.v1.json"", ""citation"": ""https://arxiv.org/abs/2108.00298"", ""metric_scale"": ""original Air physical scale""}",model_seed,original Air physical scale,[]
grin,air,AQI-437,imputation,author_protocol,paper_mask,,mse,lower,,,,,,0,5,[],"[2026, 2027, 2028, 2029, 2030]",775.91,,28.49,,,,not_run,缺少结果文件,"{""mean"": 775.91, ""reported_spread"": 28.49, ""source"": ""configs/reproducibility/grin_references.v1.json"", ""citation"": ""https://arxiv.org/abs/2108.00298"", ""metric_scale"": ""original Air physical scale""}",model_seed,original Air physical scale,[]
grin,air,AQI-437,imputation,author_protocol,paper_mask,,mre,lower,,,,,,0,5,[],"[2026, 2027, 2028, 2029, 2030]",0.2182,,0.0023,,,,not_run,缺少结果文件,"{""mean"": 0.2182, ""reported_spread"": 0.0023, ""source"": ""configs/reproducibility/grin_references.v1.json"", ""citation"": ""https://arxiv.org/abs/2108.00298"", ""metric_scale"": ""original Air physical scale""}",model_seed,original Air physical scale,[]
csdi,tep,TEP,imputation,industrial_imputation_transfer,point,0.1,mae,lower,,,,,,0,5,[],"[2026, 2027, 2028, 2029, 2030]",,,,,,,not_run,新数据插补迁移；不属于异常检测或原论文复现,,model_seed,see run protocol,[]
csdi,tep,TEP,imputation,industrial_imputation_transfer,point,0.1,rmse,lower,,,,,,0,5,[],"[2026, 2027, 2028, 2029, 2030]",,,,,,,not_run,新数据插补迁移；不属于异常检测或原论文复现,,model_seed,see run protocol,[]
csdi,tep,TEP,imputation,industrial_imputation_transfer,point,0.1,crps,lower,,,,,,0,5,[],"[2026, 2027, 2028, 2029, 2030]",,,,,,,not_run,新数据插补迁移；不属于异常检测或原论文复现,,model_seed,see run protocol,[]
cfmi,tep,TEP,imputation,industrial_imputation_transfer,point,0.1,mae,lower,,,,,,0,5,[],"[2026, 2027, 2028, 2029, 2030]",,,,,,,not_run,新数据插补迁移；不属于异常检测或原论文复现,,model_seed,see run protocol,[]
cfmi,tep,TEP,imputation,industrial_imputation_transfer,point,0.1,rmse,lower,,,,,,0,5,[],"[2026, 2027, 2028, 2029, 2030]",,,,,,,not_run,新数据插补迁移；不属于异常检测或原论文复现,,model_seed,see run protocol,[]
cfmi,tep,TEP,imputation,industrial_imputation_transfer,point,0.1,crps,lower,,,,,,0,5,[],"[2026, 2027, 2028, 2029, 2030]",,,,,,,not_run,新数据插补迁移；不属于异常检测或原论文复现,,model_seed,see run protocol,[]
csdi,tep,TEP,imputation,industrial_imputation_transfer,point,0.5,mae,lower,,,,,,0,5,[],"[2026, 2027, 2028, 2029, 2030]",,,,,,,not_run,新数据插补迁移；不属于异常检测或原论文复现,,model_seed,see run protocol,[]
csdi,tep,TEP,imputation,industrial_imputation_transfer,point,0.5,rmse,lower,,,,,,0,5,[],"[2026, 2027, 2028, 2029, 2030]",,,,,,,not_run,新数据插补迁移；不属于异常检测或原论文复现,,model_seed,see run protocol,[]
csdi,tep,TEP,imputation,industrial_imputation_transfer,point,0.5,crps,lower,,,,,,0,5,[],"[2026, 2027, 2028, 2029, 2030]",,,,,,,not_run,新数据插补迁移；不属于异常检测或原论文复现,,model_seed,see run protocol,[]
cfmi,tep,TEP,imputation,industrial_imputation_transfer,point,0.5,mae,lower,,,,,,0,5,[],"[2026, 2027, 2028, 2029, 2030]",,,,,,,not_run,新数据插补迁移；不属于异常检测或原论文复现,,model_seed,see run protocol,[]
cfmi,tep,TEP,imputation,industrial_imputation_transfer,point,0.5,rmse,lower,,,,,,0,5,[],"[2026, 2027, 2028, 2029, 2030]",,,,,,,not_run,新数据插补迁移；不属于异常检测或原论文复现,,model_seed,see run protocol,[]
cfmi,tep,TEP,imputation,industrial_imputation_transfer,point,0.5,crps,lower,,,,,,0,5,[],"[2026, 2027, 2028, 2029, 2030]",,,,,,,not_run,新数据插补迁移；不属于异常检测或原论文复现,,model_seed,see run protocol,[]
csdi,tep,TEP,imputation,industrial_imputation_transfer,point,0.9,mae,lower,,,,,,0,5,[],"[2026, 2027, 2028, 2029, 2030]",,,,,,,not_run,新数据插补迁移；不属于异常检测或原论文复现,,model_seed,see run protocol,[]
csdi,tep,TEP,imputation,industrial_imputation_transfer,point,0.9,rmse,lower,,,,,,0,5,[],"[2026, 2027, 2028, 2029, 2030]",,,,,,,not_run,新数据插补迁移；不属于异常检测或原论文复现,,model_seed,see run protocol,[]
csdi,tep,TEP,imputation,industrial_imputation_transfer,point,0.9,crps,lower,,,,,,0,5,[],"[2026, 2027, 2028, 2029, 2030]",,,,,,,not_run,新数据插补迁移；不属于异常检测或原论文复现,,model_seed,see run protocol,[]
cfmi,tep,TEP,imputation,industrial_imputation_transfer,point,0.9,mae,lower,,,,,,0,5,[],"[2026, 2027, 2028, 2029, 2030]",,,,,,,not_run,新数据插补迁移；不属于异常检测或原论文复现,,model_seed,see run protocol,[]
cfmi,tep,TEP,imputation,industrial_imputation_transfer,point,0.9,rmse,lower,,,,,,0,5,[],"[2026, 2027, 2028, 2029, 2030]",,,,,,,not_run,新数据插补迁移；不属于异常检测或原论文复现,,model_seed,see run protocol,[]
cfmi,tep,TEP,imputation,industrial_imputation_transfer,point,0.9,crps,lower,,,,,,0,5,[],"[2026, 2027, 2028, 2029, 2030]",,,,,,,not_run,新数据插补迁移；不属于异常检测或原论文复现,,model_seed,see run protocol,[]
csdi,tep,TEP,imputation,industrial_imputation_transfer,block,0.1,mae,lower,,,,,,0,5,[],"[2026, 2027, 2028, 2029, 2030]",,,,,,,not_run,新数据插补迁移；不属于异常检测或原论文复现,,model_seed,see run protocol,[]
csdi,tep,TEP,imputation,industrial_imputation_transfer,block,0.1,rmse,lower,,,,,,0,5,[],"[2026, 2027, 2028, 2029, 2030]",,,,,,,not_run,新数据插补迁移；不属于异常检测或原论文复现,,model_seed,see run protocol,[]
csdi,tep,TEP,imputation,industrial_imputation_transfer,block,0.1,crps,lower,,,,,,0,5,[],"[2026, 2027, 2028, 2029, 2030]",,,,,,,not_run,新数据插补迁移；不属于异常检测或原论文复现,,model_seed,see run protocol,[]
cfmi,tep,TEP,imputation,industrial_imputation_transfer,block,0.1,mae,lower,,,,,,0,5,[],"[2026, 2027, 2028, 2029, 2030]",,,,,,,not_run,新数据插补迁移；不属于异常检测或原论文复现,,model_seed,see run protocol,[]
cfmi,tep,TEP,imputation,industrial_imputation_transfer,block,0.1,rmse,lower,,,,,,0,5,[],"[2026, 2027, 2028, 2029, 2030]",,,,,,,not_run,新数据插补迁移；不属于异常检测或原论文复现,,model_seed,see run protocol,[]
cfmi,tep,TEP,imputation,industrial_imputation_transfer,block,0.1,crps,lower,,,,,,0,5,[],"[2026, 2027, 2028, 2029, 2030]",,,,,,,not_run,新数据插补迁移；不属于异常检测或原论文复现,,model_seed,see run protocol,[]
csdi,tep,TEP,imputation,industrial_imputation_transfer,block,0.5,mae,lower,,,,,,0,5,[],"[2026, 2027, 2028, 2029, 2030]",,,,,,,not_run,新数据插补迁移；不属于异常检测或原论文复现,,model_seed,see run protocol,[]
csdi,tep,TEP,imputation,industrial_imputation_transfer,block,0.5,rmse,lower,,,,,,0,5,[],"[2026, 2027, 2028, 2029, 2030]",,,,,,,not_run,新数据插补迁移；不属于异常检测或原论文复现,,model_seed,see run protocol,[]
csdi,tep,TEP,imputation,industrial_imputation_transfer,block,0.5,crps,lower,,,,,,0,5,[],"[2026, 2027, 2028, 2029, 2030]",,,,,,,not_run,新数据插补迁移；不属于异常检测或原论文复现,,model_seed,see run protocol,[]
cfmi,tep,TEP,imputation,industrial_imputation_transfer,block,0.5,mae,lower,,,,,,0,5,[],"[2026, 2027, 2028, 2029, 2030]",,,,,,,not_run,新数据插补迁移；不属于异常检测或原论文复现,,model_seed,see run protocol,[]
cfmi,tep,TEP,imputation,industrial_imputation_transfer,block,0.5,rmse,lower,,,,,,0,5,[],"[2026, 2027, 2028, 2029, 2030]",,,,,,,not_run,新数据插补迁移；不属于异常检测或原论文复现,,model_seed,see run protocol,[]
cfmi,tep,TEP,imputation,industrial_imputation_transfer,block,0.5,crps,lower,,,,,,0,5,[],"[2026, 2027, 2028, 2029, 2030]",,,,,,,not_run,新数据插补迁移；不属于异常检测或原论文复现,,model_seed,see run protocol,[]
csdi,tep,TEP,imputation,industrial_imputation_transfer,block,0.9,mae,lower,,,,,,0,5,[],"[2026, 2027, 2028, 2029, 2030]",,,,,,,not_run,新数据插补迁移；不属于异常检测或原论文复现,,model_seed,see run protocol,[]
csdi,tep,TEP,imputation,industrial_imputation_transfer,block,0.9,rmse,lower,,,,,,0,5,[],"[2026, 2027, 2028, 2029, 2030]",,,,,,,not_run,新数据插补迁移；不属于异常检测或原论文复现,,model_seed,see run protocol,[]
csdi,tep,TEP,imputation,industrial_imputation_transfer,block,0.9,crps,lower,,,,,,0,5,[],"[2026, 2027, 2028, 2029, 2030]",,,,,,,not_run,新数据插补迁移；不属于异常检测或原论文复现,,model_seed,see run protocol,[]
cfmi,tep,TEP,imputation,industrial_imputation_transfer,block,0.9,mae,lower,,,,,,0,5,[],"[2026, 2027, 2028, 2029, 2030]",,,,,,,not_run,新数据插补迁移；不属于异常检测或原论文复现,,model_seed,see run protocol,[]
cfmi,tep,TEP,imputation,industrial_imputation_transfer,block,0.9,rmse,lower,,,,,,0,5,[],"[2026, 2027, 2028, 2029, 2030]",,,,,,,not_run,新数据插补迁移；不属于异常检测或原论文复现,,model_seed,see run protocol,[]
cfmi,tep,TEP,imputation,industrial_imputation_transfer,block,0.9,crps,lower,,,,,,0,5,[],"[2026, 2027, 2028, 2029, 2030]",,,,,,,not_run,新数据插补迁移；不属于异常检测或原论文复现,,model_seed,see run protocol,[]
csdi,tep,TEP,imputation,industrial_imputation_transfer,channel,0.1,mae,lower,,,,,,0,5,[],"[2026, 2027, 2028, 2029, 2030]",,,,,,,not_run,新数据插补迁移；不属于异常检测或原论文复现,,model_seed,see run protocol,[]
csdi,tep,TEP,imputation,industrial_imputation_transfer,channel,0.1,rmse,lower,,,,,,0,5,[],"[2026, 2027, 2028, 2029, 2030]",,,,,,,not_run,新数据插补迁移；不属于异常检测或原论文复现,,model_seed,see run protocol,[]
csdi,tep,TEP,imputation,industrial_imputation_transfer,channel,0.1,crps,lower,,,,,,0,5,[],"[2026, 2027, 2028, 2029, 2030]",,,,,,,not_run,新数据插补迁移；不属于异常检测或原论文复现,,model_seed,see run protocol,[]
cfmi,tep,TEP,imputation,industrial_imputation_transfer,channel,0.1,mae,lower,,,,,,0,5,[],"[2026, 2027, 2028, 2029, 2030]",,,,,,,not_run,新数据插补迁移；不属于异常检测或原论文复现,,model_seed,see run protocol,[]
cfmi,tep,TEP,imputation,industrial_imputation_transfer,channel,0.1,rmse,lower,,,,,,0,5,[],"[2026, 2027, 2028, 2029, 2030]",,,,,,,not_run,新数据插补迁移；不属于异常检测或原论文复现,,model_seed,see run protocol,[]
cfmi,tep,TEP,imputation,industrial_imputation_transfer,channel,0.1,crps,lower,,,,,,0,5,[],"[2026, 2027, 2028, 2029, 2030]",,,,,,,not_run,新数据插补迁移；不属于异常检测或原论文复现,,model_seed,see run protocol,[]
csdi,tep,TEP,imputation,industrial_imputation_transfer,channel,0.5,mae,lower,,,,,,0,5,[],"[2026, 2027, 2028, 2029, 2030]",,,,,,,not_run,新数据插补迁移；不属于异常检测或原论文复现,,model_seed,see run protocol,[]
csdi,tep,TEP,imputation,industrial_imputation_transfer,channel,0.5,rmse,lower,,,,,,0,5,[],"[2026, 2027, 2028, 2029, 2030]",,,,,,,not_run,新数据插补迁移；不属于异常检测或原论文复现,,model_seed,see run protocol,[]
csdi,tep,TEP,imputation,industrial_imputation_transfer,channel,0.5,crps,lower,,,,,,0,5,[],"[2026, 2027, 2028, 2029, 2030]",,,,,,,not_run,新数据插补迁移；不属于异常检测或原论文复现,,model_seed,see run protocol,[]
cfmi,tep,TEP,imputation,industrial_imputation_transfer,channel,0.5,mae,lower,,,,,,0,5,[],"[2026, 2027, 2028, 2029, 2030]",,,,,,,not_run,新数据插补迁移；不属于异常检测或原论文复现,,model_seed,see run protocol,[]
cfmi,tep,TEP,imputation,industrial_imputation_transfer,channel,0.5,rmse,lower,,,,,,0,5,[],"[2026, 2027, 2028, 2029, 2030]",,,,,,,not_run,新数据插补迁移；不属于异常检测或原论文复现,,model_seed,see run protocol,[]
cfmi,tep,TEP,imputation,industrial_imputation_transfer,channel,0.5,crps,lower,,,,,,0,5,[],"[2026, 2027, 2028, 2029, 2030]",,,,,,,not_run,新数据插补迁移；不属于异常检测或原论文复现,,model_seed,see run protocol,[]
csdi,tep,TEP,imputation,industrial_imputation_transfer,channel,0.9,mae,lower,,,,,,0,5,[],"[2026, 2027, 2028, 2029, 2030]",,,,,,,not_run,新数据插补迁移；不属于异常检测或原论文复现,,model_seed,see run protocol,[]
csdi,tep,TEP,imputation,industrial_imputation_transfer,channel,0.9,rmse,lower,,,,,,0,5,[],"[2026, 2027, 2028, 2029, 2030]",,,,,,,not_run,新数据插补迁移；不属于异常检测或原论文复现,,model_seed,see run protocol,[]
csdi,tep,TEP,imputation,industrial_imputation_transfer,channel,0.9,crps,lower,,,,,,0,5,[],"[2026, 2027, 2028, 2029, 2030]",,,,,,,not_run,新数据插补迁移；不属于异常检测或原论文复现,,model_seed,see run protocol,[]
cfmi,tep,TEP,imputation,industrial_imputation_transfer,channel,0.9,mae,lower,,,,,,0,5,[],"[2026, 2027, 2028, 2029, 2030]",,,,,,,not_run,新数据插补迁移；不属于异常检测或原论文复现,,model_seed,see run protocol,[]
cfmi,tep,TEP,imputation,industrial_imputation_transfer,channel,0.9,rmse,lower,,,,,,0,5,[],"[2026, 2027, 2028, 2029, 2030]",,,,,,,not_run,新数据插补迁移；不属于异常检测或原论文复现,,model_seed,see run protocol,[]
cfmi,tep,TEP,imputation,industrial_imputation_transfer,channel,0.9,crps,lower,,,,,,0,5,[],"[2026, 2027, 2028, 2029, 2030]",,,,,,,not_run,新数据插补迁移；不属于异常检测或原论文复现,,model_seed,see run protocol,[]
csdi,skab,SKAB,imputation,industrial_imputation_transfer,point,0.1,mae,lower,,,,,,0,5,[],"[2026, 2027, 2028, 2029, 2030]",,,,,,,not_run,新数据插补迁移；不属于异常检测或原论文复现,,model_seed,see run protocol,[]
csdi,skab,SKAB,imputation,industrial_imputation_transfer,point,0.1,rmse,lower,,,,,,0,5,[],"[2026, 2027, 2028, 2029, 2030]",,,,,,,not_run,新数据插补迁移；不属于异常检测或原论文复现,,model_seed,see run protocol,[]
csdi,skab,SKAB,imputation,industrial_imputation_transfer,point,0.1,crps,lower,,,,,,0,5,[],"[2026, 2027, 2028, 2029, 2030]",,,,,,,not_run,新数据插补迁移；不属于异常检测或原论文复现,,model_seed,see run protocol,[]
cfmi,skab,SKAB,imputation,industrial_imputation_transfer,point,0.1,mae,lower,,,,,,0,5,[],"[2026, 2027, 2028, 2029, 2030]",,,,,,,not_run,新数据插补迁移；不属于异常检测或原论文复现,,model_seed,see run protocol,[]
cfmi,skab,SKAB,imputation,industrial_imputation_transfer,point,0.1,rmse,lower,,,,,,0,5,[],"[2026, 2027, 2028, 2029, 2030]",,,,,,,not_run,新数据插补迁移；不属于异常检测或原论文复现,,model_seed,see run protocol,[]
cfmi,skab,SKAB,imputation,industrial_imputation_transfer,point,0.1,crps,lower,,,,,,0,5,[],"[2026, 2027, 2028, 2029, 2030]",,,,,,,not_run,新数据插补迁移；不属于异常检测或原论文复现,,model_seed,see run protocol,[]
csdi,skab,SKAB,imputation,industrial_imputation_transfer,point,0.5,mae,lower,,,,,,0,5,[],"[2026, 2027, 2028, 2029, 2030]",,,,,,,not_run,新数据插补迁移；不属于异常检测或原论文复现,,model_seed,see run protocol,[]
csdi,skab,SKAB,imputation,industrial_imputation_transfer,point,0.5,rmse,lower,,,,,,0,5,[],"[2026, 2027, 2028, 2029, 2030]",,,,,,,not_run,新数据插补迁移；不属于异常检测或原论文复现,,model_seed,see run protocol,[]
csdi,skab,SKAB,imputation,industrial_imputation_transfer,point,0.5,crps,lower,,,,,,0,5,[],"[2026, 2027, 2028, 2029, 2030]",,,,,,,not_run,新数据插补迁移；不属于异常检测或原论文复现,,model_seed,see run protocol,[]
cfmi,skab,SKAB,imputation,industrial_imputation_transfer,point,0.5,mae,lower,,,,,,0,5,[],"[2026, 2027, 2028, 2029, 2030]",,,,,,,not_run,新数据插补迁移；不属于异常检测或原论文复现,,model_seed,see run protocol,[]
cfmi,skab,SKAB,imputation,industrial_imputation_transfer,point,0.5,rmse,lower,,,,,,0,5,[],"[2026, 2027, 2028, 2029, 2030]",,,,,,,not_run,新数据插补迁移；不属于异常检测或原论文复现,,model_seed,see run protocol,[]
cfmi,skab,SKAB,imputation,industrial_imputation_transfer,point,0.5,crps,lower,,,,,,0,5,[],"[2026, 2027, 2028, 2029, 2030]",,,,,,,not_run,新数据插补迁移；不属于异常检测或原论文复现,,model_seed,see run protocol,[]
csdi,skab,SKAB,imputation,industrial_imputation_transfer,point,0.9,mae,lower,,,,,,0,5,[],"[2026, 2027, 2028, 2029, 2030]",,,,,,,not_run,新数据插补迁移；不属于异常检测或原论文复现,,model_seed,see run protocol,[]
csdi,skab,SKAB,imputation,industrial_imputation_transfer,point,0.9,rmse,lower,,,,,,0,5,[],"[2026, 2027, 2028, 2029, 2030]",,,,,,,not_run,新数据插补迁移；不属于异常检测或原论文复现,,model_seed,see run protocol,[]
csdi,skab,SKAB,imputation,industrial_imputation_transfer,point,0.9,crps,lower,,,,,,0,5,[],"[2026, 2027, 2028, 2029, 2030]",,,,,,,not_run,新数据插补迁移；不属于异常检测或原论文复现,,model_seed,see run protocol,[]
cfmi,skab,SKAB,imputation,industrial_imputation_transfer,point,0.9,mae,lower,,,,,,0,5,[],"[2026, 2027, 2028, 2029, 2030]",,,,,,,not_run,新数据插补迁移；不属于异常检测或原论文复现,,model_seed,see run protocol,[]
cfmi,skab,SKAB,imputation,industrial_imputation_transfer,point,0.9,rmse,lower,,,,,,0,5,[],"[2026, 2027, 2028, 2029, 2030]",,,,,,,not_run,新数据插补迁移；不属于异常检测或原论文复现,,model_seed,see run protocol,[]
cfmi,skab,SKAB,imputation,industrial_imputation_transfer,point,0.9,crps,lower,,,,,,0,5,[],"[2026, 2027, 2028, 2029, 2030]",,,,,,,not_run,新数据插补迁移；不属于异常检测或原论文复现,,model_seed,see run protocol,[]
csdi,skab,SKAB,imputation,industrial_imputation_transfer,block,0.1,mae,lower,,,,,,0,5,[],"[2026, 2027, 2028, 2029, 2030]",,,,,,,not_run,新数据插补迁移；不属于异常检测或原论文复现,,model_seed,see run protocol,[]
csdi,skab,SKAB,imputation,industrial_imputation_transfer,block,0.1,rmse,lower,,,,,,0,5,[],"[2026, 2027, 2028, 2029, 2030]",,,,,,,not_run,新数据插补迁移；不属于异常检测或原论文复现,,model_seed,see run protocol,[]
csdi,skab,SKAB,imputation,industrial_imputation_transfer,block,0.1,crps,lower,,,,,,0,5,[],"[2026, 2027, 2028, 2029, 2030]",,,,,,,not_run,新数据插补迁移；不属于异常检测或原论文复现,,model_seed,see run protocol,[]
cfmi,skab,SKAB,imputation,industrial_imputation_transfer,block,0.1,mae,lower,,,,,,0,5,[],"[2026, 2027, 2028, 2029, 2030]",,,,,,,not_run,新数据插补迁移；不属于异常检测或原论文复现,,model_seed,see run protocol,[]
cfmi,skab,SKAB,imputation,industrial_imputation_transfer,block,0.1,rmse,lower,,,,,,0,5,[],"[2026, 2027, 2028, 2029, 2030]",,,,,,,not_run,新数据插补迁移；不属于异常检测或原论文复现,,model_seed,see run protocol,[]
cfmi,skab,SKAB,imputation,industrial_imputation_transfer,block,0.1,crps,lower,,,,,,0,5,[],"[2026, 2027, 2028, 2029, 2030]",,,,,,,not_run,新数据插补迁移；不属于异常检测或原论文复现,,model_seed,see run protocol,[]
csdi,skab,SKAB,imputation,industrial_imputation_transfer,block,0.5,mae,lower,,,,,,0,5,[],"[2026, 2027, 2028, 2029, 2030]",,,,,,,not_run,新数据插补迁移；不属于异常检测或原论文复现,,model_seed,see run protocol,[]
csdi,skab,SKAB,imputation,industrial_imputation_transfer,block,0.5,rmse,lower,,,,,,0,5,[],"[2026, 2027, 2028, 2029, 2030]",,,,,,,not_run,新数据插补迁移；不属于异常检测或原论文复现,,model_seed,see run protocol,[]
csdi,skab,SKAB,imputation,industrial_imputation_transfer,block,0.5,crps,lower,,,,,,0,5,[],"[2026, 2027, 2028, 2029, 2030]",,,,,,,not_run,新数据插补迁移；不属于异常检测或原论文复现,,model_seed,see run protocol,[]
cfmi,skab,SKAB,imputation,industrial_imputation_transfer,block,0.5,mae,lower,,,,,,0,5,[],"[2026, 2027, 2028, 2029, 2030]",,,,,,,not_run,新数据插补迁移；不属于异常检测或原论文复现,,model_seed,see run protocol,[]
cfmi,skab,SKAB,imputation,industrial_imputation_transfer,block,0.5,rmse,lower,,,,,,0,5,[],"[2026, 2027, 2028, 2029, 2030]",,,,,,,not_run,新数据插补迁移；不属于异常检测或原论文复现,,model_seed,see run protocol,[]
cfmi,skab,SKAB,imputation,industrial_imputation_transfer,block,0.5,crps,lower,,,,,,0,5,[],"[2026, 2027, 2028, 2029, 2030]",,,,,,,not_run,新数据插补迁移；不属于异常检测或原论文复现,,model_seed,see run protocol,[]
csdi,skab,SKAB,imputation,industrial_imputation_transfer,block,0.9,mae,lower,,,,,,0,5,[],"[2026, 2027, 2028, 2029, 2030]",,,,,,,not_run,新数据插补迁移；不属于异常检测或原论文复现,,model_seed,see run protocol,[]
csdi,skab,SKAB,imputation,industrial_imputation_transfer,block,0.9,rmse,lower,,,,,,0,5,[],"[2026, 2027, 2028, 2029, 2030]",,,,,,,not_run,新数据插补迁移；不属于异常检测或原论文复现,,model_seed,see run protocol,[]
csdi,skab,SKAB,imputation,industrial_imputation_transfer,block,0.9,crps,lower,,,,,,0,5,[],"[2026, 2027, 2028, 2029, 2030]",,,,,,,not_run,新数据插补迁移；不属于异常检测或原论文复现,,model_seed,see run protocol,[]
cfmi,skab,SKAB,imputation,industrial_imputation_transfer,block,0.9,mae,lower,,,,,,0,5,[],"[2026, 2027, 2028, 2029, 2030]",,,,,,,not_run,新数据插补迁移；不属于异常检测或原论文复现,,model_seed,see run protocol,[]
cfmi,skab,SKAB,imputation,industrial_imputation_transfer,block,0.9,rmse,lower,,,,,,0,5,[],"[2026, 2027, 2028, 2029, 2030]",,,,,,,not_run,新数据插补迁移；不属于异常检测或原论文复现,,model_seed,see run protocol,[]
cfmi,skab,SKAB,imputation,industrial_imputation_transfer,block,0.9,crps,lower,,,,,,0,5,[],"[2026, 2027, 2028, 2029, 2030]",,,,,,,not_run,新数据插补迁移；不属于异常检测或原论文复现,,model_seed,see run protocol,[]
csdi,skab,SKAB,imputation,industrial_imputation_transfer,channel,0.1,mae,lower,,,,,,0,5,[],"[2026, 2027, 2028, 2029, 2030]",,,,,,,not_run,新数据插补迁移；不属于异常检测或原论文复现,,model_seed,see run protocol,[]
csdi,skab,SKAB,imputation,industrial_imputation_transfer,channel,0.1,rmse,lower,,,,,,0,5,[],"[2026, 2027, 2028, 2029, 2030]",,,,,,,not_run,新数据插补迁移；不属于异常检测或原论文复现,,model_seed,see run protocol,[]
csdi,skab,SKAB,imputation,industrial_imputation_transfer,channel,0.1,crps,lower,,,,,,0,5,[],"[2026, 2027, 2028, 2029, 2030]",,,,,,,not_run,新数据插补迁移；不属于异常检测或原论文复现,,model_seed,see run protocol,[]
cfmi,skab,SKAB,imputation,industrial_imputation_transfer,channel,0.1,mae,lower,,,,,,0,5,[],"[2026, 2027, 2028, 2029, 2030]",,,,,,,not_run,新数据插补迁移；不属于异常检测或原论文复现,,model_seed,see run protocol,[]
cfmi,skab,SKAB,imputation,industrial_imputation_transfer,channel,0.1,rmse,lower,,,,,,0,5,[],"[2026, 2027, 2028, 2029, 2030]",,,,,,,not_run,新数据插补迁移；不属于异常检测或原论文复现,,model_seed,see run protocol,[]
cfmi,skab,SKAB,imputation,industrial_imputation_transfer,channel,0.1,crps,lower,,,,,,0,5,[],"[2026, 2027, 2028, 2029, 2030]",,,,,,,not_run,新数据插补迁移；不属于异常检测或原论文复现,,model_seed,see run protocol,[]
csdi,skab,SKAB,imputation,industrial_imputation_transfer,channel,0.5,mae,lower,,,,,,0,5,[],"[2026, 2027, 2028, 2029, 2030]",,,,,,,not_run,新数据插补迁移；不属于异常检测或原论文复现,,model_seed,see run protocol,[]
csdi,skab,SKAB,imputation,industrial_imputation_transfer,channel,0.5,rmse,lower,,,,,,0,5,[],"[2026, 2027, 2028, 2029, 2030]",,,,,,,not_run,新数据插补迁移；不属于异常检测或原论文复现,,model_seed,see run protocol,[]
csdi,skab,SKAB,imputation,industrial_imputation_transfer,channel,0.5,crps,lower,,,,,,0,5,[],"[2026, 2027, 2028, 2029, 2030]",,,,,,,not_run,新数据插补迁移；不属于异常检测或原论文复现,,model_seed,see run protocol,[]
cfmi,skab,SKAB,imputation,industrial_imputation_transfer,channel,0.5,mae,lower,,,,,,0,5,[],"[2026, 2027, 2028, 2029, 2030]",,,,,,,not_run,新数据插补迁移；不属于异常检测或原论文复现,,model_seed,see run protocol,[]
cfmi,skab,SKAB,imputation,industrial_imputation_transfer,channel,0.5,rmse,lower,,,,,,0,5,[],"[2026, 2027, 2028, 2029, 2030]",,,,,,,not_run,新数据插补迁移；不属于异常检测或原论文复现,,model_seed,see run protocol,[]
cfmi,skab,SKAB,imputation,industrial_imputation_transfer,channel,0.5,crps,lower,,,,,,0,5,[],"[2026, 2027, 2028, 2029, 2030]",,,,,,,not_run,新数据插补迁移；不属于异常检测或原论文复现,,model_seed,see run protocol,[]
csdi,skab,SKAB,imputation,industrial_imputation_transfer,channel,0.9,mae,lower,,,,,,0,5,[],"[2026, 2027, 2028, 2029, 2030]",,,,,,,not_run,新数据插补迁移；不属于异常检测或原论文复现,,model_seed,see run protocol,[]
csdi,skab,SKAB,imputation,industrial_imputation_transfer,channel,0.9,rmse,lower,,,,,,0,5,[],"[2026, 2027, 2028, 2029, 2030]",,,,,,,not_run,新数据插补迁移；不属于异常检测或原论文复现,,model_seed,see run protocol,[]
csdi,skab,SKAB,imputation,industrial_imputation_transfer,channel,0.9,crps,lower,,,,,,0,5,[],"[2026, 2027, 2028, 2029, 2030]",,,,,,,not_run,新数据插补迁移；不属于异常检测或原论文复现,,model_seed,see run protocol,[]
cfmi,skab,SKAB,imputation,industrial_imputation_transfer,channel,0.9,mae,lower,,,,,,0,5,[],"[2026, 2027, 2028, 2029, 2030]",,,,,,,not_run,新数据插补迁移；不属于异常检测或原论文复现,,model_seed,see run protocol,[]
cfmi,skab,SKAB,imputation,industrial_imputation_transfer,channel,0.9,rmse,lower,,,,,,0,5,[],"[2026, 2027, 2028, 2029, 2030]",,,,,,,not_run,新数据插补迁移；不属于异常检测或原论文复现,,model_seed,see run protocol,[]
cfmi,skab,SKAB,imputation,industrial_imputation_transfer,channel,0.9,crps,lower,,,,,,0,5,[],"[2026, 2027, 2028, 2029, 2030]",,,,,,,not_run,新数据插补迁移；不属于异常检测或原论文复现,,model_seed,see run protocol,[]
csdi,pronto,PRONTO,imputation,industrial_imputation_transfer,point,0.1,mae,lower,,,,,,0,5,[],"[2026, 2027, 2028, 2029, 2030]",,,,,,,not_run,新数据插补迁移；不属于异常检测或原论文复现,,model_seed,see run protocol,[]
csdi,pronto,PRONTO,imputation,industrial_imputation_transfer,point,0.1,rmse,lower,,,,,,0,5,[],"[2026, 2027, 2028, 2029, 2030]",,,,,,,not_run,新数据插补迁移；不属于异常检测或原论文复现,,model_seed,see run protocol,[]
csdi,pronto,PRONTO,imputation,industrial_imputation_transfer,point,0.1,crps,lower,,,,,,0,5,[],"[2026, 2027, 2028, 2029, 2030]",,,,,,,not_run,新数据插补迁移；不属于异常检测或原论文复现,,model_seed,see run protocol,[]
cfmi,pronto,PRONTO,imputation,industrial_imputation_transfer,point,0.1,mae,lower,,,,,,0,5,[],"[2026, 2027, 2028, 2029, 2030]",,,,,,,not_run,新数据插补迁移；不属于异常检测或原论文复现,,model_seed,see run protocol,[]
cfmi,pronto,PRONTO,imputation,industrial_imputation_transfer,point,0.1,rmse,lower,,,,,,0,5,[],"[2026, 2027, 2028, 2029, 2030]",,,,,,,not_run,新数据插补迁移；不属于异常检测或原论文复现,,model_seed,see run protocol,[]
cfmi,pronto,PRONTO,imputation,industrial_imputation_transfer,point,0.1,crps,lower,,,,,,0,5,[],"[2026, 2027, 2028, 2029, 2030]",,,,,,,not_run,新数据插补迁移；不属于异常检测或原论文复现,,model_seed,see run protocol,[]
csdi,pronto,PRONTO,imputation,industrial_imputation_transfer,point,0.5,mae,lower,,,,,,0,5,[],"[2026, 2027, 2028, 2029, 2030]",,,,,,,not_run,新数据插补迁移；不属于异常检测或原论文复现,,model_seed,see run protocol,[]
csdi,pronto,PRONTO,imputation,industrial_imputation_transfer,point,0.5,rmse,lower,,,,,,0,5,[],"[2026, 2027, 2028, 2029, 2030]",,,,,,,not_run,新数据插补迁移；不属于异常检测或原论文复现,,model_seed,see run protocol,[]
csdi,pronto,PRONTO,imputation,industrial_imputation_transfer,point,0.5,crps,lower,,,,,,0,5,[],"[2026, 2027, 2028, 2029, 2030]",,,,,,,not_run,新数据插补迁移；不属于异常检测或原论文复现,,model_seed,see run protocol,[]
cfmi,pronto,PRONTO,imputation,industrial_imputation_transfer,point,0.5,mae,lower,,,,,,0,5,[],"[2026, 2027, 2028, 2029, 2030]",,,,,,,not_run,新数据插补迁移；不属于异常检测或原论文复现,,model_seed,see run protocol,[]
cfmi,pronto,PRONTO,imputation,industrial_imputation_transfer,point,0.5,rmse,lower,,,,,,0,5,[],"[2026, 2027, 2028, 2029, 2030]",,,,,,,not_run,新数据插补迁移；不属于异常检测或原论文复现,,model_seed,see run protocol,[]
cfmi,pronto,PRONTO,imputation,industrial_imputation_transfer,point,0.5,crps,lower,,,,,,0,5,[],"[2026, 2027, 2028, 2029, 2030]",,,,,,,not_run,新数据插补迁移；不属于异常检测或原论文复现,,model_seed,see run protocol,[]
csdi,pronto,PRONTO,imputation,industrial_imputation_transfer,point,0.9,mae,lower,,,,,,0,5,[],"[2026, 2027, 2028, 2029, 2030]",,,,,,,not_run,新数据插补迁移；不属于异常检测或原论文复现,,model_seed,see run protocol,[]
csdi,pronto,PRONTO,imputation,industrial_imputation_transfer,point,0.9,rmse,lower,,,,,,0,5,[],"[2026, 2027, 2028, 2029, 2030]",,,,,,,not_run,新数据插补迁移；不属于异常检测或原论文复现,,model_seed,see run protocol,[]
csdi,pronto,PRONTO,imputation,industrial_imputation_transfer,point,0.9,crps,lower,,,,,,0,5,[],"[2026, 2027, 2028, 2029, 2030]",,,,,,,not_run,新数据插补迁移；不属于异常检测或原论文复现,,model_seed,see run protocol,[]
cfmi,pronto,PRONTO,imputation,industrial_imputation_transfer,point,0.9,mae,lower,,,,,,0,5,[],"[2026, 2027, 2028, 2029, 2030]",,,,,,,not_run,新数据插补迁移；不属于异常检测或原论文复现,,model_seed,see run protocol,[]
cfmi,pronto,PRONTO,imputation,industrial_imputation_transfer,point,0.9,rmse,lower,,,,,,0,5,[],"[2026, 2027, 2028, 2029, 2030]",,,,,,,not_run,新数据插补迁移；不属于异常检测或原论文复现,,model_seed,see run protocol,[]
cfmi,pronto,PRONTO,imputation,industrial_imputation_transfer,point,0.9,crps,lower,,,,,,0,5,[],"[2026, 2027, 2028, 2029, 2030]",,,,,,,not_run,新数据插补迁移；不属于异常检测或原论文复现,,model_seed,see run protocol,[]
csdi,pronto,PRONTO,imputation,industrial_imputation_transfer,block,0.1,mae,lower,,,,,,0,5,[],"[2026, 2027, 2028, 2029, 2030]",,,,,,,not_run,新数据插补迁移；不属于异常检测或原论文复现,,model_seed,see run protocol,[]
csdi,pronto,PRONTO,imputation,industrial_imputation_transfer,block,0.1,rmse,lower,,,,,,0,5,[],"[2026, 2027, 2028, 2029, 2030]",,,,,,,not_run,新数据插补迁移；不属于异常检测或原论文复现,,model_seed,see run protocol,[]
csdi,pronto,PRONTO,imputation,industrial_imputation_transfer,block,0.1,crps,lower,,,,,,0,5,[],"[2026, 2027, 2028, 2029, 2030]",,,,,,,not_run,新数据插补迁移；不属于异常检测或原论文复现,,model_seed,see run protocol,[]
cfmi,pronto,PRONTO,imputation,industrial_imputation_transfer,block,0.1,mae,lower,,,,,,0,5,[],"[2026, 2027, 2028, 2029, 2030]",,,,,,,not_run,新数据插补迁移；不属于异常检测或原论文复现,,model_seed,see run protocol,[]
cfmi,pronto,PRONTO,imputation,industrial_imputation_transfer,block,0.1,rmse,lower,,,,,,0,5,[],"[2026, 2027, 2028, 2029, 2030]",,,,,,,not_run,新数据插补迁移；不属于异常检测或原论文复现,,model_seed,see run protocol,[]
cfmi,pronto,PRONTO,imputation,industrial_imputation_transfer,block,0.1,crps,lower,,,,,,0,5,[],"[2026, 2027, 2028, 2029, 2030]",,,,,,,not_run,新数据插补迁移；不属于异常检测或原论文复现,,model_seed,see run protocol,[]
csdi,pronto,PRONTO,imputation,industrial_imputation_transfer,block,0.5,mae,lower,,,,,,0,5,[],"[2026, 2027, 2028, 2029, 2030]",,,,,,,not_run,新数据插补迁移；不属于异常检测或原论文复现,,model_seed,see run protocol,[]
csdi,pronto,PRONTO,imputation,industrial_imputation_transfer,block,0.5,rmse,lower,,,,,,0,5,[],"[2026, 2027, 2028, 2029, 2030]",,,,,,,not_run,新数据插补迁移；不属于异常检测或原论文复现,,model_seed,see run protocol,[]
csdi,pronto,PRONTO,imputation,industrial_imputation_transfer,block,0.5,crps,lower,,,,,,0,5,[],"[2026, 2027, 2028, 2029, 2030]",,,,,,,not_run,新数据插补迁移；不属于异常检测或原论文复现,,model_seed,see run protocol,[]
cfmi,pronto,PRONTO,imputation,industrial_imputation_transfer,block,0.5,mae,lower,,,,,,0,5,[],"[2026, 2027, 2028, 2029, 2030]",,,,,,,not_run,新数据插补迁移；不属于异常检测或原论文复现,,model_seed,see run protocol,[]
cfmi,pronto,PRONTO,imputation,industrial_imputation_transfer,block,0.5,rmse,lower,,,,,,0,5,[],"[2026, 2027, 2028, 2029, 2030]",,,,,,,not_run,新数据插补迁移；不属于异常检测或原论文复现,,model_seed,see run protocol,[]
cfmi,pronto,PRONTO,imputation,industrial_imputation_transfer,block,0.5,crps,lower,,,,,,0,5,[],"[2026, 2027, 2028, 2029, 2030]",,,,,,,not_run,新数据插补迁移；不属于异常检测或原论文复现,,model_seed,see run protocol,[]
csdi,pronto,PRONTO,imputation,industrial_imputation_transfer,block,0.9,mae,lower,,,,,,0,5,[],"[2026, 2027, 2028, 2029, 2030]",,,,,,,not_run,新数据插补迁移；不属于异常检测或原论文复现,,model_seed,see run protocol,[]
csdi,pronto,PRONTO,imputation,industrial_imputation_transfer,block,0.9,rmse,lower,,,,,,0,5,[],"[2026, 2027, 2028, 2029, 2030]",,,,,,,not_run,新数据插补迁移；不属于异常检测或原论文复现,,model_seed,see run protocol,[]
csdi,pronto,PRONTO,imputation,industrial_imputation_transfer,block,0.9,crps,lower,,,,,,0,5,[],"[2026, 2027, 2028, 2029, 2030]",,,,,,,not_run,新数据插补迁移；不属于异常检测或原论文复现,,model_seed,see run protocol,[]
cfmi,pronto,PRONTO,imputation,industrial_imputation_transfer,block,0.9,mae,lower,,,,,,0,5,[],"[2026, 2027, 2028, 2029, 2030]",,,,,,,not_run,新数据插补迁移；不属于异常检测或原论文复现,,model_seed,see run protocol,[]
cfmi,pronto,PRONTO,imputation,industrial_imputation_transfer,block,0.9,rmse,lower,,,,,,0,5,[],"[2026, 2027, 2028, 2029, 2030]",,,,,,,not_run,新数据插补迁移；不属于异常检测或原论文复现,,model_seed,see run protocol,[]
cfmi,pronto,PRONTO,imputation,industrial_imputation_transfer,block,0.9,crps,lower,,,,,,0,5,[],"[2026, 2027, 2028, 2029, 2030]",,,,,,,not_run,新数据插补迁移；不属于异常检测或原论文复现,,model_seed,see run protocol,[]
csdi,pronto,PRONTO,imputation,industrial_imputation_transfer,channel,0.1,mae,lower,,,,,,0,5,[],"[2026, 2027, 2028, 2029, 2030]",,,,,,,not_run,新数据插补迁移；不属于异常检测或原论文复现,,model_seed,see run protocol,[]
csdi,pronto,PRONTO,imputation,industrial_imputation_transfer,channel,0.1,rmse,lower,,,,,,0,5,[],"[2026, 2027, 2028, 2029, 2030]",,,,,,,not_run,新数据插补迁移；不属于异常检测或原论文复现,,model_seed,see run protocol,[]
csdi,pronto,PRONTO,imputation,industrial_imputation_transfer,channel,0.1,crps,lower,,,,,,0,5,[],"[2026, 2027, 2028, 2029, 2030]",,,,,,,not_run,新数据插补迁移；不属于异常检测或原论文复现,,model_seed,see run protocol,[]
cfmi,pronto,PRONTO,imputation,industrial_imputation_transfer,channel,0.1,mae,lower,,,,,,0,5,[],"[2026, 2027, 2028, 2029, 2030]",,,,,,,not_run,新数据插补迁移；不属于异常检测或原论文复现,,model_seed,see run protocol,[]
cfmi,pronto,PRONTO,imputation,industrial_imputation_transfer,channel,0.1,rmse,lower,,,,,,0,5,[],"[2026, 2027, 2028, 2029, 2030]",,,,,,,not_run,新数据插补迁移；不属于异常检测或原论文复现,,model_seed,see run protocol,[]
cfmi,pronto,PRONTO,imputation,industrial_imputation_transfer,channel,0.1,crps,lower,,,,,,0,5,[],"[2026, 2027, 2028, 2029, 2030]",,,,,,,not_run,新数据插补迁移；不属于异常检测或原论文复现,,model_seed,see run protocol,[]
csdi,pronto,PRONTO,imputation,industrial_imputation_transfer,channel,0.5,mae,lower,,,,,,0,5,[],"[2026, 2027, 2028, 2029, 2030]",,,,,,,not_run,新数据插补迁移；不属于异常检测或原论文复现,,model_seed,see run protocol,[]
csdi,pronto,PRONTO,imputation,industrial_imputation_transfer,channel,0.5,rmse,lower,,,,,,0,5,[],"[2026, 2027, 2028, 2029, 2030]",,,,,,,not_run,新数据插补迁移；不属于异常检测或原论文复现,,model_seed,see run protocol,[]
csdi,pronto,PRONTO,imputation,industrial_imputation_transfer,channel,0.5,crps,lower,,,,,,0,5,[],"[2026, 2027, 2028, 2029, 2030]",,,,,,,not_run,新数据插补迁移；不属于异常检测或原论文复现,,model_seed,see run protocol,[]
cfmi,pronto,PRONTO,imputation,industrial_imputation_transfer,channel,0.5,mae,lower,,,,,,0,5,[],"[2026, 2027, 2028, 2029, 2030]",,,,,,,not_run,新数据插补迁移；不属于异常检测或原论文复现,,model_seed,see run protocol,[]
cfmi,pronto,PRONTO,imputation,industrial_imputation_transfer,channel,0.5,rmse,lower,,,,,,0,5,[],"[2026, 2027, 2028, 2029, 2030]",,,,,,,not_run,新数据插补迁移；不属于异常检测或原论文复现,,model_seed,see run protocol,[]
cfmi,pronto,PRONTO,imputation,industrial_imputation_transfer,channel,0.5,crps,lower,,,,,,0,5,[],"[2026, 2027, 2028, 2029, 2030]",,,,,,,not_run,新数据插补迁移；不属于异常检测或原论文复现,,model_seed,see run protocol,[]
csdi,pronto,PRONTO,imputation,industrial_imputation_transfer,channel,0.9,mae,lower,,,,,,0,5,[],"[2026, 2027, 2028, 2029, 2030]",,,,,,,not_run,新数据插补迁移；不属于异常检测或原论文复现,,model_seed,see run protocol,[]
csdi,pronto,PRONTO,imputation,industrial_imputation_transfer,channel,0.9,rmse,lower,,,,,,0,5,[],"[2026, 2027, 2028, 2029, 2030]",,,,,,,not_run,新数据插补迁移；不属于异常检测或原论文复现,,model_seed,see run protocol,[]
csdi,pronto,PRONTO,imputation,industrial_imputation_transfer,channel,0.9,crps,lower,,,,,,0,5,[],"[2026, 2027, 2028, 2029, 2030]",,,,,,,not_run,新数据插补迁移；不属于异常检测或原论文复现,,model_seed,see run protocol,[]
cfmi,pronto,PRONTO,imputation,industrial_imputation_transfer,channel,0.9,mae,lower,,,,,,0,5,[],"[2026, 2027, 2028, 2029, 2030]",,,,,,,not_run,新数据插补迁移；不属于异常检测或原论文复现,,model_seed,see run protocol,[]
cfmi,pronto,PRONTO,imputation,industrial_imputation_transfer,channel,0.9,rmse,lower,,,,,,0,5,[],"[2026, 2027, 2028, 2029, 2030]",,,,,,,not_run,新数据插补迁移；不属于异常检测或原论文复现,,model_seed,see run protocol,[]
cfmi,pronto,PRONTO,imputation,industrial_imputation_transfer,channel,0.9,crps,lower,,,,,,0,5,[],"[2026, 2027, 2028, 2029, 2030]",,,,,,,not_run,新数据插补迁移；不属于异常检测或原论文复现,,model_seed,see run protocol,[]
