algorithm,dataset,task,score_recipe,protocol,metric,required_repeats,n,mean,std,se,ci95_low,ci95_high,paper_mean,author_equivalence_certified,captured_utc,source,comparison
GRASP/gnn,swan,anomaly_detection,"{""flow_evaluations"": 10, ""source_samples"": 5}",paper_test_label_oracle_no_PA,AP,10,2,0.41086664296965303,0.0016832903921712714,0.001190266051010469,0.39574287883499587,0.4259904071043102,,False,2026-10-10T16:42:35.146091+00:00,grasp_execution_audit.json,local_full_budget_source_fidelity_not_certified
GRASP/gnn,swan,anomaly_detection,"{""flow_evaluations"": 10, ""source_samples"": 5}",paper_test_label_oracle_no_PA,ROC,10,2,0.6033262687046463,0.0022889815642127696,0.00161855438606584,0.5827605852986603,0.6238919521106324,,False,2026-10-10T16:42:35.146091+00:00,grasp_execution_audit.json,local_full_budget_source_fidelity_not_certified
GRASP/gnn,swan,anomaly_detection,"{""flow_evaluations"": 10, ""source_samples"": 5}",paper_test_label_oracle_no_PA,Best_F1,10,2,0.4650077472782886,0.0007108785683724846,0.0005026670562963685,0.45862075674685665,0.4713947378097205,,False,2026-10-10T16:42:35.146091+00:00,grasp_execution_audit.json,local_full_budget_source_fidelity_not_certified
GRASP/gnn,swan,anomaly_detection,"{""flow_evaluations"": 10, ""source_samples"": 5}",validation_only_1_percent_no_PA_control,precision,10,2,0.3670786053451822,0.0009225350626033053,0.0006523307986491532,0.3587899566618337,0.3753672540285307,,False,2026-10-10T16:42:35.146091+00:00,grasp_execution_audit.json,local_full_budget_source_fidelity_not_certified
GRASP/gnn,swan,anomaly_detection,"{""flow_evaluations"": 10, ""source_samples"": 5}",validation_only_1_percent_no_PA_control,recall,10,2,0.5870646766169154,0.004432609673109661,0.0031343283582089265,0.5472392587871145,0.6268900944467163,,False,2026-10-10T16:42:35.146091+00:00,grasp_execution_audit.json,local_full_budget_source_fidelity_not_certified
GRASP/gnn,swan,anomaly_detection,"{""flow_evaluations"": 10, ""source_samples"": 5}",validation_only_1_percent_no_PA_control,f1,10,2,0.45171042887065416,0.00201063421093416,0.0014217330850372079,0.43364559721197815,0.46977526052933016,,False,2026-10-10T16:42:35.146091+00:00,grasp_execution_audit.json,local_full_budget_source_fidelity_not_certified
GRASP/gnn,smd,anomaly_detection,"{""flow_evaluations"": 10, ""source_samples"": 5}",paper_test_label_oracle_no_PA,AP,10,0,,,,,,,False,2026-10-10T16:42:35.146091+00:00,grasp_execution_audit.json,local_full_budget_source_fidelity_not_certified
GRASP/gnn,smd,anomaly_detection,"{""flow_evaluations"": 10, ""source_samples"": 5}",paper_test_label_oracle_no_PA,ROC,10,0,,,,,,,False,2026-10-10T16:42:35.146091+00:00,grasp_execution_audit.json,local_full_budget_source_fidelity_not_certified
GRASP/gnn,smd,anomaly_detection,"{""flow_evaluations"": 10, ""source_samples"": 5}",paper_test_label_oracle_no_PA,Best_F1,10,0,,,,,,,False,2026-10-10T16:42:35.146091+00:00,grasp_execution_audit.json,local_full_budget_source_fidelity_not_certified
GRASP/gnn,smd,anomaly_detection,"{""flow_evaluations"": 10, ""source_samples"": 5}",validation_only_1_percent_no_PA_control,precision,10,0,,,,,,,False,2026-10-10T16:42:35.146091+00:00,grasp_execution_audit.json,local_full_budget_source_fidelity_not_certified
GRASP/gnn,smd,anomaly_detection,"{""flow_evaluations"": 10, ""source_samples"": 5}",validation_only_1_percent_no_PA_control,recall,10,0,,,,,,,False,2026-10-10T16:42:35.146091+00:00,grasp_execution_audit.json,local_full_budget_source_fidelity_not_certified
GRASP/gnn,smd,anomaly_detection,"{""flow_evaluations"": 10, ""source_samples"": 5}",validation_only_1_percent_no_PA_control,f1,10,0,,,,,,,False,2026-10-10T16:42:35.146091+00:00,grasp_execution_audit.json,local_full_budget_source_fidelity_not_certified
GRASP/gnn,smap,anomaly_detection,"{""flow_evaluations"": 10, ""source_samples"": 5}",paper_test_label_oracle_no_PA,AP,10,0,,,,,,,False,2026-10-10T16:42:35.146091+00:00,grasp_execution_audit.json,local_full_budget_source_fidelity_not_certified
GRASP/gnn,smap,anomaly_detection,"{""flow_evaluations"": 10, ""source_samples"": 5}",paper_test_label_oracle_no_PA,ROC,10,0,,,,,,,False,2026-10-10T16:42:35.146091+00:00,grasp_execution_audit.json,local_full_budget_source_fidelity_not_certified
GRASP/gnn,smap,anomaly_detection,"{""flow_evaluations"": 10, ""source_samples"": 5}",paper_test_label_oracle_no_PA,Best_F1,10,0,,,,,,,False,2026-10-10T16:42:35.146091+00:00,grasp_execution_audit.json,local_full_budget_source_fidelity_not_certified
GRASP/gnn,smap,anomaly_detection,"{""flow_evaluations"": 10, ""source_samples"": 5}",validation_only_1_percent_no_PA_control,precision,10,0,,,,,,,False,2026-10-10T16:42:35.146091+00:00,grasp_execution_audit.json,local_full_budget_source_fidelity_not_certified
GRASP/gnn,smap,anomaly_detection,"{""flow_evaluations"": 10, ""source_samples"": 5}",validation_only_1_percent_no_PA_control,recall,10,0,,,,,,,False,2026-10-10T16:42:35.146091+00:00,grasp_execution_audit.json,local_full_budget_source_fidelity_not_certified
GRASP/gnn,smap,anomaly_detection,"{""flow_evaluations"": 10, ""source_samples"": 5}",validation_only_1_percent_no_PA_control,f1,10,0,,,,,,,False,2026-10-10T16:42:35.146091+00:00,grasp_execution_audit.json,local_full_budget_source_fidelity_not_certified
GRASP/gnn,cicids,anomaly_detection,"{""flow_evaluations"": 10, ""source_samples"": 5}",paper_test_label_oracle_no_PA,AP,10,0,,,,,,,False,2026-10-10T16:42:35.146091+00:00,grasp_execution_audit.json,local_full_budget_source_fidelity_not_certified
GRASP/gnn,cicids,anomaly_detection,"{""flow_evaluations"": 10, ""source_samples"": 5}",paper_test_label_oracle_no_PA,ROC,10,0,,,,,,,False,2026-10-10T16:42:35.146091+00:00,grasp_execution_audit.json,local_full_budget_source_fidelity_not_certified
GRASP/gnn,cicids,anomaly_detection,"{""flow_evaluations"": 10, ""source_samples"": 5}",paper_test_label_oracle_no_PA,Best_F1,10,0,,,,,,,False,2026-10-10T16:42:35.146091+00:00,grasp_execution_audit.json,local_full_budget_source_fidelity_not_certified
GRASP/gnn,cicids,anomaly_detection,"{""flow_evaluations"": 10, ""source_samples"": 5}",validation_only_1_percent_no_PA_control,precision,10,0,,,,,,,False,2026-10-10T16:42:35.146091+00:00,grasp_execution_audit.json,local_full_budget_source_fidelity_not_certified
GRASP/gnn,cicids,anomaly_detection,"{""flow_evaluations"": 10, ""source_samples"": 5}",validation_only_1_percent_no_PA_control,recall,10,0,,,,,,,False,2026-10-10T16:42:35.146091+00:00,grasp_execution_audit.json,local_full_budget_source_fidelity_not_certified
GRASP/gnn,cicids,anomaly_detection,"{""flow_evaluations"": 10, ""source_samples"": 5}",validation_only_1_percent_no_PA_control,f1,10,0,,,,,,,False,2026-10-10T16:42:35.146091+00:00,grasp_execution_audit.json,local_full_budget_source_fidelity_not_certified
GRASP/main,swan,anomaly_detection,"{""flow_evaluations"": 10, ""source_samples"": 5}",paper_test_label_oracle_no_PA,AP,10,2,0.5309970033384254,0.03560550597840457,0.025176894724908028,0.2110942243426273,0.8508997823342235,,False,2026-10-10T16:42:35.146091+00:00,grasp_execution_audit.json,local_full_budget_source_fidelity_not_certified
GRASP/main,swan,anomaly_detection,"{""flow_evaluations"": 10, ""source_samples"": 5}",paper_test_label_oracle_no_PA,ROC,10,2,0.7078779850746268,0.04100248439291733,0.028993134759727424,0.33948527887402713,1.0762706912752265,,False,2026-10-10T16:42:35.146091+00:00,grasp_execution_audit.json,local_full_budget_source_fidelity_not_certified
GRASP/main,swan,anomaly_detection,"{""flow_evaluations"": 10, ""source_samples"": 5}",paper_test_label_oracle_no_PA,Best_F1,10,2,0.5187562929186745,0.03312741060316079,0.02342461668064613,0.22111831750797195,0.8163942683293771,,False,2026-10-10T16:42:35.146091+00:00,grasp_execution_audit.json,local_full_budget_source_fidelity_not_certified
GRASP/main,swan,anomaly_detection,"{""flow_evaluations"": 10, ""source_samples"": 5}",validation_only_1_percent_no_PA_control,precision,10,2,0.35963746343130687,0.0026818953832026524,0.0018963864118954898,0.33554158942286305,0.3837333374397507,,False,2026-10-10T16:42:35.146091+00:00,grasp_execution_audit.json,local_full_budget_source_fidelity_not_certified
GRASP/main,swan,anomaly_detection,"{""flow_evaluations"": 10, ""source_samples"": 5}",validation_only_1_percent_no_PA_control,recall,10,2,0.8448009950248756,0.09157208713575042,0.06475124378109454,0.02205843462032997,1.6675435554294213,,False,2026-10-10T16:42:35.146091+00:00,grasp_execution_audit.json,local_full_budget_source_fidelity_not_certified
GRASP/main,swan,anomaly_detection,"{""flow_evaluations"": 10, ""source_samples"": 5}",validation_only_1_percent_no_PA_control,f1,10,2,0.5037931158252666,0.013742423878222637,0.00971736111423116,0.38032233601250287,0.6272638956380304,,False,2026-10-10T16:42:35.146091+00:00,grasp_execution_audit.json,local_full_budget_source_fidelity_not_certified
GRASP/main,swan,anomaly_detection,"{""flow_evaluations"": 1, ""source_samples"": 5}",paper_test_label_oracle_no_PA,AP,10,2,0.5161240667350554,0.030780703505818345,0.021765244178656686,0.2395704180682091,0.7926777154019017,,False,2026-10-10T16:42:35.146091+00:00,grasp_execution_audit.json,local_full_budget_source_fidelity_not_certified
GRASP/main,swan,anomaly_detection,"{""flow_evaluations"": 1, ""source_samples"": 5}",paper_test_label_oracle_no_PA,ROC,10,2,0.6940852457366347,0.048775053660451435,0.034489171196042945,0.25585877533873397,1.1323117161345353,,False,2026-10-10T16:42:35.146091+00:00,grasp_execution_audit.json,local_full_budget_source_fidelity_not_certified
GRASP/main,swan,anomaly_detection,"{""flow_evaluations"": 1, ""source_samples"": 5}",paper_test_label_oracle_no_PA,Best_F1,10,2,0.5116376703928917,0.03941011633384437,0.027867160507012073,0.15755182357495445,0.8657235172108289,,False,2026-10-10T16:42:35.146091+00:00,grasp_execution_audit.json,local_full_budget_source_fidelity_not_certified
GRASP/main,swan,anomaly_detection,"{""flow_evaluations"": 1, ""source_samples"": 5}",validation_only_1_percent_no_PA_control,precision,10,2,0.3839049850949985,0.01953794062370974,0.01381541030544528,0.20836355323975297,0.559446416950244,,False,2026-10-10T16:42:35.146091+00:00,grasp_execution_audit.json,local_full_budget_source_fidelity_not_certified
GRASP/main,swan,anomaly_detection,"{""flow_evaluations"": 1, ""source_samples"": 5}",validation_only_1_percent_no_PA_control,recall,10,2,0.7335572139303483,0.0722937530019082,0.051119402985074607,0.08402361361097055,1.383090814249726,,False,2026-10-10T16:42:35.146091+00:00,grasp_execution_audit.json,local_full_budget_source_fidelity_not_certified
GRASP/main,swan,anomaly_detection,"{""flow_evaluations"": 1, ""source_samples"": 5}",validation_only_1_percent_no_PA_control,f1,10,2,0.503898738034569,0.03391469028713221,0.023981307483872723,0.19918733530332372,0.8086101407658142,,False,2026-10-10T16:42:35.146091+00:00,grasp_execution_audit.json,local_full_budget_source_fidelity_not_certified
GRASP/main,swan,anomaly_detection,"{""flow_evaluations"": 2, ""source_samples"": 5}",paper_test_label_oracle_no_PA,AP,10,2,0.5226891274015186,0.03613654115473663,0.02555239329914102,0.19801518664337447,0.8473630681596628,,False,2026-10-10T16:42:35.146091+00:00,grasp_execution_audit.json,local_full_budget_source_fidelity_not_certified
GRASP/main,swan,anomaly_detection,"{""flow_evaluations"": 2, ""source_samples"": 5}",paper_test_label_oracle_no_PA,ROC,10,2,0.6985056770578706,0.04837489360988808,0.03420621531072964,0.2638745020700663,1.1331368520456748,,False,2026-10-10T16:42:35.146091+00:00,grasp_execution_audit.json,local_full_budget_source_fidelity_not_certified
GRASP/main,swan,anomaly_detection,"{""flow_evaluations"": 2, ""source_samples"": 5}",paper_test_label_oracle_no_PA,Best_F1,10,2,0.5120679659413673,0.03792512952967306,0.02681711626781,0.17132419620877243,0.8528117356739622,,False,2026-10-10T16:42:35.146091+00:00,grasp_execution_audit.json,local_full_budget_source_fidelity_not_certified
GRASP/main,swan,anomaly_detection,"{""flow_evaluations"": 2, ""source_samples"": 5}",validation_only_1_percent_no_PA_control,precision,10,2,0.36882904039507514,0.013095279019119232,0.00925976059594913,0.2511726264549825,0.48648545433516777,,False,2026-10-10T16:42:35.146091+00:00,grasp_execution_audit.json,local_full_budget_source_fidelity_not_certified
GRASP/main,swan,anomaly_detection,"{""flow_evaluations"": 2, ""source_samples"": 5}",validation_only_1_percent_no_PA_control,recall,10,2,0.8032338308457712,0.08808932239259278,0.06228855721393033,0.011782670164641185,1.594684991526901,,False,2026-10-10T16:42:35.146091+00:00,grasp_execution_audit.json,local_full_budget_source_fidelity_not_certified
GRASP/main,swan,anomaly_detection,"{""flow_evaluations"": 2, ""source_samples"": 5}",validation_only_1_percent_no_PA_control,f1,10,2,0.5052281911330657,0.029772830855536433,0.02105257059306989,0.237729918954749,0.7727264633113824,,False,2026-10-10T16:42:35.146091+00:00,grasp_execution_audit.json,local_full_budget_source_fidelity_not_certified
GRASP/main,swan,anomaly_detection,"{""flow_evaluations"": 5, ""source_samples"": 5}",paper_test_label_oracle_no_PA,AP,10,2,0.528132309928764,0.035680051463497515,0.02522960634292409,0.20755976632247886,0.8487048535350492,,False,2026-10-10T16:42:35.146091+00:00,grasp_execution_audit.json,local_full_budget_source_fidelity_not_certified
GRASP/main,swan,anomaly_detection,"{""flow_evaluations"": 5, ""source_samples"": 5}",paper_test_label_oracle_no_PA,ROC,10,2,0.7050867198209338,0.04326090898548595,0.03059008210393116,0.316402873711991,1.0937705659298766,,False,2026-10-10T16:42:35.146091+00:00,grasp_execution_audit.json,local_full_budget_source_fidelity_not_certified
GRASP/main,swan,anomaly_detection,"{""flow_evaluations"": 5, ""source_samples"": 5}",paper_test_label_oracle_no_PA,Best_F1,10,2,0.5172668091698303,0.034758421846470725,0.024577915790982088,0.20497477914115086,0.8295588391985096,,False,2026-10-10T16:42:35.146091+00:00,grasp_execution_audit.json,local_full_budget_source_fidelity_not_certified
GRASP/main,swan,anomaly_detection,"{""flow_evaluations"": 5, ""source_samples"": 5}",validation_only_1_percent_no_PA_control,precision,10,2,0.3615424890611829,0.0012432555387798918,0.0008791144222189962,0.35037228122594444,0.3727126968964214,,False,2026-10-10T16:42:35.146091+00:00,grasp_execution_audit.json,local_full_budget_source_fidelity_not_certified
GRASP/main,swan,anomaly_detection,"{""flow_evaluations"": 5, ""source_samples"": 5}",validation_only_1_percent_no_PA_control,recall,10,2,0.8365422885572139,0.09361249476305492,0.0661940298507463,-0.004532607038827741,1.6776171841532554,,False,2026-10-10T16:42:35.146091+00:00,grasp_execution_audit.json,local_full_budget_source_fidelity_not_certified
GRASP/main,swan,anomaly_detection,"{""flow_evaluations"": 5, ""source_samples"": 5}",validation_only_1_percent_no_PA_control,f1,10,2,0.5042540334887379,0.018311279899055028,0.01294803018882673,0.3397337109793348,0.668774355998141,,False,2026-10-10T16:42:35.146091+00:00,grasp_execution_audit.json,local_full_budget_source_fidelity_not_certified
GRASP/main,swan,anomaly_detection,"{""flow_evaluations"": 20, ""source_samples"": 5}",paper_test_label_oracle_no_PA,AP,10,2,0.5324346652929853,0.035584015101271724,0.025161698379953745,0.21272497416741792,0.8521443564185527,,False,2026-10-10T16:42:35.146091+00:00,grasp_execution_audit.json,local_full_budget_source_fidelity_not_certified
GRASP/main,swan,anomaly_detection,"{""flow_evaluations"": 20, ""source_samples"": 5}",paper_test_label_oracle_no_PA,ROC,10,2,0.7091783503005205,0.03986690624445299,0.028190159750381028,0.3509884089667078,1.0673682916343332,,False,2026-10-10T16:42:35.146091+00:00,grasp_execution_audit.json,local_full_budget_source_fidelity_not_certified
GRASP/main,swan,anomaly_detection,"{""flow_evaluations"": 20, ""source_samples"": 5}",paper_test_label_oracle_no_PA,Best_F1,10,2,0.5194347594133437,0.03172637793451217,0.022433936979980803,0.23438456310726702,0.8044849557194205,,False,2026-10-10T16:42:35.146091+00:00,grasp_execution_audit.json,local_full_budget_source_fidelity_not_certified
GRASP/main,swan,anomaly_detection,"{""flow_evaluations"": 20, ""source_samples"": 5}",validation_only_1_percent_no_PA_control,precision,10,2,0.35893463910999024,0.004700797995023465,0.0033239661392692184,0.31669964480832336,0.4011696334116571,,False,2026-10-10T16:42:35.146091+00:00,grasp_execution_audit.json,local_full_budget_source_fidelity_not_certified
GRASP/main,swan,anomaly_detection,"{""flow_evaluations"": 20, ""source_samples"": 5}",validation_only_1_percent_no_PA_control,recall,10,2,0.8489552238805971,0.09062224220579833,0.06407960199004975,0.034746681582437544,1.6631637661787566,,False,2026-10-10T16:42:35.146091+00:00,grasp_execution_audit.json,local_full_budget_source_fidelity_not_certified
GRASP/main,swan,anomaly_detection,"{""flow_evaluations"": 20, ""source_samples"": 5}",validation_only_1_percent_no_PA_control,f1,10,2,0.5037897370082746,0.011414159696592738,0.00807102972300691,0.4012375809159974,0.6063418931005518,,False,2026-10-10T16:42:35.146091+00:00,grasp_execution_audit.json,local_full_budget_source_fidelity_not_certified
GRASP/main,swan,anomaly_detection,"{""flow_evaluations"": 50, ""source_samples"": 5}",paper_test_label_oracle_no_PA,AP,10,2,0.5332957034485881,0.03555720625604315,0.025142741663696844,0.21382688024090646,0.8527645266562698,,False,2026-10-10T16:42:35.146091+00:00,grasp_execution_audit.json,local_full_budget_source_fidelity_not_certified
GRASP/main,swan,anomaly_detection,"{""flow_evaluations"": 50, ""source_samples"": 5}",paper_test_label_oracle_no_PA,ROC,10,2,0.7099089518687871,0.03917373262351592,0.02770001198247679,0.35794692842494474,1.0618709753126294,,False,2026-10-10T16:42:35.146091+00:00,grasp_execution_audit.json,local_full_budget_source_fidelity_not_certified
GRASP/main,swan,anomaly_detection,"{""flow_evaluations"": 50, ""source_samples"": 5}",paper_test_label_oracle_no_PA,Best_F1,10,2,0.5195503990821188,0.03085978898488261,0.021821166057196414,0.24228619557731518,0.7968146025869223,,False,2026-10-10T16:42:35.146091+00:00,grasp_execution_audit.json,local_full_budget_source_fidelity_not_certified
GRASP/main,swan,anomaly_detection,"{""flow_evaluations"": 50, ""source_samples"": 5}",validation_only_1_percent_no_PA_control,precision,10,2,0.358964604499709,0.005274250621448867,0.0037294583801038557,0.311577342767067,0.40635186623235103,,False,2026-10-10T16:42:35.146091+00:00,grasp_execution_audit.json,local_full_budget_source_fidelity_not_certified
GRASP/main,swan,anomaly_detection,"{""flow_evaluations"": 50, ""source_samples"": 5}",validation_only_1_percent_no_PA_control,recall,10,2,0.8500248756218904,0.08932060285734547,0.06315920398009948,0.04751109887692673,1.6525386523668542,,False,2026-10-10T16:42:35.146091+00:00,grasp_execution_audit.json,local_full_budget_source_fidelity_not_certified
GRASP/main,swan,anomaly_detection,"{""flow_evaluations"": 50, ""source_samples"": 5}",validation_only_1_percent_no_PA_control,f1,10,2,0.5040090993334467,0.010586738112700977,0.007485954310136932,0.4088910312231975,0.599127167443696,,False,2026-10-10T16:42:35.146091+00:00,grasp_execution_audit.json,local_full_budget_source_fidelity_not_certified
GRASP/main,swan,anomaly_detection,"{""flow_evaluations"": 10, ""source_samples"": 1}",paper_test_label_oracle_no_PA,AP,10,2,0.5310566152498026,0.035587525868903416,0.025164180867553287,0.21131538112854042,0.8507978493710648,,False,2026-10-10T16:42:35.146091+00:00,grasp_execution_audit.json,local_full_budget_source_fidelity_not_certified
GRASP/main,swan,anomaly_detection,"{""flow_evaluations"": 10, ""source_samples"": 1}",paper_test_label_oracle_no_PA,ROC,10,2,0.707894484465917,0.0409191247058514,0.028934190559725514,0.3402507353385515,1.0755382335932824,,False,2026-10-10T16:42:35.146091+00:00,grasp_execution_audit.json,local_full_budget_source_fidelity_not_certified
GRASP/main,swan,anomaly_detection,"{""flow_evaluations"": 10, ""source_samples"": 1}",paper_test_label_oracle_no_PA,Best_F1,10,2,0.5186861266143902,0.032866928505445675,0.023240428022974075,0.22338848999814992,0.8139837632306304,,False,2026-10-10T16:42:35.146091+00:00,grasp_execution_audit.json,local_full_budget_source_fidelity_not_certified
GRASP/main,swan,anomaly_detection,"{""flow_evaluations"": 10, ""source_samples"": 1}",validation_only_1_percent_no_PA_control,precision,10,2,0.36034733338304253,0.002533613880248073,0.0017915355556317736,0.33758371582104874,0.38311095094503633,,False,2026-10-10T16:42:35.146091+00:00,grasp_execution_audit.json,local_full_budget_source_fidelity_not_certified
GRASP/main,swan,anomaly_detection,"{""flow_evaluations"": 10, ""source_samples"": 1}",validation_only_1_percent_no_PA_control,recall,10,2,0.8428855721393035,0.09224049653090183,0.0652238805970149,0.014137591585820064,1.671633552692787,,False,2026-10-10T16:42:35.146091+00:00,grasp_execution_audit.json,local_full_budget_source_fidelity_not_certified
GRASP/main,swan,anomaly_detection,"{""flow_evaluations"": 10, ""source_samples"": 1}",validation_only_1_percent_no_PA_control,f1,10,2,0.5041388147942021,0.01411316060530733,0.009979511567987652,0.3773370976443272,0.630940531944077,,False,2026-10-10T16:42:35.146091+00:00,grasp_execution_audit.json,local_full_budget_source_fidelity_not_certified
GRASP/main,swan,anomaly_detection,"{""flow_evaluations"": 10, ""source_samples"": 2}",paper_test_label_oracle_no_PA,AP,10,2,0.5310171709628849,0.03569219585589853,0.02523819372514424,0.21033551431996272,0.8516988276058071,,False,2026-10-10T16:42:35.146091+00:00,grasp_execution_audit.json,local_full_budget_source_fidelity_not_certified
GRASP/main,swan,anomaly_detection,"{""flow_evaluations"": 10, ""source_samples"": 2}",paper_test_label_oracle_no_PA,ROC,10,2,0.7078763403598578,0.04108908580793408,0.029054371207546115,0.3387055513159577,1.0770471294037578,,False,2026-10-10T16:42:35.146091+00:00,grasp_execution_audit.json,local_full_budget_source_fidelity_not_certified
GRASP/main,swan,anomaly_detection,"{""flow_evaluations"": 10, ""source_samples"": 2}",paper_test_label_oracle_no_PA,Best_F1,10,2,0.5186459977816459,0.03267331524684029,0.023103522774886583,0.22508790727706207,0.8122040882862297,,False,2026-10-10T16:42:35.146091+00:00,grasp_execution_audit.json,local_full_budget_source_fidelity_not_certified
GRASP/main,swan,anomaly_detection,"{""flow_evaluations"": 10, ""source_samples"": 2}",validation_only_1_percent_no_PA_control,precision,10,2,0.3596388368735676,0.0030638853661453845,0.0021664941191796294,0.3321109190355528,0.38716675471158246,,False,2026-10-10T16:42:35.146091+00:00,grasp_execution_audit.json,local_full_budget_source_fidelity_not_certified
GRASP/main,swan,anomaly_detection,"{""flow_evaluations"": 10, ""source_samples"": 2}",validation_only_1_percent_no_PA_control,recall,10,2,0.8446019900497512,0.0923460348564521,0.06529850746268656,0.014905785262224636,1.6742981948372777,,False,2026-10-10T16:42:35.146091+00:00,grasp_execution_audit.json,local_full_budget_source_fidelity_not_certified
GRASP/main,swan,anomaly_detection,"{""flow_evaluations"": 10, ""source_samples"": 2}",validation_only_1_percent_no_PA_control,f1,10,2,0.5037341248956841,0.013512619710401281,0.009554865028819748,0.3823280536129847,0.6251401961783836,,False,2026-10-10T16:42:35.146091+00:00,grasp_execution_audit.json,local_full_budget_source_fidelity_not_certified
GRASP/main,swan,anomaly_detection,"{""flow_evaluations"": 10, ""source_samples"": 10}",paper_test_label_oracle_no_PA,AP,10,2,0.5309951083607476,0.03558715176682237,0.025163916337434918,0.21125723541332825,0.850732981308167,,False,2026-10-10T16:42:35.146091+00:00,grasp_execution_audit.json,local_full_budget_source_fidelity_not_certified
GRASP/main,swan,anomaly_detection,"{""flow_evaluations"": 10, ""source_samples"": 10}",paper_test_label_oracle_no_PA,ROC,10,2,0.7078819455228674,0.040979343234058656,0.02897677148937394,0.33969715438553244,1.0760667366602024,,False,2026-10-10T16:42:35.146091+00:00,grasp_execution_audit.json,local_full_budget_source_fidelity_not_certified
GRASP/main,swan,anomaly_detection,"{""flow_evaluations"": 10, ""source_samples"": 10}",paper_test_label_oracle_no_PA,Best_F1,10,2,0.5187030921286194,0.0329470386425501,0.0232970744441624,0.22268569448718872,0.8147204897700502,,False,2026-10-10T16:42:35.146091+00:00,grasp_execution_audit.json,local_full_budget_source_fidelity_not_certified
GRASP/main,swan,anomaly_detection,"{""flow_evaluations"": 10, ""source_samples"": 10}",validation_only_1_percent_no_PA_control,precision,10,2,0.359528418006934,0.002367473922436643,0.0016740568648372645,0.33825750874231303,0.380799327271555,,False,2026-10-10T16:42:35.146091+00:00,grasp_execution_audit.json,local_full_budget_source_fidelity_not_certified
GRASP/main,swan,anomaly_detection,"{""flow_evaluations"": 10, ""source_samples"": 10}",validation_only_1_percent_no_PA_control,recall,10,2,0.8455223880597015,0.09083331885689878,0.06422885572139303,0.02941739729345627,1.6616273788259468,,False,2026-10-10T16:42:35.146091+00:00,grasp_execution_audit.json,local_full_budget_source_fidelity_not_certified
GRASP/main,swan,anomaly_detection,"{""flow_evaluations"": 10, ""source_samples"": 10}",validation_only_1_percent_no_PA_control,f1,10,2,0.5038370154809034,0.013890241875862998,0.009821884222744076,0.3790381436517131,0.6286358873100937,,False,2026-10-10T16:42:35.146091+00:00,grasp_execution_audit.json,local_full_budget_source_fidelity_not_certified
GRASP/main,swan,anomaly_detection,"{""flow_evaluations"": 10, ""source_samples"": 20}",paper_test_label_oracle_no_PA,AP,10,2,0.5310038604791943,0.03557590654209504,0.02515596476277426,0.21136702186738832,0.8506406990910004,,False,2026-10-10T16:42:35.146091+00:00,grasp_execution_audit.json,local_full_budget_source_fidelity_not_certified
GRASP/main,swan,anomaly_detection,"{""flow_evaluations"": 10, ""source_samples"": 20}",paper_test_label_oracle_no_PA,ROC,10,2,0.7079019807034194,0.04096063780289692,0.028963544752154454,0.3398852511971867,1.0759187102096521,,False,2026-10-10T16:42:35.146091+00:00,grasp_execution_audit.json,local_full_budget_source_fidelity_not_certified
GRASP/main,swan,anomaly_detection,"{""flow_evaluations"": 10, ""source_samples"": 20}",paper_test_label_oracle_no_PA,Best_F1,10,2,0.518651772680611,0.032907156196881,0.023268873296379472,0.22299270459670528,0.8143108407645168,,False,2026-10-10T16:42:35.146091+00:00,grasp_execution_audit.json,local_full_budget_source_fidelity_not_certified
GRASP/main,swan,anomaly_detection,"{""flow_evaluations"": 10, ""source_samples"": 20}",validation_only_1_percent_no_PA_control,precision,10,2,0.35960190834030403,0.002214784420432714,0.0015660890825542893,0.33970285982228127,0.3795009568583268,,False,2026-10-10T16:42:35.146091+00:00,grasp_execution_audit.json,local_full_budget_source_fidelity_not_certified
GRASP/main,swan,anomaly_detection,"{""flow_evaluations"": 10, ""source_samples"": 20}",validation_only_1_percent_no_PA_control,recall,10,2,0.8449751243781094,0.09062224220579833,0.06407960199004975,0.030766582079949867,1.659183666676269,,False,2026-10-10T16:42:35.146091+00:00,grasp_execution_audit.json,local_full_budget_source_fidelity_not_certified
GRASP/main,swan,anomaly_detection,"{""flow_evaluations"": 10, ""source_samples"": 20}",validation_only_1_percent_no_PA_control,f1,10,2,0.503818972052807,0.014022874441635462,0.009915669609407955,0.3778284438994042,0.6298095002062098,,False,2026-10-10T16:42:35.146091+00:00,grasp_execution_audit.json,local_full_budget_source_fidelity_not_certified
GRASP/main,smd,anomaly_detection,"{""flow_evaluations"": 10, ""source_samples"": 5}",paper_test_label_oracle_no_PA,AP,10,0,,,,,,,False,2026-10-10T16:42:35.146091+00:00,grasp_execution_audit.json,local_full_budget_source_fidelity_not_certified
GRASP/main,smd,anomaly_detection,"{""flow_evaluations"": 10, ""source_samples"": 5}",paper_test_label_oracle_no_PA,ROC,10,0,,,,,,,False,2026-10-10T16:42:35.146091+00:00,grasp_execution_audit.json,local_full_budget_source_fidelity_not_certified
GRASP/main,smd,anomaly_detection,"{""flow_evaluations"": 10, ""source_samples"": 5}",paper_test_label_oracle_no_PA,Best_F1,10,0,,,,,,,False,2026-10-10T16:42:35.146091+00:00,grasp_execution_audit.json,local_full_budget_source_fidelity_not_certified
GRASP/main,smd,anomaly_detection,"{""flow_evaluations"": 10, ""source_samples"": 5}",validation_only_1_percent_no_PA_control,precision,10,0,,,,,,,False,2026-10-10T16:42:35.146091+00:00,grasp_execution_audit.json,local_full_budget_source_fidelity_not_certified
GRASP/main,smd,anomaly_detection,"{""flow_evaluations"": 10, ""source_samples"": 5}",validation_only_1_percent_no_PA_control,recall,10,0,,,,,,,False,2026-10-10T16:42:35.146091+00:00,grasp_execution_audit.json,local_full_budget_source_fidelity_not_certified
GRASP/main,smd,anomaly_detection,"{""flow_evaluations"": 10, ""source_samples"": 5}",validation_only_1_percent_no_PA_control,f1,10,0,,,,,,,False,2026-10-10T16:42:35.146091+00:00,grasp_execution_audit.json,local_full_budget_source_fidelity_not_certified
GRASP/main,smd,anomaly_detection,"{""flow_evaluations"": 1, ""source_samples"": 5}",paper_test_label_oracle_no_PA,AP,10,0,,,,,,,False,2026-10-10T16:42:35.146091+00:00,grasp_execution_audit.json,local_full_budget_source_fidelity_not_certified
GRASP/main,smd,anomaly_detection,"{""flow_evaluations"": 1, ""source_samples"": 5}",paper_test_label_oracle_no_PA,ROC,10,0,,,,,,,False,2026-10-10T16:42:35.146091+00:00,grasp_execution_audit.json,local_full_budget_source_fidelity_not_certified
GRASP/main,smd,anomaly_detection,"{""flow_evaluations"": 1, ""source_samples"": 5}",paper_test_label_oracle_no_PA,Best_F1,10,0,,,,,,,False,2026-10-10T16:42:35.146091+00:00,grasp_execution_audit.json,local_full_budget_source_fidelity_not_certified
GRASP/main,smd,anomaly_detection,"{""flow_evaluations"": 1, ""source_samples"": 5}",validation_only_1_percent_no_PA_control,precision,10,0,,,,,,,False,2026-10-10T16:42:35.146091+00:00,grasp_execution_audit.json,local_full_budget_source_fidelity_not_certified
GRASP/main,smd,anomaly_detection,"{""flow_evaluations"": 1, ""source_samples"": 5}",validation_only_1_percent_no_PA_control,recall,10,0,,,,,,,False,2026-10-10T16:42:35.146091+00:00,grasp_execution_audit.json,local_full_budget_source_fidelity_not_certified
GRASP/main,smd,anomaly_detection,"{""flow_evaluations"": 1, ""source_samples"": 5}",validation_only_1_percent_no_PA_control,f1,10,0,,,,,,,False,2026-10-10T16:42:35.146091+00:00,grasp_execution_audit.json,local_full_budget_source_fidelity_not_certified
GRASP/main,smd,anomaly_detection,"{""flow_evaluations"": 2, ""source_samples"": 5}",paper_test_label_oracle_no_PA,AP,10,0,,,,,,,False,2026-10-10T16:42:35.146091+00:00,grasp_execution_audit.json,local_full_budget_source_fidelity_not_certified
GRASP/main,smd,anomaly_detection,"{""flow_evaluations"": 2, ""source_samples"": 5}",paper_test_label_oracle_no_PA,ROC,10,0,,,,,,,False,2026-10-10T16:42:35.146091+00:00,grasp_execution_audit.json,local_full_budget_source_fidelity_not_certified
GRASP/main,smd,anomaly_detection,"{""flow_evaluations"": 2, ""source_samples"": 5}",paper_test_label_oracle_no_PA,Best_F1,10,0,,,,,,,False,2026-10-10T16:42:35.146091+00:00,grasp_execution_audit.json,local_full_budget_source_fidelity_not_certified
GRASP/main,smd,anomaly_detection,"{""flow_evaluations"": 2, ""source_samples"": 5}",validation_only_1_percent_no_PA_control,precision,10,0,,,,,,,False,2026-10-10T16:42:35.146091+00:00,grasp_execution_audit.json,local_full_budget_source_fidelity_not_certified
GRASP/main,smd,anomaly_detection,"{""flow_evaluations"": 2, ""source_samples"": 5}",validation_only_1_percent_no_PA_control,recall,10,0,,,,,,,False,2026-10-10T16:42:35.146091+00:00,grasp_execution_audit.json,local_full_budget_source_fidelity_not_certified
GRASP/main,smd,anomaly_detection,"{""flow_evaluations"": 2, ""source_samples"": 5}",validation_only_1_percent_no_PA_control,f1,10,0,,,,,,,False,2026-10-10T16:42:35.146091+00:00,grasp_execution_audit.json,local_full_budget_source_fidelity_not_certified
GRASP/main,smd,anomaly_detection,"{""flow_evaluations"": 5, ""source_samples"": 5}",paper_test_label_oracle_no_PA,AP,10,0,,,,,,,False,2026-10-10T16:42:35.146091+00:00,grasp_execution_audit.json,local_full_budget_source_fidelity_not_certified
GRASP/main,smd,anomaly_detection,"{""flow_evaluations"": 5, ""source_samples"": 5}",paper_test_label_oracle_no_PA,ROC,10,0,,,,,,,False,2026-10-10T16:42:35.146091+00:00,grasp_execution_audit.json,local_full_budget_source_fidelity_not_certified
GRASP/main,smd,anomaly_detection,"{""flow_evaluations"": 5, ""source_samples"": 5}",paper_test_label_oracle_no_PA,Best_F1,10,0,,,,,,,False,2026-10-10T16:42:35.146091+00:00,grasp_execution_audit.json,local_full_budget_source_fidelity_not_certified
GRASP/main,smd,anomaly_detection,"{""flow_evaluations"": 5, ""source_samples"": 5}",validation_only_1_percent_no_PA_control,precision,10,0,,,,,,,False,2026-10-10T16:42:35.146091+00:00,grasp_execution_audit.json,local_full_budget_source_fidelity_not_certified
GRASP/main,smd,anomaly_detection,"{""flow_evaluations"": 5, ""source_samples"": 5}",validation_only_1_percent_no_PA_control,recall,10,0,,,,,,,False,2026-10-10T16:42:35.146091+00:00,grasp_execution_audit.json,local_full_budget_source_fidelity_not_certified
GRASP/main,smd,anomaly_detection,"{""flow_evaluations"": 5, ""source_samples"": 5}",validation_only_1_percent_no_PA_control,f1,10,0,,,,,,,False,2026-10-10T16:42:35.146091+00:00,grasp_execution_audit.json,local_full_budget_source_fidelity_not_certified
GRASP/main,smd,anomaly_detection,"{""flow_evaluations"": 20, ""source_samples"": 5}",paper_test_label_oracle_no_PA,AP,10,0,,,,,,,False,2026-10-10T16:42:35.146091+00:00,grasp_execution_audit.json,local_full_budget_source_fidelity_not_certified
GRASP/main,smd,anomaly_detection,"{""flow_evaluations"": 20, ""source_samples"": 5}",paper_test_label_oracle_no_PA,ROC,10,0,,,,,,,False,2026-10-10T16:42:35.146091+00:00,grasp_execution_audit.json,local_full_budget_source_fidelity_not_certified
GRASP/main,smd,anomaly_detection,"{""flow_evaluations"": 20, ""source_samples"": 5}",paper_test_label_oracle_no_PA,Best_F1,10,0,,,,,,,False,2026-10-10T16:42:35.146091+00:00,grasp_execution_audit.json,local_full_budget_source_fidelity_not_certified
GRASP/main,smd,anomaly_detection,"{""flow_evaluations"": 20, ""source_samples"": 5}",validation_only_1_percent_no_PA_control,precision,10,0,,,,,,,False,2026-10-10T16:42:35.146091+00:00,grasp_execution_audit.json,local_full_budget_source_fidelity_not_certified
GRASP/main,smd,anomaly_detection,"{""flow_evaluations"": 20, ""source_samples"": 5}",validation_only_1_percent_no_PA_control,recall,10,0,,,,,,,False,2026-10-10T16:42:35.146091+00:00,grasp_execution_audit.json,local_full_budget_source_fidelity_not_certified
GRASP/main,smd,anomaly_detection,"{""flow_evaluations"": 20, ""source_samples"": 5}",validation_only_1_percent_no_PA_control,f1,10,0,,,,,,,False,2026-10-10T16:42:35.146091+00:00,grasp_execution_audit.json,local_full_budget_source_fidelity_not_certified
GRASP/main,smd,anomaly_detection,"{""flow_evaluations"": 50, ""source_samples"": 5}",paper_test_label_oracle_no_PA,AP,10,0,,,,,,,False,2026-10-10T16:42:35.146091+00:00,grasp_execution_audit.json,local_full_budget_source_fidelity_not_certified
GRASP/main,smd,anomaly_detection,"{""flow_evaluations"": 50, ""source_samples"": 5}",paper_test_label_oracle_no_PA,ROC,10,0,,,,,,,False,2026-10-10T16:42:35.146091+00:00,grasp_execution_audit.json,local_full_budget_source_fidelity_not_certified
GRASP/main,smd,anomaly_detection,"{""flow_evaluations"": 50, ""source_samples"": 5}",paper_test_label_oracle_no_PA,Best_F1,10,0,,,,,,,False,2026-10-10T16:42:35.146091+00:00,grasp_execution_audit.json,local_full_budget_source_fidelity_not_certified
GRASP/main,smd,anomaly_detection,"{""flow_evaluations"": 50, ""source_samples"": 5}",validation_only_1_percent_no_PA_control,precision,10,0,,,,,,,False,2026-10-10T16:42:35.146091+00:00,grasp_execution_audit.json,local_full_budget_source_fidelity_not_certified
GRASP/main,smd,anomaly_detection,"{""flow_evaluations"": 50, ""source_samples"": 5}",validation_only_1_percent_no_PA_control,recall,10,0,,,,,,,False,2026-10-10T16:42:35.146091+00:00,grasp_execution_audit.json,local_full_budget_source_fidelity_not_certified
GRASP/main,smd,anomaly_detection,"{""flow_evaluations"": 50, ""source_samples"": 5}",validation_only_1_percent_no_PA_control,f1,10,0,,,,,,,False,2026-10-10T16:42:35.146091+00:00,grasp_execution_audit.json,local_full_budget_source_fidelity_not_certified
GRASP/main,smd,anomaly_detection,"{""flow_evaluations"": 10, ""source_samples"": 1}",paper_test_label_oracle_no_PA,AP,10,0,,,,,,,False,2026-10-10T16:42:35.146091+00:00,grasp_execution_audit.json,local_full_budget_source_fidelity_not_certified
GRASP/main,smd,anomaly_detection,"{""flow_evaluations"": 10, ""source_samples"": 1}",paper_test_label_oracle_no_PA,ROC,10,0,,,,,,,False,2026-10-10T16:42:35.146091+00:00,grasp_execution_audit.json,local_full_budget_source_fidelity_not_certified
GRASP/main,smd,anomaly_detection,"{""flow_evaluations"": 10, ""source_samples"": 1}",paper_test_label_oracle_no_PA,Best_F1,10,0,,,,,,,False,2026-10-10T16:42:35.146091+00:00,grasp_execution_audit.json,local_full_budget_source_fidelity_not_certified
GRASP/main,smd,anomaly_detection,"{""flow_evaluations"": 10, ""source_samples"": 1}",validation_only_1_percent_no_PA_control,precision,10,0,,,,,,,False,2026-10-10T16:42:35.146091+00:00,grasp_execution_audit.json,local_full_budget_source_fidelity_not_certified
GRASP/main,smd,anomaly_detection,"{""flow_evaluations"": 10, ""source_samples"": 1}",validation_only_1_percent_no_PA_control,recall,10,0,,,,,,,False,2026-10-10T16:42:35.146091+00:00,grasp_execution_audit.json,local_full_budget_source_fidelity_not_certified
GRASP/main,smd,anomaly_detection,"{""flow_evaluations"": 10, ""source_samples"": 1}",validation_only_1_percent_no_PA_control,f1,10,0,,,,,,,False,2026-10-10T16:42:35.146091+00:00,grasp_execution_audit.json,local_full_budget_source_fidelity_not_certified
GRASP/main,smd,anomaly_detection,"{""flow_evaluations"": 10, ""source_samples"": 2}",paper_test_label_oracle_no_PA,AP,10,0,,,,,,,False,2026-10-10T16:42:35.146091+00:00,grasp_execution_audit.json,local_full_budget_source_fidelity_not_certified
GRASP/main,smd,anomaly_detection,"{""flow_evaluations"": 10, ""source_samples"": 2}",paper_test_label_oracle_no_PA,ROC,10,0,,,,,,,False,2026-10-10T16:42:35.146091+00:00,grasp_execution_audit.json,local_full_budget_source_fidelity_not_certified
GRASP/main,smd,anomaly_detection,"{""flow_evaluations"": 10, ""source_samples"": 2}",paper_test_label_oracle_no_PA,Best_F1,10,0,,,,,,,False,2026-10-10T16:42:35.146091+00:00,grasp_execution_audit.json,local_full_budget_source_fidelity_not_certified
GRASP/main,smd,anomaly_detection,"{""flow_evaluations"": 10, ""source_samples"": 2}",validation_only_1_percent_no_PA_control,precision,10,0,,,,,,,False,2026-10-10T16:42:35.146091+00:00,grasp_execution_audit.json,local_full_budget_source_fidelity_not_certified
GRASP/main,smd,anomaly_detection,"{""flow_evaluations"": 10, ""source_samples"": 2}",validation_only_1_percent_no_PA_control,recall,10,0,,,,,,,False,2026-10-10T16:42:35.146091+00:00,grasp_execution_audit.json,local_full_budget_source_fidelity_not_certified
GRASP/main,smd,anomaly_detection,"{""flow_evaluations"": 10, ""source_samples"": 2}",validation_only_1_percent_no_PA_control,f1,10,0,,,,,,,False,2026-10-10T16:42:35.146091+00:00,grasp_execution_audit.json,local_full_budget_source_fidelity_not_certified
GRASP/main,smd,anomaly_detection,"{""flow_evaluations"": 10, ""source_samples"": 10}",paper_test_label_oracle_no_PA,AP,10,0,,,,,,,False,2026-10-10T16:42:35.146091+00:00,grasp_execution_audit.json,local_full_budget_source_fidelity_not_certified
GRASP/main,smd,anomaly_detection,"{""flow_evaluations"": 10, ""source_samples"": 10}",paper_test_label_oracle_no_PA,ROC,10,0,,,,,,,False,2026-10-10T16:42:35.146091+00:00,grasp_execution_audit.json,local_full_budget_source_fidelity_not_certified
GRASP/main,smd,anomaly_detection,"{""flow_evaluations"": 10, ""source_samples"": 10}",paper_test_label_oracle_no_PA,Best_F1,10,0,,,,,,,False,2026-10-10T16:42:35.146091+00:00,grasp_execution_audit.json,local_full_budget_source_fidelity_not_certified
GRASP/main,smd,anomaly_detection,"{""flow_evaluations"": 10, ""source_samples"": 10}",validation_only_1_percent_no_PA_control,precision,10,0,,,,,,,False,2026-10-10T16:42:35.146091+00:00,grasp_execution_audit.json,local_full_budget_source_fidelity_not_certified
GRASP/main,smd,anomaly_detection,"{""flow_evaluations"": 10, ""source_samples"": 10}",validation_only_1_percent_no_PA_control,recall,10,0,,,,,,,False,2026-10-10T16:42:35.146091+00:00,grasp_execution_audit.json,local_full_budget_source_fidelity_not_certified
GRASP/main,smd,anomaly_detection,"{""flow_evaluations"": 10, ""source_samples"": 10}",validation_only_1_percent_no_PA_control,f1,10,0,,,,,,,False,2026-10-10T16:42:35.146091+00:00,grasp_execution_audit.json,local_full_budget_source_fidelity_not_certified
GRASP/main,smd,anomaly_detection,"{""flow_evaluations"": 10, ""source_samples"": 20}",paper_test_label_oracle_no_PA,AP,10,0,,,,,,,False,2026-10-10T16:42:35.146091+00:00,grasp_execution_audit.json,local_full_budget_source_fidelity_not_certified
GRASP/main,smd,anomaly_detection,"{""flow_evaluations"": 10, ""source_samples"": 20}",paper_test_label_oracle_no_PA,ROC,10,0,,,,,,,False,2026-10-10T16:42:35.146091+00:00,grasp_execution_audit.json,local_full_budget_source_fidelity_not_certified
GRASP/main,smd,anomaly_detection,"{""flow_evaluations"": 10, ""source_samples"": 20}",paper_test_label_oracle_no_PA,Best_F1,10,0,,,,,,,False,2026-10-10T16:42:35.146091+00:00,grasp_execution_audit.json,local_full_budget_source_fidelity_not_certified
GRASP/main,smd,anomaly_detection,"{""flow_evaluations"": 10, ""source_samples"": 20}",validation_only_1_percent_no_PA_control,precision,10,0,,,,,,,False,2026-10-10T16:42:35.146091+00:00,grasp_execution_audit.json,local_full_budget_source_fidelity_not_certified
GRASP/main,smd,anomaly_detection,"{""flow_evaluations"": 10, ""source_samples"": 20}",validation_only_1_percent_no_PA_control,recall,10,0,,,,,,,False,2026-10-10T16:42:35.146091+00:00,grasp_execution_audit.json,local_full_budget_source_fidelity_not_certified
GRASP/main,smd,anomaly_detection,"{""flow_evaluations"": 10, ""source_samples"": 20}",validation_only_1_percent_no_PA_control,f1,10,0,,,,,,,False,2026-10-10T16:42:35.146091+00:00,grasp_execution_audit.json,local_full_budget_source_fidelity_not_certified
GRASP/main,smap,anomaly_detection,"{""flow_evaluations"": 10, ""source_samples"": 5}",paper_test_label_oracle_no_PA,AP,10,0,,,,,,,False,2026-10-10T16:42:35.146091+00:00,grasp_execution_audit.json,local_full_budget_source_fidelity_not_certified
GRASP/main,smap,anomaly_detection,"{""flow_evaluations"": 10, ""source_samples"": 5}",paper_test_label_oracle_no_PA,ROC,10,0,,,,,,,False,2026-10-10T16:42:35.146091+00:00,grasp_execution_audit.json,local_full_budget_source_fidelity_not_certified
GRASP/main,smap,anomaly_detection,"{""flow_evaluations"": 10, ""source_samples"": 5}",paper_test_label_oracle_no_PA,Best_F1,10,0,,,,,,,False,2026-10-10T16:42:35.146091+00:00,grasp_execution_audit.json,local_full_budget_source_fidelity_not_certified
GRASP/main,smap,anomaly_detection,"{""flow_evaluations"": 10, ""source_samples"": 5}",validation_only_1_percent_no_PA_control,precision,10,0,,,,,,,False,2026-10-10T16:42:35.146091+00:00,grasp_execution_audit.json,local_full_budget_source_fidelity_not_certified
GRASP/main,smap,anomaly_detection,"{""flow_evaluations"": 10, ""source_samples"": 5}",validation_only_1_percent_no_PA_control,recall,10,0,,,,,,,False,2026-10-10T16:42:35.146091+00:00,grasp_execution_audit.json,local_full_budget_source_fidelity_not_certified
GRASP/main,smap,anomaly_detection,"{""flow_evaluations"": 10, ""source_samples"": 5}",validation_only_1_percent_no_PA_control,f1,10,0,,,,,,,False,2026-10-10T16:42:35.146091+00:00,grasp_execution_audit.json,local_full_budget_source_fidelity_not_certified
GRASP/main,smap,anomaly_detection,"{""flow_evaluations"": 1, ""source_samples"": 5}",paper_test_label_oracle_no_PA,AP,10,0,,,,,,,False,2026-10-10T16:42:35.146091+00:00,grasp_execution_audit.json,local_full_budget_source_fidelity_not_certified
GRASP/main,smap,anomaly_detection,"{""flow_evaluations"": 1, ""source_samples"": 5}",paper_test_label_oracle_no_PA,ROC,10,0,,,,,,,False,2026-10-10T16:42:35.146091+00:00,grasp_execution_audit.json,local_full_budget_source_fidelity_not_certified
GRASP/main,smap,anomaly_detection,"{""flow_evaluations"": 1, ""source_samples"": 5}",paper_test_label_oracle_no_PA,Best_F1,10,0,,,,,,,False,2026-10-10T16:42:35.146091+00:00,grasp_execution_audit.json,local_full_budget_source_fidelity_not_certified
GRASP/main,smap,anomaly_detection,"{""flow_evaluations"": 1, ""source_samples"": 5}",validation_only_1_percent_no_PA_control,precision,10,0,,,,,,,False,2026-10-10T16:42:35.146091+00:00,grasp_execution_audit.json,local_full_budget_source_fidelity_not_certified
GRASP/main,smap,anomaly_detection,"{""flow_evaluations"": 1, ""source_samples"": 5}",validation_only_1_percent_no_PA_control,recall,10,0,,,,,,,False,2026-10-10T16:42:35.146091+00:00,grasp_execution_audit.json,local_full_budget_source_fidelity_not_certified
GRASP/main,smap,anomaly_detection,"{""flow_evaluations"": 1, ""source_samples"": 5}",validation_only_1_percent_no_PA_control,f1,10,0,,,,,,,False,2026-10-10T16:42:35.146091+00:00,grasp_execution_audit.json,local_full_budget_source_fidelity_not_certified
GRASP/main,smap,anomaly_detection,"{""flow_evaluations"": 2, ""source_samples"": 5}",paper_test_label_oracle_no_PA,AP,10,0,,,,,,,False,2026-10-10T16:42:35.146091+00:00,grasp_execution_audit.json,local_full_budget_source_fidelity_not_certified
GRASP/main,smap,anomaly_detection,"{""flow_evaluations"": 2, ""source_samples"": 5}",paper_test_label_oracle_no_PA,ROC,10,0,,,,,,,False,2026-10-10T16:42:35.146091+00:00,grasp_execution_audit.json,local_full_budget_source_fidelity_not_certified
GRASP/main,smap,anomaly_detection,"{""flow_evaluations"": 2, ""source_samples"": 5}",paper_test_label_oracle_no_PA,Best_F1,10,0,,,,,,,False,2026-10-10T16:42:35.146091+00:00,grasp_execution_audit.json,local_full_budget_source_fidelity_not_certified
GRASP/main,smap,anomaly_detection,"{""flow_evaluations"": 2, ""source_samples"": 5}",validation_only_1_percent_no_PA_control,precision,10,0,,,,,,,False,2026-10-10T16:42:35.146091+00:00,grasp_execution_audit.json,local_full_budget_source_fidelity_not_certified
GRASP/main,smap,anomaly_detection,"{""flow_evaluations"": 2, ""source_samples"": 5}",validation_only_1_percent_no_PA_control,recall,10,0,,,,,,,False,2026-10-10T16:42:35.146091+00:00,grasp_execution_audit.json,local_full_budget_source_fidelity_not_certified
GRASP/main,smap,anomaly_detection,"{""flow_evaluations"": 2, ""source_samples"": 5}",validation_only_1_percent_no_PA_control,f1,10,0,,,,,,,False,2026-10-10T16:42:35.146091+00:00,grasp_execution_audit.json,local_full_budget_source_fidelity_not_certified
GRASP/main,smap,anomaly_detection,"{""flow_evaluations"": 5, ""source_samples"": 5}",paper_test_label_oracle_no_PA,AP,10,0,,,,,,,False,2026-10-10T16:42:35.146091+00:00,grasp_execution_audit.json,local_full_budget_source_fidelity_not_certified
GRASP/main,smap,anomaly_detection,"{""flow_evaluations"": 5, ""source_samples"": 5}",paper_test_label_oracle_no_PA,ROC,10,0,,,,,,,False,2026-10-10T16:42:35.146091+00:00,grasp_execution_audit.json,local_full_budget_source_fidelity_not_certified
GRASP/main,smap,anomaly_detection,"{""flow_evaluations"": 5, ""source_samples"": 5}",paper_test_label_oracle_no_PA,Best_F1,10,0,,,,,,,False,2026-10-10T16:42:35.146091+00:00,grasp_execution_audit.json,local_full_budget_source_fidelity_not_certified
GRASP/main,smap,anomaly_detection,"{""flow_evaluations"": 5, ""source_samples"": 5}",validation_only_1_percent_no_PA_control,precision,10,0,,,,,,,False,2026-10-10T16:42:35.146091+00:00,grasp_execution_audit.json,local_full_budget_source_fidelity_not_certified
GRASP/main,smap,anomaly_detection,"{""flow_evaluations"": 5, ""source_samples"": 5}",validation_only_1_percent_no_PA_control,recall,10,0,,,,,,,False,2026-10-10T16:42:35.146091+00:00,grasp_execution_audit.json,local_full_budget_source_fidelity_not_certified
GRASP/main,smap,anomaly_detection,"{""flow_evaluations"": 5, ""source_samples"": 5}",validation_only_1_percent_no_PA_control,f1,10,0,,,,,,,False,2026-10-10T16:42:35.146091+00:00,grasp_execution_audit.json,local_full_budget_source_fidelity_not_certified
GRASP/main,smap,anomaly_detection,"{""flow_evaluations"": 20, ""source_samples"": 5}",paper_test_label_oracle_no_PA,AP,10,0,,,,,,,False,2026-10-10T16:42:35.146091+00:00,grasp_execution_audit.json,local_full_budget_source_fidelity_not_certified
GRASP/main,smap,anomaly_detection,"{""flow_evaluations"": 20, ""source_samples"": 5}",paper_test_label_oracle_no_PA,ROC,10,0,,,,,,,False,2026-10-10T16:42:35.146091+00:00,grasp_execution_audit.json,local_full_budget_source_fidelity_not_certified
GRASP/main,smap,anomaly_detection,"{""flow_evaluations"": 20, ""source_samples"": 5}",paper_test_label_oracle_no_PA,Best_F1,10,0,,,,,,,False,2026-10-10T16:42:35.146091+00:00,grasp_execution_audit.json,local_full_budget_source_fidelity_not_certified
GRASP/main,smap,anomaly_detection,"{""flow_evaluations"": 20, ""source_samples"": 5}",validation_only_1_percent_no_PA_control,precision,10,0,,,,,,,False,2026-10-10T16:42:35.146091+00:00,grasp_execution_audit.json,local_full_budget_source_fidelity_not_certified
GRASP/main,smap,anomaly_detection,"{""flow_evaluations"": 20, ""source_samples"": 5}",validation_only_1_percent_no_PA_control,recall,10,0,,,,,,,False,2026-10-10T16:42:35.146091+00:00,grasp_execution_audit.json,local_full_budget_source_fidelity_not_certified
GRASP/main,smap,anomaly_detection,"{""flow_evaluations"": 20, ""source_samples"": 5}",validation_only_1_percent_no_PA_control,f1,10,0,,,,,,,False,2026-10-10T16:42:35.146091+00:00,grasp_execution_audit.json,local_full_budget_source_fidelity_not_certified
GRASP/main,smap,anomaly_detection,"{""flow_evaluations"": 50, ""source_samples"": 5}",paper_test_label_oracle_no_PA,AP,10,0,,,,,,,False,2026-10-10T16:42:35.146091+00:00,grasp_execution_audit.json,local_full_budget_source_fidelity_not_certified
GRASP/main,smap,anomaly_detection,"{""flow_evaluations"": 50, ""source_samples"": 5}",paper_test_label_oracle_no_PA,ROC,10,0,,,,,,,False,2026-10-10T16:42:35.146091+00:00,grasp_execution_audit.json,local_full_budget_source_fidelity_not_certified
GRASP/main,smap,anomaly_detection,"{""flow_evaluations"": 50, ""source_samples"": 5}",paper_test_label_oracle_no_PA,Best_F1,10,0,,,,,,,False,2026-10-10T16:42:35.146091+00:00,grasp_execution_audit.json,local_full_budget_source_fidelity_not_certified
GRASP/main,smap,anomaly_detection,"{""flow_evaluations"": 50, ""source_samples"": 5}",validation_only_1_percent_no_PA_control,precision,10,0,,,,,,,False,2026-10-10T16:42:35.146091+00:00,grasp_execution_audit.json,local_full_budget_source_fidelity_not_certified
GRASP/main,smap,anomaly_detection,"{""flow_evaluations"": 50, ""source_samples"": 5}",validation_only_1_percent_no_PA_control,recall,10,0,,,,,,,False,2026-10-10T16:42:35.146091+00:00,grasp_execution_audit.json,local_full_budget_source_fidelity_not_certified
GRASP/main,smap,anomaly_detection,"{""flow_evaluations"": 50, ""source_samples"": 5}",validation_only_1_percent_no_PA_control,f1,10,0,,,,,,,False,2026-10-10T16:42:35.146091+00:00,grasp_execution_audit.json,local_full_budget_source_fidelity_not_certified
GRASP/main,smap,anomaly_detection,"{""flow_evaluations"": 10, ""source_samples"": 1}",paper_test_label_oracle_no_PA,AP,10,0,,,,,,,False,2026-10-10T16:42:35.146091+00:00,grasp_execution_audit.json,local_full_budget_source_fidelity_not_certified
GRASP/main,smap,anomaly_detection,"{""flow_evaluations"": 10, ""source_samples"": 1}",paper_test_label_oracle_no_PA,ROC,10,0,,,,,,,False,2026-10-10T16:42:35.146091+00:00,grasp_execution_audit.json,local_full_budget_source_fidelity_not_certified
GRASP/main,smap,anomaly_detection,"{""flow_evaluations"": 10, ""source_samples"": 1}",paper_test_label_oracle_no_PA,Best_F1,10,0,,,,,,,False,2026-10-10T16:42:35.146091+00:00,grasp_execution_audit.json,local_full_budget_source_fidelity_not_certified
GRASP/main,smap,anomaly_detection,"{""flow_evaluations"": 10, ""source_samples"": 1}",validation_only_1_percent_no_PA_control,precision,10,0,,,,,,,False,2026-10-10T16:42:35.146091+00:00,grasp_execution_audit.json,local_full_budget_source_fidelity_not_certified
GRASP/main,smap,anomaly_detection,"{""flow_evaluations"": 10, ""source_samples"": 1}",validation_only_1_percent_no_PA_control,recall,10,0,,,,,,,False,2026-10-10T16:42:35.146091+00:00,grasp_execution_audit.json,local_full_budget_source_fidelity_not_certified
GRASP/main,smap,anomaly_detection,"{""flow_evaluations"": 10, ""source_samples"": 1}",validation_only_1_percent_no_PA_control,f1,10,0,,,,,,,False,2026-10-10T16:42:35.146091+00:00,grasp_execution_audit.json,local_full_budget_source_fidelity_not_certified
GRASP/main,smap,anomaly_detection,"{""flow_evaluations"": 10, ""source_samples"": 2}",paper_test_label_oracle_no_PA,AP,10,0,,,,,,,False,2026-10-10T16:42:35.146091+00:00,grasp_execution_audit.json,local_full_budget_source_fidelity_not_certified
GRASP/main,smap,anomaly_detection,"{""flow_evaluations"": 10, ""source_samples"": 2}",paper_test_label_oracle_no_PA,ROC,10,0,,,,,,,False,2026-10-10T16:42:35.146091+00:00,grasp_execution_audit.json,local_full_budget_source_fidelity_not_certified
GRASP/main,smap,anomaly_detection,"{""flow_evaluations"": 10, ""source_samples"": 2}",paper_test_label_oracle_no_PA,Best_F1,10,0,,,,,,,False,2026-10-10T16:42:35.146091+00:00,grasp_execution_audit.json,local_full_budget_source_fidelity_not_certified
GRASP/main,smap,anomaly_detection,"{""flow_evaluations"": 10, ""source_samples"": 2}",validation_only_1_percent_no_PA_control,precision,10,0,,,,,,,False,2026-10-10T16:42:35.146091+00:00,grasp_execution_audit.json,local_full_budget_source_fidelity_not_certified
GRASP/main,smap,anomaly_detection,"{""flow_evaluations"": 10, ""source_samples"": 2}",validation_only_1_percent_no_PA_control,recall,10,0,,,,,,,False,2026-10-10T16:42:35.146091+00:00,grasp_execution_audit.json,local_full_budget_source_fidelity_not_certified
GRASP/main,smap,anomaly_detection,"{""flow_evaluations"": 10, ""source_samples"": 2}",validation_only_1_percent_no_PA_control,f1,10,0,,,,,,,False,2026-10-10T16:42:35.146091+00:00,grasp_execution_audit.json,local_full_budget_source_fidelity_not_certified
GRASP/main,smap,anomaly_detection,"{""flow_evaluations"": 10, ""source_samples"": 10}",paper_test_label_oracle_no_PA,AP,10,0,,,,,,,False,2026-10-10T16:42:35.146091+00:00,grasp_execution_audit.json,local_full_budget_source_fidelity_not_certified
GRASP/main,smap,anomaly_detection,"{""flow_evaluations"": 10, ""source_samples"": 10}",paper_test_label_oracle_no_PA,ROC,10,0,,,,,,,False,2026-10-10T16:42:35.146091+00:00,grasp_execution_audit.json,local_full_budget_source_fidelity_not_certified
GRASP/main,smap,anomaly_detection,"{""flow_evaluations"": 10, ""source_samples"": 10}",paper_test_label_oracle_no_PA,Best_F1,10,0,,,,,,,False,2026-10-10T16:42:35.146091+00:00,grasp_execution_audit.json,local_full_budget_source_fidelity_not_certified
GRASP/main,smap,anomaly_detection,"{""flow_evaluations"": 10, ""source_samples"": 10}",validation_only_1_percent_no_PA_control,precision,10,0,,,,,,,False,2026-10-10T16:42:35.146091+00:00,grasp_execution_audit.json,local_full_budget_source_fidelity_not_certified
GRASP/main,smap,anomaly_detection,"{""flow_evaluations"": 10, ""source_samples"": 10}",validation_only_1_percent_no_PA_control,recall,10,0,,,,,,,False,2026-10-10T16:42:35.146091+00:00,grasp_execution_audit.json,local_full_budget_source_fidelity_not_certified
GRASP/main,smap,anomaly_detection,"{""flow_evaluations"": 10, ""source_samples"": 10}",validation_only_1_percent_no_PA_control,f1,10,0,,,,,,,False,2026-10-10T16:42:35.146091+00:00,grasp_execution_audit.json,local_full_budget_source_fidelity_not_certified
GRASP/main,smap,anomaly_detection,"{""flow_evaluations"": 10, ""source_samples"": 20}",paper_test_label_oracle_no_PA,AP,10,0,,,,,,,False,2026-10-10T16:42:35.146091+00:00,grasp_execution_audit.json,local_full_budget_source_fidelity_not_certified
GRASP/main,smap,anomaly_detection,"{""flow_evaluations"": 10, ""source_samples"": 20}",paper_test_label_oracle_no_PA,ROC,10,0,,,,,,,False,2026-10-10T16:42:35.146091+00:00,grasp_execution_audit.json,local_full_budget_source_fidelity_not_certified
GRASP/main,smap,anomaly_detection,"{""flow_evaluations"": 10, ""source_samples"": 20}",paper_test_label_oracle_no_PA,Best_F1,10,0,,,,,,,False,2026-10-10T16:42:35.146091+00:00,grasp_execution_audit.json,local_full_budget_source_fidelity_not_certified
GRASP/main,smap,anomaly_detection,"{""flow_evaluations"": 10, ""source_samples"": 20}",validation_only_1_percent_no_PA_control,precision,10,0,,,,,,,False,2026-10-10T16:42:35.146091+00:00,grasp_execution_audit.json,local_full_budget_source_fidelity_not_certified
GRASP/main,smap,anomaly_detection,"{""flow_evaluations"": 10, ""source_samples"": 20}",validation_only_1_percent_no_PA_control,recall,10,0,,,,,,,False,2026-10-10T16:42:35.146091+00:00,grasp_execution_audit.json,local_full_budget_source_fidelity_not_certified
GRASP/main,smap,anomaly_detection,"{""flow_evaluations"": 10, ""source_samples"": 20}",validation_only_1_percent_no_PA_control,f1,10,0,,,,,,,False,2026-10-10T16:42:35.146091+00:00,grasp_execution_audit.json,local_full_budget_source_fidelity_not_certified
GRASP/main,cicids,anomaly_detection,"{""flow_evaluations"": 10, ""source_samples"": 5}",paper_test_label_oracle_no_PA,AP,10,0,,,,,,,False,2026-10-10T16:42:35.146091+00:00,grasp_execution_audit.json,local_full_budget_source_fidelity_not_certified
GRASP/main,cicids,anomaly_detection,"{""flow_evaluations"": 10, ""source_samples"": 5}",paper_test_label_oracle_no_PA,ROC,10,0,,,,,,,False,2026-10-10T16:42:35.146091+00:00,grasp_execution_audit.json,local_full_budget_source_fidelity_not_certified
GRASP/main,cicids,anomaly_detection,"{""flow_evaluations"": 10, ""source_samples"": 5}",paper_test_label_oracle_no_PA,Best_F1,10,0,,,,,,,False,2026-10-10T16:42:35.146091+00:00,grasp_execution_audit.json,local_full_budget_source_fidelity_not_certified
GRASP/main,cicids,anomaly_detection,"{""flow_evaluations"": 10, ""source_samples"": 5}",validation_only_1_percent_no_PA_control,precision,10,0,,,,,,,False,2026-10-10T16:42:35.146091+00:00,grasp_execution_audit.json,local_full_budget_source_fidelity_not_certified
GRASP/main,cicids,anomaly_detection,"{""flow_evaluations"": 10, ""source_samples"": 5}",validation_only_1_percent_no_PA_control,recall,10,0,,,,,,,False,2026-10-10T16:42:35.146091+00:00,grasp_execution_audit.json,local_full_budget_source_fidelity_not_certified
GRASP/main,cicids,anomaly_detection,"{""flow_evaluations"": 10, ""source_samples"": 5}",validation_only_1_percent_no_PA_control,f1,10,0,,,,,,,False,2026-10-10T16:42:35.146091+00:00,grasp_execution_audit.json,local_full_budget_source_fidelity_not_certified
GRASP/main,cicids,anomaly_detection,"{""flow_evaluations"": 1, ""source_samples"": 5}",paper_test_label_oracle_no_PA,AP,10,0,,,,,,,False,2026-10-10T16:42:35.146091+00:00,grasp_execution_audit.json,local_full_budget_source_fidelity_not_certified
GRASP/main,cicids,anomaly_detection,"{""flow_evaluations"": 1, ""source_samples"": 5}",paper_test_label_oracle_no_PA,ROC,10,0,,,,,,,False,2026-10-10T16:42:35.146091+00:00,grasp_execution_audit.json,local_full_budget_source_fidelity_not_certified
GRASP/main,cicids,anomaly_detection,"{""flow_evaluations"": 1, ""source_samples"": 5}",paper_test_label_oracle_no_PA,Best_F1,10,0,,,,,,,False,2026-10-10T16:42:35.146091+00:00,grasp_execution_audit.json,local_full_budget_source_fidelity_not_certified
GRASP/main,cicids,anomaly_detection,"{""flow_evaluations"": 1, ""source_samples"": 5}",validation_only_1_percent_no_PA_control,precision,10,0,,,,,,,False,2026-10-10T16:42:35.146091+00:00,grasp_execution_audit.json,local_full_budget_source_fidelity_not_certified
GRASP/main,cicids,anomaly_detection,"{""flow_evaluations"": 1, ""source_samples"": 5}",validation_only_1_percent_no_PA_control,recall,10,0,,,,,,,False,2026-10-10T16:42:35.146091+00:00,grasp_execution_audit.json,local_full_budget_source_fidelity_not_certified
GRASP/main,cicids,anomaly_detection,"{""flow_evaluations"": 1, ""source_samples"": 5}",validation_only_1_percent_no_PA_control,f1,10,0,,,,,,,False,2026-10-10T16:42:35.146091+00:00,grasp_execution_audit.json,local_full_budget_source_fidelity_not_certified
GRASP/main,cicids,anomaly_detection,"{""flow_evaluations"": 2, ""source_samples"": 5}",paper_test_label_oracle_no_PA,AP,10,0,,,,,,,False,2026-10-10T16:42:35.146091+00:00,grasp_execution_audit.json,local_full_budget_source_fidelity_not_certified
GRASP/main,cicids,anomaly_detection,"{""flow_evaluations"": 2, ""source_samples"": 5}",paper_test_label_oracle_no_PA,ROC,10,0,,,,,,,False,2026-10-10T16:42:35.146091+00:00,grasp_execution_audit.json,local_full_budget_source_fidelity_not_certified
GRASP/main,cicids,anomaly_detection,"{""flow_evaluations"": 2, ""source_samples"": 5}",paper_test_label_oracle_no_PA,Best_F1,10,0,,,,,,,False,2026-10-10T16:42:35.146091+00:00,grasp_execution_audit.json,local_full_budget_source_fidelity_not_certified
GRASP/main,cicids,anomaly_detection,"{""flow_evaluations"": 2, ""source_samples"": 5}",validation_only_1_percent_no_PA_control,precision,10,0,,,,,,,False,2026-10-10T16:42:35.146091+00:00,grasp_execution_audit.json,local_full_budget_source_fidelity_not_certified
GRASP/main,cicids,anomaly_detection,"{""flow_evaluations"": 2, ""source_samples"": 5}",validation_only_1_percent_no_PA_control,recall,10,0,,,,,,,False,2026-10-10T16:42:35.146091+00:00,grasp_execution_audit.json,local_full_budget_source_fidelity_not_certified
GRASP/main,cicids,anomaly_detection,"{""flow_evaluations"": 2, ""source_samples"": 5}",validation_only_1_percent_no_PA_control,f1,10,0,,,,,,,False,2026-10-10T16:42:35.146091+00:00,grasp_execution_audit.json,local_full_budget_source_fidelity_not_certified
GRASP/main,cicids,anomaly_detection,"{""flow_evaluations"": 5, ""source_samples"": 5}",paper_test_label_oracle_no_PA,AP,10,0,,,,,,,False,2026-10-10T16:42:35.146091+00:00,grasp_execution_audit.json,local_full_budget_source_fidelity_not_certified
GRASP/main,cicids,anomaly_detection,"{""flow_evaluations"": 5, ""source_samples"": 5}",paper_test_label_oracle_no_PA,ROC,10,0,,,,,,,False,2026-10-10T16:42:35.146091+00:00,grasp_execution_audit.json,local_full_budget_source_fidelity_not_certified
GRASP/main,cicids,anomaly_detection,"{""flow_evaluations"": 5, ""source_samples"": 5}",paper_test_label_oracle_no_PA,Best_F1,10,0,,,,,,,False,2026-10-10T16:42:35.146091+00:00,grasp_execution_audit.json,local_full_budget_source_fidelity_not_certified
GRASP/main,cicids,anomaly_detection,"{""flow_evaluations"": 5, ""source_samples"": 5}",validation_only_1_percent_no_PA_control,precision,10,0,,,,,,,False,2026-10-10T16:42:35.146091+00:00,grasp_execution_audit.json,local_full_budget_source_fidelity_not_certified
GRASP/main,cicids,anomaly_detection,"{""flow_evaluations"": 5, ""source_samples"": 5}",validation_only_1_percent_no_PA_control,recall,10,0,,,,,,,False,2026-10-10T16:42:35.146091+00:00,grasp_execution_audit.json,local_full_budget_source_fidelity_not_certified
GRASP/main,cicids,anomaly_detection,"{""flow_evaluations"": 5, ""source_samples"": 5}",validation_only_1_percent_no_PA_control,f1,10,0,,,,,,,False,2026-10-10T16:42:35.146091+00:00,grasp_execution_audit.json,local_full_budget_source_fidelity_not_certified
GRASP/main,cicids,anomaly_detection,"{""flow_evaluations"": 20, ""source_samples"": 5}",paper_test_label_oracle_no_PA,AP,10,0,,,,,,,False,2026-10-10T16:42:35.146091+00:00,grasp_execution_audit.json,local_full_budget_source_fidelity_not_certified
GRASP/main,cicids,anomaly_detection,"{""flow_evaluations"": 20, ""source_samples"": 5}",paper_test_label_oracle_no_PA,ROC,10,0,,,,,,,False,2026-10-10T16:42:35.146091+00:00,grasp_execution_audit.json,local_full_budget_source_fidelity_not_certified
GRASP/main,cicids,anomaly_detection,"{""flow_evaluations"": 20, ""source_samples"": 5}",paper_test_label_oracle_no_PA,Best_F1,10,0,,,,,,,False,2026-10-10T16:42:35.146091+00:00,grasp_execution_audit.json,local_full_budget_source_fidelity_not_certified
GRASP/main,cicids,anomaly_detection,"{""flow_evaluations"": 20, ""source_samples"": 5}",validation_only_1_percent_no_PA_control,precision,10,0,,,,,,,False,2026-10-10T16:42:35.146091+00:00,grasp_execution_audit.json,local_full_budget_source_fidelity_not_certified
GRASP/main,cicids,anomaly_detection,"{""flow_evaluations"": 20, ""source_samples"": 5}",validation_only_1_percent_no_PA_control,recall,10,0,,,,,,,False,2026-10-10T16:42:35.146091+00:00,grasp_execution_audit.json,local_full_budget_source_fidelity_not_certified
GRASP/main,cicids,anomaly_detection,"{""flow_evaluations"": 20, ""source_samples"": 5}",validation_only_1_percent_no_PA_control,f1,10,0,,,,,,,False,2026-10-10T16:42:35.146091+00:00,grasp_execution_audit.json,local_full_budget_source_fidelity_not_certified
GRASP/main,cicids,anomaly_detection,"{""flow_evaluations"": 50, ""source_samples"": 5}",paper_test_label_oracle_no_PA,AP,10,0,,,,,,,False,2026-10-10T16:42:35.146091+00:00,grasp_execution_audit.json,local_full_budget_source_fidelity_not_certified
GRASP/main,cicids,anomaly_detection,"{""flow_evaluations"": 50, ""source_samples"": 5}",paper_test_label_oracle_no_PA,ROC,10,0,,,,,,,False,2026-10-10T16:42:35.146091+00:00,grasp_execution_audit.json,local_full_budget_source_fidelity_not_certified
GRASP/main,cicids,anomaly_detection,"{""flow_evaluations"": 50, ""source_samples"": 5}",paper_test_label_oracle_no_PA,Best_F1,10,0,,,,,,,False,2026-10-10T16:42:35.146091+00:00,grasp_execution_audit.json,local_full_budget_source_fidelity_not_certified
GRASP/main,cicids,anomaly_detection,"{""flow_evaluations"": 50, ""source_samples"": 5}",validation_only_1_percent_no_PA_control,precision,10,0,,,,,,,False,2026-10-10T16:42:35.146091+00:00,grasp_execution_audit.json,local_full_budget_source_fidelity_not_certified
GRASP/main,cicids,anomaly_detection,"{""flow_evaluations"": 50, ""source_samples"": 5}",validation_only_1_percent_no_PA_control,recall,10,0,,,,,,,False,2026-10-10T16:42:35.146091+00:00,grasp_execution_audit.json,local_full_budget_source_fidelity_not_certified
GRASP/main,cicids,anomaly_detection,"{""flow_evaluations"": 50, ""source_samples"": 5}",validation_only_1_percent_no_PA_control,f1,10,0,,,,,,,False,2026-10-10T16:42:35.146091+00:00,grasp_execution_audit.json,local_full_budget_source_fidelity_not_certified
GRASP/main,cicids,anomaly_detection,"{""flow_evaluations"": 10, ""source_samples"": 1}",paper_test_label_oracle_no_PA,AP,10,0,,,,,,,False,2026-10-10T16:42:35.146091+00:00,grasp_execution_audit.json,local_full_budget_source_fidelity_not_certified
GRASP/main,cicids,anomaly_detection,"{""flow_evaluations"": 10, ""source_samples"": 1}",paper_test_label_oracle_no_PA,ROC,10,0,,,,,,,False,2026-10-10T16:42:35.146091+00:00,grasp_execution_audit.json,local_full_budget_source_fidelity_not_certified
GRASP/main,cicids,anomaly_detection,"{""flow_evaluations"": 10, ""source_samples"": 1}",paper_test_label_oracle_no_PA,Best_F1,10,0,,,,,,,False,2026-10-10T16:42:35.146091+00:00,grasp_execution_audit.json,local_full_budget_source_fidelity_not_certified
GRASP/main,cicids,anomaly_detection,"{""flow_evaluations"": 10, ""source_samples"": 1}",validation_only_1_percent_no_PA_control,precision,10,0,,,,,,,False,2026-10-10T16:42:35.146091+00:00,grasp_execution_audit.json,local_full_budget_source_fidelity_not_certified
GRASP/main,cicids,anomaly_detection,"{""flow_evaluations"": 10, ""source_samples"": 1}",validation_only_1_percent_no_PA_control,recall,10,0,,,,,,,False,2026-10-10T16:42:35.146091+00:00,grasp_execution_audit.json,local_full_budget_source_fidelity_not_certified
GRASP/main,cicids,anomaly_detection,"{""flow_evaluations"": 10, ""source_samples"": 1}",validation_only_1_percent_no_PA_control,f1,10,0,,,,,,,False,2026-10-10T16:42:35.146091+00:00,grasp_execution_audit.json,local_full_budget_source_fidelity_not_certified
GRASP/main,cicids,anomaly_detection,"{""flow_evaluations"": 10, ""source_samples"": 2}",paper_test_label_oracle_no_PA,AP,10,0,,,,,,,False,2026-10-10T16:42:35.146091+00:00,grasp_execution_audit.json,local_full_budget_source_fidelity_not_certified
GRASP/main,cicids,anomaly_detection,"{""flow_evaluations"": 10, ""source_samples"": 2}",paper_test_label_oracle_no_PA,ROC,10,0,,,,,,,False,2026-10-10T16:42:35.146091+00:00,grasp_execution_audit.json,local_full_budget_source_fidelity_not_certified
GRASP/main,cicids,anomaly_detection,"{""flow_evaluations"": 10, ""source_samples"": 2}",paper_test_label_oracle_no_PA,Best_F1,10,0,,,,,,,False,2026-10-10T16:42:35.146091+00:00,grasp_execution_audit.json,local_full_budget_source_fidelity_not_certified
GRASP/main,cicids,anomaly_detection,"{""flow_evaluations"": 10, ""source_samples"": 2}",validation_only_1_percent_no_PA_control,precision,10,0,,,,,,,False,2026-10-10T16:42:35.146091+00:00,grasp_execution_audit.json,local_full_budget_source_fidelity_not_certified
GRASP/main,cicids,anomaly_detection,"{""flow_evaluations"": 10, ""source_samples"": 2}",validation_only_1_percent_no_PA_control,recall,10,0,,,,,,,False,2026-10-10T16:42:35.146091+00:00,grasp_execution_audit.json,local_full_budget_source_fidelity_not_certified
GRASP/main,cicids,anomaly_detection,"{""flow_evaluations"": 10, ""source_samples"": 2}",validation_only_1_percent_no_PA_control,f1,10,0,,,,,,,False,2026-10-10T16:42:35.146091+00:00,grasp_execution_audit.json,local_full_budget_source_fidelity_not_certified
GRASP/main,cicids,anomaly_detection,"{""flow_evaluations"": 10, ""source_samples"": 10}",paper_test_label_oracle_no_PA,AP,10,0,,,,,,,False,2026-10-10T16:42:35.146091+00:00,grasp_execution_audit.json,local_full_budget_source_fidelity_not_certified
GRASP/main,cicids,anomaly_detection,"{""flow_evaluations"": 10, ""source_samples"": 10}",paper_test_label_oracle_no_PA,ROC,10,0,,,,,,,False,2026-10-10T16:42:35.146091+00:00,grasp_execution_audit.json,local_full_budget_source_fidelity_not_certified
GRASP/main,cicids,anomaly_detection,"{""flow_evaluations"": 10, ""source_samples"": 10}",paper_test_label_oracle_no_PA,Best_F1,10,0,,,,,,,False,2026-10-10T16:42:35.146091+00:00,grasp_execution_audit.json,local_full_budget_source_fidelity_not_certified
GRASP/main,cicids,anomaly_detection,"{""flow_evaluations"": 10, ""source_samples"": 10}",validation_only_1_percent_no_PA_control,precision,10,0,,,,,,,False,2026-10-10T16:42:35.146091+00:00,grasp_execution_audit.json,local_full_budget_source_fidelity_not_certified
GRASP/main,cicids,anomaly_detection,"{""flow_evaluations"": 10, ""source_samples"": 10}",validation_only_1_percent_no_PA_control,recall,10,0,,,,,,,False,2026-10-10T16:42:35.146091+00:00,grasp_execution_audit.json,local_full_budget_source_fidelity_not_certified
GRASP/main,cicids,anomaly_detection,"{""flow_evaluations"": 10, ""source_samples"": 10}",validation_only_1_percent_no_PA_control,f1,10,0,,,,,,,False,2026-10-10T16:42:35.146091+00:00,grasp_execution_audit.json,local_full_budget_source_fidelity_not_certified
GRASP/main,cicids,anomaly_detection,"{""flow_evaluations"": 10, ""source_samples"": 20}",paper_test_label_oracle_no_PA,AP,10,0,,,,,,,False,2026-10-10T16:42:35.146091+00:00,grasp_execution_audit.json,local_full_budget_source_fidelity_not_certified
GRASP/main,cicids,anomaly_detection,"{""flow_evaluations"": 10, ""source_samples"": 20}",paper_test_label_oracle_no_PA,ROC,10,0,,,,,,,False,2026-10-10T16:42:35.146091+00:00,grasp_execution_audit.json,local_full_budget_source_fidelity_not_certified
GRASP/main,cicids,anomaly_detection,"{""flow_evaluations"": 10, ""source_samples"": 20}",paper_test_label_oracle_no_PA,Best_F1,10,0,,,,,,,False,2026-10-10T16:42:35.146091+00:00,grasp_execution_audit.json,local_full_budget_source_fidelity_not_certified
GRASP/main,cicids,anomaly_detection,"{""flow_evaluations"": 10, ""source_samples"": 20}",validation_only_1_percent_no_PA_control,precision,10,0,,,,,,,False,2026-10-10T16:42:35.146091+00:00,grasp_execution_audit.json,local_full_budget_source_fidelity_not_certified
GRASP/main,cicids,anomaly_detection,"{""flow_evaluations"": 10, ""source_samples"": 20}",validation_only_1_percent_no_PA_control,recall,10,0,,,,,,,False,2026-10-10T16:42:35.146091+00:00,grasp_execution_audit.json,local_full_budget_source_fidelity_not_certified
GRASP/main,cicids,anomaly_detection,"{""flow_evaluations"": 10, ""source_samples"": 20}",validation_only_1_percent_no_PA_control,f1,10,0,,,,,,,False,2026-10-10T16:42:35.146091+00:00,grasp_execution_audit.json,local_full_budget_source_fidelity_not_certified
GRASP/transformer,swan,anomaly_detection,"{""flow_evaluations"": 10, ""source_samples"": 5}",paper_test_label_oracle_no_PA,AP,10,1,0.41445312036984305,,,,,,False,2026-10-10T16:42:35.146091+00:00,grasp_execution_audit.json,local_full_budget_source_fidelity_not_certified
GRASP/transformer,swan,anomaly_detection,"{""flow_evaluations"": 10, ""source_samples"": 5}",paper_test_label_oracle_no_PA,ROC,10,1,0.5285688436430565,,,,,,False,2026-10-10T16:42:35.146091+00:00,grasp_execution_audit.json,local_full_budget_source_fidelity_not_certified
GRASP/transformer,swan,anomaly_detection,"{""flow_evaluations"": 10, ""source_samples"": 5}",paper_test_label_oracle_no_PA,Best_F1,10,1,0.43658770113351164,,,,,,False,2026-10-10T16:42:35.146091+00:00,grasp_execution_audit.json,local_full_budget_source_fidelity_not_certified
GRASP/transformer,swan,anomaly_detection,"{""flow_evaluations"": 10, ""source_samples"": 5}",validation_only_1_percent_no_PA_control,precision,10,1,0.32570806100217864,,,,,,False,2026-10-10T16:42:35.146091+00:00,grasp_execution_audit.json,local_full_budget_source_fidelity_not_certified
GRASP/transformer,swan,anomaly_detection,"{""flow_evaluations"": 10, ""source_samples"": 5}",validation_only_1_percent_no_PA_control,recall,10,1,0.5057711442786069,,,,,,False,2026-10-10T16:42:35.146091+00:00,grasp_execution_audit.json,local_full_budget_source_fidelity_not_certified
GRASP/transformer,swan,anomaly_detection,"{""flow_evaluations"": 10, ""source_samples"": 5}",validation_only_1_percent_no_PA_control,f1,10,1,0.39624259432491427,,,,,,False,2026-10-10T16:42:35.146091+00:00,grasp_execution_audit.json,local_full_budget_source_fidelity_not_certified
GRASP/transformer,smd,anomaly_detection,"{""flow_evaluations"": 10, ""source_samples"": 5}",paper_test_label_oracle_no_PA,AP,10,0,,,,,,,False,2026-10-10T16:42:35.146091+00:00,grasp_execution_audit.json,local_full_budget_source_fidelity_not_certified
GRASP/transformer,smd,anomaly_detection,"{""flow_evaluations"": 10, ""source_samples"": 5}",paper_test_label_oracle_no_PA,ROC,10,0,,,,,,,False,2026-10-10T16:42:35.146091+00:00,grasp_execution_audit.json,local_full_budget_source_fidelity_not_certified
GRASP/transformer,smd,anomaly_detection,"{""flow_evaluations"": 10, ""source_samples"": 5}",paper_test_label_oracle_no_PA,Best_F1,10,0,,,,,,,False,2026-10-10T16:42:35.146091+00:00,grasp_execution_audit.json,local_full_budget_source_fidelity_not_certified
GRASP/transformer,smd,anomaly_detection,"{""flow_evaluations"": 10, ""source_samples"": 5}",validation_only_1_percent_no_PA_control,precision,10,0,,,,,,,False,2026-10-10T16:42:35.146091+00:00,grasp_execution_audit.json,local_full_budget_source_fidelity_not_certified
GRASP/transformer,smd,anomaly_detection,"{""flow_evaluations"": 10, ""source_samples"": 5}",validation_only_1_percent_no_PA_control,recall,10,0,,,,,,,False,2026-10-10T16:42:35.146091+00:00,grasp_execution_audit.json,local_full_budget_source_fidelity_not_certified
GRASP/transformer,smd,anomaly_detection,"{""flow_evaluations"": 10, ""source_samples"": 5}",validation_only_1_percent_no_PA_control,f1,10,0,,,,,,,False,2026-10-10T16:42:35.146091+00:00,grasp_execution_audit.json,local_full_budget_source_fidelity_not_certified
GRASP/transformer,smap,anomaly_detection,"{""flow_evaluations"": 10, ""source_samples"": 5}",paper_test_label_oracle_no_PA,AP,10,0,,,,,,,False,2026-10-10T16:42:35.146091+00:00,grasp_execution_audit.json,local_full_budget_source_fidelity_not_certified
GRASP/transformer,smap,anomaly_detection,"{""flow_evaluations"": 10, ""source_samples"": 5}",paper_test_label_oracle_no_PA,ROC,10,0,,,,,,,False,2026-10-10T16:42:35.146091+00:00,grasp_execution_audit.json,local_full_budget_source_fidelity_not_certified
GRASP/transformer,smap,anomaly_detection,"{""flow_evaluations"": 10, ""source_samples"": 5}",paper_test_label_oracle_no_PA,Best_F1,10,0,,,,,,,False,2026-10-10T16:42:35.146091+00:00,grasp_execution_audit.json,local_full_budget_source_fidelity_not_certified
GRASP/transformer,smap,anomaly_detection,"{""flow_evaluations"": 10, ""source_samples"": 5}",validation_only_1_percent_no_PA_control,precision,10,0,,,,,,,False,2026-10-10T16:42:35.146091+00:00,grasp_execution_audit.json,local_full_budget_source_fidelity_not_certified
GRASP/transformer,smap,anomaly_detection,"{""flow_evaluations"": 10, ""source_samples"": 5}",validation_only_1_percent_no_PA_control,recall,10,0,,,,,,,False,2026-10-10T16:42:35.146091+00:00,grasp_execution_audit.json,local_full_budget_source_fidelity_not_certified
GRASP/transformer,smap,anomaly_detection,"{""flow_evaluations"": 10, ""source_samples"": 5}",validation_only_1_percent_no_PA_control,f1,10,0,,,,,,,False,2026-10-10T16:42:35.146091+00:00,grasp_execution_audit.json,local_full_budget_source_fidelity_not_certified
GRASP/transformer,cicids,anomaly_detection,"{""flow_evaluations"": 10, ""source_samples"": 5}",paper_test_label_oracle_no_PA,AP,10,0,,,,,,,False,2026-10-10T16:42:35.146091+00:00,grasp_execution_audit.json,local_full_budget_source_fidelity_not_certified
GRASP/transformer,cicids,anomaly_detection,"{""flow_evaluations"": 10, ""source_samples"": 5}",paper_test_label_oracle_no_PA,ROC,10,0,,,,,,,False,2026-10-10T16:42:35.146091+00:00,grasp_execution_audit.json,local_full_budget_source_fidelity_not_certified
GRASP/transformer,cicids,anomaly_detection,"{""flow_evaluations"": 10, ""source_samples"": 5}",paper_test_label_oracle_no_PA,Best_F1,10,0,,,,,,,False,2026-10-10T16:42:35.146091+00:00,grasp_execution_audit.json,local_full_budget_source_fidelity_not_certified
GRASP/transformer,cicids,anomaly_detection,"{""flow_evaluations"": 10, ""source_samples"": 5}",validation_only_1_percent_no_PA_control,precision,10,0,,,,,,,False,2026-10-10T16:42:35.146091+00:00,grasp_execution_audit.json,local_full_budget_source_fidelity_not_certified
GRASP/transformer,cicids,anomaly_detection,"{""flow_evaluations"": 10, ""source_samples"": 5}",validation_only_1_percent_no_PA_control,recall,10,0,,,,,,,False,2026-10-10T16:42:35.146091+00:00,grasp_execution_audit.json,local_full_budget_source_fidelity_not_certified
GRASP/transformer,cicids,anomaly_detection,"{""flow_evaluations"": 10, ""source_samples"": 5}",validation_only_1_percent_no_PA_control,f1,10,0,,,,,,,False,2026-10-10T16:42:35.146091+00:00,grasp_execution_audit.json,local_full_budget_source_fidelity_not_certified
GRASP/mean,swan,anomaly_detection,"{""flow_evaluations"": 10, ""source_samples"": 5}",paper_test_label_oracle_no_PA,AP,10,1,0.5082205856268546,,,,,,False,2026-10-10T16:42:35.146091+00:00,grasp_execution_audit.json,local_full_budget_source_fidelity_not_certified
GRASP/mean,swan,anomaly_detection,"{""flow_evaluations"": 10, ""source_samples"": 5}",paper_test_label_oracle_no_PA,ROC,10,1,0.6815555133772372,,,,,,False,2026-10-10T16:42:35.146091+00:00,grasp_execution_audit.json,local_full_budget_source_fidelity_not_certified
GRASP/mean,swan,anomaly_detection,"{""flow_evaluations"": 10, ""source_samples"": 5}",paper_test_label_oracle_no_PA,Best_F1,10,1,0.49500875233098257,,,,,,False,2026-10-10T16:42:35.146091+00:00,grasp_execution_audit.json,local_full_budget_source_fidelity_not_certified
GRASP/mean,swan,anomaly_detection,"{""flow_evaluations"": 10, ""source_samples"": 5}",validation_only_1_percent_no_PA_control,precision,10,1,0.3653125148308101,,,,,,False,2026-10-10T16:42:35.146091+00:00,grasp_execution_audit.json,local_full_budget_source_fidelity_not_certified
GRASP/mean,swan,anomaly_detection,"{""flow_evaluations"": 10, ""source_samples"": 5}",validation_only_1_percent_no_PA_control,recall,10,1,0.7659203980099503,,,,,,False,2026-10-10T16:42:35.146091+00:00,grasp_execution_audit.json,local_full_budget_source_fidelity_not_certified
GRASP/mean,swan,anomaly_detection,"{""flow_evaluations"": 10, ""source_samples"": 5}",validation_only_1_percent_no_PA_control,f1,10,1,0.4946820474920472,,,,,,False,2026-10-10T16:42:35.146091+00:00,grasp_execution_audit.json,local_full_budget_source_fidelity_not_certified
GRASP/mean,smd,anomaly_detection,"{""flow_evaluations"": 10, ""source_samples"": 5}",paper_test_label_oracle_no_PA,AP,10,0,,,,,,,False,2026-10-10T16:42:35.146091+00:00,grasp_execution_audit.json,local_full_budget_source_fidelity_not_certified
GRASP/mean,smd,anomaly_detection,"{""flow_evaluations"": 10, ""source_samples"": 5}",paper_test_label_oracle_no_PA,ROC,10,0,,,,,,,False,2026-10-10T16:42:35.146091+00:00,grasp_execution_audit.json,local_full_budget_source_fidelity_not_certified
GRASP/mean,smd,anomaly_detection,"{""flow_evaluations"": 10, ""source_samples"": 5}",paper_test_label_oracle_no_PA,Best_F1,10,0,,,,,,,False,2026-10-10T16:42:35.146091+00:00,grasp_execution_audit.json,local_full_budget_source_fidelity_not_certified
GRASP/mean,smd,anomaly_detection,"{""flow_evaluations"": 10, ""source_samples"": 5}",validation_only_1_percent_no_PA_control,precision,10,0,,,,,,,False,2026-10-10T16:42:35.146091+00:00,grasp_execution_audit.json,local_full_budget_source_fidelity_not_certified
GRASP/mean,smd,anomaly_detection,"{""flow_evaluations"": 10, ""source_samples"": 5}",validation_only_1_percent_no_PA_control,recall,10,0,,,,,,,False,2026-10-10T16:42:35.146091+00:00,grasp_execution_audit.json,local_full_budget_source_fidelity_not_certified
GRASP/mean,smd,anomaly_detection,"{""flow_evaluations"": 10, ""source_samples"": 5}",validation_only_1_percent_no_PA_control,f1,10,0,,,,,,,False,2026-10-10T16:42:35.146091+00:00,grasp_execution_audit.json,local_full_budget_source_fidelity_not_certified
GRASP/mean,smap,anomaly_detection,"{""flow_evaluations"": 10, ""source_samples"": 5}",paper_test_label_oracle_no_PA,AP,10,0,,,,,,,False,2026-10-10T16:42:35.146091+00:00,grasp_execution_audit.json,local_full_budget_source_fidelity_not_certified
GRASP/mean,smap,anomaly_detection,"{""flow_evaluations"": 10, ""source_samples"": 5}",paper_test_label_oracle_no_PA,ROC,10,0,,,,,,,False,2026-10-10T16:42:35.146091+00:00,grasp_execution_audit.json,local_full_budget_source_fidelity_not_certified
GRASP/mean,smap,anomaly_detection,"{""flow_evaluations"": 10, ""source_samples"": 5}",paper_test_label_oracle_no_PA,Best_F1,10,0,,,,,,,False,2026-10-10T16:42:35.146091+00:00,grasp_execution_audit.json,local_full_budget_source_fidelity_not_certified
GRASP/mean,smap,anomaly_detection,"{""flow_evaluations"": 10, ""source_samples"": 5}",validation_only_1_percent_no_PA_control,precision,10,0,,,,,,,False,2026-10-10T16:42:35.146091+00:00,grasp_execution_audit.json,local_full_budget_source_fidelity_not_certified
GRASP/mean,smap,anomaly_detection,"{""flow_evaluations"": 10, ""source_samples"": 5}",validation_only_1_percent_no_PA_control,recall,10,0,,,,,,,False,2026-10-10T16:42:35.146091+00:00,grasp_execution_audit.json,local_full_budget_source_fidelity_not_certified
GRASP/mean,smap,anomaly_detection,"{""flow_evaluations"": 10, ""source_samples"": 5}",validation_only_1_percent_no_PA_control,f1,10,0,,,,,,,False,2026-10-10T16:42:35.146091+00:00,grasp_execution_audit.json,local_full_budget_source_fidelity_not_certified
GRASP/mean,cicids,anomaly_detection,"{""flow_evaluations"": 10, ""source_samples"": 5}",paper_test_label_oracle_no_PA,AP,10,0,,,,,,,False,2026-10-10T16:42:35.146091+00:00,grasp_execution_audit.json,local_full_budget_source_fidelity_not_certified
GRASP/mean,cicids,anomaly_detection,"{""flow_evaluations"": 10, ""source_samples"": 5}",paper_test_label_oracle_no_PA,ROC,10,0,,,,,,,False,2026-10-10T16:42:35.146091+00:00,grasp_execution_audit.json,local_full_budget_source_fidelity_not_certified
GRASP/mean,cicids,anomaly_detection,"{""flow_evaluations"": 10, ""source_samples"": 5}",paper_test_label_oracle_no_PA,Best_F1,10,0,,,,,,,False,2026-10-10T16:42:35.146091+00:00,grasp_execution_audit.json,local_full_budget_source_fidelity_not_certified
GRASP/mean,cicids,anomaly_detection,"{""flow_evaluations"": 10, ""source_samples"": 5}",validation_only_1_percent_no_PA_control,precision,10,0,,,,,,,False,2026-10-10T16:42:35.146091+00:00,grasp_execution_audit.json,local_full_budget_source_fidelity_not_certified
GRASP/mean,cicids,anomaly_detection,"{""flow_evaluations"": 10, ""source_samples"": 5}",validation_only_1_percent_no_PA_control,recall,10,0,,,,,,,False,2026-10-10T16:42:35.146091+00:00,grasp_execution_audit.json,local_full_budget_source_fidelity_not_certified
GRASP/mean,cicids,anomaly_detection,"{""flow_evaluations"": 10, ""source_samples"": 5}",validation_only_1_percent_no_PA_control,f1,10,0,,,,,,,False,2026-10-10T16:42:35.146091+00:00,grasp_execution_audit.json,local_full_budget_source_fidelity_not_certified
GRASP/er,swan,anomaly_detection,"{""flow_evaluations"": 10, ""source_samples"": 5}",paper_test_label_oracle_no_PA,AP,10,1,0.5227724180914376,,,,,,False,2026-10-10T16:42:35.146091+00:00,grasp_execution_audit.json,local_full_budget_source_fidelity_not_certified
GRASP/er,swan,anomaly_detection,"{""flow_evaluations"": 10, ""source_samples"": 5}",paper_test_label_oracle_no_PA,ROC,10,1,0.6968221992158667,,,,,,False,2026-10-10T16:42:35.146091+00:00,grasp_execution_audit.json,local_full_budget_source_fidelity_not_certified
GRASP/er,swan,anomaly_detection,"{""flow_evaluations"": 10, ""source_samples"": 5}",paper_test_label_oracle_no_PA,Best_F1,10,1,0.5111948665456033,,,,,,False,2026-10-10T16:42:35.146091+00:00,grasp_execution_audit.json,local_full_budget_source_fidelity_not_certified
GRASP/er,swan,anomaly_detection,"{""flow_evaluations"": 10, ""source_samples"": 5}",validation_only_1_percent_no_PA_control,precision,10,1,0.37578054765896446,,,,,,False,2026-10-10T16:42:35.146091+00:00,grasp_execution_audit.json,local_full_budget_source_fidelity_not_certified
GRASP/er,swan,anomaly_detection,"{""flow_evaluations"": 10, ""source_samples"": 5}",validation_only_1_percent_no_PA_control,recall,10,1,0.7694527363184079,,,,,,False,2026-10-10T16:42:35.146091+00:00,grasp_execution_audit.json,local_full_budget_source_fidelity_not_certified
GRASP/er,swan,anomaly_detection,"{""flow_evaluations"": 10, ""source_samples"": 5}",validation_only_1_percent_no_PA_control,f1,10,1,0.5049545358081525,,,,,,False,2026-10-10T16:42:35.146091+00:00,grasp_execution_audit.json,local_full_budget_source_fidelity_not_certified
GRASP/er,smd,anomaly_detection,"{""flow_evaluations"": 10, ""source_samples"": 5}",paper_test_label_oracle_no_PA,AP,10,0,,,,,,,False,2026-10-10T16:42:35.146091+00:00,grasp_execution_audit.json,local_full_budget_source_fidelity_not_certified
GRASP/er,smd,anomaly_detection,"{""flow_evaluations"": 10, ""source_samples"": 5}",paper_test_label_oracle_no_PA,ROC,10,0,,,,,,,False,2026-10-10T16:42:35.146091+00:00,grasp_execution_audit.json,local_full_budget_source_fidelity_not_certified
GRASP/er,smd,anomaly_detection,"{""flow_evaluations"": 10, ""source_samples"": 5}",paper_test_label_oracle_no_PA,Best_F1,10,0,,,,,,,False,2026-10-10T16:42:35.146091+00:00,grasp_execution_audit.json,local_full_budget_source_fidelity_not_certified
GRASP/er,smd,anomaly_detection,"{""flow_evaluations"": 10, ""source_samples"": 5}",validation_only_1_percent_no_PA_control,precision,10,0,,,,,,,False,2026-10-10T16:42:35.146091+00:00,grasp_execution_audit.json,local_full_budget_source_fidelity_not_certified
GRASP/er,smd,anomaly_detection,"{""flow_evaluations"": 10, ""source_samples"": 5}",validation_only_1_percent_no_PA_control,recall,10,0,,,,,,,False,2026-10-10T16:42:35.146091+00:00,grasp_execution_audit.json,local_full_budget_source_fidelity_not_certified
GRASP/er,smd,anomaly_detection,"{""flow_evaluations"": 10, ""source_samples"": 5}",validation_only_1_percent_no_PA_control,f1,10,0,,,,,,,False,2026-10-10T16:42:35.146091+00:00,grasp_execution_audit.json,local_full_budget_source_fidelity_not_certified
GRASP/er,smap,anomaly_detection,"{""flow_evaluations"": 10, ""source_samples"": 5}",paper_test_label_oracle_no_PA,AP,10,0,,,,,,,False,2026-10-10T16:42:35.146091+00:00,grasp_execution_audit.json,local_full_budget_source_fidelity_not_certified
GRASP/er,smap,anomaly_detection,"{""flow_evaluations"": 10, ""source_samples"": 5}",paper_test_label_oracle_no_PA,ROC,10,0,,,,,,,False,2026-10-10T16:42:35.146091+00:00,grasp_execution_audit.json,local_full_budget_source_fidelity_not_certified
GRASP/er,smap,anomaly_detection,"{""flow_evaluations"": 10, ""source_samples"": 5}",paper_test_label_oracle_no_PA,Best_F1,10,0,,,,,,,False,2026-10-10T16:42:35.146091+00:00,grasp_execution_audit.json,local_full_budget_source_fidelity_not_certified
GRASP/er,smap,anomaly_detection,"{""flow_evaluations"": 10, ""source_samples"": 5}",validation_only_1_percent_no_PA_control,precision,10,0,,,,,,,False,2026-10-10T16:42:35.146091+00:00,grasp_execution_audit.json,local_full_budget_source_fidelity_not_certified
GRASP/er,smap,anomaly_detection,"{""flow_evaluations"": 10, ""source_samples"": 5}",validation_only_1_percent_no_PA_control,recall,10,0,,,,,,,False,2026-10-10T16:42:35.146091+00:00,grasp_execution_audit.json,local_full_budget_source_fidelity_not_certified
GRASP/er,smap,anomaly_detection,"{""flow_evaluations"": 10, ""source_samples"": 5}",validation_only_1_percent_no_PA_control,f1,10,0,,,,,,,False,2026-10-10T16:42:35.146091+00:00,grasp_execution_audit.json,local_full_budget_source_fidelity_not_certified
GRASP/er,cicids,anomaly_detection,"{""flow_evaluations"": 10, ""source_samples"": 5}",paper_test_label_oracle_no_PA,AP,10,0,,,,,,,False,2026-10-10T16:42:35.146091+00:00,grasp_execution_audit.json,local_full_budget_source_fidelity_not_certified
GRASP/er,cicids,anomaly_detection,"{""flow_evaluations"": 10, ""source_samples"": 5}",paper_test_label_oracle_no_PA,ROC,10,0,,,,,,,False,2026-10-10T16:42:35.146091+00:00,grasp_execution_audit.json,local_full_budget_source_fidelity_not_certified
GRASP/er,cicids,anomaly_detection,"{""flow_evaluations"": 10, ""source_samples"": 5}",paper_test_label_oracle_no_PA,Best_F1,10,0,,,,,,,False,2026-10-10T16:42:35.146091+00:00,grasp_execution_audit.json,local_full_budget_source_fidelity_not_certified
GRASP/er,cicids,anomaly_detection,"{""flow_evaluations"": 10, ""source_samples"": 5}",validation_only_1_percent_no_PA_control,precision,10,0,,,,,,,False,2026-10-10T16:42:35.146091+00:00,grasp_execution_audit.json,local_full_budget_source_fidelity_not_certified
GRASP/er,cicids,anomaly_detection,"{""flow_evaluations"": 10, ""source_samples"": 5}",validation_only_1_percent_no_PA_control,recall,10,0,,,,,,,False,2026-10-10T16:42:35.146091+00:00,grasp_execution_audit.json,local_full_budget_source_fidelity_not_certified
GRASP/er,cicids,anomaly_detection,"{""flow_evaluations"": 10, ""source_samples"": 5}",validation_only_1_percent_no_PA_control,f1,10,0,,,,,,,False,2026-10-10T16:42:35.146091+00:00,grasp_execution_audit.json,local_full_budget_source_fidelity_not_certified
GRASP/lin,swan,anomaly_detection,"{""flow_evaluations"": 10, ""source_samples"": 5}",paper_test_label_oracle_no_PA,AP,10,1,0.5294639469418696,,,,,,False,2026-10-10T16:42:35.146091+00:00,grasp_execution_audit.json,local_full_budget_source_fidelity_not_certified
GRASP/lin,swan,anomaly_detection,"{""flow_evaluations"": 10, ""source_samples"": 5}",paper_test_label_oracle_no_PA,ROC,10,1,0.7261230887949462,,,,,,False,2026-10-10T16:42:35.146091+00:00,grasp_execution_audit.json,local_full_budget_source_fidelity_not_certified
GRASP/lin,swan,anomaly_detection,"{""flow_evaluations"": 10, ""source_samples"": 5}",paper_test_label_oracle_no_PA,Best_F1,10,1,0.5434632072154923,,,,,,False,2026-10-10T16:42:35.146091+00:00,grasp_execution_audit.json,local_full_budget_source_fidelity_not_certified
GRASP/lin,swan,anomaly_detection,"{""flow_evaluations"": 10, ""source_samples"": 5}",validation_only_1_percent_no_PA_control,precision,10,1,0.39855344495332484,,,,,,False,2026-10-10T16:42:35.146091+00:00,grasp_execution_audit.json,local_full_budget_source_fidelity_not_certified
GRASP/lin,swan,anomaly_detection,"{""flow_evaluations"": 10, ""source_samples"": 5}",validation_only_1_percent_no_PA_control,recall,10,1,0.7922885572139303,,,,,,False,2026-10-10T16:42:35.146091+00:00,grasp_execution_audit.json,local_full_budget_source_fidelity_not_certified
GRASP/lin,swan,anomaly_detection,"{""flow_evaluations"": 10, ""source_samples"": 5}",validation_only_1_percent_no_PA_control,f1,10,1,0.5303295202890588,,,,,,False,2026-10-10T16:42:35.146091+00:00,grasp_execution_audit.json,local_full_budget_source_fidelity_not_certified
GRASP/lin,smd,anomaly_detection,"{""flow_evaluations"": 10, ""source_samples"": 5}",paper_test_label_oracle_no_PA,AP,10,0,,,,,,,False,2026-10-10T16:42:35.146091+00:00,grasp_execution_audit.json,local_full_budget_source_fidelity_not_certified
GRASP/lin,smd,anomaly_detection,"{""flow_evaluations"": 10, ""source_samples"": 5}",paper_test_label_oracle_no_PA,ROC,10,0,,,,,,,False,2026-10-10T16:42:35.146091+00:00,grasp_execution_audit.json,local_full_budget_source_fidelity_not_certified
GRASP/lin,smd,anomaly_detection,"{""flow_evaluations"": 10, ""source_samples"": 5}",paper_test_label_oracle_no_PA,Best_F1,10,0,,,,,,,False,2026-10-10T16:42:35.146091+00:00,grasp_execution_audit.json,local_full_budget_source_fidelity_not_certified
GRASP/lin,smd,anomaly_detection,"{""flow_evaluations"": 10, ""source_samples"": 5}",validation_only_1_percent_no_PA_control,precision,10,0,,,,,,,False,2026-10-10T16:42:35.146091+00:00,grasp_execution_audit.json,local_full_budget_source_fidelity_not_certified
GRASP/lin,smd,anomaly_detection,"{""flow_evaluations"": 10, ""source_samples"": 5}",validation_only_1_percent_no_PA_control,recall,10,0,,,,,,,False,2026-10-10T16:42:35.146091+00:00,grasp_execution_audit.json,local_full_budget_source_fidelity_not_certified
GRASP/lin,smd,anomaly_detection,"{""flow_evaluations"": 10, ""source_samples"": 5}",validation_only_1_percent_no_PA_control,f1,10,0,,,,,,,False,2026-10-10T16:42:35.146091+00:00,grasp_execution_audit.json,local_full_budget_source_fidelity_not_certified
GRASP/lin,smap,anomaly_detection,"{""flow_evaluations"": 10, ""source_samples"": 5}",paper_test_label_oracle_no_PA,AP,10,0,,,,,,,False,2026-10-10T16:42:35.146091+00:00,grasp_execution_audit.json,local_full_budget_source_fidelity_not_certified
GRASP/lin,smap,anomaly_detection,"{""flow_evaluations"": 10, ""source_samples"": 5}",paper_test_label_oracle_no_PA,ROC,10,0,,,,,,,False,2026-10-10T16:42:35.146091+00:00,grasp_execution_audit.json,local_full_budget_source_fidelity_not_certified
GRASP/lin,smap,anomaly_detection,"{""flow_evaluations"": 10, ""source_samples"": 5}",paper_test_label_oracle_no_PA,Best_F1,10,0,,,,,,,False,2026-10-10T16:42:35.146091+00:00,grasp_execution_audit.json,local_full_budget_source_fidelity_not_certified
GRASP/lin,smap,anomaly_detection,"{""flow_evaluations"": 10, ""source_samples"": 5}",validation_only_1_percent_no_PA_control,precision,10,0,,,,,,,False,2026-10-10T16:42:35.146091+00:00,grasp_execution_audit.json,local_full_budget_source_fidelity_not_certified
GRASP/lin,smap,anomaly_detection,"{""flow_evaluations"": 10, ""source_samples"": 5}",validation_only_1_percent_no_PA_control,recall,10,0,,,,,,,False,2026-10-10T16:42:35.146091+00:00,grasp_execution_audit.json,local_full_budget_source_fidelity_not_certified
GRASP/lin,smap,anomaly_detection,"{""flow_evaluations"": 10, ""source_samples"": 5}",validation_only_1_percent_no_PA_control,f1,10,0,,,,,,,False,2026-10-10T16:42:35.146091+00:00,grasp_execution_audit.json,local_full_budget_source_fidelity_not_certified
GRASP/lin,cicids,anomaly_detection,"{""flow_evaluations"": 10, ""source_samples"": 5}",paper_test_label_oracle_no_PA,AP,10,0,,,,,,,False,2026-10-10T16:42:35.146091+00:00,grasp_execution_audit.json,local_full_budget_source_fidelity_not_certified
GRASP/lin,cicids,anomaly_detection,"{""flow_evaluations"": 10, ""source_samples"": 5}",paper_test_label_oracle_no_PA,ROC,10,0,,,,,,,False,2026-10-10T16:42:35.146091+00:00,grasp_execution_audit.json,local_full_budget_source_fidelity_not_certified
GRASP/lin,cicids,anomaly_detection,"{""flow_evaluations"": 10, ""source_samples"": 5}",paper_test_label_oracle_no_PA,Best_F1,10,0,,,,,,,False,2026-10-10T16:42:35.146091+00:00,grasp_execution_audit.json,local_full_budget_source_fidelity_not_certified
GRASP/lin,cicids,anomaly_detection,"{""flow_evaluations"": 10, ""source_samples"": 5}",validation_only_1_percent_no_PA_control,precision,10,0,,,,,,,False,2026-10-10T16:42:35.146091+00:00,grasp_execution_audit.json,local_full_budget_source_fidelity_not_certified
GRASP/lin,cicids,anomaly_detection,"{""flow_evaluations"": 10, ""source_samples"": 5}",validation_only_1_percent_no_PA_control,recall,10,0,,,,,,,False,2026-10-10T16:42:35.146091+00:00,grasp_execution_audit.json,local_full_budget_source_fidelity_not_certified
GRASP/lin,cicids,anomaly_detection,"{""flow_evaluations"": 10, ""source_samples"": 5}",validation_only_1_percent_no_PA_control,f1,10,0,,,,,,,False,2026-10-10T16:42:35.146091+00:00,grasp_execution_audit.json,local_full_budget_source_fidelity_not_certified
GRASP/tau_0,swan,anomaly_detection,"{""flow_evaluations"": 10, ""source_samples"": 5}",paper_test_label_oracle_no_PA,AP,10,1,0.5213382119247435,,,,,,False,2026-10-10T16:42:35.146091+00:00,grasp_execution_audit.json,local_full_budget_source_fidelity_not_certified
GRASP/tau_0,swan,anomaly_detection,"{""flow_evaluations"": 10, ""source_samples"": 5}",paper_test_label_oracle_no_PA,ROC,10,1,0.7271889272328147,,,,,,False,2026-10-10T16:42:35.146091+00:00,grasp_execution_audit.json,local_full_budget_source_fidelity_not_certified
GRASP/tau_0,swan,anomaly_detection,"{""flow_evaluations"": 10, ""source_samples"": 5}",paper_test_label_oracle_no_PA,Best_F1,10,1,0.5429175574112106,,,,,,False,2026-10-10T16:42:35.146091+00:00,grasp_execution_audit.json,local_full_budget_source_fidelity_not_certified
GRASP/tau_0,swan,anomaly_detection,"{""flow_evaluations"": 10, ""source_samples"": 5}",validation_only_1_percent_no_PA_control,precision,10,1,0.395109023009276,,,,,,False,2026-10-10T16:42:35.146091+00:00,grasp_execution_audit.json,local_full_budget_source_fidelity_not_certified
GRASP/tau_0,swan,anomaly_detection,"{""flow_evaluations"": 10, ""source_samples"": 5}",validation_only_1_percent_no_PA_control,recall,10,1,0.8158706467661692,,,,,,False,2026-10-10T16:42:35.146091+00:00,grasp_execution_audit.json,local_full_budget_source_fidelity_not_certified
GRASP/tau_0,swan,anomaly_detection,"{""flow_evaluations"": 10, ""source_samples"": 5}",validation_only_1_percent_no_PA_control,f1,10,1,0.5323918513107703,,,,,,False,2026-10-10T16:42:35.146091+00:00,grasp_execution_audit.json,local_full_budget_source_fidelity_not_certified
GRASP/tau_0,smd,anomaly_detection,"{""flow_evaluations"": 10, ""source_samples"": 5}",paper_test_label_oracle_no_PA,AP,10,0,,,,,,,False,2026-10-10T16:42:35.146091+00:00,grasp_execution_audit.json,local_full_budget_source_fidelity_not_certified
GRASP/tau_0,smd,anomaly_detection,"{""flow_evaluations"": 10, ""source_samples"": 5}",paper_test_label_oracle_no_PA,ROC,10,0,,,,,,,False,2026-10-10T16:42:35.146091+00:00,grasp_execution_audit.json,local_full_budget_source_fidelity_not_certified
GRASP/tau_0,smd,anomaly_detection,"{""flow_evaluations"": 10, ""source_samples"": 5}",paper_test_label_oracle_no_PA,Best_F1,10,0,,,,,,,False,2026-10-10T16:42:35.146091+00:00,grasp_execution_audit.json,local_full_budget_source_fidelity_not_certified
GRASP/tau_0,smd,anomaly_detection,"{""flow_evaluations"": 10, ""source_samples"": 5}",validation_only_1_percent_no_PA_control,precision,10,0,,,,,,,False,2026-10-10T16:42:35.146091+00:00,grasp_execution_audit.json,local_full_budget_source_fidelity_not_certified
GRASP/tau_0,smd,anomaly_detection,"{""flow_evaluations"": 10, ""source_samples"": 5}",validation_only_1_percent_no_PA_control,recall,10,0,,,,,,,False,2026-10-10T16:42:35.146091+00:00,grasp_execution_audit.json,local_full_budget_source_fidelity_not_certified
GRASP/tau_0,smd,anomaly_detection,"{""flow_evaluations"": 10, ""source_samples"": 5}",validation_only_1_percent_no_PA_control,f1,10,0,,,,,,,False,2026-10-10T16:42:35.146091+00:00,grasp_execution_audit.json,local_full_budget_source_fidelity_not_certified
GRASP/tau_0,smap,anomaly_detection,"{""flow_evaluations"": 10, ""source_samples"": 5}",paper_test_label_oracle_no_PA,AP,10,0,,,,,,,False,2026-10-10T16:42:35.146091+00:00,grasp_execution_audit.json,local_full_budget_source_fidelity_not_certified
GRASP/tau_0,smap,anomaly_detection,"{""flow_evaluations"": 10, ""source_samples"": 5}",paper_test_label_oracle_no_PA,ROC,10,0,,,,,,,False,2026-10-10T16:42:35.146091+00:00,grasp_execution_audit.json,local_full_budget_source_fidelity_not_certified
GRASP/tau_0,smap,anomaly_detection,"{""flow_evaluations"": 10, ""source_samples"": 5}",paper_test_label_oracle_no_PA,Best_F1,10,0,,,,,,,False,2026-10-10T16:42:35.146091+00:00,grasp_execution_audit.json,local_full_budget_source_fidelity_not_certified
GRASP/tau_0,smap,anomaly_detection,"{""flow_evaluations"": 10, ""source_samples"": 5}",validation_only_1_percent_no_PA_control,precision,10,0,,,,,,,False,2026-10-10T16:42:35.146091+00:00,grasp_execution_audit.json,local_full_budget_source_fidelity_not_certified
GRASP/tau_0,smap,anomaly_detection,"{""flow_evaluations"": 10, ""source_samples"": 5}",validation_only_1_percent_no_PA_control,recall,10,0,,,,,,,False,2026-10-10T16:42:35.146091+00:00,grasp_execution_audit.json,local_full_budget_source_fidelity_not_certified
GRASP/tau_0,smap,anomaly_detection,"{""flow_evaluations"": 10, ""source_samples"": 5}",validation_only_1_percent_no_PA_control,f1,10,0,,,,,,,False,2026-10-10T16:42:35.146091+00:00,grasp_execution_audit.json,local_full_budget_source_fidelity_not_certified
GRASP/tau_0,cicids,anomaly_detection,"{""flow_evaluations"": 10, ""source_samples"": 5}",paper_test_label_oracle_no_PA,AP,10,0,,,,,,,False,2026-10-10T16:42:35.146091+00:00,grasp_execution_audit.json,local_full_budget_source_fidelity_not_certified
GRASP/tau_0,cicids,anomaly_detection,"{""flow_evaluations"": 10, ""source_samples"": 5}",paper_test_label_oracle_no_PA,ROC,10,0,,,,,,,False,2026-10-10T16:42:35.146091+00:00,grasp_execution_audit.json,local_full_budget_source_fidelity_not_certified
GRASP/tau_0,cicids,anomaly_detection,"{""flow_evaluations"": 10, ""source_samples"": 5}",paper_test_label_oracle_no_PA,Best_F1,10,0,,,,,,,False,2026-10-10T16:42:35.146091+00:00,grasp_execution_audit.json,local_full_budget_source_fidelity_not_certified
GRASP/tau_0,cicids,anomaly_detection,"{""flow_evaluations"": 10, ""source_samples"": 5}",validation_only_1_percent_no_PA_control,precision,10,0,,,,,,,False,2026-10-10T16:42:35.146091+00:00,grasp_execution_audit.json,local_full_budget_source_fidelity_not_certified
GRASP/tau_0,cicids,anomaly_detection,"{""flow_evaluations"": 10, ""source_samples"": 5}",validation_only_1_percent_no_PA_control,recall,10,0,,,,,,,False,2026-10-10T16:42:35.146091+00:00,grasp_execution_audit.json,local_full_budget_source_fidelity_not_certified
GRASP/tau_0,cicids,anomaly_detection,"{""flow_evaluations"": 10, ""source_samples"": 5}",validation_only_1_percent_no_PA_control,f1,10,0,,,,,,,False,2026-10-10T16:42:35.146091+00:00,grasp_execution_audit.json,local_full_budget_source_fidelity_not_certified
GRASP/tau_0p25,swan,anomaly_detection,"{""flow_evaluations"": 10, ""source_samples"": 5}",paper_test_label_oracle_no_PA,AP,10,0,,,,,,,False,2026-10-10T16:42:35.146091+00:00,grasp_execution_audit.json,local_full_budget_source_fidelity_not_certified
GRASP/tau_0p25,swan,anomaly_detection,"{""flow_evaluations"": 10, ""source_samples"": 5}",paper_test_label_oracle_no_PA,ROC,10,0,,,,,,,False,2026-10-10T16:42:35.146091+00:00,grasp_execution_audit.json,local_full_budget_source_fidelity_not_certified
GRASP/tau_0p25,swan,anomaly_detection,"{""flow_evaluations"": 10, ""source_samples"": 5}",paper_test_label_oracle_no_PA,Best_F1,10,0,,,,,,,False,2026-10-10T16:42:35.146091+00:00,grasp_execution_audit.json,local_full_budget_source_fidelity_not_certified
GRASP/tau_0p25,swan,anomaly_detection,"{""flow_evaluations"": 10, ""source_samples"": 5}",validation_only_1_percent_no_PA_control,precision,10,0,,,,,,,False,2026-10-10T16:42:35.146091+00:00,grasp_execution_audit.json,local_full_budget_source_fidelity_not_certified
GRASP/tau_0p25,swan,anomaly_detection,"{""flow_evaluations"": 10, ""source_samples"": 5}",validation_only_1_percent_no_PA_control,recall,10,0,,,,,,,False,2026-10-10T16:42:35.146091+00:00,grasp_execution_audit.json,local_full_budget_source_fidelity_not_certified
GRASP/tau_0p25,swan,anomaly_detection,"{""flow_evaluations"": 10, ""source_samples"": 5}",validation_only_1_percent_no_PA_control,f1,10,0,,,,,,,False,2026-10-10T16:42:35.146091+00:00,grasp_execution_audit.json,local_full_budget_source_fidelity_not_certified
GRASP/tau_0p25,smd,anomaly_detection,"{""flow_evaluations"": 10, ""source_samples"": 5}",paper_test_label_oracle_no_PA,AP,10,0,,,,,,,False,2026-10-10T16:42:35.146091+00:00,grasp_execution_audit.json,local_full_budget_source_fidelity_not_certified
GRASP/tau_0p25,smd,anomaly_detection,"{""flow_evaluations"": 10, ""source_samples"": 5}",paper_test_label_oracle_no_PA,ROC,10,0,,,,,,,False,2026-10-10T16:42:35.146091+00:00,grasp_execution_audit.json,local_full_budget_source_fidelity_not_certified
GRASP/tau_0p25,smd,anomaly_detection,"{""flow_evaluations"": 10, ""source_samples"": 5}",paper_test_label_oracle_no_PA,Best_F1,10,0,,,,,,,False,2026-10-10T16:42:35.146091+00:00,grasp_execution_audit.json,local_full_budget_source_fidelity_not_certified
GRASP/tau_0p25,smd,anomaly_detection,"{""flow_evaluations"": 10, ""source_samples"": 5}",validation_only_1_percent_no_PA_control,precision,10,0,,,,,,,False,2026-10-10T16:42:35.146091+00:00,grasp_execution_audit.json,local_full_budget_source_fidelity_not_certified
GRASP/tau_0p25,smd,anomaly_detection,"{""flow_evaluations"": 10, ""source_samples"": 5}",validation_only_1_percent_no_PA_control,recall,10,0,,,,,,,False,2026-10-10T16:42:35.146091+00:00,grasp_execution_audit.json,local_full_budget_source_fidelity_not_certified
GRASP/tau_0p25,smd,anomaly_detection,"{""flow_evaluations"": 10, ""source_samples"": 5}",validation_only_1_percent_no_PA_control,f1,10,0,,,,,,,False,2026-10-10T16:42:35.146091+00:00,grasp_execution_audit.json,local_full_budget_source_fidelity_not_certified
GRASP/tau_0p25,smap,anomaly_detection,"{""flow_evaluations"": 10, ""source_samples"": 5}",paper_test_label_oracle_no_PA,AP,10,0,,,,,,,False,2026-10-10T16:42:35.146091+00:00,grasp_execution_audit.json,local_full_budget_source_fidelity_not_certified
GRASP/tau_0p25,smap,anomaly_detection,"{""flow_evaluations"": 10, ""source_samples"": 5}",paper_test_label_oracle_no_PA,ROC,10,0,,,,,,,False,2026-10-10T16:42:35.146091+00:00,grasp_execution_audit.json,local_full_budget_source_fidelity_not_certified
GRASP/tau_0p25,smap,anomaly_detection,"{""flow_evaluations"": 10, ""source_samples"": 5}",paper_test_label_oracle_no_PA,Best_F1,10,0,,,,,,,False,2026-10-10T16:42:35.146091+00:00,grasp_execution_audit.json,local_full_budget_source_fidelity_not_certified
GRASP/tau_0p25,smap,anomaly_detection,"{""flow_evaluations"": 10, ""source_samples"": 5}",validation_only_1_percent_no_PA_control,precision,10,0,,,,,,,False,2026-10-10T16:42:35.146091+00:00,grasp_execution_audit.json,local_full_budget_source_fidelity_not_certified
GRASP/tau_0p25,smap,anomaly_detection,"{""flow_evaluations"": 10, ""source_samples"": 5}",validation_only_1_percent_no_PA_control,recall,10,0,,,,,,,False,2026-10-10T16:42:35.146091+00:00,grasp_execution_audit.json,local_full_budget_source_fidelity_not_certified
GRASP/tau_0p25,smap,anomaly_detection,"{""flow_evaluations"": 10, ""source_samples"": 5}",validation_only_1_percent_no_PA_control,f1,10,0,,,,,,,False,2026-10-10T16:42:35.146091+00:00,grasp_execution_audit.json,local_full_budget_source_fidelity_not_certified
GRASP/tau_0p25,cicids,anomaly_detection,"{""flow_evaluations"": 10, ""source_samples"": 5}",paper_test_label_oracle_no_PA,AP,10,0,,,,,,,False,2026-10-10T16:42:35.146091+00:00,grasp_execution_audit.json,local_full_budget_source_fidelity_not_certified
GRASP/tau_0p25,cicids,anomaly_detection,"{""flow_evaluations"": 10, ""source_samples"": 5}",paper_test_label_oracle_no_PA,ROC,10,0,,,,,,,False,2026-10-10T16:42:35.146091+00:00,grasp_execution_audit.json,local_full_budget_source_fidelity_not_certified
GRASP/tau_0p25,cicids,anomaly_detection,"{""flow_evaluations"": 10, ""source_samples"": 5}",paper_test_label_oracle_no_PA,Best_F1,10,0,,,,,,,False,2026-10-10T16:42:35.146091+00:00,grasp_execution_audit.json,local_full_budget_source_fidelity_not_certified
GRASP/tau_0p25,cicids,anomaly_detection,"{""flow_evaluations"": 10, ""source_samples"": 5}",validation_only_1_percent_no_PA_control,precision,10,0,,,,,,,False,2026-10-10T16:42:35.146091+00:00,grasp_execution_audit.json,local_full_budget_source_fidelity_not_certified
GRASP/tau_0p25,cicids,anomaly_detection,"{""flow_evaluations"": 10, ""source_samples"": 5}",validation_only_1_percent_no_PA_control,recall,10,0,,,,,,,False,2026-10-10T16:42:35.146091+00:00,grasp_execution_audit.json,local_full_budget_source_fidelity_not_certified
GRASP/tau_0p25,cicids,anomaly_detection,"{""flow_evaluations"": 10, ""source_samples"": 5}",validation_only_1_percent_no_PA_control,f1,10,0,,,,,,,False,2026-10-10T16:42:35.146091+00:00,grasp_execution_audit.json,local_full_budget_source_fidelity_not_certified
GRASP/tau_0p5,swan,anomaly_detection,"{""flow_evaluations"": 10, ""source_samples"": 5}",paper_test_label_oracle_no_PA,AP,10,1,0.5365253965958705,,,,,,False,2026-10-10T16:42:35.146091+00:00,grasp_execution_audit.json,local_full_budget_source_fidelity_not_certified
GRASP/tau_0p5,swan,anomaly_detection,"{""flow_evaluations"": 10, ""source_samples"": 5}",paper_test_label_oracle_no_PA,ROC,10,1,0.7228386391740718,,,,,,False,2026-10-10T16:42:35.146091+00:00,grasp_execution_audit.json,local_full_budget_source_fidelity_not_certified
GRASP/tau_0p5,swan,anomaly_detection,"{""flow_evaluations"": 10, ""source_samples"": 5}",paper_test_label_oracle_no_PA,Best_F1,10,1,0.5316586268380964,,,,,,False,2026-10-10T16:42:35.146091+00:00,grasp_execution_audit.json,local_full_budget_source_fidelity_not_certified
GRASP/tau_0p5,swan,anomaly_detection,"{""flow_evaluations"": 10, ""source_samples"": 5}",validation_only_1_percent_no_PA_control,precision,10,1,0.38857882003497257,,,,,,False,2026-10-10T16:42:35.146091+00:00,grasp_execution_audit.json,local_full_budget_source_fidelity_not_certified
GRASP/tau_0p5,swan,anomaly_detection,"{""flow_evaluations"": 10, ""source_samples"": 5}",validation_only_1_percent_no_PA_control,recall,10,1,0.8070646766169154,,,,,,False,2026-10-10T16:42:35.146091+00:00,grasp_execution_audit.json,local_full_budget_source_fidelity_not_certified
GRASP/tau_0p5,swan,anomaly_detection,"{""flow_evaluations"": 10, ""source_samples"": 5}",validation_only_1_percent_no_PA_control,f1,10,1,0.5245848626449141,,,,,,False,2026-10-10T16:42:35.146091+00:00,grasp_execution_audit.json,local_full_budget_source_fidelity_not_certified
GRASP/tau_0p5,smd,anomaly_detection,"{""flow_evaluations"": 10, ""source_samples"": 5}",paper_test_label_oracle_no_PA,AP,10,0,,,,,,,False,2026-10-10T16:42:35.146091+00:00,grasp_execution_audit.json,local_full_budget_source_fidelity_not_certified
GRASP/tau_0p5,smd,anomaly_detection,"{""flow_evaluations"": 10, ""source_samples"": 5}",paper_test_label_oracle_no_PA,ROC,10,0,,,,,,,False,2026-10-10T16:42:35.146091+00:00,grasp_execution_audit.json,local_full_budget_source_fidelity_not_certified
GRASP/tau_0p5,smd,anomaly_detection,"{""flow_evaluations"": 10, ""source_samples"": 5}",paper_test_label_oracle_no_PA,Best_F1,10,0,,,,,,,False,2026-10-10T16:42:35.146091+00:00,grasp_execution_audit.json,local_full_budget_source_fidelity_not_certified
GRASP/tau_0p5,smd,anomaly_detection,"{""flow_evaluations"": 10, ""source_samples"": 5}",validation_only_1_percent_no_PA_control,precision,10,0,,,,,,,False,2026-10-10T16:42:35.146091+00:00,grasp_execution_audit.json,local_full_budget_source_fidelity_not_certified
GRASP/tau_0p5,smd,anomaly_detection,"{""flow_evaluations"": 10, ""source_samples"": 5}",validation_only_1_percent_no_PA_control,recall,10,0,,,,,,,False,2026-10-10T16:42:35.146091+00:00,grasp_execution_audit.json,local_full_budget_source_fidelity_not_certified
GRASP/tau_0p5,smd,anomaly_detection,"{""flow_evaluations"": 10, ""source_samples"": 5}",validation_only_1_percent_no_PA_control,f1,10,0,,,,,,,False,2026-10-10T16:42:35.146091+00:00,grasp_execution_audit.json,local_full_budget_source_fidelity_not_certified
GRASP/tau_0p5,smap,anomaly_detection,"{""flow_evaluations"": 10, ""source_samples"": 5}",paper_test_label_oracle_no_PA,AP,10,0,,,,,,,False,2026-10-10T16:42:35.146091+00:00,grasp_execution_audit.json,local_full_budget_source_fidelity_not_certified
GRASP/tau_0p5,smap,anomaly_detection,"{""flow_evaluations"": 10, ""source_samples"": 5}",paper_test_label_oracle_no_PA,ROC,10,0,,,,,,,False,2026-10-10T16:42:35.146091+00:00,grasp_execution_audit.json,local_full_budget_source_fidelity_not_certified
GRASP/tau_0p5,smap,anomaly_detection,"{""flow_evaluations"": 10, ""source_samples"": 5}",paper_test_label_oracle_no_PA,Best_F1,10,0,,,,,,,False,2026-10-10T16:42:35.146091+00:00,grasp_execution_audit.json,local_full_budget_source_fidelity_not_certified
GRASP/tau_0p5,smap,anomaly_detection,"{""flow_evaluations"": 10, ""source_samples"": 5}",validation_only_1_percent_no_PA_control,precision,10,0,,,,,,,False,2026-10-10T16:42:35.146091+00:00,grasp_execution_audit.json,local_full_budget_source_fidelity_not_certified
GRASP/tau_0p5,smap,anomaly_detection,"{""flow_evaluations"": 10, ""source_samples"": 5}",validation_only_1_percent_no_PA_control,recall,10,0,,,,,,,False,2026-10-10T16:42:35.146091+00:00,grasp_execution_audit.json,local_full_budget_source_fidelity_not_certified
GRASP/tau_0p5,smap,anomaly_detection,"{""flow_evaluations"": 10, ""source_samples"": 5}",validation_only_1_percent_no_PA_control,f1,10,0,,,,,,,False,2026-10-10T16:42:35.146091+00:00,grasp_execution_audit.json,local_full_budget_source_fidelity_not_certified
GRASP/tau_0p5,cicids,anomaly_detection,"{""flow_evaluations"": 10, ""source_samples"": 5}",paper_test_label_oracle_no_PA,AP,10,0,,,,,,,False,2026-10-10T16:42:35.146091+00:00,grasp_execution_audit.json,local_full_budget_source_fidelity_not_certified
GRASP/tau_0p5,cicids,anomaly_detection,"{""flow_evaluations"": 10, ""source_samples"": 5}",paper_test_label_oracle_no_PA,ROC,10,0,,,,,,,False,2026-10-10T16:42:35.146091+00:00,grasp_execution_audit.json,local_full_budget_source_fidelity_not_certified
GRASP/tau_0p5,cicids,anomaly_detection,"{""flow_evaluations"": 10, ""source_samples"": 5}",paper_test_label_oracle_no_PA,Best_F1,10,0,,,,,,,False,2026-10-10T16:42:35.146091+00:00,grasp_execution_audit.json,local_full_budget_source_fidelity_not_certified
GRASP/tau_0p5,cicids,anomaly_detection,"{""flow_evaluations"": 10, ""source_samples"": 5}",validation_only_1_percent_no_PA_control,precision,10,0,,,,,,,False,2026-10-10T16:42:35.146091+00:00,grasp_execution_audit.json,local_full_budget_source_fidelity_not_certified
GRASP/tau_0p5,cicids,anomaly_detection,"{""flow_evaluations"": 10, ""source_samples"": 5}",validation_only_1_percent_no_PA_control,recall,10,0,,,,,,,False,2026-10-10T16:42:35.146091+00:00,grasp_execution_audit.json,local_full_budget_source_fidelity_not_certified
GRASP/tau_0p5,cicids,anomaly_detection,"{""flow_evaluations"": 10, ""source_samples"": 5}",validation_only_1_percent_no_PA_control,f1,10,0,,,,,,,False,2026-10-10T16:42:35.146091+00:00,grasp_execution_audit.json,local_full_budget_source_fidelity_not_certified
GRASP/tau_1,swan,anomaly_detection,"{""flow_evaluations"": 10, ""source_samples"": 5}",paper_test_label_oracle_no_PA,AP,10,1,0.5365589752038928,,,,,,False,2026-10-10T16:42:35.146091+00:00,grasp_execution_audit.json,local_full_budget_source_fidelity_not_certified
GRASP/tau_1,swan,anomaly_detection,"{""flow_evaluations"": 10, ""source_samples"": 5}",paper_test_label_oracle_no_PA,ROC,10,1,0.7307928493371294,,,,,,False,2026-10-10T16:42:35.146091+00:00,grasp_execution_audit.json,local_full_budget_source_fidelity_not_certified
GRASP/tau_1,swan,anomaly_detection,"{""flow_evaluations"": 10, ""source_samples"": 5}",paper_test_label_oracle_no_PA,Best_F1,10,1,0.5413884865520378,,,,,,False,2026-10-10T16:42:35.146091+00:00,grasp_execution_audit.json,local_full_budget_source_fidelity_not_certified
GRASP/tau_1,swan,anomaly_detection,"{""flow_evaluations"": 10, ""source_samples"": 5}",validation_only_1_percent_no_PA_control,precision,10,1,0.3726746413520072,,,,,,False,2026-10-10T16:42:35.146091+00:00,grasp_execution_audit.json,local_full_budget_source_fidelity_not_certified
GRASP/tau_1,swan,anomaly_detection,"{""flow_evaluations"": 10, ""source_samples"": 5}",validation_only_1_percent_no_PA_control,recall,10,1,0.871094527363184,,,,,,False,2026-10-10T16:42:35.146091+00:00,grasp_execution_audit.json,local_full_budget_source_fidelity_not_certified
GRASP/tau_1,swan,anomaly_detection,"{""flow_evaluations"": 10, ""source_samples"": 5}",validation_only_1_percent_no_PA_control,f1,10,1,0.5220178289257923,,,,,,False,2026-10-10T16:42:35.146091+00:00,grasp_execution_audit.json,local_full_budget_source_fidelity_not_certified
GRASP/tau_1,smd,anomaly_detection,"{""flow_evaluations"": 10, ""source_samples"": 5}",paper_test_label_oracle_no_PA,AP,10,0,,,,,,,False,2026-10-10T16:42:35.146091+00:00,grasp_execution_audit.json,local_full_budget_source_fidelity_not_certified
GRASP/tau_1,smd,anomaly_detection,"{""flow_evaluations"": 10, ""source_samples"": 5}",paper_test_label_oracle_no_PA,ROC,10,0,,,,,,,False,2026-10-10T16:42:35.146091+00:00,grasp_execution_audit.json,local_full_budget_source_fidelity_not_certified
GRASP/tau_1,smd,anomaly_detection,"{""flow_evaluations"": 10, ""source_samples"": 5}",paper_test_label_oracle_no_PA,Best_F1,10,0,,,,,,,False,2026-10-10T16:42:35.146091+00:00,grasp_execution_audit.json,local_full_budget_source_fidelity_not_certified
GRASP/tau_1,smd,anomaly_detection,"{""flow_evaluations"": 10, ""source_samples"": 5}",validation_only_1_percent_no_PA_control,precision,10,0,,,,,,,False,2026-10-10T16:42:35.146091+00:00,grasp_execution_audit.json,local_full_budget_source_fidelity_not_certified
GRASP/tau_1,smd,anomaly_detection,"{""flow_evaluations"": 10, ""source_samples"": 5}",validation_only_1_percent_no_PA_control,recall,10,0,,,,,,,False,2026-10-10T16:42:35.146091+00:00,grasp_execution_audit.json,local_full_budget_source_fidelity_not_certified
GRASP/tau_1,smd,anomaly_detection,"{""flow_evaluations"": 10, ""source_samples"": 5}",validation_only_1_percent_no_PA_control,f1,10,0,,,,,,,False,2026-10-10T16:42:35.146091+00:00,grasp_execution_audit.json,local_full_budget_source_fidelity_not_certified
GRASP/tau_1,smap,anomaly_detection,"{""flow_evaluations"": 10, ""source_samples"": 5}",paper_test_label_oracle_no_PA,AP,10,0,,,,,,,False,2026-10-10T16:42:35.146091+00:00,grasp_execution_audit.json,local_full_budget_source_fidelity_not_certified
GRASP/tau_1,smap,anomaly_detection,"{""flow_evaluations"": 10, ""source_samples"": 5}",paper_test_label_oracle_no_PA,ROC,10,0,,,,,,,False,2026-10-10T16:42:35.146091+00:00,grasp_execution_audit.json,local_full_budget_source_fidelity_not_certified
GRASP/tau_1,smap,anomaly_detection,"{""flow_evaluations"": 10, ""source_samples"": 5}",paper_test_label_oracle_no_PA,Best_F1,10,0,,,,,,,False,2026-10-10T16:42:35.146091+00:00,grasp_execution_audit.json,local_full_budget_source_fidelity_not_certified
GRASP/tau_1,smap,anomaly_detection,"{""flow_evaluations"": 10, ""source_samples"": 5}",validation_only_1_percent_no_PA_control,precision,10,0,,,,,,,False,2026-10-10T16:42:35.146091+00:00,grasp_execution_audit.json,local_full_budget_source_fidelity_not_certified
GRASP/tau_1,smap,anomaly_detection,"{""flow_evaluations"": 10, ""source_samples"": 5}",validation_only_1_percent_no_PA_control,recall,10,0,,,,,,,False,2026-10-10T16:42:35.146091+00:00,grasp_execution_audit.json,local_full_budget_source_fidelity_not_certified
GRASP/tau_1,smap,anomaly_detection,"{""flow_evaluations"": 10, ""source_samples"": 5}",validation_only_1_percent_no_PA_control,f1,10,0,,,,,,,False,2026-10-10T16:42:35.146091+00:00,grasp_execution_audit.json,local_full_budget_source_fidelity_not_certified
GRASP/tau_1,cicids,anomaly_detection,"{""flow_evaluations"": 10, ""source_samples"": 5}",paper_test_label_oracle_no_PA,AP,10,0,,,,,,,False,2026-10-10T16:42:35.146091+00:00,grasp_execution_audit.json,local_full_budget_source_fidelity_not_certified
GRASP/tau_1,cicids,anomaly_detection,"{""flow_evaluations"": 10, ""source_samples"": 5}",paper_test_label_oracle_no_PA,ROC,10,0,,,,,,,False,2026-10-10T16:42:35.146091+00:00,grasp_execution_audit.json,local_full_budget_source_fidelity_not_certified
GRASP/tau_1,cicids,anomaly_detection,"{""flow_evaluations"": 10, ""source_samples"": 5}",paper_test_label_oracle_no_PA,Best_F1,10,0,,,,,,,False,2026-10-10T16:42:35.146091+00:00,grasp_execution_audit.json,local_full_budget_source_fidelity_not_certified
GRASP/tau_1,cicids,anomaly_detection,"{""flow_evaluations"": 10, ""source_samples"": 5}",validation_only_1_percent_no_PA_control,precision,10,0,,,,,,,False,2026-10-10T16:42:35.146091+00:00,grasp_execution_audit.json,local_full_budget_source_fidelity_not_certified
GRASP/tau_1,cicids,anomaly_detection,"{""flow_evaluations"": 10, ""source_samples"": 5}",validation_only_1_percent_no_PA_control,recall,10,0,,,,,,,False,2026-10-10T16:42:35.146091+00:00,grasp_execution_audit.json,local_full_budget_source_fidelity_not_certified
GRASP/tau_1,cicids,anomaly_detection,"{""flow_evaluations"": 10, ""source_samples"": 5}",validation_only_1_percent_no_PA_control,f1,10,0,,,,,,,False,2026-10-10T16:42:35.146091+00:00,grasp_execution_audit.json,local_full_budget_source_fidelity_not_certified
GRASP/tau_4,swan,anomaly_detection,"{""flow_evaluations"": 10, ""source_samples"": 5}",paper_test_label_oracle_no_PA,AP,10,1,0.5418178422085403,,,,,,False,2026-10-10T16:42:35.146091+00:00,grasp_execution_audit.json,local_full_budget_source_fidelity_not_certified
GRASP/tau_4,swan,anomaly_detection,"{""flow_evaluations"": 10, ""source_samples"": 5}",paper_test_label_oracle_no_PA,ROC,10,1,0.6992138210680701,,,,,,False,2026-10-10T16:42:35.146091+00:00,grasp_execution_audit.json,local_full_budget_source_fidelity_not_certified
GRASP/tau_4,swan,anomaly_detection,"{""flow_evaluations"": 10, ""source_samples"": 5}",paper_test_label_oracle_no_PA,Best_F1,10,1,0.5062031753804431,,,,,,False,2026-10-10T16:42:35.146091+00:00,grasp_execution_audit.json,local_full_budget_source_fidelity_not_certified
GRASP/tau_4,swan,anomaly_detection,"{""flow_evaluations"": 10, ""source_samples"": 5}",validation_only_1_percent_no_PA_control,precision,10,1,0.37296857423230656,,,,,,False,2026-10-10T16:42:35.146091+00:00,grasp_execution_audit.json,local_full_budget_source_fidelity_not_certified
GRASP/tau_4,swan,anomaly_detection,"{""flow_evaluations"": 10, ""source_samples"": 5}",validation_only_1_percent_no_PA_control,recall,10,1,0.775273631840796,,,,,,False,2026-10-10T16:42:35.146091+00:00,grasp_execution_audit.json,local_full_budget_source_fidelity_not_certified
GRASP/tau_4,swan,anomaly_detection,"{""flow_evaluations"": 10, ""source_samples"": 5}",validation_only_1_percent_no_PA_control,f1,10,1,0.5036440910780369,,,,,,False,2026-10-10T16:42:35.146091+00:00,grasp_execution_audit.json,local_full_budget_source_fidelity_not_certified
GRASP/tau_4,smd,anomaly_detection,"{""flow_evaluations"": 10, ""source_samples"": 5}",paper_test_label_oracle_no_PA,AP,10,0,,,,,,,False,2026-10-10T16:42:35.146091+00:00,grasp_execution_audit.json,local_full_budget_source_fidelity_not_certified
GRASP/tau_4,smd,anomaly_detection,"{""flow_evaluations"": 10, ""source_samples"": 5}",paper_test_label_oracle_no_PA,ROC,10,0,,,,,,,False,2026-10-10T16:42:35.146091+00:00,grasp_execution_audit.json,local_full_budget_source_fidelity_not_certified
GRASP/tau_4,smd,anomaly_detection,"{""flow_evaluations"": 10, ""source_samples"": 5}",paper_test_label_oracle_no_PA,Best_F1,10,0,,,,,,,False,2026-10-10T16:42:35.146091+00:00,grasp_execution_audit.json,local_full_budget_source_fidelity_not_certified
GRASP/tau_4,smd,anomaly_detection,"{""flow_evaluations"": 10, ""source_samples"": 5}",validation_only_1_percent_no_PA_control,precision,10,0,,,,,,,False,2026-10-10T16:42:35.146091+00:00,grasp_execution_audit.json,local_full_budget_source_fidelity_not_certified
GRASP/tau_4,smd,anomaly_detection,"{""flow_evaluations"": 10, ""source_samples"": 5}",validation_only_1_percent_no_PA_control,recall,10,0,,,,,,,False,2026-10-10T16:42:35.146091+00:00,grasp_execution_audit.json,local_full_budget_source_fidelity_not_certified
GRASP/tau_4,smd,anomaly_detection,"{""flow_evaluations"": 10, ""source_samples"": 5}",validation_only_1_percent_no_PA_control,f1,10,0,,,,,,,False,2026-10-10T16:42:35.146091+00:00,grasp_execution_audit.json,local_full_budget_source_fidelity_not_certified
GRASP/tau_4,smap,anomaly_detection,"{""flow_evaluations"": 10, ""source_samples"": 5}",paper_test_label_oracle_no_PA,AP,10,0,,,,,,,False,2026-10-10T16:42:35.146091+00:00,grasp_execution_audit.json,local_full_budget_source_fidelity_not_certified
GRASP/tau_4,smap,anomaly_detection,"{""flow_evaluations"": 10, ""source_samples"": 5}",paper_test_label_oracle_no_PA,ROC,10,0,,,,,,,False,2026-10-10T16:42:35.146091+00:00,grasp_execution_audit.json,local_full_budget_source_fidelity_not_certified
GRASP/tau_4,smap,anomaly_detection,"{""flow_evaluations"": 10, ""source_samples"": 5}",paper_test_label_oracle_no_PA,Best_F1,10,0,,,,,,,False,2026-10-10T16:42:35.146091+00:00,grasp_execution_audit.json,local_full_budget_source_fidelity_not_certified
GRASP/tau_4,smap,anomaly_detection,"{""flow_evaluations"": 10, ""source_samples"": 5}",validation_only_1_percent_no_PA_control,precision,10,0,,,,,,,False,2026-10-10T16:42:35.146091+00:00,grasp_execution_audit.json,local_full_budget_source_fidelity_not_certified
GRASP/tau_4,smap,anomaly_detection,"{""flow_evaluations"": 10, ""source_samples"": 5}",validation_only_1_percent_no_PA_control,recall,10,0,,,,,,,False,2026-10-10T16:42:35.146091+00:00,grasp_execution_audit.json,local_full_budget_source_fidelity_not_certified
GRASP/tau_4,smap,anomaly_detection,"{""flow_evaluations"": 10, ""source_samples"": 5}",validation_only_1_percent_no_PA_control,f1,10,0,,,,,,,False,2026-10-10T16:42:35.146091+00:00,grasp_execution_audit.json,local_full_budget_source_fidelity_not_certified
GRASP/tau_4,cicids,anomaly_detection,"{""flow_evaluations"": 10, ""source_samples"": 5}",paper_test_label_oracle_no_PA,AP,10,0,,,,,,,False,2026-10-10T16:42:35.146091+00:00,grasp_execution_audit.json,local_full_budget_source_fidelity_not_certified
GRASP/tau_4,cicids,anomaly_detection,"{""flow_evaluations"": 10, ""source_samples"": 5}",paper_test_label_oracle_no_PA,ROC,10,0,,,,,,,False,2026-10-10T16:42:35.146091+00:00,grasp_execution_audit.json,local_full_budget_source_fidelity_not_certified
GRASP/tau_4,cicids,anomaly_detection,"{""flow_evaluations"": 10, ""source_samples"": 5}",paper_test_label_oracle_no_PA,Best_F1,10,0,,,,,,,False,2026-10-10T16:42:35.146091+00:00,grasp_execution_audit.json,local_full_budget_source_fidelity_not_certified
GRASP/tau_4,cicids,anomaly_detection,"{""flow_evaluations"": 10, ""source_samples"": 5}",validation_only_1_percent_no_PA_control,precision,10,0,,,,,,,False,2026-10-10T16:42:35.146091+00:00,grasp_execution_audit.json,local_full_budget_source_fidelity_not_certified
GRASP/tau_4,cicids,anomaly_detection,"{""flow_evaluations"": 10, ""source_samples"": 5}",validation_only_1_percent_no_PA_control,recall,10,0,,,,,,,False,2026-10-10T16:42:35.146091+00:00,grasp_execution_audit.json,local_full_budget_source_fidelity_not_certified
GRASP/tau_4,cicids,anomaly_detection,"{""flow_evaluations"": 10, ""source_samples"": 5}",validation_only_1_percent_no_PA_control,f1,10,0,,,,,,,False,2026-10-10T16:42:35.146091+00:00,grasp_execution_audit.json,local_full_budget_source_fidelity_not_certified
GRASP/tau_8,swan,anomaly_detection,"{""flow_evaluations"": 10, ""source_samples"": 5}",paper_test_label_oracle_no_PA,AP,10,1,0.4943702816271116,,,,,,False,2026-10-10T16:42:35.146091+00:00,grasp_execution_audit.json,local_full_budget_source_fidelity_not_certified
GRASP/tau_8,swan,anomaly_detection,"{""flow_evaluations"": 10, ""source_samples"": 5}",paper_test_label_oracle_no_PA,ROC,10,1,0.6732290560684056,,,,,,False,2026-10-10T16:42:35.146091+00:00,grasp_execution_audit.json,local_full_budget_source_fidelity_not_certified
GRASP/tau_8,swan,anomaly_detection,"{""flow_evaluations"": 10, ""source_samples"": 5}",paper_test_label_oracle_no_PA,Best_F1,10,1,0.49330780934611074,,,,,,False,2026-10-10T16:42:35.146091+00:00,grasp_execution_audit.json,local_full_budget_source_fidelity_not_certified
GRASP/tau_8,swan,anomaly_detection,"{""flow_evaluations"": 10, ""source_samples"": 5}",validation_only_1_percent_no_PA_control,precision,10,1,0.37649302153129055,,,,,,False,2026-10-10T16:42:35.146091+00:00,grasp_execution_audit.json,local_full_budget_source_fidelity_not_certified
GRASP/tau_8,swan,anomaly_detection,"{""flow_evaluations"": 10, ""source_samples"": 5}",validation_only_1_percent_no_PA_control,recall,10,1,0.7072636815920398,,,,,,False,2026-10-10T16:42:35.146091+00:00,grasp_execution_audit.json,local_full_budget_source_fidelity_not_certified
GRASP/tau_8,swan,anomaly_detection,"{""flow_evaluations"": 10, ""source_samples"": 5}",validation_only_1_percent_no_PA_control,f1,10,1,0.49140151056879655,,,,,,False,2026-10-10T16:42:35.146091+00:00,grasp_execution_audit.json,local_full_budget_source_fidelity_not_certified
GRASP/tau_8,smd,anomaly_detection,"{""flow_evaluations"": 10, ""source_samples"": 5}",paper_test_label_oracle_no_PA,AP,10,0,,,,,,,False,2026-10-10T16:42:35.146091+00:00,grasp_execution_audit.json,local_full_budget_source_fidelity_not_certified
GRASP/tau_8,smd,anomaly_detection,"{""flow_evaluations"": 10, ""source_samples"": 5}",paper_test_label_oracle_no_PA,ROC,10,0,,,,,,,False,2026-10-10T16:42:35.146091+00:00,grasp_execution_audit.json,local_full_budget_source_fidelity_not_certified
GRASP/tau_8,smd,anomaly_detection,"{""flow_evaluations"": 10, ""source_samples"": 5}",paper_test_label_oracle_no_PA,Best_F1,10,0,,,,,,,False,2026-10-10T16:42:35.146091+00:00,grasp_execution_audit.json,local_full_budget_source_fidelity_not_certified
GRASP/tau_8,smd,anomaly_detection,"{""flow_evaluations"": 10, ""source_samples"": 5}",validation_only_1_percent_no_PA_control,precision,10,0,,,,,,,False,2026-10-10T16:42:35.146091+00:00,grasp_execution_audit.json,local_full_budget_source_fidelity_not_certified
GRASP/tau_8,smd,anomaly_detection,"{""flow_evaluations"": 10, ""source_samples"": 5}",validation_only_1_percent_no_PA_control,recall,10,0,,,,,,,False,2026-10-10T16:42:35.146091+00:00,grasp_execution_audit.json,local_full_budget_source_fidelity_not_certified
GRASP/tau_8,smd,anomaly_detection,"{""flow_evaluations"": 10, ""source_samples"": 5}",validation_only_1_percent_no_PA_control,f1,10,0,,,,,,,False,2026-10-10T16:42:35.146091+00:00,grasp_execution_audit.json,local_full_budget_source_fidelity_not_certified
GRASP/tau_8,smap,anomaly_detection,"{""flow_evaluations"": 10, ""source_samples"": 5}",paper_test_label_oracle_no_PA,AP,10,0,,,,,,,False,2026-10-10T16:42:35.146091+00:00,grasp_execution_audit.json,local_full_budget_source_fidelity_not_certified
GRASP/tau_8,smap,anomaly_detection,"{""flow_evaluations"": 10, ""source_samples"": 5}",paper_test_label_oracle_no_PA,ROC,10,0,,,,,,,False,2026-10-10T16:42:35.146091+00:00,grasp_execution_audit.json,local_full_budget_source_fidelity_not_certified
GRASP/tau_8,smap,anomaly_detection,"{""flow_evaluations"": 10, ""source_samples"": 5}",paper_test_label_oracle_no_PA,Best_F1,10,0,,,,,,,False,2026-10-10T16:42:35.146091+00:00,grasp_execution_audit.json,local_full_budget_source_fidelity_not_certified
GRASP/tau_8,smap,anomaly_detection,"{""flow_evaluations"": 10, ""source_samples"": 5}",validation_only_1_percent_no_PA_control,precision,10,0,,,,,,,False,2026-10-10T16:42:35.146091+00:00,grasp_execution_audit.json,local_full_budget_source_fidelity_not_certified
GRASP/tau_8,smap,anomaly_detection,"{""flow_evaluations"": 10, ""source_samples"": 5}",validation_only_1_percent_no_PA_control,recall,10,0,,,,,,,False,2026-10-10T16:42:35.146091+00:00,grasp_execution_audit.json,local_full_budget_source_fidelity_not_certified
GRASP/tau_8,smap,anomaly_detection,"{""flow_evaluations"": 10, ""source_samples"": 5}",validation_only_1_percent_no_PA_control,f1,10,0,,,,,,,False,2026-10-10T16:42:35.146091+00:00,grasp_execution_audit.json,local_full_budget_source_fidelity_not_certified
GRASP/tau_8,cicids,anomaly_detection,"{""flow_evaluations"": 10, ""source_samples"": 5}",paper_test_label_oracle_no_PA,AP,10,0,,,,,,,False,2026-10-10T16:42:35.146091+00:00,grasp_execution_audit.json,local_full_budget_source_fidelity_not_certified
GRASP/tau_8,cicids,anomaly_detection,"{""flow_evaluations"": 10, ""source_samples"": 5}",paper_test_label_oracle_no_PA,ROC,10,0,,,,,,,False,2026-10-10T16:42:35.146091+00:00,grasp_execution_audit.json,local_full_budget_source_fidelity_not_certified
GRASP/tau_8,cicids,anomaly_detection,"{""flow_evaluations"": 10, ""source_samples"": 5}",paper_test_label_oracle_no_PA,Best_F1,10,0,,,,,,,False,2026-10-10T16:42:35.146091+00:00,grasp_execution_audit.json,local_full_budget_source_fidelity_not_certified
GRASP/tau_8,cicids,anomaly_detection,"{""flow_evaluations"": 10, ""source_samples"": 5}",validation_only_1_percent_no_PA_control,precision,10,0,,,,,,,False,2026-10-10T16:42:35.146091+00:00,grasp_execution_audit.json,local_full_budget_source_fidelity_not_certified
GRASP/tau_8,cicids,anomaly_detection,"{""flow_evaluations"": 10, ""source_samples"": 5}",validation_only_1_percent_no_PA_control,recall,10,0,,,,,,,False,2026-10-10T16:42:35.146091+00:00,grasp_execution_audit.json,local_full_budget_source_fidelity_not_certified
GRASP/tau_8,cicids,anomaly_detection,"{""flow_evaluations"": 10, ""source_samples"": 5}",validation_only_1_percent_no_PA_control,f1,10,0,,,,,,,False,2026-10-10T16:42:35.146091+00:00,grasp_execution_audit.json,local_full_budget_source_fidelity_not_certified
