run_id,algorithm_config,dataset,seed,result_path,result_sha256,checkpoint_sha256,scores_sha256,calibration_false_alarm_percent,threshold,protocol,precision,recall,f1,true_positives,false_positives,false_negatives,auroc,average_precision,macro_f1,event_recall,events,detected_events,mean_detection_delay_points,false_alarms_per_1000_normal_points,delay_boundary,f1_ci95_low,f1_ci95_high,ci_unit,training_seconds,score_seconds,parameter_count,peak_cuda_allocated_bytes,epochs_completed,VUS_ROC,VUS_ROC_defined_entities,VUS_ROC_undefined_entities,VUS_PR,VUS_PR_defined_entities,VUS_PR_undefined_entities,affiliation_f,affiliation_f_defined_entities,affiliation_f_undefined_entities,affiliation_precision,affiliation_precision_defined_entities,affiliation_precision_undefined_entities,affiliation_recall,affiliation_recall_defined_entities,affiliation_recall_undefined_entities
fm_objective_independent__psm__seed1103,fm_objective_independent,PSM,1103,experiments/runs/fm_tsad_execution_v1/jobs/fm_objective_independent__psm__seed1103/result.json,26e1ba53d976c0b0d6305691da8ee8a15bcdc51025e67c48e91d75662652c271,56a831b308f8e1215e6cb517d1d1a11818279ab0127d63ed09ca15b84571a5dd,54588d16bc893ae8326f421038c5d9a8c06fe28b67d3ae08701b70c116607212,0.1,8.606869247436908,strict_validation_only_no_pa_v1,0.9791666666666666,0.009638653049505763,0.019089395231712766,235.0,5.0,24146.0,0.7392106692820443,0.5549712240118494,0.019089395231712766,0.375,72,27,216.07407407407408,0.0787897888433659,"Offline window scores use future context; delay in source points, not causal latency. Missed events reported separately.",0.0029138636100885813,0.06135964596365165,circular_temporal_block,2.594000000040978,1.125,659268,,20,0.7015326132634547,1,0,0.5046300494247359,1,0,0.5326025532384023,1,0,0.9282526321946637,1,0,0.3734335746826527,1,0
fm_objective_independent__psm__seed1103,fm_objective_independent,PSM,1103,experiments/runs/fm_tsad_execution_v1/jobs/fm_objective_independent__psm__seed1103/result.json,26e1ba53d976c0b0d6305691da8ee8a15bcdc51025e67c48e91d75662652c271,56a831b308f8e1215e6cb517d1d1a11818279ab0127d63ed09ca15b84571a5dd,54588d16bc893ae8326f421038c5d9a8c06fe28b67d3ae08701b70c116607212,1.0,7.409500370025637,strict_validation_only_no_pa_v1,0.9763313609467456,0.013535129814199581,0.02670010922771957,330.0,8.0,24051.0,0.7392106692820443,0.5549712240118494,0.02670010922771957,0.375,72,27,215.07407407407408,0.12606366214938544,"Offline window scores use future context; delay in source points, not causal latency. Missed events reported separately.",0.0034414019777615754,0.08305620841999695,circular_temporal_block,2.594000000040978,1.125,659268,,20,0.7015326132634547,1,0,0.5046300494247359,1,0,0.5329833662792592,1,0,0.9272083546322579,1,0,0.3739777210235475,1,0
fm_objective_independent__psm__seed1103,fm_objective_independent,PSM,1103,experiments/runs/fm_tsad_execution_v1/jobs/fm_objective_independent__psm__seed1103/result.json,26e1ba53d976c0b0d6305691da8ee8a15bcdc51025e67c48e91d75662652c271,56a831b308f8e1215e6cb517d1d1a11818279ab0127d63ed09ca15b84571a5dd,54588d16bc893ae8326f421038c5d9a8c06fe28b67d3ae08701b70c116607212,5.0,6.1340840339660625,strict_validation_only_no_pa_v1,0.9622166246851386,0.015667938148558304,0.03083380418112842,382.0,15.0,23999.0,0.7392106692820443,0.5549712240118494,0.03083380418112842,0.4027777777777778,72,29,164.0,0.2363693665300977,"Offline window scores use future context; delay in source points, not causal latency. Missed events reported separately.",0.0040402699580874175,0.09560390899413242,circular_temporal_block,2.594000000040978,1.125,659268,,20,0.7015326132634547,1,0,0.5046300494247359,1,0,0.5782488654892702,1,0,0.9053807260204718,1,0,0.4247708164359913,1,0
fm_objective_independent__psm__seed1104,fm_objective_independent,PSM,1104,experiments/runs/fm_tsad_execution_v1/jobs/fm_objective_independent__psm__seed1104/result.json,30395747b26b1aa63741d122a5c4b2711b64d004448cceb7162ad71d00a47372,538802a5ba2df33700538a18a237f7a8f9607fc160a8ca7a5bbcd7b1217388c0,4c21f52056b08c5319783787d056ddb4e01ccaf28d643a7138ba923c5f40ac16,0.1,8.65462416839614,strict_validation_only_no_pa_v1,0.9644970414201184,0.006685533817316763,0.013279022403258657,163.0,6.0,24218.0,0.7353761682595448,0.5522107615882216,0.013279022403258657,0.375,72,27,215.37037037037038,0.09454774661203907,"Offline window scores use future context; delay in source points, not causal latency. Missed events reported separately.",0.0028786823050841303,0.03044002090797823,circular_temporal_block,2.3590000001713634,1.1409999998286366,659268,,20,0.6935561751176457,1,0,0.502663726141668,1,0,0.529082260246388,1,0,0.9275965203703875,1,0,0.37008587126581066,1,0
fm_objective_independent__psm__seed1104,fm_objective_independent,PSM,1104,experiments/runs/fm_tsad_execution_v1/jobs/fm_objective_independent__psm__seed1104/result.json,30395747b26b1aa63741d122a5c4b2711b64d004448cceb7162ad71d00a47372,538802a5ba2df33700538a18a237f7a8f9607fc160a8ca7a5bbcd7b1217388c0,4c21f52056b08c5319783787d056ddb4e01ccaf28d643a7138ba923c5f40ac16,1.0,5.431982192993166,strict_validation_only_no_pa_v1,0.9541484716157205,0.01792379311759157,0.035186601715044896,437.0,21.0,23944.0,0.7353761682595448,0.5522107615882216,0.035186601715044896,0.4027777777777778,72,29,125.62068965517241,0.3309171131421368,"Offline window scores use future context; delay in source points, not causal latency. Missed events reported separately.",0.005735435707914071,0.08560673760948354,circular_temporal_block,2.3590000001713634,1.1409999998286366,659268,,20,0.6935561751176457,1,0,0.502663726141668,1,0,0.5961525863351106,1,0,0.8695476600951595,1,0,0.4535512332790625,1,0
fm_objective_independent__psm__seed1104,fm_objective_independent,PSM,1104,experiments/runs/fm_tsad_execution_v1/jobs/fm_objective_independent__psm__seed1104/result.json,30395747b26b1aa63741d122a5c4b2711b64d004448cceb7162ad71d00a47372,538802a5ba2df33700538a18a237f7a8f9607fc160a8ca7a5bbcd7b1217388c0,4c21f52056b08c5319783787d056ddb4e01ccaf28d643a7138ba923c5f40ac16,5.0,4.530740833282465,strict_validation_only_no_pa_v1,0.9622113365990203,0.05639637422583159,0.10654784967067027,1375.0,54.0,23006.0,0.7353761682595448,0.5522107615882216,0.10654784967067027,0.4444444444444444,72,32,127.4375,0.8509297195083517,"Offline window scores use future context; delay in source points, not causal latency. Missed events reported separately.",0.029680634995137033,0.18631056438884885,circular_temporal_block,2.3590000001713634,1.1409999998286366,659268,,20,0.6935561751176457,1,0,0.502663726141668,1,0,0.6617263922166935,1,0,0.8019578718810222,1,0,0.5632378336681539,1,0
fm_objective_independent__psm__seed1105,fm_objective_independent,PSM,1105,experiments/runs/fm_tsad_execution_v1/jobs/fm_objective_independent__psm__seed1105/result.json,68aa852d3b94a35be8008180a346c08cffd96bb36bb822c07b49656d138e724f,e20d1e5c3871759677af0daa568b13ca32f96a166ef8c320874fc16de762e5dd,204e0f82768981ad8178d832daa1d0794ebee84f6de9a37ea44000bc47644260,0.1,7.8650453948974715,strict_validation_only_no_pa_v1,0.9746835443037974,0.009474590869939707,0.01876675603217158,231.0,6.0,24150.0,0.7333727660375466,0.5483159539720732,0.01876675603217158,0.375,72,27,212.1851851851852,0.09454774661203907,"Offline window scores use future context; delay in source points, not causal latency. Missed events reported separately.",0.003534283400454982,0.04484375475115144,circular_temporal_block,2.6410000000614673,1.1400000001303852,659268,,20,0.7029855166500089,1,0,0.5017624772421925,1,0,0.5330814055311512,1,0,0.9275965203703875,1,0,0.3740111225679136,1,0
fm_objective_independent__psm__seed1105,fm_objective_independent,PSM,1105,experiments/runs/fm_tsad_execution_v1/jobs/fm_objective_independent__psm__seed1105/result.json,68aa852d3b94a35be8008180a346c08cffd96bb36bb822c07b49656d138e724f,e20d1e5c3871759677af0daa568b13ca32f96a166ef8c320874fc16de762e5dd,204e0f82768981ad8178d832daa1d0794ebee84f6de9a37ea44000bc47644260,1.0,5.612420196533203,strict_validation_only_no_pa_v1,0.9560975609756097,0.016078093597473444,0.03162437981525554,392.0,18.0,23989.0,0.7333727660375466,0.5483159539720732,0.03162437981525554,0.4027777777777778,72,29,125.62068965517241,0.2836432398361172,"Offline window scores use future context; delay in source points, not causal latency. Missed events reported separately.",0.004634702004116961,0.0800846335346117,circular_temporal_block,2.6410000000614673,1.1400000001303852,659268,,20,0.7029855166500089,1,0,0.5017624772421925,1,0,0.5907930710687458,1,0,0.8799463524739957,1,0,0.44467228702215905,1,0
fm_objective_independent__psm__seed1105,fm_objective_independent,PSM,1105,experiments/runs/fm_tsad_execution_v1/jobs/fm_objective_independent__psm__seed1105/result.json,68aa852d3b94a35be8008180a346c08cffd96bb36bb822c07b49656d138e724f,e20d1e5c3871759677af0daa568b13ca32f96a166ef8c320874fc16de762e5dd,204e0f82768981ad8178d832daa1d0794ebee84f6de9a37ea44000bc47644260,5.0,4.64649543762207,strict_validation_only_no_pa_v1,0.960644007155635,0.04405069521348591,0.08423859759206244,1074.0,44.0,23307.0,0.7333727660375466,0.5483159539720732,0.08423859759206244,0.4444444444444444,72,32,134.3125,0.6933501418216199,"Offline window scores use future context; delay in source points, not causal latency. Missed events reported separately.",0.030669424349364153,0.1432415371514383,circular_temporal_block,2.6410000000614673,1.1400000001303852,659268,,20,0.7029855166500089,1,0,0.5017624772421925,1,0,0.6532572617311488,1,0,0.8073818541273111,1,0,0.54854344565827,1,0
fm_objective_independent__psm__seed1106,fm_objective_independent,PSM,1106,experiments/runs/fm_tsad_execution_v1/jobs/fm_objective_independent__psm__seed1106/result.json,2eaad446ded65f15744cd05389d7a01359e1586b1d656f620b19beb6744198ad,b502b2e5b3a26bd75a3b07f72d914ff57c0eef6aeab14769f680dc7155ac8a22,d179d72be01725677e07a8aaa9e6304aeb72c97683194cb18003121cd6ef34f0,0.1,8.864742912292533,strict_validation_only_no_pa_v1,0.9644970414201184,0.006685533817316763,0.013279022403258657,163.0,6.0,24218.0,0.7386066578609277,0.5523558727574704,0.013279022403258657,0.375,72,27,240.77777777777777,0.09454774661203907,"Offline window scores use future context; delay in source points, not causal latency. Missed events reported separately.",0.003999123173063567,0.03841904268661605,circular_temporal_block,2.6089999999385327,1.125,659268,,20,0.7009367825444152,1,0,0.5035732987964282,1,0,0.5316190615500241,1,0,0.9275965203703875,1,0,0.3725730479817061,1,0
fm_objective_independent__psm__seed1106,fm_objective_independent,PSM,1106,experiments/runs/fm_tsad_execution_v1/jobs/fm_objective_independent__psm__seed1106/result.json,2eaad446ded65f15744cd05389d7a01359e1586b1d656f620b19beb6744198ad,b502b2e5b3a26bd75a3b07f72d914ff57c0eef6aeab14769f680dc7155ac8a22,d179d72be01725677e07a8aaa9e6304aeb72c97683194cb18003121cd6ef34f0,1.0,5.566520061492921,strict_validation_only_no_pa_v1,0.9529411764705882,0.016611295681063124,0.03265339030879626,405.0,20.0,23976.0,0.7386066578609277,0.5523558727574704,0.03265339030879626,0.4027777777777778,72,29,125.6896551724138,0.3151591553734636,"Offline window scores use future context; delay in source points, not causal latency. Missed events reported separately.",0.006612740687425055,0.09693292679129668,circular_temporal_block,2.6089999999385327,1.125,659268,,20,0.7009367825444152,1,0,0.5035732987964282,1,0,0.5879935435540931,1,0,0.87279247531143,1,0,0.44333115917404997,1,0
fm_objective_independent__psm__seed1106,fm_objective_independent,PSM,1106,experiments/runs/fm_tsad_execution_v1/jobs/fm_objective_independent__psm__seed1106/result.json,2eaad446ded65f15744cd05389d7a01359e1586b1d656f620b19beb6744198ad,b502b2e5b3a26bd75a3b07f72d914ff57c0eef6aeab14769f680dc7155ac8a22,d179d72be01725677e07a8aaa9e6304aeb72c97683194cb18003121cd6ef34f0,5.0,4.595855426788329,strict_validation_only_no_pa_v1,0.9477157360406091,0.07657602231245642,0.1417024021858753,1867.0,103.0,22514.0,0.7386066578609277,0.5523558727574704,0.1417024021858753,0.4583333333333333,72,33,133.36363636363637,1.6230696501733375,"Offline window scores use future context; delay in source points, not causal latency. Missed events reported separately.",0.06012380436565197,0.23480295788174996,circular_temporal_block,2.6089999999385327,1.125,659268,,20,0.7009367825444152,1,0,0.5035732987964282,1,0,0.6699761342593356,1,0,0.8006635620731872,1,0,0.5759648982873419,1,0
fm_objective_independent__psm__seed1107,fm_objective_independent,PSM,1107,experiments/runs/fm_tsad_execution_v1/jobs/fm_objective_independent__psm__seed1107/result.json,26b557f962f729f933abc9724419af6ea91238ac5f46ad492cc0cfa23e975022,92697f3c82d6b7866c6d19e80c79b77454ce924926e8416a1d340d77e1233d88,5e424f4351048192d6b3fb6ee03f77218b432389951de6f774b30dc87641a2f4,0.1,8.369716415405582,strict_validation_only_no_pa_v1,0.9679144385026738,0.007423813625364013,0.014734614132204494,181.0,6.0,24200.0,0.7290760170449384,0.5464312547439293,0.014734614132204494,0.375,72,27,212.4814814814815,0.09454774661203907,"Offline window scores use future context; delay in source points, not causal latency. Missed events reported separately.",0.003215509671061609,0.034832069440617716,circular_temporal_block,2.719000000040978,1.125,659268,,20,0.691824744868036,1,0,0.49646161034778463,1,0,0.5330261717532433,1,0,0.9275965203703875,1,0,0.37395674765566944,1,0
fm_objective_independent__psm__seed1107,fm_objective_independent,PSM,1107,experiments/runs/fm_tsad_execution_v1/jobs/fm_objective_independent__psm__seed1107/result.json,26b557f962f729f933abc9724419af6ea91238ac5f46ad492cc0cfa23e975022,92697f3c82d6b7866c6d19e80c79b77454ce924926e8416a1d340d77e1233d88,5e424f4351048192d6b3fb6ee03f77218b432389951de6f774b30dc87641a2f4,1.0,5.316608562469485,strict_validation_only_no_pa_v1,0.9545454545454546,0.01808785529715762,0.03550295857988166,441.0,21.0,23940.0,0.7290760170449384,0.5464312547439293,0.03550295857988166,0.4166666666666667,72,30,121.93333333333334,0.3309171131421368,"Offline window scores use future context; delay in source points, not causal latency. Missed events reported separately.",0.007278560121691722,0.08494656670610737,circular_temporal_block,2.719000000040978,1.125,659268,,20,0.691824744868036,1,0,0.49646161034778463,1,0,0.6218275502079781,1,0,0.8782696795583328,1,0,0.4812960250999313,1,0
fm_objective_independent__psm__seed1107,fm_objective_independent,PSM,1107,experiments/runs/fm_tsad_execution_v1/jobs/fm_objective_independent__psm__seed1107/result.json,26b557f962f729f933abc9724419af6ea91238ac5f46ad492cc0cfa23e975022,92697f3c82d6b7866c6d19e80c79b77454ce924926e8416a1d340d77e1233d88,5e424f4351048192d6b3fb6ee03f77218b432389951de6f774b30dc87641a2f4,5.0,4.487443923950194,strict_validation_only_no_pa_v1,0.9613022113022113,0.06418932775521922,0.12034295820677458,1565.0,63.0,22816.0,0.7290760170449384,0.5464312547439293,0.12034295820677458,0.4444444444444444,72,32,113.53125,0.9927513394264104,"Offline window scores use future context; delay in source points, not causal latency. Missed events reported separately.",0.04756730613748869,0.19776813693728496,circular_temporal_block,2.719000000040978,1.125,659268,,20,0.691824744868036,1,0,0.49646161034778463,1,0,0.6610701715454638,1,0,0.8131725260066948,1,0,0.5569026109979313,1,0
fm_objective_ot__psm__seed1103,fm_objective_ot,PSM,1103,experiments/runs/fm_tsad_execution_v1/jobs/fm_objective_ot__psm__seed1103/result.json,51a4d21f6a3e2dd91030d147ef9ddc4d31d831cce0fa69145e2cecaf37049728,205bebff5e7e85186946e945f2c308ebbfc25c6d872cdd8f0a9438a765c60227,66d6cad669c30e500413be16ab285949982a45be0c4ac43a29b85b75b8b06499,0.1,8.760292106628903,strict_validation_only_no_pa_v1,0.9760956175298805,0.010048808498420901,0.019892822344917183,245.0,6.0,24136.0,0.7345995619260595,0.5523351765842031,0.019892822344917183,0.375,72,27,215.37037037037038,0.09454774661203907,"Offline window scores use future context; delay in source points, not causal latency. Missed events reported separately.",0.0033567180465734854,0.05974052565252416,circular_temporal_block,2.827999999979511,1.1559999999590218,659268,,20,0.6940814256196307,1,0,0.4997393710522898,1,0,0.5330213472368579,1,0,0.9275965203703875,1,0,0.3739519983745444,1,0
fm_objective_ot__psm__seed1103,fm_objective_ot,PSM,1103,experiments/runs/fm_tsad_execution_v1/jobs/fm_objective_ot__psm__seed1103/result.json,51a4d21f6a3e2dd91030d147ef9ddc4d31d831cce0fa69145e2cecaf37049728,205bebff5e7e85186946e945f2c308ebbfc25c6d872cdd8f0a9438a765c60227,66d6cad669c30e500413be16ab285949982a45be0c4ac43a29b85b75b8b06499,1.0,5.905679569244385,strict_validation_only_no_pa_v1,0.9620535714285714,0.017677699848242485,0.03471746747754642,431.0,17.0,23950.0,0.7345995619260595,0.5523351765842031,0.03471746747754642,0.4027777777777778,72,29,125.58620689655173,0.26788528206744405,"Offline window scores use future context; delay in source points, not causal latency. Missed events reported separately.",0.005651994353246629,0.09759550243547589,circular_temporal_block,2.827999999979511,1.1559999999590218,659268,,20,0.6940814256196307,1,0,0.4997393710522898,1,0,0.5878309947854515,1,0,0.8944077653618674,1,0,0.4377746679691779,1,0
fm_objective_ot__psm__seed1103,fm_objective_ot,PSM,1103,experiments/runs/fm_tsad_execution_v1/jobs/fm_objective_ot__psm__seed1103/result.json,51a4d21f6a3e2dd91030d147ef9ddc4d31d831cce0fa69145e2cecaf37049728,205bebff5e7e85186946e945f2c308ebbfc25c6d872cdd8f0a9438a765c60227,66d6cad669c30e500413be16ab285949982a45be0c4ac43a29b85b75b8b06499,5.0,4.866518306732176,strict_validation_only_no_pa_v1,0.9616797900262467,0.07514047824125343,0.1393897892414213,1832.0,73.0,22549.0,0.7345995619260595,0.5523351765842031,0.1393897892414213,0.4444444444444444,72,32,127.34375,1.1503309171131422,"Offline window scores use future context; delay in source points, not causal latency. Missed events reported separately.",0.04296432764751384,0.23472688942350742,circular_temporal_block,2.827999999979511,1.1559999999590218,659268,,20,0.6940814256196307,1,0,0.4997393710522898,1,0,0.6566266787290309,1,0,0.8176304649360974,1,0,0.548599209553032,1,0
fm_objective_ot__psm__seed1104,fm_objective_ot,PSM,1104,experiments/runs/fm_tsad_execution_v1/jobs/fm_objective_ot__psm__seed1104/result.json,966208560b7a7cbf35b98d959d35c36b186bb2983e0a1e3f88ab646f7634a71c,8609f0337d0e38e5d6d9595a71da3c621d11fa53ee3741cce7478380e144c29c,a5b1918600dc6834b875b38a64e66a8f892e87b457a7391e66a4763b5570078e,0.1,9.844032386779952,strict_validation_only_no_pa_v1,0.9696969696969697,0.005249989746113777,0.010443438175661892,128.0,4.0,24253.0,0.7338253282377885,0.5554701261999254,0.010443438175661892,0.375,72,27,215.55555555555554,0.06303183107469272,"Offline window scores use future context; delay in source points, not causal latency. Missed events reported separately.",0.0025974942627477395,0.024608315653284987,circular_temporal_block,2.797000000020489,1.172000000020489,659268,,20,0.6940133903092358,1,0,0.5015566725773396,1,0,0.5321790701191419,1,0,0.9568852670167801,1,0,0.3685853053614705,1,0
fm_objective_ot__psm__seed1104,fm_objective_ot,PSM,1104,experiments/runs/fm_tsad_execution_v1/jobs/fm_objective_ot__psm__seed1104/result.json,966208560b7a7cbf35b98d959d35c36b186bb2983e0a1e3f88ab646f7634a71c,8609f0337d0e38e5d6d9595a71da3c621d11fa53ee3741cce7478380e144c29c,a5b1918600dc6834b875b38a64e66a8f892e87b457a7391e66a4763b5570078e,1.0,7.278047904968269,strict_validation_only_no_pa_v1,0.9724137931034482,0.011566383659406916,0.022860848769810708,282.0,8.0,24099.0,0.7338253282377885,0.5554701261999254,0.022860848769810708,0.3888888888888889,72,28,204.53571428571428,0.12606366214938544,"Offline window scores use future context; delay in source points, not causal latency. Missed events reported separately.",0.003372271945645945,0.05828820417055712,circular_temporal_block,2.797000000020489,1.172000000020489,659268,,20,0.6940133903092358,1,0,0.5015566725773396,1,0,0.5474811706201724,1,0,0.9295564722247657,1,0,0.3880011720708601,1,0
fm_objective_ot__psm__seed1104,fm_objective_ot,PSM,1104,experiments/runs/fm_tsad_execution_v1/jobs/fm_objective_ot__psm__seed1104/result.json,966208560b7a7cbf35b98d959d35c36b186bb2983e0a1e3f88ab646f7634a71c,8609f0337d0e38e5d6d9595a71da3c621d11fa53ee3741cce7478380e144c29c,a5b1918600dc6834b875b38a64e66a8f892e87b457a7391e66a4763b5570078e,5.0,5.6462447166442855,strict_validation_only_no_pa_v1,0.9725806451612903,0.024732373569582872,0.048238070477180914,603.0,17.0,23778.0,0.7338253282377885,0.5554701261999254,0.048238070477180914,0.4027777777777778,72,29,125.62068965517241,0.26788528206744405,"Offline window scores use future context; delay in source points, not causal latency. Missed events reported separately.",0.011470377018697697,0.1004701696376258,circular_temporal_block,2.797000000020489,1.172000000020489,659268,,20,0.6940133903092358,1,0,0.5015566725773396,1,0,0.5895864949683978,1,0,0.8925901696842147,1,0,0.4401654558964786,1,0
fm_objective_ot__psm__seed1105,fm_objective_ot,PSM,1105,experiments/runs/fm_tsad_execution_v1/jobs/fm_objective_ot__psm__seed1105/result.json,9cb613a11ccf1f80b1d612987883f8a54e0133dcb1909525b34308daa355af01,177dab8d64f3c54b74dfeaea3af95a644dca911c663355ab8a30600900b0dabf,292daaf28638277336f71dfa1a59fd3ab88549a07c7a8ba13be22db187ea6a6f,0.1,8.581975540161443,strict_validation_only_no_pa_v1,0.9741379310344828,0.009269513145482139,0.018364279039531955,226.0,6.0,24155.0,0.7326351735921214,0.5532237380632716,0.018364279039531955,0.375,72,27,215.37037037037038,0.09454774661203907,"Offline window scores use future context; delay in source points, not causal latency. Missed events reported separately.",0.00353281588124541,0.04336653473175245,circular_temporal_block,2.8119999999180436,1.1560000001918525,659268,,20,0.7002188682749645,1,0,0.5032787293431895,1,0,0.5330371110612936,1,0,0.9275965203703875,1,0,0.3739675165005713,1,0
fm_objective_ot__psm__seed1105,fm_objective_ot,PSM,1105,experiments/runs/fm_tsad_execution_v1/jobs/fm_objective_ot__psm__seed1105/result.json,9cb613a11ccf1f80b1d612987883f8a54e0133dcb1909525b34308daa355af01,177dab8d64f3c54b74dfeaea3af95a644dca911c663355ab8a30600900b0dabf,292daaf28638277336f71dfa1a59fd3ab88549a07c7a8ba13be22db187ea6a6f,1.0,5.704220142364504,strict_validation_only_no_pa_v1,0.9599056603773585,0.016693326770846152,0.0328159645232816,407.0,17.0,23974.0,0.7326351735921214,0.5532237380632716,0.0328159645232816,0.4027777777777778,72,29,125.58620689655173,0.26788528206744405,"Offline window scores use future context; delay in source points, not causal latency. Missed events reported separately.",0.004969369450860253,0.08266746856735926,circular_temporal_block,2.8119999999180436,1.1560000001918525,659268,,20,0.7002188682749645,1,0,0.5032787293431895,1,0,0.5895911219736806,1,0,0.8980223969174388,1,0,0.43886147052728425,1,0
fm_objective_ot__psm__seed1105,fm_objective_ot,PSM,1105,experiments/runs/fm_tsad_execution_v1/jobs/fm_objective_ot__psm__seed1105/result.json,9cb613a11ccf1f80b1d612987883f8a54e0133dcb1909525b34308daa355af01,177dab8d64f3c54b74dfeaea3af95a644dca911c663355ab8a30600900b0dabf,292daaf28638277336f71dfa1a59fd3ab88549a07c7a8ba13be22db187ea6a6f,5.0,4.62288274765014,strict_validation_only_no_pa_v1,0.9674285714285714,0.069439317501333,0.12957789598561098,1693.0,57.0,22688.0,0.7326351735921214,0.5532237380632716,0.12957789598561098,0.4722222222222222,72,34,131.41176470588235,0.8982035928143712,"Offline window scores use future context; delay in source points, not causal latency. Missed events reported separately.",0.0442243518791065,0.21165865583783505,circular_temporal_block,2.8119999999180436,1.1560000001918525,659268,,20,0.7002188682749645,1,0,0.5032787293431895,1,0,0.6801578377442292,1,0,0.8122434455145908,1,0,0.5850225021684503,1,0
fm_objective_ot__psm__seed1106,fm_objective_ot,PSM,1106,experiments/runs/fm_tsad_execution_v1/jobs/fm_objective_ot__psm__seed1106/result.json,8d683ca5cb822ba3eeaba23f6c160f9aeaf81438938ff0b851c49cc765c6ad3e,10fe18043a1c1007a7842a09a7a5707133deb3a65183576dbec8808d6a6dd4e5,ff7444840b9760e9384381f8b36cca6e4cdc31dbd1538ef0b7294fe39681d29b,0.1,8.774494964600061,strict_validation_only_no_pa_v1,0.9775784753363229,0.008941388786350027,0.01772069582181759,218.0,5.0,24163.0,0.7345834284556596,0.5513824046685039,0.01772069582181759,0.375,72,27,215.4814814814815,0.0787897888433659,"Offline window scores use future context; delay in source points, not causal latency. Missed events reported separately.",0.004149957607407979,0.05410740966026219,circular_temporal_block,2.827999999979511,1.125,659268,,20,0.6997130352037157,1,0,0.5040065166471723,1,0,0.5328597434778476,1,0,0.9282526321946637,1,0,0.3736864981292556,1,0
fm_objective_ot__psm__seed1106,fm_objective_ot,PSM,1106,experiments/runs/fm_tsad_execution_v1/jobs/fm_objective_ot__psm__seed1106/result.json,8d683ca5cb822ba3eeaba23f6c160f9aeaf81438938ff0b851c49cc765c6ad3e,10fe18043a1c1007a7842a09a7a5707133deb3a65183576dbec8808d6a6dd4e5,ff7444840b9760e9384381f8b36cca6e4cdc31dbd1538ef0b7294fe39681d29b,1.0,6.0171033287048346,strict_validation_only_no_pa_v1,0.9628712871287128,0.0159550469627989,0.03138995360096833,389.0,15.0,23992.0,0.7345834284556596,0.5513824046685039,0.03138995360096833,0.4027777777777778,72,29,118.27586206896552,0.2363693665300977,"Offline window scores use future context; delay in source points, not causal latency. Missed events reported separately.",0.005674611648034069,0.09468866592780671,circular_temporal_block,2.827999999979511,1.125,659268,,20,0.6997130352037157,1,0,0.5040065166471723,1,0,0.5817226081507382,1,0,0.8997887273980352,1,0,0.4297946070736071,1,0
fm_objective_ot__psm__seed1106,fm_objective_ot,PSM,1106,experiments/runs/fm_tsad_execution_v1/jobs/fm_objective_ot__psm__seed1106/result.json,8d683ca5cb822ba3eeaba23f6c160f9aeaf81438938ff0b851c49cc765c6ad3e,10fe18043a1c1007a7842a09a7a5707133deb3a65183576dbec8808d6a6dd4e5,ff7444840b9760e9384381f8b36cca6e4cdc31dbd1538ef0b7294fe39681d29b,5.0,4.95549373626709,strict_validation_only_no_pa_v1,0.9515669515669516,0.027398383987531274,0.053263166287924095,668.0,34.0,23713.0,0.7345834284556596,0.5513824046685039,0.053263166287924095,0.4166666666666667,72,30,120.33333333333333,0.5357705641348881,"Offline window scores use future context; delay in source points, not causal latency. Missed events reported separately.",0.015758867687137124,0.1169326783486773,circular_temporal_block,2.827999999979511,1.125,659268,,20,0.6997130352037157,1,0,0.5040065166471723,1,0,0.628224650147182,1,0,0.8134417677567815,1,0,0.5117104323130599,1,0
fm_objective_ot__psm__seed1107,fm_objective_ot,PSM,1107,experiments/runs/fm_tsad_execution_v1/jobs/fm_objective_ot__psm__seed1107/result.json,b86dce32877db33794f939dbc1e48725e90800cba34c50029a244d1852a0df75,fc46ff490e5857e69796927ee69973150c308219dd75398af613b622973ccb68,165e97ee53237e432b0c65d7d56bbb2a6f48d7e6e03b824a7f2199fb344e1c34,0.1,8.524441390991768,strict_validation_only_no_pa_v1,0.9802631578947368,0.012222632377671138,0.0241442171359125,298.0,6.0,24083.0,0.7319243643750688,0.5538782886828195,0.0241442171359125,0.375,72,27,212.1851851851852,0.09454774661203907,"Offline window scores use future context; delay in source points, not causal latency. Missed events reported separately.",0.0035338760269332894,0.0620166918453697,circular_temporal_block,2.8120000001508743,1.1090000001713634,659268,,20,0.6998085255518651,1,0,0.5026370417740224,1,0,0.5331344567415626,1,0,0.9275965203703875,1,0,0.374063353128476,1,0
fm_objective_ot__psm__seed1107,fm_objective_ot,PSM,1107,experiments/runs/fm_tsad_execution_v1/jobs/fm_objective_ot__psm__seed1107/result.json,b86dce32877db33794f939dbc1e48725e90800cba34c50029a244d1852a0df75,fc46ff490e5857e69796927ee69973150c308219dd75398af613b622973ccb68,165e97ee53237e432b0c65d7d56bbb2a6f48d7e6e03b824a7f2199fb344e1c34,1.0,5.80068515777588,strict_validation_only_no_pa_v1,0.9598108747044918,0.016652311225954636,0.03273665537816481,406.0,17.0,23975.0,0.7319243643750688,0.5538782886828195,0.03273665537816481,0.4027777777777778,72,29,125.6896551724138,0.26788528206744405,"Offline window scores use future context; delay in source points, not causal latency. Missed events reported separately.",0.00524722132326514,0.0798947933036277,circular_temporal_block,2.8120000001508743,1.1090000001713634,659268,,20,0.6998085255518651,1,0,0.5026370417740224,1,0,0.5846136693886387,1,0,0.8866774525315264,1,0,0.4360610564624188,1,0
fm_objective_ot__psm__seed1107,fm_objective_ot,PSM,1107,experiments/runs/fm_tsad_execution_v1/jobs/fm_objective_ot__psm__seed1107/result.json,b86dce32877db33794f939dbc1e48725e90800cba34c50029a244d1852a0df75,fc46ff490e5857e69796927ee69973150c308219dd75398af613b622973ccb68,165e97ee53237e432b0c65d7d56bbb2a6f48d7e6e03b824a7f2199fb344e1c34,5.0,4.738448524475097,strict_validation_only_no_pa_v1,0.9699646643109541,0.06755260243632337,0.12630852409985047,1647.0,51.0,22734.0,0.7319243643750688,0.5538782886828195,0.12630852409985047,0.4166666666666667,72,30,114.23333333333333,0.8036558462023322,"Offline window scores use future context; delay in source points, not causal latency. Missed events reported separately.",0.05013049645390071,0.2089222165467856,circular_temporal_block,2.8120000001508743,1.1090000001713634,659268,,20,0.6998085255518651,1,0,0.5026370417740224,1,0,0.6374180299758527,1,0,0.8081876237681522,1,0,0.5262266355999871,1,0
fm_objective_rectified__psm__seed1103,fm_objective_rectified,PSM,1103,experiments/runs/fm_tsad_execution_v1/jobs/fm_objective_rectified__psm__seed1103/result.json,82401b9bd054eb2dd711942dfb18fa1600edca868e09957b757e52d2b9729923,be40b804a924c98707d4ced670df34981666672691cdd904928df9594c1058ec,54588d16bc893ae8326f421038c5d9a8c06fe28b67d3ae08701b70c116607212,0.1,8.606869247436908,strict_validation_only_no_pa_v1,0.9791666666666666,0.009638653049505763,0.019089395231712766,235.0,5.0,24146.0,0.7392106692820443,0.5549712240118494,0.019089395231712766,0.375,72,27,216.07407407407408,0.0787897888433659,"Offline window scores use future context; delay in source points, not causal latency. Missed events reported separately.",0.0029138636100885813,0.06135964596365165,circular_temporal_block,2.484999999869615,1.1089999999385327,659268,,20,0.7015326132634547,1,0,0.5046300494247359,1,0,0.5326025532384023,1,0,0.9282526321946637,1,0,0.3734335746826527,1,0
fm_objective_rectified__psm__seed1103,fm_objective_rectified,PSM,1103,experiments/runs/fm_tsad_execution_v1/jobs/fm_objective_rectified__psm__seed1103/result.json,82401b9bd054eb2dd711942dfb18fa1600edca868e09957b757e52d2b9729923,be40b804a924c98707d4ced670df34981666672691cdd904928df9594c1058ec,54588d16bc893ae8326f421038c5d9a8c06fe28b67d3ae08701b70c116607212,1.0,7.409500370025637,strict_validation_only_no_pa_v1,0.9763313609467456,0.013535129814199581,0.02670010922771957,330.0,8.0,24051.0,0.7392106692820443,0.5549712240118494,0.02670010922771957,0.375,72,27,215.07407407407408,0.12606366214938544,"Offline window scores use future context; delay in source points, not causal latency. Missed events reported separately.",0.0034414019777615754,0.08305620841999695,circular_temporal_block,2.484999999869615,1.1089999999385327,659268,,20,0.7015326132634547,1,0,0.5046300494247359,1,0,0.5329833662792592,1,0,0.9272083546322579,1,0,0.3739777210235475,1,0
fm_objective_rectified__psm__seed1103,fm_objective_rectified,PSM,1103,experiments/runs/fm_tsad_execution_v1/jobs/fm_objective_rectified__psm__seed1103/result.json,82401b9bd054eb2dd711942dfb18fa1600edca868e09957b757e52d2b9729923,be40b804a924c98707d4ced670df34981666672691cdd904928df9594c1058ec,54588d16bc893ae8326f421038c5d9a8c06fe28b67d3ae08701b70c116607212,5.0,6.1340840339660625,strict_validation_only_no_pa_v1,0.9622166246851386,0.015667938148558304,0.03083380418112842,382.0,15.0,23999.0,0.7392106692820443,0.5549712240118494,0.03083380418112842,0.4027777777777778,72,29,164.0,0.2363693665300977,"Offline window scores use future context; delay in source points, not causal latency. Missed events reported separately.",0.0040402699580874175,0.09560390899413242,circular_temporal_block,2.484999999869615,1.1089999999385327,659268,,20,0.7015326132634547,1,0,0.5046300494247359,1,0,0.5782488654892702,1,0,0.9053807260204718,1,0,0.4247708164359913,1,0
fm_objective_rectified__psm__seed1104,fm_objective_rectified,PSM,1104,experiments/runs/fm_tsad_execution_v1/jobs/fm_objective_rectified__psm__seed1104/result.json,4cfab92efcd109f8cf1197ea3774e158f6eb180f2b10b0025489df42b49f63c2,68c55daa6fee7bef176a2fbb7a0f6b7c497425440957fb2776e7f9dc478a6181,4c21f52056b08c5319783787d056ddb4e01ccaf28d643a7138ba923c5f40ac16,0.1,8.65462416839614,strict_validation_only_no_pa_v1,0.9644970414201184,0.006685533817316763,0.013279022403258657,163.0,6.0,24218.0,0.7353761682595448,0.5522107615882216,0.013279022403258657,0.375,72,27,215.37037037037038,0.09454774661203907,"Offline window scores use future context; delay in source points, not causal latency. Missed events reported separately.",0.0028786823050841303,0.03044002090797823,circular_temporal_block,2.390000000130385,1.125,659268,,20,0.6935561751176457,1,0,0.502663726141668,1,0,0.529082260246388,1,0,0.9275965203703875,1,0,0.37008587126581066,1,0
fm_objective_rectified__psm__seed1104,fm_objective_rectified,PSM,1104,experiments/runs/fm_tsad_execution_v1/jobs/fm_objective_rectified__psm__seed1104/result.json,4cfab92efcd109f8cf1197ea3774e158f6eb180f2b10b0025489df42b49f63c2,68c55daa6fee7bef176a2fbb7a0f6b7c497425440957fb2776e7f9dc478a6181,4c21f52056b08c5319783787d056ddb4e01ccaf28d643a7138ba923c5f40ac16,1.0,5.431982192993166,strict_validation_only_no_pa_v1,0.9541484716157205,0.01792379311759157,0.035186601715044896,437.0,21.0,23944.0,0.7353761682595448,0.5522107615882216,0.035186601715044896,0.4027777777777778,72,29,125.62068965517241,0.3309171131421368,"Offline window scores use future context; delay in source points, not causal latency. Missed events reported separately.",0.005735435707914071,0.08560673760948354,circular_temporal_block,2.390000000130385,1.125,659268,,20,0.6935561751176457,1,0,0.502663726141668,1,0,0.5961525863351106,1,0,0.8695476600951595,1,0,0.4535512332790625,1,0
fm_objective_rectified__psm__seed1104,fm_objective_rectified,PSM,1104,experiments/runs/fm_tsad_execution_v1/jobs/fm_objective_rectified__psm__seed1104/result.json,4cfab92efcd109f8cf1197ea3774e158f6eb180f2b10b0025489df42b49f63c2,68c55daa6fee7bef176a2fbb7a0f6b7c497425440957fb2776e7f9dc478a6181,4c21f52056b08c5319783787d056ddb4e01ccaf28d643a7138ba923c5f40ac16,5.0,4.530740833282465,strict_validation_only_no_pa_v1,0.9622113365990203,0.05639637422583159,0.10654784967067027,1375.0,54.0,23006.0,0.7353761682595448,0.5522107615882216,0.10654784967067027,0.4444444444444444,72,32,127.4375,0.8509297195083517,"Offline window scores use future context; delay in source points, not causal latency. Missed events reported separately.",0.029680634995137033,0.18631056438884885,circular_temporal_block,2.390000000130385,1.125,659268,,20,0.6935561751176457,1,0,0.502663726141668,1,0,0.6617263922166935,1,0,0.8019578718810222,1,0,0.5632378336681539,1,0
fm_objective_rectified__psm__seed1105,fm_objective_rectified,PSM,1105,experiments/runs/fm_tsad_execution_v1/jobs/fm_objective_rectified__psm__seed1105/result.json,787d40c3bcc86d827142f8fa88c8bc6e192d757b869b79f7044013fb49e136a0,8bf1b7c29cf65b3353d971563f134e5eefb4246edb0f7ba918ff684eda8ffe89,204e0f82768981ad8178d832daa1d0794ebee84f6de9a37ea44000bc47644260,0.1,7.8650453948974715,strict_validation_only_no_pa_v1,0.9746835443037974,0.009474590869939707,0.01876675603217158,231.0,6.0,24150.0,0.7333727660375466,0.5483159539720732,0.01876675603217158,0.375,72,27,212.1851851851852,0.09454774661203907,"Offline window scores use future context; delay in source points, not causal latency. Missed events reported separately.",0.003534283400454982,0.04484375475115144,circular_temporal_block,2.515000000130385,1.172000000020489,659268,,20,0.7029855166500089,1,0,0.5017624772421925,1,0,0.5330814055311512,1,0,0.9275965203703875,1,0,0.3740111225679136,1,0
fm_objective_rectified__psm__seed1105,fm_objective_rectified,PSM,1105,experiments/runs/fm_tsad_execution_v1/jobs/fm_objective_rectified__psm__seed1105/result.json,787d40c3bcc86d827142f8fa88c8bc6e192d757b869b79f7044013fb49e136a0,8bf1b7c29cf65b3353d971563f134e5eefb4246edb0f7ba918ff684eda8ffe89,204e0f82768981ad8178d832daa1d0794ebee84f6de9a37ea44000bc47644260,1.0,5.612420196533203,strict_validation_only_no_pa_v1,0.9560975609756097,0.016078093597473444,0.03162437981525554,392.0,18.0,23989.0,0.7333727660375466,0.5483159539720732,0.03162437981525554,0.4027777777777778,72,29,125.62068965517241,0.2836432398361172,"Offline window scores use future context; delay in source points, not causal latency. Missed events reported separately.",0.004634702004116961,0.0800846335346117,circular_temporal_block,2.515000000130385,1.172000000020489,659268,,20,0.7029855166500089,1,0,0.5017624772421925,1,0,0.5907930710687458,1,0,0.8799463524739957,1,0,0.44467228702215905,1,0
fm_objective_rectified__psm__seed1105,fm_objective_rectified,PSM,1105,experiments/runs/fm_tsad_execution_v1/jobs/fm_objective_rectified__psm__seed1105/result.json,787d40c3bcc86d827142f8fa88c8bc6e192d757b869b79f7044013fb49e136a0,8bf1b7c29cf65b3353d971563f134e5eefb4246edb0f7ba918ff684eda8ffe89,204e0f82768981ad8178d832daa1d0794ebee84f6de9a37ea44000bc47644260,5.0,4.64649543762207,strict_validation_only_no_pa_v1,0.960644007155635,0.04405069521348591,0.08423859759206244,1074.0,44.0,23307.0,0.7333727660375466,0.5483159539720732,0.08423859759206244,0.4444444444444444,72,32,134.3125,0.6933501418216199,"Offline window scores use future context; delay in source points, not causal latency. Missed events reported separately.",0.030669424349364153,0.1432415371514383,circular_temporal_block,2.515000000130385,1.172000000020489,659268,,20,0.7029855166500089,1,0,0.5017624772421925,1,0,0.6532572617311488,1,0,0.8073818541273111,1,0,0.54854344565827,1,0
fm_objective_rectified__psm__seed1106,fm_objective_rectified,PSM,1106,experiments/runs/fm_tsad_execution_v1/jobs/fm_objective_rectified__psm__seed1106/result.json,604fb766eab64ce72fb5c5f36899ccbec9e56768c8eda7c2cdf144a704506c99,d20d7d44d23d2576f44e7020bb835d8156b7716fb3e62c3b849937cd89fe0fe4,d179d72be01725677e07a8aaa9e6304aeb72c97683194cb18003121cd6ef34f0,0.1,8.864742912292533,strict_validation_only_no_pa_v1,0.9644970414201184,0.006685533817316763,0.013279022403258657,163.0,6.0,24218.0,0.7386066578609277,0.5523558727574704,0.013279022403258657,0.375,72,27,240.77777777777777,0.09454774661203907,"Offline window scores use future context; delay in source points, not causal latency. Missed events reported separately.",0.003999123173063567,0.03841904268661605,circular_temporal_block,2.406999999890104,1.125,659268,,20,0.7009367825444152,1,0,0.5035732987964282,1,0,0.5316190615500241,1,0,0.9275965203703875,1,0,0.3725730479817061,1,0
fm_objective_rectified__psm__seed1106,fm_objective_rectified,PSM,1106,experiments/runs/fm_tsad_execution_v1/jobs/fm_objective_rectified__psm__seed1106/result.json,604fb766eab64ce72fb5c5f36899ccbec9e56768c8eda7c2cdf144a704506c99,d20d7d44d23d2576f44e7020bb835d8156b7716fb3e62c3b849937cd89fe0fe4,d179d72be01725677e07a8aaa9e6304aeb72c97683194cb18003121cd6ef34f0,1.0,5.566520061492921,strict_validation_only_no_pa_v1,0.9529411764705882,0.016611295681063124,0.03265339030879626,405.0,20.0,23976.0,0.7386066578609277,0.5523558727574704,0.03265339030879626,0.4027777777777778,72,29,125.6896551724138,0.3151591553734636,"Offline window scores use future context; delay in source points, not causal latency. Missed events reported separately.",0.006612740687425055,0.09693292679129668,circular_temporal_block,2.406999999890104,1.125,659268,,20,0.7009367825444152,1,0,0.5035732987964282,1,0,0.5879935435540931,1,0,0.87279247531143,1,0,0.44333115917404997,1,0
fm_objective_rectified__psm__seed1106,fm_objective_rectified,PSM,1106,experiments/runs/fm_tsad_execution_v1/jobs/fm_objective_rectified__psm__seed1106/result.json,604fb766eab64ce72fb5c5f36899ccbec9e56768c8eda7c2cdf144a704506c99,d20d7d44d23d2576f44e7020bb835d8156b7716fb3e62c3b849937cd89fe0fe4,d179d72be01725677e07a8aaa9e6304aeb72c97683194cb18003121cd6ef34f0,5.0,4.595855426788329,strict_validation_only_no_pa_v1,0.9477157360406091,0.07657602231245642,0.1417024021858753,1867.0,103.0,22514.0,0.7386066578609277,0.5523558727574704,0.1417024021858753,0.4583333333333333,72,33,133.36363636363637,1.6230696501733375,"Offline window scores use future context; delay in source points, not causal latency. Missed events reported separately.",0.06012380436565197,0.23480295788174996,circular_temporal_block,2.406999999890104,1.125,659268,,20,0.7009367825444152,1,0,0.5035732987964282,1,0,0.6699761342593356,1,0,0.8006635620731872,1,0,0.5759648982873419,1,0
fm_objective_rectified__psm__seed1107,fm_objective_rectified,PSM,1107,experiments/runs/fm_tsad_execution_v1/jobs/fm_objective_rectified__psm__seed1107/result.json,ddcb2a1f4980890f203d8d5ace674f85167b80d43a4ac5ee1c5bb04ecb8d74d2,ba355f15ff587750098c15060044f1acfea99d7be93fdb0304b6d26506c7aab6,5e424f4351048192d6b3fb6ee03f77218b432389951de6f774b30dc87641a2f4,0.1,8.369716415405582,strict_validation_only_no_pa_v1,0.9679144385026738,0.007423813625364013,0.014734614132204494,181.0,6.0,24200.0,0.7290760170449384,0.5464312547439293,0.014734614132204494,0.375,72,27,212.4814814814815,0.09454774661203907,"Offline window scores use future context; delay in source points, not causal latency. Missed events reported separately.",0.003215509671061609,0.034832069440617716,circular_temporal_block,2.4219999997876585,1.1410000000614673,659268,,20,0.691824744868036,1,0,0.49646161034778463,1,0,0.5330261717532433,1,0,0.9275965203703875,1,0,0.37395674765566944,1,0
fm_objective_rectified__psm__seed1107,fm_objective_rectified,PSM,1107,experiments/runs/fm_tsad_execution_v1/jobs/fm_objective_rectified__psm__seed1107/result.json,ddcb2a1f4980890f203d8d5ace674f85167b80d43a4ac5ee1c5bb04ecb8d74d2,ba355f15ff587750098c15060044f1acfea99d7be93fdb0304b6d26506c7aab6,5e424f4351048192d6b3fb6ee03f77218b432389951de6f774b30dc87641a2f4,1.0,5.316608562469485,strict_validation_only_no_pa_v1,0.9545454545454546,0.01808785529715762,0.03550295857988166,441.0,21.0,23940.0,0.7290760170449384,0.5464312547439293,0.03550295857988166,0.4166666666666667,72,30,121.93333333333334,0.3309171131421368,"Offline window scores use future context; delay in source points, not causal latency. Missed events reported separately.",0.007278560121691722,0.08494656670610737,circular_temporal_block,2.4219999997876585,1.1410000000614673,659268,,20,0.691824744868036,1,0,0.49646161034778463,1,0,0.6218275502079781,1,0,0.8782696795583328,1,0,0.4812960250999313,1,0
fm_objective_rectified__psm__seed1107,fm_objective_rectified,PSM,1107,experiments/runs/fm_tsad_execution_v1/jobs/fm_objective_rectified__psm__seed1107/result.json,ddcb2a1f4980890f203d8d5ace674f85167b80d43a4ac5ee1c5bb04ecb8d74d2,ba355f15ff587750098c15060044f1acfea99d7be93fdb0304b6d26506c7aab6,5e424f4351048192d6b3fb6ee03f77218b432389951de6f774b30dc87641a2f4,5.0,4.487443923950194,strict_validation_only_no_pa_v1,0.9613022113022113,0.06418932775521922,0.12034295820677458,1565.0,63.0,22816.0,0.7290760170449384,0.5464312547439293,0.12034295820677458,0.4444444444444444,72,32,113.53125,0.9927513394264104,"Offline window scores use future context; delay in source points, not causal latency. Missed events reported separately.",0.04756730613748869,0.19776813693728496,circular_temporal_block,2.4219999997876585,1.1410000000614673,659268,,20,0.691824744868036,1,0,0.49646161034778463,1,0,0.6610701715454638,1,0,0.8131725260066948,1,0,0.5569026109979313,1,0
fm_objective_target__psm__seed1103,fm_objective_target,PSM,1103,experiments/runs/fm_tsad_execution_v1/jobs/fm_objective_target__psm__seed1103/result.json,fcb3563cb58892617d9f677d0a9ce4f3465c3a0d74813137f00d5dd7520b90fd,5b9691f406f087494a434a05cb3666343d2373e47194cc74762ebf0130b13881,d6817b043687c2a29e0f1a07bcb4e96670560887d34af768b940e60f6dea0304,0.1,8.681717018127562,strict_validation_only_no_pa_v1,0.9737991266375546,0.009146466510807597,0.0181227143437627,223.0,6.0,24158.0,0.7358338787314984,0.5506233586121709,0.0181227143437627,0.375,72,27,215.96296296296296,0.09454774661203907,"Offline window scores use future context; delay in source points, not causal latency. Missed events reported separately.",0.0033567180465734854,0.055162839494026755,circular_temporal_block,2.4840000001713634,1.1410000000614673,659268,,20,0.7019610597525118,1,0,0.5023286531586983,1,0,0.5325173552066466,1,0,0.9275965203703875,1,0,0.3734560566349668,1,0
fm_objective_target__psm__seed1103,fm_objective_target,PSM,1103,experiments/runs/fm_tsad_execution_v1/jobs/fm_objective_target__psm__seed1103/result.json,fcb3563cb58892617d9f677d0a9ce4f3465c3a0d74813137f00d5dd7520b90fd,5b9691f406f087494a434a05cb3666343d2373e47194cc74762ebf0130b13881,d6817b043687c2a29e0f1a07bcb4e96670560887d34af768b940e60f6dea0304,1.0,7.545955753326418,strict_validation_only_no_pa_v1,0.9764705882352941,0.013617160903982609,0.026859754864285424,332.0,8.0,24049.0,0.7358338787314984,0.5506233586121709,0.026859754864285424,0.375,72,27,212.1851851851852,0.12606366214938544,"Offline window scores use future context; delay in source points, not causal latency. Missed events reported separately.",0.0036019194632872864,0.08340154349859683,circular_temporal_block,2.4840000001713634,1.1410000000614673,659268,,20,0.7019610597525118,1,0,0.5023286531586983,1,0,0.5457908374049787,1,0,0.9241543548405292,1,0,0.38724610998117615,1,0
fm_objective_target__psm__seed1103,fm_objective_target,PSM,1103,experiments/runs/fm_tsad_execution_v1/jobs/fm_objective_target__psm__seed1103/result.json,fcb3563cb58892617d9f677d0a9ce4f3465c3a0d74813137f00d5dd7520b90fd,5b9691f406f087494a434a05cb3666343d2373e47194cc74762ebf0130b13881,d6817b043687c2a29e0f1a07bcb4e96670560887d34af768b940e60f6dea0304,5.0,5.991971397399903,strict_validation_only_no_pa_v1,0.9604938271604938,0.0159550469627989,0.03138868716210764,389.0,16.0,23992.0,0.7358338787314984,0.5506233586121709,0.03138868716210764,0.4027777777777778,72,29,125.6896551724138,0.2521273242987709,"Offline window scores use future context; delay in source points, not causal latency. Missed events reported separately.",0.004318200996948938,0.09665699005211519,circular_temporal_block,2.4840000001713634,1.1410000000614673,659268,,20,0.7019610597525118,1,0,0.5023286531586983,1,0,0.5797580309808942,1,0,0.899710660338431,1,0,0.4276708869546731,1,0
fm_objective_target__psm__seed1104,fm_objective_target,PSM,1104,experiments/runs/fm_tsad_execution_v1/jobs/fm_objective_target__psm__seed1104/result.json,615e81d16019e8a92599a605d40c1fcb0f140c1750157d72da7f82f252b72cb4,3971d28f393edda191ffb442b7f26c560a7efadfcc858483b728d3f7926bb31e,297940ccd49e61452530eaa4dfd516b6289677c819d6d0b08b0b1e15bcc34799,0.1,8.495909240722971,strict_validation_only_no_pa_v1,0.9636363636363636,0.006521471637750707,0.01295526766071865,159.0,6.0,24222.0,0.7367114465802647,0.5544879612984213,0.01295526766071865,0.375,72,27,212.4814814814815,0.09454774661203907,"Offline window scores use future context; delay in source points, not causal latency. Missed events reported separately.",0.003019247727565249,0.030170546899901007,circular_temporal_block,2.452999999979511,1.172000000020489,659268,,20,0.7044035350492763,1,0,0.5050870609852799,1,0,0.5330238070234404,1,0,0.9275965203703875,1,0,0.37395441979799104,1,0
fm_objective_target__psm__seed1104,fm_objective_target,PSM,1104,experiments/runs/fm_tsad_execution_v1/jobs/fm_objective_target__psm__seed1104/result.json,615e81d16019e8a92599a605d40c1fcb0f140c1750157d72da7f82f252b72cb4,3971d28f393edda191ffb442b7f26c560a7efadfcc858483b728d3f7926bb31e,297940ccd49e61452530eaa4dfd516b6289677c819d6d0b08b0b1e15bcc34799,1.0,5.577635059356692,strict_validation_only_no_pa_v1,0.9600760456273765,0.02071285017021451,0.040550849158871,505.0,21.0,23876.0,0.7367114465802647,0.5544879612984213,0.040550849158871,0.4027777777777778,72,29,163.89655172413794,0.3309171131421368,"Offline window scores use future context; delay in source points, not causal latency. Missed events reported separately.",0.006521942528992233,0.08865673332181848,circular_temporal_block,2.452999999979511,1.172000000020489,659268,,20,0.7044035350492763,1,0,0.5050870609852799,1,0,0.5872115155111998,1,0,0.8413141778486007,1,0,0.45099669392671543,1,0
fm_objective_target__psm__seed1104,fm_objective_target,PSM,1104,experiments/runs/fm_tsad_execution_v1/jobs/fm_objective_target__psm__seed1104/result.json,615e81d16019e8a92599a605d40c1fcb0f140c1750157d72da7f82f252b72cb4,3971d28f393edda191ffb442b7f26c560a7efadfcc858483b728d3f7926bb31e,297940ccd49e61452530eaa4dfd516b6289677c819d6d0b08b0b1e15bcc34799,5.0,4.574053001403807,strict_validation_only_no_pa_v1,0.9697199091597275,0.10508182601205857,0.1896162528216704,2562.0,80.0,21819.0,0.7367114465802647,0.5544879612984213,0.1896162528216704,0.4583333333333333,72,33,149.66666666666666,1.2606366214938545,"Offline window scores use future context; delay in source points, not causal latency. Missed events reported separately.",0.058510098923202344,0.3058877614482782,circular_temporal_block,2.452999999979511,1.172000000020489,659268,,20,0.7044035350492763,1,0,0.5050870609852799,1,0,0.6636152849790784,1,0,0.8051580657755286,1,0,0.5643970861625361,1,0
fm_objective_target__psm__seed1105,fm_objective_target,PSM,1105,experiments/runs/fm_tsad_execution_v1/jobs/fm_objective_target__psm__seed1105/result.json,ef644fc01bb0efdeba243065f24ad908ac3a46800909e8660a5ed32b63735cee,436a721c3d7fb5d06be586151ddad5c894e2803221e07e0d8d8b5ad3467cdd66,351723c872c4587fcbbe5661da3b7d7c31ed9c78b04a2d49459eb352cdd8a571,0.1,8.399158828735393,strict_validation_only_no_pa_v1,0.9698492462311558,0.00791600016406218,0.015703824247355575,193.0,6.0,24188.0,0.7396639275702446,0.551627558815575,0.015703824247355575,0.375,72,27,215.37037037037038,0.09454774661203907,"Offline window scores use future context; delay in source points, not causal latency. Missed events reported separately.",0.00353281588124541,0.03823541029167988,circular_temporal_block,2.5159999998286366,1.172000000020489,659268,,20,0.710511946614472,1,0,0.504984557846805,1,0,0.5329608884788174,1,0,0.9275965203703875,1,0,0.3738924853708422,1,0
fm_objective_target__psm__seed1105,fm_objective_target,PSM,1105,experiments/runs/fm_tsad_execution_v1/jobs/fm_objective_target__psm__seed1105/result.json,ef644fc01bb0efdeba243065f24ad908ac3a46800909e8660a5ed32b63735cee,436a721c3d7fb5d06be586151ddad5c894e2803221e07e0d8d8b5ad3467cdd66,351723c872c4587fcbbe5661da3b7d7c31ed9c78b04a2d49459eb352cdd8a571,1.0,5.937612762451172,strict_validation_only_no_pa_v1,0.9608355091383812,0.01509372052007711,0.029720562106283314,368.0,15.0,24013.0,0.7396639275702446,0.551627558815575,0.029720562106283314,0.4027777777777778,72,29,125.6896551724138,0.2363693665300977,"Offline window scores use future context; delay in source points, not causal latency. Missed events reported separately.",0.004228407482148743,0.07496404731740149,circular_temporal_block,2.5159999998286366,1.172000000020489,659268,,20,0.710511946614472,1,0,0.504984557846805,1,0,0.5798025426430347,1,0,0.8997887273980352,1,0,0.42770169052424933,1,0
fm_objective_target__psm__seed1105,fm_objective_target,PSM,1105,experiments/runs/fm_tsad_execution_v1/jobs/fm_objective_target__psm__seed1105/result.json,ef644fc01bb0efdeba243065f24ad908ac3a46800909e8660a5ed32b63735cee,436a721c3d7fb5d06be586151ddad5c894e2803221e07e0d8d8b5ad3467cdd66,351723c872c4587fcbbe5661da3b7d7c31ed9c78b04a2d49459eb352cdd8a571,5.0,4.9184948921203615,strict_validation_only_no_pa_v1,0.9539375928677564,0.026331979820351913,0.051249301508741116,642.0,31.0,23739.0,0.7396639275702446,0.551627558815575,0.051249301508741116,0.4166666666666667,72,30,120.33333333333333,0.4884966908288686,"Offline window scores use future context; delay in source points, not causal latency. Missed events reported separately.",0.01605694687635198,0.0981617610357028,circular_temporal_block,2.5159999998286366,1.172000000020489,659268,,20,0.710511946614472,1,0,0.504984557846805,1,0,0.6320882223470323,1,0,0.7981490310907312,1,0,0.5232269796342021,1,0
fm_objective_target__psm__seed1106,fm_objective_target,PSM,1106,experiments/runs/fm_tsad_execution_v1/jobs/fm_objective_target__psm__seed1106/result.json,4917e0425a5aacfb55881372b2d6a97798416f4c1b1eeaefb9ce23c95f5d6b39,bb4f0226321fb6cdc9162b68418b5e16799ca768083cc1bc87b1337704586208,3bb08dd1db6474a63f08e089a741846a9664e0919bfbb4bdaac23db65d5c6f01,0.1,8.957213760376602,strict_validation_only_no_pa_v1,0.9720670391061452,0.007136704811123416,0.014169381107491856,174.0,5.0,24207.0,0.7343430292762961,0.5483019126844896,0.014169381107491856,0.375,72,27,215.4814814814815,0.0787897888433659,"Offline window scores use future context; delay in source points, not causal latency. Missed events reported separately.",0.00441695374641467,0.039637086475444935,circular_temporal_block,3.1560000001918525,1.406999999890104,659268,,20,0.7008636691683816,1,0,0.501028562755719,1,0,0.5358683909213608,1,0,0.9562065306468392,1,0,0.3722369974580107,1,0
fm_objective_target__psm__seed1106,fm_objective_target,PSM,1106,experiments/runs/fm_tsad_execution_v1/jobs/fm_objective_target__psm__seed1106/result.json,4917e0425a5aacfb55881372b2d6a97798416f4c1b1eeaefb9ce23c95f5d6b39,bb4f0226321fb6cdc9162b68418b5e16799ca768083cc1bc87b1337704586208,3bb08dd1db6474a63f08e089a741846a9664e0919bfbb4bdaac23db65d5c6f01,1.0,5.4827608680725115,strict_validation_only_no_pa_v1,0.9592326139088729,0.016406217956605552,0.03226066618275667,400.0,17.0,23981.0,0.7343430292762961,0.5483019126844896,0.03226066618275667,0.4027777777777778,72,29,125.6896551724138,0.26788528206744405,"Offline window scores use future context; delay in source points, not causal latency. Missed events reported separately.",0.006211554427540539,0.09609682068311988,circular_temporal_block,3.1560000001918525,1.406999999890104,659268,,20,0.7008636691683816,1,0,0.501028562755719,1,0,0.5866052173567042,1,0,0.8896117583169,1,0,0.43756740875675343,1,0
fm_objective_target__psm__seed1106,fm_objective_target,PSM,1106,experiments/runs/fm_tsad_execution_v1/jobs/fm_objective_target__psm__seed1106/result.json,4917e0425a5aacfb55881372b2d6a97798416f4c1b1eeaefb9ce23c95f5d6b39,bb4f0226321fb6cdc9162b68418b5e16799ca768083cc1bc87b1337704586208,3bb08dd1db6474a63f08e089a741846a9664e0919bfbb4bdaac23db65d5c6f01,5.0,4.520740318298339,strict_validation_only_no_pa_v1,0.9548611111111112,0.05639637422583159,0.10650245923860424,1375.0,65.0,23006.0,0.7343430292762961,0.5483019126844896,0.10650245923860424,0.4583333333333333,72,33,147.93939393939394,1.0242672549637566,"Offline window scores use future context; delay in source points, not causal latency. Missed events reported separately.",0.037298435149907036,0.18206291708672212,circular_temporal_block,3.1560000001918525,1.406999999890104,659268,,20,0.7008636691683816,1,0,0.501028562755719,1,0,0.6728687182584665,1,0,0.8060150285617786,1,0,0.5774751118064625,1,0
fm_objective_target__psm__seed1107,fm_objective_target,PSM,1107,experiments/runs/fm_tsad_execution_v1/jobs/fm_objective_target__psm__seed1107/result.json,96319cfb664881bda3ea162d037e4700dd0ae420baf630fee82e98b84cdfbf41,df550adc83bd60b931b0a7f8693348625036e1c0560ce4a4807104437cd187ce,d437e6f089b8c6a619c8197775fbfd2e24c61d4d13ca941f5ac808fc8299ea52,0.1,8.737850875854688,strict_validation_only_no_pa_v1,0.9622641509433962,0.006275378368401624,0.012469437652811737,153.0,6.0,24228.0,0.7297558665058671,0.5478063347087441,0.012469437652811737,0.375,72,27,215.7037037037037,0.09454774661203907,"Offline window scores use future context; delay in source points, not causal latency. Missed events reported separately.",0.0031142648380191288,0.028675420724633367,circular_temporal_block,2.593000000109896,1.156999999890104,659268,,20,0.6901277363736739,1,0,0.49801766180793855,1,0,0.5327515593663295,1,0,0.9275965203703875,1,0,0.373686472823352,1,0
fm_objective_target__psm__seed1107,fm_objective_target,PSM,1107,experiments/runs/fm_tsad_execution_v1/jobs/fm_objective_target__psm__seed1107/result.json,96319cfb664881bda3ea162d037e4700dd0ae420baf630fee82e98b84cdfbf41,df550adc83bd60b931b0a7f8693348625036e1c0560ce4a4807104437cd187ce,d437e6f089b8c6a619c8197775fbfd2e24c61d4d13ca941f5ac808fc8299ea52,1.0,5.400176563262941,strict_validation_only_no_pa_v1,0.9572072072072072,0.0174316065788934,0.03423967774420946,425.0,19.0,23956.0,0.7297558665058671,0.5478063347087441,0.03423967774420946,0.4166666666666667,72,30,121.93333333333334,0.2994011976047904,"Offline window scores use future context; delay in source points, not causal latency. Missed events reported separately.",0.006614015661090029,0.08185188587361047,circular_temporal_block,2.593000000109896,1.156999999890104,659268,,20,0.6901277363736739,1,0,0.49801766180793855,1,0,0.6069591198155061,1,0,0.8871028971660458,1,0,0.46128655185304446,1,0
fm_objective_target__psm__seed1107,fm_objective_target,PSM,1107,experiments/runs/fm_tsad_execution_v1/jobs/fm_objective_target__psm__seed1107/result.json,96319cfb664881bda3ea162d037e4700dd0ae420baf630fee82e98b84cdfbf41,df550adc83bd60b931b0a7f8693348625036e1c0560ce4a4807104437cd187ce,d437e6f089b8c6a619c8197775fbfd2e24c61d4d13ca941f5ac808fc8299ea52,5.0,4.451702117919921,strict_validation_only_no_pa_v1,0.9500257599175682,0.0756326647799516,0.1401109338196186,1844.0,97.0,22537.0,0.7297558665058671,0.5478063347087441,0.1401109338196186,0.4444444444444444,72,32,138.78125,1.5285219035612985,"Offline window scores use future context; delay in source points, not causal latency. Missed events reported separately.",0.055108074115846,0.22596003035549148,circular_temporal_block,2.593000000109896,1.156999999890104,659268,,20,0.6901277363736739,1,0,0.49801766180793855,1,0,0.6682598530577778,1,0,0.7927479523219569,1,0,0.5775630266761012,1,0
fm_objective_vp__psm__seed1103,fm_objective_vp,PSM,1103,experiments/runs/fm_tsad_execution_v1/jobs/fm_objective_vp__psm__seed1103/result.json,6c6f5bf5d4972a6188919dbddb6cb40a180904c100c0936260e76a07ebb9f57d,0d99864e6185c5007a483307cbef7ee1b0e1fdb98d3c225e0ccad30d6d46c588,aab3a37c546da29d7f0a3ec8035ae6f53e751261f1a1b69e272466e26d65dc33,0.1,17.00310005187996,strict_validation_only_no_pa_v1,1.0,0.008941388786350027,0.017724297735680312,218.0,0.0,24163.0,0.7156720590926842,0.5511009360769015,0.017724297735680312,0.3333333333333333,72,24,231.41666666666666,0.0,"Offline window scores use future context; delay in source points, not causal latency. Missed events reported separately.",0.002439195048392575,0.055547138975198786,circular_temporal_block,2.952999999979511,1.2340000001713634,659268,,20,0.6724451387521441,1,0,0.49289717507642355,1,0,0.48206765002693985,1,0,1.0,1,0,0.317581774995108,1,0
fm_objective_vp__psm__seed1103,fm_objective_vp,PSM,1103,experiments/runs/fm_tsad_execution_v1/jobs/fm_objective_vp__psm__seed1103/result.json,6c6f5bf5d4972a6188919dbddb6cb40a180904c100c0936260e76a07ebb9f57d,0d99864e6185c5007a483307cbef7ee1b0e1fdb98d3c225e0ccad30d6d46c588,aab3a37c546da29d7f0a3ec8035ae6f53e751261f1a1b69e272466e26d65dc33,1.0,14.626094207763694,strict_validation_only_no_pa_v1,1.0,0.014929658340511054,0.02942008486562942,364.0,0.0,24017.0,0.7156720590926842,0.5511009360769015,0.02942008486562942,0.3611111111111111,72,26,223.1153846153846,0.0,"Offline window scores use future context; delay in source points, not causal latency. Missed events reported separately.",0.002639658471790913,0.09299114311623588,circular_temporal_block,2.952999999979511,1.2340000001713634,659268,,20,0.6724451387521441,1,0,0.49289717507642355,1,0,0.5106026173365402,1,0,1.0,1,0,0.34282497289168035,1,0
fm_objective_vp__psm__seed1103,fm_objective_vp,PSM,1103,experiments/runs/fm_tsad_execution_v1/jobs/fm_objective_vp__psm__seed1103/result.json,6c6f5bf5d4972a6188919dbddb6cb40a180904c100c0936260e76a07ebb9f57d,0d99864e6185c5007a483307cbef7ee1b0e1fdb98d3c225e0ccad30d6d46c588,aab3a37c546da29d7f0a3ec8035ae6f53e751261f1a1b69e272466e26d65dc33,5.0,11.841379165649398,strict_validation_only_no_pa_v1,0.9893899204244032,0.015298798244534678,0.030131674610226995,373.0,4.0,24008.0,0.7156720590926842,0.5511009360769015,0.030131674610226995,0.375,72,27,240.4814814814815,0.06303183107469272,"Offline window scores use future context; delay in source points, not causal latency. Missed events reported separately.",0.0029164029300985865,0.09509708169870297,circular_temporal_block,2.952999999979511,1.2340000001713634,659268,,20,0.6724451387521441,1,0,0.49289717507642355,1,0,0.5352759379480307,1,0,0.9568852670167801,1,0,0.3715630516547046,1,0
fm_objective_vp__psm__seed1104,fm_objective_vp,PSM,1104,experiments/runs/fm_tsad_execution_v1/jobs/fm_objective_vp__psm__seed1104/result.json,e9665ca720742e5508de63c1ca7671f30a54c66423b0bd4130546f9a0049788a,fd54e9d36f4f81104763d0ee99ee768f0ba1abaca96163e4a096545fbf7d0a4d,42431d8aa567d823318c67ac172972ca649dd6c3382c31887364bd9384028ac7,0.1,14.503764694214238,strict_validation_only_no_pa_v1,0.9946808510638298,0.015339813789426192,0.030213676939855393,374.0,2.0,24007.0,0.7152075098958566,0.5561173720877703,0.030213676939855393,0.3611111111111111,72,26,223.07692307692307,0.03151591553734636,"Offline window scores use future context; delay in source points, not causal latency. Missed events reported separately.",0.002456955808431971,0.0820940246597401,circular_temporal_block,2.9689999998081475,1.2810000001918525,659268,,20,0.6719438668598838,1,0,0.49730472879181975,1,0,0.5117661789647617,1,0,0.9687928930854807,1,0,0.3477266230572128,1,0
fm_objective_vp__psm__seed1104,fm_objective_vp,PSM,1104,experiments/runs/fm_tsad_execution_v1/jobs/fm_objective_vp__psm__seed1104/result.json,e9665ca720742e5508de63c1ca7671f30a54c66423b0bd4130546f9a0049788a,fd54e9d36f4f81104763d0ee99ee768f0ba1abaca96163e4a096545fbf7d0a4d,42431d8aa567d823318c67ac172972ca649dd6c3382c31887364bd9384028ac7,1.0,12.156142578125001,strict_validation_only_no_pa_v1,0.9896373056994818,0.015667938148558304,0.03084749868777002,382.0,4.0,23999.0,0.7152075098958566,0.5561173720877703,0.03084749868777002,0.375,72,27,215.40740740740742,0.06303183107469272,"Offline window scores use future context; delay in source points, not causal latency. Missed events reported separately.",0.0026677993069349226,0.08263497202442682,circular_temporal_block,2.9689999998081475,1.2810000001918525,659268,,20,0.6719438668598838,1,0,0.49730472879181975,1,0,0.532528252214339,1,0,0.9568852670167801,1,0,0.3689203882051374,1,0
fm_objective_vp__psm__seed1104,fm_objective_vp,PSM,1104,experiments/runs/fm_tsad_execution_v1/jobs/fm_objective_vp__psm__seed1104/result.json,e9665ca720742e5508de63c1ca7671f30a54c66423b0bd4130546f9a0049788a,fd54e9d36f4f81104763d0ee99ee768f0ba1abaca96163e4a096545fbf7d0a4d,42431d8aa567d823318c67ac172972ca649dd6c3382c31887364bd9384028ac7,5.0,9.845154190063477,strict_validation_only_no_pa_v1,0.9733656174334141,0.01648824904638858,0.032427200129063485,402.0,11.0,23979.0,0.7152075098958566,0.5561173720877703,0.032427200129063485,0.3888888888888889,72,28,204.53571428571428,0.17333753545540498,"Offline window scores use future context; delay in source points, not causal latency. Missed events reported separately.",0.0032299478824296657,0.08519156546593774,circular_temporal_block,2.9689999998081475,1.2810000001918525,659268,,20,0.6719438668598838,1,0,0.49730472879181975,1,0,0.5474926942122732,1,0,0.929340554210788,1,0,0.38805038112880347,1,0
fm_objective_vp__psm__seed1105,fm_objective_vp,PSM,1105,experiments/runs/fm_tsad_execution_v1/jobs/fm_objective_vp__psm__seed1105/result.json,de48b9cafa2094a005d44e7ffde3aeff29de1620ef96b353c650781350c4f15e,2585dc94b41c0ba80333bf7fa8873d5d3ac25c244ceabd2ea3f80881a8040252,33e1b8d5c4533c6472da2eb794ab01f31b95722ff0413f1640be585cb5a69f86,0.1,14.652137153626468,strict_validation_only_no_pa_v1,0.997275204359673,0.015011689430294082,0.02957814772910942,366.0,1.0,24015.0,0.7105441096590988,0.5506096891014894,0.02957814772910942,0.3611111111111111,72,26,223.1153846153846,0.01575795776867318,"Offline window scores use future context; delay in source points, not causal latency. Missed events reported separately.",0.002933823210425977,0.07893213355699374,circular_temporal_block,2.780999999959022,1.2339999999385327,659268,,20,0.6725114850102968,1,0,0.49174728393420364,1,0,0.512716161110652,1,0,0.975924016144023,1,0,0.34769017705353517,1,0
fm_objective_vp__psm__seed1105,fm_objective_vp,PSM,1105,experiments/runs/fm_tsad_execution_v1/jobs/fm_objective_vp__psm__seed1105/result.json,de48b9cafa2094a005d44e7ffde3aeff29de1620ef96b353c650781350c4f15e,2585dc94b41c0ba80333bf7fa8873d5d3ac25c244ceabd2ea3f80881a8040252,33e1b8d5c4533c6472da2eb794ab01f31b95722ff0413f1640be585cb5a69f86,1.0,12.794478836059573,strict_validation_only_no_pa_v1,0.9893617021276596,0.015257782699643166,0.030052106474936387,372.0,4.0,24009.0,0.7105441096590988,0.5506096891014894,0.030052106474936387,0.3611111111111111,72,26,223.07692307692307,0.06303183107469272,"Offline window scores use future context; delay in source points, not causal latency. Missed events reported separately.",0.0029948574907189334,0.07920729332761892,circular_temporal_block,2.780999999959022,1.2339999999385327,659268,,20,0.6725114850102968,1,0,0.49174728393420364,1,0,0.5238022275007,1,0,0.9553454551245223,1,0,0.36081632480787657,1,0
fm_objective_vp__psm__seed1105,fm_objective_vp,PSM,1105,experiments/runs/fm_tsad_execution_v1/jobs/fm_objective_vp__psm__seed1105/result.json,de48b9cafa2094a005d44e7ffde3aeff29de1620ef96b353c650781350c4f15e,2585dc94b41c0ba80333bf7fa8873d5d3ac25c244ceabd2ea3f80881a8040252,33e1b8d5c4533c6472da2eb794ab01f31b95722ff0413f1640be585cb5a69f86,5.0,10.38229064941406,strict_validation_only_no_pa_v1,0.9844961240310077,0.015626922603666788,0.03076550387596899,381.0,6.0,24000.0,0.7105441096590988,0.5506096891014894,0.03076550387596899,0.375,72,27,212.11111111111111,0.09454774661203907,"Offline window scores use future context; delay in source points, not causal latency. Missed events reported separately.",0.003534283400454982,0.08030543754492006,circular_temporal_block,2.780999999959022,1.2339999999385327,659268,,20,0.6725114850102968,1,0,0.49174728393420364,1,0,0.5332206333342705,1,0,0.9275965203703875,1,0,0.37414820558994505,1,0
fm_objective_vp__psm__seed1106,fm_objective_vp,PSM,1106,experiments/runs/fm_tsad_execution_v1/jobs/fm_objective_vp__psm__seed1106/result.json,59498ad46a3cf8cc173a3c5b85c34bda45db1d6c8c13441bd37d9249a945674b,f714f631d60b0626522260ad58df309e32a944b2b1e86ecae7d5b6caefce668e,5c35b698e3ad7cb7266489ba92f181a853abbaf6ac87bd74c3c8453166a5db1b,0.1,14.930505050659704,strict_validation_only_no_pa_v1,0.9971264367816092,0.014232394077355317,0.028064216102551658,347.0,1.0,24034.0,0.7121115333139876,0.5483997107546805,0.028064216102551658,0.3611111111111111,72,26,223.1153846153846,0.01575795776867318,"Offline window scores use future context; delay in source points, not causal latency. Missed events reported separately.",0.004248178321060836,0.08769456321219206,circular_temporal_block,2.672000000020489,1.1560000001918525,659268,,20,0.6721868622691128,1,0,0.4895594291757083,1,0,0.5127153484483378,1,0,0.975924016144023,1,0,0.3476894296232353,1,0
fm_objective_vp__psm__seed1106,fm_objective_vp,PSM,1106,experiments/runs/fm_tsad_execution_v1/jobs/fm_objective_vp__psm__seed1106/result.json,59498ad46a3cf8cc173a3c5b85c34bda45db1d6c8c13441bd37d9249a945674b,f714f631d60b0626522260ad58df309e32a944b2b1e86ecae7d5b6caefce668e,5c35b698e3ad7cb7266489ba92f181a853abbaf6ac87bd74c3c8453166a5db1b,1.0,12.444898681640627,strict_validation_only_no_pa_v1,0.9893617021276596,0.015257782699643166,0.030052106474936387,372.0,4.0,24009.0,0.7121115333139876,0.5483997107546805,0.030052106474936387,0.3611111111111111,72,26,223.07692307692307,0.06303183107469272,"Offline window scores use future context; delay in source points, not causal latency. Missed events reported separately.",0.004332163527409336,0.09352574113850463,circular_temporal_block,2.672000000020489,1.1560000001918525,659268,,20,0.6721868622691128,1,0,0.4895594291757083,1,0,0.5240783209871399,1,0,0.9553454551245223,1,0,0.36107839057689856,1,0
fm_objective_vp__psm__seed1106,fm_objective_vp,PSM,1106,experiments/runs/fm_tsad_execution_v1/jobs/fm_objective_vp__psm__seed1106/result.json,59498ad46a3cf8cc173a3c5b85c34bda45db1d6c8c13441bd37d9249a945674b,f714f631d60b0626522260ad58df309e32a944b2b1e86ecae7d5b6caefce668e,5c35b698e3ad7cb7266489ba92f181a853abbaf6ac87bd74c3c8453166a5db1b,5.0,10.00939788818359,strict_validation_only_no_pa_v1,0.9794344473007712,0.015626922603666788,0.030763019781994343,381.0,8.0,24000.0,0.7121115333139876,0.5483997107546805,0.030763019781994343,0.375,72,27,212.11111111111111,0.12606366214938544,"Offline window scores use future context; delay in source points, not causal latency. Missed events reported separately.",0.0051257238606049246,0.09463100556814145,circular_temporal_block,2.672000000020489,1.1560000001918525,659268,,20,0.6721868622691128,1,0,0.4895594291757083,1,0,0.5331554990353834,1,0,0.9272083546322579,1,0,0.3741472384086785,1,0
fm_objective_vp__psm__seed1107,fm_objective_vp,PSM,1107,experiments/runs/fm_tsad_execution_v1/jobs/fm_objective_vp__psm__seed1107/result.json,157f5b69dd57f884d96f16d712cd6b7f3b801ad9884e0b948e8ba51772390ca4,aed34af34535a92164042b1f530cb3636db9df371a4502b067ca2642b261629e,b9d76d70db246aa3473465905d585d9e2f843bdca1635c031a5fd58e0a874838,0.1,14.830607734680537,strict_validation_only_no_pa_v1,1.0,0.01415036298757229,0.027905848095122542,345.0,0.0,24036.0,0.7092875477697633,0.5487825919161091,0.027905848095122542,0.3611111111111111,72,26,223.15384615384616,0.0,"Offline window scores use future context; delay in source points, not causal latency. Missed events reported separately.",0.0029214591851556716,0.0739241440844985,circular_temporal_block,2.6560000001918525,1.2809999999590218,659268,,20,0.6666417891977207,1,0,0.4887778516859633,1,0,0.5105463987548674,1,0,1.0,1,0,0.3427742887244477,1,0
fm_objective_vp__psm__seed1107,fm_objective_vp,PSM,1107,experiments/runs/fm_tsad_execution_v1/jobs/fm_objective_vp__psm__seed1107/result.json,157f5b69dd57f884d96f16d712cd6b7f3b801ad9884e0b948e8ba51772390ca4,aed34af34535a92164042b1f530cb3636db9df371a4502b067ca2642b261629e,b9d76d70db246aa3473465905d585d9e2f843bdca1635c031a5fd58e0a874838,1.0,12.646071701049806,strict_validation_only_no_pa_v1,0.9891891891891892,0.015011689430294082,0.029574562643933575,366.0,4.0,24015.0,0.7092875477697633,0.5487825919161091,0.029574562643933575,0.3611111111111111,72,26,223.07692307692307,0.06303183107469272,"Offline window scores use future context; delay in source points, not causal latency. Missed events reported separately.",0.0030440149355028664,0.07705243779141219,circular_temporal_block,2.6560000001918525,1.2809999999590218,659268,,20,0.6666417891977207,1,0,0.4887778516859633,1,0,0.5237902533765765,1,0,0.9553454551245223,1,0,0.36080496142403107,1,0
fm_objective_vp__psm__seed1107,fm_objective_vp,PSM,1107,experiments/runs/fm_tsad_execution_v1/jobs/fm_objective_vp__psm__seed1107/result.json,157f5b69dd57f884d96f16d712cd6b7f3b801ad9884e0b948e8ba51772390ca4,aed34af34535a92164042b1f530cb3636db9df371a4502b067ca2642b261629e,b9d76d70db246aa3473465905d585d9e2f843bdca1635c031a5fd58e0a874838,5.0,10.10436935424804,strict_validation_only_no_pa_v1,0.9819587628865979,0.015626922603666788,0.030764261778836444,381.0,7.0,24000.0,0.7092875477697633,0.5487825919161091,0.030764261778836444,0.375,72,27,212.11111111111111,0.11030570438071226,"Offline window scores use future context; delay in source points, not causal latency. Missed events reported separately.",0.003998378902702859,0.07888422728616344,circular_temporal_block,2.6560000001918525,1.2809999999590218,659268,,20,0.6666417891977207,1,0,0.4887778516859633,1,0,0.5325157461579954,1,0,0.9233514486857998,1,0,0.37414700425956715,1,0
fm_objective_independent__smap__seed1103,fm_objective_independent,SMAP,1103,experiments/runs/fm_tsad_execution_v1/jobs/fm_objective_independent__smap__seed1103/result.json,9fd17fd31198306b6966b63aa809cc37ab4ba8404cf3b72aafb655d0cd908363,d7b2dc753a98cd94030620e606e4d6c888da739a0f68eaa004d972506e169346,16d83bd3475c1bc7093133ffa5abf562633a5ca45559ba4628eede6021627aa6,0.1,183.04623106384452,strict_validation_only_no_pa_v1,0.1636357657272518,0.09705670093038678,0.12184431548274934,4976.0,25433.0,46293.0,0.5333990033702016,0.14611332630518137,0.04454743666447943,0.25,64,16,245.0,71.26265442389973,"Offline window scores use future context; delay in source points, not causal latency. Missed events reported separately.",0.004797993399238361,0.2717420191731549,entity_cluster,2.577999999979511,3.3600000001024455,659268,,20,0.6891635226907354,51,0,0.2930264542419891,51,0,0.6538798149844598,26,25,0.597090054804161,26,25,0.3910040689254068,51,0
fm_objective_independent__smap__seed1103,fm_objective_independent,SMAP,1103,experiments/runs/fm_tsad_execution_v1/jobs/fm_objective_independent__smap__seed1103/result.json,9fd17fd31198306b6966b63aa809cc37ab4ba8404cf3b72aafb655d0cd908363,d7b2dc753a98cd94030620e606e4d6c888da739a0f68eaa004d972506e169346,16d83bd3475c1bc7093133ffa5abf562633a5ca45559ba4628eede6021627aa6,1.0,6.111540117263779,strict_validation_only_no_pa_v1,0.2732419855222337,0.20614796465700522,0.23499983323883536,10569.0,28111.0,40700.0,0.5333990033702016,0.14611332630518137,0.11634261406145718,0.625,64,40,60.3,78.76634602721839,"Offline window scores use future context; delay in source points, not causal latency. Missed events reported separately.",0.017889137968770903,0.4472172683048095,entity_cluster,2.577999999979511,3.3600000001024455,659268,,20,0.6891635226907354,51,0,0.2930264542419891,51,0,0.5353414669753076,50,1,0.43440297354443563,50,1,0.7391584985367885,51,0
fm_objective_independent__smap__seed1103,fm_objective_independent,SMAP,1103,experiments/runs/fm_tsad_execution_v1/jobs/fm_objective_independent__smap__seed1103/result.json,9fd17fd31198306b6966b63aa809cc37ab4ba8404cf3b72aafb655d0cd908363,d7b2dc753a98cd94030620e606e4d6c888da739a0f68eaa004d972506e169346,16d83bd3475c1bc7093133ffa5abf562633a5ca45559ba4628eede6021627aa6,5.0,2.6040586829185473,strict_validation_only_no_pa_v1,0.22154846313228277,0.22733035557549397,0.22440217182024721,11655.0,40952.0,39614.0,0.5333990033702016,0.14611332630518137,0.10660748702482487,0.78125,64,50,62.58,114.74651924537184,"Offline window scores use future context; delay in source points, not causal latency. Missed events reported separately.",0.03289036901435183,0.4011289563011444,entity_cluster,2.577999999979511,3.3600000001024455,659268,,20,0.6891635226907354,51,0,0.2930264542419891,51,0,0.5391143578491586,51,0,0.43028770944963945,51,0,0.7812046977613649,51,0
fm_objective_independent__smap__seed1104,fm_objective_independent,SMAP,1104,experiments/runs/fm_tsad_execution_v1/jobs/fm_objective_independent__smap__seed1104/result.json,c4af0550f99e59b3151715db67d83ea5d572a0256b178a8514b80dbeb3c49916,a418984a77640cb26a413dc1122d6eb8e0e7439e641de599451c699388abb1eb,453eeaa0cafb6d39679c6acd26c252dd8e6cb30ecd3981c605830029a651aeca,0.1,185.13769662475588,strict_validation_only_no_pa_v1,0.16385891023953672,0.09713472078644014,0.12196764673467138,4980.0,25412.0,46289.0,0.5381214882863152,0.14735041440041183,0.04439539553913533,0.1875,64,12,272.25,71.20381292887744,"Offline window scores use future context; delay in source points, not causal latency. Missed events reported separately.",0.005086067261033061,0.27491878500369904,entity_cluster,2.530999999959022,3.2810000001918525,659268,,20,0.6891048436141749,51,0,0.2943480027221425,51,0,0.5752298520092582,26,25,0.5431350309322899,26,25,0.3345726269415349,51,0
fm_objective_independent__smap__seed1104,fm_objective_independent,SMAP,1104,experiments/runs/fm_tsad_execution_v1/jobs/fm_objective_independent__smap__seed1104/result.json,c4af0550f99e59b3151715db67d83ea5d572a0256b178a8514b80dbeb3c49916,a418984a77640cb26a413dc1122d6eb8e0e7439e641de599451c699388abb1eb,453eeaa0cafb6d39679c6acd26c252dd8e6cb30ecd3981c605830029a651aeca,1.0,6.197159829139703,strict_validation_only_no_pa_v1,0.273844475044818,0.2055823207006183,0.2348537177744602,10540.0,27949.0,40729.0,0.5381214882863152,0.14735041440041183,0.11678033799324912,0.59375,64,38,61.18421052631579,78.31242592276072,"Offline window scores use future context; delay in source points, not causal latency. Missed events reported separately.",0.04091376893221156,0.44946953415292823,entity_cluster,2.530999999959022,3.2810000001918525,659268,,20,0.6891048436141749,51,0,0.2943480027221425,51,0,0.5372091383245541,50,1,0.4373334293088837,50,1,0.7374768523297383,51,0
fm_objective_independent__smap__seed1104,fm_objective_independent,SMAP,1104,experiments/runs/fm_tsad_execution_v1/jobs/fm_objective_independent__smap__seed1104/result.json,c4af0550f99e59b3151715db67d83ea5d572a0256b178a8514b80dbeb3c49916,a418984a77640cb26a413dc1122d6eb8e0e7439e641de599451c699388abb1eb,453eeaa0cafb6d39679c6acd26c252dd8e6cb30ecd3981c605830029a651aeca,5.0,2.6011043429374587,strict_validation_only_no_pa_v1,0.22181451766226853,0.22756441514365405,0.22465268083221815,11667.0,40931.0,39602.0,0.5381214882863152,0.14735041440041183,0.10582248546087765,0.78125,64,50,62.76,114.68767775034955,"Offline window scores use future context; delay in source points, not causal latency. Missed events reported separately.",0.05315338665987268,0.3964550915338822,entity_cluster,2.530999999959022,3.2810000001918525,659268,,20,0.6891048436141749,51,0,0.2943480027221425,51,0,0.5386890714927469,51,0,0.42924425174314657,51,0,0.7814506598261962,51,0
fm_objective_independent__smap__seed1105,fm_objective_independent,SMAP,1105,experiments/runs/fm_tsad_execution_v1/jobs/fm_objective_independent__smap__seed1105/result.json,68e539187c22f5e795def0dd3cc7af877cd4b95448bebd6101b4ae6ac348a24f,3840180d6d43a89ca25abf027056739401c83d0934945ea7a0c20ff632d89821,3af6bf934772d0ecbb40ff8ec55e50ccfa71adf3b4899cf2ca943eb4f5aa06d7,0.1,182.00648492431742,strict_validation_only_no_pa_v1,0.16385573856724858,0.09721274064249351,0.12202825453566095,4984.0,25433.0,46285.0,0.5355236643915637,0.14654192207808514,0.046200849654824266,0.265625,64,17,235.0,71.26265442389973,"Offline window scores use future context; delay in source points, not causal latency. Missed events reported separately.",0.005051853283877069,0.26001825952673524,entity_cluster,2.3910000000614673,3.375,659268,,20,0.6892184189662613,51,0,0.29052385357960536,51,0,0.6367919402475604,28,23,0.5810694035115846,28,23,0.41084259757182506,51,0
fm_objective_independent__smap__seed1105,fm_objective_independent,SMAP,1105,experiments/runs/fm_tsad_execution_v1/jobs/fm_objective_independent__smap__seed1105/result.json,68e539187c22f5e795def0dd3cc7af877cd4b95448bebd6101b4ae6ac348a24f,3840180d6d43a89ca25abf027056739401c83d0934945ea7a0c20ff632d89821,3af6bf934772d0ecbb40ff8ec55e50ccfa71adf3b4899cf2ca943eb4f5aa06d7,1.0,6.164664988517758,strict_validation_only_no_pa_v1,0.2750434129020553,0.20698667810957888,0.23621065752570894,10612.0,27971.0,40657.0,0.5355236643915637,0.14654192207808514,0.11741123237331305,0.640625,64,41,59.8780487804878,78.37406939373646,"Offline window scores use future context; delay in source points, not causal latency. Missed events reported separately.",0.03629243370380168,0.4106323056426085,entity_cluster,2.3910000000614673,3.375,659268,,20,0.6892184189662613,51,0,0.29052385357960536,51,0,0.538486988432158,50,1,0.437918619971439,50,1,0.7403926322550224,51,0
fm_objective_independent__smap__seed1105,fm_objective_independent,SMAP,1105,experiments/runs/fm_tsad_execution_v1/jobs/fm_objective_independent__smap__seed1105/result.json,68e539187c22f5e795def0dd3cc7af877cd4b95448bebd6101b4ae6ac348a24f,3840180d6d43a89ca25abf027056739401c83d0934945ea7a0c20ff632d89821,3af6bf934772d0ecbb40ff8ec55e50ccfa71adf3b4899cf2ca943eb4f5aa06d7,5.0,2.5783157467842073,strict_validation_only_no_pa_v1,0.22153232697237255,0.22756441514365405,0.2245078607577886,11667.0,40998.0,39602.0,0.5355236643915637,0.14654192207808514,0.10183073839542936,0.78125,64,50,62.8,114.87541013923018,"Offline window scores use future context; delay in source points, not causal latency. Missed events reported separately.",0.07144608097583166,0.3629500978114548,entity_cluster,2.3910000000614673,3.375,659268,,20,0.6892184189662613,51,0,0.29052385357960536,51,0,0.5351228278436937,51,0,0.4251239592229084,51,0,0.7803633095928837,51,0
fm_objective_independent__smap__seed1106,fm_objective_independent,SMAP,1106,experiments/runs/fm_tsad_execution_v1/jobs/fm_objective_independent__smap__seed1106/result.json,877d86b93baf7e57845298b40acc237214fed084b8ff6b2ccb8d4dfb67b5aace,ae62d41d0326b7f9ab20a51abba1375d6b1aa5e97f8ea84533317a7f9100fdcb,8ca9d2851b736da216ce488f88df7090cc398a4add8ab5377969af1ec4783ba7,0.1,182.2597284545916,strict_validation_only_no_pa_v1,0.16266052025024696,0.0963545222259065,0.12102059064907703,4940.0,25430.0,46329.0,0.5378630821217962,0.14720590387892774,0.04740320738361371,0.265625,64,17,238.2941176470588,71.25424849603941,"Offline window scores use future context; delay in source points, not causal latency. Missed events reported separately.",0.006106775474418439,0.29364169875983626,entity_cluster,2.344000000040978,3.3119999999180436,659268,,20,0.6946632813666633,51,0,0.2961689449761573,51,0,0.6260988634582387,28,23,0.5715451960979,28,23,0.4026878718908105,51,0
fm_objective_independent__smap__seed1106,fm_objective_independent,SMAP,1106,experiments/runs/fm_tsad_execution_v1/jobs/fm_objective_independent__smap__seed1106/result.json,877d86b93baf7e57845298b40acc237214fed084b8ff6b2ccb8d4dfb67b5aace,ae62d41d0326b7f9ab20a51abba1375d6b1aa5e97f8ea84533317a7f9100fdcb,8ca9d2851b736da216ce488f88df7090cc398a4add8ab5377969af1ec4783ba7,1.0,6.1815901041030825,strict_validation_only_no_pa_v1,0.27372357554666804,0.2055823207006183,0.2348092453355611,10540.0,27966.0,40729.0,0.5378630821217962,0.14720590387892774,0.11640763609328421,0.625,64,40,60.025,78.36005951396925,"Offline window scores use future context; delay in source points, not causal latency. Missed events reported separately.",0.0438654483746357,0.44108856098625815,entity_cluster,2.344000000040978,3.3119999999180436,659268,,20,0.6946632813666633,51,0,0.2961689449761573,51,0,0.53630493212299,50,1,0.43601061342267344,50,1,0.7375269979013095,51,0
fm_objective_independent__smap__seed1106,fm_objective_independent,SMAP,1106,experiments/runs/fm_tsad_execution_v1/jobs/fm_objective_independent__smap__seed1106/result.json,877d86b93baf7e57845298b40acc237214fed084b8ff6b2ccb8d4dfb67b5aace,ae62d41d0326b7f9ab20a51abba1375d6b1aa5e97f8ea84533317a7f9100fdcb,8ca9d2851b736da216ce488f88df7090cc398a4add8ab5377969af1ec4783ba7,5.0,2.6479158639907796,strict_validation_only_no_pa_v1,0.22224339309871768,0.22750590025161405,0.22484385843164467,11664.0,40819.0,39605.0,0.5378630821217962,0.14720590387892774,0.10508273494522659,0.78125,64,50,63.06,114.373856443564,"Offline window scores use future context; delay in source points, not causal latency. Missed events reported separately.",0.05717908704647589,0.4100633783906433,entity_cluster,2.344000000040978,3.3119999999180436,659268,,20,0.6946632813666633,51,0,0.2961689449761573,51,0,0.5393155465451919,51,0,0.4305127364959312,51,0,0.7812565176838504,51,0
fm_objective_independent__smap__seed1107,fm_objective_independent,SMAP,1107,experiments/runs/fm_tsad_execution_v1/jobs/fm_objective_independent__smap__seed1107/result.json,441a08c303125e811ac0603f7d17be4780146a2a6b895a6bd4e8ff140fdb8e87,d757b177f722bd0a616e56ccd95552ec43c5ffa53785cb6316c57965e66d9e2c,56a72e60f90438c837430f5cdeed1a8128f4538701e1c4d5425405a17348ede4,0.1,184.0953889465337,strict_validation_only_no_pa_v1,0.16127968337730872,0.09537927402523942,0.11986910000122566,4890.0,25430.0,46379.0,0.5368932078135893,0.14710104371279845,0.04797482210949401,0.1875,64,12,260.25,71.25424849603941,"Offline window scores use future context; delay in source points, not causal latency. Missed events reported separately.",0.0056983524870112545,0.29039666303875683,entity_cluster,2.406999999890104,3.327999999979511,659268,,20,0.6906063903584087,51,0,0.29613893264038954,51,0,0.6136264308024226,27,24,0.5647458701521072,27,24,0.37653506044752116,51,0
fm_objective_independent__smap__seed1107,fm_objective_independent,SMAP,1107,experiments/runs/fm_tsad_execution_v1/jobs/fm_objective_independent__smap__seed1107/result.json,441a08c303125e811ac0603f7d17be4780146a2a6b895a6bd4e8ff140fdb8e87,d757b177f722bd0a616e56ccd95552ec43c5ffa53785cb6316c57965e66d9e2c,56a72e60f90438c837430f5cdeed1a8128f4538701e1c4d5425405a17348ede4,1.0,6.090865216255159,strict_validation_only_no_pa_v1,0.2737756632362828,0.2065185589732587,0.2354379996219828,10588.0,28086.0,40681.0,0.5368932078135893,0.14710104371279845,0.11784734074595739,0.640625,64,41,59.5609756097561,78.69629662838234,"Offline window scores use future context; delay in source points, not causal latency. Missed events reported separately.",0.044392195043788295,0.41782452841834977,entity_cluster,2.406999999890104,3.327999999979511,659268,,20,0.6906063903584087,51,0,0.29613893264038954,51,0,0.5412477272112463,50,1,0.44091553745583495,50,1,0.7413492920722127,51,0
fm_objective_independent__smap__seed1107,fm_objective_independent,SMAP,1107,experiments/runs/fm_tsad_execution_v1/jobs/fm_objective_independent__smap__seed1107/result.json,441a08c303125e811ac0603f7d17be4780146a2a6b895a6bd4e8ff140fdb8e87,d757b177f722bd0a616e56ccd95552ec43c5ffa53785cb6316c57965e66d9e2c,56a72e60f90438c837430f5cdeed1a8128f4538701e1c4d5425405a17348ede4,5.0,2.564753401279447,strict_validation_only_no_pa_v1,0.22152306584284143,0.22797401938793424,0.22470225221328258,11688.0,41074.0,39581.0,0.5368932078135893,0.14710104371279845,0.10850805824023015,0.78125,64,50,62.64,115.0883603116918,"Offline window scores use future context; delay in source points, not causal latency. Missed events reported separately.",0.06621111334645349,0.3802872973007097,entity_cluster,2.406999999890104,3.327999999979511,659268,,20,0.6906063903584087,51,0,0.29613893264038954,51,0,0.5394660271433045,51,0,0.43091180847116395,51,0,0.7814225495492263,51,0
fm_objective_ot__smap__seed1103,fm_objective_ot,SMAP,1103,experiments/runs/fm_tsad_execution_v1/jobs/fm_objective_ot__smap__seed1103/result.json,ce15a1c2a68182206189745c558abd2900e4ef16e1164b87b4c728d3606774fc,773fd996a23862a72b01f1d790da097b62109409e692f57619323a75fc523bc8,cc91ede6e4783fc45f9bdf0117d8a1a5df10b89b36418799494e55e5bc4d953d,0.1,183.55959649658305,strict_validation_only_no_pa_v1,0.16546337621422946,0.09834402855526732,0.12336526345408058,5042.0,25430.0,46227.0,0.5392493087750245,0.14741207585330712,0.04487520665626488,0.234375,64,15,216.13333333333333,71.25424849603941,"Offline window scores use future context; delay in source points, not causal latency. Missed events reported separately.",0.004711178436179556,0.2750783247777779,entity_cluster,2.922000000020489,3.4370000001508743,659268,,20,0.6929682505966583,51,0,0.29208377483019643,51,0,0.642902425673681,26,25,0.5892457089971203,26,25,0.3821518946926734,51,0
fm_objective_ot__smap__seed1103,fm_objective_ot,SMAP,1103,experiments/runs/fm_tsad_execution_v1/jobs/fm_objective_ot__smap__seed1103/result.json,ce15a1c2a68182206189745c558abd2900e4ef16e1164b87b4c728d3606774fc,773fd996a23862a72b01f1d790da097b62109409e692f57619323a75fc523bc8,cc91ede6e4783fc45f9bdf0117d8a1a5df10b89b36418799494e55e5bc4d953d,1.0,6.192153940200805,strict_validation_only_no_pa_v1,0.2721238364404802,0.20470459732001794,0.23364798076494947,10495.0,28072.0,40774.0,0.5392493087750245,0.14741207585330712,0.1149221218510534,0.625,64,40,59.65,78.65706896503414,"Offline window scores use future context; delay in source points, not causal latency. Missed events reported separately.",0.017798499695310024,0.44509919732538783,entity_cluster,2.922000000020489,3.4370000001508743,659268,,20,0.6929682505966583,51,0,0.29208377483019643,51,0,0.5363162473910141,50,1,0.4352618484792475,50,1,0.7398366389875242,51,0
fm_objective_ot__smap__seed1103,fm_objective_ot,SMAP,1103,experiments/runs/fm_tsad_execution_v1/jobs/fm_objective_ot__smap__seed1103/result.json,ce15a1c2a68182206189745c558abd2900e4ef16e1164b87b4c728d3606774fc,773fd996a23862a72b01f1d790da097b62109409e692f57619323a75fc523bc8,cc91ede6e4783fc45f9bdf0117d8a1a5df10b89b36418799494e55e5bc4d953d,5.0,2.6456919550895663,strict_validation_only_no_pa_v1,0.22106624569678757,0.22670619672706704,0.22385070200104001,11623.0,40954.0,39646.0,0.5392493087750245,0.14741207585330712,0.10153839642872879,0.78125,64,50,62.72,114.75212319727872,"Offline window scores use future context; delay in source points, not causal latency. Missed events reported separately.",0.03268714888198281,0.40051358217638555,entity_cluster,2.922000000020489,3.4370000001508743,659268,,20,0.6929682505966583,51,0,0.29208377483019643,51,0,0.5346027425419376,51,0,0.4238362009712514,51,0,0.781388325914468,51,0
fm_objective_ot__smap__seed1104,fm_objective_ot,SMAP,1104,experiments/runs/fm_tsad_execution_v1/jobs/fm_objective_ot__smap__seed1104/result.json,13f3e66f844ef1b9be2fb175c081852f1fbbe771e872c7aa4236dd6969cab85f,dc2ee47dce29ba2736207d171f19d21c26b043b6de36f33241b81d569860be0e,762b00b2b8c0254f3c169313bf437bf4c517928eca18f10a87e95ff625eda2b0,0.1,183.80100094604495,strict_validation_only_no_pa_v1,0.1606099613823151,0.09491115488891923,0.119314420224113,4866.0,25431.0,46403.0,0.5380760093948854,0.14745060811212987,0.044191306871166826,0.265625,64,17,240.7058823529412,71.25705047199286,"Offline window scores use future context; delay in source points, not causal latency. Missed events reported separately.",0.005181841889375157,0.2682621889887573,entity_cluster,3.046000000089407,3.297000000020489,659268,,20,0.6920984050290088,51,0,0.2947648159257101,51,0,0.6384508568102224,28,23,0.5829384220634652,28,23,0.4107320401382706,51,0
fm_objective_ot__smap__seed1104,fm_objective_ot,SMAP,1104,experiments/runs/fm_tsad_execution_v1/jobs/fm_objective_ot__smap__seed1104/result.json,13f3e66f844ef1b9be2fb175c081852f1fbbe771e872c7aa4236dd6969cab85f,dc2ee47dce29ba2736207d171f19d21c26b043b6de36f33241b81d569860be0e,762b00b2b8c0254f3c169313bf437bf4c517928eca18f10a87e95ff625eda2b0,1.0,6.160079431533796,strict_validation_only_no_pa_v1,0.2731362966410674,0.20603093487292515,0.23488470347557314,10563.0,28110.0,40706.0,0.5380760093948854,0.14745060811212987,0.11761915466320054,0.578125,64,37,61.54054054054054,78.76354405126496,"Offline window scores use future context; delay in source points, not causal latency. Missed events reported separately.",0.04530727916900421,0.4458604841725609,entity_cluster,3.046000000089407,3.297000000020489,659268,,20,0.6920984050290088,51,0,0.2947648159257101,51,0,0.5335125163883152,50,1,0.4331207983992649,50,1,0.7371679432243676,51,0
fm_objective_ot__smap__seed1104,fm_objective_ot,SMAP,1104,experiments/runs/fm_tsad_execution_v1/jobs/fm_objective_ot__smap__seed1104/result.json,13f3e66f844ef1b9be2fb175c081852f1fbbe771e872c7aa4236dd6969cab85f,dc2ee47dce29ba2736207d171f19d21c26b043b6de36f33241b81d569860be0e,762b00b2b8c0254f3c169313bf437bf4c517928eca18f10a87e95ff625eda2b0,5.0,2.6427612781524514,strict_validation_only_no_pa_v1,0.22191353326229257,0.22746689032358736,0.22465589813236242,11662.0,40890.0,39607.0,0.5380760093948854,0.14745060811212987,0.10232653701577527,0.78125,64,50,62.8,114.57279673625841,"Offline window scores use future context; delay in source points, not causal latency. Missed events reported separately.",0.05310689461207717,0.39642392879017285,entity_cluster,3.046000000089407,3.297000000020489,659268,,20,0.6920984050290088,51,0,0.2947648159257101,51,0,0.5355035391016574,51,0,0.42509702874335814,51,0,0.7814582483813999,51,0
fm_objective_ot__smap__seed1105,fm_objective_ot,SMAP,1105,experiments/runs/fm_tsad_execution_v1/jobs/fm_objective_ot__smap__seed1105/result.json,41ddc4074072ba87ed42c87d4876b4c7c0d8a3f402be0ee31913e796b0165bcc,a3a1ff8790ee66ab18a3caa07e6cb6cd073092b50408c0c502cbb3308fed8e9b,fe1069c56a3aee7f5076a70ff40d6eff861b3e675aef692e39d350f812c80a1f,0.1,181.4650070648218,strict_validation_only_no_pa_v1,0.16703764320785597,0.09953383136008113,0.12473875261247386,5103.0,25447.0,46166.0,0.5379004195485235,0.14680638150047182,0.045085550325057414,0.265625,64,17,235.7058823529412,71.30188208724793,"Offline window scores use future context; delay in source points, not causal latency. Missed events reported separately.",0.005048287729906467,0.2663056825898238,entity_cluster,2.7969999997876585,3.390000000130385,659268,,20,0.688732025129875,51,0,0.29202977126360957,51,0,0.6300064302939961,28,23,0.570431832119487,28,23,0.4108287776969965,51,0
fm_objective_ot__smap__seed1105,fm_objective_ot,SMAP,1105,experiments/runs/fm_tsad_execution_v1/jobs/fm_objective_ot__smap__seed1105/result.json,41ddc4074072ba87ed42c87d4876b4c7c0d8a3f402be0ee31913e796b0165bcc,a3a1ff8790ee66ab18a3caa07e6cb6cd073092b50408c0c502cbb3308fed8e9b,fe1069c56a3aee7f5076a70ff40d6eff861b3e675aef692e39d350f812c80a1f,1.0,6.233575501441951,strict_validation_only_no_pa_v1,0.27194788273615633,0.2035538044432308,0.2328320913836955,10436.0,27939.0,40833.0,0.5379004195485235,0.14680638150047182,0.11450954458850106,0.609375,64,39,64.76923076923077,78.28440616322631,"Offline window scores use future context; delay in source points, not causal latency. Missed events reported separately.",0.030562246893405223,0.400246780977655,entity_cluster,2.7969999997876585,3.390000000130385,659268,,20,0.688732025129875,51,0,0.29202977126360957,51,0,0.536489563274219,50,1,0.4365366694784589,50,1,0.7367067237185464,51,0
fm_objective_ot__smap__seed1105,fm_objective_ot,SMAP,1105,experiments/runs/fm_tsad_execution_v1/jobs/fm_objective_ot__smap__seed1105/result.json,41ddc4074072ba87ed42c87d4876b4c7c0d8a3f402be0ee31913e796b0165bcc,a3a1ff8790ee66ab18a3caa07e6cb6cd073092b50408c0c502cbb3308fed8e9b,fe1069c56a3aee7f5076a70ff40d6eff861b3e675aef692e39d350f812c80a1f,5.0,2.729268419742577,strict_validation_only_no_pa_v1,0.22165096232870166,0.22619906766272016,0.2239019210348489,11597.0,40724.0,39672.0,0.5379004195485235,0.14680638150047182,0.1017736307985053,0.78125,64,50,63.1,114.10766872798698,"Offline window scores use future context; delay in source points, not causal latency. Missed events reported separately.",0.07022479369259518,0.36311921131276054,entity_cluster,2.7969999997876585,3.390000000130385,659268,,20,0.688732025129875,51,0,0.29202977126360957,51,0,0.5372717303107426,51,0,0.42797267852660226,51,0,0.780303938038563,51,0
fm_objective_ot__smap__seed1106,fm_objective_ot,SMAP,1106,experiments/runs/fm_tsad_execution_v1/jobs/fm_objective_ot__smap__seed1106/result.json,0d805128efed48d75e9258c33fdbe3cdd3b11d893a7d6ba730ce8571211db362,cc6083029ea2b881242db9c3835b48e65be28742f2fd915a64e6e70ce70c00ee,d201f1924ad1fa181d1f08a2cc8dc09112ebd0dbadb020d3ae1abd32a7467df3,0.1,181.9896310729999,strict_validation_only_no_pa_v1,0.1649545439627162,0.09803194913105386,0.12297829650835597,5026.0,25443.0,46243.0,0.5416155579567855,0.14792368517766413,0.04483201459406923,0.265625,64,17,236.76470588235293,71.29067418343416,"Offline window scores use future context; delay in source points, not causal latency. Missed events reported separately.",0.0058597478476942995,0.2980592291912096,entity_cluster,3.280999999959022,3.655999999959022,659268,,20,0.6932661486541013,51,0,0.2945869639318884,51,0,0.6327822877711392,28,23,0.5718417238369667,28,23,0.4141864910541348,51,0
fm_objective_ot__smap__seed1106,fm_objective_ot,SMAP,1106,experiments/runs/fm_tsad_execution_v1/jobs/fm_objective_ot__smap__seed1106/result.json,0d805128efed48d75e9258c33fdbe3cdd3b11d893a7d6ba730ce8571211db362,cc6083029ea2b881242db9c3835b48e65be28742f2fd915a64e6e70ce70c00ee,d201f1924ad1fa181d1f08a2cc8dc09112ebd0dbadb020d3ae1abd32a7467df3,1.0,6.236660246849051,strict_validation_only_no_pa_v1,0.27227503581195467,0.20390489379547094,0.23318165596002854,10454.0,27941.0,40815.0,0.5416155579567855,0.14792368517766413,0.11485331228496462,0.609375,64,39,60.97435897435897,78.29001011513319,"Offline window scores use future context; delay in source points, not causal latency. Missed events reported separately.",0.038380359888828444,0.439662408405821,entity_cluster,3.280999999959022,3.655999999959022,659268,,20,0.6932661486541013,51,0,0.2945869639318884,51,0,0.5344136072824335,50,1,0.4340186337378723,50,1,0.7368282623487665,51,0
fm_objective_ot__smap__seed1106,fm_objective_ot,SMAP,1106,experiments/runs/fm_tsad_execution_v1/jobs/fm_objective_ot__smap__seed1106/result.json,0d805128efed48d75e9258c33fdbe3cdd3b11d893a7d6ba730ce8571211db362,cc6083029ea2b881242db9c3835b48e65be28742f2fd915a64e6e70ce70c00ee,d201f1924ad1fa181d1f08a2cc8dc09112ebd0dbadb020d3ae1abd32a7467df3,5.0,2.686324238777157,strict_validation_only_no_pa_v1,0.22197860860612761,0.22709629600733386,0.22450829155418436,11643.0,40808.0,39626.0,0.5416155579567855,0.14792368517766413,0.10149001943841958,0.78125,64,50,63.1,114.34303470807613,"Offline window scores use future context; delay in source points, not causal latency. Missed events reported separately.",0.056908077861392646,0.409601705523439,entity_cluster,3.280999999959022,3.655999999959022,659268,,20,0.6932661486541013,51,0,0.2945869639318884,51,0,0.5351591734263323,51,0,0.42462525685137403,51,0,0.7812334587601479,51,0
fm_objective_ot__smap__seed1107,fm_objective_ot,SMAP,1107,experiments/runs/fm_tsad_execution_v1/jobs/fm_objective_ot__smap__seed1107/result.json,82111b06e6589bd9ef6d9c13cefaf1a481028c2dd6819ad3123499a921d3d9c0,b3695e10a02188914de3c029697691c63abd9956365865b085614b699bfdee2a,40be968b1dc54138c121125ae6cbbf236c2707c820cca6d28f60b20957951fe8,0.1,183.3726148834229,strict_validation_only_no_pa_v1,0.16398185285028602,0.09729076049854687,0.12212469548398154,4988.0,25430.0,46281.0,0.5398920568858302,0.14788211231095125,0.04357106082243894,0.1875,64,12,270.25,71.25424849603941,"Offline window scores use future context; delay in source points, not causal latency. Missed events reported separately.",0.005541848250931244,0.29681690595793764,entity_cluster,2.796000000089407,3.422000000020489,659268,,20,0.6921545704492436,51,0,0.2980468258800069,51,0,0.6147116381787209,27,24,0.5652445586055806,27,24,0.37744894260106315,51,0
fm_objective_ot__smap__seed1107,fm_objective_ot,SMAP,1107,experiments/runs/fm_tsad_execution_v1/jobs/fm_objective_ot__smap__seed1107/result.json,82111b06e6589bd9ef6d9c13cefaf1a481028c2dd6819ad3123499a921d3d9c0,b3695e10a02188914de3c029697691c63abd9956365865b085614b699bfdee2a,40be968b1dc54138c121125ae6cbbf236c2707c820cca6d28f60b20957951fe8,1.0,6.138047122955269,strict_validation_only_no_pa_v1,0.2728096051337784,0.20564083559265833,0.23451037090585553,10543.0,28103.0,40726.0,0.5398920568858302,0.14788211231095125,0.11638895722209733,0.640625,64,41,61.926829268292686,78.74393021959085,"Offline window scores use future context; delay in source points, not causal latency. Missed events reported separately.",0.03974389850504672,0.4172561829666757,entity_cluster,2.796000000089407,3.422000000020489,659268,,20,0.6921545704492436,51,0,0.2980468258800069,51,0,0.5397498027070992,50,1,0.4389620275763157,50,1,0.7416914155844603,51,0
fm_objective_ot__smap__seed1107,fm_objective_ot,SMAP,1107,experiments/runs/fm_tsad_execution_v1/jobs/fm_objective_ot__smap__seed1107/result.json,82111b06e6589bd9ef6d9c13cefaf1a481028c2dd6819ad3123499a921d3d9c0,b3695e10a02188914de3c029697691c63abd9956365865b085614b699bfdee2a,40be968b1dc54138c121125ae6cbbf236c2707c820cca6d28f60b20957951fe8,5.0,2.489930987358079,strict_validation_only_no_pa_v1,0.22102099831786653,0.22809104917201428,0.2245003743592697,11694.0,41215.0,39575.0,0.5398920568858302,0.14788211231095125,0.10646552247973098,0.78125,64,50,62.72,115.48343892112717,"Offline window scores use future context; delay in source points, not causal latency. Missed events reported separately.",0.06602684767458555,0.3797800693579526,entity_cluster,2.796000000089407,3.422000000020489,659268,,20,0.6921545704492436,51,0,0.2980468258800069,51,0,0.5389121868449454,51,0,0.4298602474299541,51,0,0.7814985800533792,51,0
fm_objective_rectified__smap__seed1103,fm_objective_rectified,SMAP,1103,experiments/runs/fm_tsad_execution_v1/jobs/fm_objective_rectified__smap__seed1103/result.json,c1e900974700d3869e8d25286d26f2e4d010dcf85466753db4b3c96449d56838,0bf3fc4e9a0523d62f5d2e287d93c9beaf0bae66415821648ab34347b60a74a1,16d83bd3475c1bc7093133ffa5abf562633a5ca45559ba4628eede6021627aa6,0.1,183.04623106384452,strict_validation_only_no_pa_v1,0.1636357657272518,0.09705670093038678,0.12184431548274934,4976.0,25433.0,46293.0,0.5333990033702016,0.14611332630518137,0.04454743666447943,0.25,64,16,245.0,71.26265442389973,"Offline window scores use future context; delay in source points, not causal latency. Missed events reported separately.",0.004797993399238361,0.2717420191731549,entity_cluster,3.0,3.3439999998081475,659268,,20,0.6891635226907354,51,0,0.2930264542419891,51,0,0.6538798149844598,26,25,0.597090054804161,26,25,0.3910040689254068,51,0
fm_objective_rectified__smap__seed1103,fm_objective_rectified,SMAP,1103,experiments/runs/fm_tsad_execution_v1/jobs/fm_objective_rectified__smap__seed1103/result.json,c1e900974700d3869e8d25286d26f2e4d010dcf85466753db4b3c96449d56838,0bf3fc4e9a0523d62f5d2e287d93c9beaf0bae66415821648ab34347b60a74a1,16d83bd3475c1bc7093133ffa5abf562633a5ca45559ba4628eede6021627aa6,1.0,6.111540117263779,strict_validation_only_no_pa_v1,0.2732419855222337,0.20614796465700522,0.23499983323883536,10569.0,28111.0,40700.0,0.5333990033702016,0.14611332630518137,0.11634261406145718,0.625,64,40,60.3,78.76634602721839,"Offline window scores use future context; delay in source points, not causal latency. Missed events reported separately.",0.017889137968770903,0.4472172683048095,entity_cluster,3.0,3.3439999998081475,659268,,20,0.6891635226907354,51,0,0.2930264542419891,51,0,0.5353414669753076,50,1,0.43440297354443563,50,1,0.7391584985367885,51,0
fm_objective_rectified__smap__seed1103,fm_objective_rectified,SMAP,1103,experiments/runs/fm_tsad_execution_v1/jobs/fm_objective_rectified__smap__seed1103/result.json,c1e900974700d3869e8d25286d26f2e4d010dcf85466753db4b3c96449d56838,0bf3fc4e9a0523d62f5d2e287d93c9beaf0bae66415821648ab34347b60a74a1,16d83bd3475c1bc7093133ffa5abf562633a5ca45559ba4628eede6021627aa6,5.0,2.6040586829185473,strict_validation_only_no_pa_v1,0.22154846313228277,0.22733035557549397,0.22440217182024721,11655.0,40952.0,39614.0,0.5333990033702016,0.14611332630518137,0.10660748702482487,0.78125,64,50,62.58,114.74651924537184,"Offline window scores use future context; delay in source points, not causal latency. Missed events reported separately.",0.03289036901435183,0.4011289563011444,entity_cluster,3.0,3.3439999998081475,659268,,20,0.6891635226907354,51,0,0.2930264542419891,51,0,0.5391143578491586,51,0,0.43028770944963945,51,0,0.7812046977613649,51,0
fm_objective_rectified__smap__seed1104,fm_objective_rectified,SMAP,1104,experiments/runs/fm_tsad_execution_v1/jobs/fm_objective_rectified__smap__seed1104/result.json,474b95b38aa74ccf42499ea2ae66d5d8a75c3327c37b3f14972e1dbcbd8f772e,6d49f84e5ead4e9aeb1f3dd8cfb0411ac39b7290433d8fb39cf325f47cf72b58,453eeaa0cafb6d39679c6acd26c252dd8e6cb30ecd3981c605830029a651aeca,0.1,185.13769662475588,strict_validation_only_no_pa_v1,0.16385891023953672,0.09713472078644014,0.12196764673467138,4980.0,25412.0,46289.0,0.5381214882863152,0.14735041440041183,0.04439539553913533,0.1875,64,12,272.25,71.20381292887744,"Offline window scores use future context; delay in source points, not causal latency. Missed events reported separately.",0.005086067261033061,0.27491878500369904,entity_cluster,2.4380000000819564,3.327999999979511,659268,,20,0.6891048436141749,51,0,0.2943480027221425,51,0,0.5752298520092582,26,25,0.5431350309322899,26,25,0.3345726269415349,51,0
fm_objective_rectified__smap__seed1104,fm_objective_rectified,SMAP,1104,experiments/runs/fm_tsad_execution_v1/jobs/fm_objective_rectified__smap__seed1104/result.json,474b95b38aa74ccf42499ea2ae66d5d8a75c3327c37b3f14972e1dbcbd8f772e,6d49f84e5ead4e9aeb1f3dd8cfb0411ac39b7290433d8fb39cf325f47cf72b58,453eeaa0cafb6d39679c6acd26c252dd8e6cb30ecd3981c605830029a651aeca,1.0,6.197159829139703,strict_validation_only_no_pa_v1,0.273844475044818,0.2055823207006183,0.2348537177744602,10540.0,27949.0,40729.0,0.5381214882863152,0.14735041440041183,0.11678033799324912,0.59375,64,38,61.18421052631579,78.31242592276072,"Offline window scores use future context; delay in source points, not causal latency. Missed events reported separately.",0.04091376893221156,0.44946953415292823,entity_cluster,2.4380000000819564,3.327999999979511,659268,,20,0.6891048436141749,51,0,0.2943480027221425,51,0,0.5372091383245541,50,1,0.4373334293088837,50,1,0.7374768523297383,51,0
fm_objective_rectified__smap__seed1104,fm_objective_rectified,SMAP,1104,experiments/runs/fm_tsad_execution_v1/jobs/fm_objective_rectified__smap__seed1104/result.json,474b95b38aa74ccf42499ea2ae66d5d8a75c3327c37b3f14972e1dbcbd8f772e,6d49f84e5ead4e9aeb1f3dd8cfb0411ac39b7290433d8fb39cf325f47cf72b58,453eeaa0cafb6d39679c6acd26c252dd8e6cb30ecd3981c605830029a651aeca,5.0,2.6011043429374587,strict_validation_only_no_pa_v1,0.22181451766226853,0.22756441514365405,0.22465268083221815,11667.0,40931.0,39602.0,0.5381214882863152,0.14735041440041183,0.10582248546087765,0.78125,64,50,62.76,114.68767775034955,"Offline window scores use future context; delay in source points, not causal latency. Missed events reported separately.",0.05315338665987268,0.3964550915338822,entity_cluster,2.4380000000819564,3.327999999979511,659268,,20,0.6891048436141749,51,0,0.2943480027221425,51,0,0.5386890714927469,51,0,0.42924425174314657,51,0,0.7814506598261962,51,0
fm_objective_rectified__smap__seed1105,fm_objective_rectified,SMAP,1105,experiments/runs/fm_tsad_execution_v1/jobs/fm_objective_rectified__smap__seed1105/result.json,8c087e47424966640fa539e888e33d9562f8f4c29fe0e21254e176038b0c57e8,3077bb580e25c27ecf149e3099435a6d72abf10ba71f9cbe91d25d805be520ca,3af6bf934772d0ecbb40ff8ec55e50ccfa71adf3b4899cf2ca943eb4f5aa06d7,0.1,182.00648492431742,strict_validation_only_no_pa_v1,0.16385573856724858,0.09721274064249351,0.12202825453566095,4984.0,25433.0,46285.0,0.5355236643915637,0.14654192207808514,0.046200849654824266,0.265625,64,17,235.0,71.26265442389973,"Offline window scores use future context; delay in source points, not causal latency. Missed events reported separately.",0.005051853283877069,0.26001825952673524,entity_cluster,2.5,3.2969999997876585,659268,,20,0.6892184189662613,51,0,0.29052385357960536,51,0,0.6367919402475604,28,23,0.5810694035115846,28,23,0.41084259757182506,51,0
fm_objective_rectified__smap__seed1105,fm_objective_rectified,SMAP,1105,experiments/runs/fm_tsad_execution_v1/jobs/fm_objective_rectified__smap__seed1105/result.json,8c087e47424966640fa539e888e33d9562f8f4c29fe0e21254e176038b0c57e8,3077bb580e25c27ecf149e3099435a6d72abf10ba71f9cbe91d25d805be520ca,3af6bf934772d0ecbb40ff8ec55e50ccfa71adf3b4899cf2ca943eb4f5aa06d7,1.0,6.164664988517758,strict_validation_only_no_pa_v1,0.2750434129020553,0.20698667810957888,0.23621065752570894,10612.0,27971.0,40657.0,0.5355236643915637,0.14654192207808514,0.11741123237331305,0.640625,64,41,59.8780487804878,78.37406939373646,"Offline window scores use future context; delay in source points, not causal latency. Missed events reported separately.",0.03629243370380168,0.4106323056426085,entity_cluster,2.5,3.2969999997876585,659268,,20,0.6892184189662613,51,0,0.29052385357960536,51,0,0.538486988432158,50,1,0.437918619971439,50,1,0.7403926322550224,51,0
fm_objective_rectified__smap__seed1105,fm_objective_rectified,SMAP,1105,experiments/runs/fm_tsad_execution_v1/jobs/fm_objective_rectified__smap__seed1105/result.json,8c087e47424966640fa539e888e33d9562f8f4c29fe0e21254e176038b0c57e8,3077bb580e25c27ecf149e3099435a6d72abf10ba71f9cbe91d25d805be520ca,3af6bf934772d0ecbb40ff8ec55e50ccfa71adf3b4899cf2ca943eb4f5aa06d7,5.0,2.5783157467842073,strict_validation_only_no_pa_v1,0.22153232697237255,0.22756441514365405,0.2245078607577886,11667.0,40998.0,39602.0,0.5355236643915637,0.14654192207808514,0.10183073839542936,0.78125,64,50,62.8,114.87541013923018,"Offline window scores use future context; delay in source points, not causal latency. Missed events reported separately.",0.07144608097583166,0.3629500978114548,entity_cluster,2.5,3.2969999997876585,659268,,20,0.6892184189662613,51,0,0.29052385357960536,51,0,0.5351228278436937,51,0,0.4251239592229084,51,0,0.7803633095928837,51,0
fm_objective_rectified__smap__seed1106,fm_objective_rectified,SMAP,1106,experiments/runs/fm_tsad_execution_v1/jobs/fm_objective_rectified__smap__seed1106/result.json,7b8d0ecd7e09423c81d9124b576d91b705dc2f202b6122c61da936a5fee90479,8a9dbbdcdf7c3e1d6ecbe415c12416964266d4c9f9cc9e484c671178d916ef34,8ca9d2851b736da216ce488f88df7090cc398a4add8ab5377969af1ec4783ba7,0.1,182.2597284545916,strict_validation_only_no_pa_v1,0.16266052025024696,0.0963545222259065,0.12102059064907703,4940.0,25430.0,46329.0,0.5378630821217962,0.14720590387892774,0.04740320738361371,0.265625,64,17,238.2941176470588,71.25424849603941,"Offline window scores use future context; delay in source points, not causal latency. Missed events reported separately.",0.006106775474418439,0.29364169875983626,entity_cluster,2.4370000001508743,3.344000000040978,659268,,20,0.6946632813666633,51,0,0.2961689449761573,51,0,0.6260988634582387,28,23,0.5715451960979,28,23,0.4026878718908105,51,0
fm_objective_rectified__smap__seed1106,fm_objective_rectified,SMAP,1106,experiments/runs/fm_tsad_execution_v1/jobs/fm_objective_rectified__smap__seed1106/result.json,7b8d0ecd7e09423c81d9124b576d91b705dc2f202b6122c61da936a5fee90479,8a9dbbdcdf7c3e1d6ecbe415c12416964266d4c9f9cc9e484c671178d916ef34,8ca9d2851b736da216ce488f88df7090cc398a4add8ab5377969af1ec4783ba7,1.0,6.1815901041030825,strict_validation_only_no_pa_v1,0.27372357554666804,0.2055823207006183,0.2348092453355611,10540.0,27966.0,40729.0,0.5378630821217962,0.14720590387892774,0.11640763609328421,0.625,64,40,60.025,78.36005951396925,"Offline window scores use future context; delay in source points, not causal latency. Missed events reported separately.",0.0438654483746357,0.44108856098625815,entity_cluster,2.4370000001508743,3.344000000040978,659268,,20,0.6946632813666633,51,0,0.2961689449761573,51,0,0.53630493212299,50,1,0.43601061342267344,50,1,0.7375269979013095,51,0
fm_objective_rectified__smap__seed1106,fm_objective_rectified,SMAP,1106,experiments/runs/fm_tsad_execution_v1/jobs/fm_objective_rectified__smap__seed1106/result.json,7b8d0ecd7e09423c81d9124b576d91b705dc2f202b6122c61da936a5fee90479,8a9dbbdcdf7c3e1d6ecbe415c12416964266d4c9f9cc9e484c671178d916ef34,8ca9d2851b736da216ce488f88df7090cc398a4add8ab5377969af1ec4783ba7,5.0,2.6479158639907796,strict_validation_only_no_pa_v1,0.22224339309871768,0.22750590025161405,0.22484385843164467,11664.0,40819.0,39605.0,0.5378630821217962,0.14720590387892774,0.10508273494522659,0.78125,64,50,63.06,114.373856443564,"Offline window scores use future context; delay in source points, not causal latency. Missed events reported separately.",0.05717908704647589,0.4100633783906433,entity_cluster,2.4370000001508743,3.344000000040978,659268,,20,0.6946632813666633,51,0,0.2961689449761573,51,0,0.5393155465451919,51,0,0.4305127364959312,51,0,0.7812565176838504,51,0
fm_objective_rectified__smap__seed1107,fm_objective_rectified,SMAP,1107,experiments/runs/fm_tsad_execution_v1/jobs/fm_objective_rectified__smap__seed1107/result.json,f29c58bf444e584ff6b59db326babe5d10dbc703b98609efee2d7756f4a416ea,56b9d2ed17ec89fb44ee66a5a1aa151bf5c3b5ddf7a819d551a10b041da16a81,56a72e60f90438c837430f5cdeed1a8128f4538701e1c4d5425405a17348ede4,0.1,184.0953889465337,strict_validation_only_no_pa_v1,0.16127968337730872,0.09537927402523942,0.11986910000122566,4890.0,25430.0,46379.0,0.5368932078135893,0.14710104371279845,0.04797482210949401,0.1875,64,12,260.25,71.25424849603941,"Offline window scores use future context; delay in source points, not causal latency. Missed events reported separately.",0.0056983524870112545,0.29039666303875683,entity_cluster,2.5,3.3589999999385327,659268,,20,0.6906063903584087,51,0,0.29613893264038954,51,0,0.6136264308024226,27,24,0.5647458701521072,27,24,0.37653506044752116,51,0
fm_objective_rectified__smap__seed1107,fm_objective_rectified,SMAP,1107,experiments/runs/fm_tsad_execution_v1/jobs/fm_objective_rectified__smap__seed1107/result.json,f29c58bf444e584ff6b59db326babe5d10dbc703b98609efee2d7756f4a416ea,56b9d2ed17ec89fb44ee66a5a1aa151bf5c3b5ddf7a819d551a10b041da16a81,56a72e60f90438c837430f5cdeed1a8128f4538701e1c4d5425405a17348ede4,1.0,6.090865216255159,strict_validation_only_no_pa_v1,0.2737756632362828,0.2065185589732587,0.2354379996219828,10588.0,28086.0,40681.0,0.5368932078135893,0.14710104371279845,0.11784734074595739,0.640625,64,41,59.5609756097561,78.69629662838234,"Offline window scores use future context; delay in source points, not causal latency. Missed events reported separately.",0.044392195043788295,0.41782452841834977,entity_cluster,2.5,3.3589999999385327,659268,,20,0.6906063903584087,51,0,0.29613893264038954,51,0,0.5412477272112463,50,1,0.44091553745583495,50,1,0.7413492920722127,51,0
fm_objective_rectified__smap__seed1107,fm_objective_rectified,SMAP,1107,experiments/runs/fm_tsad_execution_v1/jobs/fm_objective_rectified__smap__seed1107/result.json,f29c58bf444e584ff6b59db326babe5d10dbc703b98609efee2d7756f4a416ea,56b9d2ed17ec89fb44ee66a5a1aa151bf5c3b5ddf7a819d551a10b041da16a81,56a72e60f90438c837430f5cdeed1a8128f4538701e1c4d5425405a17348ede4,5.0,2.564753401279447,strict_validation_only_no_pa_v1,0.22152306584284143,0.22797401938793424,0.22470225221328258,11688.0,41074.0,39581.0,0.5368932078135893,0.14710104371279845,0.10850805824023015,0.78125,64,50,62.64,115.0883603116918,"Offline window scores use future context; delay in source points, not causal latency. Missed events reported separately.",0.06621111334645349,0.3802872973007097,entity_cluster,2.5,3.3589999999385327,659268,,20,0.6906063903584087,51,0,0.29613893264038954,51,0,0.5394660271433045,51,0,0.43091180847116395,51,0,0.7814225495492263,51,0
fm_objective_target__smap__seed1103,fm_objective_target,SMAP,1103,experiments/runs/fm_tsad_execution_v1/jobs/fm_objective_target__smap__seed1103/result.json,3e10200faa7acc407f6e95702e860f2dbfb4cdd1d149b3be2817b565126ecd2d,a9c80cbf99fc4a258d91753f0428bedf217ec6400c6ae59feba4cbffa45f3c3d,0d4fb7f91d1a0c6088439f36667c3bb57d02333cdbec8c64802605e78f238129,0.1,181.15260931396529,strict_validation_only_no_pa_v1,0.16507467585754143,0.09809046402309388,0.1230577238358578,5029.0,25436.0,46240.0,0.5353004953331714,0.1465453655402325,0.04483661492232126,0.25,64,16,238.5625,71.27106035176006,"Offline window scores use future context; delay in source points, not causal latency. Missed events reported separately.",0.0047975786466050475,0.27434945218940254,entity_cluster,2.405999999959022,3.452999999979511,659268,,20,0.6910082849859788,51,0,0.29282453322099994,51,0,0.6125522486048588,29,22,0.5587485538368012,29,22,0.4083738692330232,51,0
fm_objective_target__smap__seed1103,fm_objective_target,SMAP,1103,experiments/runs/fm_tsad_execution_v1/jobs/fm_objective_target__smap__seed1103/result.json,3e10200faa7acc407f6e95702e860f2dbfb4cdd1d149b3be2817b565126ecd2d,a9c80cbf99fc4a258d91753f0428bedf217ec6400c6ae59feba4cbffa45f3c3d,0d4fb7f91d1a0c6088439f36667c3bb57d02333cdbec8c64802605e78f238129,1.0,6.159025168418881,strict_validation_only_no_pa_v1,0.27258989056800415,0.20406093350757767,0.23339914555655947,10462.0,27918.0,40807.0,0.5353004953331714,0.1465453655402325,0.11516400780274716,0.59375,64,38,61.13157894736842,78.22556466820402,"Offline window scores use future context; delay in source points, not causal latency. Missed events reported separately.",0.01754161258437412,0.4453631292926512,entity_cluster,2.405999999959022,3.452999999979511,659268,,20,0.6910082849859788,51,0,0.29282453322099994,51,0,0.5372812983185138,50,1,0.4379958895659958,50,1,0.7352334762822592,51,0
fm_objective_target__smap__seed1103,fm_objective_target,SMAP,1103,experiments/runs/fm_tsad_execution_v1/jobs/fm_objective_target__smap__seed1103/result.json,3e10200faa7acc407f6e95702e860f2dbfb4cdd1d149b3be2817b565126ecd2d,a9c80cbf99fc4a258d91753f0428bedf217ec6400c6ae59feba4cbffa45f3c3d,0d4fb7f91d1a0c6088439f36667c3bb57d02333cdbec8c64802605e78f238129,5.0,2.5201937198638604,strict_validation_only_no_pa_v1,0.22078783742796482,0.22717431586338724,0.2239355514751829,11647.0,41105.0,39622.0,0.5353004953331714,0.1465453655402325,0.10309440959788911,0.78125,64,50,63.08,115.17522156624852,"Offline window scores use future context; delay in source points, not causal latency. Missed events reported separately.",0.032847679406471396,0.40035257560788173,entity_cluster,2.405999999959022,3.452999999979511,659268,,20,0.6910082849859788,51,0,0.29282453322099994,51,0,0.537411186116159,51,0,0.4281847536284497,51,0,0.7804123316965306,51,0
fm_objective_target__smap__seed1104,fm_objective_target,SMAP,1104,experiments/runs/fm_tsad_execution_v1/jobs/fm_objective_target__smap__seed1104/result.json,d34c24e3f9df22fa29c06d5ced39c24707dc4c7829b2af415874adc1780d3b43,60d9d7dab7fc682e67ee32785b243088f5c2c2e225a02e71786dfeaba500e24d,e9c3bd8a3d3d26f2d3ceb9fa4546c075eb1cf161933da825582159841d85a577,0.1,181.8229268341067,strict_validation_only_no_pa_v1,0.1623357375753384,0.09613996762175973,0.12076146609172873,4929.0,25434.0,46340.0,0.5350907438860524,0.1468653579787439,0.04558203998560843,0.25,64,16,248.0625,71.26545639985318,"Offline window scores use future context; delay in source points, not causal latency. Missed events reported separately.",0.005284391162550312,0.2717589992751812,entity_cluster,2.531999999890104,3.405999999959022,659268,,20,0.6900061963836991,51,0,0.2952712604181027,51,0,0.6298951277996805,28,23,0.575897530312271,28,23,0.40496962265573283,51,0
fm_objective_target__smap__seed1104,fm_objective_target,SMAP,1104,experiments/runs/fm_tsad_execution_v1/jobs/fm_objective_target__smap__seed1104/result.json,d34c24e3f9df22fa29c06d5ced39c24707dc4c7829b2af415874adc1780d3b43,60d9d7dab7fc682e67ee32785b243088f5c2c2e225a02e71786dfeaba500e24d,e9c3bd8a3d3d26f2d3ceb9fa4546c075eb1cf161933da825582159841d85a577,1.0,6.134019498825072,strict_validation_only_no_pa_v1,0.27587278566248835,0.20776687667011254,0.23702451018568996,10652.0,27960.0,40617.0,0.5350907438860524,0.1468653579787439,0.11850840523254962,0.625,64,40,58.85,78.3432476582486,"Offline window scores use future context; delay in source points, not causal latency. Missed events reported separately.",0.04551777965817591,0.448906583205994,entity_cluster,2.531999999890104,3.405999999959022,659268,,20,0.6900061963836991,51,0,0.2952712604181027,51,0,0.5400603103331683,50,1,0.44031270718783844,50,1,0.7377263579371143,51,0
fm_objective_target__smap__seed1104,fm_objective_target,SMAP,1104,experiments/runs/fm_tsad_execution_v1/jobs/fm_objective_target__smap__seed1104/result.json,d34c24e3f9df22fa29c06d5ced39c24707dc4c7829b2af415874adc1780d3b43,60d9d7dab7fc682e67ee32785b243088f5c2c2e225a02e71786dfeaba500e24d,e9c3bd8a3d3d26f2d3ceb9fa4546c075eb1cf161933da825582159841d85a577,5.0,2.5641046881675615,strict_validation_only_no_pa_v1,0.2217766458871826,0.22760342507168074,0.22465225971025654,11669.0,40947.0,39600.0,0.5350907438860524,0.1468653579787439,0.1056330754281885,0.78125,64,50,62.74,114.73250936560463,"Offline window scores use future context; delay in source points, not causal latency. Missed events reported separately.",0.053291628303924324,0.3964492895217855,entity_cluster,2.531999999890104,3.405999999959022,659268,,20,0.6900061963836991,51,0,0.2952712604181027,51,0,0.5383280503164152,51,0,0.42891961463419337,51,0,0.7813413649011615,51,0
fm_objective_target__smap__seed1105,fm_objective_target,SMAP,1105,experiments/runs/fm_tsad_execution_v1/jobs/fm_objective_target__smap__seed1105/result.json,8c5ab057f143e6ebe0a324ed28136494cb3ba9008123bdea785e45ddc5fa989d,adffec9808debad9bcc6c38a61d5d9f2dc290adbf8a038d089e73df85ada4c57,c1d3ea3835047c56935148d115ea32a90a192c00466b62969034f21a634c95e6,0.1,182.70259268188573,strict_validation_only_no_pa_v1,0.1612137203166227,0.09534026409721275,0.11982007378445622,4888.0,25432.0,46381.0,0.5346952261715867,0.14660774346885883,0.045121416256903794,0.25,64,16,246.0625,71.25985244794629,"Offline window scores use future context; delay in source points, not causal latency. Missed events reported separately.",0.005050184095525095,0.254696604536472,entity_cluster,2.547000000020489,3.452999999979511,659268,,20,0.691810184476493,51,0,0.2945621249410291,51,0,0.6238594031142863,28,23,0.5699370593403156,28,23,0.401663409622028,51,0
fm_objective_target__smap__seed1105,fm_objective_target,SMAP,1105,experiments/runs/fm_tsad_execution_v1/jobs/fm_objective_target__smap__seed1105/result.json,8c5ab057f143e6ebe0a324ed28136494cb3ba9008123bdea785e45ddc5fa989d,adffec9808debad9bcc6c38a61d5d9f2dc290adbf8a038d089e73df85ada4c57,c1d3ea3835047c56935148d115ea32a90a192c00466b62969034f21a634c95e6,1.0,6.115551066398618,strict_validation_only_no_pa_v1,0.2733589132012859,0.20566034055667168,0.2347257933460224,10544.0,28028.0,40725.0,0.5346952261715867,0.14660774346885883,0.11683665639433989,0.59375,64,38,66.44736842105263,78.53378202308268,"Offline window scores use future context; delay in source points, not causal latency. Missed events reported separately.",0.03765775114221582,0.4075470049337199,entity_cluster,2.547000000020489,3.452999999979511,659268,,20,0.691810184476493,51,0,0.2945621249410291,51,0,0.5348197974232634,50,1,0.43543232660368747,50,1,0.7358980572510704,51,0
fm_objective_target__smap__seed1105,fm_objective_target,SMAP,1105,experiments/runs/fm_tsad_execution_v1/jobs/fm_objective_target__smap__seed1105/result.json,8c5ab057f143e6ebe0a324ed28136494cb3ba9008123bdea785e45ddc5fa989d,adffec9808debad9bcc6c38a61d5d9f2dc290adbf8a038d089e73df85ada4c57,c1d3ea3835047c56935148d115ea32a90a192c00466b62969034f21a634c95e6,5.0,2.6632260680198554,strict_validation_only_no_pa_v1,0.2224046428162346,0.22723283075542725,0.22479281434814907,11650.0,40732.0,39619.0,0.5346952261715867,0.14660774346885883,0.10438346101848849,0.78125,64,50,63.14,114.13008453561451,"Offline window scores use future context; delay in source points, not causal latency. Missed events reported separately.",0.07175998303589963,0.36335892445516443,entity_cluster,2.547000000020489,3.452999999979511,659268,,20,0.691810184476493,51,0,0.2945621249410291,51,0,0.5389207201483388,51,0,0.43029915169914823,51,0,0.7812640665048259,51,0
fm_objective_target__smap__seed1106,fm_objective_target,SMAP,1106,experiments/runs/fm_tsad_execution_v1/jobs/fm_objective_target__smap__seed1106/result.json,f6597288553c2f435b4d45369bb6f7f6506b50ba45496acb8aa9702048ff60ee,8d66b128f74c1da0c723fab22677c1463021a652aca3aa2ba856fafbae06bac7,37a1e704547120b59736ea2a72c535e0a8dcaf6ddc3db13cad75dfd9db0788a1,0.1,183.59093231201248,strict_validation_only_no_pa_v1,0.1609677206416265,0.09512570949306598,0.11958267436585873,4877.0,25421.0,46392.0,0.5350310014728806,0.14656184185844157,0.04604536052249459,0.203125,64,13,228.53846153846155,71.22903071245842,"Offline window scores use future context; delay in source points, not causal latency. Missed events reported separately.",0.005889248982230646,0.2907390052585501,entity_cluster,2.4379999998491257,3.421000000089407,659268,,20,0.6912063454770325,51,0,0.29401142175481737,51,0,0.5992458666718261,27,24,0.5549495390247393,27,24,0.36738206204797497,51,0
fm_objective_target__smap__seed1106,fm_objective_target,SMAP,1106,experiments/runs/fm_tsad_execution_v1/jobs/fm_objective_target__smap__seed1106/result.json,f6597288553c2f435b4d45369bb6f7f6506b50ba45496acb8aa9702048ff60ee,8d66b128f74c1da0c723fab22677c1463021a652aca3aa2ba856fafbae06bac7,37a1e704547120b59736ea2a72c535e0a8dcaf6ddc3db13cad75dfd9db0788a1,1.0,6.093411073684685,strict_validation_only_no_pa_v1,0.27372319486170105,0.20614796465700522,0.2351776237469543,10569.0,28043.0,40700.0,0.5350310014728806,0.14656184185844157,0.11752635721018585,0.65625,64,42,56.714285714285715,78.57581166238431,"Offline window scores use future context; delay in source points, not causal latency. Missed events reported separately.",0.0463583550141091,0.4422393242351297,entity_cluster,2.4379999998491257,3.421000000089407,659268,,20,0.6912063454770325,51,0,0.29401142175481737,51,0,0.5388642359254051,50,1,0.43793483194683575,50,1,0.7410250472599065,51,0
fm_objective_target__smap__seed1106,fm_objective_target,SMAP,1106,experiments/runs/fm_tsad_execution_v1/jobs/fm_objective_target__smap__seed1106/result.json,f6597288553c2f435b4d45369bb6f7f6506b50ba45496acb8aa9702048ff60ee,8d66b128f74c1da0c723fab22677c1463021a652aca3aa2ba856fafbae06bac7,37a1e704547120b59736ea2a72c535e0a8dcaf6ddc3db13cad75dfd9db0788a1,5.0,2.6016751289367663,strict_validation_only_no_pa_v1,0.22181237403506104,0.2275449101796407,0.2246420765816508,11666.0,40928.0,39603.0,0.5350310014728806,0.14656184185844157,0.10719089901825608,0.78125,64,50,63.02,114.67927182248921,"Offline window scores use future context; delay in source points, not causal latency. Missed events reported separately.",0.057473511809358786,0.4095221843488133,entity_cluster,2.4379999998491257,3.421000000089407,659268,,20,0.6912063454770325,51,0,0.29401142175481737,51,0,0.5388262862453458,51,0,0.4307283158345169,51,0,0.78030965865305,51,0
fm_objective_target__smap__seed1107,fm_objective_target,SMAP,1107,experiments/runs/fm_tsad_execution_v1/jobs/fm_objective_target__smap__seed1107/result.json,fb7d23f51dff35069f38b20d18c16fbe2178ae0505daf3677c01008f03f27215,be3bb2d01f612aa188962e9038690bee63c387f7832e7ed1a619db8da3b721b7,a77761e367676d82f9bcf8a059718149d02a7c184bb77b513cd935da703656fa,0.1,181.61623571777392,strict_validation_only_no_pa_v1,0.16098703526539768,0.09518422438510601,0.11963423304160231,4880.0,25433.0,46389.0,0.5358440754982976,0.1471523686930456,0.04425440927016219,0.265625,64,17,241.41176470588235,71.26265442389973,"Offline window scores use future context; delay in source points, not causal latency. Missed events reported separately.",0.005767454026673374,0.2904719455503881,entity_cluster,2.4840000001713634,3.530999999959022,659268,,20,0.6866670552371877,51,0,0.2943459382837122,51,0,0.6533173439155857,27,24,0.5949020004510949,27,24,0.40745312614295226,51,0
fm_objective_target__smap__seed1107,fm_objective_target,SMAP,1107,experiments/runs/fm_tsad_execution_v1/jobs/fm_objective_target__smap__seed1107/result.json,fb7d23f51dff35069f38b20d18c16fbe2178ae0505daf3677c01008f03f27215,be3bb2d01f612aa188962e9038690bee63c387f7832e7ed1a619db8da3b721b7,a77761e367676d82f9bcf8a059718149d02a7c184bb77b513cd935da703656fa,1.0,6.1043272733688285,strict_validation_only_no_pa_v1,0.273915857605178,0.20636251926115196,0.2353883462745011,10580.0,28045.0,40689.0,0.5358440754982976,0.1471523686930456,0.11824780475170216,0.65625,64,42,58.333333333333336,78.5814156142912,"Offline window scores use future context; delay in source points, not causal latency. Missed events reported separately.",0.044177787576020776,0.41826054972818943,entity_cluster,2.4840000001713634,3.530999999959022,659268,,20,0.6866670552371877,51,0,0.2943459382837122,51,0,0.5377435016887684,50,1,0.43676388866112736,50,1,0.7408378345729213,51,0
fm_objective_target__smap__seed1107,fm_objective_target,SMAP,1107,experiments/runs/fm_tsad_execution_v1/jobs/fm_objective_target__smap__seed1107/result.json,fb7d23f51dff35069f38b20d18c16fbe2178ae0505daf3677c01008f03f27215,be3bb2d01f612aa188962e9038690bee63c387f7832e7ed1a619db8da3b721b7,a77761e367676d82f9bcf8a059718149d02a7c184bb77b513cd935da703656fa,5.0,2.571694922447204,strict_validation_only_no_pa_v1,0.22182716988306872,0.22756441514365405,0.22465916968343216,11667.0,40928.0,39602.0,0.5358440754982976,0.1471523686930456,0.10262336234958869,0.78125,64,50,63.08,114.67927182248921,"Offline window scores use future context; delay in source points, not causal latency. Missed events reported separately.",0.06607984680307268,0.38042101643167414,entity_cluster,2.4840000001713634,3.530999999959022,659268,,20,0.6866670552371877,51,0,0.2943459382837122,51,0,0.535987268240287,51,0,0.425633106825919,51,0,0.7812576849236393,51,0
fm_objective_vp__smap__seed1103,fm_objective_vp,SMAP,1103,experiments/runs/fm_tsad_execution_v1/jobs/fm_objective_vp__smap__seed1103/result.json,f76abbba3121f14275fb18081e5bb4a8db4e2ad89c1386b6ced5047b619aa750,9e4c762d6d2c22fe3bcfa6f1e29d7520dbad02e31f80efd7155510780ae572ab,42f22ccb3b47e3cda82b0ceee53d1250d40468296724d37c8876be638b43a6af,0.1,225.5127502899186,strict_validation_only_no_pa_v1,0.17672762582942222,0.10649710351284401,0.1329049218635899,5460.0,25435.0,45809.0,0.5502977849992493,0.14963386357446368,0.04653252048297234,0.265625,64,17,213.76470588235293,71.26825837580662,"Offline window scores use future context; delay in source points, not causal latency. Missed events reported separately.",0.004798375534980737,0.2949232109466708,entity_cluster,2.469000000040978,3.5629999998491257,659268,,20,0.6947654279179803,51,0,0.28963014274781806,51,0,0.6684591960888118,26,25,0.6035563406058876,26,25,0.4054299149911418,51,0
fm_objective_vp__smap__seed1103,fm_objective_vp,SMAP,1103,experiments/runs/fm_tsad_execution_v1/jobs/fm_objective_vp__smap__seed1103/result.json,f76abbba3121f14275fb18081e5bb4a8db4e2ad89c1386b6ced5047b619aa750,9e4c762d6d2c22fe3bcfa6f1e29d7520dbad02e31f80efd7155510780ae572ab,42f22ccb3b47e3cda82b0ceee53d1250d40468296724d37c8876be638b43a6af,1.0,7.77655013561247,strict_validation_only_no_pa_v1,0.26921372911834457,0.20148627825781662,0.23047746541722444,10330.0,28041.0,40939.0,0.5502977849992493,0.14963386357446368,0.10989549042974175,0.625,64,40,59.65,78.57020771047743,"Offline window scores use future context; delay in source points, not causal latency. Missed events reported separately.",0.0177599134986024,0.44579976054850456,entity_cluster,2.469000000040978,3.5629999998491257,659268,,20,0.6947654279179803,51,0,0.28963014274781806,51,0,0.5353555913876995,50,1,0.43293312323736666,50,1,0.7398331482391041,51,0
fm_objective_vp__smap__seed1103,fm_objective_vp,SMAP,1103,experiments/runs/fm_tsad_execution_v1/jobs/fm_objective_vp__smap__seed1103/result.json,f76abbba3121f14275fb18081e5bb4a8db4e2ad89c1386b6ced5047b619aa750,9e4c762d6d2c22fe3bcfa6f1e29d7520dbad02e31f80efd7155510780ae572ab,42f22ccb3b47e3cda82b0ceee53d1250d40468296724d37c8876be638b43a6af,5.0,3.357520329952223,strict_validation_only_no_pa_v1,0.20955375365436593,0.22229807486005188,0.2157378662830317,11397.0,42990.0,39872.0,0.5502977849992493,0.14963386357446368,0.09913081967385205,0.78125,64,50,63.12,120.45694623848738,"Offline window scores use future context; delay in source points, not causal latency. Missed events reported separately.",0.03147108496578324,0.396075770223244,entity_cluster,2.469000000040978,3.5629999998491257,659268,,20,0.6947654279179803,51,0,0.28963014274781806,51,0,0.5330385267727433,51,0,0.42178376728046874,51,0,0.7813349173257801,51,0
fm_objective_vp__smap__seed1104,fm_objective_vp,SMAP,1104,experiments/runs/fm_tsad_execution_v1/jobs/fm_objective_vp__smap__seed1104/result.json,31f1bddc0775f6192f1929912fc8cef9bef6d222a13b83a555f4095ad0d9ce2a,45ef285b01984006ce1c220d6a201cda611c2dd800ce7b196a278ca220bfcbd7,6fbb6a0f34a91ee7bf1e0921ea46cf2c45c3399bda2773688f5a5163991e8d3a,0.1,226.7873693084718,strict_validation_only_no_pa_v1,0.17593882642646536,0.10591195459244378,0.13222617250280036,5430.0,25433.0,45839.0,0.5515420089550745,0.14997753948549702,0.04641475792354274,0.265625,64,17,214.76470588235293,71.26265442389973,"Offline window scores use future context; delay in source points, not causal latency. Missed events reported separately.",0.005181841889375157,0.2962018193830407,entity_cluster,2.4839999999385327,3.530999999959022,659268,,20,0.6930957958524867,51,0,0.28725357517988276,51,0,0.6545678173185925,27,24,0.5953243477669282,27,24,0.40789868479748115,51,0
fm_objective_vp__smap__seed1104,fm_objective_vp,SMAP,1104,experiments/runs/fm_tsad_execution_v1/jobs/fm_objective_vp__smap__seed1104/result.json,31f1bddc0775f6192f1929912fc8cef9bef6d222a13b83a555f4095ad0d9ce2a,45ef285b01984006ce1c220d6a201cda611c2dd800ce7b196a278ca220bfcbd7,6fbb6a0f34a91ee7bf1e0921ea46cf2c45c3399bda2773688f5a5163991e8d3a,1.0,7.782417454719538,strict_validation_only_no_pa_v1,0.26897324336294715,0.20136924847373658,0.23031276491322,10324.0,28059.0,40945.0,0.5515420089550745,0.14997753948549702,0.10886165102150211,0.59375,64,38,64.07894736842105,78.62064327763939,"Offline window scores use future context; delay in source points, not causal latency. Missed events reported separately.",0.031039781709474405,0.45019208418776197,entity_cluster,2.4839999999385327,3.530999999959022,659268,,20,0.6930957958524867,51,0,0.28725357517988276,51,0,0.5342998879642596,50,1,0.43247074032612914,50,1,0.7361419223663803,51,0
fm_objective_vp__smap__seed1104,fm_objective_vp,SMAP,1104,experiments/runs/fm_tsad_execution_v1/jobs/fm_objective_vp__smap__seed1104/result.json,31f1bddc0775f6192f1929912fc8cef9bef6d222a13b83a555f4095ad0d9ce2a,45ef285b01984006ce1c220d6a201cda611c2dd800ce7b196a278ca220bfcbd7,6fbb6a0f34a91ee7bf1e0921ea46cf2c45c3399bda2773688f5a5163991e8d3a,5.0,3.3380630850791686,strict_validation_only_no_pa_v1,0.21148690830303699,0.2246581755056662,0.21787366051583734,11518.0,42944.0,39751.0,0.5515420089550745,0.14997753948549702,0.10150678387984151,0.78125,64,50,62.88,120.32805534462904,"Offline window scores use future context; delay in source points, not causal latency. Missed events reported separately.",0.0498366114844584,0.39170871464515394,entity_cluster,2.4839999999385327,3.530999999959022,659268,,20,0.6930957958524867,51,0,0.28725357517988276,51,0,0.5329491764064318,51,0,0.4224975585717301,51,0,0.7805253643521298,51,0
fm_objective_vp__smap__seed1105,fm_objective_vp,SMAP,1105,experiments/runs/fm_tsad_execution_v1/jobs/fm_objective_vp__smap__seed1105/result.json,6d82f12bc7a947c2f9903837e1af39b23fb89344df0527525f98fbf0cd26bf49,b0dbeaa2227a035c3d6ec1cf06e5e69922ffb78632024f16d88640e0a3d36a5a,2cc242ab3902a988b930ad13824e77780af00cedf29eab95c355307d75216fa3,0.1,225.07759312439018,strict_validation_only_no_pa_v1,0.17676931038944235,0.10659462833291072,0.1329926385593478,5465.0,25451.0,45804.0,0.5460711489384905,0.14835128841993156,0.04645677370133936,0.265625,64,17,216.7058823529412,71.3130899910617,"Offline window scores use future context; delay in source points, not causal latency. Missed events reported separately.",0.005047774905259073,0.2817895882656004,entity_cluster,2.75,3.515000000130385,659268,,20,0.6871002639336135,51,0,0.2879787649120265,51,0,0.6328962234669239,28,23,0.5699015718184607,28,23,0.4160919078985229,51,0
fm_objective_vp__smap__seed1105,fm_objective_vp,SMAP,1105,experiments/runs/fm_tsad_execution_v1/jobs/fm_objective_vp__smap__seed1105/result.json,6d82f12bc7a947c2f9903837e1af39b23fb89344df0527525f98fbf0cd26bf49,b0dbeaa2227a035c3d6ec1cf06e5e69922ffb78632024f16d88640e0a3d36a5a,2cc242ab3902a988b930ad13824e77780af00cedf29eab95c355307d75216fa3,1.0,7.791992897987354,strict_validation_only_no_pa_v1,0.2686035321351471,0.20142776336577659,0.23021534620357573,10327.0,28120.0,40942.0,0.5460711489384905,0.14835128841993156,0.10522792298204409,0.59375,64,38,61.921052631578945,78.79156381079937,"Offline window scores use future context; delay in source points, not causal latency. Missed events reported separately.",0.026317126217105333,0.4001670281632667,entity_cluster,2.75,3.515000000130385,659268,,20,0.6871002639336135,51,0,0.2879787649120265,51,0,0.5304690636779386,50,1,0.4280606588468606,50,1,0.7347868986491105,51,0
fm_objective_vp__smap__seed1105,fm_objective_vp,SMAP,1105,experiments/runs/fm_tsad_execution_v1/jobs/fm_objective_vp__smap__seed1105/result.json,6d82f12bc7a947c2f9903837e1af39b23fb89344df0527525f98fbf0cd26bf49,b0dbeaa2227a035c3d6ec1cf06e5e69922ffb78632024f16d88640e0a3d36a5a,2cc242ab3902a988b930ad13824e77780af00cedf29eab95c355307d75216fa3,5.0,3.3843713164329454,strict_validation_only_no_pa_v1,0.20941202483831145,0.22167391601162495,0.21536858063293537,11365.0,42906.0,39904.0,0.5460711489384905,0.14835128841993156,0.09950131256582448,0.78125,64,50,63.16,120.22158025839822,"Offline window scores use future context; delay in source points, not causal latency. Missed events reported separately.",0.06022453918603232,0.35028913667840356,entity_cluster,2.75,3.515000000130385,659268,,20,0.6871002639336135,51,0,0.2879787649120265,51,0,0.5328082618117592,51,0,0.4221883389192154,51,0,0.7804600697325075,51,0
fm_objective_vp__smap__seed1106,fm_objective_vp,SMAP,1106,experiments/runs/fm_tsad_execution_v1/jobs/fm_objective_vp__smap__seed1106/result.json,388ab849be1787554da995d2a89584c8884ee933d0afed766b88025eee38bf8d,92ed07a87fade96770bc77578748fb5e133e222896cb6d84021e59c03eee57da,c49f06e57e12c8195b196299b2452e0f41f88dc150ae2898aed09e2a1802aa0a,0.1,225.6643792419439,strict_validation_only_no_pa_v1,0.17649533920248575,0.10636056876475063,0.13273291547495894,5453.0,25443.0,45816.0,0.5504839320028202,0.14947914944092397,0.0464863408315101,0.265625,64,17,213.58823529411765,71.29067418343416,"Offline window scores use future context; delay in source points, not causal latency. Missed events reported separately.",0.005860649966702206,0.3204615191431585,entity_cluster,2.452999999979511,3.5629999998491257,659268,,20,0.6931455979926074,51,0,0.2936926395443532,51,0,0.6339364670749933,28,23,0.5848944968128534,28,23,0.4064092788768028,51,0
fm_objective_vp__smap__seed1106,fm_objective_vp,SMAP,1106,experiments/runs/fm_tsad_execution_v1/jobs/fm_objective_vp__smap__seed1106/result.json,388ab849be1787554da995d2a89584c8884ee933d0afed766b88025eee38bf8d,92ed07a87fade96770bc77578748fb5e133e222896cb6d84021e59c03eee57da,c49f06e57e12c8195b196299b2452e0f41f88dc150ae2898aed09e2a1802aa0a,1.0,7.826329841613769,strict_validation_only_no_pa_v1,0.2693582482971005,0.20131073358169654,0.23041546670238652,10321.0,27996.0,40948.0,0.5504839320028202,0.14947914944092397,0.1090155511306165,0.625,64,40,60.875,78.44411879257252,"Offline window scores use future context; delay in source points, not causal latency. Missed events reported separately.",0.03250212499927367,0.4374128618250983,entity_cluster,2.452999999979511,3.5629999998491257,659268,,20,0.6931455979926074,51,0,0.2936926395443532,51,0,0.5314673028244933,50,1,0.42870007986678826,50,1,0.7374555126747703,51,0
fm_objective_vp__smap__seed1106,fm_objective_vp,SMAP,1106,experiments/runs/fm_tsad_execution_v1/jobs/fm_objective_vp__smap__seed1106/result.json,388ab849be1787554da995d2a89584c8884ee933d0afed766b88025eee38bf8d,92ed07a87fade96770bc77578748fb5e133e222896cb6d84021e59c03eee57da,c49f06e57e12c8195b196299b2452e0f41f88dc150ae2898aed09e2a1802aa0a,5.0,3.3608550786971856,strict_validation_only_no_pa_v1,0.2073963570731348,0.21964539975423744,0.2133452058427903,11261.0,43036.0,40008.0,0.5504839320028202,0.14947914944092397,0.09748686879814203,0.78125,64,50,63.14,120.58583713234573,"Offline window scores use future context; delay in source points, not causal latency. Missed events reported separately.",0.046861871353051816,0.3969424999613802,entity_cluster,2.452999999979511,3.5629999998491257,659268,,20,0.6931455979926074,51,0,0.2936926395443532,51,0,0.5328989274454814,51,0,0.42166988814069883,51,0,0.7813352798213602,51,0
fm_objective_vp__smap__seed1107,fm_objective_vp,SMAP,1107,experiments/runs/fm_tsad_execution_v1/jobs/fm_objective_vp__smap__seed1107/result.json,3f60737f21fb27e41074524f0f9c607c858e293e0ee504f0506776b4a0f3608b,4341f08609b3d1a34174705eaf2bf644de341ae6afcfe2a26ac27a8dc29682be,23c8082ea64612c27a5a07b4b47c873dd75d02d579d1f54b9f8d705a38a79e96,0.1,226.1400359191896,strict_validation_only_no_pa_v1,0.17461965160411327,0.10499522128381673,0.13113915416098226,5383.0,25444.0,45886.0,0.54947996785251,0.14978831554938327,0.046148072738494576,0.265625,64,17,224.2941176470588,71.2934761593876,"Offline window scores use future context; delay in source points, not causal latency. Missed events reported separately.",0.005766463148151883,0.31706000922725464,entity_cluster,2.3910000000614673,3.6089999999385327,659268,,20,0.6902541923230187,51,0,0.2883777261929211,51,0,0.6449200241553248,27,24,0.5854546489986602,27,24,0.404427838550386,51,0
fm_objective_vp__smap__seed1107,fm_objective_vp,SMAP,1107,experiments/runs/fm_tsad_execution_v1/jobs/fm_objective_vp__smap__seed1107/result.json,3f60737f21fb27e41074524f0f9c607c858e293e0ee504f0506776b4a0f3608b,4341f08609b3d1a34174705eaf2bf644de341ae6afcfe2a26ac27a8dc29682be,23c8082ea64612c27a5a07b4b47c873dd75d02d579d1f54b9f8d705a38a79e96,1.0,7.776311697959878,strict_validation_only_no_pa_v1,0.2691826522101751,0.20144726832978993,0.23044055468166047,10328.0,28040.0,40941.0,0.54947996785251,0.14978831554938327,0.1124809460468202,0.59375,64,38,63.18421052631579,78.56740573452399,"Offline window scores use future context; delay in source points, not causal latency. Missed events reported separately.",0.030626762842341355,0.41454950943813407,entity_cluster,2.3910000000614673,3.6089999999385327,659268,,20,0.6902541923230187,51,0,0.2883777261929211,51,0,0.5364147561066185,50,1,0.4362093327346335,50,1,0.7370989506999711,51,0
fm_objective_vp__smap__seed1107,fm_objective_vp,SMAP,1107,experiments/runs/fm_tsad_execution_v1/jobs/fm_objective_vp__smap__seed1107/result.json,3f60737f21fb27e41074524f0f9c607c858e293e0ee504f0506776b4a0f3608b,4341f08609b3d1a34174705eaf2bf644de341ae6afcfe2a26ac27a8dc29682be,23c8082ea64612c27a5a07b4b47c873dd75d02d579d1f54b9f8d705a38a79e96,5.0,3.3619120359420713,strict_validation_only_no_pa_v1,0.21519507186858317,0.2248532251457996,0.21991816022663324,11528.0,42042.0,39741.0,0.54947996785251,0.14978831554938327,0.10138157933546038,0.78125,64,50,62.76,117.80067303462401,"Offline window scores use future context; delay in source points, not causal latency. Missed events reported separately.",0.058970182699912735,0.3713353273305107,entity_cluster,2.3910000000614673,3.6089999999385327,659268,,20,0.6902541923230187,51,0,0.2883777261929211,51,0,0.5339642788001149,51,0,0.42333909795846586,51,0,0.781451147127847,51,0
fm_objective_independent__msl__seed1103,fm_objective_independent,MSL,1103,experiments/runs/fm_tsad_execution_v1/jobs/fm_objective_independent__msl__seed1103/result.json,7984550c108b3aaaca76f8eb497786cf317c5fbfe31c72ae92388eee3742eee0,7df59ae0aeead0cb9fd2d41568d3d3e5752bd8171de2dbf2b44f2ae6ff20b805,041db745efe10d3f505fe9de1b18b9c59b3d98d7daff6c0105013b240db4d684,0.1,32.27686824798598,strict_validation_only_no_pa_v1,0.05301204819277108,0.06408049781543758,0.05802313732542109,484.0,8646.0,7069.0,0.5463608667283777,0.11473862025341358,0.04406141491122036,0.15151515151515152,33,5,102.2,135.37931574414782,"Offline window scores use future context; delay in source points, not causal latency. Missed events reported separately.",0.007785324137120741,0.10948387638268396,entity_cluster,2.3899999998975545,1.75,1430268,,20,0.7073613380785169,26,0,0.27765806916494806,26,0,0.6665537532344894,11,15,0.5823457587934165,11,15,0.34562082710047226,26,0
fm_objective_independent__msl__seed1103,fm_objective_independent,MSL,1103,experiments/runs/fm_tsad_execution_v1/jobs/fm_objective_independent__msl__seed1103/result.json,7984550c108b3aaaca76f8eb497786cf317c5fbfe31c72ae92388eee3742eee0,7df59ae0aeead0cb9fd2d41568d3d3e5752bd8171de2dbf2b44f2ae6ff20b805,041db745efe10d3f505fe9de1b18b9c59b3d98d7daff6c0105013b240db4d684,1.0,4.225477814674376,strict_validation_only_no_pa_v1,0.06270691333982473,0.08526413345690455,0.07226617292262806,644.0,9626.0,6909.0,0.5463608667283777,0.11473862025341358,0.07162777015246884,0.8181818181818182,33,27,54.7037037037037,150.7241838252564,"Offline window scores use future context; delay in source points, not causal latency. Missed events reported separately.",0.037303186821648925,0.12766056493277303,entity_cluster,2.3899999998975545,1.75,1430268,,20,0.7073613380785169,26,0,0.27765806916494806,26,0,0.7264285442530927,26,0,0.5889475096275083,26,0,0.9698553675637185,26,0
fm_objective_independent__msl__seed1103,fm_objective_independent,MSL,1103,experiments/runs/fm_tsad_execution_v1/jobs/fm_objective_independent__msl__seed1103/result.json,7984550c108b3aaaca76f8eb497786cf317c5fbfe31c72ae92388eee3742eee0,7df59ae0aeead0cb9fd2d41568d3d3e5752bd8171de2dbf2b44f2ae6ff20b805,041db745efe10d3f505fe9de1b18b9c59b3d98d7daff6c0105013b240db4d684,5.0,1.6952723562717438,strict_validation_only_no_pa_v1,0.1116866063612489,0.20270091354428704,0.14401956634212879,1531.0,12177.0,6022.0,0.5463608667283777,0.11473862025341358,0.13639540283560078,0.9393939393939394,33,31,11.064516129032258,190.66781492210131,"Offline window scores use future context; delay in source points, not causal latency. Missed events reported separately.",0.07239212989545211,0.3004618645953945,entity_cluster,2.3899999998975545,1.75,1430268,,20,0.7073613380785169,26,0,0.27765806916494806,26,0,0.713257717527834,26,0,0.5642043880573794,26,0,0.9900415089797892,26,0
fm_objective_independent__msl__seed1104,fm_objective_independent,MSL,1104,experiments/runs/fm_tsad_execution_v1/jobs/fm_objective_independent__msl__seed1104/result.json,defee0340a703537b651ecfc724c5be4b502e9ce2acbd89d4d41da7fe3aed2ef,725347f489a0a8701d9f64a761a59741282f8e37d63265cbf8afc57913b7c7a7,fc25f9d69e906f08d9b31623c70f56e07c8429fd13b1401e0da5646f12b9c02b,0.1,32.32039505004905,strict_validation_only_no_pa_v1,0.05319614711033275,0.06434529326095591,0.05824195577925579,486.0,8650.0,7067.0,0.5469020503238012,0.11528772409154825,0.04419059731062076,0.15151515151515152,33,5,101.8,135.4419478587646,"Offline window scores use future context; delay in source points, not causal latency. Missed events reported separately.",0.0031728080901418714,0.13036317123705624,entity_cluster,2.4379999998491257,1.718000000109896,1430268,,20,0.7055495711438873,26,0,0.27727300174089015,26,0,0.6231557263840187,11,15,0.5509773715059272,11,15,0.3173186509420259,26,0
fm_objective_independent__msl__seed1104,fm_objective_independent,MSL,1104,experiments/runs/fm_tsad_execution_v1/jobs/fm_objective_independent__msl__seed1104/result.json,defee0340a703537b651ecfc724c5be4b502e9ce2acbd89d4d41da7fe3aed2ef,725347f489a0a8701d9f64a761a59741282f8e37d63265cbf8afc57913b7c7a7,fc25f9d69e906f08d9b31623c70f56e07c8429fd13b1401e0da5646f12b9c02b,1.0,4.262194597721099,strict_validation_only_no_pa_v1,0.06298751950078003,0.08552892890242288,0.07254758829805155,646.0,9610.0,6907.0,0.5469020503238012,0.11528772409154825,0.07160395100499403,0.7878787878787878,33,26,52.61538461538461,150.47365536678933,"Offline window scores use future context; delay in source points, not causal latency. Missed events reported separately.",0.03525195476836375,0.14778455198283116,entity_cluster,2.4379999998491257,1.718000000109896,1430268,,20,0.7055495711438873,26,0,0.27727300174089015,26,0,0.7242811340846376,26,0,0.5875922403077101,26,0,0.9667809859909432,26,0
fm_objective_independent__msl__seed1104,fm_objective_independent,MSL,1104,experiments/runs/fm_tsad_execution_v1/jobs/fm_objective_independent__msl__seed1104/result.json,defee0340a703537b651ecfc724c5be4b502e9ce2acbd89d4d41da7fe3aed2ef,725347f489a0a8701d9f64a761a59741282f8e37d63265cbf8afc57913b7c7a7,fc25f9d69e906f08d9b31623c70f56e07c8429fd13b1401e0da5646f12b9c02b,5.0,1.672636017203331,strict_validation_only_no_pa_v1,0.10711681493364444,0.1944922547332186,0.13814830488550336,1469.0,12245.0,6084.0,0.5469020503238012,0.11528772409154825,0.13386467204341132,0.9393939393939394,33,31,10.96774193548387,191.73256087058638,"Offline window scores use future context; delay in source points, not causal latency. Missed events reported separately.",0.07163268141177495,0.24920145447482842,entity_cluster,2.4379999998491257,1.718000000109896,1430268,,20,0.7055495711438873,26,0,0.27727300174089015,26,0,0.7108182537342131,26,0,0.561230188834726,26,0,0.9900567610700215,26,0
fm_objective_independent__msl__seed1105,fm_objective_independent,MSL,1105,experiments/runs/fm_tsad_execution_v1/jobs/fm_objective_independent__msl__seed1105/result.json,00d3cb0381125dfb7915fcce474fa49a6906041aac921e5fbac56cce6b2817c0,daf7687534e72f5273507356dda29de4caa8ff2157b1541fed8690cce5f98a89,d7f65ca33cd06d2d428e710f9e56fffb285cc260671c045af8159a1a11b184dc,0.1,32.10608696937603,strict_validation_only_no_pa_v1,0.05400289500055673,0.06421289553819674,0.05866698923430507,485.0,8496.0,7068.0,0.5405418059362421,0.1156419027761585,0.045216064690221276,0.18181818181818182,33,6,86.16666666666667,133.03061144601895,"Offline window scores use future context; delay in source points, not causal latency. Missed events reported separately.",0.002342193841729204,0.12652147223633206,entity_cluster,2.4840000001713634,1.6870000001508743,1430268,,20,0.7031494486098209,26,0,0.28008801939855427,26,0,0.6920629437782723,12,14,0.6152174040324353,12,14,0.38344827414751964,26,0
fm_objective_independent__msl__seed1105,fm_objective_independent,MSL,1105,experiments/runs/fm_tsad_execution_v1/jobs/fm_objective_independent__msl__seed1105/result.json,00d3cb0381125dfb7915fcce474fa49a6906041aac921e5fbac56cce6b2817c0,daf7687534e72f5273507356dda29de4caa8ff2157b1541fed8690cce5f98a89,d7f65ca33cd06d2d428e710f9e56fffb285cc260671c045af8159a1a11b184dc,1.0,4.232713174819943,strict_validation_only_no_pa_v1,0.06310868718348267,0.08579372434794122,0.07272319174008193,648.0,9620.0,6905.0,0.5405418059362421,0.1156419027761585,0.07212797008759742,0.8181818181818182,33,27,52.666666666666664,150.63023565333125,"Offline window scores use future context; delay in source points, not causal latency. Missed events reported separately.",0.036512230246975946,0.1456673093486774,entity_cluster,2.4840000001713634,1.6870000001508743,1430268,,20,0.7031494486098209,26,0,0.28008801939855427,26,0,0.7278520304510055,26,0,0.5925365393986429,26,0,0.9684635412138943,26,0
fm_objective_independent__msl__seed1105,fm_objective_independent,MSL,1105,experiments/runs/fm_tsad_execution_v1/jobs/fm_objective_independent__msl__seed1105/result.json,00d3cb0381125dfb7915fcce474fa49a6906041aac921e5fbac56cce6b2817c0,daf7687534e72f5273507356dda29de4caa8ff2157b1541fed8690cce5f98a89,d7f65ca33cd06d2d428e710f9e56fffb285cc260671c045af8159a1a11b184dc,5.0,1.6957923769950867,strict_validation_only_no_pa_v1,0.10983462607932094,0.19872898186151197,0.14147697817993307,1501.0,12165.0,6052.0,0.5405418059362421,0.1156419027761585,0.13584659296357893,0.9393939393939394,33,31,10.96774193548387,190.479918578251,"Offline window scores use future context; delay in source points, not causal latency. Missed events reported separately.",0.0710880436374712,0.2809030886220673,entity_cluster,2.4840000001713634,1.6870000001508743,1430268,,20,0.7031494486098209,26,0,0.28008801939855427,26,0,0.7140267690585597,26,0,0.5650136578274191,26,0,0.990118213502905,26,0
fm_objective_independent__msl__seed1106,fm_objective_independent,MSL,1106,experiments/runs/fm_tsad_execution_v1/jobs/fm_objective_independent__msl__seed1106/result.json,c5eeabca9f3ddd96d60913756030c410c71a0aa5c40f10200a973b822bb4c633,f2e82f0b60bed27c3033a167c047253355e35d90fcd09aba3611749c7c628c81,4d7a9adf7cf1a364a2919505864e4e4d60a917afd890dfa000bc6183bda0cfc2,0.1,32.272656822204624,strict_validation_only_no_pa_v1,0.05349929031553663,0.06487488415199258,0.05864049784585926,490.0,8669.0,7063.0,0.5462434159653162,0.1159150113260165,0.04443129404158896,0.15151515151515152,33,5,100.4,135.73945040319424,"Offline window scores use future context; delay in source points, not causal latency. Missed events reported separately.",0.0033147370194787145,0.13082506362821297,entity_cluster,2.405999999959022,1.75,1430268,,20,0.7025875519759891,26,0,0.277869280014181,26,0,0.6637585900468648,11,15,0.5789106079159979,11,15,0.3456358475297924,26,0
fm_objective_independent__msl__seed1106,fm_objective_independent,MSL,1106,experiments/runs/fm_tsad_execution_v1/jobs/fm_objective_independent__msl__seed1106/result.json,c5eeabca9f3ddd96d60913756030c410c71a0aa5c40f10200a973b822bb4c633,f2e82f0b60bed27c3033a167c047253355e35d90fcd09aba3611749c7c628c81,4d7a9adf7cf1a364a2919505864e4e4d60a917afd890dfa000bc6183bda0cfc2,1.0,4.181930637359614,strict_validation_only_no_pa_v1,0.0634828188701223,0.08658811068449623,0.07325679081489779,654.0,9648.0,6899.0,0.5462434159653162,0.1159150113260165,0.07268115751052788,0.8181818181818182,33,27,52.629629629629626,151.06866045564863,"Offline window scores use future context; delay in source points, not causal latency. Missed events reported separately.",0.03785131240589524,0.1448977860519275,entity_cluster,2.405999999959022,1.75,1430268,,20,0.7025875519759891,26,0,0.277869280014181,26,0,0.7252330385502226,26,0,0.5874203182624119,26,0,0.9697224496987668,26,0
fm_objective_independent__msl__seed1106,fm_objective_independent,MSL,1106,experiments/runs/fm_tsad_execution_v1/jobs/fm_objective_independent__msl__seed1106/result.json,c5eeabca9f3ddd96d60913756030c410c71a0aa5c40f10200a973b822bb4c633,f2e82f0b60bed27c3033a167c047253355e35d90fcd09aba3611749c7c628c81,4d7a9adf7cf1a364a2919505864e4e4d60a917afd890dfa000bc6183bda0cfc2,5.0,1.6884863525629044,strict_validation_only_no_pa_v1,0.1096901490792166,0.19872898186151197,0.14135706549889343,1501.0,12183.0,6052.0,0.5462434159653162,0.1159150113260165,0.13465386445756375,0.9393939393939394,33,31,11.129032258064516,190.76176309402646,"Offline window scores use future context; delay in source points, not causal latency. Missed events reported separately.",0.07189012543911559,0.27492855778747693,entity_cluster,2.405999999959022,1.75,1430268,,20,0.7025875519759891,26,0,0.277869280014181,26,0,0.7125293157695809,26,0,0.5633512232987116,26,0,0.9900535755429173,26,0
fm_objective_independent__msl__seed1107,fm_objective_independent,MSL,1107,experiments/runs/fm_tsad_execution_v1/jobs/fm_objective_independent__msl__seed1107/result.json,5d8f0c898d16e1ce3741c0ab9c16b8a5404837b7dc2b4eedae38838f6b7cdaf4,0caf6e1ddc232ed19810b4626d5fa49b6b82c5325d63c5a54adae7c5686009ec,28a95bbfe44ba222d67c1d7bd2582cc07be88fb4f2c416decae311d2d7acdeed,0.1,31.89353552818319,strict_validation_only_no_pa_v1,0.053356658648589544,0.06461008870647425,0.05844661356967483,488.0,8658.0,7065.0,0.5460531231325045,0.11605163729357229,0.04533369967778301,0.18181818181818182,33,6,85.0,135.56721208799812,"Offline window scores use future context; delay in source points, not causal latency. Missed events reported separately.",0.005029829568476873,0.11383539593342577,entity_cluster,2.4689999998081475,1.7190000000409782,1430268,,20,0.7073375265248584,26,0,0.27960210883153175,26,0,0.6919416989338515,12,14,0.6092134467046085,12,14,0.3834602194418511,26,0
fm_objective_independent__msl__seed1107,fm_objective_independent,MSL,1107,experiments/runs/fm_tsad_execution_v1/jobs/fm_objective_independent__msl__seed1107/result.json,5d8f0c898d16e1ce3741c0ab9c16b8a5404837b7dc2b4eedae38838f6b7cdaf4,0caf6e1ddc232ed19810b4626d5fa49b6b82c5325d63c5a54adae7c5686009ec,28a95bbfe44ba222d67c1d7bd2582cc07be88fb4f2c416decae311d2d7acdeed,1.0,4.182366633415217,strict_validation_only_no_pa_v1,0.06299825004860976,0.08579372434794122,0.07264981220920455,648.0,9638.0,6905.0,0.5460531231325045,0.11605163729357229,0.07140469510034864,0.7878787878787878,33,26,50.53846153846154,150.9120801691067,"Offline window scores use future context; delay in source points, not causal latency. Missed events reported separately.",0.037261170690615436,0.12619865265020777,entity_cluster,2.4689999998081475,1.7190000000409782,1430268,,20,0.7073375265248584,26,0,0.27960210883153175,26,0,0.7240264538784587,26,0,0.5873032458092007,26,0,0.9674096099991158,26,0
fm_objective_independent__msl__seed1107,fm_objective_independent,MSL,1107,experiments/runs/fm_tsad_execution_v1/jobs/fm_objective_independent__msl__seed1107/result.json,5d8f0c898d16e1ce3741c0ab9c16b8a5404837b7dc2b4eedae38838f6b7cdaf4,0caf6e1ddc232ed19810b4626d5fa49b6b82c5325d63c5a54adae7c5686009ec,28a95bbfe44ba222d67c1d7bd2582cc07be88fb4f2c416decae311d2d7acdeed,5.0,1.6929450929164886,strict_validation_only_no_pa_v1,0.10718733973184849,0.1936978683966636,0.13800584850485803,1463.0,12186.0,6090.0,0.5460531231325045,0.11605163729357229,0.13220766990517246,0.9393939393939394,33,31,11.225806451612904,190.80873717998904,"Offline window scores use future context; delay in source points, not causal latency. Missed events reported separately.",0.0710701083098616,0.26449911041865515,entity_cluster,2.4689999998081475,1.7190000000409782,1430268,,20,0.7073375265248584,26,0,0.27960210883153175,26,0,0.7120391379681047,26,0,0.5625849445292059,26,0,0.9899039001626715,26,0
fm_objective_ot__msl__seed1103,fm_objective_ot,MSL,1103,experiments/runs/fm_tsad_execution_v1/jobs/fm_objective_ot__msl__seed1103/result.json,dbf4b66a3393ba8e64cac8e6621fab51b7d40468ae6c387c60da35eed57ef6c9,6bfc16cb2367a00b573cba680c34a47de2220852f5daa6314cd569e3e10b33ad,a911d95cd404d6435d9a6e46ba4ba590756e1c2e3ceb5bca536760961ea0b703,0.1,32.28987943649301,strict_validation_only_no_pa_v1,0.052876801386932494,0.06461008870647425,0.058157549755690624,488.0,8741.0,7065.0,0.5497284395522302,0.11619416849354794,0.04427996615287085,0.15151515151515152,33,5,100.4,136.86682846629608,"Offline window scores use future context; delay in source points, not causal latency. Missed events reported separately.",0.007763471757638371,0.11049432745034947,entity_cluster,2.7659999998286366,1.75,1430268,,20,0.711953852545596,26,0,0.2809272727160762,26,0,0.6649769026000413,11,15,0.5803990788936884,11,15,0.34563577825892816,26,0
fm_objective_ot__msl__seed1103,fm_objective_ot,MSL,1103,experiments/runs/fm_tsad_execution_v1/jobs/fm_objective_ot__msl__seed1103/result.json,dbf4b66a3393ba8e64cac8e6621fab51b7d40468ae6c387c60da35eed57ef6c9,6bfc16cb2367a00b573cba680c34a47de2220852f5daa6314cd569e3e10b33ad,a911d95cd404d6435d9a6e46ba4ba590756e1c2e3ceb5bca536760961ea0b703,1.0,4.214429569244381,strict_validation_only_no_pa_v1,0.06333786671847678,0.08632331523897789,0.07306550120468426,652.0,9642.0,6901.0,0.5497284395522302,0.11619416849354794,0.07399805204154594,0.8181818181818182,33,27,54.48148148148148,150.97471228372348,"Offline window scores use future context; delay in source points, not causal latency. Missed events reported separately.",0.038966026286675795,0.12893184122516818,entity_cluster,2.7659999998286366,1.75,1430268,,20,0.711953852545596,26,0,0.2809272727160762,26,0,0.7271051903800191,26,0,0.5890945640789748,26,0,0.97021170210006,26,0
fm_objective_ot__msl__seed1103,fm_objective_ot,MSL,1103,experiments/runs/fm_tsad_execution_v1/jobs/fm_objective_ot__msl__seed1103/result.json,dbf4b66a3393ba8e64cac8e6621fab51b7d40468ae6c387c60da35eed57ef6c9,6bfc16cb2367a00b573cba680c34a47de2220852f5daa6314cd569e3e10b33ad,a911d95cd404d6435d9a6e46ba4ba590756e1c2e3ceb5bca536760961ea0b703,5.0,1.7012402713298798,strict_validation_only_no_pa_v1,0.11423370950127412,0.20773202700913546,0.14740698985343856,1569.0,12166.0,5984.0,0.5497284395522302,0.11619416849354794,0.1376226523045345,0.9393939393939394,33,31,10.96774193548387,190.4955766069052,"Offline window scores use future context; delay in source points, not causal latency. Missed events reported separately.",0.0727935268894465,0.31065154043935106,entity_cluster,2.7659999998286366,1.75,1430268,,20,0.711953852545596,26,0,0.2809272727160762,26,0,0.7132258162993294,26,0,0.5642619108282184,26,0,0.9900643106041369,26,0
fm_objective_ot__msl__seed1104,fm_objective_ot,MSL,1104,experiments/runs/fm_tsad_execution_v1/jobs/fm_objective_ot__msl__seed1104/result.json,683dc77eceb6853728bbe21fc2da0b7ba6b4bc593e2ae1d3d80c9bb32537d255,5743dfc7bbf78879518c5a3acbcb51703d85bc38e0915aeffec3be6133c70372,66db5949bcdf1170ddfc528b8d49014c3b60ac17a973180ef62721927805968c,0.1,32.29584037780765,strict_validation_only_no_pa_v1,0.05267158992180712,0.06421289553819674,0.057872441978402245,485.0,8723.0,7068.0,0.5470273788187422,0.1161252165473261,0.04404335469341787,0.15151515151515152,33,5,102.2,136.58498395052064,"Offline window scores use future context; delay in source points, not causal latency. Missed events reported separately.",0.0031561636313516953,0.12967261501782293,entity_cluster,2.7649999998975545,1.8130000000819564,1430268,,20,0.7052532666077893,26,0,0.2795574207780437,26,0,0.647897411428754,11,15,0.5691816143658744,11,15,0.33327430917784623,26,0
fm_objective_ot__msl__seed1104,fm_objective_ot,MSL,1104,experiments/runs/fm_tsad_execution_v1/jobs/fm_objective_ot__msl__seed1104/result.json,683dc77eceb6853728bbe21fc2da0b7ba6b4bc593e2ae1d3d80c9bb32537d255,5743dfc7bbf78879518c5a3acbcb51703d85bc38e0915aeffec3be6133c70372,66db5949bcdf1170ddfc528b8d49014c3b60ac17a973180ef62721927805968c,1.0,4.268336355686186,strict_validation_only_no_pa_v1,0.06345647723949703,0.08619091751621873,0.07309678868178757,651.0,9608.0,6902.0,0.5470273788187422,0.1161252165473261,0.07492077544805356,0.7878787878787878,33,26,50.30769230769231,150.44233930948093,"Offline window scores use future context; delay in source points, not causal latency. Missed events reported separately.",0.03764290010993481,0.14782044561079258,entity_cluster,2.7649999998975545,1.8130000000819564,1430268,,20,0.7052532666077893,26,0,0.2795574207780437,26,0,0.7264619129122003,26,0,0.5901426430680049,26,0,0.966963544374357,26,0
fm_objective_ot__msl__seed1104,fm_objective_ot,MSL,1104,experiments/runs/fm_tsad_execution_v1/jobs/fm_objective_ot__msl__seed1104/result.json,683dc77eceb6853728bbe21fc2da0b7ba6b4bc593e2ae1d3d80c9bb32537d255,5743dfc7bbf78879518c5a3acbcb51703d85bc38e0915aeffec3be6133c70372,66db5949bcdf1170ddfc528b8d49014c3b60ac17a973180ef62721927805968c,5.0,1.6827861368656158,strict_validation_only_no_pa_v1,0.11240197502178333,0.2049516748311929,0.14518171160609614,1548.0,12224.0,6005.0,0.5470273788187422,0.1161252165473261,0.1361685506875925,0.9393939393939394,33,31,11.064516129032258,191.40374226884836,"Offline window scores use future context; delay in source points, not causal latency. Missed events reported separately.",0.07183494170481045,0.2661022841497872,entity_cluster,2.7649999998975545,1.8130000000819564,1430268,,20,0.7052532666077893,26,0,0.2795574207780437,26,0,0.7111377935485176,26,0,0.5616849598035247,26,0,0.9900206435614436,26,0
fm_objective_ot__msl__seed1105,fm_objective_ot,MSL,1105,experiments/runs/fm_tsad_execution_v1/jobs/fm_objective_ot__msl__seed1105/result.json,5dfea91e61e330b7d22417371b2c26459f6aa855f804f2b4cd8dbfa6c3f88f70,b0358a1ee1a47ae1f5c265f0556a6376113f59b262cd9770fb9eceae03ecbb71,cb3628a8471a8b1b8de86f96d0b36a582a952f8c3fc3c24df1fb55af11f80d3a,0.1,32.01390552520797,strict_validation_only_no_pa_v1,0.05276300075996092,0.06434529326095591,0.05798138869005011,486.0,8725.0,7067.0,0.541740375891574,0.11428754103707203,0.045099873161523134,0.18181818181818182,33,6,86.33333333333333,136.616300007829,"Offline window scores use future context; delay in source points, not causal latency. Missed events reported separately.",0.0026728515244252597,0.12556361561674936,entity_cluster,2.765000000130385,1.75,1430268,,20,0.7043648838112766,26,0,0.2753006838004876,26,0,0.6831507201389808,12,14,0.5987902824983518,12,14,0.38344632276633,26,0
fm_objective_ot__msl__seed1105,fm_objective_ot,MSL,1105,experiments/runs/fm_tsad_execution_v1/jobs/fm_objective_ot__msl__seed1105/result.json,5dfea91e61e330b7d22417371b2c26459f6aa855f804f2b4cd8dbfa6c3f88f70,b0358a1ee1a47ae1f5c265f0556a6376113f59b262cd9770fb9eceae03ecbb71,cb3628a8471a8b1b8de86f96d0b36a582a952f8c3fc3c24df1fb55af11f80d3a,1.0,4.216824698448177,strict_validation_only_no_pa_v1,0.06521739130434782,0.08897126969416126,0.07526460211681693,672.0,9632.0,6881.0,0.541740375891574,0.11428754103707203,0.0829807410199121,0.8181818181818182,33,27,52.370370370370374,150.81813199718155,"Offline window scores use future context; delay in source points, not causal latency. Missed events reported separately.",0.043242327146723374,0.14567555241817176,entity_cluster,2.765000000130385,1.75,1430268,,20,0.7043648838112766,26,0,0.2753006838004876,26,0,0.7349044576305018,26,0,0.6011072175533863,26,0,0.970082452162191,26,0
fm_objective_ot__msl__seed1105,fm_objective_ot,MSL,1105,experiments/runs/fm_tsad_execution_v1/jobs/fm_objective_ot__msl__seed1105/result.json,5dfea91e61e330b7d22417371b2c26459f6aa855f804f2b4cd8dbfa6c3f88f70,b0358a1ee1a47ae1f5c265f0556a6376113f59b262cd9770fb9eceae03ecbb71,cb3628a8471a8b1b8de86f96d0b36a582a952f8c3fc3c24df1fb55af11f80d3a,5.0,1.7117947489023209,strict_validation_only_no_pa_v1,0.1160571178784788,0.21090957235535548,0.14972508106583957,1593.0,12133.0,5960.0,0.541740375891574,0.11428754103707203,0.1378644173641195,0.9393939393939394,33,31,10.290322580645162,189.97886166131684,"Offline window scores use future context; delay in source points, not causal latency. Missed events reported separately.",0.07107971252163736,0.30744809903023884,entity_cluster,2.765000000130385,1.75,1430268,,20,0.7043648838112766,26,0,0.2753006838004876,26,0,0.7138633503833213,26,0,0.5647364856883106,26,0,0.9902177345232582,26,0
fm_objective_ot__msl__seed1106,fm_objective_ot,MSL,1106,experiments/runs/fm_tsad_execution_v1/jobs/fm_objective_ot__msl__seed1106/result.json,89ffcc6c22bf3bdd5c5940af89ddf751694068450326f357282d6efbced258c9,23a7adba834daf186b58ecd0af54b6fbdf1d21b8e8088d1cccc1e303bce27a37,1ee86237a9b6c6f95baa66bb49012af0537507cde4b76461534f37009a3fe29f,0.1,32.173975887298695,strict_validation_only_no_pa_v1,0.052688756110809344,0.06421289553819674,0.0578828022437045,485.0,8720.0,7068.0,0.544421883265302,0.11586705218530113,0.044044700060968396,0.15151515151515152,33,5,102.2,136.53800986455806,"Offline window scores use future context; delay in source points, not causal latency. Missed events reported separately.",0.003309651851601037,0.12785515459878982,entity_cluster,2.593000000109896,1.75,1430268,,20,0.7028366664970599,26,0,0.27780207997215134,26,0,0.663705911130806,11,15,0.5788834932787985,11,15,0.3456208445180696,26,0
fm_objective_ot__msl__seed1106,fm_objective_ot,MSL,1106,experiments/runs/fm_tsad_execution_v1/jobs/fm_objective_ot__msl__seed1106/result.json,89ffcc6c22bf3bdd5c5940af89ddf751694068450326f357282d6efbced258c9,23a7adba834daf186b58ecd0af54b6fbdf1d21b8e8088d1cccc1e303bce27a37,1ee86237a9b6c6f95baa66bb49012af0537507cde4b76461534f37009a3fe29f,1.0,4.1922291517257655,strict_validation_only_no_pa_v1,0.06398679483444995,0.08725009929829207,0.07382926282769438,659.0,9640.0,6894.0,0.544421883265302,0.11586705218530113,0.07741919828235834,0.7878787878787878,33,26,50.23076923076923,150.9433962264151,"Offline window scores use future context; delay in source points, not causal latency. Missed events reported separately.",0.03912402903412246,0.14569813375131574,entity_cluster,2.593000000109896,1.75,1430268,,20,0.7028366664970599,26,0,0.27780207997215134,26,0,0.7255790607691939,26,0,0.5889673701699342,26,0,0.966979505942101,26,0
fm_objective_ot__msl__seed1106,fm_objective_ot,MSL,1106,experiments/runs/fm_tsad_execution_v1/jobs/fm_objective_ot__msl__seed1106/result.json,89ffcc6c22bf3bdd5c5940af89ddf751694068450326f357282d6efbced258c9,23a7adba834daf186b58ecd0af54b6fbdf1d21b8e8088d1cccc1e303bce27a37,1ee86237a9b6c6f95baa66bb49012af0537507cde4b76461534f37009a3fe29f,5.0,1.7011213898658752,strict_validation_only_no_pa_v1,0.11661701663881421,0.2124983450284655,0.15059110527303435,1605.0,12158.0,5948.0,0.544421883265302,0.11586705218530113,0.13878734076651414,0.9393939393939394,33,31,10.483870967741936,190.37031237767164,"Offline window scores use future context; delay in source points, not causal latency. Missed events reported separately.",0.07399955055200369,0.2970781465762926,entity_cluster,2.593000000109896,1.75,1430268,,20,0.7028366664970599,26,0,0.27780207997215134,26,0,0.7131089006944408,26,0,0.5640078927322577,26,0,0.9901331558389739,26,0
fm_objective_ot__msl__seed1107,fm_objective_ot,MSL,1107,experiments/runs/fm_tsad_execution_v1/jobs/fm_objective_ot__msl__seed1107/result.json,73194d255adf4cae8ad87d8574b722421c97b346b72f39272b14f6d20c454bbb,6db110489dae9d82bc6d2c28fc251b909edeef109e16a2a02b7226bbc1765cfe,4bfd0aae540e66e24d7c0db3b8ea70b666486646dc5074a4f3af6e3b519865a6,0.1,31.878122501373376,strict_validation_only_no_pa_v1,0.052734375,0.06434529326095591,0.05796410042340032,486.0,8730.0,7067.0,0.5436546253496353,0.1150986192455886,0.04509180224023508,0.18181818181818182,33,6,86.33333333333333,136.6945901511,"Offline window scores use future context; delay in source points, not causal latency. Missed events reported separately.",0.005007666782164967,0.11222613239179803,entity_cluster,2.719000000040978,1.7660000000614673,1430268,,20,0.7056551665861531,26,0,0.2762676781854894,26,0,0.6928765598753466,12,14,0.6105425128381604,12,14,0.38344632276633,26,0
fm_objective_ot__msl__seed1107,fm_objective_ot,MSL,1107,experiments/runs/fm_tsad_execution_v1/jobs/fm_objective_ot__msl__seed1107/result.json,73194d255adf4cae8ad87d8574b722421c97b346b72f39272b14f6d20c454bbb,6db110489dae9d82bc6d2c28fc251b909edeef109e16a2a02b7226bbc1765cfe,4bfd0aae540e66e24d7c0db3b8ea70b666486646dc5074a4f3af6e3b519865a6,1.0,4.188081586360928,strict_validation_only_no_pa_v1,0.06325915848799922,0.08619091751621873,0.07296570275722933,651.0,9640.0,6902.0,0.5436546253496353,0.1150986192455886,0.0734334750678037,0.7878787878787878,33,26,50.46153846153846,150.9433962264151,"Offline window scores use future context; delay in source points, not causal latency. Missed events reported separately.",0.03771393852651818,0.12618880546661998,entity_cluster,2.719000000040978,1.7660000000614673,1430268,,20,0.7056551665861531,26,0,0.2762676781854894,26,0,0.7264860482692087,26,0,0.5902907262343755,26,0,0.9675709244414156,26,0
fm_objective_ot__msl__seed1107,fm_objective_ot,MSL,1107,experiments/runs/fm_tsad_execution_v1/jobs/fm_objective_ot__msl__seed1107/result.json,73194d255adf4cae8ad87d8574b722421c97b346b72f39272b14f6d20c454bbb,6db110489dae9d82bc6d2c28fc251b909edeef109e16a2a02b7226bbc1765cfe,4bfd0aae540e66e24d7c0db3b8ea70b666486646dc5074a4f3af6e3b519865a6,5.0,1.7031273990869522,strict_validation_only_no_pa_v1,0.11433770014556041,0.20799682245465378,0.1475602310618513,1571.0,12169.0,5982.0,0.5436546253496353,0.1150986192455886,0.13734547475968067,0.9393939393939394,33,31,10.516129032258064,190.54255069286776,"Offline window scores use future context; delay in source points, not causal latency. Missed events reported separately.",0.07165644731078995,0.29157617988401446,entity_cluster,2.719000000040978,1.7660000000614673,1430268,,20,0.7056551665861531,26,0,0.2762676781854894,26,0,0.7120155556493675,26,0,0.5626168668540197,26,0,0.9899896059598527,26,0
fm_objective_rectified__msl__seed1103,fm_objective_rectified,MSL,1103,experiments/runs/fm_tsad_execution_v1/jobs/fm_objective_rectified__msl__seed1103/result.json,c4828c2ce7fa9858f47d48fd3c65d2c50ac2716fe41709e3f3c11fe3346c992b,9a199e24a826d5b86c76e466829271bed04338779ed98396fef98a1bc134d819,041db745efe10d3f505fe9de1b18b9c59b3d98d7daff6c0105013b240db4d684,0.1,32.27686824798598,strict_validation_only_no_pa_v1,0.05301204819277108,0.06408049781543758,0.05802313732542109,484.0,8646.0,7069.0,0.5463608667283777,0.11473862025341358,0.04406141491122036,0.15151515151515152,33,5,102.2,135.37931574414782,"Offline window scores use future context; delay in source points, not causal latency. Missed events reported separately.",0.007785324137120741,0.10948387638268396,entity_cluster,2.5159999998286366,1.7650000001303852,1430268,,20,0.7073613380785169,26,0,0.27765806916494806,26,0,0.6665537532344894,11,15,0.5823457587934165,11,15,0.34562082710047226,26,0
fm_objective_rectified__msl__seed1103,fm_objective_rectified,MSL,1103,experiments/runs/fm_tsad_execution_v1/jobs/fm_objective_rectified__msl__seed1103/result.json,c4828c2ce7fa9858f47d48fd3c65d2c50ac2716fe41709e3f3c11fe3346c992b,9a199e24a826d5b86c76e466829271bed04338779ed98396fef98a1bc134d819,041db745efe10d3f505fe9de1b18b9c59b3d98d7daff6c0105013b240db4d684,1.0,4.225477814674376,strict_validation_only_no_pa_v1,0.06270691333982473,0.08526413345690455,0.07226617292262806,644.0,9626.0,6909.0,0.5463608667283777,0.11473862025341358,0.07162777015246884,0.8181818181818182,33,27,54.7037037037037,150.7241838252564,"Offline window scores use future context; delay in source points, not causal latency. Missed events reported separately.",0.037303186821648925,0.12766056493277303,entity_cluster,2.5159999998286366,1.7650000001303852,1430268,,20,0.7073613380785169,26,0,0.27765806916494806,26,0,0.7264285442530927,26,0,0.5889475096275083,26,0,0.9698553675637185,26,0
fm_objective_rectified__msl__seed1103,fm_objective_rectified,MSL,1103,experiments/runs/fm_tsad_execution_v1/jobs/fm_objective_rectified__msl__seed1103/result.json,c4828c2ce7fa9858f47d48fd3c65d2c50ac2716fe41709e3f3c11fe3346c992b,9a199e24a826d5b86c76e466829271bed04338779ed98396fef98a1bc134d819,041db745efe10d3f505fe9de1b18b9c59b3d98d7daff6c0105013b240db4d684,5.0,1.6952723562717438,strict_validation_only_no_pa_v1,0.1116866063612489,0.20270091354428704,0.14401956634212879,1531.0,12177.0,6022.0,0.5463608667283777,0.11473862025341358,0.13639540283560078,0.9393939393939394,33,31,11.064516129032258,190.66781492210131,"Offline window scores use future context; delay in source points, not causal latency. Missed events reported separately.",0.07239212989545211,0.3004618645953945,entity_cluster,2.5159999998286366,1.7650000001303852,1430268,,20,0.7073613380785169,26,0,0.27765806916494806,26,0,0.713257717527834,26,0,0.5642043880573794,26,0,0.9900415089797892,26,0
fm_objective_rectified__msl__seed1104,fm_objective_rectified,MSL,1104,experiments/runs/fm_tsad_execution_v1/jobs/fm_objective_rectified__msl__seed1104/result.json,d930147cb5e7a41bfa2118625cafe1e35486f9c756161b6167c410672e033cf1,4237b675f34a9c9b5bc4c3b1bec0bbd7da469299271bfb734b51f69f83519d59,fc25f9d69e906f08d9b31623c70f56e07c8429fd13b1401e0da5646f12b9c02b,0.1,32.32039505004905,strict_validation_only_no_pa_v1,0.05319614711033275,0.06434529326095591,0.05824195577925579,486.0,8650.0,7067.0,0.5469020503238012,0.11528772409154825,0.04419059731062076,0.15151515151515152,33,5,101.8,135.4419478587646,"Offline window scores use future context; delay in source points, not causal latency. Missed events reported separately.",0.0031728080901418714,0.13036317123705624,entity_cluster,3.0160000000614673,1.8130000000819564,1430268,,20,0.7055495711438873,26,0,0.27727300174089015,26,0,0.6231557263840187,11,15,0.5509773715059272,11,15,0.3173186509420259,26,0
fm_objective_rectified__msl__seed1104,fm_objective_rectified,MSL,1104,experiments/runs/fm_tsad_execution_v1/jobs/fm_objective_rectified__msl__seed1104/result.json,d930147cb5e7a41bfa2118625cafe1e35486f9c756161b6167c410672e033cf1,4237b675f34a9c9b5bc4c3b1bec0bbd7da469299271bfb734b51f69f83519d59,fc25f9d69e906f08d9b31623c70f56e07c8429fd13b1401e0da5646f12b9c02b,1.0,4.262194597721099,strict_validation_only_no_pa_v1,0.06298751950078003,0.08552892890242288,0.07254758829805155,646.0,9610.0,6907.0,0.5469020503238012,0.11528772409154825,0.07160395100499403,0.7878787878787878,33,26,52.61538461538461,150.47365536678933,"Offline window scores use future context; delay in source points, not causal latency. Missed events reported separately.",0.03525195476836375,0.14778455198283116,entity_cluster,3.0160000000614673,1.8130000000819564,1430268,,20,0.7055495711438873,26,0,0.27727300174089015,26,0,0.7242811340846376,26,0,0.5875922403077101,26,0,0.9667809859909432,26,0
fm_objective_rectified__msl__seed1104,fm_objective_rectified,MSL,1104,experiments/runs/fm_tsad_execution_v1/jobs/fm_objective_rectified__msl__seed1104/result.json,d930147cb5e7a41bfa2118625cafe1e35486f9c756161b6167c410672e033cf1,4237b675f34a9c9b5bc4c3b1bec0bbd7da469299271bfb734b51f69f83519d59,fc25f9d69e906f08d9b31623c70f56e07c8429fd13b1401e0da5646f12b9c02b,5.0,1.672636017203331,strict_validation_only_no_pa_v1,0.10711681493364444,0.1944922547332186,0.13814830488550336,1469.0,12245.0,6084.0,0.5469020503238012,0.11528772409154825,0.13386467204341132,0.9393939393939394,33,31,10.96774193548387,191.73256087058638,"Offline window scores use future context; delay in source points, not causal latency. Missed events reported separately.",0.07163268141177495,0.24920145447482842,entity_cluster,3.0160000000614673,1.8130000000819564,1430268,,20,0.7055495711438873,26,0,0.27727300174089015,26,0,0.7108182537342131,26,0,0.561230188834726,26,0,0.9900567610700215,26,0
fm_objective_rectified__msl__seed1105,fm_objective_rectified,MSL,1105,experiments/runs/fm_tsad_execution_v1/jobs/fm_objective_rectified__msl__seed1105/result.json,29916a3978310ef2b5a98df8cd60360fd507d7bd3d5790806755d1c151042242,e0c2818fba90fe3cb641d98222131c544c5137b236809ced32f7110ee8d90bcc,d7f65ca33cd06d2d428e710f9e56fffb285cc260671c045af8159a1a11b184dc,0.1,32.10608696937603,strict_validation_only_no_pa_v1,0.05400289500055673,0.06421289553819674,0.05866698923430507,485.0,8496.0,7068.0,0.5405418059362421,0.1156419027761585,0.045216064690221276,0.18181818181818182,33,6,86.16666666666667,133.03061144601895,"Offline window scores use future context; delay in source points, not causal latency. Missed events reported separately.",0.002342193841729204,0.12652147223633206,entity_cluster,2.702999999979511,1.75,1430268,,20,0.7031494486098209,26,0,0.28008801939855427,26,0,0.6920629437782723,12,14,0.6152174040324353,12,14,0.38344827414751964,26,0
fm_objective_rectified__msl__seed1105,fm_objective_rectified,MSL,1105,experiments/runs/fm_tsad_execution_v1/jobs/fm_objective_rectified__msl__seed1105/result.json,29916a3978310ef2b5a98df8cd60360fd507d7bd3d5790806755d1c151042242,e0c2818fba90fe3cb641d98222131c544c5137b236809ced32f7110ee8d90bcc,d7f65ca33cd06d2d428e710f9e56fffb285cc260671c045af8159a1a11b184dc,1.0,4.232713174819943,strict_validation_only_no_pa_v1,0.06310868718348267,0.08579372434794122,0.07272319174008193,648.0,9620.0,6905.0,0.5405418059362421,0.1156419027761585,0.07212797008759742,0.8181818181818182,33,27,52.666666666666664,150.63023565333125,"Offline window scores use future context; delay in source points, not causal latency. Missed events reported separately.",0.036512230246975946,0.1456673093486774,entity_cluster,2.702999999979511,1.75,1430268,,20,0.7031494486098209,26,0,0.28008801939855427,26,0,0.7278520304510055,26,0,0.5925365393986429,26,0,0.9684635412138943,26,0
fm_objective_rectified__msl__seed1105,fm_objective_rectified,MSL,1105,experiments/runs/fm_tsad_execution_v1/jobs/fm_objective_rectified__msl__seed1105/result.json,29916a3978310ef2b5a98df8cd60360fd507d7bd3d5790806755d1c151042242,e0c2818fba90fe3cb641d98222131c544c5137b236809ced32f7110ee8d90bcc,d7f65ca33cd06d2d428e710f9e56fffb285cc260671c045af8159a1a11b184dc,5.0,1.6957923769950867,strict_validation_only_no_pa_v1,0.10983462607932094,0.19872898186151197,0.14147697817993307,1501.0,12165.0,6052.0,0.5405418059362421,0.1156419027761585,0.13584659296357893,0.9393939393939394,33,31,10.96774193548387,190.479918578251,"Offline window scores use future context; delay in source points, not causal latency. Missed events reported separately.",0.0710880436374712,0.2809030886220673,entity_cluster,2.702999999979511,1.75,1430268,,20,0.7031494486098209,26,0,0.28008801939855427,26,0,0.7140267690585597,26,0,0.5650136578274191,26,0,0.990118213502905,26,0
fm_objective_rectified__msl__seed1106,fm_objective_rectified,MSL,1106,experiments/runs/fm_tsad_execution_v1/jobs/fm_objective_rectified__msl__seed1106/result.json,94f6706e88da4b9d9581aa1f5073150bfa986ce461548bf15d0d274a2f3b99b3,674ad779a22b7fbc9054056fb7ce2770c5da72cb796fda3fa26faa57bc280c4f,4d7a9adf7cf1a364a2919505864e4e4d60a917afd890dfa000bc6183bda0cfc2,0.1,32.272656822204624,strict_validation_only_no_pa_v1,0.05349929031553663,0.06487488415199258,0.05864049784585926,490.0,8669.0,7063.0,0.5462434159653162,0.1159150113260165,0.04443129404158896,0.15151515151515152,33,5,100.4,135.73945040319424,"Offline window scores use future context; delay in source points, not causal latency. Missed events reported separately.",0.0033147370194787145,0.13082506362821297,entity_cluster,2.5160000000614673,1.7659999998286366,1430268,,20,0.7025875519759891,26,0,0.277869280014181,26,0,0.6637585900468648,11,15,0.5789106079159979,11,15,0.3456358475297924,26,0
fm_objective_rectified__msl__seed1106,fm_objective_rectified,MSL,1106,experiments/runs/fm_tsad_execution_v1/jobs/fm_objective_rectified__msl__seed1106/result.json,94f6706e88da4b9d9581aa1f5073150bfa986ce461548bf15d0d274a2f3b99b3,674ad779a22b7fbc9054056fb7ce2770c5da72cb796fda3fa26faa57bc280c4f,4d7a9adf7cf1a364a2919505864e4e4d60a917afd890dfa000bc6183bda0cfc2,1.0,4.181930637359614,strict_validation_only_no_pa_v1,0.0634828188701223,0.08658811068449623,0.07325679081489779,654.0,9648.0,6899.0,0.5462434159653162,0.1159150113260165,0.07268115751052788,0.8181818181818182,33,27,52.629629629629626,151.06866045564863,"Offline window scores use future context; delay in source points, not causal latency. Missed events reported separately.",0.03785131240589524,0.1448977860519275,entity_cluster,2.5160000000614673,1.7659999998286366,1430268,,20,0.7025875519759891,26,0,0.277869280014181,26,0,0.7252330385502226,26,0,0.5874203182624119,26,0,0.9697224496987668,26,0
fm_objective_rectified__msl__seed1106,fm_objective_rectified,MSL,1106,experiments/runs/fm_tsad_execution_v1/jobs/fm_objective_rectified__msl__seed1106/result.json,94f6706e88da4b9d9581aa1f5073150bfa986ce461548bf15d0d274a2f3b99b3,674ad779a22b7fbc9054056fb7ce2770c5da72cb796fda3fa26faa57bc280c4f,4d7a9adf7cf1a364a2919505864e4e4d60a917afd890dfa000bc6183bda0cfc2,5.0,1.6884863525629044,strict_validation_only_no_pa_v1,0.1096901490792166,0.19872898186151197,0.14135706549889343,1501.0,12183.0,6052.0,0.5462434159653162,0.1159150113260165,0.13465386445756375,0.9393939393939394,33,31,11.129032258064516,190.76176309402646,"Offline window scores use future context; delay in source points, not causal latency. Missed events reported separately.",0.07189012543911559,0.27492855778747693,entity_cluster,2.5160000000614673,1.7659999998286366,1430268,,20,0.7025875519759891,26,0,0.277869280014181,26,0,0.7125293157695809,26,0,0.5633512232987116,26,0,0.9900535755429173,26,0
fm_objective_rectified__msl__seed1107,fm_objective_rectified,MSL,1107,experiments/runs/fm_tsad_execution_v1/jobs/fm_objective_rectified__msl__seed1107/result.json,311ae9fcd404f787b752a0ad7838307ecb8ef68dce6981c77591207deda8f399,811c51e3e94e10425f2d793b2779f00bfec371269e4d2af1a6ebc8adc2de63f1,28a95bbfe44ba222d67c1d7bd2582cc07be88fb4f2c416decae311d2d7acdeed,0.1,31.89353552818319,strict_validation_only_no_pa_v1,0.053356658648589544,0.06461008870647425,0.05844661356967483,488.0,8658.0,7065.0,0.5460531231325045,0.11605163729357229,0.04533369967778301,0.18181818181818182,33,6,85.0,135.56721208799812,"Offline window scores use future context; delay in source points, not causal latency. Missed events reported separately.",0.005029829568476873,0.11383539593342577,entity_cluster,2.4839999999385327,1.671000000089407,1430268,,20,0.7073375265248584,26,0,0.27960210883153175,26,0,0.6919416989338515,12,14,0.6092134467046085,12,14,0.3834602194418511,26,0
fm_objective_rectified__msl__seed1107,fm_objective_rectified,MSL,1107,experiments/runs/fm_tsad_execution_v1/jobs/fm_objective_rectified__msl__seed1107/result.json,311ae9fcd404f787b752a0ad7838307ecb8ef68dce6981c77591207deda8f399,811c51e3e94e10425f2d793b2779f00bfec371269e4d2af1a6ebc8adc2de63f1,28a95bbfe44ba222d67c1d7bd2582cc07be88fb4f2c416decae311d2d7acdeed,1.0,4.182366633415217,strict_validation_only_no_pa_v1,0.06299825004860976,0.08579372434794122,0.07264981220920455,648.0,9638.0,6905.0,0.5460531231325045,0.11605163729357229,0.07140469510034864,0.7878787878787878,33,26,50.53846153846154,150.9120801691067,"Offline window scores use future context; delay in source points, not causal latency. Missed events reported separately.",0.037261170690615436,0.12619865265020777,entity_cluster,2.4839999999385327,1.671000000089407,1430268,,20,0.7073375265248584,26,0,0.27960210883153175,26,0,0.7240264538784587,26,0,0.5873032458092007,26,0,0.9674096099991158,26,0
fm_objective_rectified__msl__seed1107,fm_objective_rectified,MSL,1107,experiments/runs/fm_tsad_execution_v1/jobs/fm_objective_rectified__msl__seed1107/result.json,311ae9fcd404f787b752a0ad7838307ecb8ef68dce6981c77591207deda8f399,811c51e3e94e10425f2d793b2779f00bfec371269e4d2af1a6ebc8adc2de63f1,28a95bbfe44ba222d67c1d7bd2582cc07be88fb4f2c416decae311d2d7acdeed,5.0,1.6929450929164886,strict_validation_only_no_pa_v1,0.10718733973184849,0.1936978683966636,0.13800584850485803,1463.0,12186.0,6090.0,0.5460531231325045,0.11605163729357229,0.13220766990517246,0.9393939393939394,33,31,11.225806451612904,190.80873717998904,"Offline window scores use future context; delay in source points, not causal latency. Missed events reported separately.",0.0710701083098616,0.26449911041865515,entity_cluster,2.4839999999385327,1.671000000089407,1430268,,20,0.7073375265248584,26,0,0.27960210883153175,26,0,0.7120391379681047,26,0,0.5625849445292059,26,0,0.9899039001626715,26,0
fm_objective_target__msl__seed1103,fm_objective_target,MSL,1103,experiments/runs/fm_tsad_execution_v1/jobs/fm_objective_target__msl__seed1103/result.json,b89bf4bf91577830acfc6c3ca2a87b10b678341e114ae3c1ad4cd1403d63cd63,e77920aa674c5ef44ba77c07411e99fb19067fcd55a82fb84c50ad46ba7b46cf,84767244e8f671fbea803a6a15087266b6dc9951090869324fddf85c138ace18,0.1,31.895213165283412,strict_validation_only_no_pa_v1,0.05398317123811605,0.06540447504302926,0.05914750957854406,494.0,8657.0,7059.0,0.5487929018816367,0.11508224869530997,0.04565227774830183,0.18181818181818182,33,6,84.16666666666667,135.55155405934394,"Offline window scores use future context; delay in source points, not causal latency. Missed events reported separately.",0.007815027271209076,0.11393561659209782,entity_cluster,2.75,1.9850000001024455,1430268,,20,0.7063407189611659,26,0,0.27824268714710115,26,0,0.6935123072566979,12,14,0.6169129551700447,12,14,0.38346331322026594,26,0
fm_objective_target__msl__seed1103,fm_objective_target,MSL,1103,experiments/runs/fm_tsad_execution_v1/jobs/fm_objective_target__msl__seed1103/result.json,b89bf4bf91577830acfc6c3ca2a87b10b678341e114ae3c1ad4cd1403d63cd63,e77920aa674c5ef44ba77c07411e99fb19067fcd55a82fb84c50ad46ba7b46cf,84767244e8f671fbea803a6a15087266b6dc9951090869324fddf85c138ace18,1.0,4.228163170814513,strict_validation_only_no_pa_v1,0.06306746070487163,0.08552892890242288,0.07260058440098899,646.0,9597.0,6907.0,0.5487929018816367,0.11508224869530997,0.0722131171860374,0.7878787878787878,33,26,50.53846153846154,150.27010099428483,"Offline window scores use future context; delay in source points, not causal latency. Missed events reported separately.",0.037561975827007585,0.12812735906858372,entity_cluster,2.75,1.9850000001024455,1430268,,20,0.7063407189611659,26,0,0.27824268714710115,26,0,0.7268744263980553,26,0,0.5930958137919264,26,0,0.9660266075918749,26,0
fm_objective_target__msl__seed1103,fm_objective_target,MSL,1103,experiments/runs/fm_tsad_execution_v1/jobs/fm_objective_target__msl__seed1103/result.json,b89bf4bf91577830acfc6c3ca2a87b10b678341e114ae3c1ad4cd1403d63cd63,e77920aa674c5ef44ba77c07411e99fb19067fcd55a82fb84c50ad46ba7b46cf,84767244e8f671fbea803a6a15087266b6dc9951090869324fddf85c138ace18,5.0,1.673450380563736,strict_validation_only_no_pa_v1,0.10657962297366684,0.1923738911690719,0.1371660530539035,1453.0,12180.0,6100.0,0.5487929018816367,0.11508224869530997,0.13354038783212688,0.9393939393939394,33,31,11.129032258064516,190.7147890080639,"Offline window scores use future context; delay in source points, not causal latency. Missed events reported separately.",0.0726023580694189,0.27751941790603313,entity_cluster,2.75,1.9850000001024455,1430268,,20,0.7063407189611659,26,0,0.27824268714710115,26,0,0.7125691511769644,26,0,0.5633744364379795,26,0,0.9900869717668892,26,0
fm_objective_target__msl__seed1104,fm_objective_target,MSL,1104,experiments/runs/fm_tsad_execution_v1/jobs/fm_objective_target__msl__seed1104/result.json,f55e78732aa6c82134734ace20ca8758907f8021a4c96bf6343569158271fbda,fea65b9be85e51bbb53262b5356359d2114ca90227c5b27189764d4c4052cbe7,c24ce37b0bef00b9c56e7a75c018b394ad56228b6feb839e06cada284689402c,0.1,32.159725036621126,strict_validation_only_no_pa_v1,0.05310994305738064,0.06421289553819674,0.05813605034462092,485.0,8647.0,7068.0,0.544563767435714,0.11530414091662443,0.043981363570065164,0.15151515151515152,33,5,102.2,135.39497377280202,"Offline window scores use future context; delay in source points, not causal latency. Missed events reported separately.",0.0031680676717882644,0.12993528520911013,entity_cluster,2.7339999999385327,1.952999999979511,1430268,,20,0.7056046407564772,26,0,0.2793796432421559,26,0,0.6651783471268895,11,15,0.5806401013350384,11,15,0.3456213111974714,26,0
fm_objective_target__msl__seed1104,fm_objective_target,MSL,1104,experiments/runs/fm_tsad_execution_v1/jobs/fm_objective_target__msl__seed1104/result.json,f55e78732aa6c82134734ace20ca8758907f8021a4c96bf6343569158271fbda,fea65b9be85e51bbb53262b5356359d2114ca90227c5b27189764d4c4052cbe7,c24ce37b0bef00b9c56e7a75c018b394ad56228b6feb839e06cada284689402c,1.0,4.184495425224304,strict_validation_only_no_pa_v1,0.06314458065771551,0.08592612207070038,0.0727945712523134,649.0,9629.0,6904.0,0.544563767435714,0.11530414091662443,0.07251436129969857,0.7878787878787878,33,26,50.23076923076923,150.77115791121898,"Offline window scores use future context; delay in source points, not causal latency. Missed events reported separately.",0.036073688525915054,0.14752620045080944,entity_cluster,2.7339999999385327,1.952999999979511,1430268,,20,0.7056046407564772,26,0,0.2793796432421559,26,0,0.7210610442150652,26,0,0.5840558985320269,26,0,0.9662334827586788,26,0
fm_objective_target__msl__seed1104,fm_objective_target,MSL,1104,experiments/runs/fm_tsad_execution_v1/jobs/fm_objective_target__msl__seed1104/result.json,f55e78732aa6c82134734ace20ca8758907f8021a4c96bf6343569158271fbda,fea65b9be85e51bbb53262b5356359d2114ca90227c5b27189764d4c4052cbe7,c24ce37b0bef00b9c56e7a75c018b394ad56228b6feb839e06cada284689402c,5.0,1.6753580570220947,strict_validation_only_no_pa_v1,0.10778706555213374,0.19462465245597776,0.1387381435515077,1470.0,12168.0,6083.0,0.544563767435714,0.11530414091662443,0.13326207035042603,0.9393939393939394,33,31,11.225806451612904,190.52689266421356,"Offline window scores use future context; delay in source points, not causal latency. Missed events reported separately.",0.07136271473059869,0.2505090485492045,entity_cluster,2.7339999999385327,1.952999999979511,1430268,,20,0.7056046407564772,26,0,0.2793796432421559,26,0,0.7140064364964969,26,0,0.5652070544198833,26,0,0.9900177240688026,26,0
fm_objective_target__msl__seed1105,fm_objective_target,MSL,1105,experiments/runs/fm_tsad_execution_v1/jobs/fm_objective_target__msl__seed1105/result.json,5fd07f0e943b88e2e0fc5896929e695c29369e6a69224f1a3155aa746a905961,952511e35b06dca5e2c321e2fdb4f4bab361862c87a5617153b6a2b4db2cceb5,fa8c64f3f3b3d85e41bef6bb0c13c41a7c600b9a8ed13e58102a7a07fb01a479,0.1,32.16178062438984,strict_validation_only_no_pa_v1,0.054132647354882005,0.06408049781543758,0.058688007760397724,484.0,8457.0,7069.0,0.5414903905819891,0.1161669088276013,0.04411566896132608,0.15151515151515152,33,5,102.2,132.41994832850543,"Offline window scores use future context; delay in source points, not causal latency. Missed events reported separately.",0.0025205878952318725,0.12543938634656884,entity_cluster,2.75,1.9059999999590218,1430268,,20,0.7049660152843363,26,0,0.2824961740529941,26,0,0.6323403165503321,12,14,0.5551267888165291,12,14,0.35553375500588713,26,0
fm_objective_target__msl__seed1105,fm_objective_target,MSL,1105,experiments/runs/fm_tsad_execution_v1/jobs/fm_objective_target__msl__seed1105/result.json,5fd07f0e943b88e2e0fc5896929e695c29369e6a69224f1a3155aa746a905961,952511e35b06dca5e2c321e2fdb4f4bab361862c87a5617153b6a2b4db2cceb5,fa8c64f3f3b3d85e41bef6bb0c13c41a7c600b9a8ed13e58102a7a07fb01a479,1.0,4.262730824947353,strict_validation_only_no_pa_v1,0.0635555989456214,0.08619091751621873,0.07316250842886042,651.0,9592.0,6902.0,0.5414903905819891,0.1161669088276013,0.07370512452394892,0.7878787878787878,33,26,50.38461538461539,150.19181085101386,"Offline window scores use future context; delay in source points, not causal latency. Missed events reported separately.",0.03796268147307512,0.14605107408112908,entity_cluster,2.75,1.9059999999590218,1430268,,20,0.7049660152843363,26,0,0.2824961740529941,26,0,0.7302255567954015,26,0,0.597294909530315,26,0,0.9656168772198748,26,0
fm_objective_target__msl__seed1105,fm_objective_target,MSL,1105,experiments/runs/fm_tsad_execution_v1/jobs/fm_objective_target__msl__seed1105/result.json,5fd07f0e943b88e2e0fc5896929e695c29369e6a69224f1a3155aa746a905961,952511e35b06dca5e2c321e2fdb4f4bab361862c87a5617153b6a2b4db2cceb5,fa8c64f3f3b3d85e41bef6bb0c13c41a7c600b9a8ed13e58102a7a07fb01a479,5.0,1.6659659445285797,strict_validation_only_no_pa_v1,0.11265555636416563,0.2049516748311929,0.14539306846999156,1548.0,12193.0,6005.0,0.5414903905819891,0.1161669088276013,0.13679617092062216,0.9393939393939394,33,31,11.096774193548388,190.9183433805684,"Offline window scores use future context; delay in source points, not causal latency. Missed events reported separately.",0.07063159688579429,0.2937123677116688,entity_cluster,2.75,1.9059999999590218,1430268,,20,0.7049660152843363,26,0,0.2824961740529941,26,0,0.7128994902521023,26,0,0.5635797550504029,26,0,0.989999646990505,26,0
fm_objective_target__msl__seed1106,fm_objective_target,MSL,1106,experiments/runs/fm_tsad_execution_v1/jobs/fm_objective_target__msl__seed1106/result.json,6a829c1fc3081098a262570a322e4556ce57a78b6aabca0fa5c68721db50c698,337cfbd3b48429c405f885bbf304618ef307187897d248f5737ad8ab62a203e6,889107a56dd94a4829fbcfd07edacc7effb4819033a8439310db46d32416d636,0.1,31.981350078582793,strict_validation_only_no_pa_v1,0.0535989434294519,0.06447769098371509,0.05853717170503035,487.0,8599.0,7066.0,0.5444004133362994,0.11585414140886188,0.0449991797979128,0.18181818181818182,33,6,86.0,134.64338839740077,"Offline window scores use future context; delay in source points, not causal latency. Missed events reported separately.",0.0035787825524775012,0.13036227079680748,entity_cluster,2.8589999999385327,1.8589999999385327,1430268,,20,0.7032898356917189,26,0,0.2797045408680775,26,0,0.6937646181030432,12,14,0.6172256432576293,12,14,0.3834537896367593,26,0
fm_objective_target__msl__seed1106,fm_objective_target,MSL,1106,experiments/runs/fm_tsad_execution_v1/jobs/fm_objective_target__msl__seed1106/result.json,6a829c1fc3081098a262570a322e4556ce57a78b6aabca0fa5c68721db50c698,337cfbd3b48429c405f885bbf304618ef307187897d248f5737ad8ab62a203e6,889107a56dd94a4829fbcfd07edacc7effb4819033a8439310db46d32416d636,1.0,4.19372181892395,strict_validation_only_no_pa_v1,0.06314458065771551,0.08592612207070038,0.0727945712523134,649.0,9629.0,6904.0,0.5444004133362994,0.11585414140886188,0.07245508590652709,0.7878787878787878,33,26,52.38461538461539,150.77115791121898,"Offline window scores use future context; delay in source points, not causal latency. Missed events reported separately.",0.03725645543198931,0.1445960144764847,entity_cluster,2.8589999999385327,1.8589999999385327,1430268,,20,0.7032898356917189,26,0,0.2797045408680775,26,0,0.7213502842500046,26,0,0.5831564867101044,26,0,0.9670749647295079,26,0
fm_objective_target__msl__seed1106,fm_objective_target,MSL,1106,experiments/runs/fm_tsad_execution_v1/jobs/fm_objective_target__msl__seed1106/result.json,6a829c1fc3081098a262570a322e4556ce57a78b6aabca0fa5c68721db50c698,337cfbd3b48429c405f885bbf304618ef307187897d248f5737ad8ab62a203e6,889107a56dd94a4829fbcfd07edacc7effb4819033a8439310db46d32416d636,5.0,1.6822788715362549,strict_validation_only_no_pa_v1,0.10865575214741943,0.19594862968356944,0.13979408708793803,1480.0,12141.0,6073.0,0.5444004133362994,0.11585414140886188,0.1330527194931177,0.9393939393939394,33,31,10.903225806451612,190.1041258905504,"Offline window scores use future context; delay in source points, not causal latency. Missed events reported separately.",0.07067889093806913,0.2730614525014872,entity_cluster,2.8589999999385327,1.8589999999385327,1430268,,20,0.7032898356917189,26,0,0.2797045408680775,26,0,0.7126273663923308,26,0,0.5635526573844791,26,0,0.9899435561809972,26,0
fm_objective_target__msl__seed1107,fm_objective_target,MSL,1107,experiments/runs/fm_tsad_execution_v1/jobs/fm_objective_target__msl__seed1107/result.json,96d6cc281202ce34c24cd5db429d0029f2a12cfe9b433453478116fdd1d75c19,930488115fef35c8e356161672af50a6e4ad7cbf82af8e5fc4ed3d21bbd8d596,d22be3738e876cb097adbe3b5da3182f11961f95bc95455fe89e97d560fa3b97,0.1,32.107179965972904,strict_validation_only_no_pa_v1,0.05318916557448668,0.06447769098371509,0.058291938476270275,487.0,8669.0,7066.0,0.5435425387000575,0.11522375147073144,0.04429142207969318,0.15151515151515152,33,5,100.2,135.73945040319424,"Offline window scores use future context; delay in source points, not causal latency. Missed events reported separately.",0.00485875532657208,0.11365531492050837,entity_cluster,2.75,1.9060000001918525,1430268,,20,0.7044686461672518,26,0,0.27829574830709275,26,0,0.6471249243079421,11,15,0.5842901289184973,11,15,0.32051911617722656,26,0
fm_objective_target__msl__seed1107,fm_objective_target,MSL,1107,experiments/runs/fm_tsad_execution_v1/jobs/fm_objective_target__msl__seed1107/result.json,96d6cc281202ce34c24cd5db429d0029f2a12cfe9b433453478116fdd1d75c19,930488115fef35c8e356161672af50a6e4ad7cbf82af8e5fc4ed3d21bbd8d596,d22be3738e876cb097adbe3b5da3182f11961f95bc95455fe89e97d560fa3b97,1.0,4.1876941204070945,strict_validation_only_no_pa_v1,0.06306481391507142,0.08592612207070038,0.07274153777180005,649.0,9642.0,6904.0,0.5435425387000575,0.11522375147073144,0.0723476182965628,0.7878787878787878,33,26,50.46153846153846,150.97471228372348,"Offline window scores use future context; delay in source points, not causal latency. Missed events reported separately.",0.03736531729788204,0.12572841140712138,entity_cluster,2.75,1.9060000001918525,1430268,,20,0.7044686461672518,26,0,0.27829574830709275,26,0,0.721816238298235,26,0,0.5834220981117129,26,0,0.967105529940082,26,0
fm_objective_target__msl__seed1107,fm_objective_target,MSL,1107,experiments/runs/fm_tsad_execution_v1/jobs/fm_objective_target__msl__seed1107/result.json,96d6cc281202ce34c24cd5db429d0029f2a12cfe9b433453478116fdd1d75c19,930488115fef35c8e356161672af50a6e4ad7cbf82af8e5fc4ed3d21bbd8d596,d22be3738e876cb097adbe3b5da3182f11961f95bc95455fe89e97d560fa3b97,5.0,1.674064964056015,strict_validation_only_no_pa_v1,0.10614853448909131,0.19131470938699854,0.13653973353491447,1445.0,12168.0,6108.0,0.5435425387000575,0.11522375147073144,0.13200583220819873,0.9393939393939394,33,31,10.483870967741936,190.52689266421356,"Offline window scores use future context; delay in source points, not causal latency. Missed events reported separately.",0.07151483489710848,0.26126613736995763,entity_cluster,2.75,1.9060000001918525,1430268,,20,0.7044686461672518,26,0,0.27829574830709275,26,0,0.7122800654998346,26,0,0.5629279195443411,26,0,0.9900674760285939,26,0
fm_objective_vp__msl__seed1103,fm_objective_vp,MSL,1103,experiments/runs/fm_tsad_execution_v1/jobs/fm_objective_vp__msl__seed1103/result.json,51ce52db5262cc4ef6ccc78bd2fddc7ae6b174a19946d3d1a104a54f7462574d,299888e5004c9818b4351d578b3a75f6e914ce087de3712a7595adf6c2760386,0ceda0cb3501db2dc9be9de9b0d7e674d5e4837cbcbfbc37b6954327a4631cd6,0.1,39.67093133926395,strict_validation_only_no_pa_v1,0.052500810197688236,0.06434529326095591,0.0578227245687091,486.0,8771.0,7067.0,0.5410854492497906,0.11600847887486676,0.044038852456693145,0.15151515151515152,33,5,102.2,137.33656932592186,"Offline window scores use future context; delay in source points, not causal latency. Missed events reported separately.",0.007762070170841455,0.10891147313215639,entity_cluster,2.828999999910593,2.0,1430268,,20,0.7018152303061995,26,0,0.28479479110407413,26,0,0.6664558996256159,11,15,0.5822360728506565,11,15,0.345620861935667,26,0
fm_objective_vp__msl__seed1103,fm_objective_vp,MSL,1103,experiments/runs/fm_tsad_execution_v1/jobs/fm_objective_vp__msl__seed1103/result.json,51ce52db5262cc4ef6ccc78bd2fddc7ae6b174a19946d3d1a104a54f7462574d,299888e5004c9818b4351d578b3a75f6e914ce087de3712a7595adf6c2760386,0ceda0cb3501db2dc9be9de9b0d7e674d5e4837cbcbfbc37b6954327a4631cd6,1.0,5.223467600345606,strict_validation_only_no_pa_v1,0.06672485694888954,0.09108963325830796,0.07702642185400806,688.0,9623.0,6865.0,0.5410854492497906,0.11600847887486676,0.08822697968521648,0.7878787878787878,33,26,52.38461538461539,150.67720973929383,"Offline window scores use future context; delay in source points, not causal latency. Missed events reported separately.",0.04592305297860927,0.13972602428790135,entity_cluster,2.828999999910593,2.0,1430268,,20,0.7018152303061995,26,0,0.28479479110407413,26,0,0.7353312251051081,26,0,0.604049933101362,26,0,0.966751968722919,26,0
fm_objective_vp__msl__seed1103,fm_objective_vp,MSL,1103,experiments/runs/fm_tsad_execution_v1/jobs/fm_objective_vp__msl__seed1103/result.json,51ce52db5262cc4ef6ccc78bd2fddc7ae6b174a19946d3d1a104a54f7462574d,299888e5004c9818b4351d578b3a75f6e914ce087de3712a7595adf6c2760386,0ceda0cb3501db2dc9be9de9b0d7e674d5e4837cbcbfbc37b6954327a4631cd6,5.0,2.142910271883011,strict_validation_only_no_pa_v1,0.12362159024956472,0.2256057195816232,0.15972254768711627,1704.0,12080.0,5849.0,0.5410854492497906,0.11600847887486676,0.14347832919794765,0.9393939393939394,33,31,11.225806451612904,189.14898614264465,"Offline window scores use future context; delay in source points, not causal latency. Missed events reported separately.",0.07225552729717515,0.3470648249250413,entity_cluster,2.828999999910593,2.0,1430268,,20,0.7018152303061995,26,0,0.28479479110407413,26,0,0.7145041639837129,26,0,0.5655160904559937,26,0,0.9899312757074848,26,0
fm_objective_vp__msl__seed1104,fm_objective_vp,MSL,1104,experiments/runs/fm_tsad_execution_v1/jobs/fm_objective_vp__msl__seed1104/result.json,b306ae87cc9caedd628a1a7ce75e04148c60e995bc9cb0f0e89507f2c29c80f8,f75bc24a45678555e37e74c5e1dafc50986c89de59fead0a572a42cebb23d644,3867c961c58ab5d15d02278f554f84d628fcfefdac97934bb35d73b6356c063a,0.1,39.819528675079354,strict_validation_only_no_pa_v1,0.052353195164075994,0.06421289553819674,0.05767972884581078,485.0,8779.0,7068.0,0.5441611904596231,0.11718092126330915,0.044022984077014694,0.15151515151515152,33,5,102.2,137.4618335551554,"Offline window scores use future context; delay in source points, not causal latency. Missed events reported separately.",0.003156170532315141,0.12926684473857455,entity_cluster,2.7659999998286366,2.0,1430268,,20,0.7035348036339145,26,0,0.28315880264426724,26,0,0.6231187732824298,11,15,0.5509402160810594,11,15,0.3173137248816733,26,0
fm_objective_vp__msl__seed1104,fm_objective_vp,MSL,1104,experiments/runs/fm_tsad_execution_v1/jobs/fm_objective_vp__msl__seed1104/result.json,b306ae87cc9caedd628a1a7ce75e04148c60e995bc9cb0f0e89507f2c29c80f8,f75bc24a45678555e37e74c5e1dafc50986c89de59fead0a572a42cebb23d644,3867c961c58ab5d15d02278f554f84d628fcfefdac97934bb35d73b6356c063a,1.0,5.2290444612503,strict_validation_only_no_pa_v1,0.06669255412095913,0.09095723553554878,0.0769575445278369,687.0,9614.0,6866.0,0.5441611904596231,0.11718092126330915,0.08812107147515733,0.7878787878787878,33,26,50.23076923076923,150.53628748140608,"Offline window scores use future context; delay in source points, not causal latency. Missed events reported separately.",0.04113820376610763,0.14758357035631184,entity_cluster,2.7659999998286366,2.0,1430268,,20,0.7035348036339145,26,0,0.28315880264426724,26,0,0.7348222905867434,26,0,0.6029614903084778,26,0,0.9672115819102487,26,0
fm_objective_vp__msl__seed1104,fm_objective_vp,MSL,1104,experiments/runs/fm_tsad_execution_v1/jobs/fm_objective_vp__msl__seed1104/result.json,b306ae87cc9caedd628a1a7ce75e04148c60e995bc9cb0f0e89507f2c29c80f8,f75bc24a45678555e37e74c5e1dafc50986c89de59fead0a572a42cebb23d644,3867c961c58ab5d15d02278f554f84d628fcfefdac97934bb35d73b6356c063a,5.0,2.130502372980118,strict_validation_only_no_pa_v1,0.1237247666594313,0.22640010591817822,0.16000748573032658,1710.0,12111.0,5843.0,0.5441611904596231,0.11718092126330915,0.14428968234571887,0.9393939393939394,33,31,10.32258064516129,189.63438503092462,"Offline window scores use future context; delay in source points, not causal latency. Missed events reported separately.",0.0731701378608541,0.2974154297704512,entity_cluster,2.7659999998286366,2.0,1430268,,20,0.7035348036339145,26,0,0.28315880264426724,26,0,0.7141894644616728,26,0,0.5650485629212961,26,0,0.990081460906157,26,0
fm_objective_vp__msl__seed1105,fm_objective_vp,MSL,1105,experiments/runs/fm_tsad_execution_v1/jobs/fm_objective_vp__msl__seed1105/result.json,49f2b50f2c8c9f37e486d9ea0f94a96b0d4af9123d9b4bb0a27de8e9f09221c0,f4c41aff79d0402b18cb55b7222eebcac53cdd6965c312209bc4a0f9ba0333a9,fc2e5d83f4682087b889c6cf99a8d1f931089160c05bafc40724611842739ad4,0.1,39.620188198090105,strict_validation_only_no_pa_v1,0.05240410588870881,0.06421289553819674,0.05771061399333651,485.0,8770.0,7068.0,0.5372450331911129,0.1163107970097639,0.044026530964313984,0.15151515151515152,33,5,102.2,137.32091129726768,"Offline window scores use future context; delay in source points, not causal latency. Missed events reported separately.",0.0026580917102887024,0.12521811616553752,entity_cluster,2.4380000000819564,1.9530000002123415,1430268,,20,0.7032372446685053,26,0,0.2827244143095187,26,0,0.6636999326557772,11,15,0.5788767648970297,11,15,0.3456208445180696,26,0
fm_objective_vp__msl__seed1105,fm_objective_vp,MSL,1105,experiments/runs/fm_tsad_execution_v1/jobs/fm_objective_vp__msl__seed1105/result.json,49f2b50f2c8c9f37e486d9ea0f94a96b0d4af9123d9b4bb0a27de8e9f09221c0,f4c41aff79d0402b18cb55b7222eebcac53cdd6965c312209bc4a0f9ba0333a9,fc2e5d83f4682087b889c6cf99a8d1f931089160c05bafc40724611842739ad4,1.0,5.190173077583313,strict_validation_only_no_pa_v1,0.06705370101596517,0.0917516218721038,0.07748211091234346,693.0,9642.0,6860.0,0.5372450331911129,0.1163107970097639,0.08907256739718904,0.8181818181818182,33,27,52.370370370370374,150.97471228372348,"Offline window scores use future context; delay in source points, not causal latency. Missed events reported separately.",0.04564540168778971,0.14818794381901584,entity_cluster,2.4380000000819564,1.9530000002123415,1430268,,20,0.7032372446685053,26,0,0.2827244143095187,26,0,0.7330788154091926,26,0,0.598334079722693,26,0,0.9691826298561955,26,0
fm_objective_vp__msl__seed1105,fm_objective_vp,MSL,1105,experiments/runs/fm_tsad_execution_v1/jobs/fm_objective_vp__msl__seed1105/result.json,49f2b50f2c8c9f37e486d9ea0f94a96b0d4af9123d9b4bb0a27de8e9f09221c0,f4c41aff79d0402b18cb55b7222eebcac53cdd6965c312209bc4a0f9ba0333a9,fc2e5d83f4682087b889c6cf99a8d1f931089160c05bafc40724611842739ad4,5.0,2.137731611728668,strict_validation_only_no_pa_v1,0.12310592329442471,0.2248113332450682,0.15909303850838566,1698.0,12095.0,5855.0,0.5372450331911129,0.1163107970097639,0.14413895948320782,0.9393939393939394,33,31,10.483870967741936,189.38385657245752,"Offline window scores use future context; delay in source points, not causal latency. Missed events reported separately.",0.07131463449905258,0.33352552321100376,entity_cluster,2.4380000000819564,1.9530000002123415,1430268,,20,0.7032372446685053,26,0,0.2827244143095187,26,0,0.7154442925614847,26,0,0.5663975364070994,26,0,0.9901647438748721,26,0
fm_objective_vp__msl__seed1106,fm_objective_vp,MSL,1106,experiments/runs/fm_tsad_execution_v1/jobs/fm_objective_vp__msl__seed1106/result.json,c34fa899ec23775424b7690bd3faf2b188886af145b49c1650b923581f906215,549129776dd082bda69527acb0fe7a214261548cd1aadf8462550b3c35ad6479,73d31b89a8a74f25d0dbeddb236c108d0750c4f83b050c11e457d7c623992ea7,0.1,39.84552947998049,strict_validation_only_no_pa_v1,0.05253486109609772,0.06434529326095591,0.05784337062604142,486.0,8765.0,7067.0,0.5429498181534432,0.11776113010415926,0.04404028229488556,0.15151515151515152,33,5,102.2,137.2426211539967,"Offline window scores use future context; delay in source points, not causal latency. Missed events reported separately.",0.0033088709045724263,0.12780913332991642,entity_cluster,2.8910000000614673,1.906999999890104,1430268,,20,0.6992669263757391,26,0,0.2849916519100738,26,0,0.6636941119629041,11,15,0.5788702000140514,11,15,0.345620861935667,26,0
fm_objective_vp__msl__seed1106,fm_objective_vp,MSL,1106,experiments/runs/fm_tsad_execution_v1/jobs/fm_objective_vp__msl__seed1106/result.json,c34fa899ec23775424b7690bd3faf2b188886af145b49c1650b923581f906215,549129776dd082bda69527acb0fe7a214261548cd1aadf8462550b3c35ad6479,73d31b89a8a74f25d0dbeddb236c108d0750c4f83b050c11e457d7c623992ea7,1.0,5.180255222320556,strict_validation_only_no_pa_v1,0.06652464413672897,0.09095723553554878,0.07684563758389262,687.0,9640.0,6866.0,0.5429498181534432,0.11776113010415926,0.0874806344155069,0.7878787878787878,33,26,50.23076923076923,150.9433962264151,"Offline window scores use future context; delay in source points, not causal latency. Missed events reported separately.",0.04283634872928772,0.14980331131326532,entity_cluster,2.8910000000614673,1.906999999890104,1430268,,20,0.6992669263757391,26,0,0.2849916519100738,26,0,0.7292653225272976,26,0,0.5943068413781426,26,0,0.9662665558095065,26,0
fm_objective_vp__msl__seed1106,fm_objective_vp,MSL,1106,experiments/runs/fm_tsad_execution_v1/jobs/fm_objective_vp__msl__seed1106/result.json,c34fa899ec23775424b7690bd3faf2b188886af145b49c1650b923581f906215,549129776dd082bda69527acb0fe7a214261548cd1aadf8462550b3c35ad6479,73d31b89a8a74f25d0dbeddb236c108d0750c4f83b050c11e457d7c623992ea7,5.0,2.142171621322632,strict_validation_only_no_pa_v1,0.12244897959183673,0.22322256057195816,0.1581465153362724,1686.0,12083.0,5867.0,0.5429498181534432,0.11776113010415926,0.14175517362328988,0.9393939393939394,33,31,10.419354838709678,189.19596022860722,"Offline window scores use future context; delay in source points, not causal latency. Missed events reported separately.",0.0744685978750134,0.31523216865535625,entity_cluster,2.8910000000614673,1.906999999890104,1430268,,20,0.6992669263757391,26,0,0.2849916519100738,26,0,0.713619181680609,26,0,0.5644360216320051,26,0,0.9901105437177891,26,0
fm_objective_vp__msl__seed1107,fm_objective_vp,MSL,1107,experiments/runs/fm_tsad_execution_v1/jobs/fm_objective_vp__msl__seed1107/result.json,b7f72009151a4f04d4f676250111efac5fa942a23707afb297a1c48dc8be2e3d,a7160d1ebfd1f1585733697bbef1e3074d8a7fa7d56f60e190ad5c6c5f82e377,14b49123306f176862e364a00ce2ba2dc3d05cc9ed97a15a1382ba6536e58575,0.1,39.37301433563253,strict_validation_only_no_pa_v1,0.05251215559157212,0.06434529326095591,0.0578296049500238,486.0,8769.0,7067.0,0.5415996889290989,0.11799291226335135,0.04505117022717828,0.18181818181818182,33,6,86.33333333333333,137.30525326861348,"Offline window scores use future context; delay in source points, not causal latency. Missed events reported separately.",0.005006364112949594,0.11218679328615384,entity_cluster,2.8119999999180436,2.0,1430268,,20,0.7051458033202764,26,0,0.2853575725749269,26,0,0.6690351057426964,12,14,0.5787411276434332,12,14,0.38344632276633,26,0
fm_objective_vp__msl__seed1107,fm_objective_vp,MSL,1107,experiments/runs/fm_tsad_execution_v1/jobs/fm_objective_vp__msl__seed1107/result.json,b7f72009151a4f04d4f676250111efac5fa942a23707afb297a1c48dc8be2e3d,a7160d1ebfd1f1585733697bbef1e3074d8a7fa7d56f60e190ad5c6c5f82e377,14b49123306f176862e364a00ce2ba2dc3d05cc9ed97a15a1382ba6536e58575,1.0,5.17498688697814,strict_validation_only_no_pa_v1,0.06693790564758306,0.09148682642658547,0.0773103602595659,691.0,9632.0,6862.0,0.5415996889290989,0.11799291226335135,0.0887206674620268,0.7878787878787878,33,26,50.23076923076923,150.81813199718155,"Offline window scores use future context; delay in source points, not causal latency. Missed events reported separately.",0.041140895982963,0.13335798520887468,entity_cluster,2.8119999999180436,2.0,1430268,,20,0.7051458033202764,26,0,0.2853575725749269,26,0,0.7330821736042019,26,0,0.6003513306097715,26,0,0.967648813994243,26,0
fm_objective_vp__msl__seed1107,fm_objective_vp,MSL,1107,experiments/runs/fm_tsad_execution_v1/jobs/fm_objective_vp__msl__seed1107/result.json,b7f72009151a4f04d4f676250111efac5fa942a23707afb297a1c48dc8be2e3d,a7160d1ebfd1f1585733697bbef1e3074d8a7fa7d56f60e190ad5c6c5f82e377,14b49123306f176862e364a00ce2ba2dc3d05cc9ed97a15a1382ba6536e58575,5.0,2.135245442390442,strict_validation_only_no_pa_v1,0.12336015075741102,0.22534092413610485,0.15943793911007026,1702.0,12095.0,5851.0,0.5415996889290989,0.11799291226335135,0.1437318225966391,0.9393939393939394,33,31,10.35483870967742,189.38385657245752,"Offline window scores use future context; delay in source points, not causal latency. Missed events reported separately.",0.07287174166223136,0.32580171682898346,entity_cluster,2.8119999999180436,2.0,1430268,,20,0.7051458033202764,26,0,0.2853575725749269,26,0,0.7135780578647997,26,0,0.5643309761076317,26,0,0.9899766309368064,26,0
fm_objective_independent__smd__seed1103,fm_objective_independent,SMD,1103,experiments/runs/fm_tsad_execution_v1/jobs/fm_objective_independent__smd__seed1103/result.json,96f6ce9f0abd3651bec81680c3d6de583c4b9ef83e58e14d21ea7265bac9a82e,201f26944f65b7d0172ec3ebaeedd2a5da8c7b4f884906cdaea56d6fb9e94d64,96aac985c0ba511da0a15fcafe58cae7da77e89024295ac8e3ca32dabe7ef68f,0.1,2582.0418154322238,strict_validation_only_no_pa_v1,0.848314606741573,0.031112637362637363,0.06002385053663708,453.0,81.0,14107.0,0.7624960321426836,0.3375194895337143,0.06293903612800217,0.10204081632653061,196,20,19.35,0.3346706386424767,"Offline window scores use future context; delay in source points, not causal latency. Missed events reported separately.",0.013273092924089623,0.14367295188845491,entity_cluster,8.875,6.030999999959022,993368,,20,0.8094175229708288,18,0,0.43236018772125784,18,0,0.4766066221392633,8,10,0.9866555406507904,8,10,0.15913429103971596,18,0
fm_objective_independent__smd__seed1103,fm_objective_independent,SMD,1103,experiments/runs/fm_tsad_execution_v1/jobs/fm_objective_independent__smd__seed1103/result.json,96f6ce9f0abd3651bec81680c3d6de583c4b9ef83e58e14d21ea7265bac9a82e,201f26944f65b7d0172ec3ebaeedd2a5da8c7b4f884906cdaea56d6fb9e94d64,96aac985c0ba511da0a15fcafe58cae7da77e89024295ac8e3ca32dabe7ef68f,1.0,22.106954078674303,strict_validation_only_no_pa_v1,0.5283261802575108,0.3381868131868132,0.41239530988274714,4924.0,4396.0,9636.0,0.7624960321426836,0.3375194895337143,0.2901072111304816,0.7806122448979592,196,153,4.9411764705882355,18.16311268484355,"Offline window scores use future context; delay in source points, not causal latency. Missed events reported separately.",0.21616694331555883,0.5829336803146249,entity_cluster,8.875,6.030999999959022,993368,,20,0.8094175229708288,18,0,0.43236018772125784,18,0,0.7986227024579252,18,0,0.829281447425577,18,0,0.806162550410326,18,0
fm_objective_independent__smd__seed1103,fm_objective_independent,SMD,1103,experiments/runs/fm_tsad_execution_v1/jobs/fm_objective_independent__smd__seed1103/result.json,96f6ce9f0abd3651bec81680c3d6de583c4b9ef83e58e14d21ea7265bac9a82e,201f26944f65b7d0172ec3ebaeedd2a5da8c7b4f884906cdaea56d6fb9e94d64,96aac985c0ba511da0a15fcafe58cae7da77e89024295ac8e3ca32dabe7ef68f,5.0,3.9824964046478266,strict_validation_only_no_pa_v1,0.19586577181208054,0.5010989010989011,0.281644470179502,7296.0,29954.0,7264.0,0.7624960321426836,0.3375194895337143,0.3132998600083955,0.9489795918367347,196,186,2.553763440860215,123.7620285172438,"Offline window scores use future context; delay in source points, not causal latency. Missed events reported separately.",0.18713434684783278,0.35784282061644884,entity_cluster,8.875,6.030999999959022,993368,,20,0.8094175229708288,18,0,0.43236018772125784,18,0,0.8065846795801624,18,0,0.695808418502113,18,0,0.9734063476287346,18,0
fm_objective_independent__smd__seed1104,fm_objective_independent,SMD,1104,experiments/runs/fm_tsad_execution_v1/jobs/fm_objective_independent__smd__seed1104/result.json,460c409222bbc74c0ae46b5681cbb916ab41b68cda2bb0de514e87cff3fc9562,ca30896d3ce6829c0ab261e7b206e3d5f047d0b966cd7b898b98c5599647769d,e2b3c31586df8a6cabf17f15c668b7104a5f5258c1e2fd2fc0aab6b0c3281540,0.1,2574.9245058617907,strict_validation_only_no_pa_v1,0.8578595317725752,0.03523351648351648,0.0676870299511809,513.0,85.0,14047.0,0.7692560487313777,0.3374519238756299,0.06722889253195616,0.10204081632653061,196,20,19.45,0.3511975837606237,"Offline window scores use future context; delay in source points, not causal latency. Missed events reported separately.",0.008868746295669066,0.19513128995943457,entity_cluster,8.827999999979511,6.218000000109896,993368,,20,0.8163688096823583,18,0,0.4356980524112514,18,0,0.476597274913838,8,10,0.9861413951245499,8,10,0.15913624594841563,18,0
fm_objective_independent__smd__seed1104,fm_objective_independent,SMD,1104,experiments/runs/fm_tsad_execution_v1/jobs/fm_objective_independent__smd__seed1104/result.json,460c409222bbc74c0ae46b5681cbb916ab41b68cda2bb0de514e87cff3fc9562,ca30896d3ce6829c0ab261e7b206e3d5f047d0b966cd7b898b98c5599647769d,e2b3c31586df8a6cabf17f15c668b7104a5f5258c1e2fd2fc0aab6b0c3281540,1.0,21.413256225585855,strict_validation_only_no_pa_v1,0.5417086552457732,0.33228021978021977,0.41190243071814736,4838.0,4093.0,9722.0,0.7692560487313777,0.3374519238756299,0.2938944655197069,0.7857142857142857,196,154,5.071428571428571,16.911196592143916,"Offline window scores use future context; delay in source points, not causal latency. Missed events reported separately.",0.18996556039848245,0.5895208339861724,entity_cluster,8.827999999979511,6.218000000109896,993368,,20,0.8163688096823583,18,0,0.4356980524112514,18,0,0.8034147842374013,18,0,0.8330054095853403,18,0,0.8092075849400525,18,0
fm_objective_independent__smd__seed1104,fm_objective_independent,SMD,1104,experiments/runs/fm_tsad_execution_v1/jobs/fm_objective_independent__smd__seed1104/result.json,460c409222bbc74c0ae46b5681cbb916ab41b68cda2bb0de514e87cff3fc9562,ca30896d3ce6829c0ab261e7b206e3d5f047d0b966cd7b898b98c5599647769d,e2b3c31586df8a6cabf17f15c668b7104a5f5258c1e2fd2fc0aab6b0c3281540,5.0,3.9287606000900257,strict_validation_only_no_pa_v1,0.19250591638180384,0.5028159340659341,0.2784179501806427,7321.0,30709.0,7239.0,0.7692560487313777,0.3374519238756299,0.31001768638810545,0.9540816326530612,196,187,2.4973262032085564,126.88148940829404,"Offline window scores use future context; delay in source points, not causal latency. Missed events reported separately.",0.19784926269425546,0.3634344109805849,entity_cluster,8.827999999979511,6.218000000109896,993368,,20,0.8163688096823583,18,0,0.4356980524112514,18,0,0.8062173044377045,18,0,0.6950138198943459,18,0,0.9736347640789688,18,0
fm_objective_independent__smd__seed1105,fm_objective_independent,SMD,1105,experiments/runs/fm_tsad_execution_v1/jobs/fm_objective_independent__smd__seed1105/result.json,5dc595b2dc90a61c73c7e06268897b6d3ba10e7d6358392e0262d1cb0580dc6c,55d9f0eba94cf90a017cbab0c700430b1e680a453252a180193892bc3c50f778,2b8193349c7a481c122cde0b7b3c9cabb36f2cdd07fc71dd3d64e1fa5774a3cb,0.1,2769.937457526192,strict_validation_only_no_pa_v1,0.8848484848484849,0.030082417582417583,0.058186648953835934,438.0,57.0,14122.0,0.7709432767263519,0.3398240188996993,0.06178525281451711,0.09183673469387756,196,18,20.444444444444443,0.23550896793359474,"Offline window scores use future context; delay in source points, not causal latency. Missed events reported separately.",0.01132534852519661,0.1470999615099478,entity_cluster,8.827999999979511,6.655999999959022,993368,,20,0.8180027037376496,18,0,0.4377304651369808,18,0,0.4434582342209983,8,10,0.9867717660865263,8,10,0.1453490921531338,18,0
fm_objective_independent__smd__seed1105,fm_objective_independent,SMD,1105,experiments/runs/fm_tsad_execution_v1/jobs/fm_objective_independent__smd__seed1105/result.json,5dc595b2dc90a61c73c7e06268897b6d3ba10e7d6358392e0262d1cb0580dc6c,55d9f0eba94cf90a017cbab0c700430b1e680a453252a180193892bc3c50f778,2b8193349c7a481c122cde0b7b3c9cabb36f2cdd07fc71dd3d64e1fa5774a3cb,1.0,22.27056171417224,strict_validation_only_no_pa_v1,0.5415264357833026,0.3425824175824176,0.4196710277228556,4988.0,4223.0,9572.0,0.7709432767263519,0.3398240188996993,0.2991310197252641,0.7857142857142857,196,154,5.0,17.448322308483693,"Offline window scores use future context; delay in source points, not causal latency. Missed events reported separately.",0.20952067932348684,0.5902122992464257,entity_cluster,8.827999999979511,6.655999999959022,993368,,20,0.8180027037376496,18,0,0.4377304651369808,18,0,0.8021264911945075,18,0,0.832474814619997,18,0,0.8091899595194815,18,0
fm_objective_independent__smd__seed1105,fm_objective_independent,SMD,1105,experiments/runs/fm_tsad_execution_v1/jobs/fm_objective_independent__smd__seed1105/result.json,5dc595b2dc90a61c73c7e06268897b6d3ba10e7d6358392e0262d1cb0580dc6c,55d9f0eba94cf90a017cbab0c700430b1e680a453252a180193892bc3c50f778,2b8193349c7a481c122cde0b7b3c9cabb36f2cdd07fc71dd3d64e1fa5774a3cb,5.0,4.185459995269775,strict_validation_only_no_pa_v1,0.19651782281540067,0.49148351648351646,0.28077058892768864,7156.0,29258.0,7404.0,0.7709432767263519,0.3398240188996993,0.3127243647603679,0.9489795918367347,196,186,2.6236559139784945,120.88634006668623,"Offline window scores use future context; delay in source points, not causal latency. Missed events reported separately.",0.20341238540930578,0.38025306402174885,entity_cluster,8.827999999979511,6.655999999959022,993368,,20,0.8180027037376496,18,0,0.4377304651369808,18,0,0.8114675591055174,18,0,0.703789127462897,18,0,0.9722225637001196,18,0
fm_objective_independent__smd__seed1106,fm_objective_independent,SMD,1106,experiments/runs/fm_tsad_execution_v1/jobs/fm_objective_independent__smd__seed1106/result.json,99005caa4e514951818c3e943f583c371a9b545e657ebb70bc8fce722746223c,c9b2089508e56a6b99975b825bb4a0d702e5421e2e6a2a5a6e3f5c2b79c60111,889ba1a9bff1a50b85036e40ca747fc1bdff7aadcb205809ed0e727441181a60,0.1,2640.6427451203704,strict_validation_only_no_pa_v1,0.8523364485981308,0.03131868131868132,0.060417356740642594,456.0,79.0,14104.0,0.7687277812760064,0.33475382015818395,0.06321458330528,0.09693877551020408,196,19,17.0,0.32640716608340326,"Offline window scores use future context; delay in source points, not causal latency. Missed events reported separately.",0.009892795980975196,0.15368080754766777,entity_cluster,9.702999999979511,6.531999999890104,993368,,20,,,,,,,,,,,,,,,
fm_objective_independent__smd__seed1106,fm_objective_independent,SMD,1106,experiments/runs/fm_tsad_execution_v1/jobs/fm_objective_independent__smd__seed1106/result.json,99005caa4e514951818c3e943f583c371a9b545e657ebb70bc8fce722746223c,c9b2089508e56a6b99975b825bb4a0d702e5421e2e6a2a5a6e3f5c2b79c60111,889ba1a9bff1a50b85036e40ca747fc1bdff7aadcb205809ed0e727441181a60,1.0,22.226569519042688,strict_validation_only_no_pa_v1,0.5214517876489707,0.3305631868131868,0.4046237915090374,4813.0,4417.0,9747.0,0.7687277812760064,0.33475382015818395,0.29289476865076325,0.7806122448979592,196,153,5.104575163398692,18.249879146713823,"Offline window scores use future context; delay in source points, not causal latency. Missed events reported separately.",0.20630438784945282,0.5428957389439725,entity_cluster,9.702999999979511,6.531999999890104,993368,,20,,,,,,,,,,,,,,,
fm_objective_independent__smd__seed1106,fm_objective_independent,SMD,1106,experiments/runs/fm_tsad_execution_v1/jobs/fm_objective_independent__smd__seed1106/result.json,99005caa4e514951818c3e943f583c371a9b545e657ebb70bc8fce722746223c,c9b2089508e56a6b99975b825bb4a0d702e5421e2e6a2a5a6e3f5c2b79c60111,889ba1a9bff1a50b85036e40ca747fc1bdff7aadcb205809ed0e727441181a60,5.0,3.9877005338668794,strict_validation_only_no_pa_v1,0.19781333333333334,0.5094780219780219,0.2849788705339992,7418.0,30082.0,7142.0,0.7687277812760064,0.33475382015818395,0.32230966562724234,0.9540816326530612,196,187,2.6310160427807485,124.2908907610245,"Offline window scores use future context; delay in source points, not causal latency. Missed events reported separately.",0.18405188656505772,0.3655743217656927,entity_cluster,9.702999999979511,6.531999999890104,993368,,20,,,,,,,,,,,,,,,
fm_objective_independent__smd__seed1107,fm_objective_independent,SMD,1107,experiments/runs/fm_tsad_execution_v1/jobs/fm_objective_independent__smd__seed1107/result.json,deb5aa6ae9d7c904f2c9efc2658d181cdaba3d40258f618084efe15c4467d110,9d31f7dba71910b0b4a50f7532ac99c63f667abb603be7d30490d5c92de76b09,e95540809395b9334d147d0c584add0d44d1537988b91c5c30317b04580792a1,0.1,2692.3484326220537,strict_validation_only_no_pa_v1,0.8653530377668309,0.03619505494505495,0.0694838156767091,527.0,82.0,14033.0,0.7680069156014316,0.3358536001630437,0.06721401687676974,0.09693877551020408,196,19,17.105263157894736,0.3388023749220135,"Offline window scores use future context; delay in source points, not causal latency. Missed events reported separately.",0.00852778970354541,0.19291053178467957,entity_cluster,9.063000000081956,6.438000000081956,993368,,20,,,,,,,,,,,,,,,
fm_objective_independent__smd__seed1107,fm_objective_independent,SMD,1107,experiments/runs/fm_tsad_execution_v1/jobs/fm_objective_independent__smd__seed1107/result.json,deb5aa6ae9d7c904f2c9efc2658d181cdaba3d40258f618084efe15c4467d110,9d31f7dba71910b0b4a50f7532ac99c63f667abb603be7d30490d5c92de76b09,e95540809395b9334d147d0c584add0d44d1537988b91c5c30317b04580792a1,1.0,22.395586776733246,strict_validation_only_no_pa_v1,0.5060812203669347,0.33722527472527475,0.40474816585607126,4910.0,4792.0,9650.0,0.7680069156014316,0.3358536001630437,0.29237962483748287,0.7755102040816326,196,152,5.065789473684211,19.799280251540104,"Offline window scores use future context; delay in source points, not causal latency. Missed events reported separately.",0.20351486421281,0.5643853869939494,entity_cluster,9.063000000081956,6.438000000081956,993368,,20,,,,,,,,,,,,,,,
fm_objective_independent__smd__seed1107,fm_objective_independent,SMD,1107,experiments/runs/fm_tsad_execution_v1/jobs/fm_objective_independent__smd__seed1107/result.json,deb5aa6ae9d7c904f2c9efc2658d181cdaba3d40258f618084efe15c4467d110,9d31f7dba71910b0b4a50f7532ac99c63f667abb603be7d30490d5c92de76b09,e95540809395b9334d147d0c584add0d44d1537988b91c5c30317b04580792a1,5.0,4.131530475616451,strict_validation_only_no_pa_v1,0.20286879560524929,0.5021978021978022,0.2889947236329862,7312.0,28731.0,7248.0,0.7680069156014316,0.3358536001630437,0.3210809989175789,0.9489795918367347,196,186,2.7096774193548385,118.70891504737035,"Offline window scores use future context; delay in source points, not causal latency. Missed events reported separately.",0.20342813989864794,0.38932622159084945,entity_cluster,9.063000000081956,6.438000000081956,993368,,20,,,,,,,,,,,,,,,
fm_objective_ot__smd__seed1103,fm_objective_ot,SMD,1103,experiments/runs/fm_tsad_execution_v1/jobs/fm_objective_ot__smd__seed1103/result.json,bfc0598731ca4b487a6eba046f5b369d535598a09b36089577ca96b890e93f60,94a3ee2f16badd9a2a0efdbb30205c9693f7531848035a9ae37491ebf10c0d07,6c2114ee7347fc008978349a6fbfa51433100893315b331d177029ef98fb93c4,0.1,2577.888543947799,strict_validation_only_no_pa_v1,0.8839285714285714,0.033997252747252744,0.06547619047619047,495.0,65.0,14065.0,0.7662528279691667,0.3351311394127882,0.06654242708438748,0.10204081632653061,196,20,19.35,0.26856285816988873,"Offline window scores use future context; delay in source points, not causal latency. Missed events reported separately.",0.013860632532138529,0.15876028966910297,entity_cluster,10.093999999808148,6.437000000150874,993368,,20,,,,,,,,,,,,,,,
fm_objective_ot__smd__seed1103,fm_objective_ot,SMD,1103,experiments/runs/fm_tsad_execution_v1/jobs/fm_objective_ot__smd__seed1103/result.json,bfc0598731ca4b487a6eba046f5b369d535598a09b36089577ca96b890e93f60,94a3ee2f16badd9a2a0efdbb30205c9693f7531848035a9ae37491ebf10c0d07,6c2114ee7347fc008978349a6fbfa51433100893315b331d177029ef98fb93c4,1.0,21.933727874755828,strict_validation_only_no_pa_v1,0.5017965301303767,0.3357142857142857,0.4022879716884078,4888.0,4853.0,9672.0,0.7662528279691667,0.3351311394127882,0.29515970301922834,0.7857142857142857,196,154,5.038961038961039,20.051316164591846,"Offline window scores use future context; delay in source points, not causal latency. Missed events reported separately.",0.2075724856170617,0.5791102413989059,entity_cluster,10.093999999808148,6.437000000150874,993368,,20,,,,,,,,,,,,,,,
fm_objective_ot__smd__seed1103,fm_objective_ot,SMD,1103,experiments/runs/fm_tsad_execution_v1/jobs/fm_objective_ot__smd__seed1103/result.json,bfc0598731ca4b487a6eba046f5b369d535598a09b36089577ca96b890e93f60,94a3ee2f16badd9a2a0efdbb30205c9693f7531848035a9ae37491ebf10c0d07,6c2114ee7347fc008978349a6fbfa51433100893315b331d177029ef98fb93c4,5.0,4.224396562576294,strict_validation_only_no_pa_v1,0.2005240272048166,0.4940934065934066,0.28527242445872,7194.0,28682.0,7366.0,0.7662528279691667,0.3351311394127882,0.31972108427501233,0.9489795918367347,196,186,2.596774193548387,118.50645996967306,"Offline window scores use future context; delay in source points, not causal latency. Missed events reported separately.",0.19109077430688273,0.3665658479640178,entity_cluster,10.093999999808148,6.437000000150874,993368,,20,,,,,,,,,,,,,,,
fm_objective_ot__smd__seed1104,fm_objective_ot,SMD,1104,experiments/runs/fm_tsad_execution_v1/jobs/fm_objective_ot__smd__seed1104/result.json,9dff290165250e89f55cf2584bf567e9a3c2e2bc2b8599bb750f27e3731ea23d,9f5ac24d19030d3d22080afddf40b787b8f6fd227b4b233b7b918038872f05c2,0f5c3aec81478b1c802240ded3f6b6dc103047f8885c0a1637b5510ba4f81bab,0.1,2772.351427252581,strict_validation_only_no_pa_v1,0.9344978165938864,0.029395604395604395,0.05699826874417365,428.0,30.0,14132.0,0.7656394284430723,0.33252590876345667,0.06041124101779968,0.09693877551020408,196,19,23.05263157894737,0.12395208838610249,"Offline window scores use future context; delay in source points, not causal latency. Missed events reported separately.",0.008177794140729172,0.1626554374274086,entity_cluster,11.75,6.640999999828637,993368,,20,,,,,,,,,,,,,,,
fm_objective_ot__smd__seed1104,fm_objective_ot,SMD,1104,experiments/runs/fm_tsad_execution_v1/jobs/fm_objective_ot__smd__seed1104/result.json,9dff290165250e89f55cf2584bf567e9a3c2e2bc2b8599bb750f27e3731ea23d,9f5ac24d19030d3d22080afddf40b787b8f6fd227b4b233b7b918038872f05c2,0f5c3aec81478b1c802240ded3f6b6dc103047f8885c0a1637b5510ba4f81bab,1.0,22.07089488983152,strict_validation_only_no_pa_v1,0.5134937238493724,0.33715659340659343,0.4070480928689884,4909.0,4651.0,9651.0,0.7656394284430723,0.33252590876345667,0.2936972641541044,0.7755102040816326,196,152,5.151315789473684,19.216705436125423,"Offline window scores use future context; delay in source points, not causal latency. Missed events reported separately.",0.18310313096748118,0.5936092345401092,entity_cluster,11.75,6.640999999828637,993368,,20,,,,,,,,,,,,,,,
fm_objective_ot__smd__seed1104,fm_objective_ot,SMD,1104,experiments/runs/fm_tsad_execution_v1/jobs/fm_objective_ot__smd__seed1104/result.json,9dff290165250e89f55cf2584bf567e9a3c2e2bc2b8599bb750f27e3731ea23d,9f5ac24d19030d3d22080afddf40b787b8f6fd227b4b233b7b918038872f05c2,0f5c3aec81478b1c802240ded3f6b6dc103047f8885c0a1637b5510ba4f81bab,5.0,4.197093343734734,strict_validation_only_no_pa_v1,0.19782080340806685,0.49752747252747254,0.28308485902420916,7244.0,29375.0,7316.0,0.7656394284430723,0.33252590876345667,0.31810431923450583,0.9489795918367347,196,186,2.4838709677419355,121.36975321139202,"Offline window scores use future context; delay in source points, not causal latency. Missed events reported separately.",0.2008399044045129,0.3722899732827611,entity_cluster,11.75,6.640999999828637,993368,,20,,,,,,,,,,,,,,,
fm_objective_ot__smd__seed1105,fm_objective_ot,SMD,1105,experiments/runs/fm_tsad_execution_v1/jobs/fm_objective_ot__smd__seed1105/result.json,8869b41f87e02f1a4d46a95829602fba79c9598b2120cbffb17e6ee3d2ca2966,ff7b85f7d63bc9990ea32e8e28e3c814d6d0f636e7860e1907457e4fc6fbab17,92a079bed7f01be1a5696801de04500132e4a8856f7e6d2235dbe3c0c4381ae2,0.1,2748.121044927463,strict_validation_only_no_pa_v1,0.9135802469135802,0.035576923076923075,0.06848681166126792,518.0,49.0,14042.0,0.767546769580423,0.3395523506344994,0.06668143146593888,0.09183673469387756,196,18,20.77777777777778,0.20245507769730073,"Offline window scores use future context; delay in source points, not causal latency. Missed events reported separately.",0.012145203131004428,0.17988802848003324,entity_cluster,11.547000000020489,6.422000000020489,993368,,20,,,,,,,,,,,,,,,
fm_objective_ot__smd__seed1105,fm_objective_ot,SMD,1105,experiments/runs/fm_tsad_execution_v1/jobs/fm_objective_ot__smd__seed1105/result.json,8869b41f87e02f1a4d46a95829602fba79c9598b2120cbffb17e6ee3d2ca2966,ff7b85f7d63bc9990ea32e8e28e3c814d6d0f636e7860e1907457e4fc6fbab17,92a079bed7f01be1a5696801de04500132e4a8856f7e6d2235dbe3c0c4381ae2,1.0,22.245113716125452,strict_validation_only_no_pa_v1,0.5584474885844749,0.335989010989011,0.4195540308747856,4892.0,3868.0,9668.0,0.767546769580423,0.3395523506344994,0.2968712951845165,0.7806122448979592,196,153,5.143790849673203,15.981555929248149,"Offline window scores use future context; delay in source points, not causal latency. Missed events reported separately.",0.2132019884487458,0.5792231520742109,entity_cluster,11.547000000020489,6.422000000020489,993368,,20,,,,,,,,,,,,,,,
fm_objective_ot__smd__seed1105,fm_objective_ot,SMD,1105,experiments/runs/fm_tsad_execution_v1/jobs/fm_objective_ot__smd__seed1105/result.json,8869b41f87e02f1a4d46a95829602fba79c9598b2120cbffb17e6ee3d2ca2966,ff7b85f7d63bc9990ea32e8e28e3c814d6d0f636e7860e1907457e4fc6fbab17,92a079bed7f01be1a5696801de04500132e4a8856f7e6d2235dbe3c0c4381ae2,5.0,3.925577974319457,strict_validation_only_no_pa_v1,0.19600380589914368,0.5093406593406593,0.28307504389648064,7416.0,30420.0,7144.0,0.767546769580423,0.3395523506344994,0.3181414411705883,0.9540816326530612,196,187,2.427807486631016,125.68741762350793,"Offline window scores use future context; delay in source points, not causal latency. Missed events reported separately.",0.20620540164783963,0.37727289279258897,entity_cluster,11.547000000020489,6.422000000020489,993368,,20,,,,,,,,,,,,,,,
fm_objective_ot__smd__seed1106,fm_objective_ot,SMD,1106,experiments/runs/fm_tsad_execution_v1/jobs/fm_objective_ot__smd__seed1106/result.json,3eba3cf00b0da804cb5df982c565b524b8114f1474fdf41f79cd33d0137f53ea,b7f2d5b593095556901cadd363a6b404617b81493bc49318492f42cf00a134b7,c61f862ff11a9f02d07965c4ab8e55984549e52f4d2adff88a8657640940afd5,0.1,2441.5538037125402,strict_validation_only_no_pa_v1,0.8407871198568873,0.032280219780219783,0.0621734241682651,470.0,89.0,14090.0,0.7678278293800865,0.3400733008189339,0.06474237065909891,0.10204081632653061,196,20,19.3,0.3677245288787707,"Offline window scores use future context; delay in source points, not causal latency. Missed events reported separately.",0.010162133557998512,0.1583553862813189,entity_cluster,11.047000000020489,6.469000000040978,993368,,20,,,,,,,,,,,,,,,
fm_objective_ot__smd__seed1106,fm_objective_ot,SMD,1106,experiments/runs/fm_tsad_execution_v1/jobs/fm_objective_ot__smd__seed1106/result.json,3eba3cf00b0da804cb5df982c565b524b8114f1474fdf41f79cd33d0137f53ea,b7f2d5b593095556901cadd363a6b404617b81493bc49318492f42cf00a134b7,c61f862ff11a9f02d07965c4ab8e55984549e52f4d2adff88a8657640940afd5,1.0,21.766536026000363,strict_validation_only_no_pa_v1,0.5347604917337855,0.34656593406593406,0.420570095015836,5046.0,4390.0,9514.0,0.7678278293800865,0.3400733008189339,0.29870917454856927,0.7806122448979592,196,153,5.130718954248366,18.13832226716633,"Offline window scores use future context; delay in source points, not causal latency. Missed events reported separately.",0.19811877420904067,0.5781212932129709,entity_cluster,11.047000000020489,6.469000000040978,993368,,20,,,,,,,,,,,,,,,
fm_objective_ot__smd__seed1106,fm_objective_ot,SMD,1106,experiments/runs/fm_tsad_execution_v1/jobs/fm_objective_ot__smd__seed1106/result.json,3eba3cf00b0da804cb5df982c565b524b8114f1474fdf41f79cd33d0137f53ea,b7f2d5b593095556901cadd363a6b404617b81493bc49318492f42cf00a134b7,c61f862ff11a9f02d07965c4ab8e55984549e52f4d2adff88a8657640940afd5,5.0,3.9605071783065746,strict_validation_only_no_pa_v1,0.19587105734049087,0.5037087912087912,0.2820606503470953,7334.0,30109.0,7226.0,0.7678278293800865,0.3400733008189339,0.31620180851968976,0.9489795918367347,196,186,2.553763440860215,124.40244764057199,"Offline window scores use future context; delay in source points, not causal latency. Missed events reported separately.",0.18526495570760423,0.35801205615324616,entity_cluster,11.047000000020489,6.469000000040978,993368,,20,,,,,,,,,,,,,,,
fm_objective_ot__smd__seed1107,fm_objective_ot,SMD,1107,experiments/runs/fm_tsad_execution_v1/jobs/fm_objective_ot__smd__seed1107/result.json,d920ab35ac6236a6cd7f5899d4c67824f2db1d4793f2a99fe457dd852096cb04,42c8290ce5f494677639ec16b3b0622979c18d1c59fbe07724879c36ea1fc31b,5f7622916a0fe98551e848ef950e4781d189eccc95f59faf23ccfd982a0442f7,0.1,2629.9414941441637,strict_validation_only_no_pa_v1,0.8568904593639576,0.03331043956043956,0.06412799153774958,485.0,81.0,14075.0,0.770122531151362,0.34002299345969866,0.06506020236830609,0.10204081632653061,196,20,19.35,0.3346706386424767,"Offline window scores use future context; delay in source points, not causal latency. Missed events reported separately.",0.00840643823607012,0.1762842215124395,entity_cluster,11.093999999808148,6.344000000040978,993368,,20,,,,,,,,,,,,,,,
fm_objective_ot__smd__seed1107,fm_objective_ot,SMD,1107,experiments/runs/fm_tsad_execution_v1/jobs/fm_objective_ot__smd__seed1107/result.json,d920ab35ac6236a6cd7f5899d4c67824f2db1d4793f2a99fe457dd852096cb04,42c8290ce5f494677639ec16b3b0622979c18d1c59fbe07724879c36ea1fc31b,5f7622916a0fe98551e848ef950e4781d189eccc95f59faf23ccfd982a0442f7,1.0,21.768860893249485,strict_validation_only_no_pa_v1,0.5076177984058117,0.3455357142857143,0.41118058109599115,5031.0,4880.0,9529.0,0.770122531151362,0.34002299345969866,0.29570930043811294,0.7857142857142857,196,154,4.967532467532467,20.16287304413934,"Offline window scores use future context; delay in source points, not causal latency. Missed events reported separately.",0.20491202492846367,0.5821783238899461,entity_cluster,11.093999999808148,6.344000000040978,993368,,20,,,,,,,,,,,,,,,
fm_objective_ot__smd__seed1107,fm_objective_ot,SMD,1107,experiments/runs/fm_tsad_execution_v1/jobs/fm_objective_ot__smd__seed1107/result.json,d920ab35ac6236a6cd7f5899d4c67824f2db1d4793f2a99fe457dd852096cb04,42c8290ce5f494677639ec16b3b0622979c18d1c59fbe07724879c36ea1fc31b,5f7622916a0fe98551e848ef950e4781d189eccc95f59faf23ccfd982a0442f7,5.0,3.905510926246642,strict_validation_only_no_pa_v1,0.19812224054470984,0.5116071428571428,0.2856321177959278,7449.0,30149.0,7111.0,0.770122531151362,0.34002299345969866,0.32277240754233893,0.9489795918367347,196,186,2.6344086021505375,124.56771709175347,"Offline window scores use future context; delay in source points, not causal latency. Missed events reported separately.",0.20338957882505215,0.3903786773124999,entity_cluster,11.093999999808148,6.344000000040978,993368,,20,,,,,,,,,,,,,,,
fm_objective_rectified__smd__seed1103,fm_objective_rectified,SMD,1103,experiments/runs/fm_tsad_execution_v1/jobs/fm_objective_rectified__smd__seed1103/result.json,826ebb1d010044cb8c537466a6114573c42e6be7d7e4fa1f6dd32fe1bc68181d,d47c68ee0520637e37f88d37792653267facb8a820b8612bbd6f988c7eb99ccd,96aac985c0ba511da0a15fcafe58cae7da77e89024295ac8e3ca32dabe7ef68f,0.1,2582.0418154322238,strict_validation_only_no_pa_v1,0.848314606741573,0.031112637362637363,0.06002385053663708,453.0,81.0,14107.0,0.7624960321426836,0.3375194895337143,0.06293903612800217,0.10204081632653061,196,20,19.35,0.3346706386424767,"Offline window scores use future context; delay in source points, not causal latency. Missed events reported separately.",0.013273092924089623,0.14367295188845491,entity_cluster,9.093999999808148,6.265000000130385,993368,,20,,,,,,,,,,,,,,,
fm_objective_rectified__smd__seed1103,fm_objective_rectified,SMD,1103,experiments/runs/fm_tsad_execution_v1/jobs/fm_objective_rectified__smd__seed1103/result.json,826ebb1d010044cb8c537466a6114573c42e6be7d7e4fa1f6dd32fe1bc68181d,d47c68ee0520637e37f88d37792653267facb8a820b8612bbd6f988c7eb99ccd,96aac985c0ba511da0a15fcafe58cae7da77e89024295ac8e3ca32dabe7ef68f,1.0,22.106954078674303,strict_validation_only_no_pa_v1,0.5283261802575108,0.3381868131868132,0.41239530988274714,4924.0,4396.0,9636.0,0.7624960321426836,0.3375194895337143,0.2901072111304816,0.7806122448979592,196,153,4.9411764705882355,18.16311268484355,"Offline window scores use future context; delay in source points, not causal latency. Missed events reported separately.",0.21616694331555883,0.5829336803146249,entity_cluster,9.093999999808148,6.265000000130385,993368,,20,,,,,,,,,,,,,,,
fm_objective_rectified__smd__seed1103,fm_objective_rectified,SMD,1103,experiments/runs/fm_tsad_execution_v1/jobs/fm_objective_rectified__smd__seed1103/result.json,826ebb1d010044cb8c537466a6114573c42e6be7d7e4fa1f6dd32fe1bc68181d,d47c68ee0520637e37f88d37792653267facb8a820b8612bbd6f988c7eb99ccd,96aac985c0ba511da0a15fcafe58cae7da77e89024295ac8e3ca32dabe7ef68f,5.0,3.9824964046478266,strict_validation_only_no_pa_v1,0.19586577181208054,0.5010989010989011,0.281644470179502,7296.0,29954.0,7264.0,0.7624960321426836,0.3375194895337143,0.3132998600083955,0.9489795918367347,196,186,2.553763440860215,123.7620285172438,"Offline window scores use future context; delay in source points, not causal latency. Missed events reported separately.",0.18713434684783278,0.35784282061644884,entity_cluster,9.093999999808148,6.265000000130385,993368,,20,,,,,,,,,,,,,,,
fm_objective_rectified__smd__seed1104,fm_objective_rectified,SMD,1104,experiments/runs/fm_tsad_execution_v1/jobs/fm_objective_rectified__smd__seed1104/result.json,1288c81c83744fcfb35315be7cac3bf05f7c56ab431a5973a6cca6b2bb21900f,0c881040c0428589d4ece8e96697d69dc7c633d1045256f3af55feefac8c93db,e2b3c31586df8a6cabf17f15c668b7104a5f5258c1e2fd2fc0aab6b0c3281540,0.1,2574.9245058617907,strict_validation_only_no_pa_v1,0.8578595317725752,0.03523351648351648,0.0676870299511809,513.0,85.0,14047.0,0.7692560487313777,0.3374519238756299,0.06722889253195616,0.10204081632653061,196,20,19.45,0.3511975837606237,"Offline window scores use future context; delay in source points, not causal latency. Missed events reported separately.",0.008868746295669066,0.19513128995943457,entity_cluster,8.390000000130385,5.577999999979511,993368,,20,,,,,,,,,,,,,,,
fm_objective_rectified__smd__seed1104,fm_objective_rectified,SMD,1104,experiments/runs/fm_tsad_execution_v1/jobs/fm_objective_rectified__smd__seed1104/result.json,1288c81c83744fcfb35315be7cac3bf05f7c56ab431a5973a6cca6b2bb21900f,0c881040c0428589d4ece8e96697d69dc7c633d1045256f3af55feefac8c93db,e2b3c31586df8a6cabf17f15c668b7104a5f5258c1e2fd2fc0aab6b0c3281540,1.0,21.413256225585855,strict_validation_only_no_pa_v1,0.5417086552457732,0.33228021978021977,0.41190243071814736,4838.0,4093.0,9722.0,0.7692560487313777,0.3374519238756299,0.2938944655197069,0.7857142857142857,196,154,5.071428571428571,16.911196592143916,"Offline window scores use future context; delay in source points, not causal latency. Missed events reported separately.",0.18996556039848245,0.5895208339861724,entity_cluster,8.390000000130385,5.577999999979511,993368,,20,,,,,,,,,,,,,,,
fm_objective_rectified__smd__seed1104,fm_objective_rectified,SMD,1104,experiments/runs/fm_tsad_execution_v1/jobs/fm_objective_rectified__smd__seed1104/result.json,1288c81c83744fcfb35315be7cac3bf05f7c56ab431a5973a6cca6b2bb21900f,0c881040c0428589d4ece8e96697d69dc7c633d1045256f3af55feefac8c93db,e2b3c31586df8a6cabf17f15c668b7104a5f5258c1e2fd2fc0aab6b0c3281540,5.0,3.9287606000900257,strict_validation_only_no_pa_v1,0.19250591638180384,0.5028159340659341,0.2784179501806427,7321.0,30709.0,7239.0,0.7692560487313777,0.3374519238756299,0.31001768638810545,0.9540816326530612,196,187,2.4973262032085564,126.88148940829404,"Offline window scores use future context; delay in source points, not causal latency. Missed events reported separately.",0.19784926269425546,0.3634344109805849,entity_cluster,8.390000000130385,5.577999999979511,993368,,20,,,,,,,,,,,,,,,
fm_objective_rectified__smd__seed1105,fm_objective_rectified,SMD,1105,experiments/runs/fm_tsad_execution_v1/jobs/fm_objective_rectified__smd__seed1105/result.json,44f9111e1aec6482f592e4ff797a48cddf036f7121f4751f18ffa67a64eda42f,4b1d6ff4a1e4a681f474d2674bad83b43fa47d718b638099eaa23d30cc230452,2b8193349c7a481c122cde0b7b3c9cabb36f2cdd07fc71dd3d64e1fa5774a3cb,0.1,2769.937457526192,strict_validation_only_no_pa_v1,0.8848484848484849,0.030082417582417583,0.058186648953835934,438.0,57.0,14122.0,0.7709432767263519,0.3398240188996993,0.06178525281451711,0.09183673469387756,196,18,20.444444444444443,0.23550896793359474,"Offline window scores use future context; delay in source points, not causal latency. Missed events reported separately.",0.01132534852519661,0.1470999615099478,entity_cluster,9.5,6.577999999979511,993368,,20,,,,,,,,,,,,,,,
fm_objective_rectified__smd__seed1105,fm_objective_rectified,SMD,1105,experiments/runs/fm_tsad_execution_v1/jobs/fm_objective_rectified__smd__seed1105/result.json,44f9111e1aec6482f592e4ff797a48cddf036f7121f4751f18ffa67a64eda42f,4b1d6ff4a1e4a681f474d2674bad83b43fa47d718b638099eaa23d30cc230452,2b8193349c7a481c122cde0b7b3c9cabb36f2cdd07fc71dd3d64e1fa5774a3cb,1.0,22.27056171417224,strict_validation_only_no_pa_v1,0.5415264357833026,0.3425824175824176,0.4196710277228556,4988.0,4223.0,9572.0,0.7709432767263519,0.3398240188996993,0.2991310197252641,0.7857142857142857,196,154,5.0,17.448322308483693,"Offline window scores use future context; delay in source points, not causal latency. Missed events reported separately.",0.20952067932348684,0.5902122992464257,entity_cluster,9.5,6.577999999979511,993368,,20,,,,,,,,,,,,,,,
fm_objective_rectified__smd__seed1105,fm_objective_rectified,SMD,1105,experiments/runs/fm_tsad_execution_v1/jobs/fm_objective_rectified__smd__seed1105/result.json,44f9111e1aec6482f592e4ff797a48cddf036f7121f4751f18ffa67a64eda42f,4b1d6ff4a1e4a681f474d2674bad83b43fa47d718b638099eaa23d30cc230452,2b8193349c7a481c122cde0b7b3c9cabb36f2cdd07fc71dd3d64e1fa5774a3cb,5.0,4.185459995269775,strict_validation_only_no_pa_v1,0.19651782281540067,0.49148351648351646,0.28077058892768864,7156.0,29258.0,7404.0,0.7709432767263519,0.3398240188996993,0.3127243647603679,0.9489795918367347,196,186,2.6236559139784945,120.88634006668623,"Offline window scores use future context; delay in source points, not causal latency. Missed events reported separately.",0.20341238540930578,0.38025306402174885,entity_cluster,9.5,6.577999999979511,993368,,20,,,,,,,,,,,,,,,
fm_objective_rectified__smd__seed1106,fm_objective_rectified,SMD,1106,experiments/runs/fm_tsad_execution_v1/jobs/fm_objective_rectified__smd__seed1106/result.json,c9c669b4f2f681d83a68df3d0f648aee1c8ff3cbda41980e482c3fe68f76467b,c7d2680fe2a3c0ae341d634b048cbeccc29794df9efa63bd4d84e998d5f088dc,889ba1a9bff1a50b85036e40ca747fc1bdff7aadcb205809ed0e727441181a60,0.1,2640.6427451203704,strict_validation_only_no_pa_v1,0.8523364485981308,0.03131868131868132,0.060417356740642594,456.0,79.0,14104.0,0.7687277812760064,0.33475382015818395,0.06321458330528,0.09693877551020408,196,19,17.0,0.32640716608340326,"Offline window scores use future context; delay in source points, not causal latency. Missed events reported separately.",0.009892795980975196,0.15368080754766777,entity_cluster,9.406999999890104,6.405999999959022,993368,,20,,,,,,,,,,,,,,,
fm_objective_rectified__smd__seed1106,fm_objective_rectified,SMD,1106,experiments/runs/fm_tsad_execution_v1/jobs/fm_objective_rectified__smd__seed1106/result.json,c9c669b4f2f681d83a68df3d0f648aee1c8ff3cbda41980e482c3fe68f76467b,c7d2680fe2a3c0ae341d634b048cbeccc29794df9efa63bd4d84e998d5f088dc,889ba1a9bff1a50b85036e40ca747fc1bdff7aadcb205809ed0e727441181a60,1.0,22.226569519042688,strict_validation_only_no_pa_v1,0.5214517876489707,0.3305631868131868,0.4046237915090374,4813.0,4417.0,9747.0,0.7687277812760064,0.33475382015818395,0.29289476865076325,0.7806122448979592,196,153,5.104575163398692,18.249879146713823,"Offline window scores use future context; delay in source points, not causal latency. Missed events reported separately.",0.20630438784945282,0.5428957389439725,entity_cluster,9.406999999890104,6.405999999959022,993368,,20,,,,,,,,,,,,,,,
fm_objective_rectified__smd__seed1106,fm_objective_rectified,SMD,1106,experiments/runs/fm_tsad_execution_v1/jobs/fm_objective_rectified__smd__seed1106/result.json,c9c669b4f2f681d83a68df3d0f648aee1c8ff3cbda41980e482c3fe68f76467b,c7d2680fe2a3c0ae341d634b048cbeccc29794df9efa63bd4d84e998d5f088dc,889ba1a9bff1a50b85036e40ca747fc1bdff7aadcb205809ed0e727441181a60,5.0,3.9877005338668794,strict_validation_only_no_pa_v1,0.19781333333333334,0.5094780219780219,0.2849788705339992,7418.0,30082.0,7142.0,0.7687277812760064,0.33475382015818395,0.32230966562724234,0.9540816326530612,196,187,2.6310160427807485,124.2908907610245,"Offline window scores use future context; delay in source points, not causal latency. Missed events reported separately.",0.18405188656505772,0.3655743217656927,entity_cluster,9.406999999890104,6.405999999959022,993368,,20,,,,,,,,,,,,,,,
fm_objective_rectified__smd__seed1107,fm_objective_rectified,SMD,1107,experiments/runs/fm_tsad_execution_v1/jobs/fm_objective_rectified__smd__seed1107/result.json,9f16a9315a94f0d86e3fc0fbc36d4a82416e165fbadc2f1870a7f59053b7ba36,ae648cb9274c4f791128efa7cd4d3a5ad92699bad61e23efc49a6338e5ffaf2b,e95540809395b9334d147d0c584add0d44d1537988b91c5c30317b04580792a1,0.1,2692.3484326220537,strict_validation_only_no_pa_v1,0.8653530377668309,0.03619505494505495,0.0694838156767091,527.0,82.0,14033.0,0.7680069156014316,0.3358536001630437,0.06721401687676974,0.09693877551020408,196,19,17.105263157894736,0.3388023749220135,"Offline window scores use future context; delay in source points, not causal latency. Missed events reported separately.",0.00852778970354541,0.19291053178467957,entity_cluster,9.406000000191852,6.547000000020489,993368,,20,,,,,,,,,,,,,,,
fm_objective_rectified__smd__seed1107,fm_objective_rectified,SMD,1107,experiments/runs/fm_tsad_execution_v1/jobs/fm_objective_rectified__smd__seed1107/result.json,9f16a9315a94f0d86e3fc0fbc36d4a82416e165fbadc2f1870a7f59053b7ba36,ae648cb9274c4f791128efa7cd4d3a5ad92699bad61e23efc49a6338e5ffaf2b,e95540809395b9334d147d0c584add0d44d1537988b91c5c30317b04580792a1,1.0,22.395586776733246,strict_validation_only_no_pa_v1,0.5060812203669347,0.33722527472527475,0.40474816585607126,4910.0,4792.0,9650.0,0.7680069156014316,0.3358536001630437,0.29237962483748287,0.7755102040816326,196,152,5.065789473684211,19.799280251540104,"Offline window scores use future context; delay in source points, not causal latency. Missed events reported separately.",0.20351486421281,0.5643853869939494,entity_cluster,9.406000000191852,6.547000000020489,993368,,20,,,,,,,,,,,,,,,
fm_objective_rectified__smd__seed1107,fm_objective_rectified,SMD,1107,experiments/runs/fm_tsad_execution_v1/jobs/fm_objective_rectified__smd__seed1107/result.json,9f16a9315a94f0d86e3fc0fbc36d4a82416e165fbadc2f1870a7f59053b7ba36,ae648cb9274c4f791128efa7cd4d3a5ad92699bad61e23efc49a6338e5ffaf2b,e95540809395b9334d147d0c584add0d44d1537988b91c5c30317b04580792a1,5.0,4.131530475616451,strict_validation_only_no_pa_v1,0.20286879560524929,0.5021978021978022,0.2889947236329862,7312.0,28731.0,7248.0,0.7680069156014316,0.3358536001630437,0.3210809989175789,0.9489795918367347,196,186,2.7096774193548385,118.70891504737035,"Offline window scores use future context; delay in source points, not causal latency. Missed events reported separately.",0.20342813989864794,0.38932622159084945,entity_cluster,9.406000000191852,6.547000000020489,993368,,20,,,,,,,,,,,,,,,
fm_objective_target__smd__seed1103,fm_objective_target,SMD,1103,experiments/runs/fm_tsad_execution_v1/jobs/fm_objective_target__smd__seed1103/result.json,657d8211b40abe20ff0140aeb0a4a2197d5a8db934eb990cef02a0d84bd53db4,eacb32c7c8e705b0d139bc3709a86bc6fbc64c6f4b4628dcfb7761d4806126e0,a7caeebb80a44fe8a8afd5c8ba3f298c4519cf63d1d5b929a49ec3e9a43a3825,0.1,2796.6822778387873,strict_validation_only_no_pa_v1,0.8553113553113553,0.03207417582417582,0.06182973652853171,467.0,79.0,14093.0,0.7661007139549485,0.33462786105454084,0.0639851825936998,0.09693877551020408,196,19,21.263157894736842,0.32640716608340326,"Offline window scores use future context; delay in source points, not causal latency. Missed events reported separately.",0.012987823414442651,0.14956524559658815,entity_cluster,9.860000000102445,6.875,993368,,20,,,,,,,,,,,,,,,
fm_objective_target__smd__seed1103,fm_objective_target,SMD,1103,experiments/runs/fm_tsad_execution_v1/jobs/fm_objective_target__smd__seed1103/result.json,657d8211b40abe20ff0140aeb0a4a2197d5a8db934eb990cef02a0d84bd53db4,eacb32c7c8e705b0d139bc3709a86bc6fbc64c6f4b4628dcfb7761d4806126e0,a7caeebb80a44fe8a8afd5c8ba3f298c4519cf63d1d5b929a49ec3e9a43a3825,1.0,20.95898967742917,strict_validation_only_no_pa_v1,0.49270216962524654,0.34313186813186813,0.40453441295546555,4996.0,5144.0,9564.0,0.7661007139549485,0.33462786105454084,0.2941920581202686,0.7959183673469388,196,156,5.044871794871795,21.25365142193704,"Offline window scores use future context; delay in source points, not causal latency. Missed events reported separately.",0.21113920037134176,0.5726299218630309,entity_cluster,9.860000000102445,6.875,993368,,20,,,,,,,,,,,,,,,
fm_objective_target__smd__seed1103,fm_objective_target,SMD,1103,experiments/runs/fm_tsad_execution_v1/jobs/fm_objective_target__smd__seed1103/result.json,657d8211b40abe20ff0140aeb0a4a2197d5a8db934eb990cef02a0d84bd53db4,eacb32c7c8e705b0d139bc3709a86bc6fbc64c6f4b4628dcfb7761d4806126e0,a7caeebb80a44fe8a8afd5c8ba3f298c4519cf63d1d5b929a49ec3e9a43a3825,5.0,4.0078580379486075,strict_validation_only_no_pa_v1,0.19672086720867207,0.4985576923076923,0.2821220365332297,7259.0,29641.0,7301.0,0.7661007139549485,0.33462786105454084,0.31468251176801953,0.9489795918367347,196,186,2.5591397849462365,122.46879506174879,"Offline window scores use future context; delay in source points, not causal latency. Missed events reported separately.",0.19269776824743043,0.35902248970541656,entity_cluster,9.860000000102445,6.875,993368,,20,,,,,,,,,,,,,,,
fm_objective_target__smd__seed1104,fm_objective_target,SMD,1104,experiments/runs/fm_tsad_execution_v1/jobs/fm_objective_target__smd__seed1104/result.json,9f4062d298452a42f97fbc5db016f285f478d805c480d35e88be3a2a35e6b2d2,34c5303940dc0cd68b0969b62be7f63db6783adfdef5912c295408ad43bd47a1,41b7d300105ac25f63699368c7730c58b41a4c8d72c5b2b4bb57a6ae7d17aefb,0.1,2526.5121845715275,strict_validation_only_no_pa_v1,0.7770382695507487,0.03207417582417582,0.061605434997691444,467.0,134.0,14093.0,0.7703458716451608,0.3342084456895367,0.06389402912924728,0.10204081632653061,196,20,19.35,0.5536526614579245,"Offline window scores use future context; delay in source points, not causal latency. Missed events reported separately.",0.009185664405231008,0.17197520723397705,entity_cluster,9.827999999979511,6.734999999869615,993368,,20,,,,,,,,,,,,,,,
fm_objective_target__smd__seed1104,fm_objective_target,SMD,1104,experiments/runs/fm_tsad_execution_v1/jobs/fm_objective_target__smd__seed1104/result.json,9f4062d298452a42f97fbc5db016f285f478d805c480d35e88be3a2a35e6b2d2,34c5303940dc0cd68b0969b62be7f63db6783adfdef5912c295408ad43bd47a1,41b7d300105ac25f63699368c7730c58b41a4c8d72c5b2b4bb57a6ae7d17aefb,1.0,21.47318038940428,strict_validation_only_no_pa_v1,0.5523820275457214,0.33605769230769234,0.41788367922111197,4893.0,3965.0,9667.0,0.7703458716451608,0.3342084456895367,0.29410057948904833,0.7857142857142857,196,154,5.012987012987013,16.382334348363212,"Offline window scores use future context; delay in source points, not causal latency. Missed events reported separately.",0.1921858899768349,0.5967688928144581,entity_cluster,9.827999999979511,6.734999999869615,993368,,20,,,,,,,,,,,,,,,
fm_objective_target__smd__seed1104,fm_objective_target,SMD,1104,experiments/runs/fm_tsad_execution_v1/jobs/fm_objective_target__smd__seed1104/result.json,9f4062d298452a42f97fbc5db016f285f478d805c480d35e88be3a2a35e6b2d2,34c5303940dc0cd68b0969b62be7f63db6783adfdef5912c295408ad43bd47a1,41b7d300105ac25f63699368c7730c58b41a4c8d72c5b2b4bb57a6ae7d17aefb,5.0,3.879406404495227,strict_validation_only_no_pa_v1,0.19567005385901143,0.5065247252747253,0.2822912480143921,7375.0,30316.0,7185.0,0.7703458716451608,0.3342084456895367,0.315122943443587,0.9540816326530612,196,187,2.5401069518716577,125.2577170504361,"Offline window scores use future context; delay in source points, not causal latency. Missed events reported separately.",0.2022567980118939,0.3706973526186084,entity_cluster,9.827999999979511,6.734999999869615,993368,,20,,,,,,,,,,,,,,,
fm_objective_target__smd__seed1105,fm_objective_target,SMD,1105,experiments/runs/fm_tsad_execution_v1/jobs/fm_objective_target__smd__seed1105/result.json,9966428c1e9369ee5deb76db633147df988a6a6e6b647c10783ca3545d72bf49,6ccf41afde2fe8637352b8121ff3607a4446f0de5776c0fd79a5c4f73bac0d00,199abe70858e1f9570f0a5aa4e9042326d77def67a905c366611a8bed2ddca33,0.1,2619.9329692412416,strict_validation_only_no_pa_v1,0.8530405405405406,0.034684065934065936,0.06665786694825766,505.0,87.0,14055.0,0.7661852028539491,0.33512165688969947,0.0664911428578989,0.09693877551020408,196,19,17.0,0.3594610563196972,"Offline window scores use future context; delay in source points, not causal latency. Missed events reported separately.",0.012304529136374703,0.17151478706419174,entity_cluster,9.718000000109896,7.405999999959022,993368,,20,,,,,,,,,,,,,,,
fm_objective_target__smd__seed1105,fm_objective_target,SMD,1105,experiments/runs/fm_tsad_execution_v1/jobs/fm_objective_target__smd__seed1105/result.json,9966428c1e9369ee5deb76db633147df988a6a6e6b647c10783ca3545d72bf49,6ccf41afde2fe8637352b8121ff3607a4446f0de5776c0fd79a5c4f73bac0d00,199abe70858e1f9570f0a5aa4e9042326d77def67a905c366611a8bed2ddca33,1.0,21.505126419067263,strict_validation_only_no_pa_v1,0.5092970984879445,0.34237637362637363,0.40947921800558573,4985.0,4803.0,9575.0,0.7661852028539491,0.33512165688969947,0.29464849220794004,0.7806122448979592,196,153,5.071895424836601,19.844729350615008,"Offline window scores use future context; delay in source points, not causal latency. Missed events reported separately.",0.2017630211736334,0.5869004540419358,entity_cluster,9.718000000109896,7.405999999959022,993368,,20,,,,,,,,,,,,,,,
fm_objective_target__smd__seed1105,fm_objective_target,SMD,1105,experiments/runs/fm_tsad_execution_v1/jobs/fm_objective_target__smd__seed1105/result.json,9966428c1e9369ee5deb76db633147df988a6a6e6b647c10783ca3545d72bf49,6ccf41afde2fe8637352b8121ff3607a4446f0de5776c0fd79a5c4f73bac0d00,199abe70858e1f9570f0a5aa4e9042326d77def67a905c366611a8bed2ddca33,5.0,4.129484558105467,strict_validation_only_no_pa_v1,0.19686886319005018,0.49574175824175826,0.2818210213962205,7218.0,29446.0,7342.0,0.7661852028539491,0.33512165688969947,0.3103538386159069,0.9489795918367347,196,186,2.650537634408602,121.66310648723913,"Offline window scores use future context; delay in source points, not causal latency. Missed events reported separately.",0.19834068527114276,0.37282796850172767,entity_cluster,9.718000000109896,7.405999999959022,993368,,20,,,,,,,,,,,,,,,
fm_objective_sb__psm__seed1103__stable_numerics_v2,fm_objective_sb_stable_v2,PSM,1103,experiments/runs/fm_tsad_entropic_repair_v1/jobs/fm_objective_sb__psm__seed1103__stable_numerics_v2/result.json,cf0dc51df63b8180f4f961d987420954fb77a179c332bc33e041119f83b29265,994900d96dc23fa812545cb69837d3f81e9fa9519b51f0d304a1ba6870088f3d,a4914b46e8be1f11ad603fe4035b245472666f3e7fdefa7a4ae4b2141978dceb,0.1,9.227782264710239,strict_validation_only_no_pa_v1,0.9761904761904762,0.011771461383864484,0.023262411347517727,287.0,7.0,24094.0,0.7172243071252276,0.5430277981676706,0.023262411347517727,0.3888888888888889,72,28,207.64285714285714,0.11030570438071226,"Offline window scores use future context; delay in source points, not causal latency. Missed events reported separately.",0.0033611335505509534,0.07118251892420505,circular_temporal_block,292.5779999999795,1.2650000001303852,659268,,20,,,,,,,,,,,,,,,
fm_objective_sb__psm__seed1103__stable_numerics_v2,fm_objective_sb_stable_v2,PSM,1103,experiments/runs/fm_tsad_entropic_repair_v1/jobs/fm_objective_sb__psm__seed1103__stable_numerics_v2/result.json,cf0dc51df63b8180f4f961d987420954fb77a179c332bc33e041119f83b29265,994900d96dc23fa812545cb69837d3f81e9fa9519b51f0d304a1ba6870088f3d,a4914b46e8be1f11ad603fe4035b245472666f3e7fdefa7a4ae4b2141978dceb,1.0,6.872378044128421,strict_validation_only_no_pa_v1,0.9693877551020408,0.019482383823469094,0.03819709702062643,475.0,15.0,23906.0,0.7172243071252276,0.5430277981676706,0.03819709702062643,0.4027777777777778,72,29,125.62068965517241,0.2363693665300977,"Offline window scores use future context; delay in source points, not causal latency. Missed events reported separately.",0.007184829621588615,0.09919411067049842,circular_temporal_block,292.5779999999795,1.2650000001303852,659268,,20,,,,,,,,,,,,,,,
fm_objective_sb__psm__seed1103__stable_numerics_v2,fm_objective_sb_stable_v2,PSM,1103,experiments/runs/fm_tsad_entropic_repair_v1/jobs/fm_objective_sb__psm__seed1103__stable_numerics_v2/result.json,cf0dc51df63b8180f4f961d987420954fb77a179c332bc33e041119f83b29265,994900d96dc23fa812545cb69837d3f81e9fa9519b51f0d304a1ba6870088f3d,a4914b46e8be1f11ad603fe4035b245472666f3e7fdefa7a4ae4b2141978dceb,5.0,5.698893737792969,strict_validation_only_no_pa_v1,0.9553608677513559,0.0939255978015668,0.17103592501307047,2290.0,107.0,22091.0,0.7172243071252276,0.5430277981676706,0.17103592501307047,0.4444444444444444,72,32,133.21875,1.6861014812480302,"Offline window scores use future context; delay in source points, not causal latency. Missed events reported separately.",0.06449835020874163,0.2772057021387436,circular_temporal_block,292.5779999999795,1.2650000001303852,659268,,20,,,,,,,,,,,,,,,
fm_objective_sb__psm__seed1104__stable_numerics_v2,fm_objective_sb_stable_v2,PSM,1104,experiments/runs/fm_tsad_entropic_repair_v1/jobs/fm_objective_sb__psm__seed1104__stable_numerics_v2/result.json,54de25d5183f20f9c2f0d6a64cba74377213eb56c09a9998b3100a80751715e8,4777cae40f760fd50c748bf95d3c070dc792efc55c3eae4c1e23588cc7c23603,3142cd55e203a07469e815e7c6cd3656bb992404e0bc80ffb37be756c7d625f7,0.1,9.74011833953948,strict_validation_only_no_pa_v1,0.9731182795698925,0.007423813625364013,0.014735213904831684,181.0,5.0,24200.0,0.7185966697419922,0.5486051785389523,0.014735213904831684,0.375,72,27,215.37037037037038,0.0787897888433659,"Offline window scores use future context; delay in source points, not causal latency. Missed events reported separately.",0.0028083945482784358,0.035556199209521085,circular_temporal_block,299.01599999982864,1.375,659268,,20,,,,,,,,,,,,,,,
fm_objective_sb__psm__seed1104__stable_numerics_v2,fm_objective_sb_stable_v2,PSM,1104,experiments/runs/fm_tsad_entropic_repair_v1/jobs/fm_objective_sb__psm__seed1104__stable_numerics_v2/result.json,54de25d5183f20f9c2f0d6a64cba74377213eb56c09a9998b3100a80751715e8,4777cae40f760fd50c748bf95d3c070dc792efc55c3eae4c1e23588cc7c23603,3142cd55e203a07469e815e7c6cd3656bb992404e0bc80ffb37be756c7d625f7,1.0,6.987856540679932,strict_validation_only_no_pa_v1,0.9616306954436451,0.016447233501497068,0.03234131784821357,401.0,16.0,23980.0,0.7185966697419922,0.5486051785389523,0.03234131784821357,0.4027777777777778,72,29,125.62068965517241,0.2521273242987709,"Offline window scores use future context; delay in source points, not causal latency. Missed events reported separately.",0.004063271017618224,0.08210274779707102,circular_temporal_block,299.01599999982864,1.375,659268,,20,,,,,,,,,,,,,,,
fm_objective_sb__psm__seed1104__stable_numerics_v2,fm_objective_sb_stable_v2,PSM,1104,experiments/runs/fm_tsad_entropic_repair_v1/jobs/fm_objective_sb__psm__seed1104__stable_numerics_v2/result.json,54de25d5183f20f9c2f0d6a64cba74377213eb56c09a9998b3100a80751715e8,4777cae40f760fd50c748bf95d3c070dc792efc55c3eae4c1e23588cc7c23603,3142cd55e203a07469e815e7c6cd3656bb992404e0bc80ffb37be756c7d625f7,5.0,5.853732013702389,strict_validation_only_no_pa_v1,0.967448902346707,0.052417866371354746,0.09944751381215469,1278.0,43.0,23103.0,0.7185966697419922,0.5486051785389523,0.09944751381215469,0.4305555555555556,72,31,130.58064516129033,0.6775921840529467,"Offline window scores use future context; delay in source points, not causal latency. Missed events reported separately.",0.028542674428907074,0.16972446182427228,circular_temporal_block,299.01599999982864,1.375,659268,,20,,,,,,,,,,,,,,,
fm_objective_sb__psm__seed1105__stable_numerics_v2,fm_objective_sb_stable_v2,PSM,1105,experiments/runs/fm_tsad_entropic_repair_v1/jobs/fm_objective_sb__psm__seed1105__stable_numerics_v2/result.json,7d1f1c4eb2506cd50763d1fb5b33a78347beeadcae3be2ba18beae2f0e06ec92,3fd2806726e7a094a53bd2a46cfe0492adb9c40bf396d99b5874f8096eed667a,9bcd2a4d718f9b5276c7119889696876b559a15bf349e7f74658c62783653a21,0.1,9.358489356994804,strict_validation_only_no_pa_v1,0.9771863117870723,0.010540995037119067,0.0208570037331602,257.0,6.0,24124.0,0.7147879831123503,0.5456607605069097,0.0208570037331602,0.375,72,27,215.37037037037038,0.09454774661203907,"Offline window scores use future context; delay in source points, not causal latency. Missed events reported separately.",0.00353281588124541,0.050917488295908774,circular_temporal_block,298.14100000006147,1.327999999979511,659268,,20,,,,,,,,,,,,,,,
fm_objective_sb__psm__seed1105__stable_numerics_v2,fm_objective_sb_stable_v2,PSM,1105,experiments/runs/fm_tsad_entropic_repair_v1/jobs/fm_objective_sb__psm__seed1105__stable_numerics_v2/result.json,7d1f1c4eb2506cd50763d1fb5b33a78347beeadcae3be2ba18beae2f0e06ec92,3fd2806726e7a094a53bd2a46cfe0492adb9c40bf396d99b5874f8096eed667a,9bcd2a4d718f9b5276c7119889696876b559a15bf349e7f74658c62783653a21,1.0,6.849991054534914,strict_validation_only_no_pa_v1,0.9587378640776699,0.016201140232147984,0.03186383253337635,395.0,17.0,23986.0,0.7147879831123503,0.5456607605069097,0.03186383253337635,0.4027777777777778,72,29,125.62068965517241,0.26788528206744405,"Offline window scores use future context; delay in source points, not causal latency. Missed events reported separately.",0.004353076147145277,0.08129816032844939,circular_temporal_block,298.14100000006147,1.327999999979511,659268,,20,,,,,,,,,,,,,,,
fm_objective_sb__psm__seed1105__stable_numerics_v2,fm_objective_sb_stable_v2,PSM,1105,experiments/runs/fm_tsad_entropic_repair_v1/jobs/fm_objective_sb__psm__seed1105__stable_numerics_v2/result.json,7d1f1c4eb2506cd50763d1fb5b33a78347beeadcae3be2ba18beae2f0e06ec92,3fd2806726e7a094a53bd2a46cfe0492adb9c40bf396d99b5874f8096eed667a,9bcd2a4d718f9b5276c7119889696876b559a15bf349e7f74658c62783653a21,5.0,5.690118503570554,strict_validation_only_no_pa_v1,0.9658421672555948,0.06726549362208277,0.1257716936999118,1640.0,58.0,22741.0,0.7147879831123503,0.5456607605069097,0.1257716936999118,0.4444444444444444,72,32,127.125,0.9139615505830444,"Offline window scores use future context; delay in source points, not causal latency. Missed events reported separately.",0.046651549006135364,0.1953761315397699,circular_temporal_block,298.14100000006147,1.327999999979511,659268,,20,,,,,,,,,,,,,,,
fm_objective_sb__psm__seed1106__stable_numerics_v2,fm_objective_sb_stable_v2,PSM,1106,experiments/runs/fm_tsad_entropic_repair_v1/jobs/fm_objective_sb__psm__seed1106__stable_numerics_v2/result.json,2c51dce56081ebcbeac92d2e01e63bc43c6e57178c95fdee0e7c1cf5c0a7c0b5,e24d32c68f4d92c231c1ab06d0ecf8d9f220c27b92a72e97e13a4f1d4f382597,7fa31b276fc4cce68fa24ce13e43705151f2b5c83aa0b5e0b9941c28a0673000,0.1,9.549647056579593,strict_validation_only_no_pa_v1,0.9770114942528736,0.010458963947336041,0.0206963720477234,255.0,6.0,24126.0,0.7229388560861477,0.5481493697859301,0.0206963720477234,0.375,72,27,215.44444444444446,0.09454774661203907,"Offline window scores use future context; delay in source points, not causal latency. Missed events reported separately.",0.004412867302299609,0.0638836287599636,circular_temporal_block,311.8129999998491,1.3599999998696148,659268,,20,,,,,,,,,,,,,,,
fm_objective_sb__psm__seed1106__stable_numerics_v2,fm_objective_sb_stable_v2,PSM,1106,experiments/runs/fm_tsad_entropic_repair_v1/jobs/fm_objective_sb__psm__seed1106__stable_numerics_v2/result.json,2c51dce56081ebcbeac92d2e01e63bc43c6e57178c95fdee0e7c1cf5c0a7c0b5,e24d32c68f4d92c231c1ab06d0ecf8d9f220c27b92a72e97e13a4f1d4f382597,7fa31b276fc4cce68fa24ce13e43705151f2b5c83aa0b5e0b9941c28a0673000,1.0,6.893202018737794,strict_validation_only_no_pa_v1,0.9580246913580247,0.015914031417907388,0.031307996449608654,388.0,17.0,23993.0,0.7229388560861477,0.5481493697859301,0.031307996449608654,0.4027777777777778,72,29,118.27586206896552,0.26788528206744405,"Offline window scores use future context; delay in source points, not causal latency. Missed events reported separately.",0.005673603005820673,0.09452559348464008,circular_temporal_block,311.8129999998491,1.3599999998696148,659268,,20,,,,,,,,,,,,,,,
fm_objective_sb__psm__seed1106__stable_numerics_v2,fm_objective_sb_stable_v2,PSM,1106,experiments/runs/fm_tsad_entropic_repair_v1/jobs/fm_objective_sb__psm__seed1106__stable_numerics_v2/result.json,2c51dce56081ebcbeac92d2e01e63bc43c6e57178c95fdee0e7c1cf5c0a7c0b5,e24d32c68f4d92c231c1ab06d0ecf8d9f220c27b92a72e97e13a4f1d4f382597,7fa31b276fc4cce68fa24ce13e43705151f2b5c83aa0b5e0b9941c28a0673000,5.0,5.76914119720459,strict_validation_only_no_pa_v1,0.9525179856115108,0.02715229071818219,0.05279948955176264,662.0,33.0,23719.0,0.7229388560861477,0.5481493697859301,0.05279948955176264,0.4444444444444444,72,32,137.40625,0.5200126063662149,"Offline window scores use future context; delay in source points, not causal latency. Missed events reported separately.",0.017292004443125918,0.11926578994730594,circular_temporal_block,311.8129999998491,1.3599999998696148,659268,,20,,,,,,,,,,,,,,,
fm_objective_sb__psm__seed1107__stable_numerics_v2,fm_objective_sb_stable_v2,PSM,1107,experiments/runs/fm_tsad_entropic_repair_v1/jobs/fm_objective_sb__psm__seed1107__stable_numerics_v2/result.json,6b6ce68409d1f640f301e3c6321ea850b14170b02581853cf29a0e877dbf5f43,c9cb0532a258713699d9f09958c44080991e8bee0b492da79a9482ebaaae36b6,1b5871d21fee964353f7f9935b1c7ee92bb8cf8799e002572e257a1b8435feff,0.1,9.406390571594315,strict_validation_only_no_pa_v1,0.9719626168224299,0.008531233337434888,0.016914006911973978,208.0,6.0,24173.0,0.715060023270408,0.5427926226799673,0.016914006911973978,0.375,72,27,212.5185185185185,0.09454774661203907,"Offline window scores use future context; delay in source points, not causal latency. Missed events reported separately.",0.0036457815337405984,0.039321075115973936,circular_temporal_block,314.655999999959,1.422000000020489,659268,,20,,,,,,,,,,,,,,,
fm_objective_sb__psm__seed1107__stable_numerics_v2,fm_objective_sb_stable_v2,PSM,1107,experiments/runs/fm_tsad_entropic_repair_v1/jobs/fm_objective_sb__psm__seed1107__stable_numerics_v2/result.json,6b6ce68409d1f640f301e3c6321ea850b14170b02581853cf29a0e877dbf5f43,c9cb0532a258713699d9f09958c44080991e8bee0b492da79a9482ebaaae36b6,1b5871d21fee964353f7f9935b1c7ee92bb8cf8799e002572e257a1b8435feff,1.0,6.798047122955324,strict_validation_only_no_pa_v1,0.9583333333333334,0.01698043558508675,0.033369604642727604,414.0,18.0,23967.0,0.715060023270408,0.5427926226799673,0.033369604642727604,0.4027777777777778,72,29,125.6896551724138,0.2836432398361172,"Offline window scores use future context; delay in source points, not causal latency. Missed events reported separately.",0.005972380771052043,0.08087867072473613,circular_temporal_block,314.655999999959,1.422000000020489,659268,,20,,,,,,,,,,,,,,,
fm_objective_sb__psm__seed1107__stable_numerics_v2,fm_objective_sb_stable_v2,PSM,1107,experiments/runs/fm_tsad_entropic_repair_v1/jobs/fm_objective_sb__psm__seed1107__stable_numerics_v2/result.json,6b6ce68409d1f640f301e3c6321ea850b14170b02581853cf29a0e877dbf5f43,c9cb0532a258713699d9f09958c44080991e8bee0b492da79a9482ebaaae36b6,1b5871d21fee964353f7f9935b1c7ee92bb8cf8799e002572e257a1b8435feff,5.0,5.619305419921874,strict_validation_only_no_pa_v1,0.9626451287228672,0.07821664410811698,0.14467794552765345,1907.0,74.0,22474.0,0.715060023270408,0.5427926226799673,0.14467794552765345,0.4305555555555556,72,31,128.5483870967742,1.1660888748818152,"Offline window scores use future context; delay in source points, not causal latency. Missed events reported separately.",0.05327964127477891,0.24403314776537519,circular_temporal_block,314.655999999959,1.422000000020489,659268,,20,,,,,,,,,,,,,,,
fm_strict_timesnet__psm__registered__seed1103,fm_strict_timesnet__psm__registered,PSM,1103,experiments/runs/fm_strict_baseline_execution_v1/jobs/fm_strict_timesnet__psm__registered__seed1103/result.json,9bc3e2f287ae63643a5675f5c218d5741097effb7f7a346cb9b32743e3157dbf,8cee936c9b6d957ff6ed09dd5e82a7e6499fa60e9cf382d9e524e105d75a919f,5f2892ab6aac030112e8525bf2885372d0ce645a2bfb5c320782c0f8fb269d34,0.1,3.267813125610594,strict_validation_only_no_pa_v1,0.7329545454545454,0.005291005291005291,0.01050616932035672,129.0,47.0,24252.0,0.5926432250741405,0.3900175252219015,0.01050616932035672,0.4444444444444444,72,32,150.0,0.7406240151276394,"Offline window scores use future context; delay in source points, not causal latency. Missed events reported separately.",0.005021800600287076,0.02107445944972714,circular_temporal_block,126.29700000002049,35.15599999995902,4693913,,,,,,,,,,,,,,,,,
fm_strict_timesnet__psm__registered__seed1103,fm_strict_timesnet__psm__registered,PSM,1103,experiments/runs/fm_strict_baseline_execution_v1/jobs/fm_strict_timesnet__psm__registered__seed1103/result.json,9bc3e2f287ae63643a5675f5c218d5741097effb7f7a346cb9b32743e3157dbf,8cee936c9b6d957ff6ed09dd5e82a7e6499fa60e9cf382d9e524e105d75a919f,5f2892ab6aac030112e8525bf2885372d0ce645a2bfb5c320782c0f8fb269d34,1.0,0.9124579715728793,strict_validation_only_no_pa_v1,0.6782700421940928,0.026372995365243426,0.05077184255201547,643.0,305.0,23738.0,0.5926432250741405,0.3900175252219015,0.05077184255201547,0.6111111111111112,72,44,16.90909090909091,4.80617711944532,"Offline window scores use future context; delay in source points, not causal latency. Missed events reported separately.",0.02804167362264175,0.08702842929481173,circular_temporal_block,126.29700000002049,35.15599999995902,4693913,,,,,,,,,,,,,,,,,
fm_strict_timesnet__psm__registered__seed1103,fm_strict_timesnet__psm__registered,PSM,1103,experiments/runs/fm_strict_baseline_execution_v1/jobs/fm_strict_timesnet__psm__registered__seed1103/result.json,9bc3e2f287ae63643a5675f5c218d5741097effb7f7a346cb9b32743e3157dbf,8cee936c9b6d957ff6ed09dd5e82a7e6499fa60e9cf382d9e524e105d75a919f,5f2892ab6aac030112e8525bf2885372d0ce645a2bfb5c320782c0f8fb269d34,5.0,0.41981207728385883,strict_validation_only_no_pa_v1,0.6547571256523484,0.06689635371805915,0.12139029473057457,1631.0,860.0,22750.0,0.5926432250741405,0.3900175252219015,0.12139029473057457,0.7916666666666666,72,57,18.789473684210527,13.551843681058935,"Offline window scores use future context; delay in source points, not causal latency. Missed events reported separately.",0.08164528181603183,0.17706206129942798,circular_temporal_block,126.29700000002049,35.15599999995902,4693913,,,,,,,,,,,,,,,,,
fm_strict_timesnet__psm__registered__seed1104,fm_strict_timesnet__psm__registered,PSM,1104,experiments/runs/fm_strict_baseline_execution_v1/jobs/fm_strict_timesnet__psm__registered__seed1104/result.json,8168b9486726db4c2d4b80e5632778d47f93aedb816dca449cd2b2925f9b756a,8dde96be9f643362b45f55609c424de86b8af115dc639c473faacc9ba35a35ec,afa0ac9f053ee6c06f68138f8980147d38f98e28192a30b916928f8b75410dc2,0.1,3.879688493728919,strict_validation_only_no_pa_v1,0.7727272727272727,0.004183585578934416,0.008322114796230573,102.0,30.0,24279.0,0.607366456817799,0.40603277481899996,0.008322114796230573,0.4166666666666667,72,30,191.8,0.4727387330601954,"Offline window scores use future context; delay in source points, not causal latency. Missed events reported separately.",0.0035445759986016006,0.015671296630803872,circular_temporal_block,132.98499999986961,35.96900000004098,4693913,,,,,,,,,,,,,,,,,
fm_strict_timesnet__psm__registered__seed1104,fm_strict_timesnet__psm__registered,PSM,1104,experiments/runs/fm_strict_baseline_execution_v1/jobs/fm_strict_timesnet__psm__registered__seed1104/result.json,8168b9486726db4c2d4b80e5632778d47f93aedb816dca449cd2b2925f9b756a,8dde96be9f643362b45f55609c424de86b8af115dc639c473faacc9ba35a35ec,afa0ac9f053ee6c06f68138f8980147d38f98e28192a30b916928f8b75410dc2,1.0,0.8263456010818487,strict_validation_only_no_pa_v1,0.6996086105675147,0.029326114597432427,0.056292563870409006,715.0,307.0,23666.0,0.607366456817799,0.40603277481899996,0.056292563870409006,0.6666666666666666,72,48,19.541666666666668,4.837693034982666,"Offline window scores use future context; delay in source points, not causal latency. Missed events reported separately.",0.030492130837115734,0.09038404361051114,circular_temporal_block,132.98499999986961,35.96900000004098,4693913,,,,,,,,,,,,,,,,,
fm_strict_timesnet__psm__registered__seed1104,fm_strict_timesnet__psm__registered,PSM,1104,experiments/runs/fm_strict_baseline_execution_v1/jobs/fm_strict_timesnet__psm__registered__seed1104/result.json,8168b9486726db4c2d4b80e5632778d47f93aedb816dca449cd2b2925f9b756a,8dde96be9f643362b45f55609c424de86b8af115dc639c473faacc9ba35a35ec,afa0ac9f053ee6c06f68138f8980147d38f98e28192a30b916928f8b75410dc2,5.0,0.3905376195907592,strict_validation_only_no_pa_v1,0.6625,0.08043148353225872,0.14344756958414104,1961.0,999.0,22420.0,0.607366456817799,0.40603277481899996,0.14344756958414104,0.8055555555555556,72,58,13.89655172413793,15.742199810904507,"Offline window scores use future context; delay in source points, not causal latency. Missed events reported separately.",0.09148518152607618,0.20349768899255205,circular_temporal_block,132.98499999986961,35.96900000004098,4693913,,,,,,,,,,,,,,,,,
fm_strict_timesnet__psm__registered__seed1105,fm_strict_timesnet__psm__registered,PSM,1105,experiments/runs/fm_strict_baseline_execution_v1/jobs/fm_strict_timesnet__psm__registered__seed1105/result.json,a628e13231b66e6ee180e9750bfc8afe17abc38bdcf645c50e585d30de1fbf86,632dcc5b07ef044664fd3f3396e0cea7d5e1512c47c775132ee2f5a735c22c03,13cabfe9fdc40700b61a80ea6b2efd7392a3ddeaf8f295d962cf2a2e64fb88fa,0.1,3.9602299823763,strict_validation_only_no_pa_v1,0.7222222222222222,0.004798818752307124,0.009534286762009535,117.0,45.0,24264.0,0.5945063846389714,0.3930642784767835,0.009534286762009535,0.4444444444444444,72,32,201.65625,0.7091080995902931,"Offline window scores use future context; delay in source points, not causal latency. Missed events reported separately.",0.0041015970188684,0.01759913224207942,circular_temporal_block,137.10900000017136,36.82799999997951,4693913,,,,,,,,,,,,,,,,,
fm_strict_timesnet__psm__registered__seed1105,fm_strict_timesnet__psm__registered,PSM,1105,experiments/runs/fm_strict_baseline_execution_v1/jobs/fm_strict_timesnet__psm__registered__seed1105/result.json,a628e13231b66e6ee180e9750bfc8afe17abc38bdcf645c50e585d30de1fbf86,632dcc5b07ef044664fd3f3396e0cea7d5e1512c47c775132ee2f5a735c22c03,13cabfe9fdc40700b61a80ea6b2efd7392a3ddeaf8f295d962cf2a2e64fb88fa,1.0,0.854810686111452,strict_validation_only_no_pa_v1,0.7037773359840954,0.02903900578319183,0.055776578563831884,708.0,298.0,23673.0,0.5945063846389714,0.3930642784767835,0.055776578563831884,0.6666666666666666,72,48,14.270833333333334,4.695871415064608,"Offline window scores use future context; delay in source points, not causal latency. Missed events reported separately.",0.03293410783284994,0.08293311403379523,circular_temporal_block,137.10900000017136,36.82799999997951,4693913,,,,,,,,,,,,,,,,,
fm_strict_timesnet__psm__registered__seed1105,fm_strict_timesnet__psm__registered,PSM,1105,experiments/runs/fm_strict_baseline_execution_v1/jobs/fm_strict_timesnet__psm__registered__seed1105/result.json,a628e13231b66e6ee180e9750bfc8afe17abc38bdcf645c50e585d30de1fbf86,632dcc5b07ef044664fd3f3396e0cea7d5e1512c47c775132ee2f5a735c22c03,13cabfe9fdc40700b61a80ea6b2efd7392a3ddeaf8f295d962cf2a2e64fb88fa,5.0,0.40304712057113595,strict_validation_only_no_pa_v1,0.6541524459613197,0.07075181493786145,0.1276926493448812,1725.0,912.0,22656.0,0.5945063846389714,0.3930642784767835,0.1276926493448812,0.7916666666666666,72,57,17.56140350877193,14.37125748502994,"Offline window scores use future context; delay in source points, not causal latency. Missed events reported separately.",0.08630044370477387,0.1761971852508481,circular_temporal_block,137.10900000017136,36.82799999997951,4693913,,,,,,,,,,,,,,,,,
fm_strict_timesnet__psm__registered__seed1106,fm_strict_timesnet__psm__registered,PSM,1106,experiments/runs/fm_strict_baseline_execution_v1/jobs/fm_strict_timesnet__psm__registered__seed1106/result.json,f01bb61469985390ccd7a3c061b01d512e09ebada7323b8a54440b84613f5bb9,b9504d1809de4c3fb0ded37eaae8da07456b40c543ad485a559c9d47a284e6b4,022daaa9534095939b4fc5098b8c27c80437eda132379ce7a15261186db5c287,0.1,3.6530279846195874,strict_validation_only_no_pa_v1,0.7564102564102564,0.004839834297198638,0.009618127725475814,118.0,38.0,24263.0,0.5992911636784845,0.3972859419191612,0.009618127725475814,0.4305555555555556,72,31,185.74193548387098,0.5988023952095808,"Offline window scores use future context; delay in source points, not causal latency. Missed events reported separately.",0.004457352576167974,0.020653120606220002,circular_temporal_block,132.40599999995902,34.625,4693913,,,,,,,,,,,,,,,,,
fm_strict_timesnet__psm__registered__seed1106,fm_strict_timesnet__psm__registered,PSM,1106,experiments/runs/fm_strict_baseline_execution_v1/jobs/fm_strict_timesnet__psm__registered__seed1106/result.json,f01bb61469985390ccd7a3c061b01d512e09ebada7323b8a54440b84613f5bb9,b9504d1809de4c3fb0ded37eaae8da07456b40c543ad485a559c9d47a284e6b4,022daaa9534095939b4fc5098b8c27c80437eda132379ce7a15261186db5c287,1.0,0.9658972811698914,strict_validation_only_no_pa_v1,0.7114485981308412,0.024978466838931956,0.04826247176764275,609.0,247.0,23772.0,0.5992911636784845,0.3972859419191612,0.04826247176764275,0.625,72,45,17.755555555555556,3.8922155688622753,"Offline window scores use future context; delay in source points, not causal latency. Missed events reported separately.",0.027058320272711274,0.08341635429156892,circular_temporal_block,132.40599999995902,34.625,4693913,,,,,,,,,,,,,,,,,
fm_strict_timesnet__psm__registered__seed1106,fm_strict_timesnet__psm__registered,PSM,1106,experiments/runs/fm_strict_baseline_execution_v1/jobs/fm_strict_timesnet__psm__registered__seed1106/result.json,f01bb61469985390ccd7a3c061b01d512e09ebada7323b8a54440b84613f5bb9,b9504d1809de4c3fb0ded37eaae8da07456b40c543ad485a559c9d47a284e6b4,022daaa9534095939b4fc5098b8c27c80437eda132379ce7a15261186db5c287,5.0,0.4153746664524072,strict_validation_only_no_pa_v1,0.6594616639477977,0.06632213608957795,0.12052323631349457,1617.0,835.0,22764.0,0.5992911636784845,0.3972859419191612,0.12052323631349457,0.7916666666666666,72,57,18.982456140350877,13.157894736842104,"Offline window scores use future context; delay in source points, not causal latency. Missed events reported separately.",0.08130736244773996,0.17517882926862283,circular_temporal_block,132.40599999995902,34.625,4693913,,,,,,,,,,,,,,,,,
