id,profile,dataset,entity,seed,status,result_path,result_sha256
grasp_protocol_v3__gnn__swan__swan_sf__seed1103,gnn,swan,swan_sf,1103,completed,experiments/runs/fm_grasp_protocol_v3/jobs/grasp_protocol_v3__gnn__swan__swan_sf__seed1103/result.json,e41868a7b88e66b864bba147648e724ae579c0d5d12485af475e2657624df7be
grasp_protocol_v3__main__swan__swan_sf__seed1103,main,swan,swan_sf,1103,failed_or_partial_preserved,,
grasp_protocol_v3__transformer__swan__swan_sf__seed1103,transformer,swan,swan_sf,1103,failed_or_partial_preserved,,
grasp_protocol_v3__mean__swan__swan_sf__seed1103,mean,swan,swan_sf,1103,completed,experiments/runs/fm_grasp_protocol_v3/jobs/grasp_protocol_v3__mean__swan__swan_sf__seed1103/result.json,729d45d7471e87003fde69ea67fafaeb213433c93427216bde4b740f4afeaf4e
grasp_protocol_v3__er__swan__swan_sf__seed1103,er,swan,swan_sf,1103,running,,
grasp_protocol_v3__lin__swan__swan_sf__seed1103,lin,swan,swan_sf,1103,pending,,
grasp_protocol_v3__tau_0__swan__swan_sf__seed1103,tau_0,swan,swan_sf,1103,pending,,
grasp_protocol_v3__tau_0p25__swan__swan_sf__seed1103,tau_0p25,swan,swan_sf,1103,pending,,
grasp_protocol_v3__tau_0p5__swan__swan_sf__seed1103,tau_0p5,swan,swan_sf,1103,pending,,
grasp_protocol_v3__tau_1__swan__swan_sf__seed1103,tau_1,swan,swan_sf,1103,pending,,
grasp_protocol_v3__tau_4__swan__swan_sf__seed1103,tau_4,swan,swan_sf,1103,pending,,
grasp_protocol_v3__tau_8__swan__swan_sf__seed1103,tau_8,swan,swan_sf,1103,pending,,
grasp_protocol_v3__gnn__swan__swan_sf__seed1104,gnn,swan,swan_sf,1104,pending,,
grasp_protocol_v3__main__swan__swan_sf__seed1104,main,swan,swan_sf,1104,pending,,
grasp_protocol_v3__transformer__swan__swan_sf__seed1104,transformer,swan,swan_sf,1104,pending,,
grasp_protocol_v3__mean__swan__swan_sf__seed1104,mean,swan,swan_sf,1104,pending,,
grasp_protocol_v3__er__swan__swan_sf__seed1104,er,swan,swan_sf,1104,pending,,
grasp_protocol_v3__lin__swan__swan_sf__seed1104,lin,swan,swan_sf,1104,pending,,
grasp_protocol_v3__tau_0__swan__swan_sf__seed1104,tau_0,swan,swan_sf,1104,pending,,
grasp_protocol_v3__tau_0p25__swan__swan_sf__seed1104,tau_0p25,swan,swan_sf,1104,pending,,
grasp_protocol_v3__tau_0p5__swan__swan_sf__seed1104,tau_0p5,swan,swan_sf,1104,pending,,
grasp_protocol_v3__tau_1__swan__swan_sf__seed1104,tau_1,swan,swan_sf,1104,pending,,
grasp_protocol_v3__tau_4__swan__swan_sf__seed1104,tau_4,swan,swan_sf,1104,pending,,
grasp_protocol_v3__tau_8__swan__swan_sf__seed1104,tau_8,swan,swan_sf,1104,pending,,
grasp_protocol_v3__gnn__swan__swan_sf__seed1105,gnn,swan,swan_sf,1105,pending,,
grasp_protocol_v3__main__swan__swan_sf__seed1105,main,swan,swan_sf,1105,pending,,
grasp_protocol_v3__transformer__swan__swan_sf__seed1105,transformer,swan,swan_sf,1105,pending,,
grasp_protocol_v3__mean__swan__swan_sf__seed1105,mean,swan,swan_sf,1105,pending,,
grasp_protocol_v3__er__swan__swan_sf__seed1105,er,swan,swan_sf,1105,pending,,
grasp_protocol_v3__lin__swan__swan_sf__seed1105,lin,swan,swan_sf,1105,pending,,
grasp_protocol_v3__tau_0__swan__swan_sf__seed1105,tau_0,swan,swan_sf,1105,pending,,
grasp_protocol_v3__tau_0p25__swan__swan_sf__seed1105,tau_0p25,swan,swan_sf,1105,pending,,
grasp_protocol_v3__tau_0p5__swan__swan_sf__seed1105,tau_0p5,swan,swan_sf,1105,pending,,
grasp_protocol_v3__tau_1__swan__swan_sf__seed1105,tau_1,swan,swan_sf,1105,pending,,
grasp_protocol_v3__tau_4__swan__swan_sf__seed1105,tau_4,swan,swan_sf,1105,pending,,
grasp_protocol_v3__tau_8__swan__swan_sf__seed1105,tau_8,swan,swan_sf,1105,pending,,
grasp_protocol_v3__gnn__swan__swan_sf__seed1106,gnn,swan,swan_sf,1106,pending,,
grasp_protocol_v3__main__swan__swan_sf__seed1106,main,swan,swan_sf,1106,pending,,
grasp_protocol_v3__transformer__swan__swan_sf__seed1106,transformer,swan,swan_sf,1106,pending,,
grasp_protocol_v3__mean__swan__swan_sf__seed1106,mean,swan,swan_sf,1106,pending,,
grasp_protocol_v3__er__swan__swan_sf__seed1106,er,swan,swan_sf,1106,pending,,
grasp_protocol_v3__lin__swan__swan_sf__seed1106,lin,swan,swan_sf,1106,pending,,
grasp_protocol_v3__tau_0__swan__swan_sf__seed1106,tau_0,swan,swan_sf,1106,pending,,
grasp_protocol_v3__tau_0p25__swan__swan_sf__seed1106,tau_0p25,swan,swan_sf,1106,pending,,
grasp_protocol_v3__tau_0p5__swan__swan_sf__seed1106,tau_0p5,swan,swan_sf,1106,pending,,
grasp_protocol_v3__tau_1__swan__swan_sf__seed1106,tau_1,swan,swan_sf,1106,pending,,
grasp_protocol_v3__tau_4__swan__swan_sf__seed1106,tau_4,swan,swan_sf,1106,pending,,
grasp_protocol_v3__tau_8__swan__swan_sf__seed1106,tau_8,swan,swan_sf,1106,pending,,
grasp_protocol_v3__gnn__swan__swan_sf__seed1107,gnn,swan,swan_sf,1107,pending,,
grasp_protocol_v3__main__swan__swan_sf__seed1107,main,swan,swan_sf,1107,pending,,
grasp_protocol_v3__transformer__swan__swan_sf__seed1107,transformer,swan,swan_sf,1107,pending,,
grasp_protocol_v3__mean__swan__swan_sf__seed1107,mean,swan,swan_sf,1107,pending,,
grasp_protocol_v3__er__swan__swan_sf__seed1107,er,swan,swan_sf,1107,pending,,
grasp_protocol_v3__lin__swan__swan_sf__seed1107,lin,swan,swan_sf,1107,pending,,
grasp_protocol_v3__tau_0__swan__swan_sf__seed1107,tau_0,swan,swan_sf,1107,pending,,
grasp_protocol_v3__tau_0p25__swan__swan_sf__seed1107,tau_0p25,swan,swan_sf,1107,pending,,
grasp_protocol_v3__tau_0p5__swan__swan_sf__seed1107,tau_0p5,swan,swan_sf,1107,pending,,
grasp_protocol_v3__tau_1__swan__swan_sf__seed1107,tau_1,swan,swan_sf,1107,pending,,
grasp_protocol_v3__tau_4__swan__swan_sf__seed1107,tau_4,swan,swan_sf,1107,pending,,
grasp_protocol_v3__tau_8__swan__swan_sf__seed1107,tau_8,swan,swan_sf,1107,pending,,
grasp_protocol_v3__gnn__swan__swan_sf__seed1108,gnn,swan,swan_sf,1108,pending,,
grasp_protocol_v3__main__swan__swan_sf__seed1108,main,swan,swan_sf,1108,pending,,
grasp_protocol_v3__transformer__swan__swan_sf__seed1108,transformer,swan,swan_sf,1108,pending,,
grasp_protocol_v3__mean__swan__swan_sf__seed1108,mean,swan,swan_sf,1108,pending,,
grasp_protocol_v3__er__swan__swan_sf__seed1108,er,swan,swan_sf,1108,pending,,
grasp_protocol_v3__lin__swan__swan_sf__seed1108,lin,swan,swan_sf,1108,pending,,
grasp_protocol_v3__tau_0__swan__swan_sf__seed1108,tau_0,swan,swan_sf,1108,pending,,
grasp_protocol_v3__tau_0p25__swan__swan_sf__seed1108,tau_0p25,swan,swan_sf,1108,pending,,
grasp_protocol_v3__tau_0p5__swan__swan_sf__seed1108,tau_0p5,swan,swan_sf,1108,pending,,
grasp_protocol_v3__tau_1__swan__swan_sf__seed1108,tau_1,swan,swan_sf,1108,pending,,
grasp_protocol_v3__tau_4__swan__swan_sf__seed1108,tau_4,swan,swan_sf,1108,pending,,
grasp_protocol_v3__tau_8__swan__swan_sf__seed1108,tau_8,swan,swan_sf,1108,pending,,
grasp_protocol_v3__gnn__swan__swan_sf__seed1109,gnn,swan,swan_sf,1109,pending,,
grasp_protocol_v3__main__swan__swan_sf__seed1109,main,swan,swan_sf,1109,pending,,
grasp_protocol_v3__transformer__swan__swan_sf__seed1109,transformer,swan,swan_sf,1109,pending,,
grasp_protocol_v3__mean__swan__swan_sf__seed1109,mean,swan,swan_sf,1109,pending,,
grasp_protocol_v3__er__swan__swan_sf__seed1109,er,swan,swan_sf,1109,pending,,
grasp_protocol_v3__lin__swan__swan_sf__seed1109,lin,swan,swan_sf,1109,pending,,
grasp_protocol_v3__tau_0__swan__swan_sf__seed1109,tau_0,swan,swan_sf,1109,pending,,
grasp_protocol_v3__tau_0p25__swan__swan_sf__seed1109,tau_0p25,swan,swan_sf,1109,pending,,
grasp_protocol_v3__tau_0p5__swan__swan_sf__seed1109,tau_0p5,swan,swan_sf,1109,pending,,
grasp_protocol_v3__tau_1__swan__swan_sf__seed1109,tau_1,swan,swan_sf,1109,pending,,
grasp_protocol_v3__tau_4__swan__swan_sf__seed1109,tau_4,swan,swan_sf,1109,pending,,
grasp_protocol_v3__tau_8__swan__swan_sf__seed1109,tau_8,swan,swan_sf,1109,pending,,
grasp_protocol_v3__gnn__swan__swan_sf__seed1110,gnn,swan,swan_sf,1110,pending,,
grasp_protocol_v3__main__swan__swan_sf__seed1110,main,swan,swan_sf,1110,pending,,
grasp_protocol_v3__transformer__swan__swan_sf__seed1110,transformer,swan,swan_sf,1110,pending,,
grasp_protocol_v3__mean__swan__swan_sf__seed1110,mean,swan,swan_sf,1110,pending,,
grasp_protocol_v3__er__swan__swan_sf__seed1110,er,swan,swan_sf,1110,pending,,
grasp_protocol_v3__lin__swan__swan_sf__seed1110,lin,swan,swan_sf,1110,pending,,
grasp_protocol_v3__tau_0__swan__swan_sf__seed1110,tau_0,swan,swan_sf,1110,pending,,
grasp_protocol_v3__tau_0p25__swan__swan_sf__seed1110,tau_0p25,swan,swan_sf,1110,pending,,
grasp_protocol_v3__tau_0p5__swan__swan_sf__seed1110,tau_0p5,swan,swan_sf,1110,pending,,
grasp_protocol_v3__tau_1__swan__swan_sf__seed1110,tau_1,swan,swan_sf,1110,pending,,
grasp_protocol_v3__tau_4__swan__swan_sf__seed1110,tau_4,swan,swan_sf,1110,pending,,
grasp_protocol_v3__tau_8__swan__swan_sf__seed1110,tau_8,swan,swan_sf,1110,pending,,
grasp_protocol_v3__gnn__swan__swan_sf__seed1111,gnn,swan,swan_sf,1111,pending,,
grasp_protocol_v3__main__swan__swan_sf__seed1111,main,swan,swan_sf,1111,pending,,
grasp_protocol_v3__transformer__swan__swan_sf__seed1111,transformer,swan,swan_sf,1111,pending,,
grasp_protocol_v3__mean__swan__swan_sf__seed1111,mean,swan,swan_sf,1111,pending,,
grasp_protocol_v3__er__swan__swan_sf__seed1111,er,swan,swan_sf,1111,pending,,
grasp_protocol_v3__lin__swan__swan_sf__seed1111,lin,swan,swan_sf,1111,pending,,
grasp_protocol_v3__tau_0__swan__swan_sf__seed1111,tau_0,swan,swan_sf,1111,pending,,
grasp_protocol_v3__tau_0p25__swan__swan_sf__seed1111,tau_0p25,swan,swan_sf,1111,pending,,
grasp_protocol_v3__tau_0p5__swan__swan_sf__seed1111,tau_0p5,swan,swan_sf,1111,pending,,
grasp_protocol_v3__tau_1__swan__swan_sf__seed1111,tau_1,swan,swan_sf,1111,pending,,
grasp_protocol_v3__tau_4__swan__swan_sf__seed1111,tau_4,swan,swan_sf,1111,pending,,
grasp_protocol_v3__tau_8__swan__swan_sf__seed1111,tau_8,swan,swan_sf,1111,pending,,
grasp_protocol_v3__gnn__swan__swan_sf__seed1112,gnn,swan,swan_sf,1112,pending,,
grasp_protocol_v3__main__swan__swan_sf__seed1112,main,swan,swan_sf,1112,pending,,
grasp_protocol_v3__transformer__swan__swan_sf__seed1112,transformer,swan,swan_sf,1112,pending,,
grasp_protocol_v3__mean__swan__swan_sf__seed1112,mean,swan,swan_sf,1112,pending,,
grasp_protocol_v3__er__swan__swan_sf__seed1112,er,swan,swan_sf,1112,pending,,
grasp_protocol_v3__lin__swan__swan_sf__seed1112,lin,swan,swan_sf,1112,pending,,
grasp_protocol_v3__tau_0__swan__swan_sf__seed1112,tau_0,swan,swan_sf,1112,pending,,
grasp_protocol_v3__tau_0p25__swan__swan_sf__seed1112,tau_0p25,swan,swan_sf,1112,pending,,
grasp_protocol_v3__tau_0p5__swan__swan_sf__seed1112,tau_0p5,swan,swan_sf,1112,pending,,
grasp_protocol_v3__tau_1__swan__swan_sf__seed1112,tau_1,swan,swan_sf,1112,pending,,
grasp_protocol_v3__tau_4__swan__swan_sf__seed1112,tau_4,swan,swan_sf,1112,pending,,
grasp_protocol_v3__tau_8__swan__swan_sf__seed1112,tau_8,swan,swan_sf,1112,pending,,
grasp_protocol_v3__gnn__smd__SMD_machine-1-2__seed1103,gnn,smd,SMD_machine-1-2,1103,pending,,
grasp_protocol_v3__gnn__smd__SMD_machine-1-3__seed1103,gnn,smd,SMD_machine-1-3,1103,pending,,
grasp_protocol_v3__gnn__smd__SMD_machine-1-4__seed1103,gnn,smd,SMD_machine-1-4,1103,pending,,
grasp_protocol_v3__gnn__smd__SMD_machine-1-6__seed1103,gnn,smd,SMD_machine-1-6,1103,pending,,
grasp_protocol_v3__gnn__smd__SMD_machine-1-7__seed1103,gnn,smd,SMD_machine-1-7,1103,pending,,
grasp_protocol_v3__gnn__smd__SMD_machine-1-8__seed1103,gnn,smd,SMD_machine-1-8,1103,pending,,
grasp_protocol_v3__gnn__smd__SMD_machine-2-1__seed1103,gnn,smd,SMD_machine-2-1,1103,pending,,
grasp_protocol_v3__gnn__smd__SMD_machine-2-2__seed1103,gnn,smd,SMD_machine-2-2,1103,pending,,
grasp_protocol_v3__gnn__smd__SMD_machine-2-3__seed1103,gnn,smd,SMD_machine-2-3,1103,pending,,
grasp_protocol_v3__gnn__smd__SMD_machine-2-4__seed1103,gnn,smd,SMD_machine-2-4,1103,pending,,
grasp_protocol_v3__gnn__smd__SMD_machine-2-5__seed1103,gnn,smd,SMD_machine-2-5,1103,pending,,
grasp_protocol_v3__gnn__smd__SMD_machine-2-7__seed1103,gnn,smd,SMD_machine-2-7,1103,pending,,
grasp_protocol_v3__gnn__smd__SMD_machine-2-9__seed1103,gnn,smd,SMD_machine-2-9,1103,pending,,
grasp_protocol_v3__gnn__smd__SMD_machine-3-10__seed1103,gnn,smd,SMD_machine-3-10,1103,pending,,
grasp_protocol_v3__gnn__smd__SMD_machine-3-2__seed1103,gnn,smd,SMD_machine-3-2,1103,pending,,
grasp_protocol_v3__gnn__smd__SMD_machine-3-3__seed1103,gnn,smd,SMD_machine-3-3,1103,pending,,
grasp_protocol_v3__gnn__smd__SMD_machine-3-5__seed1103,gnn,smd,SMD_machine-3-5,1103,pending,,
grasp_protocol_v3__gnn__smd__SMD_machine-3-6__seed1103,gnn,smd,SMD_machine-3-6,1103,pending,,
grasp_protocol_v3__main__smd__SMD_machine-1-2__seed1103,main,smd,SMD_machine-1-2,1103,pending,,
grasp_protocol_v3__main__smd__SMD_machine-1-3__seed1103,main,smd,SMD_machine-1-3,1103,pending,,
grasp_protocol_v3__main__smd__SMD_machine-1-4__seed1103,main,smd,SMD_machine-1-4,1103,pending,,
grasp_protocol_v3__main__smd__SMD_machine-1-6__seed1103,main,smd,SMD_machine-1-6,1103,pending,,
grasp_protocol_v3__main__smd__SMD_machine-1-7__seed1103,main,smd,SMD_machine-1-7,1103,pending,,
grasp_protocol_v3__main__smd__SMD_machine-1-8__seed1103,main,smd,SMD_machine-1-8,1103,pending,,
grasp_protocol_v3__main__smd__SMD_machine-2-1__seed1103,main,smd,SMD_machine-2-1,1103,pending,,
grasp_protocol_v3__main__smd__SMD_machine-2-2__seed1103,main,smd,SMD_machine-2-2,1103,pending,,
grasp_protocol_v3__main__smd__SMD_machine-2-3__seed1103,main,smd,SMD_machine-2-3,1103,pending,,
grasp_protocol_v3__main__smd__SMD_machine-2-4__seed1103,main,smd,SMD_machine-2-4,1103,pending,,
grasp_protocol_v3__main__smd__SMD_machine-2-5__seed1103,main,smd,SMD_machine-2-5,1103,pending,,
grasp_protocol_v3__main__smd__SMD_machine-2-7__seed1103,main,smd,SMD_machine-2-7,1103,pending,,
grasp_protocol_v3__main__smd__SMD_machine-2-9__seed1103,main,smd,SMD_machine-2-9,1103,pending,,
grasp_protocol_v3__main__smd__SMD_machine-3-10__seed1103,main,smd,SMD_machine-3-10,1103,pending,,
grasp_protocol_v3__main__smd__SMD_machine-3-2__seed1103,main,smd,SMD_machine-3-2,1103,pending,,
grasp_protocol_v3__main__smd__SMD_machine-3-3__seed1103,main,smd,SMD_machine-3-3,1103,pending,,
grasp_protocol_v3__main__smd__SMD_machine-3-5__seed1103,main,smd,SMD_machine-3-5,1103,pending,,
grasp_protocol_v3__main__smd__SMD_machine-3-6__seed1103,main,smd,SMD_machine-3-6,1103,pending,,
grasp_protocol_v3__transformer__smd__SMD_machine-1-2__seed1103,transformer,smd,SMD_machine-1-2,1103,pending,,
grasp_protocol_v3__transformer__smd__SMD_machine-1-3__seed1103,transformer,smd,SMD_machine-1-3,1103,pending,,
grasp_protocol_v3__transformer__smd__SMD_machine-1-4__seed1103,transformer,smd,SMD_machine-1-4,1103,pending,,
grasp_protocol_v3__transformer__smd__SMD_machine-1-6__seed1103,transformer,smd,SMD_machine-1-6,1103,pending,,
grasp_protocol_v3__transformer__smd__SMD_machine-1-7__seed1103,transformer,smd,SMD_machine-1-7,1103,pending,,
grasp_protocol_v3__transformer__smd__SMD_machine-1-8__seed1103,transformer,smd,SMD_machine-1-8,1103,pending,,
grasp_protocol_v3__transformer__smd__SMD_machine-2-1__seed1103,transformer,smd,SMD_machine-2-1,1103,pending,,
grasp_protocol_v3__transformer__smd__SMD_machine-2-2__seed1103,transformer,smd,SMD_machine-2-2,1103,pending,,
grasp_protocol_v3__transformer__smd__SMD_machine-2-3__seed1103,transformer,smd,SMD_machine-2-3,1103,pending,,
grasp_protocol_v3__transformer__smd__SMD_machine-2-4__seed1103,transformer,smd,SMD_machine-2-4,1103,pending,,
grasp_protocol_v3__transformer__smd__SMD_machine-2-5__seed1103,transformer,smd,SMD_machine-2-5,1103,pending,,
grasp_protocol_v3__transformer__smd__SMD_machine-2-7__seed1103,transformer,smd,SMD_machine-2-7,1103,pending,,
grasp_protocol_v3__transformer__smd__SMD_machine-2-9__seed1103,transformer,smd,SMD_machine-2-9,1103,pending,,
grasp_protocol_v3__transformer__smd__SMD_machine-3-10__seed1103,transformer,smd,SMD_machine-3-10,1103,pending,,
grasp_protocol_v3__transformer__smd__SMD_machine-3-2__seed1103,transformer,smd,SMD_machine-3-2,1103,pending,,
grasp_protocol_v3__transformer__smd__SMD_machine-3-3__seed1103,transformer,smd,SMD_machine-3-3,1103,pending,,
grasp_protocol_v3__transformer__smd__SMD_machine-3-5__seed1103,transformer,smd,SMD_machine-3-5,1103,pending,,
grasp_protocol_v3__transformer__smd__SMD_machine-3-6__seed1103,transformer,smd,SMD_machine-3-6,1103,pending,,
grasp_protocol_v3__mean__smd__SMD_machine-1-2__seed1103,mean,smd,SMD_machine-1-2,1103,pending,,
grasp_protocol_v3__mean__smd__SMD_machine-1-3__seed1103,mean,smd,SMD_machine-1-3,1103,pending,,
grasp_protocol_v3__mean__smd__SMD_machine-1-4__seed1103,mean,smd,SMD_machine-1-4,1103,pending,,
grasp_protocol_v3__mean__smd__SMD_machine-1-6__seed1103,mean,smd,SMD_machine-1-6,1103,pending,,
grasp_protocol_v3__mean__smd__SMD_machine-1-7__seed1103,mean,smd,SMD_machine-1-7,1103,pending,,
grasp_protocol_v3__mean__smd__SMD_machine-1-8__seed1103,mean,smd,SMD_machine-1-8,1103,pending,,
grasp_protocol_v3__mean__smd__SMD_machine-2-1__seed1103,mean,smd,SMD_machine-2-1,1103,pending,,
grasp_protocol_v3__mean__smd__SMD_machine-2-2__seed1103,mean,smd,SMD_machine-2-2,1103,pending,,
grasp_protocol_v3__mean__smd__SMD_machine-2-3__seed1103,mean,smd,SMD_machine-2-3,1103,pending,,
grasp_protocol_v3__mean__smd__SMD_machine-2-4__seed1103,mean,smd,SMD_machine-2-4,1103,pending,,
grasp_protocol_v3__mean__smd__SMD_machine-2-5__seed1103,mean,smd,SMD_machine-2-5,1103,pending,,
grasp_protocol_v3__mean__smd__SMD_machine-2-7__seed1103,mean,smd,SMD_machine-2-7,1103,pending,,
grasp_protocol_v3__mean__smd__SMD_machine-2-9__seed1103,mean,smd,SMD_machine-2-9,1103,pending,,
grasp_protocol_v3__mean__smd__SMD_machine-3-10__seed1103,mean,smd,SMD_machine-3-10,1103,pending,,
grasp_protocol_v3__mean__smd__SMD_machine-3-2__seed1103,mean,smd,SMD_machine-3-2,1103,pending,,
grasp_protocol_v3__mean__smd__SMD_machine-3-3__seed1103,mean,smd,SMD_machine-3-3,1103,pending,,
grasp_protocol_v3__mean__smd__SMD_machine-3-5__seed1103,mean,smd,SMD_machine-3-5,1103,pending,,
grasp_protocol_v3__mean__smd__SMD_machine-3-6__seed1103,mean,smd,SMD_machine-3-6,1103,pending,,
grasp_protocol_v3__er__smd__SMD_machine-1-2__seed1103,er,smd,SMD_machine-1-2,1103,pending,,
grasp_protocol_v3__er__smd__SMD_machine-1-3__seed1103,er,smd,SMD_machine-1-3,1103,pending,,
grasp_protocol_v3__er__smd__SMD_machine-1-4__seed1103,er,smd,SMD_machine-1-4,1103,pending,,
grasp_protocol_v3__er__smd__SMD_machine-1-6__seed1103,er,smd,SMD_machine-1-6,1103,pending,,
grasp_protocol_v3__er__smd__SMD_machine-1-7__seed1103,er,smd,SMD_machine-1-7,1103,pending,,
grasp_protocol_v3__er__smd__SMD_machine-1-8__seed1103,er,smd,SMD_machine-1-8,1103,pending,,
grasp_protocol_v3__er__smd__SMD_machine-2-1__seed1103,er,smd,SMD_machine-2-1,1103,pending,,
grasp_protocol_v3__er__smd__SMD_machine-2-2__seed1103,er,smd,SMD_machine-2-2,1103,pending,,
grasp_protocol_v3__er__smd__SMD_machine-2-3__seed1103,er,smd,SMD_machine-2-3,1103,pending,,
grasp_protocol_v3__er__smd__SMD_machine-2-4__seed1103,er,smd,SMD_machine-2-4,1103,pending,,
grasp_protocol_v3__er__smd__SMD_machine-2-5__seed1103,er,smd,SMD_machine-2-5,1103,pending,,
grasp_protocol_v3__er__smd__SMD_machine-2-7__seed1103,er,smd,SMD_machine-2-7,1103,pending,,
grasp_protocol_v3__er__smd__SMD_machine-2-9__seed1103,er,smd,SMD_machine-2-9,1103,pending,,
grasp_protocol_v3__er__smd__SMD_machine-3-10__seed1103,er,smd,SMD_machine-3-10,1103,pending,,
grasp_protocol_v3__er__smd__SMD_machine-3-2__seed1103,er,smd,SMD_machine-3-2,1103,pending,,
grasp_protocol_v3__er__smd__SMD_machine-3-3__seed1103,er,smd,SMD_machine-3-3,1103,pending,,
grasp_protocol_v3__er__smd__SMD_machine-3-5__seed1103,er,smd,SMD_machine-3-5,1103,pending,,
grasp_protocol_v3__er__smd__SMD_machine-3-6__seed1103,er,smd,SMD_machine-3-6,1103,pending,,
grasp_protocol_v3__lin__smd__SMD_machine-1-2__seed1103,lin,smd,SMD_machine-1-2,1103,pending,,
grasp_protocol_v3__lin__smd__SMD_machine-1-3__seed1103,lin,smd,SMD_machine-1-3,1103,pending,,
grasp_protocol_v3__lin__smd__SMD_machine-1-4__seed1103,lin,smd,SMD_machine-1-4,1103,pending,,
grasp_protocol_v3__lin__smd__SMD_machine-1-6__seed1103,lin,smd,SMD_machine-1-6,1103,pending,,
grasp_protocol_v3__lin__smd__SMD_machine-1-7__seed1103,lin,smd,SMD_machine-1-7,1103,pending,,
grasp_protocol_v3__lin__smd__SMD_machine-1-8__seed1103,lin,smd,SMD_machine-1-8,1103,pending,,
grasp_protocol_v3__lin__smd__SMD_machine-2-1__seed1103,lin,smd,SMD_machine-2-1,1103,pending,,
grasp_protocol_v3__lin__smd__SMD_machine-2-2__seed1103,lin,smd,SMD_machine-2-2,1103,pending,,
grasp_protocol_v3__lin__smd__SMD_machine-2-3__seed1103,lin,smd,SMD_machine-2-3,1103,pending,,
grasp_protocol_v3__lin__smd__SMD_machine-2-4__seed1103,lin,smd,SMD_machine-2-4,1103,pending,,
grasp_protocol_v3__lin__smd__SMD_machine-2-5__seed1103,lin,smd,SMD_machine-2-5,1103,pending,,
grasp_protocol_v3__lin__smd__SMD_machine-2-7__seed1103,lin,smd,SMD_machine-2-7,1103,pending,,
grasp_protocol_v3__lin__smd__SMD_machine-2-9__seed1103,lin,smd,SMD_machine-2-9,1103,pending,,
grasp_protocol_v3__lin__smd__SMD_machine-3-10__seed1103,lin,smd,SMD_machine-3-10,1103,pending,,
grasp_protocol_v3__lin__smd__SMD_machine-3-2__seed1103,lin,smd,SMD_machine-3-2,1103,pending,,
grasp_protocol_v3__lin__smd__SMD_machine-3-3__seed1103,lin,smd,SMD_machine-3-3,1103,pending,,
grasp_protocol_v3__lin__smd__SMD_machine-3-5__seed1103,lin,smd,SMD_machine-3-5,1103,pending,,
grasp_protocol_v3__lin__smd__SMD_machine-3-6__seed1103,lin,smd,SMD_machine-3-6,1103,pending,,
grasp_protocol_v3__tau_0__smd__SMD_machine-1-2__seed1103,tau_0,smd,SMD_machine-1-2,1103,pending,,
grasp_protocol_v3__tau_0__smd__SMD_machine-1-3__seed1103,tau_0,smd,SMD_machine-1-3,1103,pending,,
grasp_protocol_v3__tau_0__smd__SMD_machine-1-4__seed1103,tau_0,smd,SMD_machine-1-4,1103,pending,,
grasp_protocol_v3__tau_0__smd__SMD_machine-1-6__seed1103,tau_0,smd,SMD_machine-1-6,1103,pending,,
grasp_protocol_v3__tau_0__smd__SMD_machine-1-7__seed1103,tau_0,smd,SMD_machine-1-7,1103,pending,,
grasp_protocol_v3__tau_0__smd__SMD_machine-1-8__seed1103,tau_0,smd,SMD_machine-1-8,1103,pending,,
grasp_protocol_v3__tau_0__smd__SMD_machine-2-1__seed1103,tau_0,smd,SMD_machine-2-1,1103,pending,,
grasp_protocol_v3__tau_0__smd__SMD_machine-2-2__seed1103,tau_0,smd,SMD_machine-2-2,1103,pending,,
grasp_protocol_v3__tau_0__smd__SMD_machine-2-3__seed1103,tau_0,smd,SMD_machine-2-3,1103,pending,,
grasp_protocol_v3__tau_0__smd__SMD_machine-2-4__seed1103,tau_0,smd,SMD_machine-2-4,1103,pending,,
grasp_protocol_v3__tau_0__smd__SMD_machine-2-5__seed1103,tau_0,smd,SMD_machine-2-5,1103,pending,,
grasp_protocol_v3__tau_0__smd__SMD_machine-2-7__seed1103,tau_0,smd,SMD_machine-2-7,1103,pending,,
grasp_protocol_v3__tau_0__smd__SMD_machine-2-9__seed1103,tau_0,smd,SMD_machine-2-9,1103,pending,,
grasp_protocol_v3__tau_0__smd__SMD_machine-3-10__seed1103,tau_0,smd,SMD_machine-3-10,1103,pending,,
grasp_protocol_v3__tau_0__smd__SMD_machine-3-2__seed1103,tau_0,smd,SMD_machine-3-2,1103,pending,,
grasp_protocol_v3__tau_0__smd__SMD_machine-3-3__seed1103,tau_0,smd,SMD_machine-3-3,1103,pending,,
grasp_protocol_v3__tau_0__smd__SMD_machine-3-5__seed1103,tau_0,smd,SMD_machine-3-5,1103,pending,,
grasp_protocol_v3__tau_0__smd__SMD_machine-3-6__seed1103,tau_0,smd,SMD_machine-3-6,1103,pending,,
grasp_protocol_v3__tau_0p25__smd__SMD_machine-1-2__seed1103,tau_0p25,smd,SMD_machine-1-2,1103,pending,,
grasp_protocol_v3__tau_0p25__smd__SMD_machine-1-3__seed1103,tau_0p25,smd,SMD_machine-1-3,1103,pending,,
grasp_protocol_v3__tau_0p25__smd__SMD_machine-1-4__seed1103,tau_0p25,smd,SMD_machine-1-4,1103,pending,,
grasp_protocol_v3__tau_0p25__smd__SMD_machine-1-6__seed1103,tau_0p25,smd,SMD_machine-1-6,1103,pending,,
grasp_protocol_v3__tau_0p25__smd__SMD_machine-1-7__seed1103,tau_0p25,smd,SMD_machine-1-7,1103,pending,,
grasp_protocol_v3__tau_0p25__smd__SMD_machine-1-8__seed1103,tau_0p25,smd,SMD_machine-1-8,1103,pending,,
grasp_protocol_v3__tau_0p25__smd__SMD_machine-2-1__seed1103,tau_0p25,smd,SMD_machine-2-1,1103,pending,,
grasp_protocol_v3__tau_0p25__smd__SMD_machine-2-2__seed1103,tau_0p25,smd,SMD_machine-2-2,1103,pending,,
grasp_protocol_v3__tau_0p25__smd__SMD_machine-2-3__seed1103,tau_0p25,smd,SMD_machine-2-3,1103,pending,,
grasp_protocol_v3__tau_0p25__smd__SMD_machine-2-4__seed1103,tau_0p25,smd,SMD_machine-2-4,1103,pending,,
grasp_protocol_v3__tau_0p25__smd__SMD_machine-2-5__seed1103,tau_0p25,smd,SMD_machine-2-5,1103,pending,,
grasp_protocol_v3__tau_0p25__smd__SMD_machine-2-7__seed1103,tau_0p25,smd,SMD_machine-2-7,1103,pending,,
grasp_protocol_v3__tau_0p25__smd__SMD_machine-2-9__seed1103,tau_0p25,smd,SMD_machine-2-9,1103,pending,,
grasp_protocol_v3__tau_0p25__smd__SMD_machine-3-10__seed1103,tau_0p25,smd,SMD_machine-3-10,1103,pending,,
grasp_protocol_v3__tau_0p25__smd__SMD_machine-3-2__seed1103,tau_0p25,smd,SMD_machine-3-2,1103,pending,,
grasp_protocol_v3__tau_0p25__smd__SMD_machine-3-3__seed1103,tau_0p25,smd,SMD_machine-3-3,1103,pending,,
grasp_protocol_v3__tau_0p25__smd__SMD_machine-3-5__seed1103,tau_0p25,smd,SMD_machine-3-5,1103,pending,,
grasp_protocol_v3__tau_0p25__smd__SMD_machine-3-6__seed1103,tau_0p25,smd,SMD_machine-3-6,1103,pending,,
grasp_protocol_v3__tau_0p5__smd__SMD_machine-1-2__seed1103,tau_0p5,smd,SMD_machine-1-2,1103,pending,,
grasp_protocol_v3__tau_0p5__smd__SMD_machine-1-3__seed1103,tau_0p5,smd,SMD_machine-1-3,1103,pending,,
grasp_protocol_v3__tau_0p5__smd__SMD_machine-1-4__seed1103,tau_0p5,smd,SMD_machine-1-4,1103,pending,,
grasp_protocol_v3__tau_0p5__smd__SMD_machine-1-6__seed1103,tau_0p5,smd,SMD_machine-1-6,1103,pending,,
grasp_protocol_v3__tau_0p5__smd__SMD_machine-1-7__seed1103,tau_0p5,smd,SMD_machine-1-7,1103,pending,,
grasp_protocol_v3__tau_0p5__smd__SMD_machine-1-8__seed1103,tau_0p5,smd,SMD_machine-1-8,1103,pending,,
grasp_protocol_v3__tau_0p5__smd__SMD_machine-2-1__seed1103,tau_0p5,smd,SMD_machine-2-1,1103,pending,,
grasp_protocol_v3__tau_0p5__smd__SMD_machine-2-2__seed1103,tau_0p5,smd,SMD_machine-2-2,1103,pending,,
grasp_protocol_v3__tau_0p5__smd__SMD_machine-2-3__seed1103,tau_0p5,smd,SMD_machine-2-3,1103,pending,,
grasp_protocol_v3__tau_0p5__smd__SMD_machine-2-4__seed1103,tau_0p5,smd,SMD_machine-2-4,1103,pending,,
grasp_protocol_v3__tau_0p5__smd__SMD_machine-2-5__seed1103,tau_0p5,smd,SMD_machine-2-5,1103,pending,,
grasp_protocol_v3__tau_0p5__smd__SMD_machine-2-7__seed1103,tau_0p5,smd,SMD_machine-2-7,1103,pending,,
grasp_protocol_v3__tau_0p5__smd__SMD_machine-2-9__seed1103,tau_0p5,smd,SMD_machine-2-9,1103,pending,,
grasp_protocol_v3__tau_0p5__smd__SMD_machine-3-10__seed1103,tau_0p5,smd,SMD_machine-3-10,1103,pending,,
grasp_protocol_v3__tau_0p5__smd__SMD_machine-3-2__seed1103,tau_0p5,smd,SMD_machine-3-2,1103,pending,,
grasp_protocol_v3__tau_0p5__smd__SMD_machine-3-3__seed1103,tau_0p5,smd,SMD_machine-3-3,1103,pending,,
grasp_protocol_v3__tau_0p5__smd__SMD_machine-3-5__seed1103,tau_0p5,smd,SMD_machine-3-5,1103,pending,,
grasp_protocol_v3__tau_0p5__smd__SMD_machine-3-6__seed1103,tau_0p5,smd,SMD_machine-3-6,1103,pending,,
grasp_protocol_v3__tau_1__smd__SMD_machine-1-2__seed1103,tau_1,smd,SMD_machine-1-2,1103,pending,,
grasp_protocol_v3__tau_1__smd__SMD_machine-1-3__seed1103,tau_1,smd,SMD_machine-1-3,1103,pending,,
grasp_protocol_v3__tau_1__smd__SMD_machine-1-4__seed1103,tau_1,smd,SMD_machine-1-4,1103,pending,,
grasp_protocol_v3__tau_1__smd__SMD_machine-1-6__seed1103,tau_1,smd,SMD_machine-1-6,1103,pending,,
grasp_protocol_v3__tau_1__smd__SMD_machine-1-7__seed1103,tau_1,smd,SMD_machine-1-7,1103,pending,,
grasp_protocol_v3__tau_1__smd__SMD_machine-1-8__seed1103,tau_1,smd,SMD_machine-1-8,1103,pending,,
grasp_protocol_v3__tau_1__smd__SMD_machine-2-1__seed1103,tau_1,smd,SMD_machine-2-1,1103,pending,,
grasp_protocol_v3__tau_1__smd__SMD_machine-2-2__seed1103,tau_1,smd,SMD_machine-2-2,1103,pending,,
grasp_protocol_v3__tau_1__smd__SMD_machine-2-3__seed1103,tau_1,smd,SMD_machine-2-3,1103,pending,,
grasp_protocol_v3__tau_1__smd__SMD_machine-2-4__seed1103,tau_1,smd,SMD_machine-2-4,1103,pending,,
grasp_protocol_v3__tau_1__smd__SMD_machine-2-5__seed1103,tau_1,smd,SMD_machine-2-5,1103,pending,,
grasp_protocol_v3__tau_1__smd__SMD_machine-2-7__seed1103,tau_1,smd,SMD_machine-2-7,1103,pending,,
grasp_protocol_v3__tau_1__smd__SMD_machine-2-9__seed1103,tau_1,smd,SMD_machine-2-9,1103,pending,,
grasp_protocol_v3__tau_1__smd__SMD_machine-3-10__seed1103,tau_1,smd,SMD_machine-3-10,1103,pending,,
grasp_protocol_v3__tau_1__smd__SMD_machine-3-2__seed1103,tau_1,smd,SMD_machine-3-2,1103,pending,,
grasp_protocol_v3__tau_1__smd__SMD_machine-3-3__seed1103,tau_1,smd,SMD_machine-3-3,1103,pending,,
grasp_protocol_v3__tau_1__smd__SMD_machine-3-5__seed1103,tau_1,smd,SMD_machine-3-5,1103,pending,,
grasp_protocol_v3__tau_1__smd__SMD_machine-3-6__seed1103,tau_1,smd,SMD_machine-3-6,1103,pending,,
grasp_protocol_v3__tau_4__smd__SMD_machine-1-2__seed1103,tau_4,smd,SMD_machine-1-2,1103,pending,,
grasp_protocol_v3__tau_4__smd__SMD_machine-1-3__seed1103,tau_4,smd,SMD_machine-1-3,1103,pending,,
grasp_protocol_v3__tau_4__smd__SMD_machine-1-4__seed1103,tau_4,smd,SMD_machine-1-4,1103,pending,,
grasp_protocol_v3__tau_4__smd__SMD_machine-1-6__seed1103,tau_4,smd,SMD_machine-1-6,1103,pending,,
grasp_protocol_v3__tau_4__smd__SMD_machine-1-7__seed1103,tau_4,smd,SMD_machine-1-7,1103,pending,,
grasp_protocol_v3__tau_4__smd__SMD_machine-1-8__seed1103,tau_4,smd,SMD_machine-1-8,1103,pending,,
grasp_protocol_v3__tau_4__smd__SMD_machine-2-1__seed1103,tau_4,smd,SMD_machine-2-1,1103,pending,,
grasp_protocol_v3__tau_4__smd__SMD_machine-2-2__seed1103,tau_4,smd,SMD_machine-2-2,1103,pending,,
grasp_protocol_v3__tau_4__smd__SMD_machine-2-3__seed1103,tau_4,smd,SMD_machine-2-3,1103,pending,,
grasp_protocol_v3__tau_4__smd__SMD_machine-2-4__seed1103,tau_4,smd,SMD_machine-2-4,1103,pending,,
grasp_protocol_v3__tau_4__smd__SMD_machine-2-5__seed1103,tau_4,smd,SMD_machine-2-5,1103,pending,,
grasp_protocol_v3__tau_4__smd__SMD_machine-2-7__seed1103,tau_4,smd,SMD_machine-2-7,1103,pending,,
grasp_protocol_v3__tau_4__smd__SMD_machine-2-9__seed1103,tau_4,smd,SMD_machine-2-9,1103,pending,,
grasp_protocol_v3__tau_4__smd__SMD_machine-3-10__seed1103,tau_4,smd,SMD_machine-3-10,1103,pending,,
grasp_protocol_v3__tau_4__smd__SMD_machine-3-2__seed1103,tau_4,smd,SMD_machine-3-2,1103,pending,,
grasp_protocol_v3__tau_4__smd__SMD_machine-3-3__seed1103,tau_4,smd,SMD_machine-3-3,1103,pending,,
grasp_protocol_v3__tau_4__smd__SMD_machine-3-5__seed1103,tau_4,smd,SMD_machine-3-5,1103,pending,,
grasp_protocol_v3__tau_4__smd__SMD_machine-3-6__seed1103,tau_4,smd,SMD_machine-3-6,1103,pending,,
grasp_protocol_v3__tau_8__smd__SMD_machine-1-2__seed1103,tau_8,smd,SMD_machine-1-2,1103,pending,,
grasp_protocol_v3__tau_8__smd__SMD_machine-1-3__seed1103,tau_8,smd,SMD_machine-1-3,1103,pending,,
grasp_protocol_v3__tau_8__smd__SMD_machine-1-4__seed1103,tau_8,smd,SMD_machine-1-4,1103,pending,,
grasp_protocol_v3__tau_8__smd__SMD_machine-1-6__seed1103,tau_8,smd,SMD_machine-1-6,1103,pending,,
grasp_protocol_v3__tau_8__smd__SMD_machine-1-7__seed1103,tau_8,smd,SMD_machine-1-7,1103,pending,,
grasp_protocol_v3__tau_8__smd__SMD_machine-1-8__seed1103,tau_8,smd,SMD_machine-1-8,1103,pending,,
grasp_protocol_v3__tau_8__smd__SMD_machine-2-1__seed1103,tau_8,smd,SMD_machine-2-1,1103,pending,,
grasp_protocol_v3__tau_8__smd__SMD_machine-2-2__seed1103,tau_8,smd,SMD_machine-2-2,1103,pending,,
grasp_protocol_v3__tau_8__smd__SMD_machine-2-3__seed1103,tau_8,smd,SMD_machine-2-3,1103,pending,,
grasp_protocol_v3__tau_8__smd__SMD_machine-2-4__seed1103,tau_8,smd,SMD_machine-2-4,1103,pending,,
grasp_protocol_v3__tau_8__smd__SMD_machine-2-5__seed1103,tau_8,smd,SMD_machine-2-5,1103,pending,,
grasp_protocol_v3__tau_8__smd__SMD_machine-2-7__seed1103,tau_8,smd,SMD_machine-2-7,1103,pending,,
grasp_protocol_v3__tau_8__smd__SMD_machine-2-9__seed1103,tau_8,smd,SMD_machine-2-9,1103,pending,,
grasp_protocol_v3__tau_8__smd__SMD_machine-3-10__seed1103,tau_8,smd,SMD_machine-3-10,1103,pending,,
grasp_protocol_v3__tau_8__smd__SMD_machine-3-2__seed1103,tau_8,smd,SMD_machine-3-2,1103,pending,,
grasp_protocol_v3__tau_8__smd__SMD_machine-3-3__seed1103,tau_8,smd,SMD_machine-3-3,1103,pending,,
grasp_protocol_v3__tau_8__smd__SMD_machine-3-5__seed1103,tau_8,smd,SMD_machine-3-5,1103,pending,,
grasp_protocol_v3__tau_8__smd__SMD_machine-3-6__seed1103,tau_8,smd,SMD_machine-3-6,1103,pending,,
grasp_protocol_v3__gnn__smd__SMD_machine-1-2__seed1104,gnn,smd,SMD_machine-1-2,1104,pending,,
grasp_protocol_v3__gnn__smd__SMD_machine-1-3__seed1104,gnn,smd,SMD_machine-1-3,1104,pending,,
grasp_protocol_v3__gnn__smd__SMD_machine-1-4__seed1104,gnn,smd,SMD_machine-1-4,1104,pending,,
grasp_protocol_v3__gnn__smd__SMD_machine-1-6__seed1104,gnn,smd,SMD_machine-1-6,1104,pending,,
grasp_protocol_v3__gnn__smd__SMD_machine-1-7__seed1104,gnn,smd,SMD_machine-1-7,1104,pending,,
grasp_protocol_v3__gnn__smd__SMD_machine-1-8__seed1104,gnn,smd,SMD_machine-1-8,1104,pending,,
grasp_protocol_v3__gnn__smd__SMD_machine-2-1__seed1104,gnn,smd,SMD_machine-2-1,1104,pending,,
grasp_protocol_v3__gnn__smd__SMD_machine-2-2__seed1104,gnn,smd,SMD_machine-2-2,1104,pending,,
grasp_protocol_v3__gnn__smd__SMD_machine-2-3__seed1104,gnn,smd,SMD_machine-2-3,1104,pending,,
grasp_protocol_v3__gnn__smd__SMD_machine-2-4__seed1104,gnn,smd,SMD_machine-2-4,1104,pending,,
grasp_protocol_v3__gnn__smd__SMD_machine-2-5__seed1104,gnn,smd,SMD_machine-2-5,1104,pending,,
grasp_protocol_v3__gnn__smd__SMD_machine-2-7__seed1104,gnn,smd,SMD_machine-2-7,1104,pending,,
grasp_protocol_v3__gnn__smd__SMD_machine-2-9__seed1104,gnn,smd,SMD_machine-2-9,1104,pending,,
grasp_protocol_v3__gnn__smd__SMD_machine-3-10__seed1104,gnn,smd,SMD_machine-3-10,1104,pending,,
grasp_protocol_v3__gnn__smd__SMD_machine-3-2__seed1104,gnn,smd,SMD_machine-3-2,1104,pending,,
grasp_protocol_v3__gnn__smd__SMD_machine-3-3__seed1104,gnn,smd,SMD_machine-3-3,1104,pending,,
grasp_protocol_v3__gnn__smd__SMD_machine-3-5__seed1104,gnn,smd,SMD_machine-3-5,1104,pending,,
grasp_protocol_v3__gnn__smd__SMD_machine-3-6__seed1104,gnn,smd,SMD_machine-3-6,1104,pending,,
grasp_protocol_v3__main__smd__SMD_machine-1-2__seed1104,main,smd,SMD_machine-1-2,1104,pending,,
grasp_protocol_v3__main__smd__SMD_machine-1-3__seed1104,main,smd,SMD_machine-1-3,1104,pending,,
grasp_protocol_v3__main__smd__SMD_machine-1-4__seed1104,main,smd,SMD_machine-1-4,1104,pending,,
grasp_protocol_v3__main__smd__SMD_machine-1-6__seed1104,main,smd,SMD_machine-1-6,1104,pending,,
grasp_protocol_v3__main__smd__SMD_machine-1-7__seed1104,main,smd,SMD_machine-1-7,1104,pending,,
grasp_protocol_v3__main__smd__SMD_machine-1-8__seed1104,main,smd,SMD_machine-1-8,1104,pending,,
grasp_protocol_v3__main__smd__SMD_machine-2-1__seed1104,main,smd,SMD_machine-2-1,1104,pending,,
grasp_protocol_v3__main__smd__SMD_machine-2-2__seed1104,main,smd,SMD_machine-2-2,1104,pending,,
grasp_protocol_v3__main__smd__SMD_machine-2-3__seed1104,main,smd,SMD_machine-2-3,1104,pending,,
grasp_protocol_v3__main__smd__SMD_machine-2-4__seed1104,main,smd,SMD_machine-2-4,1104,pending,,
grasp_protocol_v3__main__smd__SMD_machine-2-5__seed1104,main,smd,SMD_machine-2-5,1104,pending,,
grasp_protocol_v3__main__smd__SMD_machine-2-7__seed1104,main,smd,SMD_machine-2-7,1104,pending,,
grasp_protocol_v3__main__smd__SMD_machine-2-9__seed1104,main,smd,SMD_machine-2-9,1104,pending,,
grasp_protocol_v3__main__smd__SMD_machine-3-10__seed1104,main,smd,SMD_machine-3-10,1104,pending,,
grasp_protocol_v3__main__smd__SMD_machine-3-2__seed1104,main,smd,SMD_machine-3-2,1104,pending,,
grasp_protocol_v3__main__smd__SMD_machine-3-3__seed1104,main,smd,SMD_machine-3-3,1104,pending,,
grasp_protocol_v3__main__smd__SMD_machine-3-5__seed1104,main,smd,SMD_machine-3-5,1104,pending,,
grasp_protocol_v3__main__smd__SMD_machine-3-6__seed1104,main,smd,SMD_machine-3-6,1104,pending,,
grasp_protocol_v3__transformer__smd__SMD_machine-1-2__seed1104,transformer,smd,SMD_machine-1-2,1104,pending,,
grasp_protocol_v3__transformer__smd__SMD_machine-1-3__seed1104,transformer,smd,SMD_machine-1-3,1104,pending,,
grasp_protocol_v3__transformer__smd__SMD_machine-1-4__seed1104,transformer,smd,SMD_machine-1-4,1104,pending,,
grasp_protocol_v3__transformer__smd__SMD_machine-1-6__seed1104,transformer,smd,SMD_machine-1-6,1104,pending,,
grasp_protocol_v3__transformer__smd__SMD_machine-1-7__seed1104,transformer,smd,SMD_machine-1-7,1104,pending,,
grasp_protocol_v3__transformer__smd__SMD_machine-1-8__seed1104,transformer,smd,SMD_machine-1-8,1104,pending,,
grasp_protocol_v3__transformer__smd__SMD_machine-2-1__seed1104,transformer,smd,SMD_machine-2-1,1104,pending,,
grasp_protocol_v3__transformer__smd__SMD_machine-2-2__seed1104,transformer,smd,SMD_machine-2-2,1104,pending,,
grasp_protocol_v3__transformer__smd__SMD_machine-2-3__seed1104,transformer,smd,SMD_machine-2-3,1104,pending,,
grasp_protocol_v3__transformer__smd__SMD_machine-2-4__seed1104,transformer,smd,SMD_machine-2-4,1104,pending,,
grasp_protocol_v3__transformer__smd__SMD_machine-2-5__seed1104,transformer,smd,SMD_machine-2-5,1104,pending,,
grasp_protocol_v3__transformer__smd__SMD_machine-2-7__seed1104,transformer,smd,SMD_machine-2-7,1104,pending,,
grasp_protocol_v3__transformer__smd__SMD_machine-2-9__seed1104,transformer,smd,SMD_machine-2-9,1104,pending,,
grasp_protocol_v3__transformer__smd__SMD_machine-3-10__seed1104,transformer,smd,SMD_machine-3-10,1104,pending,,
grasp_protocol_v3__transformer__smd__SMD_machine-3-2__seed1104,transformer,smd,SMD_machine-3-2,1104,pending,,
grasp_protocol_v3__transformer__smd__SMD_machine-3-3__seed1104,transformer,smd,SMD_machine-3-3,1104,pending,,
grasp_protocol_v3__transformer__smd__SMD_machine-3-5__seed1104,transformer,smd,SMD_machine-3-5,1104,pending,,
grasp_protocol_v3__transformer__smd__SMD_machine-3-6__seed1104,transformer,smd,SMD_machine-3-6,1104,pending,,
grasp_protocol_v3__mean__smd__SMD_machine-1-2__seed1104,mean,smd,SMD_machine-1-2,1104,pending,,
grasp_protocol_v3__mean__smd__SMD_machine-1-3__seed1104,mean,smd,SMD_machine-1-3,1104,pending,,
grasp_protocol_v3__mean__smd__SMD_machine-1-4__seed1104,mean,smd,SMD_machine-1-4,1104,pending,,
grasp_protocol_v3__mean__smd__SMD_machine-1-6__seed1104,mean,smd,SMD_machine-1-6,1104,pending,,
grasp_protocol_v3__mean__smd__SMD_machine-1-7__seed1104,mean,smd,SMD_machine-1-7,1104,pending,,
grasp_protocol_v3__mean__smd__SMD_machine-1-8__seed1104,mean,smd,SMD_machine-1-8,1104,pending,,
grasp_protocol_v3__mean__smd__SMD_machine-2-1__seed1104,mean,smd,SMD_machine-2-1,1104,pending,,
grasp_protocol_v3__mean__smd__SMD_machine-2-2__seed1104,mean,smd,SMD_machine-2-2,1104,pending,,
grasp_protocol_v3__mean__smd__SMD_machine-2-3__seed1104,mean,smd,SMD_machine-2-3,1104,pending,,
grasp_protocol_v3__mean__smd__SMD_machine-2-4__seed1104,mean,smd,SMD_machine-2-4,1104,pending,,
grasp_protocol_v3__mean__smd__SMD_machine-2-5__seed1104,mean,smd,SMD_machine-2-5,1104,pending,,
grasp_protocol_v3__mean__smd__SMD_machine-2-7__seed1104,mean,smd,SMD_machine-2-7,1104,pending,,
grasp_protocol_v3__mean__smd__SMD_machine-2-9__seed1104,mean,smd,SMD_machine-2-9,1104,pending,,
grasp_protocol_v3__mean__smd__SMD_machine-3-10__seed1104,mean,smd,SMD_machine-3-10,1104,pending,,
grasp_protocol_v3__mean__smd__SMD_machine-3-2__seed1104,mean,smd,SMD_machine-3-2,1104,pending,,
grasp_protocol_v3__mean__smd__SMD_machine-3-3__seed1104,mean,smd,SMD_machine-3-3,1104,pending,,
grasp_protocol_v3__mean__smd__SMD_machine-3-5__seed1104,mean,smd,SMD_machine-3-5,1104,pending,,
grasp_protocol_v3__mean__smd__SMD_machine-3-6__seed1104,mean,smd,SMD_machine-3-6,1104,pending,,
grasp_protocol_v3__er__smd__SMD_machine-1-2__seed1104,er,smd,SMD_machine-1-2,1104,pending,,
grasp_protocol_v3__er__smd__SMD_machine-1-3__seed1104,er,smd,SMD_machine-1-3,1104,pending,,
grasp_protocol_v3__er__smd__SMD_machine-1-4__seed1104,er,smd,SMD_machine-1-4,1104,pending,,
grasp_protocol_v3__er__smd__SMD_machine-1-6__seed1104,er,smd,SMD_machine-1-6,1104,pending,,
grasp_protocol_v3__er__smd__SMD_machine-1-7__seed1104,er,smd,SMD_machine-1-7,1104,pending,,
grasp_protocol_v3__er__smd__SMD_machine-1-8__seed1104,er,smd,SMD_machine-1-8,1104,pending,,
grasp_protocol_v3__er__smd__SMD_machine-2-1__seed1104,er,smd,SMD_machine-2-1,1104,pending,,
grasp_protocol_v3__er__smd__SMD_machine-2-2__seed1104,er,smd,SMD_machine-2-2,1104,pending,,
grasp_protocol_v3__er__smd__SMD_machine-2-3__seed1104,er,smd,SMD_machine-2-3,1104,pending,,
grasp_protocol_v3__er__smd__SMD_machine-2-4__seed1104,er,smd,SMD_machine-2-4,1104,pending,,
grasp_protocol_v3__er__smd__SMD_machine-2-5__seed1104,er,smd,SMD_machine-2-5,1104,pending,,
grasp_protocol_v3__er__smd__SMD_machine-2-7__seed1104,er,smd,SMD_machine-2-7,1104,pending,,
grasp_protocol_v3__er__smd__SMD_machine-2-9__seed1104,er,smd,SMD_machine-2-9,1104,pending,,
grasp_protocol_v3__er__smd__SMD_machine-3-10__seed1104,er,smd,SMD_machine-3-10,1104,pending,,
grasp_protocol_v3__er__smd__SMD_machine-3-2__seed1104,er,smd,SMD_machine-3-2,1104,pending,,
grasp_protocol_v3__er__smd__SMD_machine-3-3__seed1104,er,smd,SMD_machine-3-3,1104,pending,,
grasp_protocol_v3__er__smd__SMD_machine-3-5__seed1104,er,smd,SMD_machine-3-5,1104,pending,,
grasp_protocol_v3__er__smd__SMD_machine-3-6__seed1104,er,smd,SMD_machine-3-6,1104,pending,,
grasp_protocol_v3__lin__smd__SMD_machine-1-2__seed1104,lin,smd,SMD_machine-1-2,1104,pending,,
grasp_protocol_v3__lin__smd__SMD_machine-1-3__seed1104,lin,smd,SMD_machine-1-3,1104,pending,,
grasp_protocol_v3__lin__smd__SMD_machine-1-4__seed1104,lin,smd,SMD_machine-1-4,1104,pending,,
grasp_protocol_v3__lin__smd__SMD_machine-1-6__seed1104,lin,smd,SMD_machine-1-6,1104,pending,,
grasp_protocol_v3__lin__smd__SMD_machine-1-7__seed1104,lin,smd,SMD_machine-1-7,1104,pending,,
grasp_protocol_v3__lin__smd__SMD_machine-1-8__seed1104,lin,smd,SMD_machine-1-8,1104,pending,,
grasp_protocol_v3__lin__smd__SMD_machine-2-1__seed1104,lin,smd,SMD_machine-2-1,1104,pending,,
grasp_protocol_v3__lin__smd__SMD_machine-2-2__seed1104,lin,smd,SMD_machine-2-2,1104,pending,,
grasp_protocol_v3__lin__smd__SMD_machine-2-3__seed1104,lin,smd,SMD_machine-2-3,1104,pending,,
grasp_protocol_v3__lin__smd__SMD_machine-2-4__seed1104,lin,smd,SMD_machine-2-4,1104,pending,,
grasp_protocol_v3__lin__smd__SMD_machine-2-5__seed1104,lin,smd,SMD_machine-2-5,1104,pending,,
grasp_protocol_v3__lin__smd__SMD_machine-2-7__seed1104,lin,smd,SMD_machine-2-7,1104,pending,,
grasp_protocol_v3__lin__smd__SMD_machine-2-9__seed1104,lin,smd,SMD_machine-2-9,1104,pending,,
grasp_protocol_v3__lin__smd__SMD_machine-3-10__seed1104,lin,smd,SMD_machine-3-10,1104,pending,,
grasp_protocol_v3__lin__smd__SMD_machine-3-2__seed1104,lin,smd,SMD_machine-3-2,1104,pending,,
grasp_protocol_v3__lin__smd__SMD_machine-3-3__seed1104,lin,smd,SMD_machine-3-3,1104,pending,,
grasp_protocol_v3__lin__smd__SMD_machine-3-5__seed1104,lin,smd,SMD_machine-3-5,1104,pending,,
grasp_protocol_v3__lin__smd__SMD_machine-3-6__seed1104,lin,smd,SMD_machine-3-6,1104,pending,,
grasp_protocol_v3__tau_0__smd__SMD_machine-1-2__seed1104,tau_0,smd,SMD_machine-1-2,1104,pending,,
grasp_protocol_v3__tau_0__smd__SMD_machine-1-3__seed1104,tau_0,smd,SMD_machine-1-3,1104,pending,,
grasp_protocol_v3__tau_0__smd__SMD_machine-1-4__seed1104,tau_0,smd,SMD_machine-1-4,1104,pending,,
grasp_protocol_v3__tau_0__smd__SMD_machine-1-6__seed1104,tau_0,smd,SMD_machine-1-6,1104,pending,,
grasp_protocol_v3__tau_0__smd__SMD_machine-1-7__seed1104,tau_0,smd,SMD_machine-1-7,1104,pending,,
grasp_protocol_v3__tau_0__smd__SMD_machine-1-8__seed1104,tau_0,smd,SMD_machine-1-8,1104,pending,,
grasp_protocol_v3__tau_0__smd__SMD_machine-2-1__seed1104,tau_0,smd,SMD_machine-2-1,1104,pending,,
grasp_protocol_v3__tau_0__smd__SMD_machine-2-2__seed1104,tau_0,smd,SMD_machine-2-2,1104,pending,,
grasp_protocol_v3__tau_0__smd__SMD_machine-2-3__seed1104,tau_0,smd,SMD_machine-2-3,1104,pending,,
grasp_protocol_v3__tau_0__smd__SMD_machine-2-4__seed1104,tau_0,smd,SMD_machine-2-4,1104,pending,,
grasp_protocol_v3__tau_0__smd__SMD_machine-2-5__seed1104,tau_0,smd,SMD_machine-2-5,1104,pending,,
grasp_protocol_v3__tau_0__smd__SMD_machine-2-7__seed1104,tau_0,smd,SMD_machine-2-7,1104,pending,,
grasp_protocol_v3__tau_0__smd__SMD_machine-2-9__seed1104,tau_0,smd,SMD_machine-2-9,1104,pending,,
grasp_protocol_v3__tau_0__smd__SMD_machine-3-10__seed1104,tau_0,smd,SMD_machine-3-10,1104,pending,,
grasp_protocol_v3__tau_0__smd__SMD_machine-3-2__seed1104,tau_0,smd,SMD_machine-3-2,1104,pending,,
grasp_protocol_v3__tau_0__smd__SMD_machine-3-3__seed1104,tau_0,smd,SMD_machine-3-3,1104,pending,,
grasp_protocol_v3__tau_0__smd__SMD_machine-3-5__seed1104,tau_0,smd,SMD_machine-3-5,1104,pending,,
grasp_protocol_v3__tau_0__smd__SMD_machine-3-6__seed1104,tau_0,smd,SMD_machine-3-6,1104,pending,,
grasp_protocol_v3__tau_0p25__smd__SMD_machine-1-2__seed1104,tau_0p25,smd,SMD_machine-1-2,1104,pending,,
grasp_protocol_v3__tau_0p25__smd__SMD_machine-1-3__seed1104,tau_0p25,smd,SMD_machine-1-3,1104,pending,,
grasp_protocol_v3__tau_0p25__smd__SMD_machine-1-4__seed1104,tau_0p25,smd,SMD_machine-1-4,1104,pending,,
grasp_protocol_v3__tau_0p25__smd__SMD_machine-1-6__seed1104,tau_0p25,smd,SMD_machine-1-6,1104,pending,,
grasp_protocol_v3__tau_0p25__smd__SMD_machine-1-7__seed1104,tau_0p25,smd,SMD_machine-1-7,1104,pending,,
grasp_protocol_v3__tau_0p25__smd__SMD_machine-1-8__seed1104,tau_0p25,smd,SMD_machine-1-8,1104,pending,,
grasp_protocol_v3__tau_0p25__smd__SMD_machine-2-1__seed1104,tau_0p25,smd,SMD_machine-2-1,1104,pending,,
grasp_protocol_v3__tau_0p25__smd__SMD_machine-2-2__seed1104,tau_0p25,smd,SMD_machine-2-2,1104,pending,,
grasp_protocol_v3__tau_0p25__smd__SMD_machine-2-3__seed1104,tau_0p25,smd,SMD_machine-2-3,1104,pending,,
grasp_protocol_v3__tau_0p25__smd__SMD_machine-2-4__seed1104,tau_0p25,smd,SMD_machine-2-4,1104,pending,,
grasp_protocol_v3__tau_0p25__smd__SMD_machine-2-5__seed1104,tau_0p25,smd,SMD_machine-2-5,1104,pending,,
grasp_protocol_v3__tau_0p25__smd__SMD_machine-2-7__seed1104,tau_0p25,smd,SMD_machine-2-7,1104,pending,,
grasp_protocol_v3__tau_0p25__smd__SMD_machine-2-9__seed1104,tau_0p25,smd,SMD_machine-2-9,1104,pending,,
grasp_protocol_v3__tau_0p25__smd__SMD_machine-3-10__seed1104,tau_0p25,smd,SMD_machine-3-10,1104,pending,,
grasp_protocol_v3__tau_0p25__smd__SMD_machine-3-2__seed1104,tau_0p25,smd,SMD_machine-3-2,1104,pending,,
grasp_protocol_v3__tau_0p25__smd__SMD_machine-3-3__seed1104,tau_0p25,smd,SMD_machine-3-3,1104,pending,,
grasp_protocol_v3__tau_0p25__smd__SMD_machine-3-5__seed1104,tau_0p25,smd,SMD_machine-3-5,1104,pending,,
grasp_protocol_v3__tau_0p25__smd__SMD_machine-3-6__seed1104,tau_0p25,smd,SMD_machine-3-6,1104,pending,,
grasp_protocol_v3__tau_0p5__smd__SMD_machine-1-2__seed1104,tau_0p5,smd,SMD_machine-1-2,1104,pending,,
grasp_protocol_v3__tau_0p5__smd__SMD_machine-1-3__seed1104,tau_0p5,smd,SMD_machine-1-3,1104,pending,,
grasp_protocol_v3__tau_0p5__smd__SMD_machine-1-4__seed1104,tau_0p5,smd,SMD_machine-1-4,1104,pending,,
grasp_protocol_v3__tau_0p5__smd__SMD_machine-1-6__seed1104,tau_0p5,smd,SMD_machine-1-6,1104,pending,,
grasp_protocol_v3__tau_0p5__smd__SMD_machine-1-7__seed1104,tau_0p5,smd,SMD_machine-1-7,1104,pending,,
grasp_protocol_v3__tau_0p5__smd__SMD_machine-1-8__seed1104,tau_0p5,smd,SMD_machine-1-8,1104,pending,,
grasp_protocol_v3__tau_0p5__smd__SMD_machine-2-1__seed1104,tau_0p5,smd,SMD_machine-2-1,1104,pending,,
grasp_protocol_v3__tau_0p5__smd__SMD_machine-2-2__seed1104,tau_0p5,smd,SMD_machine-2-2,1104,pending,,
grasp_protocol_v3__tau_0p5__smd__SMD_machine-2-3__seed1104,tau_0p5,smd,SMD_machine-2-3,1104,pending,,
grasp_protocol_v3__tau_0p5__smd__SMD_machine-2-4__seed1104,tau_0p5,smd,SMD_machine-2-4,1104,pending,,
grasp_protocol_v3__tau_0p5__smd__SMD_machine-2-5__seed1104,tau_0p5,smd,SMD_machine-2-5,1104,pending,,
grasp_protocol_v3__tau_0p5__smd__SMD_machine-2-7__seed1104,tau_0p5,smd,SMD_machine-2-7,1104,pending,,
grasp_protocol_v3__tau_0p5__smd__SMD_machine-2-9__seed1104,tau_0p5,smd,SMD_machine-2-9,1104,pending,,
grasp_protocol_v3__tau_0p5__smd__SMD_machine-3-10__seed1104,tau_0p5,smd,SMD_machine-3-10,1104,pending,,
grasp_protocol_v3__tau_0p5__smd__SMD_machine-3-2__seed1104,tau_0p5,smd,SMD_machine-3-2,1104,pending,,
grasp_protocol_v3__tau_0p5__smd__SMD_machine-3-3__seed1104,tau_0p5,smd,SMD_machine-3-3,1104,pending,,
grasp_protocol_v3__tau_0p5__smd__SMD_machine-3-5__seed1104,tau_0p5,smd,SMD_machine-3-5,1104,pending,,
grasp_protocol_v3__tau_0p5__smd__SMD_machine-3-6__seed1104,tau_0p5,smd,SMD_machine-3-6,1104,pending,,
grasp_protocol_v3__tau_1__smd__SMD_machine-1-2__seed1104,tau_1,smd,SMD_machine-1-2,1104,pending,,
grasp_protocol_v3__tau_1__smd__SMD_machine-1-3__seed1104,tau_1,smd,SMD_machine-1-3,1104,pending,,
grasp_protocol_v3__tau_1__smd__SMD_machine-1-4__seed1104,tau_1,smd,SMD_machine-1-4,1104,pending,,
grasp_protocol_v3__tau_1__smd__SMD_machine-1-6__seed1104,tau_1,smd,SMD_machine-1-6,1104,pending,,
grasp_protocol_v3__tau_1__smd__SMD_machine-1-7__seed1104,tau_1,smd,SMD_machine-1-7,1104,pending,,
grasp_protocol_v3__tau_1__smd__SMD_machine-1-8__seed1104,tau_1,smd,SMD_machine-1-8,1104,pending,,
grasp_protocol_v3__tau_1__smd__SMD_machine-2-1__seed1104,tau_1,smd,SMD_machine-2-1,1104,pending,,
grasp_protocol_v3__tau_1__smd__SMD_machine-2-2__seed1104,tau_1,smd,SMD_machine-2-2,1104,pending,,
grasp_protocol_v3__tau_1__smd__SMD_machine-2-3__seed1104,tau_1,smd,SMD_machine-2-3,1104,pending,,
grasp_protocol_v3__tau_1__smd__SMD_machine-2-4__seed1104,tau_1,smd,SMD_machine-2-4,1104,pending,,
grasp_protocol_v3__tau_1__smd__SMD_machine-2-5__seed1104,tau_1,smd,SMD_machine-2-5,1104,pending,,
grasp_protocol_v3__tau_1__smd__SMD_machine-2-7__seed1104,tau_1,smd,SMD_machine-2-7,1104,pending,,
grasp_protocol_v3__tau_1__smd__SMD_machine-2-9__seed1104,tau_1,smd,SMD_machine-2-9,1104,pending,,
grasp_protocol_v3__tau_1__smd__SMD_machine-3-10__seed1104,tau_1,smd,SMD_machine-3-10,1104,pending,,
grasp_protocol_v3__tau_1__smd__SMD_machine-3-2__seed1104,tau_1,smd,SMD_machine-3-2,1104,pending,,
grasp_protocol_v3__tau_1__smd__SMD_machine-3-3__seed1104,tau_1,smd,SMD_machine-3-3,1104,pending,,
grasp_protocol_v3__tau_1__smd__SMD_machine-3-5__seed1104,tau_1,smd,SMD_machine-3-5,1104,pending,,
grasp_protocol_v3__tau_1__smd__SMD_machine-3-6__seed1104,tau_1,smd,SMD_machine-3-6,1104,pending,,
grasp_protocol_v3__tau_4__smd__SMD_machine-1-2__seed1104,tau_4,smd,SMD_machine-1-2,1104,pending,,
grasp_protocol_v3__tau_4__smd__SMD_machine-1-3__seed1104,tau_4,smd,SMD_machine-1-3,1104,pending,,
grasp_protocol_v3__tau_4__smd__SMD_machine-1-4__seed1104,tau_4,smd,SMD_machine-1-4,1104,pending,,
grasp_protocol_v3__tau_4__smd__SMD_machine-1-6__seed1104,tau_4,smd,SMD_machine-1-6,1104,pending,,
grasp_protocol_v3__tau_4__smd__SMD_machine-1-7__seed1104,tau_4,smd,SMD_machine-1-7,1104,pending,,
grasp_protocol_v3__tau_4__smd__SMD_machine-1-8__seed1104,tau_4,smd,SMD_machine-1-8,1104,pending,,
grasp_protocol_v3__tau_4__smd__SMD_machine-2-1__seed1104,tau_4,smd,SMD_machine-2-1,1104,pending,,
grasp_protocol_v3__tau_4__smd__SMD_machine-2-2__seed1104,tau_4,smd,SMD_machine-2-2,1104,pending,,
grasp_protocol_v3__tau_4__smd__SMD_machine-2-3__seed1104,tau_4,smd,SMD_machine-2-3,1104,pending,,
grasp_protocol_v3__tau_4__smd__SMD_machine-2-4__seed1104,tau_4,smd,SMD_machine-2-4,1104,pending,,
grasp_protocol_v3__tau_4__smd__SMD_machine-2-5__seed1104,tau_4,smd,SMD_machine-2-5,1104,pending,,
grasp_protocol_v3__tau_4__smd__SMD_machine-2-7__seed1104,tau_4,smd,SMD_machine-2-7,1104,pending,,
grasp_protocol_v3__tau_4__smd__SMD_machine-2-9__seed1104,tau_4,smd,SMD_machine-2-9,1104,pending,,
grasp_protocol_v3__tau_4__smd__SMD_machine-3-10__seed1104,tau_4,smd,SMD_machine-3-10,1104,pending,,
grasp_protocol_v3__tau_4__smd__SMD_machine-3-2__seed1104,tau_4,smd,SMD_machine-3-2,1104,pending,,
grasp_protocol_v3__tau_4__smd__SMD_machine-3-3__seed1104,tau_4,smd,SMD_machine-3-3,1104,pending,,
grasp_protocol_v3__tau_4__smd__SMD_machine-3-5__seed1104,tau_4,smd,SMD_machine-3-5,1104,pending,,
grasp_protocol_v3__tau_4__smd__SMD_machine-3-6__seed1104,tau_4,smd,SMD_machine-3-6,1104,pending,,
grasp_protocol_v3__tau_8__smd__SMD_machine-1-2__seed1104,tau_8,smd,SMD_machine-1-2,1104,pending,,
grasp_protocol_v3__tau_8__smd__SMD_machine-1-3__seed1104,tau_8,smd,SMD_machine-1-3,1104,pending,,
grasp_protocol_v3__tau_8__smd__SMD_machine-1-4__seed1104,tau_8,smd,SMD_machine-1-4,1104,pending,,
grasp_protocol_v3__tau_8__smd__SMD_machine-1-6__seed1104,tau_8,smd,SMD_machine-1-6,1104,pending,,
grasp_protocol_v3__tau_8__smd__SMD_machine-1-7__seed1104,tau_8,smd,SMD_machine-1-7,1104,pending,,
grasp_protocol_v3__tau_8__smd__SMD_machine-1-8__seed1104,tau_8,smd,SMD_machine-1-8,1104,pending,,
grasp_protocol_v3__tau_8__smd__SMD_machine-2-1__seed1104,tau_8,smd,SMD_machine-2-1,1104,pending,,
grasp_protocol_v3__tau_8__smd__SMD_machine-2-2__seed1104,tau_8,smd,SMD_machine-2-2,1104,pending,,
grasp_protocol_v3__tau_8__smd__SMD_machine-2-3__seed1104,tau_8,smd,SMD_machine-2-3,1104,pending,,
grasp_protocol_v3__tau_8__smd__SMD_machine-2-4__seed1104,tau_8,smd,SMD_machine-2-4,1104,pending,,
grasp_protocol_v3__tau_8__smd__SMD_machine-2-5__seed1104,tau_8,smd,SMD_machine-2-5,1104,pending,,
grasp_protocol_v3__tau_8__smd__SMD_machine-2-7__seed1104,tau_8,smd,SMD_machine-2-7,1104,pending,,
grasp_protocol_v3__tau_8__smd__SMD_machine-2-9__seed1104,tau_8,smd,SMD_machine-2-9,1104,pending,,
grasp_protocol_v3__tau_8__smd__SMD_machine-3-10__seed1104,tau_8,smd,SMD_machine-3-10,1104,pending,,
grasp_protocol_v3__tau_8__smd__SMD_machine-3-2__seed1104,tau_8,smd,SMD_machine-3-2,1104,pending,,
grasp_protocol_v3__tau_8__smd__SMD_machine-3-3__seed1104,tau_8,smd,SMD_machine-3-3,1104,pending,,
grasp_protocol_v3__tau_8__smd__SMD_machine-3-5__seed1104,tau_8,smd,SMD_machine-3-5,1104,pending,,
grasp_protocol_v3__tau_8__smd__SMD_machine-3-6__seed1104,tau_8,smd,SMD_machine-3-6,1104,pending,,
grasp_protocol_v3__gnn__smd__SMD_machine-1-2__seed1105,gnn,smd,SMD_machine-1-2,1105,pending,,
grasp_protocol_v3__gnn__smd__SMD_machine-1-3__seed1105,gnn,smd,SMD_machine-1-3,1105,pending,,
grasp_protocol_v3__gnn__smd__SMD_machine-1-4__seed1105,gnn,smd,SMD_machine-1-4,1105,pending,,
grasp_protocol_v3__gnn__smd__SMD_machine-1-6__seed1105,gnn,smd,SMD_machine-1-6,1105,pending,,
grasp_protocol_v3__gnn__smd__SMD_machine-1-7__seed1105,gnn,smd,SMD_machine-1-7,1105,pending,,
grasp_protocol_v3__gnn__smd__SMD_machine-1-8__seed1105,gnn,smd,SMD_machine-1-8,1105,pending,,
grasp_protocol_v3__gnn__smd__SMD_machine-2-1__seed1105,gnn,smd,SMD_machine-2-1,1105,pending,,
grasp_protocol_v3__gnn__smd__SMD_machine-2-2__seed1105,gnn,smd,SMD_machine-2-2,1105,pending,,
grasp_protocol_v3__gnn__smd__SMD_machine-2-3__seed1105,gnn,smd,SMD_machine-2-3,1105,pending,,
grasp_protocol_v3__gnn__smd__SMD_machine-2-4__seed1105,gnn,smd,SMD_machine-2-4,1105,pending,,
grasp_protocol_v3__gnn__smd__SMD_machine-2-5__seed1105,gnn,smd,SMD_machine-2-5,1105,pending,,
grasp_protocol_v3__gnn__smd__SMD_machine-2-7__seed1105,gnn,smd,SMD_machine-2-7,1105,pending,,
grasp_protocol_v3__gnn__smd__SMD_machine-2-9__seed1105,gnn,smd,SMD_machine-2-9,1105,pending,,
grasp_protocol_v3__gnn__smd__SMD_machine-3-10__seed1105,gnn,smd,SMD_machine-3-10,1105,pending,,
grasp_protocol_v3__gnn__smd__SMD_machine-3-2__seed1105,gnn,smd,SMD_machine-3-2,1105,pending,,
grasp_protocol_v3__gnn__smd__SMD_machine-3-3__seed1105,gnn,smd,SMD_machine-3-3,1105,pending,,
grasp_protocol_v3__gnn__smd__SMD_machine-3-5__seed1105,gnn,smd,SMD_machine-3-5,1105,pending,,
grasp_protocol_v3__gnn__smd__SMD_machine-3-6__seed1105,gnn,smd,SMD_machine-3-6,1105,pending,,
grasp_protocol_v3__main__smd__SMD_machine-1-2__seed1105,main,smd,SMD_machine-1-2,1105,pending,,
grasp_protocol_v3__main__smd__SMD_machine-1-3__seed1105,main,smd,SMD_machine-1-3,1105,pending,,
grasp_protocol_v3__main__smd__SMD_machine-1-4__seed1105,main,smd,SMD_machine-1-4,1105,pending,,
grasp_protocol_v3__main__smd__SMD_machine-1-6__seed1105,main,smd,SMD_machine-1-6,1105,pending,,
grasp_protocol_v3__main__smd__SMD_machine-1-7__seed1105,main,smd,SMD_machine-1-7,1105,pending,,
grasp_protocol_v3__main__smd__SMD_machine-1-8__seed1105,main,smd,SMD_machine-1-8,1105,pending,,
grasp_protocol_v3__main__smd__SMD_machine-2-1__seed1105,main,smd,SMD_machine-2-1,1105,pending,,
grasp_protocol_v3__main__smd__SMD_machine-2-2__seed1105,main,smd,SMD_machine-2-2,1105,pending,,
grasp_protocol_v3__main__smd__SMD_machine-2-3__seed1105,main,smd,SMD_machine-2-3,1105,pending,,
grasp_protocol_v3__main__smd__SMD_machine-2-4__seed1105,main,smd,SMD_machine-2-4,1105,pending,,
grasp_protocol_v3__main__smd__SMD_machine-2-5__seed1105,main,smd,SMD_machine-2-5,1105,pending,,
grasp_protocol_v3__main__smd__SMD_machine-2-7__seed1105,main,smd,SMD_machine-2-7,1105,pending,,
grasp_protocol_v3__main__smd__SMD_machine-2-9__seed1105,main,smd,SMD_machine-2-9,1105,pending,,
grasp_protocol_v3__main__smd__SMD_machine-3-10__seed1105,main,smd,SMD_machine-3-10,1105,pending,,
grasp_protocol_v3__main__smd__SMD_machine-3-2__seed1105,main,smd,SMD_machine-3-2,1105,pending,,
grasp_protocol_v3__main__smd__SMD_machine-3-3__seed1105,main,smd,SMD_machine-3-3,1105,pending,,
grasp_protocol_v3__main__smd__SMD_machine-3-5__seed1105,main,smd,SMD_machine-3-5,1105,pending,,
grasp_protocol_v3__main__smd__SMD_machine-3-6__seed1105,main,smd,SMD_machine-3-6,1105,pending,,
grasp_protocol_v3__transformer__smd__SMD_machine-1-2__seed1105,transformer,smd,SMD_machine-1-2,1105,pending,,
grasp_protocol_v3__transformer__smd__SMD_machine-1-3__seed1105,transformer,smd,SMD_machine-1-3,1105,pending,,
grasp_protocol_v3__transformer__smd__SMD_machine-1-4__seed1105,transformer,smd,SMD_machine-1-4,1105,pending,,
grasp_protocol_v3__transformer__smd__SMD_machine-1-6__seed1105,transformer,smd,SMD_machine-1-6,1105,pending,,
grasp_protocol_v3__transformer__smd__SMD_machine-1-7__seed1105,transformer,smd,SMD_machine-1-7,1105,pending,,
grasp_protocol_v3__transformer__smd__SMD_machine-1-8__seed1105,transformer,smd,SMD_machine-1-8,1105,pending,,
grasp_protocol_v3__transformer__smd__SMD_machine-2-1__seed1105,transformer,smd,SMD_machine-2-1,1105,pending,,
grasp_protocol_v3__transformer__smd__SMD_machine-2-2__seed1105,transformer,smd,SMD_machine-2-2,1105,pending,,
grasp_protocol_v3__transformer__smd__SMD_machine-2-3__seed1105,transformer,smd,SMD_machine-2-3,1105,pending,,
grasp_protocol_v3__transformer__smd__SMD_machine-2-4__seed1105,transformer,smd,SMD_machine-2-4,1105,pending,,
grasp_protocol_v3__transformer__smd__SMD_machine-2-5__seed1105,transformer,smd,SMD_machine-2-5,1105,pending,,
grasp_protocol_v3__transformer__smd__SMD_machine-2-7__seed1105,transformer,smd,SMD_machine-2-7,1105,pending,,
grasp_protocol_v3__transformer__smd__SMD_machine-2-9__seed1105,transformer,smd,SMD_machine-2-9,1105,pending,,
grasp_protocol_v3__transformer__smd__SMD_machine-3-10__seed1105,transformer,smd,SMD_machine-3-10,1105,pending,,
grasp_protocol_v3__transformer__smd__SMD_machine-3-2__seed1105,transformer,smd,SMD_machine-3-2,1105,pending,,
grasp_protocol_v3__transformer__smd__SMD_machine-3-3__seed1105,transformer,smd,SMD_machine-3-3,1105,pending,,
grasp_protocol_v3__transformer__smd__SMD_machine-3-5__seed1105,transformer,smd,SMD_machine-3-5,1105,pending,,
grasp_protocol_v3__transformer__smd__SMD_machine-3-6__seed1105,transformer,smd,SMD_machine-3-6,1105,pending,,
grasp_protocol_v3__mean__smd__SMD_machine-1-2__seed1105,mean,smd,SMD_machine-1-2,1105,pending,,
grasp_protocol_v3__mean__smd__SMD_machine-1-3__seed1105,mean,smd,SMD_machine-1-3,1105,pending,,
grasp_protocol_v3__mean__smd__SMD_machine-1-4__seed1105,mean,smd,SMD_machine-1-4,1105,pending,,
grasp_protocol_v3__mean__smd__SMD_machine-1-6__seed1105,mean,smd,SMD_machine-1-6,1105,pending,,
grasp_protocol_v3__mean__smd__SMD_machine-1-7__seed1105,mean,smd,SMD_machine-1-7,1105,pending,,
grasp_protocol_v3__mean__smd__SMD_machine-1-8__seed1105,mean,smd,SMD_machine-1-8,1105,pending,,
grasp_protocol_v3__mean__smd__SMD_machine-2-1__seed1105,mean,smd,SMD_machine-2-1,1105,pending,,
grasp_protocol_v3__mean__smd__SMD_machine-2-2__seed1105,mean,smd,SMD_machine-2-2,1105,pending,,
grasp_protocol_v3__mean__smd__SMD_machine-2-3__seed1105,mean,smd,SMD_machine-2-3,1105,pending,,
grasp_protocol_v3__mean__smd__SMD_machine-2-4__seed1105,mean,smd,SMD_machine-2-4,1105,pending,,
grasp_protocol_v3__mean__smd__SMD_machine-2-5__seed1105,mean,smd,SMD_machine-2-5,1105,pending,,
grasp_protocol_v3__mean__smd__SMD_machine-2-7__seed1105,mean,smd,SMD_machine-2-7,1105,pending,,
grasp_protocol_v3__mean__smd__SMD_machine-2-9__seed1105,mean,smd,SMD_machine-2-9,1105,pending,,
grasp_protocol_v3__mean__smd__SMD_machine-3-10__seed1105,mean,smd,SMD_machine-3-10,1105,pending,,
grasp_protocol_v3__mean__smd__SMD_machine-3-2__seed1105,mean,smd,SMD_machine-3-2,1105,pending,,
grasp_protocol_v3__mean__smd__SMD_machine-3-3__seed1105,mean,smd,SMD_machine-3-3,1105,pending,,
grasp_protocol_v3__mean__smd__SMD_machine-3-5__seed1105,mean,smd,SMD_machine-3-5,1105,pending,,
grasp_protocol_v3__mean__smd__SMD_machine-3-6__seed1105,mean,smd,SMD_machine-3-6,1105,pending,,
grasp_protocol_v3__er__smd__SMD_machine-1-2__seed1105,er,smd,SMD_machine-1-2,1105,pending,,
grasp_protocol_v3__er__smd__SMD_machine-1-3__seed1105,er,smd,SMD_machine-1-3,1105,pending,,
grasp_protocol_v3__er__smd__SMD_machine-1-4__seed1105,er,smd,SMD_machine-1-4,1105,pending,,
grasp_protocol_v3__er__smd__SMD_machine-1-6__seed1105,er,smd,SMD_machine-1-6,1105,pending,,
grasp_protocol_v3__er__smd__SMD_machine-1-7__seed1105,er,smd,SMD_machine-1-7,1105,pending,,
grasp_protocol_v3__er__smd__SMD_machine-1-8__seed1105,er,smd,SMD_machine-1-8,1105,pending,,
grasp_protocol_v3__er__smd__SMD_machine-2-1__seed1105,er,smd,SMD_machine-2-1,1105,pending,,
grasp_protocol_v3__er__smd__SMD_machine-2-2__seed1105,er,smd,SMD_machine-2-2,1105,pending,,
grasp_protocol_v3__er__smd__SMD_machine-2-3__seed1105,er,smd,SMD_machine-2-3,1105,pending,,
grasp_protocol_v3__er__smd__SMD_machine-2-4__seed1105,er,smd,SMD_machine-2-4,1105,pending,,
grasp_protocol_v3__er__smd__SMD_machine-2-5__seed1105,er,smd,SMD_machine-2-5,1105,pending,,
grasp_protocol_v3__er__smd__SMD_machine-2-7__seed1105,er,smd,SMD_machine-2-7,1105,pending,,
grasp_protocol_v3__er__smd__SMD_machine-2-9__seed1105,er,smd,SMD_machine-2-9,1105,pending,,
grasp_protocol_v3__er__smd__SMD_machine-3-10__seed1105,er,smd,SMD_machine-3-10,1105,pending,,
grasp_protocol_v3__er__smd__SMD_machine-3-2__seed1105,er,smd,SMD_machine-3-2,1105,pending,,
grasp_protocol_v3__er__smd__SMD_machine-3-3__seed1105,er,smd,SMD_machine-3-3,1105,pending,,
grasp_protocol_v3__er__smd__SMD_machine-3-5__seed1105,er,smd,SMD_machine-3-5,1105,pending,,
grasp_protocol_v3__er__smd__SMD_machine-3-6__seed1105,er,smd,SMD_machine-3-6,1105,pending,,
grasp_protocol_v3__lin__smd__SMD_machine-1-2__seed1105,lin,smd,SMD_machine-1-2,1105,pending,,
grasp_protocol_v3__lin__smd__SMD_machine-1-3__seed1105,lin,smd,SMD_machine-1-3,1105,pending,,
grasp_protocol_v3__lin__smd__SMD_machine-1-4__seed1105,lin,smd,SMD_machine-1-4,1105,pending,,
grasp_protocol_v3__lin__smd__SMD_machine-1-6__seed1105,lin,smd,SMD_machine-1-6,1105,pending,,
grasp_protocol_v3__lin__smd__SMD_machine-1-7__seed1105,lin,smd,SMD_machine-1-7,1105,pending,,
grasp_protocol_v3__lin__smd__SMD_machine-1-8__seed1105,lin,smd,SMD_machine-1-8,1105,pending,,
grasp_protocol_v3__lin__smd__SMD_machine-2-1__seed1105,lin,smd,SMD_machine-2-1,1105,pending,,
grasp_protocol_v3__lin__smd__SMD_machine-2-2__seed1105,lin,smd,SMD_machine-2-2,1105,pending,,
grasp_protocol_v3__lin__smd__SMD_machine-2-3__seed1105,lin,smd,SMD_machine-2-3,1105,pending,,
grasp_protocol_v3__lin__smd__SMD_machine-2-4__seed1105,lin,smd,SMD_machine-2-4,1105,pending,,
grasp_protocol_v3__lin__smd__SMD_machine-2-5__seed1105,lin,smd,SMD_machine-2-5,1105,pending,,
grasp_protocol_v3__lin__smd__SMD_machine-2-7__seed1105,lin,smd,SMD_machine-2-7,1105,pending,,
grasp_protocol_v3__lin__smd__SMD_machine-2-9__seed1105,lin,smd,SMD_machine-2-9,1105,pending,,
grasp_protocol_v3__lin__smd__SMD_machine-3-10__seed1105,lin,smd,SMD_machine-3-10,1105,pending,,
grasp_protocol_v3__lin__smd__SMD_machine-3-2__seed1105,lin,smd,SMD_machine-3-2,1105,pending,,
grasp_protocol_v3__lin__smd__SMD_machine-3-3__seed1105,lin,smd,SMD_machine-3-3,1105,pending,,
grasp_protocol_v3__lin__smd__SMD_machine-3-5__seed1105,lin,smd,SMD_machine-3-5,1105,pending,,
grasp_protocol_v3__lin__smd__SMD_machine-3-6__seed1105,lin,smd,SMD_machine-3-6,1105,pending,,
grasp_protocol_v3__tau_0__smd__SMD_machine-1-2__seed1105,tau_0,smd,SMD_machine-1-2,1105,pending,,
grasp_protocol_v3__tau_0__smd__SMD_machine-1-3__seed1105,tau_0,smd,SMD_machine-1-3,1105,pending,,
grasp_protocol_v3__tau_0__smd__SMD_machine-1-4__seed1105,tau_0,smd,SMD_machine-1-4,1105,pending,,
grasp_protocol_v3__tau_0__smd__SMD_machine-1-6__seed1105,tau_0,smd,SMD_machine-1-6,1105,pending,,
grasp_protocol_v3__tau_0__smd__SMD_machine-1-7__seed1105,tau_0,smd,SMD_machine-1-7,1105,pending,,
grasp_protocol_v3__tau_0__smd__SMD_machine-1-8__seed1105,tau_0,smd,SMD_machine-1-8,1105,pending,,
grasp_protocol_v3__tau_0__smd__SMD_machine-2-1__seed1105,tau_0,smd,SMD_machine-2-1,1105,pending,,
grasp_protocol_v3__tau_0__smd__SMD_machine-2-2__seed1105,tau_0,smd,SMD_machine-2-2,1105,pending,,
grasp_protocol_v3__tau_0__smd__SMD_machine-2-3__seed1105,tau_0,smd,SMD_machine-2-3,1105,pending,,
grasp_protocol_v3__tau_0__smd__SMD_machine-2-4__seed1105,tau_0,smd,SMD_machine-2-4,1105,pending,,
grasp_protocol_v3__tau_0__smd__SMD_machine-2-5__seed1105,tau_0,smd,SMD_machine-2-5,1105,pending,,
grasp_protocol_v3__tau_0__smd__SMD_machine-2-7__seed1105,tau_0,smd,SMD_machine-2-7,1105,pending,,
grasp_protocol_v3__tau_0__smd__SMD_machine-2-9__seed1105,tau_0,smd,SMD_machine-2-9,1105,pending,,
grasp_protocol_v3__tau_0__smd__SMD_machine-3-10__seed1105,tau_0,smd,SMD_machine-3-10,1105,pending,,
grasp_protocol_v3__tau_0__smd__SMD_machine-3-2__seed1105,tau_0,smd,SMD_machine-3-2,1105,pending,,
grasp_protocol_v3__tau_0__smd__SMD_machine-3-3__seed1105,tau_0,smd,SMD_machine-3-3,1105,pending,,
grasp_protocol_v3__tau_0__smd__SMD_machine-3-5__seed1105,tau_0,smd,SMD_machine-3-5,1105,pending,,
grasp_protocol_v3__tau_0__smd__SMD_machine-3-6__seed1105,tau_0,smd,SMD_machine-3-6,1105,pending,,
grasp_protocol_v3__tau_0p25__smd__SMD_machine-1-2__seed1105,tau_0p25,smd,SMD_machine-1-2,1105,pending,,
grasp_protocol_v3__tau_0p25__smd__SMD_machine-1-3__seed1105,tau_0p25,smd,SMD_machine-1-3,1105,pending,,
grasp_protocol_v3__tau_0p25__smd__SMD_machine-1-4__seed1105,tau_0p25,smd,SMD_machine-1-4,1105,pending,,
grasp_protocol_v3__tau_0p25__smd__SMD_machine-1-6__seed1105,tau_0p25,smd,SMD_machine-1-6,1105,pending,,
grasp_protocol_v3__tau_0p25__smd__SMD_machine-1-7__seed1105,tau_0p25,smd,SMD_machine-1-7,1105,pending,,
grasp_protocol_v3__tau_0p25__smd__SMD_machine-1-8__seed1105,tau_0p25,smd,SMD_machine-1-8,1105,pending,,
grasp_protocol_v3__tau_0p25__smd__SMD_machine-2-1__seed1105,tau_0p25,smd,SMD_machine-2-1,1105,pending,,
grasp_protocol_v3__tau_0p25__smd__SMD_machine-2-2__seed1105,tau_0p25,smd,SMD_machine-2-2,1105,pending,,
grasp_protocol_v3__tau_0p25__smd__SMD_machine-2-3__seed1105,tau_0p25,smd,SMD_machine-2-3,1105,pending,,
grasp_protocol_v3__tau_0p25__smd__SMD_machine-2-4__seed1105,tau_0p25,smd,SMD_machine-2-4,1105,pending,,
grasp_protocol_v3__tau_0p25__smd__SMD_machine-2-5__seed1105,tau_0p25,smd,SMD_machine-2-5,1105,pending,,
grasp_protocol_v3__tau_0p25__smd__SMD_machine-2-7__seed1105,tau_0p25,smd,SMD_machine-2-7,1105,pending,,
grasp_protocol_v3__tau_0p25__smd__SMD_machine-2-9__seed1105,tau_0p25,smd,SMD_machine-2-9,1105,pending,,
grasp_protocol_v3__tau_0p25__smd__SMD_machine-3-10__seed1105,tau_0p25,smd,SMD_machine-3-10,1105,pending,,
grasp_protocol_v3__tau_0p25__smd__SMD_machine-3-2__seed1105,tau_0p25,smd,SMD_machine-3-2,1105,pending,,
grasp_protocol_v3__tau_0p25__smd__SMD_machine-3-3__seed1105,tau_0p25,smd,SMD_machine-3-3,1105,pending,,
grasp_protocol_v3__tau_0p25__smd__SMD_machine-3-5__seed1105,tau_0p25,smd,SMD_machine-3-5,1105,pending,,
grasp_protocol_v3__tau_0p25__smd__SMD_machine-3-6__seed1105,tau_0p25,smd,SMD_machine-3-6,1105,pending,,
grasp_protocol_v3__tau_0p5__smd__SMD_machine-1-2__seed1105,tau_0p5,smd,SMD_machine-1-2,1105,pending,,
grasp_protocol_v3__tau_0p5__smd__SMD_machine-1-3__seed1105,tau_0p5,smd,SMD_machine-1-3,1105,pending,,
grasp_protocol_v3__tau_0p5__smd__SMD_machine-1-4__seed1105,tau_0p5,smd,SMD_machine-1-4,1105,pending,,
grasp_protocol_v3__tau_0p5__smd__SMD_machine-1-6__seed1105,tau_0p5,smd,SMD_machine-1-6,1105,pending,,
grasp_protocol_v3__tau_0p5__smd__SMD_machine-1-7__seed1105,tau_0p5,smd,SMD_machine-1-7,1105,pending,,
grasp_protocol_v3__tau_0p5__smd__SMD_machine-1-8__seed1105,tau_0p5,smd,SMD_machine-1-8,1105,pending,,
grasp_protocol_v3__tau_0p5__smd__SMD_machine-2-1__seed1105,tau_0p5,smd,SMD_machine-2-1,1105,pending,,
grasp_protocol_v3__tau_0p5__smd__SMD_machine-2-2__seed1105,tau_0p5,smd,SMD_machine-2-2,1105,pending,,
grasp_protocol_v3__tau_0p5__smd__SMD_machine-2-3__seed1105,tau_0p5,smd,SMD_machine-2-3,1105,pending,,
grasp_protocol_v3__tau_0p5__smd__SMD_machine-2-4__seed1105,tau_0p5,smd,SMD_machine-2-4,1105,pending,,
grasp_protocol_v3__tau_0p5__smd__SMD_machine-2-5__seed1105,tau_0p5,smd,SMD_machine-2-5,1105,pending,,
grasp_protocol_v3__tau_0p5__smd__SMD_machine-2-7__seed1105,tau_0p5,smd,SMD_machine-2-7,1105,pending,,
grasp_protocol_v3__tau_0p5__smd__SMD_machine-2-9__seed1105,tau_0p5,smd,SMD_machine-2-9,1105,pending,,
grasp_protocol_v3__tau_0p5__smd__SMD_machine-3-10__seed1105,tau_0p5,smd,SMD_machine-3-10,1105,pending,,
grasp_protocol_v3__tau_0p5__smd__SMD_machine-3-2__seed1105,tau_0p5,smd,SMD_machine-3-2,1105,pending,,
grasp_protocol_v3__tau_0p5__smd__SMD_machine-3-3__seed1105,tau_0p5,smd,SMD_machine-3-3,1105,pending,,
grasp_protocol_v3__tau_0p5__smd__SMD_machine-3-5__seed1105,tau_0p5,smd,SMD_machine-3-5,1105,pending,,
grasp_protocol_v3__tau_0p5__smd__SMD_machine-3-6__seed1105,tau_0p5,smd,SMD_machine-3-6,1105,pending,,
grasp_protocol_v3__tau_1__smd__SMD_machine-1-2__seed1105,tau_1,smd,SMD_machine-1-2,1105,pending,,
grasp_protocol_v3__tau_1__smd__SMD_machine-1-3__seed1105,tau_1,smd,SMD_machine-1-3,1105,pending,,
grasp_protocol_v3__tau_1__smd__SMD_machine-1-4__seed1105,tau_1,smd,SMD_machine-1-4,1105,pending,,
grasp_protocol_v3__tau_1__smd__SMD_machine-1-6__seed1105,tau_1,smd,SMD_machine-1-6,1105,pending,,
grasp_protocol_v3__tau_1__smd__SMD_machine-1-7__seed1105,tau_1,smd,SMD_machine-1-7,1105,pending,,
grasp_protocol_v3__tau_1__smd__SMD_machine-1-8__seed1105,tau_1,smd,SMD_machine-1-8,1105,pending,,
grasp_protocol_v3__tau_1__smd__SMD_machine-2-1__seed1105,tau_1,smd,SMD_machine-2-1,1105,pending,,
grasp_protocol_v3__tau_1__smd__SMD_machine-2-2__seed1105,tau_1,smd,SMD_machine-2-2,1105,pending,,
grasp_protocol_v3__tau_1__smd__SMD_machine-2-3__seed1105,tau_1,smd,SMD_machine-2-3,1105,pending,,
grasp_protocol_v3__tau_1__smd__SMD_machine-2-4__seed1105,tau_1,smd,SMD_machine-2-4,1105,pending,,
grasp_protocol_v3__tau_1__smd__SMD_machine-2-5__seed1105,tau_1,smd,SMD_machine-2-5,1105,pending,,
grasp_protocol_v3__tau_1__smd__SMD_machine-2-7__seed1105,tau_1,smd,SMD_machine-2-7,1105,pending,,
grasp_protocol_v3__tau_1__smd__SMD_machine-2-9__seed1105,tau_1,smd,SMD_machine-2-9,1105,pending,,
grasp_protocol_v3__tau_1__smd__SMD_machine-3-10__seed1105,tau_1,smd,SMD_machine-3-10,1105,pending,,
grasp_protocol_v3__tau_1__smd__SMD_machine-3-2__seed1105,tau_1,smd,SMD_machine-3-2,1105,pending,,
grasp_protocol_v3__tau_1__smd__SMD_machine-3-3__seed1105,tau_1,smd,SMD_machine-3-3,1105,pending,,
grasp_protocol_v3__tau_1__smd__SMD_machine-3-5__seed1105,tau_1,smd,SMD_machine-3-5,1105,pending,,
grasp_protocol_v3__tau_1__smd__SMD_machine-3-6__seed1105,tau_1,smd,SMD_machine-3-6,1105,pending,,
grasp_protocol_v3__tau_4__smd__SMD_machine-1-2__seed1105,tau_4,smd,SMD_machine-1-2,1105,pending,,
grasp_protocol_v3__tau_4__smd__SMD_machine-1-3__seed1105,tau_4,smd,SMD_machine-1-3,1105,pending,,
grasp_protocol_v3__tau_4__smd__SMD_machine-1-4__seed1105,tau_4,smd,SMD_machine-1-4,1105,pending,,
grasp_protocol_v3__tau_4__smd__SMD_machine-1-6__seed1105,tau_4,smd,SMD_machine-1-6,1105,pending,,
grasp_protocol_v3__tau_4__smd__SMD_machine-1-7__seed1105,tau_4,smd,SMD_machine-1-7,1105,pending,,
grasp_protocol_v3__tau_4__smd__SMD_machine-1-8__seed1105,tau_4,smd,SMD_machine-1-8,1105,pending,,
grasp_protocol_v3__tau_4__smd__SMD_machine-2-1__seed1105,tau_4,smd,SMD_machine-2-1,1105,pending,,
grasp_protocol_v3__tau_4__smd__SMD_machine-2-2__seed1105,tau_4,smd,SMD_machine-2-2,1105,pending,,
grasp_protocol_v3__tau_4__smd__SMD_machine-2-3__seed1105,tau_4,smd,SMD_machine-2-3,1105,pending,,
grasp_protocol_v3__tau_4__smd__SMD_machine-2-4__seed1105,tau_4,smd,SMD_machine-2-4,1105,pending,,
grasp_protocol_v3__tau_4__smd__SMD_machine-2-5__seed1105,tau_4,smd,SMD_machine-2-5,1105,pending,,
grasp_protocol_v3__tau_4__smd__SMD_machine-2-7__seed1105,tau_4,smd,SMD_machine-2-7,1105,pending,,
grasp_protocol_v3__tau_4__smd__SMD_machine-2-9__seed1105,tau_4,smd,SMD_machine-2-9,1105,pending,,
grasp_protocol_v3__tau_4__smd__SMD_machine-3-10__seed1105,tau_4,smd,SMD_machine-3-10,1105,pending,,
grasp_protocol_v3__tau_4__smd__SMD_machine-3-2__seed1105,tau_4,smd,SMD_machine-3-2,1105,pending,,
grasp_protocol_v3__tau_4__smd__SMD_machine-3-3__seed1105,tau_4,smd,SMD_machine-3-3,1105,pending,,
grasp_protocol_v3__tau_4__smd__SMD_machine-3-5__seed1105,tau_4,smd,SMD_machine-3-5,1105,pending,,
grasp_protocol_v3__tau_4__smd__SMD_machine-3-6__seed1105,tau_4,smd,SMD_machine-3-6,1105,pending,,
grasp_protocol_v3__tau_8__smd__SMD_machine-1-2__seed1105,tau_8,smd,SMD_machine-1-2,1105,pending,,
grasp_protocol_v3__tau_8__smd__SMD_machine-1-3__seed1105,tau_8,smd,SMD_machine-1-3,1105,pending,,
grasp_protocol_v3__tau_8__smd__SMD_machine-1-4__seed1105,tau_8,smd,SMD_machine-1-4,1105,pending,,
grasp_protocol_v3__tau_8__smd__SMD_machine-1-6__seed1105,tau_8,smd,SMD_machine-1-6,1105,pending,,
grasp_protocol_v3__tau_8__smd__SMD_machine-1-7__seed1105,tau_8,smd,SMD_machine-1-7,1105,pending,,
grasp_protocol_v3__tau_8__smd__SMD_machine-1-8__seed1105,tau_8,smd,SMD_machine-1-8,1105,pending,,
grasp_protocol_v3__tau_8__smd__SMD_machine-2-1__seed1105,tau_8,smd,SMD_machine-2-1,1105,pending,,
grasp_protocol_v3__tau_8__smd__SMD_machine-2-2__seed1105,tau_8,smd,SMD_machine-2-2,1105,pending,,
grasp_protocol_v3__tau_8__smd__SMD_machine-2-3__seed1105,tau_8,smd,SMD_machine-2-3,1105,pending,,
grasp_protocol_v3__tau_8__smd__SMD_machine-2-4__seed1105,tau_8,smd,SMD_machine-2-4,1105,pending,,
grasp_protocol_v3__tau_8__smd__SMD_machine-2-5__seed1105,tau_8,smd,SMD_machine-2-5,1105,pending,,
grasp_protocol_v3__tau_8__smd__SMD_machine-2-7__seed1105,tau_8,smd,SMD_machine-2-7,1105,pending,,
grasp_protocol_v3__tau_8__smd__SMD_machine-2-9__seed1105,tau_8,smd,SMD_machine-2-9,1105,pending,,
grasp_protocol_v3__tau_8__smd__SMD_machine-3-10__seed1105,tau_8,smd,SMD_machine-3-10,1105,pending,,
grasp_protocol_v3__tau_8__smd__SMD_machine-3-2__seed1105,tau_8,smd,SMD_machine-3-2,1105,pending,,
grasp_protocol_v3__tau_8__smd__SMD_machine-3-3__seed1105,tau_8,smd,SMD_machine-3-3,1105,pending,,
grasp_protocol_v3__tau_8__smd__SMD_machine-3-5__seed1105,tau_8,smd,SMD_machine-3-5,1105,pending,,
grasp_protocol_v3__tau_8__smd__SMD_machine-3-6__seed1105,tau_8,smd,SMD_machine-3-6,1105,pending,,
grasp_protocol_v3__gnn__smd__SMD_machine-1-2__seed1106,gnn,smd,SMD_machine-1-2,1106,pending,,
grasp_protocol_v3__gnn__smd__SMD_machine-1-3__seed1106,gnn,smd,SMD_machine-1-3,1106,pending,,
grasp_protocol_v3__gnn__smd__SMD_machine-1-4__seed1106,gnn,smd,SMD_machine-1-4,1106,pending,,
grasp_protocol_v3__gnn__smd__SMD_machine-1-6__seed1106,gnn,smd,SMD_machine-1-6,1106,pending,,
grasp_protocol_v3__gnn__smd__SMD_machine-1-7__seed1106,gnn,smd,SMD_machine-1-7,1106,pending,,
grasp_protocol_v3__gnn__smd__SMD_machine-1-8__seed1106,gnn,smd,SMD_machine-1-8,1106,pending,,
grasp_protocol_v3__gnn__smd__SMD_machine-2-1__seed1106,gnn,smd,SMD_machine-2-1,1106,pending,,
grasp_protocol_v3__gnn__smd__SMD_machine-2-2__seed1106,gnn,smd,SMD_machine-2-2,1106,pending,,
grasp_protocol_v3__gnn__smd__SMD_machine-2-3__seed1106,gnn,smd,SMD_machine-2-3,1106,pending,,
grasp_protocol_v3__gnn__smd__SMD_machine-2-4__seed1106,gnn,smd,SMD_machine-2-4,1106,pending,,
grasp_protocol_v3__gnn__smd__SMD_machine-2-5__seed1106,gnn,smd,SMD_machine-2-5,1106,pending,,
grasp_protocol_v3__gnn__smd__SMD_machine-2-7__seed1106,gnn,smd,SMD_machine-2-7,1106,pending,,
grasp_protocol_v3__gnn__smd__SMD_machine-2-9__seed1106,gnn,smd,SMD_machine-2-9,1106,pending,,
grasp_protocol_v3__gnn__smd__SMD_machine-3-10__seed1106,gnn,smd,SMD_machine-3-10,1106,pending,,
grasp_protocol_v3__gnn__smd__SMD_machine-3-2__seed1106,gnn,smd,SMD_machine-3-2,1106,pending,,
grasp_protocol_v3__gnn__smd__SMD_machine-3-3__seed1106,gnn,smd,SMD_machine-3-3,1106,pending,,
grasp_protocol_v3__gnn__smd__SMD_machine-3-5__seed1106,gnn,smd,SMD_machine-3-5,1106,pending,,
grasp_protocol_v3__gnn__smd__SMD_machine-3-6__seed1106,gnn,smd,SMD_machine-3-6,1106,pending,,
grasp_protocol_v3__main__smd__SMD_machine-1-2__seed1106,main,smd,SMD_machine-1-2,1106,pending,,
grasp_protocol_v3__main__smd__SMD_machine-1-3__seed1106,main,smd,SMD_machine-1-3,1106,pending,,
grasp_protocol_v3__main__smd__SMD_machine-1-4__seed1106,main,smd,SMD_machine-1-4,1106,pending,,
grasp_protocol_v3__main__smd__SMD_machine-1-6__seed1106,main,smd,SMD_machine-1-6,1106,pending,,
grasp_protocol_v3__main__smd__SMD_machine-1-7__seed1106,main,smd,SMD_machine-1-7,1106,pending,,
grasp_protocol_v3__main__smd__SMD_machine-1-8__seed1106,main,smd,SMD_machine-1-8,1106,pending,,
grasp_protocol_v3__main__smd__SMD_machine-2-1__seed1106,main,smd,SMD_machine-2-1,1106,pending,,
grasp_protocol_v3__main__smd__SMD_machine-2-2__seed1106,main,smd,SMD_machine-2-2,1106,pending,,
grasp_protocol_v3__main__smd__SMD_machine-2-3__seed1106,main,smd,SMD_machine-2-3,1106,pending,,
grasp_protocol_v3__main__smd__SMD_machine-2-4__seed1106,main,smd,SMD_machine-2-4,1106,pending,,
grasp_protocol_v3__main__smd__SMD_machine-2-5__seed1106,main,smd,SMD_machine-2-5,1106,pending,,
grasp_protocol_v3__main__smd__SMD_machine-2-7__seed1106,main,smd,SMD_machine-2-7,1106,pending,,
grasp_protocol_v3__main__smd__SMD_machine-2-9__seed1106,main,smd,SMD_machine-2-9,1106,pending,,
grasp_protocol_v3__main__smd__SMD_machine-3-10__seed1106,main,smd,SMD_machine-3-10,1106,pending,,
grasp_protocol_v3__main__smd__SMD_machine-3-2__seed1106,main,smd,SMD_machine-3-2,1106,pending,,
grasp_protocol_v3__main__smd__SMD_machine-3-3__seed1106,main,smd,SMD_machine-3-3,1106,pending,,
grasp_protocol_v3__main__smd__SMD_machine-3-5__seed1106,main,smd,SMD_machine-3-5,1106,pending,,
grasp_protocol_v3__main__smd__SMD_machine-3-6__seed1106,main,smd,SMD_machine-3-6,1106,pending,,
grasp_protocol_v3__transformer__smd__SMD_machine-1-2__seed1106,transformer,smd,SMD_machine-1-2,1106,pending,,
grasp_protocol_v3__transformer__smd__SMD_machine-1-3__seed1106,transformer,smd,SMD_machine-1-3,1106,pending,,
grasp_protocol_v3__transformer__smd__SMD_machine-1-4__seed1106,transformer,smd,SMD_machine-1-4,1106,pending,,
grasp_protocol_v3__transformer__smd__SMD_machine-1-6__seed1106,transformer,smd,SMD_machine-1-6,1106,pending,,
grasp_protocol_v3__transformer__smd__SMD_machine-1-7__seed1106,transformer,smd,SMD_machine-1-7,1106,pending,,
grasp_protocol_v3__transformer__smd__SMD_machine-1-8__seed1106,transformer,smd,SMD_machine-1-8,1106,pending,,
grasp_protocol_v3__transformer__smd__SMD_machine-2-1__seed1106,transformer,smd,SMD_machine-2-1,1106,pending,,
grasp_protocol_v3__transformer__smd__SMD_machine-2-2__seed1106,transformer,smd,SMD_machine-2-2,1106,pending,,
grasp_protocol_v3__transformer__smd__SMD_machine-2-3__seed1106,transformer,smd,SMD_machine-2-3,1106,pending,,
grasp_protocol_v3__transformer__smd__SMD_machine-2-4__seed1106,transformer,smd,SMD_machine-2-4,1106,pending,,
grasp_protocol_v3__transformer__smd__SMD_machine-2-5__seed1106,transformer,smd,SMD_machine-2-5,1106,pending,,
grasp_protocol_v3__transformer__smd__SMD_machine-2-7__seed1106,transformer,smd,SMD_machine-2-7,1106,pending,,
grasp_protocol_v3__transformer__smd__SMD_machine-2-9__seed1106,transformer,smd,SMD_machine-2-9,1106,pending,,
grasp_protocol_v3__transformer__smd__SMD_machine-3-10__seed1106,transformer,smd,SMD_machine-3-10,1106,pending,,
grasp_protocol_v3__transformer__smd__SMD_machine-3-2__seed1106,transformer,smd,SMD_machine-3-2,1106,pending,,
grasp_protocol_v3__transformer__smd__SMD_machine-3-3__seed1106,transformer,smd,SMD_machine-3-3,1106,pending,,
grasp_protocol_v3__transformer__smd__SMD_machine-3-5__seed1106,transformer,smd,SMD_machine-3-5,1106,pending,,
grasp_protocol_v3__transformer__smd__SMD_machine-3-6__seed1106,transformer,smd,SMD_machine-3-6,1106,pending,,
grasp_protocol_v3__mean__smd__SMD_machine-1-2__seed1106,mean,smd,SMD_machine-1-2,1106,pending,,
grasp_protocol_v3__mean__smd__SMD_machine-1-3__seed1106,mean,smd,SMD_machine-1-3,1106,pending,,
grasp_protocol_v3__mean__smd__SMD_machine-1-4__seed1106,mean,smd,SMD_machine-1-4,1106,pending,,
grasp_protocol_v3__mean__smd__SMD_machine-1-6__seed1106,mean,smd,SMD_machine-1-6,1106,pending,,
grasp_protocol_v3__mean__smd__SMD_machine-1-7__seed1106,mean,smd,SMD_machine-1-7,1106,pending,,
grasp_protocol_v3__mean__smd__SMD_machine-1-8__seed1106,mean,smd,SMD_machine-1-8,1106,pending,,
grasp_protocol_v3__mean__smd__SMD_machine-2-1__seed1106,mean,smd,SMD_machine-2-1,1106,pending,,
grasp_protocol_v3__mean__smd__SMD_machine-2-2__seed1106,mean,smd,SMD_machine-2-2,1106,pending,,
grasp_protocol_v3__mean__smd__SMD_machine-2-3__seed1106,mean,smd,SMD_machine-2-3,1106,pending,,
grasp_protocol_v3__mean__smd__SMD_machine-2-4__seed1106,mean,smd,SMD_machine-2-4,1106,pending,,
grasp_protocol_v3__mean__smd__SMD_machine-2-5__seed1106,mean,smd,SMD_machine-2-5,1106,pending,,
grasp_protocol_v3__mean__smd__SMD_machine-2-7__seed1106,mean,smd,SMD_machine-2-7,1106,pending,,
grasp_protocol_v3__mean__smd__SMD_machine-2-9__seed1106,mean,smd,SMD_machine-2-9,1106,pending,,
grasp_protocol_v3__mean__smd__SMD_machine-3-10__seed1106,mean,smd,SMD_machine-3-10,1106,pending,,
grasp_protocol_v3__mean__smd__SMD_machine-3-2__seed1106,mean,smd,SMD_machine-3-2,1106,pending,,
grasp_protocol_v3__mean__smd__SMD_machine-3-3__seed1106,mean,smd,SMD_machine-3-3,1106,pending,,
grasp_protocol_v3__mean__smd__SMD_machine-3-5__seed1106,mean,smd,SMD_machine-3-5,1106,pending,,
grasp_protocol_v3__mean__smd__SMD_machine-3-6__seed1106,mean,smd,SMD_machine-3-6,1106,pending,,
grasp_protocol_v3__er__smd__SMD_machine-1-2__seed1106,er,smd,SMD_machine-1-2,1106,pending,,
grasp_protocol_v3__er__smd__SMD_machine-1-3__seed1106,er,smd,SMD_machine-1-3,1106,pending,,
grasp_protocol_v3__er__smd__SMD_machine-1-4__seed1106,er,smd,SMD_machine-1-4,1106,pending,,
grasp_protocol_v3__er__smd__SMD_machine-1-6__seed1106,er,smd,SMD_machine-1-6,1106,pending,,
grasp_protocol_v3__er__smd__SMD_machine-1-7__seed1106,er,smd,SMD_machine-1-7,1106,pending,,
grasp_protocol_v3__er__smd__SMD_machine-1-8__seed1106,er,smd,SMD_machine-1-8,1106,pending,,
grasp_protocol_v3__er__smd__SMD_machine-2-1__seed1106,er,smd,SMD_machine-2-1,1106,pending,,
grasp_protocol_v3__er__smd__SMD_machine-2-2__seed1106,er,smd,SMD_machine-2-2,1106,pending,,
grasp_protocol_v3__er__smd__SMD_machine-2-3__seed1106,er,smd,SMD_machine-2-3,1106,pending,,
grasp_protocol_v3__er__smd__SMD_machine-2-4__seed1106,er,smd,SMD_machine-2-4,1106,pending,,
grasp_protocol_v3__er__smd__SMD_machine-2-5__seed1106,er,smd,SMD_machine-2-5,1106,pending,,
grasp_protocol_v3__er__smd__SMD_machine-2-7__seed1106,er,smd,SMD_machine-2-7,1106,pending,,
grasp_protocol_v3__er__smd__SMD_machine-2-9__seed1106,er,smd,SMD_machine-2-9,1106,pending,,
grasp_protocol_v3__er__smd__SMD_machine-3-10__seed1106,er,smd,SMD_machine-3-10,1106,pending,,
grasp_protocol_v3__er__smd__SMD_machine-3-2__seed1106,er,smd,SMD_machine-3-2,1106,pending,,
grasp_protocol_v3__er__smd__SMD_machine-3-3__seed1106,er,smd,SMD_machine-3-3,1106,pending,,
grasp_protocol_v3__er__smd__SMD_machine-3-5__seed1106,er,smd,SMD_machine-3-5,1106,pending,,
grasp_protocol_v3__er__smd__SMD_machine-3-6__seed1106,er,smd,SMD_machine-3-6,1106,pending,,
grasp_protocol_v3__lin__smd__SMD_machine-1-2__seed1106,lin,smd,SMD_machine-1-2,1106,pending,,
grasp_protocol_v3__lin__smd__SMD_machine-1-3__seed1106,lin,smd,SMD_machine-1-3,1106,pending,,
grasp_protocol_v3__lin__smd__SMD_machine-1-4__seed1106,lin,smd,SMD_machine-1-4,1106,pending,,
grasp_protocol_v3__lin__smd__SMD_machine-1-6__seed1106,lin,smd,SMD_machine-1-6,1106,pending,,
grasp_protocol_v3__lin__smd__SMD_machine-1-7__seed1106,lin,smd,SMD_machine-1-7,1106,pending,,
grasp_protocol_v3__lin__smd__SMD_machine-1-8__seed1106,lin,smd,SMD_machine-1-8,1106,pending,,
grasp_protocol_v3__lin__smd__SMD_machine-2-1__seed1106,lin,smd,SMD_machine-2-1,1106,pending,,
grasp_protocol_v3__lin__smd__SMD_machine-2-2__seed1106,lin,smd,SMD_machine-2-2,1106,pending,,
grasp_protocol_v3__lin__smd__SMD_machine-2-3__seed1106,lin,smd,SMD_machine-2-3,1106,pending,,
grasp_protocol_v3__lin__smd__SMD_machine-2-4__seed1106,lin,smd,SMD_machine-2-4,1106,pending,,
grasp_protocol_v3__lin__smd__SMD_machine-2-5__seed1106,lin,smd,SMD_machine-2-5,1106,pending,,
grasp_protocol_v3__lin__smd__SMD_machine-2-7__seed1106,lin,smd,SMD_machine-2-7,1106,pending,,
grasp_protocol_v3__lin__smd__SMD_machine-2-9__seed1106,lin,smd,SMD_machine-2-9,1106,pending,,
grasp_protocol_v3__lin__smd__SMD_machine-3-10__seed1106,lin,smd,SMD_machine-3-10,1106,pending,,
grasp_protocol_v3__lin__smd__SMD_machine-3-2__seed1106,lin,smd,SMD_machine-3-2,1106,pending,,
grasp_protocol_v3__lin__smd__SMD_machine-3-3__seed1106,lin,smd,SMD_machine-3-3,1106,pending,,
grasp_protocol_v3__lin__smd__SMD_machine-3-5__seed1106,lin,smd,SMD_machine-3-5,1106,pending,,
grasp_protocol_v3__lin__smd__SMD_machine-3-6__seed1106,lin,smd,SMD_machine-3-6,1106,pending,,
grasp_protocol_v3__tau_0__smd__SMD_machine-1-2__seed1106,tau_0,smd,SMD_machine-1-2,1106,pending,,
grasp_protocol_v3__tau_0__smd__SMD_machine-1-3__seed1106,tau_0,smd,SMD_machine-1-3,1106,pending,,
grasp_protocol_v3__tau_0__smd__SMD_machine-1-4__seed1106,tau_0,smd,SMD_machine-1-4,1106,pending,,
grasp_protocol_v3__tau_0__smd__SMD_machine-1-6__seed1106,tau_0,smd,SMD_machine-1-6,1106,pending,,
grasp_protocol_v3__tau_0__smd__SMD_machine-1-7__seed1106,tau_0,smd,SMD_machine-1-7,1106,pending,,
grasp_protocol_v3__tau_0__smd__SMD_machine-1-8__seed1106,tau_0,smd,SMD_machine-1-8,1106,pending,,
grasp_protocol_v3__tau_0__smd__SMD_machine-2-1__seed1106,tau_0,smd,SMD_machine-2-1,1106,pending,,
grasp_protocol_v3__tau_0__smd__SMD_machine-2-2__seed1106,tau_0,smd,SMD_machine-2-2,1106,pending,,
grasp_protocol_v3__tau_0__smd__SMD_machine-2-3__seed1106,tau_0,smd,SMD_machine-2-3,1106,pending,,
grasp_protocol_v3__tau_0__smd__SMD_machine-2-4__seed1106,tau_0,smd,SMD_machine-2-4,1106,pending,,
grasp_protocol_v3__tau_0__smd__SMD_machine-2-5__seed1106,tau_0,smd,SMD_machine-2-5,1106,pending,,
grasp_protocol_v3__tau_0__smd__SMD_machine-2-7__seed1106,tau_0,smd,SMD_machine-2-7,1106,pending,,
grasp_protocol_v3__tau_0__smd__SMD_machine-2-9__seed1106,tau_0,smd,SMD_machine-2-9,1106,pending,,
grasp_protocol_v3__tau_0__smd__SMD_machine-3-10__seed1106,tau_0,smd,SMD_machine-3-10,1106,pending,,
grasp_protocol_v3__tau_0__smd__SMD_machine-3-2__seed1106,tau_0,smd,SMD_machine-3-2,1106,pending,,
grasp_protocol_v3__tau_0__smd__SMD_machine-3-3__seed1106,tau_0,smd,SMD_machine-3-3,1106,pending,,
grasp_protocol_v3__tau_0__smd__SMD_machine-3-5__seed1106,tau_0,smd,SMD_machine-3-5,1106,pending,,
grasp_protocol_v3__tau_0__smd__SMD_machine-3-6__seed1106,tau_0,smd,SMD_machine-3-6,1106,pending,,
grasp_protocol_v3__tau_0p25__smd__SMD_machine-1-2__seed1106,tau_0p25,smd,SMD_machine-1-2,1106,pending,,
grasp_protocol_v3__tau_0p25__smd__SMD_machine-1-3__seed1106,tau_0p25,smd,SMD_machine-1-3,1106,pending,,
grasp_protocol_v3__tau_0p25__smd__SMD_machine-1-4__seed1106,tau_0p25,smd,SMD_machine-1-4,1106,pending,,
grasp_protocol_v3__tau_0p25__smd__SMD_machine-1-6__seed1106,tau_0p25,smd,SMD_machine-1-6,1106,pending,,
grasp_protocol_v3__tau_0p25__smd__SMD_machine-1-7__seed1106,tau_0p25,smd,SMD_machine-1-7,1106,pending,,
grasp_protocol_v3__tau_0p25__smd__SMD_machine-1-8__seed1106,tau_0p25,smd,SMD_machine-1-8,1106,pending,,
grasp_protocol_v3__tau_0p25__smd__SMD_machine-2-1__seed1106,tau_0p25,smd,SMD_machine-2-1,1106,pending,,
grasp_protocol_v3__tau_0p25__smd__SMD_machine-2-2__seed1106,tau_0p25,smd,SMD_machine-2-2,1106,pending,,
grasp_protocol_v3__tau_0p25__smd__SMD_machine-2-3__seed1106,tau_0p25,smd,SMD_machine-2-3,1106,pending,,
grasp_protocol_v3__tau_0p25__smd__SMD_machine-2-4__seed1106,tau_0p25,smd,SMD_machine-2-4,1106,pending,,
grasp_protocol_v3__tau_0p25__smd__SMD_machine-2-5__seed1106,tau_0p25,smd,SMD_machine-2-5,1106,pending,,
grasp_protocol_v3__tau_0p25__smd__SMD_machine-2-7__seed1106,tau_0p25,smd,SMD_machine-2-7,1106,pending,,
grasp_protocol_v3__tau_0p25__smd__SMD_machine-2-9__seed1106,tau_0p25,smd,SMD_machine-2-9,1106,pending,,
grasp_protocol_v3__tau_0p25__smd__SMD_machine-3-10__seed1106,tau_0p25,smd,SMD_machine-3-10,1106,pending,,
grasp_protocol_v3__tau_0p25__smd__SMD_machine-3-2__seed1106,tau_0p25,smd,SMD_machine-3-2,1106,pending,,
grasp_protocol_v3__tau_0p25__smd__SMD_machine-3-3__seed1106,tau_0p25,smd,SMD_machine-3-3,1106,pending,,
grasp_protocol_v3__tau_0p25__smd__SMD_machine-3-5__seed1106,tau_0p25,smd,SMD_machine-3-5,1106,pending,,
grasp_protocol_v3__tau_0p25__smd__SMD_machine-3-6__seed1106,tau_0p25,smd,SMD_machine-3-6,1106,pending,,
grasp_protocol_v3__tau_0p5__smd__SMD_machine-1-2__seed1106,tau_0p5,smd,SMD_machine-1-2,1106,pending,,
grasp_protocol_v3__tau_0p5__smd__SMD_machine-1-3__seed1106,tau_0p5,smd,SMD_machine-1-3,1106,pending,,
grasp_protocol_v3__tau_0p5__smd__SMD_machine-1-4__seed1106,tau_0p5,smd,SMD_machine-1-4,1106,pending,,
grasp_protocol_v3__tau_0p5__smd__SMD_machine-1-6__seed1106,tau_0p5,smd,SMD_machine-1-6,1106,pending,,
grasp_protocol_v3__tau_0p5__smd__SMD_machine-1-7__seed1106,tau_0p5,smd,SMD_machine-1-7,1106,pending,,
grasp_protocol_v3__tau_0p5__smd__SMD_machine-1-8__seed1106,tau_0p5,smd,SMD_machine-1-8,1106,pending,,
grasp_protocol_v3__tau_0p5__smd__SMD_machine-2-1__seed1106,tau_0p5,smd,SMD_machine-2-1,1106,pending,,
grasp_protocol_v3__tau_0p5__smd__SMD_machine-2-2__seed1106,tau_0p5,smd,SMD_machine-2-2,1106,pending,,
grasp_protocol_v3__tau_0p5__smd__SMD_machine-2-3__seed1106,tau_0p5,smd,SMD_machine-2-3,1106,pending,,
grasp_protocol_v3__tau_0p5__smd__SMD_machine-2-4__seed1106,tau_0p5,smd,SMD_machine-2-4,1106,pending,,
grasp_protocol_v3__tau_0p5__smd__SMD_machine-2-5__seed1106,tau_0p5,smd,SMD_machine-2-5,1106,pending,,
grasp_protocol_v3__tau_0p5__smd__SMD_machine-2-7__seed1106,tau_0p5,smd,SMD_machine-2-7,1106,pending,,
grasp_protocol_v3__tau_0p5__smd__SMD_machine-2-9__seed1106,tau_0p5,smd,SMD_machine-2-9,1106,pending,,
grasp_protocol_v3__tau_0p5__smd__SMD_machine-3-10__seed1106,tau_0p5,smd,SMD_machine-3-10,1106,pending,,
grasp_protocol_v3__tau_0p5__smd__SMD_machine-3-2__seed1106,tau_0p5,smd,SMD_machine-3-2,1106,pending,,
grasp_protocol_v3__tau_0p5__smd__SMD_machine-3-3__seed1106,tau_0p5,smd,SMD_machine-3-3,1106,pending,,
grasp_protocol_v3__tau_0p5__smd__SMD_machine-3-5__seed1106,tau_0p5,smd,SMD_machine-3-5,1106,pending,,
grasp_protocol_v3__tau_0p5__smd__SMD_machine-3-6__seed1106,tau_0p5,smd,SMD_machine-3-6,1106,pending,,
grasp_protocol_v3__tau_1__smd__SMD_machine-1-2__seed1106,tau_1,smd,SMD_machine-1-2,1106,pending,,
grasp_protocol_v3__tau_1__smd__SMD_machine-1-3__seed1106,tau_1,smd,SMD_machine-1-3,1106,pending,,
grasp_protocol_v3__tau_1__smd__SMD_machine-1-4__seed1106,tau_1,smd,SMD_machine-1-4,1106,pending,,
grasp_protocol_v3__tau_1__smd__SMD_machine-1-6__seed1106,tau_1,smd,SMD_machine-1-6,1106,pending,,
grasp_protocol_v3__tau_1__smd__SMD_machine-1-7__seed1106,tau_1,smd,SMD_machine-1-7,1106,pending,,
grasp_protocol_v3__tau_1__smd__SMD_machine-1-8__seed1106,tau_1,smd,SMD_machine-1-8,1106,pending,,
grasp_protocol_v3__tau_1__smd__SMD_machine-2-1__seed1106,tau_1,smd,SMD_machine-2-1,1106,pending,,
grasp_protocol_v3__tau_1__smd__SMD_machine-2-2__seed1106,tau_1,smd,SMD_machine-2-2,1106,pending,,
grasp_protocol_v3__tau_1__smd__SMD_machine-2-3__seed1106,tau_1,smd,SMD_machine-2-3,1106,pending,,
grasp_protocol_v3__tau_1__smd__SMD_machine-2-4__seed1106,tau_1,smd,SMD_machine-2-4,1106,pending,,
grasp_protocol_v3__tau_1__smd__SMD_machine-2-5__seed1106,tau_1,smd,SMD_machine-2-5,1106,pending,,
grasp_protocol_v3__tau_1__smd__SMD_machine-2-7__seed1106,tau_1,smd,SMD_machine-2-7,1106,pending,,
grasp_protocol_v3__tau_1__smd__SMD_machine-2-9__seed1106,tau_1,smd,SMD_machine-2-9,1106,pending,,
grasp_protocol_v3__tau_1__smd__SMD_machine-3-10__seed1106,tau_1,smd,SMD_machine-3-10,1106,pending,,
grasp_protocol_v3__tau_1__smd__SMD_machine-3-2__seed1106,tau_1,smd,SMD_machine-3-2,1106,pending,,
grasp_protocol_v3__tau_1__smd__SMD_machine-3-3__seed1106,tau_1,smd,SMD_machine-3-3,1106,pending,,
grasp_protocol_v3__tau_1__smd__SMD_machine-3-5__seed1106,tau_1,smd,SMD_machine-3-5,1106,pending,,
grasp_protocol_v3__tau_1__smd__SMD_machine-3-6__seed1106,tau_1,smd,SMD_machine-3-6,1106,pending,,
grasp_protocol_v3__tau_4__smd__SMD_machine-1-2__seed1106,tau_4,smd,SMD_machine-1-2,1106,pending,,
grasp_protocol_v3__tau_4__smd__SMD_machine-1-3__seed1106,tau_4,smd,SMD_machine-1-3,1106,pending,,
grasp_protocol_v3__tau_4__smd__SMD_machine-1-4__seed1106,tau_4,smd,SMD_machine-1-4,1106,pending,,
grasp_protocol_v3__tau_4__smd__SMD_machine-1-6__seed1106,tau_4,smd,SMD_machine-1-6,1106,pending,,
grasp_protocol_v3__tau_4__smd__SMD_machine-1-7__seed1106,tau_4,smd,SMD_machine-1-7,1106,pending,,
grasp_protocol_v3__tau_4__smd__SMD_machine-1-8__seed1106,tau_4,smd,SMD_machine-1-8,1106,pending,,
grasp_protocol_v3__tau_4__smd__SMD_machine-2-1__seed1106,tau_4,smd,SMD_machine-2-1,1106,pending,,
grasp_protocol_v3__tau_4__smd__SMD_machine-2-2__seed1106,tau_4,smd,SMD_machine-2-2,1106,pending,,
grasp_protocol_v3__tau_4__smd__SMD_machine-2-3__seed1106,tau_4,smd,SMD_machine-2-3,1106,pending,,
grasp_protocol_v3__tau_4__smd__SMD_machine-2-4__seed1106,tau_4,smd,SMD_machine-2-4,1106,pending,,
grasp_protocol_v3__tau_4__smd__SMD_machine-2-5__seed1106,tau_4,smd,SMD_machine-2-5,1106,pending,,
grasp_protocol_v3__tau_4__smd__SMD_machine-2-7__seed1106,tau_4,smd,SMD_machine-2-7,1106,pending,,
grasp_protocol_v3__tau_4__smd__SMD_machine-2-9__seed1106,tau_4,smd,SMD_machine-2-9,1106,pending,,
grasp_protocol_v3__tau_4__smd__SMD_machine-3-10__seed1106,tau_4,smd,SMD_machine-3-10,1106,pending,,
grasp_protocol_v3__tau_4__smd__SMD_machine-3-2__seed1106,tau_4,smd,SMD_machine-3-2,1106,pending,,
grasp_protocol_v3__tau_4__smd__SMD_machine-3-3__seed1106,tau_4,smd,SMD_machine-3-3,1106,pending,,
grasp_protocol_v3__tau_4__smd__SMD_machine-3-5__seed1106,tau_4,smd,SMD_machine-3-5,1106,pending,,
grasp_protocol_v3__tau_4__smd__SMD_machine-3-6__seed1106,tau_4,smd,SMD_machine-3-6,1106,pending,,
grasp_protocol_v3__tau_8__smd__SMD_machine-1-2__seed1106,tau_8,smd,SMD_machine-1-2,1106,pending,,
grasp_protocol_v3__tau_8__smd__SMD_machine-1-3__seed1106,tau_8,smd,SMD_machine-1-3,1106,pending,,
grasp_protocol_v3__tau_8__smd__SMD_machine-1-4__seed1106,tau_8,smd,SMD_machine-1-4,1106,pending,,
grasp_protocol_v3__tau_8__smd__SMD_machine-1-6__seed1106,tau_8,smd,SMD_machine-1-6,1106,pending,,
grasp_protocol_v3__tau_8__smd__SMD_machine-1-7__seed1106,tau_8,smd,SMD_machine-1-7,1106,pending,,
grasp_protocol_v3__tau_8__smd__SMD_machine-1-8__seed1106,tau_8,smd,SMD_machine-1-8,1106,pending,,
grasp_protocol_v3__tau_8__smd__SMD_machine-2-1__seed1106,tau_8,smd,SMD_machine-2-1,1106,pending,,
grasp_protocol_v3__tau_8__smd__SMD_machine-2-2__seed1106,tau_8,smd,SMD_machine-2-2,1106,pending,,
grasp_protocol_v3__tau_8__smd__SMD_machine-2-3__seed1106,tau_8,smd,SMD_machine-2-3,1106,pending,,
grasp_protocol_v3__tau_8__smd__SMD_machine-2-4__seed1106,tau_8,smd,SMD_machine-2-4,1106,pending,,
grasp_protocol_v3__tau_8__smd__SMD_machine-2-5__seed1106,tau_8,smd,SMD_machine-2-5,1106,pending,,
grasp_protocol_v3__tau_8__smd__SMD_machine-2-7__seed1106,tau_8,smd,SMD_machine-2-7,1106,pending,,
grasp_protocol_v3__tau_8__smd__SMD_machine-2-9__seed1106,tau_8,smd,SMD_machine-2-9,1106,pending,,
grasp_protocol_v3__tau_8__smd__SMD_machine-3-10__seed1106,tau_8,smd,SMD_machine-3-10,1106,pending,,
grasp_protocol_v3__tau_8__smd__SMD_machine-3-2__seed1106,tau_8,smd,SMD_machine-3-2,1106,pending,,
grasp_protocol_v3__tau_8__smd__SMD_machine-3-3__seed1106,tau_8,smd,SMD_machine-3-3,1106,pending,,
grasp_protocol_v3__tau_8__smd__SMD_machine-3-5__seed1106,tau_8,smd,SMD_machine-3-5,1106,pending,,
grasp_protocol_v3__tau_8__smd__SMD_machine-3-6__seed1106,tau_8,smd,SMD_machine-3-6,1106,pending,,
grasp_protocol_v3__gnn__smd__SMD_machine-1-2__seed1107,gnn,smd,SMD_machine-1-2,1107,pending,,
grasp_protocol_v3__gnn__smd__SMD_machine-1-3__seed1107,gnn,smd,SMD_machine-1-3,1107,pending,,
grasp_protocol_v3__gnn__smd__SMD_machine-1-4__seed1107,gnn,smd,SMD_machine-1-4,1107,pending,,
grasp_protocol_v3__gnn__smd__SMD_machine-1-6__seed1107,gnn,smd,SMD_machine-1-6,1107,pending,,
grasp_protocol_v3__gnn__smd__SMD_machine-1-7__seed1107,gnn,smd,SMD_machine-1-7,1107,pending,,
grasp_protocol_v3__gnn__smd__SMD_machine-1-8__seed1107,gnn,smd,SMD_machine-1-8,1107,pending,,
grasp_protocol_v3__gnn__smd__SMD_machine-2-1__seed1107,gnn,smd,SMD_machine-2-1,1107,pending,,
grasp_protocol_v3__gnn__smd__SMD_machine-2-2__seed1107,gnn,smd,SMD_machine-2-2,1107,pending,,
grasp_protocol_v3__gnn__smd__SMD_machine-2-3__seed1107,gnn,smd,SMD_machine-2-3,1107,pending,,
grasp_protocol_v3__gnn__smd__SMD_machine-2-4__seed1107,gnn,smd,SMD_machine-2-4,1107,pending,,
grasp_protocol_v3__gnn__smd__SMD_machine-2-5__seed1107,gnn,smd,SMD_machine-2-5,1107,pending,,
grasp_protocol_v3__gnn__smd__SMD_machine-2-7__seed1107,gnn,smd,SMD_machine-2-7,1107,pending,,
grasp_protocol_v3__gnn__smd__SMD_machine-2-9__seed1107,gnn,smd,SMD_machine-2-9,1107,pending,,
grasp_protocol_v3__gnn__smd__SMD_machine-3-10__seed1107,gnn,smd,SMD_machine-3-10,1107,pending,,
grasp_protocol_v3__gnn__smd__SMD_machine-3-2__seed1107,gnn,smd,SMD_machine-3-2,1107,pending,,
grasp_protocol_v3__gnn__smd__SMD_machine-3-3__seed1107,gnn,smd,SMD_machine-3-3,1107,pending,,
grasp_protocol_v3__gnn__smd__SMD_machine-3-5__seed1107,gnn,smd,SMD_machine-3-5,1107,pending,,
grasp_protocol_v3__gnn__smd__SMD_machine-3-6__seed1107,gnn,smd,SMD_machine-3-6,1107,pending,,
grasp_protocol_v3__main__smd__SMD_machine-1-2__seed1107,main,smd,SMD_machine-1-2,1107,pending,,
grasp_protocol_v3__main__smd__SMD_machine-1-3__seed1107,main,smd,SMD_machine-1-3,1107,pending,,
grasp_protocol_v3__main__smd__SMD_machine-1-4__seed1107,main,smd,SMD_machine-1-4,1107,pending,,
grasp_protocol_v3__main__smd__SMD_machine-1-6__seed1107,main,smd,SMD_machine-1-6,1107,pending,,
grasp_protocol_v3__main__smd__SMD_machine-1-7__seed1107,main,smd,SMD_machine-1-7,1107,pending,,
grasp_protocol_v3__main__smd__SMD_machine-1-8__seed1107,main,smd,SMD_machine-1-8,1107,pending,,
grasp_protocol_v3__main__smd__SMD_machine-2-1__seed1107,main,smd,SMD_machine-2-1,1107,pending,,
grasp_protocol_v3__main__smd__SMD_machine-2-2__seed1107,main,smd,SMD_machine-2-2,1107,pending,,
grasp_protocol_v3__main__smd__SMD_machine-2-3__seed1107,main,smd,SMD_machine-2-3,1107,pending,,
grasp_protocol_v3__main__smd__SMD_machine-2-4__seed1107,main,smd,SMD_machine-2-4,1107,pending,,
grasp_protocol_v3__main__smd__SMD_machine-2-5__seed1107,main,smd,SMD_machine-2-5,1107,pending,,
grasp_protocol_v3__main__smd__SMD_machine-2-7__seed1107,main,smd,SMD_machine-2-7,1107,pending,,
grasp_protocol_v3__main__smd__SMD_machine-2-9__seed1107,main,smd,SMD_machine-2-9,1107,pending,,
grasp_protocol_v3__main__smd__SMD_machine-3-10__seed1107,main,smd,SMD_machine-3-10,1107,pending,,
grasp_protocol_v3__main__smd__SMD_machine-3-2__seed1107,main,smd,SMD_machine-3-2,1107,pending,,
grasp_protocol_v3__main__smd__SMD_machine-3-3__seed1107,main,smd,SMD_machine-3-3,1107,pending,,
grasp_protocol_v3__main__smd__SMD_machine-3-5__seed1107,main,smd,SMD_machine-3-5,1107,pending,,
grasp_protocol_v3__main__smd__SMD_machine-3-6__seed1107,main,smd,SMD_machine-3-6,1107,pending,,
grasp_protocol_v3__transformer__smd__SMD_machine-1-2__seed1107,transformer,smd,SMD_machine-1-2,1107,pending,,
grasp_protocol_v3__transformer__smd__SMD_machine-1-3__seed1107,transformer,smd,SMD_machine-1-3,1107,pending,,
grasp_protocol_v3__transformer__smd__SMD_machine-1-4__seed1107,transformer,smd,SMD_machine-1-4,1107,pending,,
grasp_protocol_v3__transformer__smd__SMD_machine-1-6__seed1107,transformer,smd,SMD_machine-1-6,1107,pending,,
grasp_protocol_v3__transformer__smd__SMD_machine-1-7__seed1107,transformer,smd,SMD_machine-1-7,1107,pending,,
grasp_protocol_v3__transformer__smd__SMD_machine-1-8__seed1107,transformer,smd,SMD_machine-1-8,1107,pending,,
grasp_protocol_v3__transformer__smd__SMD_machine-2-1__seed1107,transformer,smd,SMD_machine-2-1,1107,pending,,
grasp_protocol_v3__transformer__smd__SMD_machine-2-2__seed1107,transformer,smd,SMD_machine-2-2,1107,pending,,
grasp_protocol_v3__transformer__smd__SMD_machine-2-3__seed1107,transformer,smd,SMD_machine-2-3,1107,pending,,
grasp_protocol_v3__transformer__smd__SMD_machine-2-4__seed1107,transformer,smd,SMD_machine-2-4,1107,pending,,
grasp_protocol_v3__transformer__smd__SMD_machine-2-5__seed1107,transformer,smd,SMD_machine-2-5,1107,pending,,
grasp_protocol_v3__transformer__smd__SMD_machine-2-7__seed1107,transformer,smd,SMD_machine-2-7,1107,pending,,
grasp_protocol_v3__transformer__smd__SMD_machine-2-9__seed1107,transformer,smd,SMD_machine-2-9,1107,pending,,
grasp_protocol_v3__transformer__smd__SMD_machine-3-10__seed1107,transformer,smd,SMD_machine-3-10,1107,pending,,
grasp_protocol_v3__transformer__smd__SMD_machine-3-2__seed1107,transformer,smd,SMD_machine-3-2,1107,pending,,
grasp_protocol_v3__transformer__smd__SMD_machine-3-3__seed1107,transformer,smd,SMD_machine-3-3,1107,pending,,
grasp_protocol_v3__transformer__smd__SMD_machine-3-5__seed1107,transformer,smd,SMD_machine-3-5,1107,pending,,
grasp_protocol_v3__transformer__smd__SMD_machine-3-6__seed1107,transformer,smd,SMD_machine-3-6,1107,pending,,
grasp_protocol_v3__mean__smd__SMD_machine-1-2__seed1107,mean,smd,SMD_machine-1-2,1107,pending,,
grasp_protocol_v3__mean__smd__SMD_machine-1-3__seed1107,mean,smd,SMD_machine-1-3,1107,pending,,
grasp_protocol_v3__mean__smd__SMD_machine-1-4__seed1107,mean,smd,SMD_machine-1-4,1107,pending,,
grasp_protocol_v3__mean__smd__SMD_machine-1-6__seed1107,mean,smd,SMD_machine-1-6,1107,pending,,
grasp_protocol_v3__mean__smd__SMD_machine-1-7__seed1107,mean,smd,SMD_machine-1-7,1107,pending,,
grasp_protocol_v3__mean__smd__SMD_machine-1-8__seed1107,mean,smd,SMD_machine-1-8,1107,pending,,
grasp_protocol_v3__mean__smd__SMD_machine-2-1__seed1107,mean,smd,SMD_machine-2-1,1107,pending,,
grasp_protocol_v3__mean__smd__SMD_machine-2-2__seed1107,mean,smd,SMD_machine-2-2,1107,pending,,
grasp_protocol_v3__mean__smd__SMD_machine-2-3__seed1107,mean,smd,SMD_machine-2-3,1107,pending,,
grasp_protocol_v3__mean__smd__SMD_machine-2-4__seed1107,mean,smd,SMD_machine-2-4,1107,pending,,
grasp_protocol_v3__mean__smd__SMD_machine-2-5__seed1107,mean,smd,SMD_machine-2-5,1107,pending,,
grasp_protocol_v3__mean__smd__SMD_machine-2-7__seed1107,mean,smd,SMD_machine-2-7,1107,pending,,
grasp_protocol_v3__mean__smd__SMD_machine-2-9__seed1107,mean,smd,SMD_machine-2-9,1107,pending,,
grasp_protocol_v3__mean__smd__SMD_machine-3-10__seed1107,mean,smd,SMD_machine-3-10,1107,pending,,
grasp_protocol_v3__mean__smd__SMD_machine-3-2__seed1107,mean,smd,SMD_machine-3-2,1107,pending,,
grasp_protocol_v3__mean__smd__SMD_machine-3-3__seed1107,mean,smd,SMD_machine-3-3,1107,pending,,
grasp_protocol_v3__mean__smd__SMD_machine-3-5__seed1107,mean,smd,SMD_machine-3-5,1107,pending,,
grasp_protocol_v3__mean__smd__SMD_machine-3-6__seed1107,mean,smd,SMD_machine-3-6,1107,pending,,
grasp_protocol_v3__er__smd__SMD_machine-1-2__seed1107,er,smd,SMD_machine-1-2,1107,pending,,
grasp_protocol_v3__er__smd__SMD_machine-1-3__seed1107,er,smd,SMD_machine-1-3,1107,pending,,
grasp_protocol_v3__er__smd__SMD_machine-1-4__seed1107,er,smd,SMD_machine-1-4,1107,pending,,
grasp_protocol_v3__er__smd__SMD_machine-1-6__seed1107,er,smd,SMD_machine-1-6,1107,pending,,
grasp_protocol_v3__er__smd__SMD_machine-1-7__seed1107,er,smd,SMD_machine-1-7,1107,pending,,
grasp_protocol_v3__er__smd__SMD_machine-1-8__seed1107,er,smd,SMD_machine-1-8,1107,pending,,
grasp_protocol_v3__er__smd__SMD_machine-2-1__seed1107,er,smd,SMD_machine-2-1,1107,pending,,
grasp_protocol_v3__er__smd__SMD_machine-2-2__seed1107,er,smd,SMD_machine-2-2,1107,pending,,
grasp_protocol_v3__er__smd__SMD_machine-2-3__seed1107,er,smd,SMD_machine-2-3,1107,pending,,
grasp_protocol_v3__er__smd__SMD_machine-2-4__seed1107,er,smd,SMD_machine-2-4,1107,pending,,
grasp_protocol_v3__er__smd__SMD_machine-2-5__seed1107,er,smd,SMD_machine-2-5,1107,pending,,
grasp_protocol_v3__er__smd__SMD_machine-2-7__seed1107,er,smd,SMD_machine-2-7,1107,pending,,
grasp_protocol_v3__er__smd__SMD_machine-2-9__seed1107,er,smd,SMD_machine-2-9,1107,pending,,
grasp_protocol_v3__er__smd__SMD_machine-3-10__seed1107,er,smd,SMD_machine-3-10,1107,pending,,
grasp_protocol_v3__er__smd__SMD_machine-3-2__seed1107,er,smd,SMD_machine-3-2,1107,pending,,
grasp_protocol_v3__er__smd__SMD_machine-3-3__seed1107,er,smd,SMD_machine-3-3,1107,pending,,
grasp_protocol_v3__er__smd__SMD_machine-3-5__seed1107,er,smd,SMD_machine-3-5,1107,pending,,
grasp_protocol_v3__er__smd__SMD_machine-3-6__seed1107,er,smd,SMD_machine-3-6,1107,pending,,
grasp_protocol_v3__lin__smd__SMD_machine-1-2__seed1107,lin,smd,SMD_machine-1-2,1107,pending,,
grasp_protocol_v3__lin__smd__SMD_machine-1-3__seed1107,lin,smd,SMD_machine-1-3,1107,pending,,
grasp_protocol_v3__lin__smd__SMD_machine-1-4__seed1107,lin,smd,SMD_machine-1-4,1107,pending,,
grasp_protocol_v3__lin__smd__SMD_machine-1-6__seed1107,lin,smd,SMD_machine-1-6,1107,pending,,
grasp_protocol_v3__lin__smd__SMD_machine-1-7__seed1107,lin,smd,SMD_machine-1-7,1107,pending,,
grasp_protocol_v3__lin__smd__SMD_machine-1-8__seed1107,lin,smd,SMD_machine-1-8,1107,pending,,
grasp_protocol_v3__lin__smd__SMD_machine-2-1__seed1107,lin,smd,SMD_machine-2-1,1107,pending,,
grasp_protocol_v3__lin__smd__SMD_machine-2-2__seed1107,lin,smd,SMD_machine-2-2,1107,pending,,
grasp_protocol_v3__lin__smd__SMD_machine-2-3__seed1107,lin,smd,SMD_machine-2-3,1107,pending,,
grasp_protocol_v3__lin__smd__SMD_machine-2-4__seed1107,lin,smd,SMD_machine-2-4,1107,pending,,
grasp_protocol_v3__lin__smd__SMD_machine-2-5__seed1107,lin,smd,SMD_machine-2-5,1107,pending,,
grasp_protocol_v3__lin__smd__SMD_machine-2-7__seed1107,lin,smd,SMD_machine-2-7,1107,pending,,
grasp_protocol_v3__lin__smd__SMD_machine-2-9__seed1107,lin,smd,SMD_machine-2-9,1107,pending,,
grasp_protocol_v3__lin__smd__SMD_machine-3-10__seed1107,lin,smd,SMD_machine-3-10,1107,pending,,
grasp_protocol_v3__lin__smd__SMD_machine-3-2__seed1107,lin,smd,SMD_machine-3-2,1107,pending,,
grasp_protocol_v3__lin__smd__SMD_machine-3-3__seed1107,lin,smd,SMD_machine-3-3,1107,pending,,
grasp_protocol_v3__lin__smd__SMD_machine-3-5__seed1107,lin,smd,SMD_machine-3-5,1107,pending,,
grasp_protocol_v3__lin__smd__SMD_machine-3-6__seed1107,lin,smd,SMD_machine-3-6,1107,pending,,
grasp_protocol_v3__tau_0__smd__SMD_machine-1-2__seed1107,tau_0,smd,SMD_machine-1-2,1107,pending,,
grasp_protocol_v3__tau_0__smd__SMD_machine-1-3__seed1107,tau_0,smd,SMD_machine-1-3,1107,pending,,
grasp_protocol_v3__tau_0__smd__SMD_machine-1-4__seed1107,tau_0,smd,SMD_machine-1-4,1107,pending,,
grasp_protocol_v3__tau_0__smd__SMD_machine-1-6__seed1107,tau_0,smd,SMD_machine-1-6,1107,pending,,
grasp_protocol_v3__tau_0__smd__SMD_machine-1-7__seed1107,tau_0,smd,SMD_machine-1-7,1107,pending,,
grasp_protocol_v3__tau_0__smd__SMD_machine-1-8__seed1107,tau_0,smd,SMD_machine-1-8,1107,pending,,
grasp_protocol_v3__tau_0__smd__SMD_machine-2-1__seed1107,tau_0,smd,SMD_machine-2-1,1107,pending,,
grasp_protocol_v3__tau_0__smd__SMD_machine-2-2__seed1107,tau_0,smd,SMD_machine-2-2,1107,pending,,
grasp_protocol_v3__tau_0__smd__SMD_machine-2-3__seed1107,tau_0,smd,SMD_machine-2-3,1107,pending,,
grasp_protocol_v3__tau_0__smd__SMD_machine-2-4__seed1107,tau_0,smd,SMD_machine-2-4,1107,pending,,
grasp_protocol_v3__tau_0__smd__SMD_machine-2-5__seed1107,tau_0,smd,SMD_machine-2-5,1107,pending,,
grasp_protocol_v3__tau_0__smd__SMD_machine-2-7__seed1107,tau_0,smd,SMD_machine-2-7,1107,pending,,
grasp_protocol_v3__tau_0__smd__SMD_machine-2-9__seed1107,tau_0,smd,SMD_machine-2-9,1107,pending,,
grasp_protocol_v3__tau_0__smd__SMD_machine-3-10__seed1107,tau_0,smd,SMD_machine-3-10,1107,pending,,
grasp_protocol_v3__tau_0__smd__SMD_machine-3-2__seed1107,tau_0,smd,SMD_machine-3-2,1107,pending,,
grasp_protocol_v3__tau_0__smd__SMD_machine-3-3__seed1107,tau_0,smd,SMD_machine-3-3,1107,pending,,
grasp_protocol_v3__tau_0__smd__SMD_machine-3-5__seed1107,tau_0,smd,SMD_machine-3-5,1107,pending,,
grasp_protocol_v3__tau_0__smd__SMD_machine-3-6__seed1107,tau_0,smd,SMD_machine-3-6,1107,pending,,
grasp_protocol_v3__tau_0p25__smd__SMD_machine-1-2__seed1107,tau_0p25,smd,SMD_machine-1-2,1107,pending,,
grasp_protocol_v3__tau_0p25__smd__SMD_machine-1-3__seed1107,tau_0p25,smd,SMD_machine-1-3,1107,pending,,
grasp_protocol_v3__tau_0p25__smd__SMD_machine-1-4__seed1107,tau_0p25,smd,SMD_machine-1-4,1107,pending,,
grasp_protocol_v3__tau_0p25__smd__SMD_machine-1-6__seed1107,tau_0p25,smd,SMD_machine-1-6,1107,pending,,
grasp_protocol_v3__tau_0p25__smd__SMD_machine-1-7__seed1107,tau_0p25,smd,SMD_machine-1-7,1107,pending,,
grasp_protocol_v3__tau_0p25__smd__SMD_machine-1-8__seed1107,tau_0p25,smd,SMD_machine-1-8,1107,pending,,
grasp_protocol_v3__tau_0p25__smd__SMD_machine-2-1__seed1107,tau_0p25,smd,SMD_machine-2-1,1107,pending,,
grasp_protocol_v3__tau_0p25__smd__SMD_machine-2-2__seed1107,tau_0p25,smd,SMD_machine-2-2,1107,pending,,
grasp_protocol_v3__tau_0p25__smd__SMD_machine-2-3__seed1107,tau_0p25,smd,SMD_machine-2-3,1107,pending,,
grasp_protocol_v3__tau_0p25__smd__SMD_machine-2-4__seed1107,tau_0p25,smd,SMD_machine-2-4,1107,pending,,
grasp_protocol_v3__tau_0p25__smd__SMD_machine-2-5__seed1107,tau_0p25,smd,SMD_machine-2-5,1107,pending,,
grasp_protocol_v3__tau_0p25__smd__SMD_machine-2-7__seed1107,tau_0p25,smd,SMD_machine-2-7,1107,pending,,
grasp_protocol_v3__tau_0p25__smd__SMD_machine-2-9__seed1107,tau_0p25,smd,SMD_machine-2-9,1107,pending,,
grasp_protocol_v3__tau_0p25__smd__SMD_machine-3-10__seed1107,tau_0p25,smd,SMD_machine-3-10,1107,pending,,
grasp_protocol_v3__tau_0p25__smd__SMD_machine-3-2__seed1107,tau_0p25,smd,SMD_machine-3-2,1107,pending,,
grasp_protocol_v3__tau_0p25__smd__SMD_machine-3-3__seed1107,tau_0p25,smd,SMD_machine-3-3,1107,pending,,
grasp_protocol_v3__tau_0p25__smd__SMD_machine-3-5__seed1107,tau_0p25,smd,SMD_machine-3-5,1107,pending,,
grasp_protocol_v3__tau_0p25__smd__SMD_machine-3-6__seed1107,tau_0p25,smd,SMD_machine-3-6,1107,pending,,
grasp_protocol_v3__tau_0p5__smd__SMD_machine-1-2__seed1107,tau_0p5,smd,SMD_machine-1-2,1107,pending,,
grasp_protocol_v3__tau_0p5__smd__SMD_machine-1-3__seed1107,tau_0p5,smd,SMD_machine-1-3,1107,pending,,
grasp_protocol_v3__tau_0p5__smd__SMD_machine-1-4__seed1107,tau_0p5,smd,SMD_machine-1-4,1107,pending,,
grasp_protocol_v3__tau_0p5__smd__SMD_machine-1-6__seed1107,tau_0p5,smd,SMD_machine-1-6,1107,pending,,
grasp_protocol_v3__tau_0p5__smd__SMD_machine-1-7__seed1107,tau_0p5,smd,SMD_machine-1-7,1107,pending,,
grasp_protocol_v3__tau_0p5__smd__SMD_machine-1-8__seed1107,tau_0p5,smd,SMD_machine-1-8,1107,pending,,
grasp_protocol_v3__tau_0p5__smd__SMD_machine-2-1__seed1107,tau_0p5,smd,SMD_machine-2-1,1107,pending,,
grasp_protocol_v3__tau_0p5__smd__SMD_machine-2-2__seed1107,tau_0p5,smd,SMD_machine-2-2,1107,pending,,
grasp_protocol_v3__tau_0p5__smd__SMD_machine-2-3__seed1107,tau_0p5,smd,SMD_machine-2-3,1107,pending,,
grasp_protocol_v3__tau_0p5__smd__SMD_machine-2-4__seed1107,tau_0p5,smd,SMD_machine-2-4,1107,pending,,
grasp_protocol_v3__tau_0p5__smd__SMD_machine-2-5__seed1107,tau_0p5,smd,SMD_machine-2-5,1107,pending,,
grasp_protocol_v3__tau_0p5__smd__SMD_machine-2-7__seed1107,tau_0p5,smd,SMD_machine-2-7,1107,pending,,
grasp_protocol_v3__tau_0p5__smd__SMD_machine-2-9__seed1107,tau_0p5,smd,SMD_machine-2-9,1107,pending,,
grasp_protocol_v3__tau_0p5__smd__SMD_machine-3-10__seed1107,tau_0p5,smd,SMD_machine-3-10,1107,pending,,
grasp_protocol_v3__tau_0p5__smd__SMD_machine-3-2__seed1107,tau_0p5,smd,SMD_machine-3-2,1107,pending,,
grasp_protocol_v3__tau_0p5__smd__SMD_machine-3-3__seed1107,tau_0p5,smd,SMD_machine-3-3,1107,pending,,
grasp_protocol_v3__tau_0p5__smd__SMD_machine-3-5__seed1107,tau_0p5,smd,SMD_machine-3-5,1107,pending,,
grasp_protocol_v3__tau_0p5__smd__SMD_machine-3-6__seed1107,tau_0p5,smd,SMD_machine-3-6,1107,pending,,
grasp_protocol_v3__tau_1__smd__SMD_machine-1-2__seed1107,tau_1,smd,SMD_machine-1-2,1107,pending,,
grasp_protocol_v3__tau_1__smd__SMD_machine-1-3__seed1107,tau_1,smd,SMD_machine-1-3,1107,pending,,
grasp_protocol_v3__tau_1__smd__SMD_machine-1-4__seed1107,tau_1,smd,SMD_machine-1-4,1107,pending,,
grasp_protocol_v3__tau_1__smd__SMD_machine-1-6__seed1107,tau_1,smd,SMD_machine-1-6,1107,pending,,
grasp_protocol_v3__tau_1__smd__SMD_machine-1-7__seed1107,tau_1,smd,SMD_machine-1-7,1107,pending,,
grasp_protocol_v3__tau_1__smd__SMD_machine-1-8__seed1107,tau_1,smd,SMD_machine-1-8,1107,pending,,
grasp_protocol_v3__tau_1__smd__SMD_machine-2-1__seed1107,tau_1,smd,SMD_machine-2-1,1107,pending,,
grasp_protocol_v3__tau_1__smd__SMD_machine-2-2__seed1107,tau_1,smd,SMD_machine-2-2,1107,pending,,
grasp_protocol_v3__tau_1__smd__SMD_machine-2-3__seed1107,tau_1,smd,SMD_machine-2-3,1107,pending,,
grasp_protocol_v3__tau_1__smd__SMD_machine-2-4__seed1107,tau_1,smd,SMD_machine-2-4,1107,pending,,
grasp_protocol_v3__tau_1__smd__SMD_machine-2-5__seed1107,tau_1,smd,SMD_machine-2-5,1107,pending,,
grasp_protocol_v3__tau_1__smd__SMD_machine-2-7__seed1107,tau_1,smd,SMD_machine-2-7,1107,pending,,
grasp_protocol_v3__tau_1__smd__SMD_machine-2-9__seed1107,tau_1,smd,SMD_machine-2-9,1107,pending,,
grasp_protocol_v3__tau_1__smd__SMD_machine-3-10__seed1107,tau_1,smd,SMD_machine-3-10,1107,pending,,
grasp_protocol_v3__tau_1__smd__SMD_machine-3-2__seed1107,tau_1,smd,SMD_machine-3-2,1107,pending,,
grasp_protocol_v3__tau_1__smd__SMD_machine-3-3__seed1107,tau_1,smd,SMD_machine-3-3,1107,pending,,
grasp_protocol_v3__tau_1__smd__SMD_machine-3-5__seed1107,tau_1,smd,SMD_machine-3-5,1107,pending,,
grasp_protocol_v3__tau_1__smd__SMD_machine-3-6__seed1107,tau_1,smd,SMD_machine-3-6,1107,pending,,
grasp_protocol_v3__tau_4__smd__SMD_machine-1-2__seed1107,tau_4,smd,SMD_machine-1-2,1107,pending,,
grasp_protocol_v3__tau_4__smd__SMD_machine-1-3__seed1107,tau_4,smd,SMD_machine-1-3,1107,pending,,
grasp_protocol_v3__tau_4__smd__SMD_machine-1-4__seed1107,tau_4,smd,SMD_machine-1-4,1107,pending,,
grasp_protocol_v3__tau_4__smd__SMD_machine-1-6__seed1107,tau_4,smd,SMD_machine-1-6,1107,pending,,
grasp_protocol_v3__tau_4__smd__SMD_machine-1-7__seed1107,tau_4,smd,SMD_machine-1-7,1107,pending,,
grasp_protocol_v3__tau_4__smd__SMD_machine-1-8__seed1107,tau_4,smd,SMD_machine-1-8,1107,pending,,
grasp_protocol_v3__tau_4__smd__SMD_machine-2-1__seed1107,tau_4,smd,SMD_machine-2-1,1107,pending,,
grasp_protocol_v3__tau_4__smd__SMD_machine-2-2__seed1107,tau_4,smd,SMD_machine-2-2,1107,pending,,
grasp_protocol_v3__tau_4__smd__SMD_machine-2-3__seed1107,tau_4,smd,SMD_machine-2-3,1107,pending,,
grasp_protocol_v3__tau_4__smd__SMD_machine-2-4__seed1107,tau_4,smd,SMD_machine-2-4,1107,pending,,
grasp_protocol_v3__tau_4__smd__SMD_machine-2-5__seed1107,tau_4,smd,SMD_machine-2-5,1107,pending,,
grasp_protocol_v3__tau_4__smd__SMD_machine-2-7__seed1107,tau_4,smd,SMD_machine-2-7,1107,pending,,
grasp_protocol_v3__tau_4__smd__SMD_machine-2-9__seed1107,tau_4,smd,SMD_machine-2-9,1107,pending,,
grasp_protocol_v3__tau_4__smd__SMD_machine-3-10__seed1107,tau_4,smd,SMD_machine-3-10,1107,pending,,
grasp_protocol_v3__tau_4__smd__SMD_machine-3-2__seed1107,tau_4,smd,SMD_machine-3-2,1107,pending,,
grasp_protocol_v3__tau_4__smd__SMD_machine-3-3__seed1107,tau_4,smd,SMD_machine-3-3,1107,pending,,
grasp_protocol_v3__tau_4__smd__SMD_machine-3-5__seed1107,tau_4,smd,SMD_machine-3-5,1107,pending,,
grasp_protocol_v3__tau_4__smd__SMD_machine-3-6__seed1107,tau_4,smd,SMD_machine-3-6,1107,pending,,
grasp_protocol_v3__tau_8__smd__SMD_machine-1-2__seed1107,tau_8,smd,SMD_machine-1-2,1107,pending,,
grasp_protocol_v3__tau_8__smd__SMD_machine-1-3__seed1107,tau_8,smd,SMD_machine-1-3,1107,pending,,
grasp_protocol_v3__tau_8__smd__SMD_machine-1-4__seed1107,tau_8,smd,SMD_machine-1-4,1107,pending,,
grasp_protocol_v3__tau_8__smd__SMD_machine-1-6__seed1107,tau_8,smd,SMD_machine-1-6,1107,pending,,
grasp_protocol_v3__tau_8__smd__SMD_machine-1-7__seed1107,tau_8,smd,SMD_machine-1-7,1107,pending,,
grasp_protocol_v3__tau_8__smd__SMD_machine-1-8__seed1107,tau_8,smd,SMD_machine-1-8,1107,pending,,
grasp_protocol_v3__tau_8__smd__SMD_machine-2-1__seed1107,tau_8,smd,SMD_machine-2-1,1107,pending,,
grasp_protocol_v3__tau_8__smd__SMD_machine-2-2__seed1107,tau_8,smd,SMD_machine-2-2,1107,pending,,
grasp_protocol_v3__tau_8__smd__SMD_machine-2-3__seed1107,tau_8,smd,SMD_machine-2-3,1107,pending,,
grasp_protocol_v3__tau_8__smd__SMD_machine-2-4__seed1107,tau_8,smd,SMD_machine-2-4,1107,pending,,
grasp_protocol_v3__tau_8__smd__SMD_machine-2-5__seed1107,tau_8,smd,SMD_machine-2-5,1107,pending,,
grasp_protocol_v3__tau_8__smd__SMD_machine-2-7__seed1107,tau_8,smd,SMD_machine-2-7,1107,pending,,
grasp_protocol_v3__tau_8__smd__SMD_machine-2-9__seed1107,tau_8,smd,SMD_machine-2-9,1107,pending,,
grasp_protocol_v3__tau_8__smd__SMD_machine-3-10__seed1107,tau_8,smd,SMD_machine-3-10,1107,pending,,
grasp_protocol_v3__tau_8__smd__SMD_machine-3-2__seed1107,tau_8,smd,SMD_machine-3-2,1107,pending,,
grasp_protocol_v3__tau_8__smd__SMD_machine-3-3__seed1107,tau_8,smd,SMD_machine-3-3,1107,pending,,
grasp_protocol_v3__tau_8__smd__SMD_machine-3-5__seed1107,tau_8,smd,SMD_machine-3-5,1107,pending,,
grasp_protocol_v3__tau_8__smd__SMD_machine-3-6__seed1107,tau_8,smd,SMD_machine-3-6,1107,pending,,
grasp_protocol_v3__gnn__smd__SMD_machine-1-2__seed1108,gnn,smd,SMD_machine-1-2,1108,pending,,
grasp_protocol_v3__gnn__smd__SMD_machine-1-3__seed1108,gnn,smd,SMD_machine-1-3,1108,pending,,
grasp_protocol_v3__gnn__smd__SMD_machine-1-4__seed1108,gnn,smd,SMD_machine-1-4,1108,pending,,
grasp_protocol_v3__gnn__smd__SMD_machine-1-6__seed1108,gnn,smd,SMD_machine-1-6,1108,pending,,
grasp_protocol_v3__gnn__smd__SMD_machine-1-7__seed1108,gnn,smd,SMD_machine-1-7,1108,pending,,
grasp_protocol_v3__gnn__smd__SMD_machine-1-8__seed1108,gnn,smd,SMD_machine-1-8,1108,pending,,
grasp_protocol_v3__gnn__smd__SMD_machine-2-1__seed1108,gnn,smd,SMD_machine-2-1,1108,pending,,
grasp_protocol_v3__gnn__smd__SMD_machine-2-2__seed1108,gnn,smd,SMD_machine-2-2,1108,pending,,
grasp_protocol_v3__gnn__smd__SMD_machine-2-3__seed1108,gnn,smd,SMD_machine-2-3,1108,pending,,
grasp_protocol_v3__gnn__smd__SMD_machine-2-4__seed1108,gnn,smd,SMD_machine-2-4,1108,pending,,
grasp_protocol_v3__gnn__smd__SMD_machine-2-5__seed1108,gnn,smd,SMD_machine-2-5,1108,pending,,
grasp_protocol_v3__gnn__smd__SMD_machine-2-7__seed1108,gnn,smd,SMD_machine-2-7,1108,pending,,
grasp_protocol_v3__gnn__smd__SMD_machine-2-9__seed1108,gnn,smd,SMD_machine-2-9,1108,pending,,
grasp_protocol_v3__gnn__smd__SMD_machine-3-10__seed1108,gnn,smd,SMD_machine-3-10,1108,pending,,
grasp_protocol_v3__gnn__smd__SMD_machine-3-2__seed1108,gnn,smd,SMD_machine-3-2,1108,pending,,
grasp_protocol_v3__gnn__smd__SMD_machine-3-3__seed1108,gnn,smd,SMD_machine-3-3,1108,pending,,
grasp_protocol_v3__gnn__smd__SMD_machine-3-5__seed1108,gnn,smd,SMD_machine-3-5,1108,pending,,
grasp_protocol_v3__gnn__smd__SMD_machine-3-6__seed1108,gnn,smd,SMD_machine-3-6,1108,pending,,
grasp_protocol_v3__main__smd__SMD_machine-1-2__seed1108,main,smd,SMD_machine-1-2,1108,pending,,
grasp_protocol_v3__main__smd__SMD_machine-1-3__seed1108,main,smd,SMD_machine-1-3,1108,pending,,
grasp_protocol_v3__main__smd__SMD_machine-1-4__seed1108,main,smd,SMD_machine-1-4,1108,pending,,
grasp_protocol_v3__main__smd__SMD_machine-1-6__seed1108,main,smd,SMD_machine-1-6,1108,pending,,
grasp_protocol_v3__main__smd__SMD_machine-1-7__seed1108,main,smd,SMD_machine-1-7,1108,pending,,
grasp_protocol_v3__main__smd__SMD_machine-1-8__seed1108,main,smd,SMD_machine-1-8,1108,pending,,
grasp_protocol_v3__main__smd__SMD_machine-2-1__seed1108,main,smd,SMD_machine-2-1,1108,pending,,
grasp_protocol_v3__main__smd__SMD_machine-2-2__seed1108,main,smd,SMD_machine-2-2,1108,pending,,
grasp_protocol_v3__main__smd__SMD_machine-2-3__seed1108,main,smd,SMD_machine-2-3,1108,pending,,
grasp_protocol_v3__main__smd__SMD_machine-2-4__seed1108,main,smd,SMD_machine-2-4,1108,pending,,
grasp_protocol_v3__main__smd__SMD_machine-2-5__seed1108,main,smd,SMD_machine-2-5,1108,pending,,
grasp_protocol_v3__main__smd__SMD_machine-2-7__seed1108,main,smd,SMD_machine-2-7,1108,pending,,
grasp_protocol_v3__main__smd__SMD_machine-2-9__seed1108,main,smd,SMD_machine-2-9,1108,pending,,
grasp_protocol_v3__main__smd__SMD_machine-3-10__seed1108,main,smd,SMD_machine-3-10,1108,pending,,
grasp_protocol_v3__main__smd__SMD_machine-3-2__seed1108,main,smd,SMD_machine-3-2,1108,pending,,
grasp_protocol_v3__main__smd__SMD_machine-3-3__seed1108,main,smd,SMD_machine-3-3,1108,pending,,
grasp_protocol_v3__main__smd__SMD_machine-3-5__seed1108,main,smd,SMD_machine-3-5,1108,pending,,
grasp_protocol_v3__main__smd__SMD_machine-3-6__seed1108,main,smd,SMD_machine-3-6,1108,pending,,
grasp_protocol_v3__transformer__smd__SMD_machine-1-2__seed1108,transformer,smd,SMD_machine-1-2,1108,pending,,
grasp_protocol_v3__transformer__smd__SMD_machine-1-3__seed1108,transformer,smd,SMD_machine-1-3,1108,pending,,
grasp_protocol_v3__transformer__smd__SMD_machine-1-4__seed1108,transformer,smd,SMD_machine-1-4,1108,pending,,
grasp_protocol_v3__transformer__smd__SMD_machine-1-6__seed1108,transformer,smd,SMD_machine-1-6,1108,pending,,
grasp_protocol_v3__transformer__smd__SMD_machine-1-7__seed1108,transformer,smd,SMD_machine-1-7,1108,pending,,
grasp_protocol_v3__transformer__smd__SMD_machine-1-8__seed1108,transformer,smd,SMD_machine-1-8,1108,pending,,
grasp_protocol_v3__transformer__smd__SMD_machine-2-1__seed1108,transformer,smd,SMD_machine-2-1,1108,pending,,
grasp_protocol_v3__transformer__smd__SMD_machine-2-2__seed1108,transformer,smd,SMD_machine-2-2,1108,pending,,
grasp_protocol_v3__transformer__smd__SMD_machine-2-3__seed1108,transformer,smd,SMD_machine-2-3,1108,pending,,
grasp_protocol_v3__transformer__smd__SMD_machine-2-4__seed1108,transformer,smd,SMD_machine-2-4,1108,pending,,
grasp_protocol_v3__transformer__smd__SMD_machine-2-5__seed1108,transformer,smd,SMD_machine-2-5,1108,pending,,
grasp_protocol_v3__transformer__smd__SMD_machine-2-7__seed1108,transformer,smd,SMD_machine-2-7,1108,pending,,
grasp_protocol_v3__transformer__smd__SMD_machine-2-9__seed1108,transformer,smd,SMD_machine-2-9,1108,pending,,
grasp_protocol_v3__transformer__smd__SMD_machine-3-10__seed1108,transformer,smd,SMD_machine-3-10,1108,pending,,
grasp_protocol_v3__transformer__smd__SMD_machine-3-2__seed1108,transformer,smd,SMD_machine-3-2,1108,pending,,
grasp_protocol_v3__transformer__smd__SMD_machine-3-3__seed1108,transformer,smd,SMD_machine-3-3,1108,pending,,
grasp_protocol_v3__transformer__smd__SMD_machine-3-5__seed1108,transformer,smd,SMD_machine-3-5,1108,pending,,
grasp_protocol_v3__transformer__smd__SMD_machine-3-6__seed1108,transformer,smd,SMD_machine-3-6,1108,pending,,
grasp_protocol_v3__mean__smd__SMD_machine-1-2__seed1108,mean,smd,SMD_machine-1-2,1108,pending,,
grasp_protocol_v3__mean__smd__SMD_machine-1-3__seed1108,mean,smd,SMD_machine-1-3,1108,pending,,
grasp_protocol_v3__mean__smd__SMD_machine-1-4__seed1108,mean,smd,SMD_machine-1-4,1108,pending,,
grasp_protocol_v3__mean__smd__SMD_machine-1-6__seed1108,mean,smd,SMD_machine-1-6,1108,pending,,
grasp_protocol_v3__mean__smd__SMD_machine-1-7__seed1108,mean,smd,SMD_machine-1-7,1108,pending,,
grasp_protocol_v3__mean__smd__SMD_machine-1-8__seed1108,mean,smd,SMD_machine-1-8,1108,pending,,
grasp_protocol_v3__mean__smd__SMD_machine-2-1__seed1108,mean,smd,SMD_machine-2-1,1108,pending,,
grasp_protocol_v3__mean__smd__SMD_machine-2-2__seed1108,mean,smd,SMD_machine-2-2,1108,pending,,
grasp_protocol_v3__mean__smd__SMD_machine-2-3__seed1108,mean,smd,SMD_machine-2-3,1108,pending,,
grasp_protocol_v3__mean__smd__SMD_machine-2-4__seed1108,mean,smd,SMD_machine-2-4,1108,pending,,
grasp_protocol_v3__mean__smd__SMD_machine-2-5__seed1108,mean,smd,SMD_machine-2-5,1108,pending,,
grasp_protocol_v3__mean__smd__SMD_machine-2-7__seed1108,mean,smd,SMD_machine-2-7,1108,pending,,
grasp_protocol_v3__mean__smd__SMD_machine-2-9__seed1108,mean,smd,SMD_machine-2-9,1108,pending,,
grasp_protocol_v3__mean__smd__SMD_machine-3-10__seed1108,mean,smd,SMD_machine-3-10,1108,pending,,
grasp_protocol_v3__mean__smd__SMD_machine-3-2__seed1108,mean,smd,SMD_machine-3-2,1108,pending,,
grasp_protocol_v3__mean__smd__SMD_machine-3-3__seed1108,mean,smd,SMD_machine-3-3,1108,pending,,
grasp_protocol_v3__mean__smd__SMD_machine-3-5__seed1108,mean,smd,SMD_machine-3-5,1108,pending,,
grasp_protocol_v3__mean__smd__SMD_machine-3-6__seed1108,mean,smd,SMD_machine-3-6,1108,pending,,
grasp_protocol_v3__er__smd__SMD_machine-1-2__seed1108,er,smd,SMD_machine-1-2,1108,pending,,
grasp_protocol_v3__er__smd__SMD_machine-1-3__seed1108,er,smd,SMD_machine-1-3,1108,pending,,
grasp_protocol_v3__er__smd__SMD_machine-1-4__seed1108,er,smd,SMD_machine-1-4,1108,pending,,
grasp_protocol_v3__er__smd__SMD_machine-1-6__seed1108,er,smd,SMD_machine-1-6,1108,pending,,
grasp_protocol_v3__er__smd__SMD_machine-1-7__seed1108,er,smd,SMD_machine-1-7,1108,pending,,
grasp_protocol_v3__er__smd__SMD_machine-1-8__seed1108,er,smd,SMD_machine-1-8,1108,pending,,
grasp_protocol_v3__er__smd__SMD_machine-2-1__seed1108,er,smd,SMD_machine-2-1,1108,pending,,
grasp_protocol_v3__er__smd__SMD_machine-2-2__seed1108,er,smd,SMD_machine-2-2,1108,pending,,
grasp_protocol_v3__er__smd__SMD_machine-2-3__seed1108,er,smd,SMD_machine-2-3,1108,pending,,
grasp_protocol_v3__er__smd__SMD_machine-2-4__seed1108,er,smd,SMD_machine-2-4,1108,pending,,
grasp_protocol_v3__er__smd__SMD_machine-2-5__seed1108,er,smd,SMD_machine-2-5,1108,pending,,
grasp_protocol_v3__er__smd__SMD_machine-2-7__seed1108,er,smd,SMD_machine-2-7,1108,pending,,
grasp_protocol_v3__er__smd__SMD_machine-2-9__seed1108,er,smd,SMD_machine-2-9,1108,pending,,
grasp_protocol_v3__er__smd__SMD_machine-3-10__seed1108,er,smd,SMD_machine-3-10,1108,pending,,
grasp_protocol_v3__er__smd__SMD_machine-3-2__seed1108,er,smd,SMD_machine-3-2,1108,pending,,
grasp_protocol_v3__er__smd__SMD_machine-3-3__seed1108,er,smd,SMD_machine-3-3,1108,pending,,
grasp_protocol_v3__er__smd__SMD_machine-3-5__seed1108,er,smd,SMD_machine-3-5,1108,pending,,
grasp_protocol_v3__er__smd__SMD_machine-3-6__seed1108,er,smd,SMD_machine-3-6,1108,pending,,
grasp_protocol_v3__lin__smd__SMD_machine-1-2__seed1108,lin,smd,SMD_machine-1-2,1108,pending,,
grasp_protocol_v3__lin__smd__SMD_machine-1-3__seed1108,lin,smd,SMD_machine-1-3,1108,pending,,
grasp_protocol_v3__lin__smd__SMD_machine-1-4__seed1108,lin,smd,SMD_machine-1-4,1108,pending,,
grasp_protocol_v3__lin__smd__SMD_machine-1-6__seed1108,lin,smd,SMD_machine-1-6,1108,pending,,
grasp_protocol_v3__lin__smd__SMD_machine-1-7__seed1108,lin,smd,SMD_machine-1-7,1108,pending,,
grasp_protocol_v3__lin__smd__SMD_machine-1-8__seed1108,lin,smd,SMD_machine-1-8,1108,pending,,
grasp_protocol_v3__lin__smd__SMD_machine-2-1__seed1108,lin,smd,SMD_machine-2-1,1108,pending,,
grasp_protocol_v3__lin__smd__SMD_machine-2-2__seed1108,lin,smd,SMD_machine-2-2,1108,pending,,
grasp_protocol_v3__lin__smd__SMD_machine-2-3__seed1108,lin,smd,SMD_machine-2-3,1108,pending,,
grasp_protocol_v3__lin__smd__SMD_machine-2-4__seed1108,lin,smd,SMD_machine-2-4,1108,pending,,
grasp_protocol_v3__lin__smd__SMD_machine-2-5__seed1108,lin,smd,SMD_machine-2-5,1108,pending,,
grasp_protocol_v3__lin__smd__SMD_machine-2-7__seed1108,lin,smd,SMD_machine-2-7,1108,pending,,
grasp_protocol_v3__lin__smd__SMD_machine-2-9__seed1108,lin,smd,SMD_machine-2-9,1108,pending,,
grasp_protocol_v3__lin__smd__SMD_machine-3-10__seed1108,lin,smd,SMD_machine-3-10,1108,pending,,
grasp_protocol_v3__lin__smd__SMD_machine-3-2__seed1108,lin,smd,SMD_machine-3-2,1108,pending,,
grasp_protocol_v3__lin__smd__SMD_machine-3-3__seed1108,lin,smd,SMD_machine-3-3,1108,pending,,
grasp_protocol_v3__lin__smd__SMD_machine-3-5__seed1108,lin,smd,SMD_machine-3-5,1108,pending,,
grasp_protocol_v3__lin__smd__SMD_machine-3-6__seed1108,lin,smd,SMD_machine-3-6,1108,pending,,
grasp_protocol_v3__tau_0__smd__SMD_machine-1-2__seed1108,tau_0,smd,SMD_machine-1-2,1108,pending,,
grasp_protocol_v3__tau_0__smd__SMD_machine-1-3__seed1108,tau_0,smd,SMD_machine-1-3,1108,pending,,
grasp_protocol_v3__tau_0__smd__SMD_machine-1-4__seed1108,tau_0,smd,SMD_machine-1-4,1108,pending,,
grasp_protocol_v3__tau_0__smd__SMD_machine-1-6__seed1108,tau_0,smd,SMD_machine-1-6,1108,pending,,
grasp_protocol_v3__tau_0__smd__SMD_machine-1-7__seed1108,tau_0,smd,SMD_machine-1-7,1108,pending,,
grasp_protocol_v3__tau_0__smd__SMD_machine-1-8__seed1108,tau_0,smd,SMD_machine-1-8,1108,pending,,
grasp_protocol_v3__tau_0__smd__SMD_machine-2-1__seed1108,tau_0,smd,SMD_machine-2-1,1108,pending,,
grasp_protocol_v3__tau_0__smd__SMD_machine-2-2__seed1108,tau_0,smd,SMD_machine-2-2,1108,pending,,
grasp_protocol_v3__tau_0__smd__SMD_machine-2-3__seed1108,tau_0,smd,SMD_machine-2-3,1108,pending,,
grasp_protocol_v3__tau_0__smd__SMD_machine-2-4__seed1108,tau_0,smd,SMD_machine-2-4,1108,pending,,
grasp_protocol_v3__tau_0__smd__SMD_machine-2-5__seed1108,tau_0,smd,SMD_machine-2-5,1108,pending,,
grasp_protocol_v3__tau_0__smd__SMD_machine-2-7__seed1108,tau_0,smd,SMD_machine-2-7,1108,pending,,
grasp_protocol_v3__tau_0__smd__SMD_machine-2-9__seed1108,tau_0,smd,SMD_machine-2-9,1108,pending,,
grasp_protocol_v3__tau_0__smd__SMD_machine-3-10__seed1108,tau_0,smd,SMD_machine-3-10,1108,pending,,
grasp_protocol_v3__tau_0__smd__SMD_machine-3-2__seed1108,tau_0,smd,SMD_machine-3-2,1108,pending,,
grasp_protocol_v3__tau_0__smd__SMD_machine-3-3__seed1108,tau_0,smd,SMD_machine-3-3,1108,pending,,
grasp_protocol_v3__tau_0__smd__SMD_machine-3-5__seed1108,tau_0,smd,SMD_machine-3-5,1108,pending,,
grasp_protocol_v3__tau_0__smd__SMD_machine-3-6__seed1108,tau_0,smd,SMD_machine-3-6,1108,pending,,
grasp_protocol_v3__tau_0p25__smd__SMD_machine-1-2__seed1108,tau_0p25,smd,SMD_machine-1-2,1108,pending,,
grasp_protocol_v3__tau_0p25__smd__SMD_machine-1-3__seed1108,tau_0p25,smd,SMD_machine-1-3,1108,pending,,
grasp_protocol_v3__tau_0p25__smd__SMD_machine-1-4__seed1108,tau_0p25,smd,SMD_machine-1-4,1108,pending,,
grasp_protocol_v3__tau_0p25__smd__SMD_machine-1-6__seed1108,tau_0p25,smd,SMD_machine-1-6,1108,pending,,
grasp_protocol_v3__tau_0p25__smd__SMD_machine-1-7__seed1108,tau_0p25,smd,SMD_machine-1-7,1108,pending,,
grasp_protocol_v3__tau_0p25__smd__SMD_machine-1-8__seed1108,tau_0p25,smd,SMD_machine-1-8,1108,pending,,
grasp_protocol_v3__tau_0p25__smd__SMD_machine-2-1__seed1108,tau_0p25,smd,SMD_machine-2-1,1108,pending,,
grasp_protocol_v3__tau_0p25__smd__SMD_machine-2-2__seed1108,tau_0p25,smd,SMD_machine-2-2,1108,pending,,
grasp_protocol_v3__tau_0p25__smd__SMD_machine-2-3__seed1108,tau_0p25,smd,SMD_machine-2-3,1108,pending,,
grasp_protocol_v3__tau_0p25__smd__SMD_machine-2-4__seed1108,tau_0p25,smd,SMD_machine-2-4,1108,pending,,
grasp_protocol_v3__tau_0p25__smd__SMD_machine-2-5__seed1108,tau_0p25,smd,SMD_machine-2-5,1108,pending,,
grasp_protocol_v3__tau_0p25__smd__SMD_machine-2-7__seed1108,tau_0p25,smd,SMD_machine-2-7,1108,pending,,
grasp_protocol_v3__tau_0p25__smd__SMD_machine-2-9__seed1108,tau_0p25,smd,SMD_machine-2-9,1108,pending,,
grasp_protocol_v3__tau_0p25__smd__SMD_machine-3-10__seed1108,tau_0p25,smd,SMD_machine-3-10,1108,pending,,
grasp_protocol_v3__tau_0p25__smd__SMD_machine-3-2__seed1108,tau_0p25,smd,SMD_machine-3-2,1108,pending,,
grasp_protocol_v3__tau_0p25__smd__SMD_machine-3-3__seed1108,tau_0p25,smd,SMD_machine-3-3,1108,pending,,
grasp_protocol_v3__tau_0p25__smd__SMD_machine-3-5__seed1108,tau_0p25,smd,SMD_machine-3-5,1108,pending,,
grasp_protocol_v3__tau_0p25__smd__SMD_machine-3-6__seed1108,tau_0p25,smd,SMD_machine-3-6,1108,pending,,
grasp_protocol_v3__tau_0p5__smd__SMD_machine-1-2__seed1108,tau_0p5,smd,SMD_machine-1-2,1108,pending,,
grasp_protocol_v3__tau_0p5__smd__SMD_machine-1-3__seed1108,tau_0p5,smd,SMD_machine-1-3,1108,pending,,
grasp_protocol_v3__tau_0p5__smd__SMD_machine-1-4__seed1108,tau_0p5,smd,SMD_machine-1-4,1108,pending,,
grasp_protocol_v3__tau_0p5__smd__SMD_machine-1-6__seed1108,tau_0p5,smd,SMD_machine-1-6,1108,pending,,
grasp_protocol_v3__tau_0p5__smd__SMD_machine-1-7__seed1108,tau_0p5,smd,SMD_machine-1-7,1108,pending,,
grasp_protocol_v3__tau_0p5__smd__SMD_machine-1-8__seed1108,tau_0p5,smd,SMD_machine-1-8,1108,pending,,
grasp_protocol_v3__tau_0p5__smd__SMD_machine-2-1__seed1108,tau_0p5,smd,SMD_machine-2-1,1108,pending,,
grasp_protocol_v3__tau_0p5__smd__SMD_machine-2-2__seed1108,tau_0p5,smd,SMD_machine-2-2,1108,pending,,
grasp_protocol_v3__tau_0p5__smd__SMD_machine-2-3__seed1108,tau_0p5,smd,SMD_machine-2-3,1108,pending,,
grasp_protocol_v3__tau_0p5__smd__SMD_machine-2-4__seed1108,tau_0p5,smd,SMD_machine-2-4,1108,pending,,
grasp_protocol_v3__tau_0p5__smd__SMD_machine-2-5__seed1108,tau_0p5,smd,SMD_machine-2-5,1108,pending,,
grasp_protocol_v3__tau_0p5__smd__SMD_machine-2-7__seed1108,tau_0p5,smd,SMD_machine-2-7,1108,pending,,
grasp_protocol_v3__tau_0p5__smd__SMD_machine-2-9__seed1108,tau_0p5,smd,SMD_machine-2-9,1108,pending,,
grasp_protocol_v3__tau_0p5__smd__SMD_machine-3-10__seed1108,tau_0p5,smd,SMD_machine-3-10,1108,pending,,
grasp_protocol_v3__tau_0p5__smd__SMD_machine-3-2__seed1108,tau_0p5,smd,SMD_machine-3-2,1108,pending,,
grasp_protocol_v3__tau_0p5__smd__SMD_machine-3-3__seed1108,tau_0p5,smd,SMD_machine-3-3,1108,pending,,
grasp_protocol_v3__tau_0p5__smd__SMD_machine-3-5__seed1108,tau_0p5,smd,SMD_machine-3-5,1108,pending,,
grasp_protocol_v3__tau_0p5__smd__SMD_machine-3-6__seed1108,tau_0p5,smd,SMD_machine-3-6,1108,pending,,
grasp_protocol_v3__tau_1__smd__SMD_machine-1-2__seed1108,tau_1,smd,SMD_machine-1-2,1108,pending,,
grasp_protocol_v3__tau_1__smd__SMD_machine-1-3__seed1108,tau_1,smd,SMD_machine-1-3,1108,pending,,
grasp_protocol_v3__tau_1__smd__SMD_machine-1-4__seed1108,tau_1,smd,SMD_machine-1-4,1108,pending,,
grasp_protocol_v3__tau_1__smd__SMD_machine-1-6__seed1108,tau_1,smd,SMD_machine-1-6,1108,pending,,
grasp_protocol_v3__tau_1__smd__SMD_machine-1-7__seed1108,tau_1,smd,SMD_machine-1-7,1108,pending,,
grasp_protocol_v3__tau_1__smd__SMD_machine-1-8__seed1108,tau_1,smd,SMD_machine-1-8,1108,pending,,
grasp_protocol_v3__tau_1__smd__SMD_machine-2-1__seed1108,tau_1,smd,SMD_machine-2-1,1108,pending,,
grasp_protocol_v3__tau_1__smd__SMD_machine-2-2__seed1108,tau_1,smd,SMD_machine-2-2,1108,pending,,
grasp_protocol_v3__tau_1__smd__SMD_machine-2-3__seed1108,tau_1,smd,SMD_machine-2-3,1108,pending,,
grasp_protocol_v3__tau_1__smd__SMD_machine-2-4__seed1108,tau_1,smd,SMD_machine-2-4,1108,pending,,
grasp_protocol_v3__tau_1__smd__SMD_machine-2-5__seed1108,tau_1,smd,SMD_machine-2-5,1108,pending,,
grasp_protocol_v3__tau_1__smd__SMD_machine-2-7__seed1108,tau_1,smd,SMD_machine-2-7,1108,pending,,
grasp_protocol_v3__tau_1__smd__SMD_machine-2-9__seed1108,tau_1,smd,SMD_machine-2-9,1108,pending,,
grasp_protocol_v3__tau_1__smd__SMD_machine-3-10__seed1108,tau_1,smd,SMD_machine-3-10,1108,pending,,
grasp_protocol_v3__tau_1__smd__SMD_machine-3-2__seed1108,tau_1,smd,SMD_machine-3-2,1108,pending,,
grasp_protocol_v3__tau_1__smd__SMD_machine-3-3__seed1108,tau_1,smd,SMD_machine-3-3,1108,pending,,
grasp_protocol_v3__tau_1__smd__SMD_machine-3-5__seed1108,tau_1,smd,SMD_machine-3-5,1108,pending,,
grasp_protocol_v3__tau_1__smd__SMD_machine-3-6__seed1108,tau_1,smd,SMD_machine-3-6,1108,pending,,
grasp_protocol_v3__tau_4__smd__SMD_machine-1-2__seed1108,tau_4,smd,SMD_machine-1-2,1108,pending,,
grasp_protocol_v3__tau_4__smd__SMD_machine-1-3__seed1108,tau_4,smd,SMD_machine-1-3,1108,pending,,
grasp_protocol_v3__tau_4__smd__SMD_machine-1-4__seed1108,tau_4,smd,SMD_machine-1-4,1108,pending,,
grasp_protocol_v3__tau_4__smd__SMD_machine-1-6__seed1108,tau_4,smd,SMD_machine-1-6,1108,pending,,
grasp_protocol_v3__tau_4__smd__SMD_machine-1-7__seed1108,tau_4,smd,SMD_machine-1-7,1108,pending,,
grasp_protocol_v3__tau_4__smd__SMD_machine-1-8__seed1108,tau_4,smd,SMD_machine-1-8,1108,pending,,
grasp_protocol_v3__tau_4__smd__SMD_machine-2-1__seed1108,tau_4,smd,SMD_machine-2-1,1108,pending,,
grasp_protocol_v3__tau_4__smd__SMD_machine-2-2__seed1108,tau_4,smd,SMD_machine-2-2,1108,pending,,
grasp_protocol_v3__tau_4__smd__SMD_machine-2-3__seed1108,tau_4,smd,SMD_machine-2-3,1108,pending,,
grasp_protocol_v3__tau_4__smd__SMD_machine-2-4__seed1108,tau_4,smd,SMD_machine-2-4,1108,pending,,
grasp_protocol_v3__tau_4__smd__SMD_machine-2-5__seed1108,tau_4,smd,SMD_machine-2-5,1108,pending,,
grasp_protocol_v3__tau_4__smd__SMD_machine-2-7__seed1108,tau_4,smd,SMD_machine-2-7,1108,pending,,
grasp_protocol_v3__tau_4__smd__SMD_machine-2-9__seed1108,tau_4,smd,SMD_machine-2-9,1108,pending,,
grasp_protocol_v3__tau_4__smd__SMD_machine-3-10__seed1108,tau_4,smd,SMD_machine-3-10,1108,pending,,
grasp_protocol_v3__tau_4__smd__SMD_machine-3-2__seed1108,tau_4,smd,SMD_machine-3-2,1108,pending,,
grasp_protocol_v3__tau_4__smd__SMD_machine-3-3__seed1108,tau_4,smd,SMD_machine-3-3,1108,pending,,
grasp_protocol_v3__tau_4__smd__SMD_machine-3-5__seed1108,tau_4,smd,SMD_machine-3-5,1108,pending,,
grasp_protocol_v3__tau_4__smd__SMD_machine-3-6__seed1108,tau_4,smd,SMD_machine-3-6,1108,pending,,
grasp_protocol_v3__tau_8__smd__SMD_machine-1-2__seed1108,tau_8,smd,SMD_machine-1-2,1108,pending,,
grasp_protocol_v3__tau_8__smd__SMD_machine-1-3__seed1108,tau_8,smd,SMD_machine-1-3,1108,pending,,
grasp_protocol_v3__tau_8__smd__SMD_machine-1-4__seed1108,tau_8,smd,SMD_machine-1-4,1108,pending,,
grasp_protocol_v3__tau_8__smd__SMD_machine-1-6__seed1108,tau_8,smd,SMD_machine-1-6,1108,pending,,
grasp_protocol_v3__tau_8__smd__SMD_machine-1-7__seed1108,tau_8,smd,SMD_machine-1-7,1108,pending,,
grasp_protocol_v3__tau_8__smd__SMD_machine-1-8__seed1108,tau_8,smd,SMD_machine-1-8,1108,pending,,
grasp_protocol_v3__tau_8__smd__SMD_machine-2-1__seed1108,tau_8,smd,SMD_machine-2-1,1108,pending,,
grasp_protocol_v3__tau_8__smd__SMD_machine-2-2__seed1108,tau_8,smd,SMD_machine-2-2,1108,pending,,
grasp_protocol_v3__tau_8__smd__SMD_machine-2-3__seed1108,tau_8,smd,SMD_machine-2-3,1108,pending,,
grasp_protocol_v3__tau_8__smd__SMD_machine-2-4__seed1108,tau_8,smd,SMD_machine-2-4,1108,pending,,
grasp_protocol_v3__tau_8__smd__SMD_machine-2-5__seed1108,tau_8,smd,SMD_machine-2-5,1108,pending,,
grasp_protocol_v3__tau_8__smd__SMD_machine-2-7__seed1108,tau_8,smd,SMD_machine-2-7,1108,pending,,
grasp_protocol_v3__tau_8__smd__SMD_machine-2-9__seed1108,tau_8,smd,SMD_machine-2-9,1108,pending,,
grasp_protocol_v3__tau_8__smd__SMD_machine-3-10__seed1108,tau_8,smd,SMD_machine-3-10,1108,pending,,
grasp_protocol_v3__tau_8__smd__SMD_machine-3-2__seed1108,tau_8,smd,SMD_machine-3-2,1108,pending,,
grasp_protocol_v3__tau_8__smd__SMD_machine-3-3__seed1108,tau_8,smd,SMD_machine-3-3,1108,pending,,
grasp_protocol_v3__tau_8__smd__SMD_machine-3-5__seed1108,tau_8,smd,SMD_machine-3-5,1108,pending,,
grasp_protocol_v3__tau_8__smd__SMD_machine-3-6__seed1108,tau_8,smd,SMD_machine-3-6,1108,pending,,
grasp_protocol_v3__gnn__smd__SMD_machine-1-2__seed1109,gnn,smd,SMD_machine-1-2,1109,pending,,
grasp_protocol_v3__gnn__smd__SMD_machine-1-3__seed1109,gnn,smd,SMD_machine-1-3,1109,pending,,
grasp_protocol_v3__gnn__smd__SMD_machine-1-4__seed1109,gnn,smd,SMD_machine-1-4,1109,pending,,
grasp_protocol_v3__gnn__smd__SMD_machine-1-6__seed1109,gnn,smd,SMD_machine-1-6,1109,pending,,
grasp_protocol_v3__gnn__smd__SMD_machine-1-7__seed1109,gnn,smd,SMD_machine-1-7,1109,pending,,
grasp_protocol_v3__gnn__smd__SMD_machine-1-8__seed1109,gnn,smd,SMD_machine-1-8,1109,pending,,
grasp_protocol_v3__gnn__smd__SMD_machine-2-1__seed1109,gnn,smd,SMD_machine-2-1,1109,pending,,
grasp_protocol_v3__gnn__smd__SMD_machine-2-2__seed1109,gnn,smd,SMD_machine-2-2,1109,pending,,
grasp_protocol_v3__gnn__smd__SMD_machine-2-3__seed1109,gnn,smd,SMD_machine-2-3,1109,pending,,
grasp_protocol_v3__gnn__smd__SMD_machine-2-4__seed1109,gnn,smd,SMD_machine-2-4,1109,pending,,
grasp_protocol_v3__gnn__smd__SMD_machine-2-5__seed1109,gnn,smd,SMD_machine-2-5,1109,pending,,
grasp_protocol_v3__gnn__smd__SMD_machine-2-7__seed1109,gnn,smd,SMD_machine-2-7,1109,pending,,
grasp_protocol_v3__gnn__smd__SMD_machine-2-9__seed1109,gnn,smd,SMD_machine-2-9,1109,pending,,
grasp_protocol_v3__gnn__smd__SMD_machine-3-10__seed1109,gnn,smd,SMD_machine-3-10,1109,pending,,
grasp_protocol_v3__gnn__smd__SMD_machine-3-2__seed1109,gnn,smd,SMD_machine-3-2,1109,pending,,
grasp_protocol_v3__gnn__smd__SMD_machine-3-3__seed1109,gnn,smd,SMD_machine-3-3,1109,pending,,
grasp_protocol_v3__gnn__smd__SMD_machine-3-5__seed1109,gnn,smd,SMD_machine-3-5,1109,pending,,
grasp_protocol_v3__gnn__smd__SMD_machine-3-6__seed1109,gnn,smd,SMD_machine-3-6,1109,pending,,
grasp_protocol_v3__main__smd__SMD_machine-1-2__seed1109,main,smd,SMD_machine-1-2,1109,pending,,
grasp_protocol_v3__main__smd__SMD_machine-1-3__seed1109,main,smd,SMD_machine-1-3,1109,pending,,
grasp_protocol_v3__main__smd__SMD_machine-1-4__seed1109,main,smd,SMD_machine-1-4,1109,pending,,
grasp_protocol_v3__main__smd__SMD_machine-1-6__seed1109,main,smd,SMD_machine-1-6,1109,pending,,
grasp_protocol_v3__main__smd__SMD_machine-1-7__seed1109,main,smd,SMD_machine-1-7,1109,pending,,
grasp_protocol_v3__main__smd__SMD_machine-1-8__seed1109,main,smd,SMD_machine-1-8,1109,pending,,
grasp_protocol_v3__main__smd__SMD_machine-2-1__seed1109,main,smd,SMD_machine-2-1,1109,pending,,
grasp_protocol_v3__main__smd__SMD_machine-2-2__seed1109,main,smd,SMD_machine-2-2,1109,pending,,
grasp_protocol_v3__main__smd__SMD_machine-2-3__seed1109,main,smd,SMD_machine-2-3,1109,pending,,
grasp_protocol_v3__main__smd__SMD_machine-2-4__seed1109,main,smd,SMD_machine-2-4,1109,pending,,
grasp_protocol_v3__main__smd__SMD_machine-2-5__seed1109,main,smd,SMD_machine-2-5,1109,pending,,
grasp_protocol_v3__main__smd__SMD_machine-2-7__seed1109,main,smd,SMD_machine-2-7,1109,pending,,
grasp_protocol_v3__main__smd__SMD_machine-2-9__seed1109,main,smd,SMD_machine-2-9,1109,pending,,
grasp_protocol_v3__main__smd__SMD_machine-3-10__seed1109,main,smd,SMD_machine-3-10,1109,pending,,
grasp_protocol_v3__main__smd__SMD_machine-3-2__seed1109,main,smd,SMD_machine-3-2,1109,pending,,
grasp_protocol_v3__main__smd__SMD_machine-3-3__seed1109,main,smd,SMD_machine-3-3,1109,pending,,
grasp_protocol_v3__main__smd__SMD_machine-3-5__seed1109,main,smd,SMD_machine-3-5,1109,pending,,
grasp_protocol_v3__main__smd__SMD_machine-3-6__seed1109,main,smd,SMD_machine-3-6,1109,pending,,
grasp_protocol_v3__transformer__smd__SMD_machine-1-2__seed1109,transformer,smd,SMD_machine-1-2,1109,pending,,
grasp_protocol_v3__transformer__smd__SMD_machine-1-3__seed1109,transformer,smd,SMD_machine-1-3,1109,pending,,
grasp_protocol_v3__transformer__smd__SMD_machine-1-4__seed1109,transformer,smd,SMD_machine-1-4,1109,pending,,
grasp_protocol_v3__transformer__smd__SMD_machine-1-6__seed1109,transformer,smd,SMD_machine-1-6,1109,pending,,
grasp_protocol_v3__transformer__smd__SMD_machine-1-7__seed1109,transformer,smd,SMD_machine-1-7,1109,pending,,
grasp_protocol_v3__transformer__smd__SMD_machine-1-8__seed1109,transformer,smd,SMD_machine-1-8,1109,pending,,
grasp_protocol_v3__transformer__smd__SMD_machine-2-1__seed1109,transformer,smd,SMD_machine-2-1,1109,pending,,
grasp_protocol_v3__transformer__smd__SMD_machine-2-2__seed1109,transformer,smd,SMD_machine-2-2,1109,pending,,
grasp_protocol_v3__transformer__smd__SMD_machine-2-3__seed1109,transformer,smd,SMD_machine-2-3,1109,pending,,
grasp_protocol_v3__transformer__smd__SMD_machine-2-4__seed1109,transformer,smd,SMD_machine-2-4,1109,pending,,
grasp_protocol_v3__transformer__smd__SMD_machine-2-5__seed1109,transformer,smd,SMD_machine-2-5,1109,pending,,
grasp_protocol_v3__transformer__smd__SMD_machine-2-7__seed1109,transformer,smd,SMD_machine-2-7,1109,pending,,
grasp_protocol_v3__transformer__smd__SMD_machine-2-9__seed1109,transformer,smd,SMD_machine-2-9,1109,pending,,
grasp_protocol_v3__transformer__smd__SMD_machine-3-10__seed1109,transformer,smd,SMD_machine-3-10,1109,pending,,
grasp_protocol_v3__transformer__smd__SMD_machine-3-2__seed1109,transformer,smd,SMD_machine-3-2,1109,pending,,
grasp_protocol_v3__transformer__smd__SMD_machine-3-3__seed1109,transformer,smd,SMD_machine-3-3,1109,pending,,
grasp_protocol_v3__transformer__smd__SMD_machine-3-5__seed1109,transformer,smd,SMD_machine-3-5,1109,pending,,
grasp_protocol_v3__transformer__smd__SMD_machine-3-6__seed1109,transformer,smd,SMD_machine-3-6,1109,pending,,
grasp_protocol_v3__mean__smd__SMD_machine-1-2__seed1109,mean,smd,SMD_machine-1-2,1109,pending,,
grasp_protocol_v3__mean__smd__SMD_machine-1-3__seed1109,mean,smd,SMD_machine-1-3,1109,pending,,
grasp_protocol_v3__mean__smd__SMD_machine-1-4__seed1109,mean,smd,SMD_machine-1-4,1109,pending,,
grasp_protocol_v3__mean__smd__SMD_machine-1-6__seed1109,mean,smd,SMD_machine-1-6,1109,pending,,
grasp_protocol_v3__mean__smd__SMD_machine-1-7__seed1109,mean,smd,SMD_machine-1-7,1109,pending,,
grasp_protocol_v3__mean__smd__SMD_machine-1-8__seed1109,mean,smd,SMD_machine-1-8,1109,pending,,
grasp_protocol_v3__mean__smd__SMD_machine-2-1__seed1109,mean,smd,SMD_machine-2-1,1109,pending,,
grasp_protocol_v3__mean__smd__SMD_machine-2-2__seed1109,mean,smd,SMD_machine-2-2,1109,pending,,
grasp_protocol_v3__mean__smd__SMD_machine-2-3__seed1109,mean,smd,SMD_machine-2-3,1109,pending,,
grasp_protocol_v3__mean__smd__SMD_machine-2-4__seed1109,mean,smd,SMD_machine-2-4,1109,pending,,
grasp_protocol_v3__mean__smd__SMD_machine-2-5__seed1109,mean,smd,SMD_machine-2-5,1109,pending,,
grasp_protocol_v3__mean__smd__SMD_machine-2-7__seed1109,mean,smd,SMD_machine-2-7,1109,pending,,
grasp_protocol_v3__mean__smd__SMD_machine-2-9__seed1109,mean,smd,SMD_machine-2-9,1109,pending,,
grasp_protocol_v3__mean__smd__SMD_machine-3-10__seed1109,mean,smd,SMD_machine-3-10,1109,pending,,
grasp_protocol_v3__mean__smd__SMD_machine-3-2__seed1109,mean,smd,SMD_machine-3-2,1109,pending,,
grasp_protocol_v3__mean__smd__SMD_machine-3-3__seed1109,mean,smd,SMD_machine-3-3,1109,pending,,
grasp_protocol_v3__mean__smd__SMD_machine-3-5__seed1109,mean,smd,SMD_machine-3-5,1109,pending,,
grasp_protocol_v3__mean__smd__SMD_machine-3-6__seed1109,mean,smd,SMD_machine-3-6,1109,pending,,
grasp_protocol_v3__er__smd__SMD_machine-1-2__seed1109,er,smd,SMD_machine-1-2,1109,pending,,
grasp_protocol_v3__er__smd__SMD_machine-1-3__seed1109,er,smd,SMD_machine-1-3,1109,pending,,
grasp_protocol_v3__er__smd__SMD_machine-1-4__seed1109,er,smd,SMD_machine-1-4,1109,pending,,
grasp_protocol_v3__er__smd__SMD_machine-1-6__seed1109,er,smd,SMD_machine-1-6,1109,pending,,
grasp_protocol_v3__er__smd__SMD_machine-1-7__seed1109,er,smd,SMD_machine-1-7,1109,pending,,
grasp_protocol_v3__er__smd__SMD_machine-1-8__seed1109,er,smd,SMD_machine-1-8,1109,pending,,
grasp_protocol_v3__er__smd__SMD_machine-2-1__seed1109,er,smd,SMD_machine-2-1,1109,pending,,
grasp_protocol_v3__er__smd__SMD_machine-2-2__seed1109,er,smd,SMD_machine-2-2,1109,pending,,
grasp_protocol_v3__er__smd__SMD_machine-2-3__seed1109,er,smd,SMD_machine-2-3,1109,pending,,
grasp_protocol_v3__er__smd__SMD_machine-2-4__seed1109,er,smd,SMD_machine-2-4,1109,pending,,
grasp_protocol_v3__er__smd__SMD_machine-2-5__seed1109,er,smd,SMD_machine-2-5,1109,pending,,
grasp_protocol_v3__er__smd__SMD_machine-2-7__seed1109,er,smd,SMD_machine-2-7,1109,pending,,
grasp_protocol_v3__er__smd__SMD_machine-2-9__seed1109,er,smd,SMD_machine-2-9,1109,pending,,
grasp_protocol_v3__er__smd__SMD_machine-3-10__seed1109,er,smd,SMD_machine-3-10,1109,pending,,
grasp_protocol_v3__er__smd__SMD_machine-3-2__seed1109,er,smd,SMD_machine-3-2,1109,pending,,
grasp_protocol_v3__er__smd__SMD_machine-3-3__seed1109,er,smd,SMD_machine-3-3,1109,pending,,
grasp_protocol_v3__er__smd__SMD_machine-3-5__seed1109,er,smd,SMD_machine-3-5,1109,pending,,
grasp_protocol_v3__er__smd__SMD_machine-3-6__seed1109,er,smd,SMD_machine-3-6,1109,pending,,
grasp_protocol_v3__lin__smd__SMD_machine-1-2__seed1109,lin,smd,SMD_machine-1-2,1109,pending,,
grasp_protocol_v3__lin__smd__SMD_machine-1-3__seed1109,lin,smd,SMD_machine-1-3,1109,pending,,
grasp_protocol_v3__lin__smd__SMD_machine-1-4__seed1109,lin,smd,SMD_machine-1-4,1109,pending,,
grasp_protocol_v3__lin__smd__SMD_machine-1-6__seed1109,lin,smd,SMD_machine-1-6,1109,pending,,
grasp_protocol_v3__lin__smd__SMD_machine-1-7__seed1109,lin,smd,SMD_machine-1-7,1109,pending,,
grasp_protocol_v3__lin__smd__SMD_machine-1-8__seed1109,lin,smd,SMD_machine-1-8,1109,pending,,
grasp_protocol_v3__lin__smd__SMD_machine-2-1__seed1109,lin,smd,SMD_machine-2-1,1109,pending,,
grasp_protocol_v3__lin__smd__SMD_machine-2-2__seed1109,lin,smd,SMD_machine-2-2,1109,pending,,
grasp_protocol_v3__lin__smd__SMD_machine-2-3__seed1109,lin,smd,SMD_machine-2-3,1109,pending,,
grasp_protocol_v3__lin__smd__SMD_machine-2-4__seed1109,lin,smd,SMD_machine-2-4,1109,pending,,
grasp_protocol_v3__lin__smd__SMD_machine-2-5__seed1109,lin,smd,SMD_machine-2-5,1109,pending,,
grasp_protocol_v3__lin__smd__SMD_machine-2-7__seed1109,lin,smd,SMD_machine-2-7,1109,pending,,
grasp_protocol_v3__lin__smd__SMD_machine-2-9__seed1109,lin,smd,SMD_machine-2-9,1109,pending,,
grasp_protocol_v3__lin__smd__SMD_machine-3-10__seed1109,lin,smd,SMD_machine-3-10,1109,pending,,
grasp_protocol_v3__lin__smd__SMD_machine-3-2__seed1109,lin,smd,SMD_machine-3-2,1109,pending,,
grasp_protocol_v3__lin__smd__SMD_machine-3-3__seed1109,lin,smd,SMD_machine-3-3,1109,pending,,
grasp_protocol_v3__lin__smd__SMD_machine-3-5__seed1109,lin,smd,SMD_machine-3-5,1109,pending,,
grasp_protocol_v3__lin__smd__SMD_machine-3-6__seed1109,lin,smd,SMD_machine-3-6,1109,pending,,
grasp_protocol_v3__tau_0__smd__SMD_machine-1-2__seed1109,tau_0,smd,SMD_machine-1-2,1109,pending,,
grasp_protocol_v3__tau_0__smd__SMD_machine-1-3__seed1109,tau_0,smd,SMD_machine-1-3,1109,pending,,
grasp_protocol_v3__tau_0__smd__SMD_machine-1-4__seed1109,tau_0,smd,SMD_machine-1-4,1109,pending,,
grasp_protocol_v3__tau_0__smd__SMD_machine-1-6__seed1109,tau_0,smd,SMD_machine-1-6,1109,pending,,
grasp_protocol_v3__tau_0__smd__SMD_machine-1-7__seed1109,tau_0,smd,SMD_machine-1-7,1109,pending,,
grasp_protocol_v3__tau_0__smd__SMD_machine-1-8__seed1109,tau_0,smd,SMD_machine-1-8,1109,pending,,
grasp_protocol_v3__tau_0__smd__SMD_machine-2-1__seed1109,tau_0,smd,SMD_machine-2-1,1109,pending,,
grasp_protocol_v3__tau_0__smd__SMD_machine-2-2__seed1109,tau_0,smd,SMD_machine-2-2,1109,pending,,
grasp_protocol_v3__tau_0__smd__SMD_machine-2-3__seed1109,tau_0,smd,SMD_machine-2-3,1109,pending,,
grasp_protocol_v3__tau_0__smd__SMD_machine-2-4__seed1109,tau_0,smd,SMD_machine-2-4,1109,pending,,
grasp_protocol_v3__tau_0__smd__SMD_machine-2-5__seed1109,tau_0,smd,SMD_machine-2-5,1109,pending,,
grasp_protocol_v3__tau_0__smd__SMD_machine-2-7__seed1109,tau_0,smd,SMD_machine-2-7,1109,pending,,
grasp_protocol_v3__tau_0__smd__SMD_machine-2-9__seed1109,tau_0,smd,SMD_machine-2-9,1109,pending,,
grasp_protocol_v3__tau_0__smd__SMD_machine-3-10__seed1109,tau_0,smd,SMD_machine-3-10,1109,pending,,
grasp_protocol_v3__tau_0__smd__SMD_machine-3-2__seed1109,tau_0,smd,SMD_machine-3-2,1109,pending,,
grasp_protocol_v3__tau_0__smd__SMD_machine-3-3__seed1109,tau_0,smd,SMD_machine-3-3,1109,pending,,
grasp_protocol_v3__tau_0__smd__SMD_machine-3-5__seed1109,tau_0,smd,SMD_machine-3-5,1109,pending,,
grasp_protocol_v3__tau_0__smd__SMD_machine-3-6__seed1109,tau_0,smd,SMD_machine-3-6,1109,pending,,
grasp_protocol_v3__tau_0p25__smd__SMD_machine-1-2__seed1109,tau_0p25,smd,SMD_machine-1-2,1109,pending,,
grasp_protocol_v3__tau_0p25__smd__SMD_machine-1-3__seed1109,tau_0p25,smd,SMD_machine-1-3,1109,pending,,
grasp_protocol_v3__tau_0p25__smd__SMD_machine-1-4__seed1109,tau_0p25,smd,SMD_machine-1-4,1109,pending,,
grasp_protocol_v3__tau_0p25__smd__SMD_machine-1-6__seed1109,tau_0p25,smd,SMD_machine-1-6,1109,pending,,
grasp_protocol_v3__tau_0p25__smd__SMD_machine-1-7__seed1109,tau_0p25,smd,SMD_machine-1-7,1109,pending,,
grasp_protocol_v3__tau_0p25__smd__SMD_machine-1-8__seed1109,tau_0p25,smd,SMD_machine-1-8,1109,pending,,
grasp_protocol_v3__tau_0p25__smd__SMD_machine-2-1__seed1109,tau_0p25,smd,SMD_machine-2-1,1109,pending,,
grasp_protocol_v3__tau_0p25__smd__SMD_machine-2-2__seed1109,tau_0p25,smd,SMD_machine-2-2,1109,pending,,
grasp_protocol_v3__tau_0p25__smd__SMD_machine-2-3__seed1109,tau_0p25,smd,SMD_machine-2-3,1109,pending,,
grasp_protocol_v3__tau_0p25__smd__SMD_machine-2-4__seed1109,tau_0p25,smd,SMD_machine-2-4,1109,pending,,
grasp_protocol_v3__tau_0p25__smd__SMD_machine-2-5__seed1109,tau_0p25,smd,SMD_machine-2-5,1109,pending,,
grasp_protocol_v3__tau_0p25__smd__SMD_machine-2-7__seed1109,tau_0p25,smd,SMD_machine-2-7,1109,pending,,
grasp_protocol_v3__tau_0p25__smd__SMD_machine-2-9__seed1109,tau_0p25,smd,SMD_machine-2-9,1109,pending,,
grasp_protocol_v3__tau_0p25__smd__SMD_machine-3-10__seed1109,tau_0p25,smd,SMD_machine-3-10,1109,pending,,
grasp_protocol_v3__tau_0p25__smd__SMD_machine-3-2__seed1109,tau_0p25,smd,SMD_machine-3-2,1109,pending,,
grasp_protocol_v3__tau_0p25__smd__SMD_machine-3-3__seed1109,tau_0p25,smd,SMD_machine-3-3,1109,pending,,
grasp_protocol_v3__tau_0p25__smd__SMD_machine-3-5__seed1109,tau_0p25,smd,SMD_machine-3-5,1109,pending,,
grasp_protocol_v3__tau_0p25__smd__SMD_machine-3-6__seed1109,tau_0p25,smd,SMD_machine-3-6,1109,pending,,
grasp_protocol_v3__tau_0p5__smd__SMD_machine-1-2__seed1109,tau_0p5,smd,SMD_machine-1-2,1109,pending,,
grasp_protocol_v3__tau_0p5__smd__SMD_machine-1-3__seed1109,tau_0p5,smd,SMD_machine-1-3,1109,pending,,
grasp_protocol_v3__tau_0p5__smd__SMD_machine-1-4__seed1109,tau_0p5,smd,SMD_machine-1-4,1109,pending,,
grasp_protocol_v3__tau_0p5__smd__SMD_machine-1-6__seed1109,tau_0p5,smd,SMD_machine-1-6,1109,pending,,
grasp_protocol_v3__tau_0p5__smd__SMD_machine-1-7__seed1109,tau_0p5,smd,SMD_machine-1-7,1109,pending,,
grasp_protocol_v3__tau_0p5__smd__SMD_machine-1-8__seed1109,tau_0p5,smd,SMD_machine-1-8,1109,pending,,
grasp_protocol_v3__tau_0p5__smd__SMD_machine-2-1__seed1109,tau_0p5,smd,SMD_machine-2-1,1109,pending,,
grasp_protocol_v3__tau_0p5__smd__SMD_machine-2-2__seed1109,tau_0p5,smd,SMD_machine-2-2,1109,pending,,
grasp_protocol_v3__tau_0p5__smd__SMD_machine-2-3__seed1109,tau_0p5,smd,SMD_machine-2-3,1109,pending,,
grasp_protocol_v3__tau_0p5__smd__SMD_machine-2-4__seed1109,tau_0p5,smd,SMD_machine-2-4,1109,pending,,
grasp_protocol_v3__tau_0p5__smd__SMD_machine-2-5__seed1109,tau_0p5,smd,SMD_machine-2-5,1109,pending,,
grasp_protocol_v3__tau_0p5__smd__SMD_machine-2-7__seed1109,tau_0p5,smd,SMD_machine-2-7,1109,pending,,
grasp_protocol_v3__tau_0p5__smd__SMD_machine-2-9__seed1109,tau_0p5,smd,SMD_machine-2-9,1109,pending,,
grasp_protocol_v3__tau_0p5__smd__SMD_machine-3-10__seed1109,tau_0p5,smd,SMD_machine-3-10,1109,pending,,
grasp_protocol_v3__tau_0p5__smd__SMD_machine-3-2__seed1109,tau_0p5,smd,SMD_machine-3-2,1109,pending,,
grasp_protocol_v3__tau_0p5__smd__SMD_machine-3-3__seed1109,tau_0p5,smd,SMD_machine-3-3,1109,pending,,
grasp_protocol_v3__tau_0p5__smd__SMD_machine-3-5__seed1109,tau_0p5,smd,SMD_machine-3-5,1109,pending,,
grasp_protocol_v3__tau_0p5__smd__SMD_machine-3-6__seed1109,tau_0p5,smd,SMD_machine-3-6,1109,pending,,
grasp_protocol_v3__tau_1__smd__SMD_machine-1-2__seed1109,tau_1,smd,SMD_machine-1-2,1109,pending,,
grasp_protocol_v3__tau_1__smd__SMD_machine-1-3__seed1109,tau_1,smd,SMD_machine-1-3,1109,pending,,
grasp_protocol_v3__tau_1__smd__SMD_machine-1-4__seed1109,tau_1,smd,SMD_machine-1-4,1109,pending,,
grasp_protocol_v3__tau_1__smd__SMD_machine-1-6__seed1109,tau_1,smd,SMD_machine-1-6,1109,pending,,
grasp_protocol_v3__tau_1__smd__SMD_machine-1-7__seed1109,tau_1,smd,SMD_machine-1-7,1109,pending,,
grasp_protocol_v3__tau_1__smd__SMD_machine-1-8__seed1109,tau_1,smd,SMD_machine-1-8,1109,pending,,
grasp_protocol_v3__tau_1__smd__SMD_machine-2-1__seed1109,tau_1,smd,SMD_machine-2-1,1109,pending,,
grasp_protocol_v3__tau_1__smd__SMD_machine-2-2__seed1109,tau_1,smd,SMD_machine-2-2,1109,pending,,
grasp_protocol_v3__tau_1__smd__SMD_machine-2-3__seed1109,tau_1,smd,SMD_machine-2-3,1109,pending,,
grasp_protocol_v3__tau_1__smd__SMD_machine-2-4__seed1109,tau_1,smd,SMD_machine-2-4,1109,pending,,
grasp_protocol_v3__tau_1__smd__SMD_machine-2-5__seed1109,tau_1,smd,SMD_machine-2-5,1109,pending,,
grasp_protocol_v3__tau_1__smd__SMD_machine-2-7__seed1109,tau_1,smd,SMD_machine-2-7,1109,pending,,
grasp_protocol_v3__tau_1__smd__SMD_machine-2-9__seed1109,tau_1,smd,SMD_machine-2-9,1109,pending,,
grasp_protocol_v3__tau_1__smd__SMD_machine-3-10__seed1109,tau_1,smd,SMD_machine-3-10,1109,pending,,
grasp_protocol_v3__tau_1__smd__SMD_machine-3-2__seed1109,tau_1,smd,SMD_machine-3-2,1109,pending,,
grasp_protocol_v3__tau_1__smd__SMD_machine-3-3__seed1109,tau_1,smd,SMD_machine-3-3,1109,pending,,
grasp_protocol_v3__tau_1__smd__SMD_machine-3-5__seed1109,tau_1,smd,SMD_machine-3-5,1109,pending,,
grasp_protocol_v3__tau_1__smd__SMD_machine-3-6__seed1109,tau_1,smd,SMD_machine-3-6,1109,pending,,
grasp_protocol_v3__tau_4__smd__SMD_machine-1-2__seed1109,tau_4,smd,SMD_machine-1-2,1109,pending,,
grasp_protocol_v3__tau_4__smd__SMD_machine-1-3__seed1109,tau_4,smd,SMD_machine-1-3,1109,pending,,
grasp_protocol_v3__tau_4__smd__SMD_machine-1-4__seed1109,tau_4,smd,SMD_machine-1-4,1109,pending,,
grasp_protocol_v3__tau_4__smd__SMD_machine-1-6__seed1109,tau_4,smd,SMD_machine-1-6,1109,pending,,
grasp_protocol_v3__tau_4__smd__SMD_machine-1-7__seed1109,tau_4,smd,SMD_machine-1-7,1109,pending,,
grasp_protocol_v3__tau_4__smd__SMD_machine-1-8__seed1109,tau_4,smd,SMD_machine-1-8,1109,pending,,
grasp_protocol_v3__tau_4__smd__SMD_machine-2-1__seed1109,tau_4,smd,SMD_machine-2-1,1109,pending,,
grasp_protocol_v3__tau_4__smd__SMD_machine-2-2__seed1109,tau_4,smd,SMD_machine-2-2,1109,pending,,
grasp_protocol_v3__tau_4__smd__SMD_machine-2-3__seed1109,tau_4,smd,SMD_machine-2-3,1109,pending,,
grasp_protocol_v3__tau_4__smd__SMD_machine-2-4__seed1109,tau_4,smd,SMD_machine-2-4,1109,pending,,
grasp_protocol_v3__tau_4__smd__SMD_machine-2-5__seed1109,tau_4,smd,SMD_machine-2-5,1109,pending,,
grasp_protocol_v3__tau_4__smd__SMD_machine-2-7__seed1109,tau_4,smd,SMD_machine-2-7,1109,pending,,
grasp_protocol_v3__tau_4__smd__SMD_machine-2-9__seed1109,tau_4,smd,SMD_machine-2-9,1109,pending,,
grasp_protocol_v3__tau_4__smd__SMD_machine-3-10__seed1109,tau_4,smd,SMD_machine-3-10,1109,pending,,
grasp_protocol_v3__tau_4__smd__SMD_machine-3-2__seed1109,tau_4,smd,SMD_machine-3-2,1109,pending,,
grasp_protocol_v3__tau_4__smd__SMD_machine-3-3__seed1109,tau_4,smd,SMD_machine-3-3,1109,pending,,
grasp_protocol_v3__tau_4__smd__SMD_machine-3-5__seed1109,tau_4,smd,SMD_machine-3-5,1109,pending,,
grasp_protocol_v3__tau_4__smd__SMD_machine-3-6__seed1109,tau_4,smd,SMD_machine-3-6,1109,pending,,
grasp_protocol_v3__tau_8__smd__SMD_machine-1-2__seed1109,tau_8,smd,SMD_machine-1-2,1109,pending,,
grasp_protocol_v3__tau_8__smd__SMD_machine-1-3__seed1109,tau_8,smd,SMD_machine-1-3,1109,pending,,
grasp_protocol_v3__tau_8__smd__SMD_machine-1-4__seed1109,tau_8,smd,SMD_machine-1-4,1109,pending,,
grasp_protocol_v3__tau_8__smd__SMD_machine-1-6__seed1109,tau_8,smd,SMD_machine-1-6,1109,pending,,
grasp_protocol_v3__tau_8__smd__SMD_machine-1-7__seed1109,tau_8,smd,SMD_machine-1-7,1109,pending,,
grasp_protocol_v3__tau_8__smd__SMD_machine-1-8__seed1109,tau_8,smd,SMD_machine-1-8,1109,pending,,
grasp_protocol_v3__tau_8__smd__SMD_machine-2-1__seed1109,tau_8,smd,SMD_machine-2-1,1109,pending,,
grasp_protocol_v3__tau_8__smd__SMD_machine-2-2__seed1109,tau_8,smd,SMD_machine-2-2,1109,pending,,
grasp_protocol_v3__tau_8__smd__SMD_machine-2-3__seed1109,tau_8,smd,SMD_machine-2-3,1109,pending,,
grasp_protocol_v3__tau_8__smd__SMD_machine-2-4__seed1109,tau_8,smd,SMD_machine-2-4,1109,pending,,
grasp_protocol_v3__tau_8__smd__SMD_machine-2-5__seed1109,tau_8,smd,SMD_machine-2-5,1109,pending,,
grasp_protocol_v3__tau_8__smd__SMD_machine-2-7__seed1109,tau_8,smd,SMD_machine-2-7,1109,pending,,
grasp_protocol_v3__tau_8__smd__SMD_machine-2-9__seed1109,tau_8,smd,SMD_machine-2-9,1109,pending,,
grasp_protocol_v3__tau_8__smd__SMD_machine-3-10__seed1109,tau_8,smd,SMD_machine-3-10,1109,pending,,
grasp_protocol_v3__tau_8__smd__SMD_machine-3-2__seed1109,tau_8,smd,SMD_machine-3-2,1109,pending,,
grasp_protocol_v3__tau_8__smd__SMD_machine-3-3__seed1109,tau_8,smd,SMD_machine-3-3,1109,pending,,
grasp_protocol_v3__tau_8__smd__SMD_machine-3-5__seed1109,tau_8,smd,SMD_machine-3-5,1109,pending,,
grasp_protocol_v3__tau_8__smd__SMD_machine-3-6__seed1109,tau_8,smd,SMD_machine-3-6,1109,pending,,
grasp_protocol_v3__gnn__smd__SMD_machine-1-2__seed1110,gnn,smd,SMD_machine-1-2,1110,pending,,
grasp_protocol_v3__gnn__smd__SMD_machine-1-3__seed1110,gnn,smd,SMD_machine-1-3,1110,pending,,
grasp_protocol_v3__gnn__smd__SMD_machine-1-4__seed1110,gnn,smd,SMD_machine-1-4,1110,pending,,
grasp_protocol_v3__gnn__smd__SMD_machine-1-6__seed1110,gnn,smd,SMD_machine-1-6,1110,pending,,
grasp_protocol_v3__gnn__smd__SMD_machine-1-7__seed1110,gnn,smd,SMD_machine-1-7,1110,pending,,
grasp_protocol_v3__gnn__smd__SMD_machine-1-8__seed1110,gnn,smd,SMD_machine-1-8,1110,pending,,
grasp_protocol_v3__gnn__smd__SMD_machine-2-1__seed1110,gnn,smd,SMD_machine-2-1,1110,pending,,
grasp_protocol_v3__gnn__smd__SMD_machine-2-2__seed1110,gnn,smd,SMD_machine-2-2,1110,pending,,
grasp_protocol_v3__gnn__smd__SMD_machine-2-3__seed1110,gnn,smd,SMD_machine-2-3,1110,pending,,
grasp_protocol_v3__gnn__smd__SMD_machine-2-4__seed1110,gnn,smd,SMD_machine-2-4,1110,pending,,
grasp_protocol_v3__gnn__smd__SMD_machine-2-5__seed1110,gnn,smd,SMD_machine-2-5,1110,pending,,
grasp_protocol_v3__gnn__smd__SMD_machine-2-7__seed1110,gnn,smd,SMD_machine-2-7,1110,pending,,
grasp_protocol_v3__gnn__smd__SMD_machine-2-9__seed1110,gnn,smd,SMD_machine-2-9,1110,pending,,
grasp_protocol_v3__gnn__smd__SMD_machine-3-10__seed1110,gnn,smd,SMD_machine-3-10,1110,pending,,
grasp_protocol_v3__gnn__smd__SMD_machine-3-2__seed1110,gnn,smd,SMD_machine-3-2,1110,pending,,
grasp_protocol_v3__gnn__smd__SMD_machine-3-3__seed1110,gnn,smd,SMD_machine-3-3,1110,pending,,
grasp_protocol_v3__gnn__smd__SMD_machine-3-5__seed1110,gnn,smd,SMD_machine-3-5,1110,pending,,
grasp_protocol_v3__gnn__smd__SMD_machine-3-6__seed1110,gnn,smd,SMD_machine-3-6,1110,pending,,
grasp_protocol_v3__main__smd__SMD_machine-1-2__seed1110,main,smd,SMD_machine-1-2,1110,pending,,
grasp_protocol_v3__main__smd__SMD_machine-1-3__seed1110,main,smd,SMD_machine-1-3,1110,pending,,
grasp_protocol_v3__main__smd__SMD_machine-1-4__seed1110,main,smd,SMD_machine-1-4,1110,pending,,
grasp_protocol_v3__main__smd__SMD_machine-1-6__seed1110,main,smd,SMD_machine-1-6,1110,pending,,
grasp_protocol_v3__main__smd__SMD_machine-1-7__seed1110,main,smd,SMD_machine-1-7,1110,pending,,
grasp_protocol_v3__main__smd__SMD_machine-1-8__seed1110,main,smd,SMD_machine-1-8,1110,pending,,
grasp_protocol_v3__main__smd__SMD_machine-2-1__seed1110,main,smd,SMD_machine-2-1,1110,pending,,
grasp_protocol_v3__main__smd__SMD_machine-2-2__seed1110,main,smd,SMD_machine-2-2,1110,pending,,
grasp_protocol_v3__main__smd__SMD_machine-2-3__seed1110,main,smd,SMD_machine-2-3,1110,pending,,
grasp_protocol_v3__main__smd__SMD_machine-2-4__seed1110,main,smd,SMD_machine-2-4,1110,pending,,
grasp_protocol_v3__main__smd__SMD_machine-2-5__seed1110,main,smd,SMD_machine-2-5,1110,pending,,
grasp_protocol_v3__main__smd__SMD_machine-2-7__seed1110,main,smd,SMD_machine-2-7,1110,pending,,
grasp_protocol_v3__main__smd__SMD_machine-2-9__seed1110,main,smd,SMD_machine-2-9,1110,pending,,
grasp_protocol_v3__main__smd__SMD_machine-3-10__seed1110,main,smd,SMD_machine-3-10,1110,pending,,
grasp_protocol_v3__main__smd__SMD_machine-3-2__seed1110,main,smd,SMD_machine-3-2,1110,pending,,
grasp_protocol_v3__main__smd__SMD_machine-3-3__seed1110,main,smd,SMD_machine-3-3,1110,pending,,
grasp_protocol_v3__main__smd__SMD_machine-3-5__seed1110,main,smd,SMD_machine-3-5,1110,pending,,
grasp_protocol_v3__main__smd__SMD_machine-3-6__seed1110,main,smd,SMD_machine-3-6,1110,pending,,
grasp_protocol_v3__transformer__smd__SMD_machine-1-2__seed1110,transformer,smd,SMD_machine-1-2,1110,pending,,
grasp_protocol_v3__transformer__smd__SMD_machine-1-3__seed1110,transformer,smd,SMD_machine-1-3,1110,pending,,
grasp_protocol_v3__transformer__smd__SMD_machine-1-4__seed1110,transformer,smd,SMD_machine-1-4,1110,pending,,
grasp_protocol_v3__transformer__smd__SMD_machine-1-6__seed1110,transformer,smd,SMD_machine-1-6,1110,pending,,
grasp_protocol_v3__transformer__smd__SMD_machine-1-7__seed1110,transformer,smd,SMD_machine-1-7,1110,pending,,
grasp_protocol_v3__transformer__smd__SMD_machine-1-8__seed1110,transformer,smd,SMD_machine-1-8,1110,pending,,
grasp_protocol_v3__transformer__smd__SMD_machine-2-1__seed1110,transformer,smd,SMD_machine-2-1,1110,pending,,
grasp_protocol_v3__transformer__smd__SMD_machine-2-2__seed1110,transformer,smd,SMD_machine-2-2,1110,pending,,
grasp_protocol_v3__transformer__smd__SMD_machine-2-3__seed1110,transformer,smd,SMD_machine-2-3,1110,pending,,
grasp_protocol_v3__transformer__smd__SMD_machine-2-4__seed1110,transformer,smd,SMD_machine-2-4,1110,pending,,
grasp_protocol_v3__transformer__smd__SMD_machine-2-5__seed1110,transformer,smd,SMD_machine-2-5,1110,pending,,
grasp_protocol_v3__transformer__smd__SMD_machine-2-7__seed1110,transformer,smd,SMD_machine-2-7,1110,pending,,
grasp_protocol_v3__transformer__smd__SMD_machine-2-9__seed1110,transformer,smd,SMD_machine-2-9,1110,pending,,
grasp_protocol_v3__transformer__smd__SMD_machine-3-10__seed1110,transformer,smd,SMD_machine-3-10,1110,pending,,
grasp_protocol_v3__transformer__smd__SMD_machine-3-2__seed1110,transformer,smd,SMD_machine-3-2,1110,pending,,
grasp_protocol_v3__transformer__smd__SMD_machine-3-3__seed1110,transformer,smd,SMD_machine-3-3,1110,pending,,
grasp_protocol_v3__transformer__smd__SMD_machine-3-5__seed1110,transformer,smd,SMD_machine-3-5,1110,pending,,
grasp_protocol_v3__transformer__smd__SMD_machine-3-6__seed1110,transformer,smd,SMD_machine-3-6,1110,pending,,
grasp_protocol_v3__mean__smd__SMD_machine-1-2__seed1110,mean,smd,SMD_machine-1-2,1110,pending,,
grasp_protocol_v3__mean__smd__SMD_machine-1-3__seed1110,mean,smd,SMD_machine-1-3,1110,pending,,
grasp_protocol_v3__mean__smd__SMD_machine-1-4__seed1110,mean,smd,SMD_machine-1-4,1110,pending,,
grasp_protocol_v3__mean__smd__SMD_machine-1-6__seed1110,mean,smd,SMD_machine-1-6,1110,pending,,
grasp_protocol_v3__mean__smd__SMD_machine-1-7__seed1110,mean,smd,SMD_machine-1-7,1110,pending,,
grasp_protocol_v3__mean__smd__SMD_machine-1-8__seed1110,mean,smd,SMD_machine-1-8,1110,pending,,
grasp_protocol_v3__mean__smd__SMD_machine-2-1__seed1110,mean,smd,SMD_machine-2-1,1110,pending,,
grasp_protocol_v3__mean__smd__SMD_machine-2-2__seed1110,mean,smd,SMD_machine-2-2,1110,pending,,
grasp_protocol_v3__mean__smd__SMD_machine-2-3__seed1110,mean,smd,SMD_machine-2-3,1110,pending,,
grasp_protocol_v3__mean__smd__SMD_machine-2-4__seed1110,mean,smd,SMD_machine-2-4,1110,pending,,
grasp_protocol_v3__mean__smd__SMD_machine-2-5__seed1110,mean,smd,SMD_machine-2-5,1110,pending,,
grasp_protocol_v3__mean__smd__SMD_machine-2-7__seed1110,mean,smd,SMD_machine-2-7,1110,pending,,
grasp_protocol_v3__mean__smd__SMD_machine-2-9__seed1110,mean,smd,SMD_machine-2-9,1110,pending,,
grasp_protocol_v3__mean__smd__SMD_machine-3-10__seed1110,mean,smd,SMD_machine-3-10,1110,pending,,
grasp_protocol_v3__mean__smd__SMD_machine-3-2__seed1110,mean,smd,SMD_machine-3-2,1110,pending,,
grasp_protocol_v3__mean__smd__SMD_machine-3-3__seed1110,mean,smd,SMD_machine-3-3,1110,pending,,
grasp_protocol_v3__mean__smd__SMD_machine-3-5__seed1110,mean,smd,SMD_machine-3-5,1110,pending,,
grasp_protocol_v3__mean__smd__SMD_machine-3-6__seed1110,mean,smd,SMD_machine-3-6,1110,pending,,
grasp_protocol_v3__er__smd__SMD_machine-1-2__seed1110,er,smd,SMD_machine-1-2,1110,pending,,
grasp_protocol_v3__er__smd__SMD_machine-1-3__seed1110,er,smd,SMD_machine-1-3,1110,pending,,
grasp_protocol_v3__er__smd__SMD_machine-1-4__seed1110,er,smd,SMD_machine-1-4,1110,pending,,
grasp_protocol_v3__er__smd__SMD_machine-1-6__seed1110,er,smd,SMD_machine-1-6,1110,pending,,
grasp_protocol_v3__er__smd__SMD_machine-1-7__seed1110,er,smd,SMD_machine-1-7,1110,pending,,
grasp_protocol_v3__er__smd__SMD_machine-1-8__seed1110,er,smd,SMD_machine-1-8,1110,pending,,
grasp_protocol_v3__er__smd__SMD_machine-2-1__seed1110,er,smd,SMD_machine-2-1,1110,pending,,
grasp_protocol_v3__er__smd__SMD_machine-2-2__seed1110,er,smd,SMD_machine-2-2,1110,pending,,
grasp_protocol_v3__er__smd__SMD_machine-2-3__seed1110,er,smd,SMD_machine-2-3,1110,pending,,
grasp_protocol_v3__er__smd__SMD_machine-2-4__seed1110,er,smd,SMD_machine-2-4,1110,pending,,
grasp_protocol_v3__er__smd__SMD_machine-2-5__seed1110,er,smd,SMD_machine-2-5,1110,pending,,
grasp_protocol_v3__er__smd__SMD_machine-2-7__seed1110,er,smd,SMD_machine-2-7,1110,pending,,
grasp_protocol_v3__er__smd__SMD_machine-2-9__seed1110,er,smd,SMD_machine-2-9,1110,pending,,
grasp_protocol_v3__er__smd__SMD_machine-3-10__seed1110,er,smd,SMD_machine-3-10,1110,pending,,
grasp_protocol_v3__er__smd__SMD_machine-3-2__seed1110,er,smd,SMD_machine-3-2,1110,pending,,
grasp_protocol_v3__er__smd__SMD_machine-3-3__seed1110,er,smd,SMD_machine-3-3,1110,pending,,
grasp_protocol_v3__er__smd__SMD_machine-3-5__seed1110,er,smd,SMD_machine-3-5,1110,pending,,
grasp_protocol_v3__er__smd__SMD_machine-3-6__seed1110,er,smd,SMD_machine-3-6,1110,pending,,
grasp_protocol_v3__lin__smd__SMD_machine-1-2__seed1110,lin,smd,SMD_machine-1-2,1110,pending,,
grasp_protocol_v3__lin__smd__SMD_machine-1-3__seed1110,lin,smd,SMD_machine-1-3,1110,pending,,
grasp_protocol_v3__lin__smd__SMD_machine-1-4__seed1110,lin,smd,SMD_machine-1-4,1110,pending,,
grasp_protocol_v3__lin__smd__SMD_machine-1-6__seed1110,lin,smd,SMD_machine-1-6,1110,pending,,
grasp_protocol_v3__lin__smd__SMD_machine-1-7__seed1110,lin,smd,SMD_machine-1-7,1110,pending,,
grasp_protocol_v3__lin__smd__SMD_machine-1-8__seed1110,lin,smd,SMD_machine-1-8,1110,pending,,
grasp_protocol_v3__lin__smd__SMD_machine-2-1__seed1110,lin,smd,SMD_machine-2-1,1110,pending,,
grasp_protocol_v3__lin__smd__SMD_machine-2-2__seed1110,lin,smd,SMD_machine-2-2,1110,pending,,
grasp_protocol_v3__lin__smd__SMD_machine-2-3__seed1110,lin,smd,SMD_machine-2-3,1110,pending,,
grasp_protocol_v3__lin__smd__SMD_machine-2-4__seed1110,lin,smd,SMD_machine-2-4,1110,pending,,
grasp_protocol_v3__lin__smd__SMD_machine-2-5__seed1110,lin,smd,SMD_machine-2-5,1110,pending,,
grasp_protocol_v3__lin__smd__SMD_machine-2-7__seed1110,lin,smd,SMD_machine-2-7,1110,pending,,
grasp_protocol_v3__lin__smd__SMD_machine-2-9__seed1110,lin,smd,SMD_machine-2-9,1110,pending,,
grasp_protocol_v3__lin__smd__SMD_machine-3-10__seed1110,lin,smd,SMD_machine-3-10,1110,pending,,
grasp_protocol_v3__lin__smd__SMD_machine-3-2__seed1110,lin,smd,SMD_machine-3-2,1110,pending,,
grasp_protocol_v3__lin__smd__SMD_machine-3-3__seed1110,lin,smd,SMD_machine-3-3,1110,pending,,
grasp_protocol_v3__lin__smd__SMD_machine-3-5__seed1110,lin,smd,SMD_machine-3-5,1110,pending,,
grasp_protocol_v3__lin__smd__SMD_machine-3-6__seed1110,lin,smd,SMD_machine-3-6,1110,pending,,
grasp_protocol_v3__tau_0__smd__SMD_machine-1-2__seed1110,tau_0,smd,SMD_machine-1-2,1110,pending,,
grasp_protocol_v3__tau_0__smd__SMD_machine-1-3__seed1110,tau_0,smd,SMD_machine-1-3,1110,pending,,
grasp_protocol_v3__tau_0__smd__SMD_machine-1-4__seed1110,tau_0,smd,SMD_machine-1-4,1110,pending,,
grasp_protocol_v3__tau_0__smd__SMD_machine-1-6__seed1110,tau_0,smd,SMD_machine-1-6,1110,pending,,
grasp_protocol_v3__tau_0__smd__SMD_machine-1-7__seed1110,tau_0,smd,SMD_machine-1-7,1110,pending,,
grasp_protocol_v3__tau_0__smd__SMD_machine-1-8__seed1110,tau_0,smd,SMD_machine-1-8,1110,pending,,
grasp_protocol_v3__tau_0__smd__SMD_machine-2-1__seed1110,tau_0,smd,SMD_machine-2-1,1110,pending,,
grasp_protocol_v3__tau_0__smd__SMD_machine-2-2__seed1110,tau_0,smd,SMD_machine-2-2,1110,pending,,
grasp_protocol_v3__tau_0__smd__SMD_machine-2-3__seed1110,tau_0,smd,SMD_machine-2-3,1110,pending,,
grasp_protocol_v3__tau_0__smd__SMD_machine-2-4__seed1110,tau_0,smd,SMD_machine-2-4,1110,pending,,
grasp_protocol_v3__tau_0__smd__SMD_machine-2-5__seed1110,tau_0,smd,SMD_machine-2-5,1110,pending,,
grasp_protocol_v3__tau_0__smd__SMD_machine-2-7__seed1110,tau_0,smd,SMD_machine-2-7,1110,pending,,
grasp_protocol_v3__tau_0__smd__SMD_machine-2-9__seed1110,tau_0,smd,SMD_machine-2-9,1110,pending,,
grasp_protocol_v3__tau_0__smd__SMD_machine-3-10__seed1110,tau_0,smd,SMD_machine-3-10,1110,pending,,
grasp_protocol_v3__tau_0__smd__SMD_machine-3-2__seed1110,tau_0,smd,SMD_machine-3-2,1110,pending,,
grasp_protocol_v3__tau_0__smd__SMD_machine-3-3__seed1110,tau_0,smd,SMD_machine-3-3,1110,pending,,
grasp_protocol_v3__tau_0__smd__SMD_machine-3-5__seed1110,tau_0,smd,SMD_machine-3-5,1110,pending,,
grasp_protocol_v3__tau_0__smd__SMD_machine-3-6__seed1110,tau_0,smd,SMD_machine-3-6,1110,pending,,
grasp_protocol_v3__tau_0p25__smd__SMD_machine-1-2__seed1110,tau_0p25,smd,SMD_machine-1-2,1110,pending,,
grasp_protocol_v3__tau_0p25__smd__SMD_machine-1-3__seed1110,tau_0p25,smd,SMD_machine-1-3,1110,pending,,
grasp_protocol_v3__tau_0p25__smd__SMD_machine-1-4__seed1110,tau_0p25,smd,SMD_machine-1-4,1110,pending,,
grasp_protocol_v3__tau_0p25__smd__SMD_machine-1-6__seed1110,tau_0p25,smd,SMD_machine-1-6,1110,pending,,
grasp_protocol_v3__tau_0p25__smd__SMD_machine-1-7__seed1110,tau_0p25,smd,SMD_machine-1-7,1110,pending,,
grasp_protocol_v3__tau_0p25__smd__SMD_machine-1-8__seed1110,tau_0p25,smd,SMD_machine-1-8,1110,pending,,
grasp_protocol_v3__tau_0p25__smd__SMD_machine-2-1__seed1110,tau_0p25,smd,SMD_machine-2-1,1110,pending,,
grasp_protocol_v3__tau_0p25__smd__SMD_machine-2-2__seed1110,tau_0p25,smd,SMD_machine-2-2,1110,pending,,
grasp_protocol_v3__tau_0p25__smd__SMD_machine-2-3__seed1110,tau_0p25,smd,SMD_machine-2-3,1110,pending,,
grasp_protocol_v3__tau_0p25__smd__SMD_machine-2-4__seed1110,tau_0p25,smd,SMD_machine-2-4,1110,pending,,
grasp_protocol_v3__tau_0p25__smd__SMD_machine-2-5__seed1110,tau_0p25,smd,SMD_machine-2-5,1110,pending,,
grasp_protocol_v3__tau_0p25__smd__SMD_machine-2-7__seed1110,tau_0p25,smd,SMD_machine-2-7,1110,pending,,
grasp_protocol_v3__tau_0p25__smd__SMD_machine-2-9__seed1110,tau_0p25,smd,SMD_machine-2-9,1110,pending,,
grasp_protocol_v3__tau_0p25__smd__SMD_machine-3-10__seed1110,tau_0p25,smd,SMD_machine-3-10,1110,pending,,
grasp_protocol_v3__tau_0p25__smd__SMD_machine-3-2__seed1110,tau_0p25,smd,SMD_machine-3-2,1110,pending,,
grasp_protocol_v3__tau_0p25__smd__SMD_machine-3-3__seed1110,tau_0p25,smd,SMD_machine-3-3,1110,pending,,
grasp_protocol_v3__tau_0p25__smd__SMD_machine-3-5__seed1110,tau_0p25,smd,SMD_machine-3-5,1110,pending,,
grasp_protocol_v3__tau_0p25__smd__SMD_machine-3-6__seed1110,tau_0p25,smd,SMD_machine-3-6,1110,pending,,
grasp_protocol_v3__tau_0p5__smd__SMD_machine-1-2__seed1110,tau_0p5,smd,SMD_machine-1-2,1110,pending,,
grasp_protocol_v3__tau_0p5__smd__SMD_machine-1-3__seed1110,tau_0p5,smd,SMD_machine-1-3,1110,pending,,
grasp_protocol_v3__tau_0p5__smd__SMD_machine-1-4__seed1110,tau_0p5,smd,SMD_machine-1-4,1110,pending,,
grasp_protocol_v3__tau_0p5__smd__SMD_machine-1-6__seed1110,tau_0p5,smd,SMD_machine-1-6,1110,pending,,
grasp_protocol_v3__tau_0p5__smd__SMD_machine-1-7__seed1110,tau_0p5,smd,SMD_machine-1-7,1110,pending,,
grasp_protocol_v3__tau_0p5__smd__SMD_machine-1-8__seed1110,tau_0p5,smd,SMD_machine-1-8,1110,pending,,
grasp_protocol_v3__tau_0p5__smd__SMD_machine-2-1__seed1110,tau_0p5,smd,SMD_machine-2-1,1110,pending,,
grasp_protocol_v3__tau_0p5__smd__SMD_machine-2-2__seed1110,tau_0p5,smd,SMD_machine-2-2,1110,pending,,
grasp_protocol_v3__tau_0p5__smd__SMD_machine-2-3__seed1110,tau_0p5,smd,SMD_machine-2-3,1110,pending,,
grasp_protocol_v3__tau_0p5__smd__SMD_machine-2-4__seed1110,tau_0p5,smd,SMD_machine-2-4,1110,pending,,
grasp_protocol_v3__tau_0p5__smd__SMD_machine-2-5__seed1110,tau_0p5,smd,SMD_machine-2-5,1110,pending,,
grasp_protocol_v3__tau_0p5__smd__SMD_machine-2-7__seed1110,tau_0p5,smd,SMD_machine-2-7,1110,pending,,
grasp_protocol_v3__tau_0p5__smd__SMD_machine-2-9__seed1110,tau_0p5,smd,SMD_machine-2-9,1110,pending,,
grasp_protocol_v3__tau_0p5__smd__SMD_machine-3-10__seed1110,tau_0p5,smd,SMD_machine-3-10,1110,pending,,
grasp_protocol_v3__tau_0p5__smd__SMD_machine-3-2__seed1110,tau_0p5,smd,SMD_machine-3-2,1110,pending,,
grasp_protocol_v3__tau_0p5__smd__SMD_machine-3-3__seed1110,tau_0p5,smd,SMD_machine-3-3,1110,pending,,
grasp_protocol_v3__tau_0p5__smd__SMD_machine-3-5__seed1110,tau_0p5,smd,SMD_machine-3-5,1110,pending,,
grasp_protocol_v3__tau_0p5__smd__SMD_machine-3-6__seed1110,tau_0p5,smd,SMD_machine-3-6,1110,pending,,
grasp_protocol_v3__tau_1__smd__SMD_machine-1-2__seed1110,tau_1,smd,SMD_machine-1-2,1110,pending,,
grasp_protocol_v3__tau_1__smd__SMD_machine-1-3__seed1110,tau_1,smd,SMD_machine-1-3,1110,pending,,
grasp_protocol_v3__tau_1__smd__SMD_machine-1-4__seed1110,tau_1,smd,SMD_machine-1-4,1110,pending,,
grasp_protocol_v3__tau_1__smd__SMD_machine-1-6__seed1110,tau_1,smd,SMD_machine-1-6,1110,pending,,
grasp_protocol_v3__tau_1__smd__SMD_machine-1-7__seed1110,tau_1,smd,SMD_machine-1-7,1110,pending,,
grasp_protocol_v3__tau_1__smd__SMD_machine-1-8__seed1110,tau_1,smd,SMD_machine-1-8,1110,pending,,
grasp_protocol_v3__tau_1__smd__SMD_machine-2-1__seed1110,tau_1,smd,SMD_machine-2-1,1110,pending,,
grasp_protocol_v3__tau_1__smd__SMD_machine-2-2__seed1110,tau_1,smd,SMD_machine-2-2,1110,pending,,
grasp_protocol_v3__tau_1__smd__SMD_machine-2-3__seed1110,tau_1,smd,SMD_machine-2-3,1110,pending,,
grasp_protocol_v3__tau_1__smd__SMD_machine-2-4__seed1110,tau_1,smd,SMD_machine-2-4,1110,pending,,
grasp_protocol_v3__tau_1__smd__SMD_machine-2-5__seed1110,tau_1,smd,SMD_machine-2-5,1110,pending,,
grasp_protocol_v3__tau_1__smd__SMD_machine-2-7__seed1110,tau_1,smd,SMD_machine-2-7,1110,pending,,
grasp_protocol_v3__tau_1__smd__SMD_machine-2-9__seed1110,tau_1,smd,SMD_machine-2-9,1110,pending,,
grasp_protocol_v3__tau_1__smd__SMD_machine-3-10__seed1110,tau_1,smd,SMD_machine-3-10,1110,pending,,
grasp_protocol_v3__tau_1__smd__SMD_machine-3-2__seed1110,tau_1,smd,SMD_machine-3-2,1110,pending,,
grasp_protocol_v3__tau_1__smd__SMD_machine-3-3__seed1110,tau_1,smd,SMD_machine-3-3,1110,pending,,
grasp_protocol_v3__tau_1__smd__SMD_machine-3-5__seed1110,tau_1,smd,SMD_machine-3-5,1110,pending,,
grasp_protocol_v3__tau_1__smd__SMD_machine-3-6__seed1110,tau_1,smd,SMD_machine-3-6,1110,pending,,
grasp_protocol_v3__tau_4__smd__SMD_machine-1-2__seed1110,tau_4,smd,SMD_machine-1-2,1110,pending,,
grasp_protocol_v3__tau_4__smd__SMD_machine-1-3__seed1110,tau_4,smd,SMD_machine-1-3,1110,pending,,
grasp_protocol_v3__tau_4__smd__SMD_machine-1-4__seed1110,tau_4,smd,SMD_machine-1-4,1110,pending,,
grasp_protocol_v3__tau_4__smd__SMD_machine-1-6__seed1110,tau_4,smd,SMD_machine-1-6,1110,pending,,
grasp_protocol_v3__tau_4__smd__SMD_machine-1-7__seed1110,tau_4,smd,SMD_machine-1-7,1110,pending,,
grasp_protocol_v3__tau_4__smd__SMD_machine-1-8__seed1110,tau_4,smd,SMD_machine-1-8,1110,pending,,
grasp_protocol_v3__tau_4__smd__SMD_machine-2-1__seed1110,tau_4,smd,SMD_machine-2-1,1110,pending,,
grasp_protocol_v3__tau_4__smd__SMD_machine-2-2__seed1110,tau_4,smd,SMD_machine-2-2,1110,pending,,
grasp_protocol_v3__tau_4__smd__SMD_machine-2-3__seed1110,tau_4,smd,SMD_machine-2-3,1110,pending,,
grasp_protocol_v3__tau_4__smd__SMD_machine-2-4__seed1110,tau_4,smd,SMD_machine-2-4,1110,pending,,
grasp_protocol_v3__tau_4__smd__SMD_machine-2-5__seed1110,tau_4,smd,SMD_machine-2-5,1110,pending,,
grasp_protocol_v3__tau_4__smd__SMD_machine-2-7__seed1110,tau_4,smd,SMD_machine-2-7,1110,pending,,
grasp_protocol_v3__tau_4__smd__SMD_machine-2-9__seed1110,tau_4,smd,SMD_machine-2-9,1110,pending,,
grasp_protocol_v3__tau_4__smd__SMD_machine-3-10__seed1110,tau_4,smd,SMD_machine-3-10,1110,pending,,
grasp_protocol_v3__tau_4__smd__SMD_machine-3-2__seed1110,tau_4,smd,SMD_machine-3-2,1110,pending,,
grasp_protocol_v3__tau_4__smd__SMD_machine-3-3__seed1110,tau_4,smd,SMD_machine-3-3,1110,pending,,
grasp_protocol_v3__tau_4__smd__SMD_machine-3-5__seed1110,tau_4,smd,SMD_machine-3-5,1110,pending,,
grasp_protocol_v3__tau_4__smd__SMD_machine-3-6__seed1110,tau_4,smd,SMD_machine-3-6,1110,pending,,
grasp_protocol_v3__tau_8__smd__SMD_machine-1-2__seed1110,tau_8,smd,SMD_machine-1-2,1110,pending,,
grasp_protocol_v3__tau_8__smd__SMD_machine-1-3__seed1110,tau_8,smd,SMD_machine-1-3,1110,pending,,
grasp_protocol_v3__tau_8__smd__SMD_machine-1-4__seed1110,tau_8,smd,SMD_machine-1-4,1110,pending,,
grasp_protocol_v3__tau_8__smd__SMD_machine-1-6__seed1110,tau_8,smd,SMD_machine-1-6,1110,pending,,
grasp_protocol_v3__tau_8__smd__SMD_machine-1-7__seed1110,tau_8,smd,SMD_machine-1-7,1110,pending,,
grasp_protocol_v3__tau_8__smd__SMD_machine-1-8__seed1110,tau_8,smd,SMD_machine-1-8,1110,pending,,
grasp_protocol_v3__tau_8__smd__SMD_machine-2-1__seed1110,tau_8,smd,SMD_machine-2-1,1110,pending,,
grasp_protocol_v3__tau_8__smd__SMD_machine-2-2__seed1110,tau_8,smd,SMD_machine-2-2,1110,pending,,
grasp_protocol_v3__tau_8__smd__SMD_machine-2-3__seed1110,tau_8,smd,SMD_machine-2-3,1110,pending,,
grasp_protocol_v3__tau_8__smd__SMD_machine-2-4__seed1110,tau_8,smd,SMD_machine-2-4,1110,pending,,
grasp_protocol_v3__tau_8__smd__SMD_machine-2-5__seed1110,tau_8,smd,SMD_machine-2-5,1110,pending,,
grasp_protocol_v3__tau_8__smd__SMD_machine-2-7__seed1110,tau_8,smd,SMD_machine-2-7,1110,pending,,
grasp_protocol_v3__tau_8__smd__SMD_machine-2-9__seed1110,tau_8,smd,SMD_machine-2-9,1110,pending,,
grasp_protocol_v3__tau_8__smd__SMD_machine-3-10__seed1110,tau_8,smd,SMD_machine-3-10,1110,pending,,
grasp_protocol_v3__tau_8__smd__SMD_machine-3-2__seed1110,tau_8,smd,SMD_machine-3-2,1110,pending,,
grasp_protocol_v3__tau_8__smd__SMD_machine-3-3__seed1110,tau_8,smd,SMD_machine-3-3,1110,pending,,
grasp_protocol_v3__tau_8__smd__SMD_machine-3-5__seed1110,tau_8,smd,SMD_machine-3-5,1110,pending,,
grasp_protocol_v3__tau_8__smd__SMD_machine-3-6__seed1110,tau_8,smd,SMD_machine-3-6,1110,pending,,
grasp_protocol_v3__gnn__smd__SMD_machine-1-2__seed1111,gnn,smd,SMD_machine-1-2,1111,pending,,
grasp_protocol_v3__gnn__smd__SMD_machine-1-3__seed1111,gnn,smd,SMD_machine-1-3,1111,pending,,
grasp_protocol_v3__gnn__smd__SMD_machine-1-4__seed1111,gnn,smd,SMD_machine-1-4,1111,pending,,
grasp_protocol_v3__gnn__smd__SMD_machine-1-6__seed1111,gnn,smd,SMD_machine-1-6,1111,pending,,
grasp_protocol_v3__gnn__smd__SMD_machine-1-7__seed1111,gnn,smd,SMD_machine-1-7,1111,pending,,
grasp_protocol_v3__gnn__smd__SMD_machine-1-8__seed1111,gnn,smd,SMD_machine-1-8,1111,pending,,
grasp_protocol_v3__gnn__smd__SMD_machine-2-1__seed1111,gnn,smd,SMD_machine-2-1,1111,pending,,
grasp_protocol_v3__gnn__smd__SMD_machine-2-2__seed1111,gnn,smd,SMD_machine-2-2,1111,pending,,
grasp_protocol_v3__gnn__smd__SMD_machine-2-3__seed1111,gnn,smd,SMD_machine-2-3,1111,pending,,
grasp_protocol_v3__gnn__smd__SMD_machine-2-4__seed1111,gnn,smd,SMD_machine-2-4,1111,pending,,
grasp_protocol_v3__gnn__smd__SMD_machine-2-5__seed1111,gnn,smd,SMD_machine-2-5,1111,pending,,
grasp_protocol_v3__gnn__smd__SMD_machine-2-7__seed1111,gnn,smd,SMD_machine-2-7,1111,pending,,
grasp_protocol_v3__gnn__smd__SMD_machine-2-9__seed1111,gnn,smd,SMD_machine-2-9,1111,pending,,
grasp_protocol_v3__gnn__smd__SMD_machine-3-10__seed1111,gnn,smd,SMD_machine-3-10,1111,pending,,
grasp_protocol_v3__gnn__smd__SMD_machine-3-2__seed1111,gnn,smd,SMD_machine-3-2,1111,pending,,
grasp_protocol_v3__gnn__smd__SMD_machine-3-3__seed1111,gnn,smd,SMD_machine-3-3,1111,pending,,
grasp_protocol_v3__gnn__smd__SMD_machine-3-5__seed1111,gnn,smd,SMD_machine-3-5,1111,pending,,
grasp_protocol_v3__gnn__smd__SMD_machine-3-6__seed1111,gnn,smd,SMD_machine-3-6,1111,pending,,
grasp_protocol_v3__main__smd__SMD_machine-1-2__seed1111,main,smd,SMD_machine-1-2,1111,pending,,
grasp_protocol_v3__main__smd__SMD_machine-1-3__seed1111,main,smd,SMD_machine-1-3,1111,pending,,
grasp_protocol_v3__main__smd__SMD_machine-1-4__seed1111,main,smd,SMD_machine-1-4,1111,pending,,
grasp_protocol_v3__main__smd__SMD_machine-1-6__seed1111,main,smd,SMD_machine-1-6,1111,pending,,
grasp_protocol_v3__main__smd__SMD_machine-1-7__seed1111,main,smd,SMD_machine-1-7,1111,pending,,
grasp_protocol_v3__main__smd__SMD_machine-1-8__seed1111,main,smd,SMD_machine-1-8,1111,pending,,
grasp_protocol_v3__main__smd__SMD_machine-2-1__seed1111,main,smd,SMD_machine-2-1,1111,pending,,
grasp_protocol_v3__main__smd__SMD_machine-2-2__seed1111,main,smd,SMD_machine-2-2,1111,pending,,
grasp_protocol_v3__main__smd__SMD_machine-2-3__seed1111,main,smd,SMD_machine-2-3,1111,pending,,
grasp_protocol_v3__main__smd__SMD_machine-2-4__seed1111,main,smd,SMD_machine-2-4,1111,pending,,
grasp_protocol_v3__main__smd__SMD_machine-2-5__seed1111,main,smd,SMD_machine-2-5,1111,pending,,
grasp_protocol_v3__main__smd__SMD_machine-2-7__seed1111,main,smd,SMD_machine-2-7,1111,pending,,
grasp_protocol_v3__main__smd__SMD_machine-2-9__seed1111,main,smd,SMD_machine-2-9,1111,pending,,
grasp_protocol_v3__main__smd__SMD_machine-3-10__seed1111,main,smd,SMD_machine-3-10,1111,pending,,
grasp_protocol_v3__main__smd__SMD_machine-3-2__seed1111,main,smd,SMD_machine-3-2,1111,pending,,
grasp_protocol_v3__main__smd__SMD_machine-3-3__seed1111,main,smd,SMD_machine-3-3,1111,pending,,
grasp_protocol_v3__main__smd__SMD_machine-3-5__seed1111,main,smd,SMD_machine-3-5,1111,pending,,
grasp_protocol_v3__main__smd__SMD_machine-3-6__seed1111,main,smd,SMD_machine-3-6,1111,pending,,
grasp_protocol_v3__transformer__smd__SMD_machine-1-2__seed1111,transformer,smd,SMD_machine-1-2,1111,pending,,
grasp_protocol_v3__transformer__smd__SMD_machine-1-3__seed1111,transformer,smd,SMD_machine-1-3,1111,pending,,
grasp_protocol_v3__transformer__smd__SMD_machine-1-4__seed1111,transformer,smd,SMD_machine-1-4,1111,pending,,
grasp_protocol_v3__transformer__smd__SMD_machine-1-6__seed1111,transformer,smd,SMD_machine-1-6,1111,pending,,
grasp_protocol_v3__transformer__smd__SMD_machine-1-7__seed1111,transformer,smd,SMD_machine-1-7,1111,pending,,
grasp_protocol_v3__transformer__smd__SMD_machine-1-8__seed1111,transformer,smd,SMD_machine-1-8,1111,pending,,
grasp_protocol_v3__transformer__smd__SMD_machine-2-1__seed1111,transformer,smd,SMD_machine-2-1,1111,pending,,
grasp_protocol_v3__transformer__smd__SMD_machine-2-2__seed1111,transformer,smd,SMD_machine-2-2,1111,pending,,
grasp_protocol_v3__transformer__smd__SMD_machine-2-3__seed1111,transformer,smd,SMD_machine-2-3,1111,pending,,
grasp_protocol_v3__transformer__smd__SMD_machine-2-4__seed1111,transformer,smd,SMD_machine-2-4,1111,pending,,
grasp_protocol_v3__transformer__smd__SMD_machine-2-5__seed1111,transformer,smd,SMD_machine-2-5,1111,pending,,
grasp_protocol_v3__transformer__smd__SMD_machine-2-7__seed1111,transformer,smd,SMD_machine-2-7,1111,pending,,
grasp_protocol_v3__transformer__smd__SMD_machine-2-9__seed1111,transformer,smd,SMD_machine-2-9,1111,pending,,
grasp_protocol_v3__transformer__smd__SMD_machine-3-10__seed1111,transformer,smd,SMD_machine-3-10,1111,pending,,
grasp_protocol_v3__transformer__smd__SMD_machine-3-2__seed1111,transformer,smd,SMD_machine-3-2,1111,pending,,
grasp_protocol_v3__transformer__smd__SMD_machine-3-3__seed1111,transformer,smd,SMD_machine-3-3,1111,pending,,
grasp_protocol_v3__transformer__smd__SMD_machine-3-5__seed1111,transformer,smd,SMD_machine-3-5,1111,pending,,
grasp_protocol_v3__transformer__smd__SMD_machine-3-6__seed1111,transformer,smd,SMD_machine-3-6,1111,pending,,
grasp_protocol_v3__mean__smd__SMD_machine-1-2__seed1111,mean,smd,SMD_machine-1-2,1111,pending,,
grasp_protocol_v3__mean__smd__SMD_machine-1-3__seed1111,mean,smd,SMD_machine-1-3,1111,pending,,
grasp_protocol_v3__mean__smd__SMD_machine-1-4__seed1111,mean,smd,SMD_machine-1-4,1111,pending,,
grasp_protocol_v3__mean__smd__SMD_machine-1-6__seed1111,mean,smd,SMD_machine-1-6,1111,pending,,
grasp_protocol_v3__mean__smd__SMD_machine-1-7__seed1111,mean,smd,SMD_machine-1-7,1111,pending,,
grasp_protocol_v3__mean__smd__SMD_machine-1-8__seed1111,mean,smd,SMD_machine-1-8,1111,pending,,
grasp_protocol_v3__mean__smd__SMD_machine-2-1__seed1111,mean,smd,SMD_machine-2-1,1111,pending,,
grasp_protocol_v3__mean__smd__SMD_machine-2-2__seed1111,mean,smd,SMD_machine-2-2,1111,pending,,
grasp_protocol_v3__mean__smd__SMD_machine-2-3__seed1111,mean,smd,SMD_machine-2-3,1111,pending,,
grasp_protocol_v3__mean__smd__SMD_machine-2-4__seed1111,mean,smd,SMD_machine-2-4,1111,pending,,
grasp_protocol_v3__mean__smd__SMD_machine-2-5__seed1111,mean,smd,SMD_machine-2-5,1111,pending,,
grasp_protocol_v3__mean__smd__SMD_machine-2-7__seed1111,mean,smd,SMD_machine-2-7,1111,pending,,
grasp_protocol_v3__mean__smd__SMD_machine-2-9__seed1111,mean,smd,SMD_machine-2-9,1111,pending,,
grasp_protocol_v3__mean__smd__SMD_machine-3-10__seed1111,mean,smd,SMD_machine-3-10,1111,pending,,
grasp_protocol_v3__mean__smd__SMD_machine-3-2__seed1111,mean,smd,SMD_machine-3-2,1111,pending,,
grasp_protocol_v3__mean__smd__SMD_machine-3-3__seed1111,mean,smd,SMD_machine-3-3,1111,pending,,
grasp_protocol_v3__mean__smd__SMD_machine-3-5__seed1111,mean,smd,SMD_machine-3-5,1111,pending,,
grasp_protocol_v3__mean__smd__SMD_machine-3-6__seed1111,mean,smd,SMD_machine-3-6,1111,pending,,
grasp_protocol_v3__er__smd__SMD_machine-1-2__seed1111,er,smd,SMD_machine-1-2,1111,pending,,
grasp_protocol_v3__er__smd__SMD_machine-1-3__seed1111,er,smd,SMD_machine-1-3,1111,pending,,
grasp_protocol_v3__er__smd__SMD_machine-1-4__seed1111,er,smd,SMD_machine-1-4,1111,pending,,
grasp_protocol_v3__er__smd__SMD_machine-1-6__seed1111,er,smd,SMD_machine-1-6,1111,pending,,
grasp_protocol_v3__er__smd__SMD_machine-1-7__seed1111,er,smd,SMD_machine-1-7,1111,pending,,
grasp_protocol_v3__er__smd__SMD_machine-1-8__seed1111,er,smd,SMD_machine-1-8,1111,pending,,
grasp_protocol_v3__er__smd__SMD_machine-2-1__seed1111,er,smd,SMD_machine-2-1,1111,pending,,
grasp_protocol_v3__er__smd__SMD_machine-2-2__seed1111,er,smd,SMD_machine-2-2,1111,pending,,
grasp_protocol_v3__er__smd__SMD_machine-2-3__seed1111,er,smd,SMD_machine-2-3,1111,pending,,
grasp_protocol_v3__er__smd__SMD_machine-2-4__seed1111,er,smd,SMD_machine-2-4,1111,pending,,
grasp_protocol_v3__er__smd__SMD_machine-2-5__seed1111,er,smd,SMD_machine-2-5,1111,pending,,
grasp_protocol_v3__er__smd__SMD_machine-2-7__seed1111,er,smd,SMD_machine-2-7,1111,pending,,
grasp_protocol_v3__er__smd__SMD_machine-2-9__seed1111,er,smd,SMD_machine-2-9,1111,pending,,
grasp_protocol_v3__er__smd__SMD_machine-3-10__seed1111,er,smd,SMD_machine-3-10,1111,pending,,
grasp_protocol_v3__er__smd__SMD_machine-3-2__seed1111,er,smd,SMD_machine-3-2,1111,pending,,
grasp_protocol_v3__er__smd__SMD_machine-3-3__seed1111,er,smd,SMD_machine-3-3,1111,pending,,
grasp_protocol_v3__er__smd__SMD_machine-3-5__seed1111,er,smd,SMD_machine-3-5,1111,pending,,
grasp_protocol_v3__er__smd__SMD_machine-3-6__seed1111,er,smd,SMD_machine-3-6,1111,pending,,
grasp_protocol_v3__lin__smd__SMD_machine-1-2__seed1111,lin,smd,SMD_machine-1-2,1111,pending,,
grasp_protocol_v3__lin__smd__SMD_machine-1-3__seed1111,lin,smd,SMD_machine-1-3,1111,pending,,
grasp_protocol_v3__lin__smd__SMD_machine-1-4__seed1111,lin,smd,SMD_machine-1-4,1111,pending,,
grasp_protocol_v3__lin__smd__SMD_machine-1-6__seed1111,lin,smd,SMD_machine-1-6,1111,pending,,
grasp_protocol_v3__lin__smd__SMD_machine-1-7__seed1111,lin,smd,SMD_machine-1-7,1111,pending,,
grasp_protocol_v3__lin__smd__SMD_machine-1-8__seed1111,lin,smd,SMD_machine-1-8,1111,pending,,
grasp_protocol_v3__lin__smd__SMD_machine-2-1__seed1111,lin,smd,SMD_machine-2-1,1111,pending,,
grasp_protocol_v3__lin__smd__SMD_machine-2-2__seed1111,lin,smd,SMD_machine-2-2,1111,pending,,
grasp_protocol_v3__lin__smd__SMD_machine-2-3__seed1111,lin,smd,SMD_machine-2-3,1111,pending,,
grasp_protocol_v3__lin__smd__SMD_machine-2-4__seed1111,lin,smd,SMD_machine-2-4,1111,pending,,
grasp_protocol_v3__lin__smd__SMD_machine-2-5__seed1111,lin,smd,SMD_machine-2-5,1111,pending,,
grasp_protocol_v3__lin__smd__SMD_machine-2-7__seed1111,lin,smd,SMD_machine-2-7,1111,pending,,
grasp_protocol_v3__lin__smd__SMD_machine-2-9__seed1111,lin,smd,SMD_machine-2-9,1111,pending,,
grasp_protocol_v3__lin__smd__SMD_machine-3-10__seed1111,lin,smd,SMD_machine-3-10,1111,pending,,
grasp_protocol_v3__lin__smd__SMD_machine-3-2__seed1111,lin,smd,SMD_machine-3-2,1111,pending,,
grasp_protocol_v3__lin__smd__SMD_machine-3-3__seed1111,lin,smd,SMD_machine-3-3,1111,pending,,
grasp_protocol_v3__lin__smd__SMD_machine-3-5__seed1111,lin,smd,SMD_machine-3-5,1111,pending,,
grasp_protocol_v3__lin__smd__SMD_machine-3-6__seed1111,lin,smd,SMD_machine-3-6,1111,pending,,
grasp_protocol_v3__tau_0__smd__SMD_machine-1-2__seed1111,tau_0,smd,SMD_machine-1-2,1111,pending,,
grasp_protocol_v3__tau_0__smd__SMD_machine-1-3__seed1111,tau_0,smd,SMD_machine-1-3,1111,pending,,
grasp_protocol_v3__tau_0__smd__SMD_machine-1-4__seed1111,tau_0,smd,SMD_machine-1-4,1111,pending,,
grasp_protocol_v3__tau_0__smd__SMD_machine-1-6__seed1111,tau_0,smd,SMD_machine-1-6,1111,pending,,
grasp_protocol_v3__tau_0__smd__SMD_machine-1-7__seed1111,tau_0,smd,SMD_machine-1-7,1111,pending,,
grasp_protocol_v3__tau_0__smd__SMD_machine-1-8__seed1111,tau_0,smd,SMD_machine-1-8,1111,pending,,
grasp_protocol_v3__tau_0__smd__SMD_machine-2-1__seed1111,tau_0,smd,SMD_machine-2-1,1111,pending,,
grasp_protocol_v3__tau_0__smd__SMD_machine-2-2__seed1111,tau_0,smd,SMD_machine-2-2,1111,pending,,
grasp_protocol_v3__tau_0__smd__SMD_machine-2-3__seed1111,tau_0,smd,SMD_machine-2-3,1111,pending,,
grasp_protocol_v3__tau_0__smd__SMD_machine-2-4__seed1111,tau_0,smd,SMD_machine-2-4,1111,pending,,
grasp_protocol_v3__tau_0__smd__SMD_machine-2-5__seed1111,tau_0,smd,SMD_machine-2-5,1111,pending,,
grasp_protocol_v3__tau_0__smd__SMD_machine-2-7__seed1111,tau_0,smd,SMD_machine-2-7,1111,pending,,
grasp_protocol_v3__tau_0__smd__SMD_machine-2-9__seed1111,tau_0,smd,SMD_machine-2-9,1111,pending,,
grasp_protocol_v3__tau_0__smd__SMD_machine-3-10__seed1111,tau_0,smd,SMD_machine-3-10,1111,pending,,
grasp_protocol_v3__tau_0__smd__SMD_machine-3-2__seed1111,tau_0,smd,SMD_machine-3-2,1111,pending,,
grasp_protocol_v3__tau_0__smd__SMD_machine-3-3__seed1111,tau_0,smd,SMD_machine-3-3,1111,pending,,
grasp_protocol_v3__tau_0__smd__SMD_machine-3-5__seed1111,tau_0,smd,SMD_machine-3-5,1111,pending,,
grasp_protocol_v3__tau_0__smd__SMD_machine-3-6__seed1111,tau_0,smd,SMD_machine-3-6,1111,pending,,
grasp_protocol_v3__tau_0p25__smd__SMD_machine-1-2__seed1111,tau_0p25,smd,SMD_machine-1-2,1111,pending,,
grasp_protocol_v3__tau_0p25__smd__SMD_machine-1-3__seed1111,tau_0p25,smd,SMD_machine-1-3,1111,pending,,
grasp_protocol_v3__tau_0p25__smd__SMD_machine-1-4__seed1111,tau_0p25,smd,SMD_machine-1-4,1111,pending,,
grasp_protocol_v3__tau_0p25__smd__SMD_machine-1-6__seed1111,tau_0p25,smd,SMD_machine-1-6,1111,pending,,
grasp_protocol_v3__tau_0p25__smd__SMD_machine-1-7__seed1111,tau_0p25,smd,SMD_machine-1-7,1111,pending,,
grasp_protocol_v3__tau_0p25__smd__SMD_machine-1-8__seed1111,tau_0p25,smd,SMD_machine-1-8,1111,pending,,
grasp_protocol_v3__tau_0p25__smd__SMD_machine-2-1__seed1111,tau_0p25,smd,SMD_machine-2-1,1111,pending,,
grasp_protocol_v3__tau_0p25__smd__SMD_machine-2-2__seed1111,tau_0p25,smd,SMD_machine-2-2,1111,pending,,
grasp_protocol_v3__tau_0p25__smd__SMD_machine-2-3__seed1111,tau_0p25,smd,SMD_machine-2-3,1111,pending,,
grasp_protocol_v3__tau_0p25__smd__SMD_machine-2-4__seed1111,tau_0p25,smd,SMD_machine-2-4,1111,pending,,
grasp_protocol_v3__tau_0p25__smd__SMD_machine-2-5__seed1111,tau_0p25,smd,SMD_machine-2-5,1111,pending,,
grasp_protocol_v3__tau_0p25__smd__SMD_machine-2-7__seed1111,tau_0p25,smd,SMD_machine-2-7,1111,pending,,
grasp_protocol_v3__tau_0p25__smd__SMD_machine-2-9__seed1111,tau_0p25,smd,SMD_machine-2-9,1111,pending,,
grasp_protocol_v3__tau_0p25__smd__SMD_machine-3-10__seed1111,tau_0p25,smd,SMD_machine-3-10,1111,pending,,
grasp_protocol_v3__tau_0p25__smd__SMD_machine-3-2__seed1111,tau_0p25,smd,SMD_machine-3-2,1111,pending,,
grasp_protocol_v3__tau_0p25__smd__SMD_machine-3-3__seed1111,tau_0p25,smd,SMD_machine-3-3,1111,pending,,
grasp_protocol_v3__tau_0p25__smd__SMD_machine-3-5__seed1111,tau_0p25,smd,SMD_machine-3-5,1111,pending,,
grasp_protocol_v3__tau_0p25__smd__SMD_machine-3-6__seed1111,tau_0p25,smd,SMD_machine-3-6,1111,pending,,
grasp_protocol_v3__tau_0p5__smd__SMD_machine-1-2__seed1111,tau_0p5,smd,SMD_machine-1-2,1111,pending,,
grasp_protocol_v3__tau_0p5__smd__SMD_machine-1-3__seed1111,tau_0p5,smd,SMD_machine-1-3,1111,pending,,
grasp_protocol_v3__tau_0p5__smd__SMD_machine-1-4__seed1111,tau_0p5,smd,SMD_machine-1-4,1111,pending,,
grasp_protocol_v3__tau_0p5__smd__SMD_machine-1-6__seed1111,tau_0p5,smd,SMD_machine-1-6,1111,pending,,
grasp_protocol_v3__tau_0p5__smd__SMD_machine-1-7__seed1111,tau_0p5,smd,SMD_machine-1-7,1111,pending,,
grasp_protocol_v3__tau_0p5__smd__SMD_machine-1-8__seed1111,tau_0p5,smd,SMD_machine-1-8,1111,pending,,
grasp_protocol_v3__tau_0p5__smd__SMD_machine-2-1__seed1111,tau_0p5,smd,SMD_machine-2-1,1111,pending,,
grasp_protocol_v3__tau_0p5__smd__SMD_machine-2-2__seed1111,tau_0p5,smd,SMD_machine-2-2,1111,pending,,
grasp_protocol_v3__tau_0p5__smd__SMD_machine-2-3__seed1111,tau_0p5,smd,SMD_machine-2-3,1111,pending,,
grasp_protocol_v3__tau_0p5__smd__SMD_machine-2-4__seed1111,tau_0p5,smd,SMD_machine-2-4,1111,pending,,
grasp_protocol_v3__tau_0p5__smd__SMD_machine-2-5__seed1111,tau_0p5,smd,SMD_machine-2-5,1111,pending,,
grasp_protocol_v3__tau_0p5__smd__SMD_machine-2-7__seed1111,tau_0p5,smd,SMD_machine-2-7,1111,pending,,
grasp_protocol_v3__tau_0p5__smd__SMD_machine-2-9__seed1111,tau_0p5,smd,SMD_machine-2-9,1111,pending,,
grasp_protocol_v3__tau_0p5__smd__SMD_machine-3-10__seed1111,tau_0p5,smd,SMD_machine-3-10,1111,pending,,
grasp_protocol_v3__tau_0p5__smd__SMD_machine-3-2__seed1111,tau_0p5,smd,SMD_machine-3-2,1111,pending,,
grasp_protocol_v3__tau_0p5__smd__SMD_machine-3-3__seed1111,tau_0p5,smd,SMD_machine-3-3,1111,pending,,
grasp_protocol_v3__tau_0p5__smd__SMD_machine-3-5__seed1111,tau_0p5,smd,SMD_machine-3-5,1111,pending,,
grasp_protocol_v3__tau_0p5__smd__SMD_machine-3-6__seed1111,tau_0p5,smd,SMD_machine-3-6,1111,pending,,
grasp_protocol_v3__tau_1__smd__SMD_machine-1-2__seed1111,tau_1,smd,SMD_machine-1-2,1111,pending,,
grasp_protocol_v3__tau_1__smd__SMD_machine-1-3__seed1111,tau_1,smd,SMD_machine-1-3,1111,pending,,
grasp_protocol_v3__tau_1__smd__SMD_machine-1-4__seed1111,tau_1,smd,SMD_machine-1-4,1111,pending,,
grasp_protocol_v3__tau_1__smd__SMD_machine-1-6__seed1111,tau_1,smd,SMD_machine-1-6,1111,pending,,
grasp_protocol_v3__tau_1__smd__SMD_machine-1-7__seed1111,tau_1,smd,SMD_machine-1-7,1111,pending,,
grasp_protocol_v3__tau_1__smd__SMD_machine-1-8__seed1111,tau_1,smd,SMD_machine-1-8,1111,pending,,
grasp_protocol_v3__tau_1__smd__SMD_machine-2-1__seed1111,tau_1,smd,SMD_machine-2-1,1111,pending,,
grasp_protocol_v3__tau_1__smd__SMD_machine-2-2__seed1111,tau_1,smd,SMD_machine-2-2,1111,pending,,
grasp_protocol_v3__tau_1__smd__SMD_machine-2-3__seed1111,tau_1,smd,SMD_machine-2-3,1111,pending,,
grasp_protocol_v3__tau_1__smd__SMD_machine-2-4__seed1111,tau_1,smd,SMD_machine-2-4,1111,pending,,
grasp_protocol_v3__tau_1__smd__SMD_machine-2-5__seed1111,tau_1,smd,SMD_machine-2-5,1111,pending,,
grasp_protocol_v3__tau_1__smd__SMD_machine-2-7__seed1111,tau_1,smd,SMD_machine-2-7,1111,pending,,
grasp_protocol_v3__tau_1__smd__SMD_machine-2-9__seed1111,tau_1,smd,SMD_machine-2-9,1111,pending,,
grasp_protocol_v3__tau_1__smd__SMD_machine-3-10__seed1111,tau_1,smd,SMD_machine-3-10,1111,pending,,
grasp_protocol_v3__tau_1__smd__SMD_machine-3-2__seed1111,tau_1,smd,SMD_machine-3-2,1111,pending,,
grasp_protocol_v3__tau_1__smd__SMD_machine-3-3__seed1111,tau_1,smd,SMD_machine-3-3,1111,pending,,
grasp_protocol_v3__tau_1__smd__SMD_machine-3-5__seed1111,tau_1,smd,SMD_machine-3-5,1111,pending,,
grasp_protocol_v3__tau_1__smd__SMD_machine-3-6__seed1111,tau_1,smd,SMD_machine-3-6,1111,pending,,
grasp_protocol_v3__tau_4__smd__SMD_machine-1-2__seed1111,tau_4,smd,SMD_machine-1-2,1111,pending,,
grasp_protocol_v3__tau_4__smd__SMD_machine-1-3__seed1111,tau_4,smd,SMD_machine-1-3,1111,pending,,
grasp_protocol_v3__tau_4__smd__SMD_machine-1-4__seed1111,tau_4,smd,SMD_machine-1-4,1111,pending,,
grasp_protocol_v3__tau_4__smd__SMD_machine-1-6__seed1111,tau_4,smd,SMD_machine-1-6,1111,pending,,
grasp_protocol_v3__tau_4__smd__SMD_machine-1-7__seed1111,tau_4,smd,SMD_machine-1-7,1111,pending,,
grasp_protocol_v3__tau_4__smd__SMD_machine-1-8__seed1111,tau_4,smd,SMD_machine-1-8,1111,pending,,
grasp_protocol_v3__tau_4__smd__SMD_machine-2-1__seed1111,tau_4,smd,SMD_machine-2-1,1111,pending,,
grasp_protocol_v3__tau_4__smd__SMD_machine-2-2__seed1111,tau_4,smd,SMD_machine-2-2,1111,pending,,
grasp_protocol_v3__tau_4__smd__SMD_machine-2-3__seed1111,tau_4,smd,SMD_machine-2-3,1111,pending,,
grasp_protocol_v3__tau_4__smd__SMD_machine-2-4__seed1111,tau_4,smd,SMD_machine-2-4,1111,pending,,
grasp_protocol_v3__tau_4__smd__SMD_machine-2-5__seed1111,tau_4,smd,SMD_machine-2-5,1111,pending,,
grasp_protocol_v3__tau_4__smd__SMD_machine-2-7__seed1111,tau_4,smd,SMD_machine-2-7,1111,pending,,
grasp_protocol_v3__tau_4__smd__SMD_machine-2-9__seed1111,tau_4,smd,SMD_machine-2-9,1111,pending,,
grasp_protocol_v3__tau_4__smd__SMD_machine-3-10__seed1111,tau_4,smd,SMD_machine-3-10,1111,pending,,
grasp_protocol_v3__tau_4__smd__SMD_machine-3-2__seed1111,tau_4,smd,SMD_machine-3-2,1111,pending,,
grasp_protocol_v3__tau_4__smd__SMD_machine-3-3__seed1111,tau_4,smd,SMD_machine-3-3,1111,pending,,
grasp_protocol_v3__tau_4__smd__SMD_machine-3-5__seed1111,tau_4,smd,SMD_machine-3-5,1111,pending,,
grasp_protocol_v3__tau_4__smd__SMD_machine-3-6__seed1111,tau_4,smd,SMD_machine-3-6,1111,pending,,
grasp_protocol_v3__tau_8__smd__SMD_machine-1-2__seed1111,tau_8,smd,SMD_machine-1-2,1111,pending,,
grasp_protocol_v3__tau_8__smd__SMD_machine-1-3__seed1111,tau_8,smd,SMD_machine-1-3,1111,pending,,
grasp_protocol_v3__tau_8__smd__SMD_machine-1-4__seed1111,tau_8,smd,SMD_machine-1-4,1111,pending,,
grasp_protocol_v3__tau_8__smd__SMD_machine-1-6__seed1111,tau_8,smd,SMD_machine-1-6,1111,pending,,
grasp_protocol_v3__tau_8__smd__SMD_machine-1-7__seed1111,tau_8,smd,SMD_machine-1-7,1111,pending,,
grasp_protocol_v3__tau_8__smd__SMD_machine-1-8__seed1111,tau_8,smd,SMD_machine-1-8,1111,pending,,
grasp_protocol_v3__tau_8__smd__SMD_machine-2-1__seed1111,tau_8,smd,SMD_machine-2-1,1111,pending,,
grasp_protocol_v3__tau_8__smd__SMD_machine-2-2__seed1111,tau_8,smd,SMD_machine-2-2,1111,pending,,
grasp_protocol_v3__tau_8__smd__SMD_machine-2-3__seed1111,tau_8,smd,SMD_machine-2-3,1111,pending,,
grasp_protocol_v3__tau_8__smd__SMD_machine-2-4__seed1111,tau_8,smd,SMD_machine-2-4,1111,pending,,
grasp_protocol_v3__tau_8__smd__SMD_machine-2-5__seed1111,tau_8,smd,SMD_machine-2-5,1111,pending,,
grasp_protocol_v3__tau_8__smd__SMD_machine-2-7__seed1111,tau_8,smd,SMD_machine-2-7,1111,pending,,
grasp_protocol_v3__tau_8__smd__SMD_machine-2-9__seed1111,tau_8,smd,SMD_machine-2-9,1111,pending,,
grasp_protocol_v3__tau_8__smd__SMD_machine-3-10__seed1111,tau_8,smd,SMD_machine-3-10,1111,pending,,
grasp_protocol_v3__tau_8__smd__SMD_machine-3-2__seed1111,tau_8,smd,SMD_machine-3-2,1111,pending,,
grasp_protocol_v3__tau_8__smd__SMD_machine-3-3__seed1111,tau_8,smd,SMD_machine-3-3,1111,pending,,
grasp_protocol_v3__tau_8__smd__SMD_machine-3-5__seed1111,tau_8,smd,SMD_machine-3-5,1111,pending,,
grasp_protocol_v3__tau_8__smd__SMD_machine-3-6__seed1111,tau_8,smd,SMD_machine-3-6,1111,pending,,
grasp_protocol_v3__gnn__smd__SMD_machine-1-2__seed1112,gnn,smd,SMD_machine-1-2,1112,pending,,
grasp_protocol_v3__gnn__smd__SMD_machine-1-3__seed1112,gnn,smd,SMD_machine-1-3,1112,pending,,
grasp_protocol_v3__gnn__smd__SMD_machine-1-4__seed1112,gnn,smd,SMD_machine-1-4,1112,pending,,
grasp_protocol_v3__gnn__smd__SMD_machine-1-6__seed1112,gnn,smd,SMD_machine-1-6,1112,pending,,
grasp_protocol_v3__gnn__smd__SMD_machine-1-7__seed1112,gnn,smd,SMD_machine-1-7,1112,pending,,
grasp_protocol_v3__gnn__smd__SMD_machine-1-8__seed1112,gnn,smd,SMD_machine-1-8,1112,pending,,
grasp_protocol_v3__gnn__smd__SMD_machine-2-1__seed1112,gnn,smd,SMD_machine-2-1,1112,pending,,
grasp_protocol_v3__gnn__smd__SMD_machine-2-2__seed1112,gnn,smd,SMD_machine-2-2,1112,pending,,
grasp_protocol_v3__gnn__smd__SMD_machine-2-3__seed1112,gnn,smd,SMD_machine-2-3,1112,pending,,
grasp_protocol_v3__gnn__smd__SMD_machine-2-4__seed1112,gnn,smd,SMD_machine-2-4,1112,pending,,
grasp_protocol_v3__gnn__smd__SMD_machine-2-5__seed1112,gnn,smd,SMD_machine-2-5,1112,pending,,
grasp_protocol_v3__gnn__smd__SMD_machine-2-7__seed1112,gnn,smd,SMD_machine-2-7,1112,pending,,
grasp_protocol_v3__gnn__smd__SMD_machine-2-9__seed1112,gnn,smd,SMD_machine-2-9,1112,pending,,
grasp_protocol_v3__gnn__smd__SMD_machine-3-10__seed1112,gnn,smd,SMD_machine-3-10,1112,pending,,
grasp_protocol_v3__gnn__smd__SMD_machine-3-2__seed1112,gnn,smd,SMD_machine-3-2,1112,pending,,
grasp_protocol_v3__gnn__smd__SMD_machine-3-3__seed1112,gnn,smd,SMD_machine-3-3,1112,pending,,
grasp_protocol_v3__gnn__smd__SMD_machine-3-5__seed1112,gnn,smd,SMD_machine-3-5,1112,pending,,
grasp_protocol_v3__gnn__smd__SMD_machine-3-6__seed1112,gnn,smd,SMD_machine-3-6,1112,pending,,
grasp_protocol_v3__main__smd__SMD_machine-1-2__seed1112,main,smd,SMD_machine-1-2,1112,pending,,
grasp_protocol_v3__main__smd__SMD_machine-1-3__seed1112,main,smd,SMD_machine-1-3,1112,pending,,
grasp_protocol_v3__main__smd__SMD_machine-1-4__seed1112,main,smd,SMD_machine-1-4,1112,pending,,
grasp_protocol_v3__main__smd__SMD_machine-1-6__seed1112,main,smd,SMD_machine-1-6,1112,pending,,
grasp_protocol_v3__main__smd__SMD_machine-1-7__seed1112,main,smd,SMD_machine-1-7,1112,pending,,
grasp_protocol_v3__main__smd__SMD_machine-1-8__seed1112,main,smd,SMD_machine-1-8,1112,pending,,
grasp_protocol_v3__main__smd__SMD_machine-2-1__seed1112,main,smd,SMD_machine-2-1,1112,pending,,
grasp_protocol_v3__main__smd__SMD_machine-2-2__seed1112,main,smd,SMD_machine-2-2,1112,pending,,
grasp_protocol_v3__main__smd__SMD_machine-2-3__seed1112,main,smd,SMD_machine-2-3,1112,pending,,
grasp_protocol_v3__main__smd__SMD_machine-2-4__seed1112,main,smd,SMD_machine-2-4,1112,pending,,
grasp_protocol_v3__main__smd__SMD_machine-2-5__seed1112,main,smd,SMD_machine-2-5,1112,pending,,
grasp_protocol_v3__main__smd__SMD_machine-2-7__seed1112,main,smd,SMD_machine-2-7,1112,pending,,
grasp_protocol_v3__main__smd__SMD_machine-2-9__seed1112,main,smd,SMD_machine-2-9,1112,pending,,
grasp_protocol_v3__main__smd__SMD_machine-3-10__seed1112,main,smd,SMD_machine-3-10,1112,pending,,
grasp_protocol_v3__main__smd__SMD_machine-3-2__seed1112,main,smd,SMD_machine-3-2,1112,pending,,
grasp_protocol_v3__main__smd__SMD_machine-3-3__seed1112,main,smd,SMD_machine-3-3,1112,pending,,
grasp_protocol_v3__main__smd__SMD_machine-3-5__seed1112,main,smd,SMD_machine-3-5,1112,pending,,
grasp_protocol_v3__main__smd__SMD_machine-3-6__seed1112,main,smd,SMD_machine-3-6,1112,pending,,
grasp_protocol_v3__transformer__smd__SMD_machine-1-2__seed1112,transformer,smd,SMD_machine-1-2,1112,pending,,
grasp_protocol_v3__transformer__smd__SMD_machine-1-3__seed1112,transformer,smd,SMD_machine-1-3,1112,pending,,
grasp_protocol_v3__transformer__smd__SMD_machine-1-4__seed1112,transformer,smd,SMD_machine-1-4,1112,pending,,
grasp_protocol_v3__transformer__smd__SMD_machine-1-6__seed1112,transformer,smd,SMD_machine-1-6,1112,pending,,
grasp_protocol_v3__transformer__smd__SMD_machine-1-7__seed1112,transformer,smd,SMD_machine-1-7,1112,pending,,
grasp_protocol_v3__transformer__smd__SMD_machine-1-8__seed1112,transformer,smd,SMD_machine-1-8,1112,pending,,
grasp_protocol_v3__transformer__smd__SMD_machine-2-1__seed1112,transformer,smd,SMD_machine-2-1,1112,pending,,
grasp_protocol_v3__transformer__smd__SMD_machine-2-2__seed1112,transformer,smd,SMD_machine-2-2,1112,pending,,
grasp_protocol_v3__transformer__smd__SMD_machine-2-3__seed1112,transformer,smd,SMD_machine-2-3,1112,pending,,
grasp_protocol_v3__transformer__smd__SMD_machine-2-4__seed1112,transformer,smd,SMD_machine-2-4,1112,pending,,
grasp_protocol_v3__transformer__smd__SMD_machine-2-5__seed1112,transformer,smd,SMD_machine-2-5,1112,pending,,
grasp_protocol_v3__transformer__smd__SMD_machine-2-7__seed1112,transformer,smd,SMD_machine-2-7,1112,pending,,
grasp_protocol_v3__transformer__smd__SMD_machine-2-9__seed1112,transformer,smd,SMD_machine-2-9,1112,pending,,
grasp_protocol_v3__transformer__smd__SMD_machine-3-10__seed1112,transformer,smd,SMD_machine-3-10,1112,pending,,
grasp_protocol_v3__transformer__smd__SMD_machine-3-2__seed1112,transformer,smd,SMD_machine-3-2,1112,pending,,
grasp_protocol_v3__transformer__smd__SMD_machine-3-3__seed1112,transformer,smd,SMD_machine-3-3,1112,pending,,
grasp_protocol_v3__transformer__smd__SMD_machine-3-5__seed1112,transformer,smd,SMD_machine-3-5,1112,pending,,
grasp_protocol_v3__transformer__smd__SMD_machine-3-6__seed1112,transformer,smd,SMD_machine-3-6,1112,pending,,
grasp_protocol_v3__mean__smd__SMD_machine-1-2__seed1112,mean,smd,SMD_machine-1-2,1112,pending,,
grasp_protocol_v3__mean__smd__SMD_machine-1-3__seed1112,mean,smd,SMD_machine-1-3,1112,pending,,
grasp_protocol_v3__mean__smd__SMD_machine-1-4__seed1112,mean,smd,SMD_machine-1-4,1112,pending,,
grasp_protocol_v3__mean__smd__SMD_machine-1-6__seed1112,mean,smd,SMD_machine-1-6,1112,pending,,
grasp_protocol_v3__mean__smd__SMD_machine-1-7__seed1112,mean,smd,SMD_machine-1-7,1112,pending,,
grasp_protocol_v3__mean__smd__SMD_machine-1-8__seed1112,mean,smd,SMD_machine-1-8,1112,pending,,
grasp_protocol_v3__mean__smd__SMD_machine-2-1__seed1112,mean,smd,SMD_machine-2-1,1112,pending,,
grasp_protocol_v3__mean__smd__SMD_machine-2-2__seed1112,mean,smd,SMD_machine-2-2,1112,pending,,
grasp_protocol_v3__mean__smd__SMD_machine-2-3__seed1112,mean,smd,SMD_machine-2-3,1112,pending,,
grasp_protocol_v3__mean__smd__SMD_machine-2-4__seed1112,mean,smd,SMD_machine-2-4,1112,pending,,
grasp_protocol_v3__mean__smd__SMD_machine-2-5__seed1112,mean,smd,SMD_machine-2-5,1112,pending,,
grasp_protocol_v3__mean__smd__SMD_machine-2-7__seed1112,mean,smd,SMD_machine-2-7,1112,pending,,
grasp_protocol_v3__mean__smd__SMD_machine-2-9__seed1112,mean,smd,SMD_machine-2-9,1112,pending,,
grasp_protocol_v3__mean__smd__SMD_machine-3-10__seed1112,mean,smd,SMD_machine-3-10,1112,pending,,
grasp_protocol_v3__mean__smd__SMD_machine-3-2__seed1112,mean,smd,SMD_machine-3-2,1112,pending,,
grasp_protocol_v3__mean__smd__SMD_machine-3-3__seed1112,mean,smd,SMD_machine-3-3,1112,pending,,
grasp_protocol_v3__mean__smd__SMD_machine-3-5__seed1112,mean,smd,SMD_machine-3-5,1112,pending,,
grasp_protocol_v3__mean__smd__SMD_machine-3-6__seed1112,mean,smd,SMD_machine-3-6,1112,pending,,
grasp_protocol_v3__er__smd__SMD_machine-1-2__seed1112,er,smd,SMD_machine-1-2,1112,pending,,
grasp_protocol_v3__er__smd__SMD_machine-1-3__seed1112,er,smd,SMD_machine-1-3,1112,pending,,
grasp_protocol_v3__er__smd__SMD_machine-1-4__seed1112,er,smd,SMD_machine-1-4,1112,pending,,
grasp_protocol_v3__er__smd__SMD_machine-1-6__seed1112,er,smd,SMD_machine-1-6,1112,pending,,
grasp_protocol_v3__er__smd__SMD_machine-1-7__seed1112,er,smd,SMD_machine-1-7,1112,pending,,
grasp_protocol_v3__er__smd__SMD_machine-1-8__seed1112,er,smd,SMD_machine-1-8,1112,pending,,
grasp_protocol_v3__er__smd__SMD_machine-2-1__seed1112,er,smd,SMD_machine-2-1,1112,pending,,
grasp_protocol_v3__er__smd__SMD_machine-2-2__seed1112,er,smd,SMD_machine-2-2,1112,pending,,
grasp_protocol_v3__er__smd__SMD_machine-2-3__seed1112,er,smd,SMD_machine-2-3,1112,pending,,
grasp_protocol_v3__er__smd__SMD_machine-2-4__seed1112,er,smd,SMD_machine-2-4,1112,pending,,
grasp_protocol_v3__er__smd__SMD_machine-2-5__seed1112,er,smd,SMD_machine-2-5,1112,pending,,
grasp_protocol_v3__er__smd__SMD_machine-2-7__seed1112,er,smd,SMD_machine-2-7,1112,pending,,
grasp_protocol_v3__er__smd__SMD_machine-2-9__seed1112,er,smd,SMD_machine-2-9,1112,pending,,
grasp_protocol_v3__er__smd__SMD_machine-3-10__seed1112,er,smd,SMD_machine-3-10,1112,pending,,
grasp_protocol_v3__er__smd__SMD_machine-3-2__seed1112,er,smd,SMD_machine-3-2,1112,pending,,
grasp_protocol_v3__er__smd__SMD_machine-3-3__seed1112,er,smd,SMD_machine-3-3,1112,pending,,
grasp_protocol_v3__er__smd__SMD_machine-3-5__seed1112,er,smd,SMD_machine-3-5,1112,pending,,
grasp_protocol_v3__er__smd__SMD_machine-3-6__seed1112,er,smd,SMD_machine-3-6,1112,pending,,
grasp_protocol_v3__lin__smd__SMD_machine-1-2__seed1112,lin,smd,SMD_machine-1-2,1112,pending,,
grasp_protocol_v3__lin__smd__SMD_machine-1-3__seed1112,lin,smd,SMD_machine-1-3,1112,pending,,
grasp_protocol_v3__lin__smd__SMD_machine-1-4__seed1112,lin,smd,SMD_machine-1-4,1112,pending,,
grasp_protocol_v3__lin__smd__SMD_machine-1-6__seed1112,lin,smd,SMD_machine-1-6,1112,pending,,
grasp_protocol_v3__lin__smd__SMD_machine-1-7__seed1112,lin,smd,SMD_machine-1-7,1112,pending,,
grasp_protocol_v3__lin__smd__SMD_machine-1-8__seed1112,lin,smd,SMD_machine-1-8,1112,pending,,
grasp_protocol_v3__lin__smd__SMD_machine-2-1__seed1112,lin,smd,SMD_machine-2-1,1112,pending,,
grasp_protocol_v3__lin__smd__SMD_machine-2-2__seed1112,lin,smd,SMD_machine-2-2,1112,pending,,
grasp_protocol_v3__lin__smd__SMD_machine-2-3__seed1112,lin,smd,SMD_machine-2-3,1112,pending,,
grasp_protocol_v3__lin__smd__SMD_machine-2-4__seed1112,lin,smd,SMD_machine-2-4,1112,pending,,
grasp_protocol_v3__lin__smd__SMD_machine-2-5__seed1112,lin,smd,SMD_machine-2-5,1112,pending,,
grasp_protocol_v3__lin__smd__SMD_machine-2-7__seed1112,lin,smd,SMD_machine-2-7,1112,pending,,
grasp_protocol_v3__lin__smd__SMD_machine-2-9__seed1112,lin,smd,SMD_machine-2-9,1112,pending,,
grasp_protocol_v3__lin__smd__SMD_machine-3-10__seed1112,lin,smd,SMD_machine-3-10,1112,pending,,
grasp_protocol_v3__lin__smd__SMD_machine-3-2__seed1112,lin,smd,SMD_machine-3-2,1112,pending,,
grasp_protocol_v3__lin__smd__SMD_machine-3-3__seed1112,lin,smd,SMD_machine-3-3,1112,pending,,
grasp_protocol_v3__lin__smd__SMD_machine-3-5__seed1112,lin,smd,SMD_machine-3-5,1112,pending,,
grasp_protocol_v3__lin__smd__SMD_machine-3-6__seed1112,lin,smd,SMD_machine-3-6,1112,pending,,
grasp_protocol_v3__tau_0__smd__SMD_machine-1-2__seed1112,tau_0,smd,SMD_machine-1-2,1112,pending,,
grasp_protocol_v3__tau_0__smd__SMD_machine-1-3__seed1112,tau_0,smd,SMD_machine-1-3,1112,pending,,
grasp_protocol_v3__tau_0__smd__SMD_machine-1-4__seed1112,tau_0,smd,SMD_machine-1-4,1112,pending,,
grasp_protocol_v3__tau_0__smd__SMD_machine-1-6__seed1112,tau_0,smd,SMD_machine-1-6,1112,pending,,
grasp_protocol_v3__tau_0__smd__SMD_machine-1-7__seed1112,tau_0,smd,SMD_machine-1-7,1112,pending,,
grasp_protocol_v3__tau_0__smd__SMD_machine-1-8__seed1112,tau_0,smd,SMD_machine-1-8,1112,pending,,
grasp_protocol_v3__tau_0__smd__SMD_machine-2-1__seed1112,tau_0,smd,SMD_machine-2-1,1112,pending,,
grasp_protocol_v3__tau_0__smd__SMD_machine-2-2__seed1112,tau_0,smd,SMD_machine-2-2,1112,pending,,
grasp_protocol_v3__tau_0__smd__SMD_machine-2-3__seed1112,tau_0,smd,SMD_machine-2-3,1112,pending,,
grasp_protocol_v3__tau_0__smd__SMD_machine-2-4__seed1112,tau_0,smd,SMD_machine-2-4,1112,pending,,
grasp_protocol_v3__tau_0__smd__SMD_machine-2-5__seed1112,tau_0,smd,SMD_machine-2-5,1112,pending,,
grasp_protocol_v3__tau_0__smd__SMD_machine-2-7__seed1112,tau_0,smd,SMD_machine-2-7,1112,pending,,
grasp_protocol_v3__tau_0__smd__SMD_machine-2-9__seed1112,tau_0,smd,SMD_machine-2-9,1112,pending,,
grasp_protocol_v3__tau_0__smd__SMD_machine-3-10__seed1112,tau_0,smd,SMD_machine-3-10,1112,pending,,
grasp_protocol_v3__tau_0__smd__SMD_machine-3-2__seed1112,tau_0,smd,SMD_machine-3-2,1112,pending,,
grasp_protocol_v3__tau_0__smd__SMD_machine-3-3__seed1112,tau_0,smd,SMD_machine-3-3,1112,pending,,
grasp_protocol_v3__tau_0__smd__SMD_machine-3-5__seed1112,tau_0,smd,SMD_machine-3-5,1112,pending,,
grasp_protocol_v3__tau_0__smd__SMD_machine-3-6__seed1112,tau_0,smd,SMD_machine-3-6,1112,pending,,
grasp_protocol_v3__tau_0p25__smd__SMD_machine-1-2__seed1112,tau_0p25,smd,SMD_machine-1-2,1112,pending,,
grasp_protocol_v3__tau_0p25__smd__SMD_machine-1-3__seed1112,tau_0p25,smd,SMD_machine-1-3,1112,pending,,
grasp_protocol_v3__tau_0p25__smd__SMD_machine-1-4__seed1112,tau_0p25,smd,SMD_machine-1-4,1112,pending,,
grasp_protocol_v3__tau_0p25__smd__SMD_machine-1-6__seed1112,tau_0p25,smd,SMD_machine-1-6,1112,pending,,
grasp_protocol_v3__tau_0p25__smd__SMD_machine-1-7__seed1112,tau_0p25,smd,SMD_machine-1-7,1112,pending,,
grasp_protocol_v3__tau_0p25__smd__SMD_machine-1-8__seed1112,tau_0p25,smd,SMD_machine-1-8,1112,pending,,
grasp_protocol_v3__tau_0p25__smd__SMD_machine-2-1__seed1112,tau_0p25,smd,SMD_machine-2-1,1112,pending,,
grasp_protocol_v3__tau_0p25__smd__SMD_machine-2-2__seed1112,tau_0p25,smd,SMD_machine-2-2,1112,pending,,
grasp_protocol_v3__tau_0p25__smd__SMD_machine-2-3__seed1112,tau_0p25,smd,SMD_machine-2-3,1112,pending,,
grasp_protocol_v3__tau_0p25__smd__SMD_machine-2-4__seed1112,tau_0p25,smd,SMD_machine-2-4,1112,pending,,
grasp_protocol_v3__tau_0p25__smd__SMD_machine-2-5__seed1112,tau_0p25,smd,SMD_machine-2-5,1112,pending,,
grasp_protocol_v3__tau_0p25__smd__SMD_machine-2-7__seed1112,tau_0p25,smd,SMD_machine-2-7,1112,pending,,
grasp_protocol_v3__tau_0p25__smd__SMD_machine-2-9__seed1112,tau_0p25,smd,SMD_machine-2-9,1112,pending,,
grasp_protocol_v3__tau_0p25__smd__SMD_machine-3-10__seed1112,tau_0p25,smd,SMD_machine-3-10,1112,pending,,
grasp_protocol_v3__tau_0p25__smd__SMD_machine-3-2__seed1112,tau_0p25,smd,SMD_machine-3-2,1112,pending,,
grasp_protocol_v3__tau_0p25__smd__SMD_machine-3-3__seed1112,tau_0p25,smd,SMD_machine-3-3,1112,pending,,
grasp_protocol_v3__tau_0p25__smd__SMD_machine-3-5__seed1112,tau_0p25,smd,SMD_machine-3-5,1112,pending,,
grasp_protocol_v3__tau_0p25__smd__SMD_machine-3-6__seed1112,tau_0p25,smd,SMD_machine-3-6,1112,pending,,
grasp_protocol_v3__tau_0p5__smd__SMD_machine-1-2__seed1112,tau_0p5,smd,SMD_machine-1-2,1112,pending,,
grasp_protocol_v3__tau_0p5__smd__SMD_machine-1-3__seed1112,tau_0p5,smd,SMD_machine-1-3,1112,pending,,
grasp_protocol_v3__tau_0p5__smd__SMD_machine-1-4__seed1112,tau_0p5,smd,SMD_machine-1-4,1112,pending,,
grasp_protocol_v3__tau_0p5__smd__SMD_machine-1-6__seed1112,tau_0p5,smd,SMD_machine-1-6,1112,pending,,
grasp_protocol_v3__tau_0p5__smd__SMD_machine-1-7__seed1112,tau_0p5,smd,SMD_machine-1-7,1112,pending,,
grasp_protocol_v3__tau_0p5__smd__SMD_machine-1-8__seed1112,tau_0p5,smd,SMD_machine-1-8,1112,pending,,
grasp_protocol_v3__tau_0p5__smd__SMD_machine-2-1__seed1112,tau_0p5,smd,SMD_machine-2-1,1112,pending,,
grasp_protocol_v3__tau_0p5__smd__SMD_machine-2-2__seed1112,tau_0p5,smd,SMD_machine-2-2,1112,pending,,
grasp_protocol_v3__tau_0p5__smd__SMD_machine-2-3__seed1112,tau_0p5,smd,SMD_machine-2-3,1112,pending,,
grasp_protocol_v3__tau_0p5__smd__SMD_machine-2-4__seed1112,tau_0p5,smd,SMD_machine-2-4,1112,pending,,
grasp_protocol_v3__tau_0p5__smd__SMD_machine-2-5__seed1112,tau_0p5,smd,SMD_machine-2-5,1112,pending,,
grasp_protocol_v3__tau_0p5__smd__SMD_machine-2-7__seed1112,tau_0p5,smd,SMD_machine-2-7,1112,pending,,
grasp_protocol_v3__tau_0p5__smd__SMD_machine-2-9__seed1112,tau_0p5,smd,SMD_machine-2-9,1112,pending,,
grasp_protocol_v3__tau_0p5__smd__SMD_machine-3-10__seed1112,tau_0p5,smd,SMD_machine-3-10,1112,pending,,
grasp_protocol_v3__tau_0p5__smd__SMD_machine-3-2__seed1112,tau_0p5,smd,SMD_machine-3-2,1112,pending,,
grasp_protocol_v3__tau_0p5__smd__SMD_machine-3-3__seed1112,tau_0p5,smd,SMD_machine-3-3,1112,pending,,
grasp_protocol_v3__tau_0p5__smd__SMD_machine-3-5__seed1112,tau_0p5,smd,SMD_machine-3-5,1112,pending,,
grasp_protocol_v3__tau_0p5__smd__SMD_machine-3-6__seed1112,tau_0p5,smd,SMD_machine-3-6,1112,pending,,
grasp_protocol_v3__tau_1__smd__SMD_machine-1-2__seed1112,tau_1,smd,SMD_machine-1-2,1112,pending,,
grasp_protocol_v3__tau_1__smd__SMD_machine-1-3__seed1112,tau_1,smd,SMD_machine-1-3,1112,pending,,
grasp_protocol_v3__tau_1__smd__SMD_machine-1-4__seed1112,tau_1,smd,SMD_machine-1-4,1112,pending,,
grasp_protocol_v3__tau_1__smd__SMD_machine-1-6__seed1112,tau_1,smd,SMD_machine-1-6,1112,pending,,
grasp_protocol_v3__tau_1__smd__SMD_machine-1-7__seed1112,tau_1,smd,SMD_machine-1-7,1112,pending,,
grasp_protocol_v3__tau_1__smd__SMD_machine-1-8__seed1112,tau_1,smd,SMD_machine-1-8,1112,pending,,
grasp_protocol_v3__tau_1__smd__SMD_machine-2-1__seed1112,tau_1,smd,SMD_machine-2-1,1112,pending,,
grasp_protocol_v3__tau_1__smd__SMD_machine-2-2__seed1112,tau_1,smd,SMD_machine-2-2,1112,pending,,
grasp_protocol_v3__tau_1__smd__SMD_machine-2-3__seed1112,tau_1,smd,SMD_machine-2-3,1112,pending,,
grasp_protocol_v3__tau_1__smd__SMD_machine-2-4__seed1112,tau_1,smd,SMD_machine-2-4,1112,pending,,
grasp_protocol_v3__tau_1__smd__SMD_machine-2-5__seed1112,tau_1,smd,SMD_machine-2-5,1112,pending,,
grasp_protocol_v3__tau_1__smd__SMD_machine-2-7__seed1112,tau_1,smd,SMD_machine-2-7,1112,pending,,
grasp_protocol_v3__tau_1__smd__SMD_machine-2-9__seed1112,tau_1,smd,SMD_machine-2-9,1112,pending,,
grasp_protocol_v3__tau_1__smd__SMD_machine-3-10__seed1112,tau_1,smd,SMD_machine-3-10,1112,pending,,
grasp_protocol_v3__tau_1__smd__SMD_machine-3-2__seed1112,tau_1,smd,SMD_machine-3-2,1112,pending,,
grasp_protocol_v3__tau_1__smd__SMD_machine-3-3__seed1112,tau_1,smd,SMD_machine-3-3,1112,pending,,
grasp_protocol_v3__tau_1__smd__SMD_machine-3-5__seed1112,tau_1,smd,SMD_machine-3-5,1112,pending,,
grasp_protocol_v3__tau_1__smd__SMD_machine-3-6__seed1112,tau_1,smd,SMD_machine-3-6,1112,pending,,
grasp_protocol_v3__tau_4__smd__SMD_machine-1-2__seed1112,tau_4,smd,SMD_machine-1-2,1112,pending,,
grasp_protocol_v3__tau_4__smd__SMD_machine-1-3__seed1112,tau_4,smd,SMD_machine-1-3,1112,pending,,
grasp_protocol_v3__tau_4__smd__SMD_machine-1-4__seed1112,tau_4,smd,SMD_machine-1-4,1112,pending,,
grasp_protocol_v3__tau_4__smd__SMD_machine-1-6__seed1112,tau_4,smd,SMD_machine-1-6,1112,pending,,
grasp_protocol_v3__tau_4__smd__SMD_machine-1-7__seed1112,tau_4,smd,SMD_machine-1-7,1112,pending,,
grasp_protocol_v3__tau_4__smd__SMD_machine-1-8__seed1112,tau_4,smd,SMD_machine-1-8,1112,pending,,
grasp_protocol_v3__tau_4__smd__SMD_machine-2-1__seed1112,tau_4,smd,SMD_machine-2-1,1112,pending,,
grasp_protocol_v3__tau_4__smd__SMD_machine-2-2__seed1112,tau_4,smd,SMD_machine-2-2,1112,pending,,
grasp_protocol_v3__tau_4__smd__SMD_machine-2-3__seed1112,tau_4,smd,SMD_machine-2-3,1112,pending,,
grasp_protocol_v3__tau_4__smd__SMD_machine-2-4__seed1112,tau_4,smd,SMD_machine-2-4,1112,pending,,
grasp_protocol_v3__tau_4__smd__SMD_machine-2-5__seed1112,tau_4,smd,SMD_machine-2-5,1112,pending,,
grasp_protocol_v3__tau_4__smd__SMD_machine-2-7__seed1112,tau_4,smd,SMD_machine-2-7,1112,pending,,
grasp_protocol_v3__tau_4__smd__SMD_machine-2-9__seed1112,tau_4,smd,SMD_machine-2-9,1112,pending,,
grasp_protocol_v3__tau_4__smd__SMD_machine-3-10__seed1112,tau_4,smd,SMD_machine-3-10,1112,pending,,
grasp_protocol_v3__tau_4__smd__SMD_machine-3-2__seed1112,tau_4,smd,SMD_machine-3-2,1112,pending,,
grasp_protocol_v3__tau_4__smd__SMD_machine-3-3__seed1112,tau_4,smd,SMD_machine-3-3,1112,pending,,
grasp_protocol_v3__tau_4__smd__SMD_machine-3-5__seed1112,tau_4,smd,SMD_machine-3-5,1112,pending,,
grasp_protocol_v3__tau_4__smd__SMD_machine-3-6__seed1112,tau_4,smd,SMD_machine-3-6,1112,pending,,
grasp_protocol_v3__tau_8__smd__SMD_machine-1-2__seed1112,tau_8,smd,SMD_machine-1-2,1112,pending,,
grasp_protocol_v3__tau_8__smd__SMD_machine-1-3__seed1112,tau_8,smd,SMD_machine-1-3,1112,pending,,
grasp_protocol_v3__tau_8__smd__SMD_machine-1-4__seed1112,tau_8,smd,SMD_machine-1-4,1112,pending,,
grasp_protocol_v3__tau_8__smd__SMD_machine-1-6__seed1112,tau_8,smd,SMD_machine-1-6,1112,pending,,
grasp_protocol_v3__tau_8__smd__SMD_machine-1-7__seed1112,tau_8,smd,SMD_machine-1-7,1112,pending,,
grasp_protocol_v3__tau_8__smd__SMD_machine-1-8__seed1112,tau_8,smd,SMD_machine-1-8,1112,pending,,
grasp_protocol_v3__tau_8__smd__SMD_machine-2-1__seed1112,tau_8,smd,SMD_machine-2-1,1112,pending,,
grasp_protocol_v3__tau_8__smd__SMD_machine-2-2__seed1112,tau_8,smd,SMD_machine-2-2,1112,pending,,
grasp_protocol_v3__tau_8__smd__SMD_machine-2-3__seed1112,tau_8,smd,SMD_machine-2-3,1112,pending,,
grasp_protocol_v3__tau_8__smd__SMD_machine-2-4__seed1112,tau_8,smd,SMD_machine-2-4,1112,pending,,
grasp_protocol_v3__tau_8__smd__SMD_machine-2-5__seed1112,tau_8,smd,SMD_machine-2-5,1112,pending,,
grasp_protocol_v3__tau_8__smd__SMD_machine-2-7__seed1112,tau_8,smd,SMD_machine-2-7,1112,pending,,
grasp_protocol_v3__tau_8__smd__SMD_machine-2-9__seed1112,tau_8,smd,SMD_machine-2-9,1112,pending,,
grasp_protocol_v3__tau_8__smd__SMD_machine-3-10__seed1112,tau_8,smd,SMD_machine-3-10,1112,pending,,
grasp_protocol_v3__tau_8__smd__SMD_machine-3-2__seed1112,tau_8,smd,SMD_machine-3-2,1112,pending,,
grasp_protocol_v3__tau_8__smd__SMD_machine-3-3__seed1112,tau_8,smd,SMD_machine-3-3,1112,pending,,
grasp_protocol_v3__tau_8__smd__SMD_machine-3-5__seed1112,tau_8,smd,SMD_machine-3-5,1112,pending,,
grasp_protocol_v3__tau_8__smd__SMD_machine-3-6__seed1112,tau_8,smd,SMD_machine-3-6,1112,pending,,
grasp_protocol_v3__gnn__smap__SMAP_A-1__seed1103,gnn,smap,SMAP_A-1,1103,pending,,
grasp_protocol_v3__gnn__smap__SMAP_A-2__seed1103,gnn,smap,SMAP_A-2,1103,pending,,
grasp_protocol_v3__gnn__smap__SMAP_A-3__seed1103,gnn,smap,SMAP_A-3,1103,pending,,
grasp_protocol_v3__gnn__smap__SMAP_A-4__seed1103,gnn,smap,SMAP_A-4,1103,pending,,
grasp_protocol_v3__gnn__smap__SMAP_A-5__seed1103,gnn,smap,SMAP_A-5,1103,pending,,
grasp_protocol_v3__gnn__smap__SMAP_A-6__seed1103,gnn,smap,SMAP_A-6,1103,pending,,
grasp_protocol_v3__gnn__smap__SMAP_A-7__seed1103,gnn,smap,SMAP_A-7,1103,pending,,
grasp_protocol_v3__gnn__smap__SMAP_A-8__seed1103,gnn,smap,SMAP_A-8,1103,pending,,
grasp_protocol_v3__gnn__smap__SMAP_A-9__seed1103,gnn,smap,SMAP_A-9,1103,pending,,
grasp_protocol_v3__gnn__smap__SMAP_B-1__seed1103,gnn,smap,SMAP_B-1,1103,pending,,
grasp_protocol_v3__gnn__smap__SMAP_D-11__seed1103,gnn,smap,SMAP_D-11,1103,pending,,
grasp_protocol_v3__gnn__smap__SMAP_D-1__seed1103,gnn,smap,SMAP_D-1,1103,pending,,
grasp_protocol_v3__gnn__smap__SMAP_D-2__seed1103,gnn,smap,SMAP_D-2,1103,pending,,
grasp_protocol_v3__gnn__smap__SMAP_D-3__seed1103,gnn,smap,SMAP_D-3,1103,pending,,
grasp_protocol_v3__gnn__smap__SMAP_D-4__seed1103,gnn,smap,SMAP_D-4,1103,pending,,
grasp_protocol_v3__gnn__smap__SMAP_D-5__seed1103,gnn,smap,SMAP_D-5,1103,pending,,
grasp_protocol_v3__gnn__smap__SMAP_D-6__seed1103,gnn,smap,SMAP_D-6,1103,pending,,
grasp_protocol_v3__gnn__smap__SMAP_D-7__seed1103,gnn,smap,SMAP_D-7,1103,pending,,
grasp_protocol_v3__gnn__smap__SMAP_D-8__seed1103,gnn,smap,SMAP_D-8,1103,pending,,
grasp_protocol_v3__gnn__smap__SMAP_D-9__seed1103,gnn,smap,SMAP_D-9,1103,pending,,
grasp_protocol_v3__gnn__smap__SMAP_E-10__seed1103,gnn,smap,SMAP_E-10,1103,pending,,
grasp_protocol_v3__gnn__smap__SMAP_E-11__seed1103,gnn,smap,SMAP_E-11,1103,pending,,
grasp_protocol_v3__gnn__smap__SMAP_E-12__seed1103,gnn,smap,SMAP_E-12,1103,pending,,
grasp_protocol_v3__gnn__smap__SMAP_E-13__seed1103,gnn,smap,SMAP_E-13,1103,pending,,
grasp_protocol_v3__gnn__smap__SMAP_E-1__seed1103,gnn,smap,SMAP_E-1,1103,pending,,
grasp_protocol_v3__gnn__smap__SMAP_E-2__seed1103,gnn,smap,SMAP_E-2,1103,pending,,
grasp_protocol_v3__gnn__smap__SMAP_E-3__seed1103,gnn,smap,SMAP_E-3,1103,pending,,
grasp_protocol_v3__gnn__smap__SMAP_E-4__seed1103,gnn,smap,SMAP_E-4,1103,pending,,
grasp_protocol_v3__gnn__smap__SMAP_E-5__seed1103,gnn,smap,SMAP_E-5,1103,pending,,
grasp_protocol_v3__gnn__smap__SMAP_E-6__seed1103,gnn,smap,SMAP_E-6,1103,pending,,
grasp_protocol_v3__gnn__smap__SMAP_E-7__seed1103,gnn,smap,SMAP_E-7,1103,pending,,
grasp_protocol_v3__gnn__smap__SMAP_E-8__seed1103,gnn,smap,SMAP_E-8,1103,pending,,
grasp_protocol_v3__gnn__smap__SMAP_E-9__seed1103,gnn,smap,SMAP_E-9,1103,pending,,
grasp_protocol_v3__gnn__smap__SMAP_F-1__seed1103,gnn,smap,SMAP_F-1,1103,pending,,
grasp_protocol_v3__gnn__smap__SMAP_F-2__seed1103,gnn,smap,SMAP_F-2,1103,pending,,
grasp_protocol_v3__gnn__smap__SMAP_F-3__seed1103,gnn,smap,SMAP_F-3,1103,pending,,
grasp_protocol_v3__gnn__smap__SMAP_G-1__seed1103,gnn,smap,SMAP_G-1,1103,pending,,
grasp_protocol_v3__gnn__smap__SMAP_G-2__seed1103,gnn,smap,SMAP_G-2,1103,pending,,
grasp_protocol_v3__gnn__smap__SMAP_G-3__seed1103,gnn,smap,SMAP_G-3,1103,pending,,
grasp_protocol_v3__gnn__smap__SMAP_G-4__seed1103,gnn,smap,SMAP_G-4,1103,pending,,
grasp_protocol_v3__gnn__smap__SMAP_G-6__seed1103,gnn,smap,SMAP_G-6,1103,pending,,
grasp_protocol_v3__gnn__smap__SMAP_G-7__seed1103,gnn,smap,SMAP_G-7,1103,pending,,
grasp_protocol_v3__gnn__smap__SMAP_P-1__seed1103,gnn,smap,SMAP_P-1,1103,pending,,
grasp_protocol_v3__gnn__smap__SMAP_P-2__seed1103,gnn,smap,SMAP_P-2,1103,pending,,
grasp_protocol_v3__gnn__smap__SMAP_P-3__seed1103,gnn,smap,SMAP_P-3,1103,pending,,
grasp_protocol_v3__gnn__smap__SMAP_P-4__seed1103,gnn,smap,SMAP_P-4,1103,pending,,
grasp_protocol_v3__gnn__smap__SMAP_R-1__seed1103,gnn,smap,SMAP_R-1,1103,pending,,
grasp_protocol_v3__gnn__smap__SMAP_S-1__seed1103,gnn,smap,SMAP_S-1,1103,pending,,
grasp_protocol_v3__gnn__smap__SMAP_T-1__seed1103,gnn,smap,SMAP_T-1,1103,pending,,
grasp_protocol_v3__gnn__smap__SMAP_T-2__seed1103,gnn,smap,SMAP_T-2,1103,pending,,
grasp_protocol_v3__gnn__smap__SMAP_T-3__seed1103,gnn,smap,SMAP_T-3,1103,pending,,
grasp_protocol_v3__main__smap__SMAP_A-1__seed1103,main,smap,SMAP_A-1,1103,pending,,
grasp_protocol_v3__main__smap__SMAP_A-2__seed1103,main,smap,SMAP_A-2,1103,pending,,
grasp_protocol_v3__main__smap__SMAP_A-3__seed1103,main,smap,SMAP_A-3,1103,pending,,
grasp_protocol_v3__main__smap__SMAP_A-4__seed1103,main,smap,SMAP_A-4,1103,pending,,
grasp_protocol_v3__main__smap__SMAP_A-5__seed1103,main,smap,SMAP_A-5,1103,pending,,
grasp_protocol_v3__main__smap__SMAP_A-6__seed1103,main,smap,SMAP_A-6,1103,pending,,
grasp_protocol_v3__main__smap__SMAP_A-7__seed1103,main,smap,SMAP_A-7,1103,pending,,
grasp_protocol_v3__main__smap__SMAP_A-8__seed1103,main,smap,SMAP_A-8,1103,pending,,
grasp_protocol_v3__main__smap__SMAP_A-9__seed1103,main,smap,SMAP_A-9,1103,pending,,
grasp_protocol_v3__main__smap__SMAP_B-1__seed1103,main,smap,SMAP_B-1,1103,pending,,
grasp_protocol_v3__main__smap__SMAP_D-11__seed1103,main,smap,SMAP_D-11,1103,pending,,
grasp_protocol_v3__main__smap__SMAP_D-1__seed1103,main,smap,SMAP_D-1,1103,pending,,
grasp_protocol_v3__main__smap__SMAP_D-2__seed1103,main,smap,SMAP_D-2,1103,pending,,
grasp_protocol_v3__main__smap__SMAP_D-3__seed1103,main,smap,SMAP_D-3,1103,pending,,
grasp_protocol_v3__main__smap__SMAP_D-4__seed1103,main,smap,SMAP_D-4,1103,pending,,
grasp_protocol_v3__main__smap__SMAP_D-5__seed1103,main,smap,SMAP_D-5,1103,pending,,
grasp_protocol_v3__main__smap__SMAP_D-6__seed1103,main,smap,SMAP_D-6,1103,pending,,
grasp_protocol_v3__main__smap__SMAP_D-7__seed1103,main,smap,SMAP_D-7,1103,pending,,
grasp_protocol_v3__main__smap__SMAP_D-8__seed1103,main,smap,SMAP_D-8,1103,pending,,
grasp_protocol_v3__main__smap__SMAP_D-9__seed1103,main,smap,SMAP_D-9,1103,pending,,
grasp_protocol_v3__main__smap__SMAP_E-10__seed1103,main,smap,SMAP_E-10,1103,pending,,
grasp_protocol_v3__main__smap__SMAP_E-11__seed1103,main,smap,SMAP_E-11,1103,pending,,
grasp_protocol_v3__main__smap__SMAP_E-12__seed1103,main,smap,SMAP_E-12,1103,pending,,
grasp_protocol_v3__main__smap__SMAP_E-13__seed1103,main,smap,SMAP_E-13,1103,pending,,
grasp_protocol_v3__main__smap__SMAP_E-1__seed1103,main,smap,SMAP_E-1,1103,pending,,
grasp_protocol_v3__main__smap__SMAP_E-2__seed1103,main,smap,SMAP_E-2,1103,pending,,
grasp_protocol_v3__main__smap__SMAP_E-3__seed1103,main,smap,SMAP_E-3,1103,pending,,
grasp_protocol_v3__main__smap__SMAP_E-4__seed1103,main,smap,SMAP_E-4,1103,pending,,
grasp_protocol_v3__main__smap__SMAP_E-5__seed1103,main,smap,SMAP_E-5,1103,pending,,
grasp_protocol_v3__main__smap__SMAP_E-6__seed1103,main,smap,SMAP_E-6,1103,pending,,
grasp_protocol_v3__main__smap__SMAP_E-7__seed1103,main,smap,SMAP_E-7,1103,pending,,
grasp_protocol_v3__main__smap__SMAP_E-8__seed1103,main,smap,SMAP_E-8,1103,pending,,
grasp_protocol_v3__main__smap__SMAP_E-9__seed1103,main,smap,SMAP_E-9,1103,pending,,
grasp_protocol_v3__main__smap__SMAP_F-1__seed1103,main,smap,SMAP_F-1,1103,pending,,
grasp_protocol_v3__main__smap__SMAP_F-2__seed1103,main,smap,SMAP_F-2,1103,pending,,
grasp_protocol_v3__main__smap__SMAP_F-3__seed1103,main,smap,SMAP_F-3,1103,pending,,
grasp_protocol_v3__main__smap__SMAP_G-1__seed1103,main,smap,SMAP_G-1,1103,pending,,
grasp_protocol_v3__main__smap__SMAP_G-2__seed1103,main,smap,SMAP_G-2,1103,pending,,
grasp_protocol_v3__main__smap__SMAP_G-3__seed1103,main,smap,SMAP_G-3,1103,pending,,
grasp_protocol_v3__main__smap__SMAP_G-4__seed1103,main,smap,SMAP_G-4,1103,pending,,
grasp_protocol_v3__main__smap__SMAP_G-6__seed1103,main,smap,SMAP_G-6,1103,pending,,
grasp_protocol_v3__main__smap__SMAP_G-7__seed1103,main,smap,SMAP_G-7,1103,pending,,
grasp_protocol_v3__main__smap__SMAP_P-1__seed1103,main,smap,SMAP_P-1,1103,pending,,
grasp_protocol_v3__main__smap__SMAP_P-2__seed1103,main,smap,SMAP_P-2,1103,pending,,
grasp_protocol_v3__main__smap__SMAP_P-3__seed1103,main,smap,SMAP_P-3,1103,pending,,
grasp_protocol_v3__main__smap__SMAP_P-4__seed1103,main,smap,SMAP_P-4,1103,pending,,
grasp_protocol_v3__main__smap__SMAP_R-1__seed1103,main,smap,SMAP_R-1,1103,pending,,
grasp_protocol_v3__main__smap__SMAP_S-1__seed1103,main,smap,SMAP_S-1,1103,pending,,
grasp_protocol_v3__main__smap__SMAP_T-1__seed1103,main,smap,SMAP_T-1,1103,pending,,
grasp_protocol_v3__main__smap__SMAP_T-2__seed1103,main,smap,SMAP_T-2,1103,pending,,
grasp_protocol_v3__main__smap__SMAP_T-3__seed1103,main,smap,SMAP_T-3,1103,pending,,
grasp_protocol_v3__transformer__smap__SMAP_A-1__seed1103,transformer,smap,SMAP_A-1,1103,pending,,
grasp_protocol_v3__transformer__smap__SMAP_A-2__seed1103,transformer,smap,SMAP_A-2,1103,pending,,
grasp_protocol_v3__transformer__smap__SMAP_A-3__seed1103,transformer,smap,SMAP_A-3,1103,pending,,
grasp_protocol_v3__transformer__smap__SMAP_A-4__seed1103,transformer,smap,SMAP_A-4,1103,pending,,
grasp_protocol_v3__transformer__smap__SMAP_A-5__seed1103,transformer,smap,SMAP_A-5,1103,pending,,
grasp_protocol_v3__transformer__smap__SMAP_A-6__seed1103,transformer,smap,SMAP_A-6,1103,pending,,
grasp_protocol_v3__transformer__smap__SMAP_A-7__seed1103,transformer,smap,SMAP_A-7,1103,pending,,
grasp_protocol_v3__transformer__smap__SMAP_A-8__seed1103,transformer,smap,SMAP_A-8,1103,pending,,
grasp_protocol_v3__transformer__smap__SMAP_A-9__seed1103,transformer,smap,SMAP_A-9,1103,pending,,
grasp_protocol_v3__transformer__smap__SMAP_B-1__seed1103,transformer,smap,SMAP_B-1,1103,pending,,
grasp_protocol_v3__transformer__smap__SMAP_D-11__seed1103,transformer,smap,SMAP_D-11,1103,pending,,
grasp_protocol_v3__transformer__smap__SMAP_D-1__seed1103,transformer,smap,SMAP_D-1,1103,pending,,
grasp_protocol_v3__transformer__smap__SMAP_D-2__seed1103,transformer,smap,SMAP_D-2,1103,pending,,
grasp_protocol_v3__transformer__smap__SMAP_D-3__seed1103,transformer,smap,SMAP_D-3,1103,pending,,
grasp_protocol_v3__transformer__smap__SMAP_D-4__seed1103,transformer,smap,SMAP_D-4,1103,pending,,
grasp_protocol_v3__transformer__smap__SMAP_D-5__seed1103,transformer,smap,SMAP_D-5,1103,pending,,
grasp_protocol_v3__transformer__smap__SMAP_D-6__seed1103,transformer,smap,SMAP_D-6,1103,pending,,
grasp_protocol_v3__transformer__smap__SMAP_D-7__seed1103,transformer,smap,SMAP_D-7,1103,pending,,
grasp_protocol_v3__transformer__smap__SMAP_D-8__seed1103,transformer,smap,SMAP_D-8,1103,pending,,
grasp_protocol_v3__transformer__smap__SMAP_D-9__seed1103,transformer,smap,SMAP_D-9,1103,pending,,
grasp_protocol_v3__transformer__smap__SMAP_E-10__seed1103,transformer,smap,SMAP_E-10,1103,pending,,
grasp_protocol_v3__transformer__smap__SMAP_E-11__seed1103,transformer,smap,SMAP_E-11,1103,pending,,
grasp_protocol_v3__transformer__smap__SMAP_E-12__seed1103,transformer,smap,SMAP_E-12,1103,pending,,
grasp_protocol_v3__transformer__smap__SMAP_E-13__seed1103,transformer,smap,SMAP_E-13,1103,pending,,
grasp_protocol_v3__transformer__smap__SMAP_E-1__seed1103,transformer,smap,SMAP_E-1,1103,pending,,
grasp_protocol_v3__transformer__smap__SMAP_E-2__seed1103,transformer,smap,SMAP_E-2,1103,pending,,
grasp_protocol_v3__transformer__smap__SMAP_E-3__seed1103,transformer,smap,SMAP_E-3,1103,pending,,
grasp_protocol_v3__transformer__smap__SMAP_E-4__seed1103,transformer,smap,SMAP_E-4,1103,pending,,
grasp_protocol_v3__transformer__smap__SMAP_E-5__seed1103,transformer,smap,SMAP_E-5,1103,pending,,
grasp_protocol_v3__transformer__smap__SMAP_E-6__seed1103,transformer,smap,SMAP_E-6,1103,pending,,
grasp_protocol_v3__transformer__smap__SMAP_E-7__seed1103,transformer,smap,SMAP_E-7,1103,pending,,
grasp_protocol_v3__transformer__smap__SMAP_E-8__seed1103,transformer,smap,SMAP_E-8,1103,pending,,
grasp_protocol_v3__transformer__smap__SMAP_E-9__seed1103,transformer,smap,SMAP_E-9,1103,pending,,
grasp_protocol_v3__transformer__smap__SMAP_F-1__seed1103,transformer,smap,SMAP_F-1,1103,pending,,
grasp_protocol_v3__transformer__smap__SMAP_F-2__seed1103,transformer,smap,SMAP_F-2,1103,pending,,
grasp_protocol_v3__transformer__smap__SMAP_F-3__seed1103,transformer,smap,SMAP_F-3,1103,pending,,
grasp_protocol_v3__transformer__smap__SMAP_G-1__seed1103,transformer,smap,SMAP_G-1,1103,pending,,
grasp_protocol_v3__transformer__smap__SMAP_G-2__seed1103,transformer,smap,SMAP_G-2,1103,pending,,
grasp_protocol_v3__transformer__smap__SMAP_G-3__seed1103,transformer,smap,SMAP_G-3,1103,pending,,
grasp_protocol_v3__transformer__smap__SMAP_G-4__seed1103,transformer,smap,SMAP_G-4,1103,pending,,
grasp_protocol_v3__transformer__smap__SMAP_G-6__seed1103,transformer,smap,SMAP_G-6,1103,pending,,
grasp_protocol_v3__transformer__smap__SMAP_G-7__seed1103,transformer,smap,SMAP_G-7,1103,pending,,
grasp_protocol_v3__transformer__smap__SMAP_P-1__seed1103,transformer,smap,SMAP_P-1,1103,pending,,
grasp_protocol_v3__transformer__smap__SMAP_P-2__seed1103,transformer,smap,SMAP_P-2,1103,pending,,
grasp_protocol_v3__transformer__smap__SMAP_P-3__seed1103,transformer,smap,SMAP_P-3,1103,pending,,
grasp_protocol_v3__transformer__smap__SMAP_P-4__seed1103,transformer,smap,SMAP_P-4,1103,pending,,
grasp_protocol_v3__transformer__smap__SMAP_R-1__seed1103,transformer,smap,SMAP_R-1,1103,pending,,
grasp_protocol_v3__transformer__smap__SMAP_S-1__seed1103,transformer,smap,SMAP_S-1,1103,pending,,
grasp_protocol_v3__transformer__smap__SMAP_T-1__seed1103,transformer,smap,SMAP_T-1,1103,pending,,
grasp_protocol_v3__transformer__smap__SMAP_T-2__seed1103,transformer,smap,SMAP_T-2,1103,pending,,
grasp_protocol_v3__transformer__smap__SMAP_T-3__seed1103,transformer,smap,SMAP_T-3,1103,pending,,
grasp_protocol_v3__mean__smap__SMAP_A-1__seed1103,mean,smap,SMAP_A-1,1103,pending,,
grasp_protocol_v3__mean__smap__SMAP_A-2__seed1103,mean,smap,SMAP_A-2,1103,pending,,
grasp_protocol_v3__mean__smap__SMAP_A-3__seed1103,mean,smap,SMAP_A-3,1103,pending,,
grasp_protocol_v3__mean__smap__SMAP_A-4__seed1103,mean,smap,SMAP_A-4,1103,pending,,
grasp_protocol_v3__mean__smap__SMAP_A-5__seed1103,mean,smap,SMAP_A-5,1103,pending,,
grasp_protocol_v3__mean__smap__SMAP_A-6__seed1103,mean,smap,SMAP_A-6,1103,pending,,
grasp_protocol_v3__mean__smap__SMAP_A-7__seed1103,mean,smap,SMAP_A-7,1103,pending,,
grasp_protocol_v3__mean__smap__SMAP_A-8__seed1103,mean,smap,SMAP_A-8,1103,pending,,
grasp_protocol_v3__mean__smap__SMAP_A-9__seed1103,mean,smap,SMAP_A-9,1103,pending,,
grasp_protocol_v3__mean__smap__SMAP_B-1__seed1103,mean,smap,SMAP_B-1,1103,pending,,
grasp_protocol_v3__mean__smap__SMAP_D-11__seed1103,mean,smap,SMAP_D-11,1103,pending,,
grasp_protocol_v3__mean__smap__SMAP_D-1__seed1103,mean,smap,SMAP_D-1,1103,pending,,
grasp_protocol_v3__mean__smap__SMAP_D-2__seed1103,mean,smap,SMAP_D-2,1103,pending,,
grasp_protocol_v3__mean__smap__SMAP_D-3__seed1103,mean,smap,SMAP_D-3,1103,pending,,
grasp_protocol_v3__mean__smap__SMAP_D-4__seed1103,mean,smap,SMAP_D-4,1103,pending,,
grasp_protocol_v3__mean__smap__SMAP_D-5__seed1103,mean,smap,SMAP_D-5,1103,pending,,
grasp_protocol_v3__mean__smap__SMAP_D-6__seed1103,mean,smap,SMAP_D-6,1103,pending,,
grasp_protocol_v3__mean__smap__SMAP_D-7__seed1103,mean,smap,SMAP_D-7,1103,pending,,
grasp_protocol_v3__mean__smap__SMAP_D-8__seed1103,mean,smap,SMAP_D-8,1103,pending,,
grasp_protocol_v3__mean__smap__SMAP_D-9__seed1103,mean,smap,SMAP_D-9,1103,pending,,
grasp_protocol_v3__mean__smap__SMAP_E-10__seed1103,mean,smap,SMAP_E-10,1103,pending,,
grasp_protocol_v3__mean__smap__SMAP_E-11__seed1103,mean,smap,SMAP_E-11,1103,pending,,
grasp_protocol_v3__mean__smap__SMAP_E-12__seed1103,mean,smap,SMAP_E-12,1103,pending,,
grasp_protocol_v3__mean__smap__SMAP_E-13__seed1103,mean,smap,SMAP_E-13,1103,pending,,
grasp_protocol_v3__mean__smap__SMAP_E-1__seed1103,mean,smap,SMAP_E-1,1103,pending,,
grasp_protocol_v3__mean__smap__SMAP_E-2__seed1103,mean,smap,SMAP_E-2,1103,pending,,
grasp_protocol_v3__mean__smap__SMAP_E-3__seed1103,mean,smap,SMAP_E-3,1103,pending,,
grasp_protocol_v3__mean__smap__SMAP_E-4__seed1103,mean,smap,SMAP_E-4,1103,pending,,
grasp_protocol_v3__mean__smap__SMAP_E-5__seed1103,mean,smap,SMAP_E-5,1103,pending,,
grasp_protocol_v3__mean__smap__SMAP_E-6__seed1103,mean,smap,SMAP_E-6,1103,pending,,
grasp_protocol_v3__mean__smap__SMAP_E-7__seed1103,mean,smap,SMAP_E-7,1103,pending,,
grasp_protocol_v3__mean__smap__SMAP_E-8__seed1103,mean,smap,SMAP_E-8,1103,pending,,
grasp_protocol_v3__mean__smap__SMAP_E-9__seed1103,mean,smap,SMAP_E-9,1103,pending,,
grasp_protocol_v3__mean__smap__SMAP_F-1__seed1103,mean,smap,SMAP_F-1,1103,pending,,
grasp_protocol_v3__mean__smap__SMAP_F-2__seed1103,mean,smap,SMAP_F-2,1103,pending,,
grasp_protocol_v3__mean__smap__SMAP_F-3__seed1103,mean,smap,SMAP_F-3,1103,pending,,
grasp_protocol_v3__mean__smap__SMAP_G-1__seed1103,mean,smap,SMAP_G-1,1103,pending,,
grasp_protocol_v3__mean__smap__SMAP_G-2__seed1103,mean,smap,SMAP_G-2,1103,pending,,
grasp_protocol_v3__mean__smap__SMAP_G-3__seed1103,mean,smap,SMAP_G-3,1103,pending,,
grasp_protocol_v3__mean__smap__SMAP_G-4__seed1103,mean,smap,SMAP_G-4,1103,pending,,
grasp_protocol_v3__mean__smap__SMAP_G-6__seed1103,mean,smap,SMAP_G-6,1103,pending,,
grasp_protocol_v3__mean__smap__SMAP_G-7__seed1103,mean,smap,SMAP_G-7,1103,pending,,
grasp_protocol_v3__mean__smap__SMAP_P-1__seed1103,mean,smap,SMAP_P-1,1103,pending,,
grasp_protocol_v3__mean__smap__SMAP_P-2__seed1103,mean,smap,SMAP_P-2,1103,pending,,
grasp_protocol_v3__mean__smap__SMAP_P-3__seed1103,mean,smap,SMAP_P-3,1103,pending,,
grasp_protocol_v3__mean__smap__SMAP_P-4__seed1103,mean,smap,SMAP_P-4,1103,pending,,
grasp_protocol_v3__mean__smap__SMAP_R-1__seed1103,mean,smap,SMAP_R-1,1103,pending,,
grasp_protocol_v3__mean__smap__SMAP_S-1__seed1103,mean,smap,SMAP_S-1,1103,pending,,
grasp_protocol_v3__mean__smap__SMAP_T-1__seed1103,mean,smap,SMAP_T-1,1103,pending,,
grasp_protocol_v3__mean__smap__SMAP_T-2__seed1103,mean,smap,SMAP_T-2,1103,pending,,
grasp_protocol_v3__mean__smap__SMAP_T-3__seed1103,mean,smap,SMAP_T-3,1103,pending,,
grasp_protocol_v3__er__smap__SMAP_A-1__seed1103,er,smap,SMAP_A-1,1103,pending,,
grasp_protocol_v3__er__smap__SMAP_A-2__seed1103,er,smap,SMAP_A-2,1103,pending,,
grasp_protocol_v3__er__smap__SMAP_A-3__seed1103,er,smap,SMAP_A-3,1103,pending,,
grasp_protocol_v3__er__smap__SMAP_A-4__seed1103,er,smap,SMAP_A-4,1103,pending,,
grasp_protocol_v3__er__smap__SMAP_A-5__seed1103,er,smap,SMAP_A-5,1103,pending,,
grasp_protocol_v3__er__smap__SMAP_A-6__seed1103,er,smap,SMAP_A-6,1103,pending,,
grasp_protocol_v3__er__smap__SMAP_A-7__seed1103,er,smap,SMAP_A-7,1103,pending,,
grasp_protocol_v3__er__smap__SMAP_A-8__seed1103,er,smap,SMAP_A-8,1103,pending,,
grasp_protocol_v3__er__smap__SMAP_A-9__seed1103,er,smap,SMAP_A-9,1103,pending,,
grasp_protocol_v3__er__smap__SMAP_B-1__seed1103,er,smap,SMAP_B-1,1103,pending,,
grasp_protocol_v3__er__smap__SMAP_D-11__seed1103,er,smap,SMAP_D-11,1103,pending,,
grasp_protocol_v3__er__smap__SMAP_D-1__seed1103,er,smap,SMAP_D-1,1103,pending,,
grasp_protocol_v3__er__smap__SMAP_D-2__seed1103,er,smap,SMAP_D-2,1103,pending,,
grasp_protocol_v3__er__smap__SMAP_D-3__seed1103,er,smap,SMAP_D-3,1103,pending,,
grasp_protocol_v3__er__smap__SMAP_D-4__seed1103,er,smap,SMAP_D-4,1103,pending,,
grasp_protocol_v3__er__smap__SMAP_D-5__seed1103,er,smap,SMAP_D-5,1103,pending,,
grasp_protocol_v3__er__smap__SMAP_D-6__seed1103,er,smap,SMAP_D-6,1103,pending,,
grasp_protocol_v3__er__smap__SMAP_D-7__seed1103,er,smap,SMAP_D-7,1103,pending,,
grasp_protocol_v3__er__smap__SMAP_D-8__seed1103,er,smap,SMAP_D-8,1103,pending,,
grasp_protocol_v3__er__smap__SMAP_D-9__seed1103,er,smap,SMAP_D-9,1103,pending,,
grasp_protocol_v3__er__smap__SMAP_E-10__seed1103,er,smap,SMAP_E-10,1103,pending,,
grasp_protocol_v3__er__smap__SMAP_E-11__seed1103,er,smap,SMAP_E-11,1103,pending,,
grasp_protocol_v3__er__smap__SMAP_E-12__seed1103,er,smap,SMAP_E-12,1103,pending,,
grasp_protocol_v3__er__smap__SMAP_E-13__seed1103,er,smap,SMAP_E-13,1103,pending,,
grasp_protocol_v3__er__smap__SMAP_E-1__seed1103,er,smap,SMAP_E-1,1103,pending,,
grasp_protocol_v3__er__smap__SMAP_E-2__seed1103,er,smap,SMAP_E-2,1103,pending,,
grasp_protocol_v3__er__smap__SMAP_E-3__seed1103,er,smap,SMAP_E-3,1103,pending,,
grasp_protocol_v3__er__smap__SMAP_E-4__seed1103,er,smap,SMAP_E-4,1103,pending,,
grasp_protocol_v3__er__smap__SMAP_E-5__seed1103,er,smap,SMAP_E-5,1103,pending,,
grasp_protocol_v3__er__smap__SMAP_E-6__seed1103,er,smap,SMAP_E-6,1103,pending,,
grasp_protocol_v3__er__smap__SMAP_E-7__seed1103,er,smap,SMAP_E-7,1103,pending,,
grasp_protocol_v3__er__smap__SMAP_E-8__seed1103,er,smap,SMAP_E-8,1103,pending,,
grasp_protocol_v3__er__smap__SMAP_E-9__seed1103,er,smap,SMAP_E-9,1103,pending,,
grasp_protocol_v3__er__smap__SMAP_F-1__seed1103,er,smap,SMAP_F-1,1103,pending,,
grasp_protocol_v3__er__smap__SMAP_F-2__seed1103,er,smap,SMAP_F-2,1103,pending,,
grasp_protocol_v3__er__smap__SMAP_F-3__seed1103,er,smap,SMAP_F-3,1103,pending,,
grasp_protocol_v3__er__smap__SMAP_G-1__seed1103,er,smap,SMAP_G-1,1103,pending,,
grasp_protocol_v3__er__smap__SMAP_G-2__seed1103,er,smap,SMAP_G-2,1103,pending,,
grasp_protocol_v3__er__smap__SMAP_G-3__seed1103,er,smap,SMAP_G-3,1103,pending,,
grasp_protocol_v3__er__smap__SMAP_G-4__seed1103,er,smap,SMAP_G-4,1103,pending,,
grasp_protocol_v3__er__smap__SMAP_G-6__seed1103,er,smap,SMAP_G-6,1103,pending,,
grasp_protocol_v3__er__smap__SMAP_G-7__seed1103,er,smap,SMAP_G-7,1103,pending,,
grasp_protocol_v3__er__smap__SMAP_P-1__seed1103,er,smap,SMAP_P-1,1103,pending,,
grasp_protocol_v3__er__smap__SMAP_P-2__seed1103,er,smap,SMAP_P-2,1103,pending,,
grasp_protocol_v3__er__smap__SMAP_P-3__seed1103,er,smap,SMAP_P-3,1103,pending,,
grasp_protocol_v3__er__smap__SMAP_P-4__seed1103,er,smap,SMAP_P-4,1103,pending,,
grasp_protocol_v3__er__smap__SMAP_R-1__seed1103,er,smap,SMAP_R-1,1103,pending,,
grasp_protocol_v3__er__smap__SMAP_S-1__seed1103,er,smap,SMAP_S-1,1103,pending,,
grasp_protocol_v3__er__smap__SMAP_T-1__seed1103,er,smap,SMAP_T-1,1103,pending,,
grasp_protocol_v3__er__smap__SMAP_T-2__seed1103,er,smap,SMAP_T-2,1103,pending,,
grasp_protocol_v3__er__smap__SMAP_T-3__seed1103,er,smap,SMAP_T-3,1103,pending,,
grasp_protocol_v3__lin__smap__SMAP_A-1__seed1103,lin,smap,SMAP_A-1,1103,pending,,
grasp_protocol_v3__lin__smap__SMAP_A-2__seed1103,lin,smap,SMAP_A-2,1103,pending,,
grasp_protocol_v3__lin__smap__SMAP_A-3__seed1103,lin,smap,SMAP_A-3,1103,pending,,
grasp_protocol_v3__lin__smap__SMAP_A-4__seed1103,lin,smap,SMAP_A-4,1103,pending,,
grasp_protocol_v3__lin__smap__SMAP_A-5__seed1103,lin,smap,SMAP_A-5,1103,pending,,
grasp_protocol_v3__lin__smap__SMAP_A-6__seed1103,lin,smap,SMAP_A-6,1103,pending,,
grasp_protocol_v3__lin__smap__SMAP_A-7__seed1103,lin,smap,SMAP_A-7,1103,pending,,
grasp_protocol_v3__lin__smap__SMAP_A-8__seed1103,lin,smap,SMAP_A-8,1103,pending,,
grasp_protocol_v3__lin__smap__SMAP_A-9__seed1103,lin,smap,SMAP_A-9,1103,pending,,
grasp_protocol_v3__lin__smap__SMAP_B-1__seed1103,lin,smap,SMAP_B-1,1103,pending,,
grasp_protocol_v3__lin__smap__SMAP_D-11__seed1103,lin,smap,SMAP_D-11,1103,pending,,
grasp_protocol_v3__lin__smap__SMAP_D-1__seed1103,lin,smap,SMAP_D-1,1103,pending,,
grasp_protocol_v3__lin__smap__SMAP_D-2__seed1103,lin,smap,SMAP_D-2,1103,pending,,
grasp_protocol_v3__lin__smap__SMAP_D-3__seed1103,lin,smap,SMAP_D-3,1103,pending,,
grasp_protocol_v3__lin__smap__SMAP_D-4__seed1103,lin,smap,SMAP_D-4,1103,pending,,
grasp_protocol_v3__lin__smap__SMAP_D-5__seed1103,lin,smap,SMAP_D-5,1103,pending,,
grasp_protocol_v3__lin__smap__SMAP_D-6__seed1103,lin,smap,SMAP_D-6,1103,pending,,
grasp_protocol_v3__lin__smap__SMAP_D-7__seed1103,lin,smap,SMAP_D-7,1103,pending,,
grasp_protocol_v3__lin__smap__SMAP_D-8__seed1103,lin,smap,SMAP_D-8,1103,pending,,
grasp_protocol_v3__lin__smap__SMAP_D-9__seed1103,lin,smap,SMAP_D-9,1103,pending,,
grasp_protocol_v3__lin__smap__SMAP_E-10__seed1103,lin,smap,SMAP_E-10,1103,pending,,
grasp_protocol_v3__lin__smap__SMAP_E-11__seed1103,lin,smap,SMAP_E-11,1103,pending,,
grasp_protocol_v3__lin__smap__SMAP_E-12__seed1103,lin,smap,SMAP_E-12,1103,pending,,
grasp_protocol_v3__lin__smap__SMAP_E-13__seed1103,lin,smap,SMAP_E-13,1103,pending,,
grasp_protocol_v3__lin__smap__SMAP_E-1__seed1103,lin,smap,SMAP_E-1,1103,pending,,
grasp_protocol_v3__lin__smap__SMAP_E-2__seed1103,lin,smap,SMAP_E-2,1103,pending,,
grasp_protocol_v3__lin__smap__SMAP_E-3__seed1103,lin,smap,SMAP_E-3,1103,pending,,
grasp_protocol_v3__lin__smap__SMAP_E-4__seed1103,lin,smap,SMAP_E-4,1103,pending,,
grasp_protocol_v3__lin__smap__SMAP_E-5__seed1103,lin,smap,SMAP_E-5,1103,pending,,
grasp_protocol_v3__lin__smap__SMAP_E-6__seed1103,lin,smap,SMAP_E-6,1103,pending,,
grasp_protocol_v3__lin__smap__SMAP_E-7__seed1103,lin,smap,SMAP_E-7,1103,pending,,
grasp_protocol_v3__lin__smap__SMAP_E-8__seed1103,lin,smap,SMAP_E-8,1103,pending,,
grasp_protocol_v3__lin__smap__SMAP_E-9__seed1103,lin,smap,SMAP_E-9,1103,pending,,
grasp_protocol_v3__lin__smap__SMAP_F-1__seed1103,lin,smap,SMAP_F-1,1103,pending,,
grasp_protocol_v3__lin__smap__SMAP_F-2__seed1103,lin,smap,SMAP_F-2,1103,pending,,
grasp_protocol_v3__lin__smap__SMAP_F-3__seed1103,lin,smap,SMAP_F-3,1103,pending,,
grasp_protocol_v3__lin__smap__SMAP_G-1__seed1103,lin,smap,SMAP_G-1,1103,pending,,
grasp_protocol_v3__lin__smap__SMAP_G-2__seed1103,lin,smap,SMAP_G-2,1103,pending,,
grasp_protocol_v3__lin__smap__SMAP_G-3__seed1103,lin,smap,SMAP_G-3,1103,pending,,
grasp_protocol_v3__lin__smap__SMAP_G-4__seed1103,lin,smap,SMAP_G-4,1103,pending,,
grasp_protocol_v3__lin__smap__SMAP_G-6__seed1103,lin,smap,SMAP_G-6,1103,pending,,
grasp_protocol_v3__lin__smap__SMAP_G-7__seed1103,lin,smap,SMAP_G-7,1103,pending,,
grasp_protocol_v3__lin__smap__SMAP_P-1__seed1103,lin,smap,SMAP_P-1,1103,pending,,
grasp_protocol_v3__lin__smap__SMAP_P-2__seed1103,lin,smap,SMAP_P-2,1103,pending,,
grasp_protocol_v3__lin__smap__SMAP_P-3__seed1103,lin,smap,SMAP_P-3,1103,pending,,
grasp_protocol_v3__lin__smap__SMAP_P-4__seed1103,lin,smap,SMAP_P-4,1103,pending,,
grasp_protocol_v3__lin__smap__SMAP_R-1__seed1103,lin,smap,SMAP_R-1,1103,pending,,
grasp_protocol_v3__lin__smap__SMAP_S-1__seed1103,lin,smap,SMAP_S-1,1103,pending,,
grasp_protocol_v3__lin__smap__SMAP_T-1__seed1103,lin,smap,SMAP_T-1,1103,pending,,
grasp_protocol_v3__lin__smap__SMAP_T-2__seed1103,lin,smap,SMAP_T-2,1103,pending,,
grasp_protocol_v3__lin__smap__SMAP_T-3__seed1103,lin,smap,SMAP_T-3,1103,pending,,
grasp_protocol_v3__tau_0__smap__SMAP_A-1__seed1103,tau_0,smap,SMAP_A-1,1103,pending,,
grasp_protocol_v3__tau_0__smap__SMAP_A-2__seed1103,tau_0,smap,SMAP_A-2,1103,pending,,
grasp_protocol_v3__tau_0__smap__SMAP_A-3__seed1103,tau_0,smap,SMAP_A-3,1103,pending,,
grasp_protocol_v3__tau_0__smap__SMAP_A-4__seed1103,tau_0,smap,SMAP_A-4,1103,pending,,
grasp_protocol_v3__tau_0__smap__SMAP_A-5__seed1103,tau_0,smap,SMAP_A-5,1103,pending,,
grasp_protocol_v3__tau_0__smap__SMAP_A-6__seed1103,tau_0,smap,SMAP_A-6,1103,pending,,
grasp_protocol_v3__tau_0__smap__SMAP_A-7__seed1103,tau_0,smap,SMAP_A-7,1103,pending,,
grasp_protocol_v3__tau_0__smap__SMAP_A-8__seed1103,tau_0,smap,SMAP_A-8,1103,pending,,
grasp_protocol_v3__tau_0__smap__SMAP_A-9__seed1103,tau_0,smap,SMAP_A-9,1103,pending,,
grasp_protocol_v3__tau_0__smap__SMAP_B-1__seed1103,tau_0,smap,SMAP_B-1,1103,pending,,
grasp_protocol_v3__tau_0__smap__SMAP_D-11__seed1103,tau_0,smap,SMAP_D-11,1103,pending,,
grasp_protocol_v3__tau_0__smap__SMAP_D-1__seed1103,tau_0,smap,SMAP_D-1,1103,pending,,
grasp_protocol_v3__tau_0__smap__SMAP_D-2__seed1103,tau_0,smap,SMAP_D-2,1103,pending,,
grasp_protocol_v3__tau_0__smap__SMAP_D-3__seed1103,tau_0,smap,SMAP_D-3,1103,pending,,
grasp_protocol_v3__tau_0__smap__SMAP_D-4__seed1103,tau_0,smap,SMAP_D-4,1103,pending,,
grasp_protocol_v3__tau_0__smap__SMAP_D-5__seed1103,tau_0,smap,SMAP_D-5,1103,pending,,
grasp_protocol_v3__tau_0__smap__SMAP_D-6__seed1103,tau_0,smap,SMAP_D-6,1103,pending,,
grasp_protocol_v3__tau_0__smap__SMAP_D-7__seed1103,tau_0,smap,SMAP_D-7,1103,pending,,
grasp_protocol_v3__tau_0__smap__SMAP_D-8__seed1103,tau_0,smap,SMAP_D-8,1103,pending,,
grasp_protocol_v3__tau_0__smap__SMAP_D-9__seed1103,tau_0,smap,SMAP_D-9,1103,pending,,
grasp_protocol_v3__tau_0__smap__SMAP_E-10__seed1103,tau_0,smap,SMAP_E-10,1103,pending,,
grasp_protocol_v3__tau_0__smap__SMAP_E-11__seed1103,tau_0,smap,SMAP_E-11,1103,pending,,
grasp_protocol_v3__tau_0__smap__SMAP_E-12__seed1103,tau_0,smap,SMAP_E-12,1103,pending,,
grasp_protocol_v3__tau_0__smap__SMAP_E-13__seed1103,tau_0,smap,SMAP_E-13,1103,pending,,
grasp_protocol_v3__tau_0__smap__SMAP_E-1__seed1103,tau_0,smap,SMAP_E-1,1103,pending,,
grasp_protocol_v3__tau_0__smap__SMAP_E-2__seed1103,tau_0,smap,SMAP_E-2,1103,pending,,
grasp_protocol_v3__tau_0__smap__SMAP_E-3__seed1103,tau_0,smap,SMAP_E-3,1103,pending,,
grasp_protocol_v3__tau_0__smap__SMAP_E-4__seed1103,tau_0,smap,SMAP_E-4,1103,pending,,
grasp_protocol_v3__tau_0__smap__SMAP_E-5__seed1103,tau_0,smap,SMAP_E-5,1103,pending,,
grasp_protocol_v3__tau_0__smap__SMAP_E-6__seed1103,tau_0,smap,SMAP_E-6,1103,pending,,
grasp_protocol_v3__tau_0__smap__SMAP_E-7__seed1103,tau_0,smap,SMAP_E-7,1103,pending,,
grasp_protocol_v3__tau_0__smap__SMAP_E-8__seed1103,tau_0,smap,SMAP_E-8,1103,pending,,
grasp_protocol_v3__tau_0__smap__SMAP_E-9__seed1103,tau_0,smap,SMAP_E-9,1103,pending,,
grasp_protocol_v3__tau_0__smap__SMAP_F-1__seed1103,tau_0,smap,SMAP_F-1,1103,pending,,
grasp_protocol_v3__tau_0__smap__SMAP_F-2__seed1103,tau_0,smap,SMAP_F-2,1103,pending,,
grasp_protocol_v3__tau_0__smap__SMAP_F-3__seed1103,tau_0,smap,SMAP_F-3,1103,pending,,
grasp_protocol_v3__tau_0__smap__SMAP_G-1__seed1103,tau_0,smap,SMAP_G-1,1103,pending,,
grasp_protocol_v3__tau_0__smap__SMAP_G-2__seed1103,tau_0,smap,SMAP_G-2,1103,pending,,
grasp_protocol_v3__tau_0__smap__SMAP_G-3__seed1103,tau_0,smap,SMAP_G-3,1103,pending,,
grasp_protocol_v3__tau_0__smap__SMAP_G-4__seed1103,tau_0,smap,SMAP_G-4,1103,pending,,
grasp_protocol_v3__tau_0__smap__SMAP_G-6__seed1103,tau_0,smap,SMAP_G-6,1103,pending,,
grasp_protocol_v3__tau_0__smap__SMAP_G-7__seed1103,tau_0,smap,SMAP_G-7,1103,pending,,
grasp_protocol_v3__tau_0__smap__SMAP_P-1__seed1103,tau_0,smap,SMAP_P-1,1103,pending,,
grasp_protocol_v3__tau_0__smap__SMAP_P-2__seed1103,tau_0,smap,SMAP_P-2,1103,pending,,
grasp_protocol_v3__tau_0__smap__SMAP_P-3__seed1103,tau_0,smap,SMAP_P-3,1103,pending,,
grasp_protocol_v3__tau_0__smap__SMAP_P-4__seed1103,tau_0,smap,SMAP_P-4,1103,pending,,
grasp_protocol_v3__tau_0__smap__SMAP_R-1__seed1103,tau_0,smap,SMAP_R-1,1103,pending,,
grasp_protocol_v3__tau_0__smap__SMAP_S-1__seed1103,tau_0,smap,SMAP_S-1,1103,pending,,
grasp_protocol_v3__tau_0__smap__SMAP_T-1__seed1103,tau_0,smap,SMAP_T-1,1103,pending,,
grasp_protocol_v3__tau_0__smap__SMAP_T-2__seed1103,tau_0,smap,SMAP_T-2,1103,pending,,
grasp_protocol_v3__tau_0__smap__SMAP_T-3__seed1103,tau_0,smap,SMAP_T-3,1103,pending,,
grasp_protocol_v3__tau_0p25__smap__SMAP_A-1__seed1103,tau_0p25,smap,SMAP_A-1,1103,pending,,
grasp_protocol_v3__tau_0p25__smap__SMAP_A-2__seed1103,tau_0p25,smap,SMAP_A-2,1103,pending,,
grasp_protocol_v3__tau_0p25__smap__SMAP_A-3__seed1103,tau_0p25,smap,SMAP_A-3,1103,pending,,
grasp_protocol_v3__tau_0p25__smap__SMAP_A-4__seed1103,tau_0p25,smap,SMAP_A-4,1103,pending,,
grasp_protocol_v3__tau_0p25__smap__SMAP_A-5__seed1103,tau_0p25,smap,SMAP_A-5,1103,pending,,
grasp_protocol_v3__tau_0p25__smap__SMAP_A-6__seed1103,tau_0p25,smap,SMAP_A-6,1103,pending,,
grasp_protocol_v3__tau_0p25__smap__SMAP_A-7__seed1103,tau_0p25,smap,SMAP_A-7,1103,pending,,
grasp_protocol_v3__tau_0p25__smap__SMAP_A-8__seed1103,tau_0p25,smap,SMAP_A-8,1103,pending,,
grasp_protocol_v3__tau_0p25__smap__SMAP_A-9__seed1103,tau_0p25,smap,SMAP_A-9,1103,pending,,
grasp_protocol_v3__tau_0p25__smap__SMAP_B-1__seed1103,tau_0p25,smap,SMAP_B-1,1103,pending,,
grasp_protocol_v3__tau_0p25__smap__SMAP_D-11__seed1103,tau_0p25,smap,SMAP_D-11,1103,pending,,
grasp_protocol_v3__tau_0p25__smap__SMAP_D-1__seed1103,tau_0p25,smap,SMAP_D-1,1103,pending,,
grasp_protocol_v3__tau_0p25__smap__SMAP_D-2__seed1103,tau_0p25,smap,SMAP_D-2,1103,pending,,
grasp_protocol_v3__tau_0p25__smap__SMAP_D-3__seed1103,tau_0p25,smap,SMAP_D-3,1103,pending,,
grasp_protocol_v3__tau_0p25__smap__SMAP_D-4__seed1103,tau_0p25,smap,SMAP_D-4,1103,pending,,
grasp_protocol_v3__tau_0p25__smap__SMAP_D-5__seed1103,tau_0p25,smap,SMAP_D-5,1103,pending,,
grasp_protocol_v3__tau_0p25__smap__SMAP_D-6__seed1103,tau_0p25,smap,SMAP_D-6,1103,pending,,
grasp_protocol_v3__tau_0p25__smap__SMAP_D-7__seed1103,tau_0p25,smap,SMAP_D-7,1103,pending,,
grasp_protocol_v3__tau_0p25__smap__SMAP_D-8__seed1103,tau_0p25,smap,SMAP_D-8,1103,pending,,
grasp_protocol_v3__tau_0p25__smap__SMAP_D-9__seed1103,tau_0p25,smap,SMAP_D-9,1103,pending,,
grasp_protocol_v3__tau_0p25__smap__SMAP_E-10__seed1103,tau_0p25,smap,SMAP_E-10,1103,pending,,
grasp_protocol_v3__tau_0p25__smap__SMAP_E-11__seed1103,tau_0p25,smap,SMAP_E-11,1103,pending,,
grasp_protocol_v3__tau_0p25__smap__SMAP_E-12__seed1103,tau_0p25,smap,SMAP_E-12,1103,pending,,
grasp_protocol_v3__tau_0p25__smap__SMAP_E-13__seed1103,tau_0p25,smap,SMAP_E-13,1103,pending,,
grasp_protocol_v3__tau_0p25__smap__SMAP_E-1__seed1103,tau_0p25,smap,SMAP_E-1,1103,pending,,
grasp_protocol_v3__tau_0p25__smap__SMAP_E-2__seed1103,tau_0p25,smap,SMAP_E-2,1103,pending,,
grasp_protocol_v3__tau_0p25__smap__SMAP_E-3__seed1103,tau_0p25,smap,SMAP_E-3,1103,pending,,
grasp_protocol_v3__tau_0p25__smap__SMAP_E-4__seed1103,tau_0p25,smap,SMAP_E-4,1103,pending,,
grasp_protocol_v3__tau_0p25__smap__SMAP_E-5__seed1103,tau_0p25,smap,SMAP_E-5,1103,pending,,
grasp_protocol_v3__tau_0p25__smap__SMAP_E-6__seed1103,tau_0p25,smap,SMAP_E-6,1103,pending,,
grasp_protocol_v3__tau_0p25__smap__SMAP_E-7__seed1103,tau_0p25,smap,SMAP_E-7,1103,pending,,
grasp_protocol_v3__tau_0p25__smap__SMAP_E-8__seed1103,tau_0p25,smap,SMAP_E-8,1103,pending,,
grasp_protocol_v3__tau_0p25__smap__SMAP_E-9__seed1103,tau_0p25,smap,SMAP_E-9,1103,pending,,
grasp_protocol_v3__tau_0p25__smap__SMAP_F-1__seed1103,tau_0p25,smap,SMAP_F-1,1103,pending,,
grasp_protocol_v3__tau_0p25__smap__SMAP_F-2__seed1103,tau_0p25,smap,SMAP_F-2,1103,pending,,
grasp_protocol_v3__tau_0p25__smap__SMAP_F-3__seed1103,tau_0p25,smap,SMAP_F-3,1103,pending,,
grasp_protocol_v3__tau_0p25__smap__SMAP_G-1__seed1103,tau_0p25,smap,SMAP_G-1,1103,pending,,
grasp_protocol_v3__tau_0p25__smap__SMAP_G-2__seed1103,tau_0p25,smap,SMAP_G-2,1103,pending,,
grasp_protocol_v3__tau_0p25__smap__SMAP_G-3__seed1103,tau_0p25,smap,SMAP_G-3,1103,pending,,
grasp_protocol_v3__tau_0p25__smap__SMAP_G-4__seed1103,tau_0p25,smap,SMAP_G-4,1103,pending,,
grasp_protocol_v3__tau_0p25__smap__SMAP_G-6__seed1103,tau_0p25,smap,SMAP_G-6,1103,pending,,
grasp_protocol_v3__tau_0p25__smap__SMAP_G-7__seed1103,tau_0p25,smap,SMAP_G-7,1103,pending,,
grasp_protocol_v3__tau_0p25__smap__SMAP_P-1__seed1103,tau_0p25,smap,SMAP_P-1,1103,pending,,
grasp_protocol_v3__tau_0p25__smap__SMAP_P-2__seed1103,tau_0p25,smap,SMAP_P-2,1103,pending,,
grasp_protocol_v3__tau_0p25__smap__SMAP_P-3__seed1103,tau_0p25,smap,SMAP_P-3,1103,pending,,
grasp_protocol_v3__tau_0p25__smap__SMAP_P-4__seed1103,tau_0p25,smap,SMAP_P-4,1103,pending,,
grasp_protocol_v3__tau_0p25__smap__SMAP_R-1__seed1103,tau_0p25,smap,SMAP_R-1,1103,pending,,
grasp_protocol_v3__tau_0p25__smap__SMAP_S-1__seed1103,tau_0p25,smap,SMAP_S-1,1103,pending,,
grasp_protocol_v3__tau_0p25__smap__SMAP_T-1__seed1103,tau_0p25,smap,SMAP_T-1,1103,pending,,
grasp_protocol_v3__tau_0p25__smap__SMAP_T-2__seed1103,tau_0p25,smap,SMAP_T-2,1103,pending,,
grasp_protocol_v3__tau_0p25__smap__SMAP_T-3__seed1103,tau_0p25,smap,SMAP_T-3,1103,pending,,
grasp_protocol_v3__tau_0p5__smap__SMAP_A-1__seed1103,tau_0p5,smap,SMAP_A-1,1103,pending,,
grasp_protocol_v3__tau_0p5__smap__SMAP_A-2__seed1103,tau_0p5,smap,SMAP_A-2,1103,pending,,
grasp_protocol_v3__tau_0p5__smap__SMAP_A-3__seed1103,tau_0p5,smap,SMAP_A-3,1103,pending,,
grasp_protocol_v3__tau_0p5__smap__SMAP_A-4__seed1103,tau_0p5,smap,SMAP_A-4,1103,pending,,
grasp_protocol_v3__tau_0p5__smap__SMAP_A-5__seed1103,tau_0p5,smap,SMAP_A-5,1103,pending,,
grasp_protocol_v3__tau_0p5__smap__SMAP_A-6__seed1103,tau_0p5,smap,SMAP_A-6,1103,pending,,
grasp_protocol_v3__tau_0p5__smap__SMAP_A-7__seed1103,tau_0p5,smap,SMAP_A-7,1103,pending,,
grasp_protocol_v3__tau_0p5__smap__SMAP_A-8__seed1103,tau_0p5,smap,SMAP_A-8,1103,pending,,
grasp_protocol_v3__tau_0p5__smap__SMAP_A-9__seed1103,tau_0p5,smap,SMAP_A-9,1103,pending,,
grasp_protocol_v3__tau_0p5__smap__SMAP_B-1__seed1103,tau_0p5,smap,SMAP_B-1,1103,pending,,
grasp_protocol_v3__tau_0p5__smap__SMAP_D-11__seed1103,tau_0p5,smap,SMAP_D-11,1103,pending,,
grasp_protocol_v3__tau_0p5__smap__SMAP_D-1__seed1103,tau_0p5,smap,SMAP_D-1,1103,pending,,
grasp_protocol_v3__tau_0p5__smap__SMAP_D-2__seed1103,tau_0p5,smap,SMAP_D-2,1103,pending,,
grasp_protocol_v3__tau_0p5__smap__SMAP_D-3__seed1103,tau_0p5,smap,SMAP_D-3,1103,pending,,
grasp_protocol_v3__tau_0p5__smap__SMAP_D-4__seed1103,tau_0p5,smap,SMAP_D-4,1103,pending,,
grasp_protocol_v3__tau_0p5__smap__SMAP_D-5__seed1103,tau_0p5,smap,SMAP_D-5,1103,pending,,
grasp_protocol_v3__tau_0p5__smap__SMAP_D-6__seed1103,tau_0p5,smap,SMAP_D-6,1103,pending,,
grasp_protocol_v3__tau_0p5__smap__SMAP_D-7__seed1103,tau_0p5,smap,SMAP_D-7,1103,pending,,
grasp_protocol_v3__tau_0p5__smap__SMAP_D-8__seed1103,tau_0p5,smap,SMAP_D-8,1103,pending,,
grasp_protocol_v3__tau_0p5__smap__SMAP_D-9__seed1103,tau_0p5,smap,SMAP_D-9,1103,pending,,
grasp_protocol_v3__tau_0p5__smap__SMAP_E-10__seed1103,tau_0p5,smap,SMAP_E-10,1103,pending,,
grasp_protocol_v3__tau_0p5__smap__SMAP_E-11__seed1103,tau_0p5,smap,SMAP_E-11,1103,pending,,
grasp_protocol_v3__tau_0p5__smap__SMAP_E-12__seed1103,tau_0p5,smap,SMAP_E-12,1103,pending,,
grasp_protocol_v3__tau_0p5__smap__SMAP_E-13__seed1103,tau_0p5,smap,SMAP_E-13,1103,pending,,
grasp_protocol_v3__tau_0p5__smap__SMAP_E-1__seed1103,tau_0p5,smap,SMAP_E-1,1103,pending,,
grasp_protocol_v3__tau_0p5__smap__SMAP_E-2__seed1103,tau_0p5,smap,SMAP_E-2,1103,pending,,
grasp_protocol_v3__tau_0p5__smap__SMAP_E-3__seed1103,tau_0p5,smap,SMAP_E-3,1103,pending,,
grasp_protocol_v3__tau_0p5__smap__SMAP_E-4__seed1103,tau_0p5,smap,SMAP_E-4,1103,pending,,
grasp_protocol_v3__tau_0p5__smap__SMAP_E-5__seed1103,tau_0p5,smap,SMAP_E-5,1103,pending,,
grasp_protocol_v3__tau_0p5__smap__SMAP_E-6__seed1103,tau_0p5,smap,SMAP_E-6,1103,pending,,
grasp_protocol_v3__tau_0p5__smap__SMAP_E-7__seed1103,tau_0p5,smap,SMAP_E-7,1103,pending,,
grasp_protocol_v3__tau_0p5__smap__SMAP_E-8__seed1103,tau_0p5,smap,SMAP_E-8,1103,pending,,
grasp_protocol_v3__tau_0p5__smap__SMAP_E-9__seed1103,tau_0p5,smap,SMAP_E-9,1103,pending,,
grasp_protocol_v3__tau_0p5__smap__SMAP_F-1__seed1103,tau_0p5,smap,SMAP_F-1,1103,pending,,
grasp_protocol_v3__tau_0p5__smap__SMAP_F-2__seed1103,tau_0p5,smap,SMAP_F-2,1103,pending,,
grasp_protocol_v3__tau_0p5__smap__SMAP_F-3__seed1103,tau_0p5,smap,SMAP_F-3,1103,pending,,
grasp_protocol_v3__tau_0p5__smap__SMAP_G-1__seed1103,tau_0p5,smap,SMAP_G-1,1103,pending,,
grasp_protocol_v3__tau_0p5__smap__SMAP_G-2__seed1103,tau_0p5,smap,SMAP_G-2,1103,pending,,
grasp_protocol_v3__tau_0p5__smap__SMAP_G-3__seed1103,tau_0p5,smap,SMAP_G-3,1103,pending,,
grasp_protocol_v3__tau_0p5__smap__SMAP_G-4__seed1103,tau_0p5,smap,SMAP_G-4,1103,pending,,
grasp_protocol_v3__tau_0p5__smap__SMAP_G-6__seed1103,tau_0p5,smap,SMAP_G-6,1103,pending,,
grasp_protocol_v3__tau_0p5__smap__SMAP_G-7__seed1103,tau_0p5,smap,SMAP_G-7,1103,pending,,
grasp_protocol_v3__tau_0p5__smap__SMAP_P-1__seed1103,tau_0p5,smap,SMAP_P-1,1103,pending,,
grasp_protocol_v3__tau_0p5__smap__SMAP_P-2__seed1103,tau_0p5,smap,SMAP_P-2,1103,pending,,
grasp_protocol_v3__tau_0p5__smap__SMAP_P-3__seed1103,tau_0p5,smap,SMAP_P-3,1103,pending,,
grasp_protocol_v3__tau_0p5__smap__SMAP_P-4__seed1103,tau_0p5,smap,SMAP_P-4,1103,pending,,
grasp_protocol_v3__tau_0p5__smap__SMAP_R-1__seed1103,tau_0p5,smap,SMAP_R-1,1103,pending,,
grasp_protocol_v3__tau_0p5__smap__SMAP_S-1__seed1103,tau_0p5,smap,SMAP_S-1,1103,pending,,
grasp_protocol_v3__tau_0p5__smap__SMAP_T-1__seed1103,tau_0p5,smap,SMAP_T-1,1103,pending,,
grasp_protocol_v3__tau_0p5__smap__SMAP_T-2__seed1103,tau_0p5,smap,SMAP_T-2,1103,pending,,
grasp_protocol_v3__tau_0p5__smap__SMAP_T-3__seed1103,tau_0p5,smap,SMAP_T-3,1103,pending,,
grasp_protocol_v3__tau_1__smap__SMAP_A-1__seed1103,tau_1,smap,SMAP_A-1,1103,pending,,
grasp_protocol_v3__tau_1__smap__SMAP_A-2__seed1103,tau_1,smap,SMAP_A-2,1103,pending,,
grasp_protocol_v3__tau_1__smap__SMAP_A-3__seed1103,tau_1,smap,SMAP_A-3,1103,pending,,
grasp_protocol_v3__tau_1__smap__SMAP_A-4__seed1103,tau_1,smap,SMAP_A-4,1103,pending,,
grasp_protocol_v3__tau_1__smap__SMAP_A-5__seed1103,tau_1,smap,SMAP_A-5,1103,pending,,
grasp_protocol_v3__tau_1__smap__SMAP_A-6__seed1103,tau_1,smap,SMAP_A-6,1103,pending,,
grasp_protocol_v3__tau_1__smap__SMAP_A-7__seed1103,tau_1,smap,SMAP_A-7,1103,pending,,
grasp_protocol_v3__tau_1__smap__SMAP_A-8__seed1103,tau_1,smap,SMAP_A-8,1103,pending,,
grasp_protocol_v3__tau_1__smap__SMAP_A-9__seed1103,tau_1,smap,SMAP_A-9,1103,pending,,
grasp_protocol_v3__tau_1__smap__SMAP_B-1__seed1103,tau_1,smap,SMAP_B-1,1103,pending,,
grasp_protocol_v3__tau_1__smap__SMAP_D-11__seed1103,tau_1,smap,SMAP_D-11,1103,pending,,
grasp_protocol_v3__tau_1__smap__SMAP_D-1__seed1103,tau_1,smap,SMAP_D-1,1103,pending,,
grasp_protocol_v3__tau_1__smap__SMAP_D-2__seed1103,tau_1,smap,SMAP_D-2,1103,pending,,
grasp_protocol_v3__tau_1__smap__SMAP_D-3__seed1103,tau_1,smap,SMAP_D-3,1103,pending,,
grasp_protocol_v3__tau_1__smap__SMAP_D-4__seed1103,tau_1,smap,SMAP_D-4,1103,pending,,
grasp_protocol_v3__tau_1__smap__SMAP_D-5__seed1103,tau_1,smap,SMAP_D-5,1103,pending,,
grasp_protocol_v3__tau_1__smap__SMAP_D-6__seed1103,tau_1,smap,SMAP_D-6,1103,pending,,
grasp_protocol_v3__tau_1__smap__SMAP_D-7__seed1103,tau_1,smap,SMAP_D-7,1103,pending,,
grasp_protocol_v3__tau_1__smap__SMAP_D-8__seed1103,tau_1,smap,SMAP_D-8,1103,pending,,
grasp_protocol_v3__tau_1__smap__SMAP_D-9__seed1103,tau_1,smap,SMAP_D-9,1103,pending,,
grasp_protocol_v3__tau_1__smap__SMAP_E-10__seed1103,tau_1,smap,SMAP_E-10,1103,pending,,
grasp_protocol_v3__tau_1__smap__SMAP_E-11__seed1103,tau_1,smap,SMAP_E-11,1103,pending,,
grasp_protocol_v3__tau_1__smap__SMAP_E-12__seed1103,tau_1,smap,SMAP_E-12,1103,pending,,
grasp_protocol_v3__tau_1__smap__SMAP_E-13__seed1103,tau_1,smap,SMAP_E-13,1103,pending,,
grasp_protocol_v3__tau_1__smap__SMAP_E-1__seed1103,tau_1,smap,SMAP_E-1,1103,pending,,
grasp_protocol_v3__tau_1__smap__SMAP_E-2__seed1103,tau_1,smap,SMAP_E-2,1103,pending,,
grasp_protocol_v3__tau_1__smap__SMAP_E-3__seed1103,tau_1,smap,SMAP_E-3,1103,pending,,
grasp_protocol_v3__tau_1__smap__SMAP_E-4__seed1103,tau_1,smap,SMAP_E-4,1103,pending,,
grasp_protocol_v3__tau_1__smap__SMAP_E-5__seed1103,tau_1,smap,SMAP_E-5,1103,pending,,
grasp_protocol_v3__tau_1__smap__SMAP_E-6__seed1103,tau_1,smap,SMAP_E-6,1103,pending,,
grasp_protocol_v3__tau_1__smap__SMAP_E-7__seed1103,tau_1,smap,SMAP_E-7,1103,pending,,
grasp_protocol_v3__tau_1__smap__SMAP_E-8__seed1103,tau_1,smap,SMAP_E-8,1103,pending,,
grasp_protocol_v3__tau_1__smap__SMAP_E-9__seed1103,tau_1,smap,SMAP_E-9,1103,pending,,
grasp_protocol_v3__tau_1__smap__SMAP_F-1__seed1103,tau_1,smap,SMAP_F-1,1103,pending,,
grasp_protocol_v3__tau_1__smap__SMAP_F-2__seed1103,tau_1,smap,SMAP_F-2,1103,pending,,
grasp_protocol_v3__tau_1__smap__SMAP_F-3__seed1103,tau_1,smap,SMAP_F-3,1103,pending,,
grasp_protocol_v3__tau_1__smap__SMAP_G-1__seed1103,tau_1,smap,SMAP_G-1,1103,pending,,
grasp_protocol_v3__tau_1__smap__SMAP_G-2__seed1103,tau_1,smap,SMAP_G-2,1103,pending,,
grasp_protocol_v3__tau_1__smap__SMAP_G-3__seed1103,tau_1,smap,SMAP_G-3,1103,pending,,
grasp_protocol_v3__tau_1__smap__SMAP_G-4__seed1103,tau_1,smap,SMAP_G-4,1103,pending,,
grasp_protocol_v3__tau_1__smap__SMAP_G-6__seed1103,tau_1,smap,SMAP_G-6,1103,pending,,
grasp_protocol_v3__tau_1__smap__SMAP_G-7__seed1103,tau_1,smap,SMAP_G-7,1103,pending,,
grasp_protocol_v3__tau_1__smap__SMAP_P-1__seed1103,tau_1,smap,SMAP_P-1,1103,pending,,
grasp_protocol_v3__tau_1__smap__SMAP_P-2__seed1103,tau_1,smap,SMAP_P-2,1103,pending,,
grasp_protocol_v3__tau_1__smap__SMAP_P-3__seed1103,tau_1,smap,SMAP_P-3,1103,pending,,
grasp_protocol_v3__tau_1__smap__SMAP_P-4__seed1103,tau_1,smap,SMAP_P-4,1103,pending,,
grasp_protocol_v3__tau_1__smap__SMAP_R-1__seed1103,tau_1,smap,SMAP_R-1,1103,pending,,
grasp_protocol_v3__tau_1__smap__SMAP_S-1__seed1103,tau_1,smap,SMAP_S-1,1103,pending,,
grasp_protocol_v3__tau_1__smap__SMAP_T-1__seed1103,tau_1,smap,SMAP_T-1,1103,pending,,
grasp_protocol_v3__tau_1__smap__SMAP_T-2__seed1103,tau_1,smap,SMAP_T-2,1103,pending,,
grasp_protocol_v3__tau_1__smap__SMAP_T-3__seed1103,tau_1,smap,SMAP_T-3,1103,pending,,
grasp_protocol_v3__tau_4__smap__SMAP_A-1__seed1103,tau_4,smap,SMAP_A-1,1103,pending,,
grasp_protocol_v3__tau_4__smap__SMAP_A-2__seed1103,tau_4,smap,SMAP_A-2,1103,pending,,
grasp_protocol_v3__tau_4__smap__SMAP_A-3__seed1103,tau_4,smap,SMAP_A-3,1103,pending,,
grasp_protocol_v3__tau_4__smap__SMAP_A-4__seed1103,tau_4,smap,SMAP_A-4,1103,pending,,
grasp_protocol_v3__tau_4__smap__SMAP_A-5__seed1103,tau_4,smap,SMAP_A-5,1103,pending,,
grasp_protocol_v3__tau_4__smap__SMAP_A-6__seed1103,tau_4,smap,SMAP_A-6,1103,pending,,
grasp_protocol_v3__tau_4__smap__SMAP_A-7__seed1103,tau_4,smap,SMAP_A-7,1103,pending,,
grasp_protocol_v3__tau_4__smap__SMAP_A-8__seed1103,tau_4,smap,SMAP_A-8,1103,pending,,
grasp_protocol_v3__tau_4__smap__SMAP_A-9__seed1103,tau_4,smap,SMAP_A-9,1103,pending,,
grasp_protocol_v3__tau_4__smap__SMAP_B-1__seed1103,tau_4,smap,SMAP_B-1,1103,pending,,
grasp_protocol_v3__tau_4__smap__SMAP_D-11__seed1103,tau_4,smap,SMAP_D-11,1103,pending,,
grasp_protocol_v3__tau_4__smap__SMAP_D-1__seed1103,tau_4,smap,SMAP_D-1,1103,pending,,
grasp_protocol_v3__tau_4__smap__SMAP_D-2__seed1103,tau_4,smap,SMAP_D-2,1103,pending,,
grasp_protocol_v3__tau_4__smap__SMAP_D-3__seed1103,tau_4,smap,SMAP_D-3,1103,pending,,
grasp_protocol_v3__tau_4__smap__SMAP_D-4__seed1103,tau_4,smap,SMAP_D-4,1103,pending,,
grasp_protocol_v3__tau_4__smap__SMAP_D-5__seed1103,tau_4,smap,SMAP_D-5,1103,pending,,
grasp_protocol_v3__tau_4__smap__SMAP_D-6__seed1103,tau_4,smap,SMAP_D-6,1103,pending,,
grasp_protocol_v3__tau_4__smap__SMAP_D-7__seed1103,tau_4,smap,SMAP_D-7,1103,pending,,
grasp_protocol_v3__tau_4__smap__SMAP_D-8__seed1103,tau_4,smap,SMAP_D-8,1103,pending,,
grasp_protocol_v3__tau_4__smap__SMAP_D-9__seed1103,tau_4,smap,SMAP_D-9,1103,pending,,
grasp_protocol_v3__tau_4__smap__SMAP_E-10__seed1103,tau_4,smap,SMAP_E-10,1103,pending,,
grasp_protocol_v3__tau_4__smap__SMAP_E-11__seed1103,tau_4,smap,SMAP_E-11,1103,pending,,
grasp_protocol_v3__tau_4__smap__SMAP_E-12__seed1103,tau_4,smap,SMAP_E-12,1103,pending,,
grasp_protocol_v3__tau_4__smap__SMAP_E-13__seed1103,tau_4,smap,SMAP_E-13,1103,pending,,
grasp_protocol_v3__tau_4__smap__SMAP_E-1__seed1103,tau_4,smap,SMAP_E-1,1103,pending,,
grasp_protocol_v3__tau_4__smap__SMAP_E-2__seed1103,tau_4,smap,SMAP_E-2,1103,pending,,
grasp_protocol_v3__tau_4__smap__SMAP_E-3__seed1103,tau_4,smap,SMAP_E-3,1103,pending,,
grasp_protocol_v3__tau_4__smap__SMAP_E-4__seed1103,tau_4,smap,SMAP_E-4,1103,pending,,
grasp_protocol_v3__tau_4__smap__SMAP_E-5__seed1103,tau_4,smap,SMAP_E-5,1103,pending,,
grasp_protocol_v3__tau_4__smap__SMAP_E-6__seed1103,tau_4,smap,SMAP_E-6,1103,pending,,
grasp_protocol_v3__tau_4__smap__SMAP_E-7__seed1103,tau_4,smap,SMAP_E-7,1103,pending,,
grasp_protocol_v3__tau_4__smap__SMAP_E-8__seed1103,tau_4,smap,SMAP_E-8,1103,pending,,
grasp_protocol_v3__tau_4__smap__SMAP_E-9__seed1103,tau_4,smap,SMAP_E-9,1103,pending,,
grasp_protocol_v3__tau_4__smap__SMAP_F-1__seed1103,tau_4,smap,SMAP_F-1,1103,pending,,
grasp_protocol_v3__tau_4__smap__SMAP_F-2__seed1103,tau_4,smap,SMAP_F-2,1103,pending,,
grasp_protocol_v3__tau_4__smap__SMAP_F-3__seed1103,tau_4,smap,SMAP_F-3,1103,pending,,
grasp_protocol_v3__tau_4__smap__SMAP_G-1__seed1103,tau_4,smap,SMAP_G-1,1103,pending,,
grasp_protocol_v3__tau_4__smap__SMAP_G-2__seed1103,tau_4,smap,SMAP_G-2,1103,pending,,
grasp_protocol_v3__tau_4__smap__SMAP_G-3__seed1103,tau_4,smap,SMAP_G-3,1103,pending,,
grasp_protocol_v3__tau_4__smap__SMAP_G-4__seed1103,tau_4,smap,SMAP_G-4,1103,pending,,
grasp_protocol_v3__tau_4__smap__SMAP_G-6__seed1103,tau_4,smap,SMAP_G-6,1103,pending,,
grasp_protocol_v3__tau_4__smap__SMAP_G-7__seed1103,tau_4,smap,SMAP_G-7,1103,pending,,
grasp_protocol_v3__tau_4__smap__SMAP_P-1__seed1103,tau_4,smap,SMAP_P-1,1103,pending,,
grasp_protocol_v3__tau_4__smap__SMAP_P-2__seed1103,tau_4,smap,SMAP_P-2,1103,pending,,
grasp_protocol_v3__tau_4__smap__SMAP_P-3__seed1103,tau_4,smap,SMAP_P-3,1103,pending,,
grasp_protocol_v3__tau_4__smap__SMAP_P-4__seed1103,tau_4,smap,SMAP_P-4,1103,pending,,
grasp_protocol_v3__tau_4__smap__SMAP_R-1__seed1103,tau_4,smap,SMAP_R-1,1103,pending,,
grasp_protocol_v3__tau_4__smap__SMAP_S-1__seed1103,tau_4,smap,SMAP_S-1,1103,pending,,
grasp_protocol_v3__tau_4__smap__SMAP_T-1__seed1103,tau_4,smap,SMAP_T-1,1103,pending,,
grasp_protocol_v3__tau_4__smap__SMAP_T-2__seed1103,tau_4,smap,SMAP_T-2,1103,pending,,
grasp_protocol_v3__tau_4__smap__SMAP_T-3__seed1103,tau_4,smap,SMAP_T-3,1103,pending,,
grasp_protocol_v3__tau_8__smap__SMAP_A-1__seed1103,tau_8,smap,SMAP_A-1,1103,pending,,
grasp_protocol_v3__tau_8__smap__SMAP_A-2__seed1103,tau_8,smap,SMAP_A-2,1103,pending,,
grasp_protocol_v3__tau_8__smap__SMAP_A-3__seed1103,tau_8,smap,SMAP_A-3,1103,pending,,
grasp_protocol_v3__tau_8__smap__SMAP_A-4__seed1103,tau_8,smap,SMAP_A-4,1103,pending,,
grasp_protocol_v3__tau_8__smap__SMAP_A-5__seed1103,tau_8,smap,SMAP_A-5,1103,pending,,
grasp_protocol_v3__tau_8__smap__SMAP_A-6__seed1103,tau_8,smap,SMAP_A-6,1103,pending,,
grasp_protocol_v3__tau_8__smap__SMAP_A-7__seed1103,tau_8,smap,SMAP_A-7,1103,pending,,
grasp_protocol_v3__tau_8__smap__SMAP_A-8__seed1103,tau_8,smap,SMAP_A-8,1103,pending,,
grasp_protocol_v3__tau_8__smap__SMAP_A-9__seed1103,tau_8,smap,SMAP_A-9,1103,pending,,
grasp_protocol_v3__tau_8__smap__SMAP_B-1__seed1103,tau_8,smap,SMAP_B-1,1103,pending,,
grasp_protocol_v3__tau_8__smap__SMAP_D-11__seed1103,tau_8,smap,SMAP_D-11,1103,pending,,
grasp_protocol_v3__tau_8__smap__SMAP_D-1__seed1103,tau_8,smap,SMAP_D-1,1103,pending,,
grasp_protocol_v3__tau_8__smap__SMAP_D-2__seed1103,tau_8,smap,SMAP_D-2,1103,pending,,
grasp_protocol_v3__tau_8__smap__SMAP_D-3__seed1103,tau_8,smap,SMAP_D-3,1103,pending,,
grasp_protocol_v3__tau_8__smap__SMAP_D-4__seed1103,tau_8,smap,SMAP_D-4,1103,pending,,
grasp_protocol_v3__tau_8__smap__SMAP_D-5__seed1103,tau_8,smap,SMAP_D-5,1103,pending,,
grasp_protocol_v3__tau_8__smap__SMAP_D-6__seed1103,tau_8,smap,SMAP_D-6,1103,pending,,
grasp_protocol_v3__tau_8__smap__SMAP_D-7__seed1103,tau_8,smap,SMAP_D-7,1103,pending,,
grasp_protocol_v3__tau_8__smap__SMAP_D-8__seed1103,tau_8,smap,SMAP_D-8,1103,pending,,
grasp_protocol_v3__tau_8__smap__SMAP_D-9__seed1103,tau_8,smap,SMAP_D-9,1103,pending,,
grasp_protocol_v3__tau_8__smap__SMAP_E-10__seed1103,tau_8,smap,SMAP_E-10,1103,pending,,
grasp_protocol_v3__tau_8__smap__SMAP_E-11__seed1103,tau_8,smap,SMAP_E-11,1103,pending,,
grasp_protocol_v3__tau_8__smap__SMAP_E-12__seed1103,tau_8,smap,SMAP_E-12,1103,pending,,
grasp_protocol_v3__tau_8__smap__SMAP_E-13__seed1103,tau_8,smap,SMAP_E-13,1103,pending,,
grasp_protocol_v3__tau_8__smap__SMAP_E-1__seed1103,tau_8,smap,SMAP_E-1,1103,pending,,
grasp_protocol_v3__tau_8__smap__SMAP_E-2__seed1103,tau_8,smap,SMAP_E-2,1103,pending,,
grasp_protocol_v3__tau_8__smap__SMAP_E-3__seed1103,tau_8,smap,SMAP_E-3,1103,pending,,
grasp_protocol_v3__tau_8__smap__SMAP_E-4__seed1103,tau_8,smap,SMAP_E-4,1103,pending,,
grasp_protocol_v3__tau_8__smap__SMAP_E-5__seed1103,tau_8,smap,SMAP_E-5,1103,pending,,
grasp_protocol_v3__tau_8__smap__SMAP_E-6__seed1103,tau_8,smap,SMAP_E-6,1103,pending,,
grasp_protocol_v3__tau_8__smap__SMAP_E-7__seed1103,tau_8,smap,SMAP_E-7,1103,pending,,
grasp_protocol_v3__tau_8__smap__SMAP_E-8__seed1103,tau_8,smap,SMAP_E-8,1103,pending,,
grasp_protocol_v3__tau_8__smap__SMAP_E-9__seed1103,tau_8,smap,SMAP_E-9,1103,pending,,
grasp_protocol_v3__tau_8__smap__SMAP_F-1__seed1103,tau_8,smap,SMAP_F-1,1103,pending,,
grasp_protocol_v3__tau_8__smap__SMAP_F-2__seed1103,tau_8,smap,SMAP_F-2,1103,pending,,
grasp_protocol_v3__tau_8__smap__SMAP_F-3__seed1103,tau_8,smap,SMAP_F-3,1103,pending,,
grasp_protocol_v3__tau_8__smap__SMAP_G-1__seed1103,tau_8,smap,SMAP_G-1,1103,pending,,
grasp_protocol_v3__tau_8__smap__SMAP_G-2__seed1103,tau_8,smap,SMAP_G-2,1103,pending,,
grasp_protocol_v3__tau_8__smap__SMAP_G-3__seed1103,tau_8,smap,SMAP_G-3,1103,pending,,
grasp_protocol_v3__tau_8__smap__SMAP_G-4__seed1103,tau_8,smap,SMAP_G-4,1103,pending,,
grasp_protocol_v3__tau_8__smap__SMAP_G-6__seed1103,tau_8,smap,SMAP_G-6,1103,pending,,
grasp_protocol_v3__tau_8__smap__SMAP_G-7__seed1103,tau_8,smap,SMAP_G-7,1103,pending,,
grasp_protocol_v3__tau_8__smap__SMAP_P-1__seed1103,tau_8,smap,SMAP_P-1,1103,pending,,
grasp_protocol_v3__tau_8__smap__SMAP_P-2__seed1103,tau_8,smap,SMAP_P-2,1103,pending,,
grasp_protocol_v3__tau_8__smap__SMAP_P-3__seed1103,tau_8,smap,SMAP_P-3,1103,pending,,
grasp_protocol_v3__tau_8__smap__SMAP_P-4__seed1103,tau_8,smap,SMAP_P-4,1103,pending,,
grasp_protocol_v3__tau_8__smap__SMAP_R-1__seed1103,tau_8,smap,SMAP_R-1,1103,pending,,
grasp_protocol_v3__tau_8__smap__SMAP_S-1__seed1103,tau_8,smap,SMAP_S-1,1103,pending,,
grasp_protocol_v3__tau_8__smap__SMAP_T-1__seed1103,tau_8,smap,SMAP_T-1,1103,pending,,
grasp_protocol_v3__tau_8__smap__SMAP_T-2__seed1103,tau_8,smap,SMAP_T-2,1103,pending,,
grasp_protocol_v3__tau_8__smap__SMAP_T-3__seed1103,tau_8,smap,SMAP_T-3,1103,pending,,
grasp_protocol_v3__gnn__smap__SMAP_A-1__seed1104,gnn,smap,SMAP_A-1,1104,pending,,
grasp_protocol_v3__gnn__smap__SMAP_A-2__seed1104,gnn,smap,SMAP_A-2,1104,pending,,
grasp_protocol_v3__gnn__smap__SMAP_A-3__seed1104,gnn,smap,SMAP_A-3,1104,pending,,
grasp_protocol_v3__gnn__smap__SMAP_A-4__seed1104,gnn,smap,SMAP_A-4,1104,pending,,
grasp_protocol_v3__gnn__smap__SMAP_A-5__seed1104,gnn,smap,SMAP_A-5,1104,pending,,
grasp_protocol_v3__gnn__smap__SMAP_A-6__seed1104,gnn,smap,SMAP_A-6,1104,pending,,
grasp_protocol_v3__gnn__smap__SMAP_A-7__seed1104,gnn,smap,SMAP_A-7,1104,pending,,
grasp_protocol_v3__gnn__smap__SMAP_A-8__seed1104,gnn,smap,SMAP_A-8,1104,pending,,
grasp_protocol_v3__gnn__smap__SMAP_A-9__seed1104,gnn,smap,SMAP_A-9,1104,pending,,
grasp_protocol_v3__gnn__smap__SMAP_B-1__seed1104,gnn,smap,SMAP_B-1,1104,pending,,
grasp_protocol_v3__gnn__smap__SMAP_D-11__seed1104,gnn,smap,SMAP_D-11,1104,pending,,
grasp_protocol_v3__gnn__smap__SMAP_D-1__seed1104,gnn,smap,SMAP_D-1,1104,pending,,
grasp_protocol_v3__gnn__smap__SMAP_D-2__seed1104,gnn,smap,SMAP_D-2,1104,pending,,
grasp_protocol_v3__gnn__smap__SMAP_D-3__seed1104,gnn,smap,SMAP_D-3,1104,pending,,
grasp_protocol_v3__gnn__smap__SMAP_D-4__seed1104,gnn,smap,SMAP_D-4,1104,pending,,
grasp_protocol_v3__gnn__smap__SMAP_D-5__seed1104,gnn,smap,SMAP_D-5,1104,pending,,
grasp_protocol_v3__gnn__smap__SMAP_D-6__seed1104,gnn,smap,SMAP_D-6,1104,pending,,
grasp_protocol_v3__gnn__smap__SMAP_D-7__seed1104,gnn,smap,SMAP_D-7,1104,pending,,
grasp_protocol_v3__gnn__smap__SMAP_D-8__seed1104,gnn,smap,SMAP_D-8,1104,pending,,
grasp_protocol_v3__gnn__smap__SMAP_D-9__seed1104,gnn,smap,SMAP_D-9,1104,pending,,
grasp_protocol_v3__gnn__smap__SMAP_E-10__seed1104,gnn,smap,SMAP_E-10,1104,pending,,
grasp_protocol_v3__gnn__smap__SMAP_E-11__seed1104,gnn,smap,SMAP_E-11,1104,pending,,
grasp_protocol_v3__gnn__smap__SMAP_E-12__seed1104,gnn,smap,SMAP_E-12,1104,pending,,
grasp_protocol_v3__gnn__smap__SMAP_E-13__seed1104,gnn,smap,SMAP_E-13,1104,pending,,
grasp_protocol_v3__gnn__smap__SMAP_E-1__seed1104,gnn,smap,SMAP_E-1,1104,pending,,
grasp_protocol_v3__gnn__smap__SMAP_E-2__seed1104,gnn,smap,SMAP_E-2,1104,pending,,
grasp_protocol_v3__gnn__smap__SMAP_E-3__seed1104,gnn,smap,SMAP_E-3,1104,pending,,
grasp_protocol_v3__gnn__smap__SMAP_E-4__seed1104,gnn,smap,SMAP_E-4,1104,pending,,
grasp_protocol_v3__gnn__smap__SMAP_E-5__seed1104,gnn,smap,SMAP_E-5,1104,pending,,
grasp_protocol_v3__gnn__smap__SMAP_E-6__seed1104,gnn,smap,SMAP_E-6,1104,pending,,
grasp_protocol_v3__gnn__smap__SMAP_E-7__seed1104,gnn,smap,SMAP_E-7,1104,pending,,
grasp_protocol_v3__gnn__smap__SMAP_E-8__seed1104,gnn,smap,SMAP_E-8,1104,pending,,
grasp_protocol_v3__gnn__smap__SMAP_E-9__seed1104,gnn,smap,SMAP_E-9,1104,pending,,
grasp_protocol_v3__gnn__smap__SMAP_F-1__seed1104,gnn,smap,SMAP_F-1,1104,pending,,
grasp_protocol_v3__gnn__smap__SMAP_F-2__seed1104,gnn,smap,SMAP_F-2,1104,pending,,
grasp_protocol_v3__gnn__smap__SMAP_F-3__seed1104,gnn,smap,SMAP_F-3,1104,pending,,
grasp_protocol_v3__gnn__smap__SMAP_G-1__seed1104,gnn,smap,SMAP_G-1,1104,pending,,
grasp_protocol_v3__gnn__smap__SMAP_G-2__seed1104,gnn,smap,SMAP_G-2,1104,pending,,
grasp_protocol_v3__gnn__smap__SMAP_G-3__seed1104,gnn,smap,SMAP_G-3,1104,pending,,
grasp_protocol_v3__gnn__smap__SMAP_G-4__seed1104,gnn,smap,SMAP_G-4,1104,pending,,
grasp_protocol_v3__gnn__smap__SMAP_G-6__seed1104,gnn,smap,SMAP_G-6,1104,pending,,
grasp_protocol_v3__gnn__smap__SMAP_G-7__seed1104,gnn,smap,SMAP_G-7,1104,pending,,
grasp_protocol_v3__gnn__smap__SMAP_P-1__seed1104,gnn,smap,SMAP_P-1,1104,pending,,
grasp_protocol_v3__gnn__smap__SMAP_P-2__seed1104,gnn,smap,SMAP_P-2,1104,pending,,
grasp_protocol_v3__gnn__smap__SMAP_P-3__seed1104,gnn,smap,SMAP_P-3,1104,pending,,
grasp_protocol_v3__gnn__smap__SMAP_P-4__seed1104,gnn,smap,SMAP_P-4,1104,pending,,
grasp_protocol_v3__gnn__smap__SMAP_R-1__seed1104,gnn,smap,SMAP_R-1,1104,pending,,
grasp_protocol_v3__gnn__smap__SMAP_S-1__seed1104,gnn,smap,SMAP_S-1,1104,pending,,
grasp_protocol_v3__gnn__smap__SMAP_T-1__seed1104,gnn,smap,SMAP_T-1,1104,pending,,
grasp_protocol_v3__gnn__smap__SMAP_T-2__seed1104,gnn,smap,SMAP_T-2,1104,pending,,
grasp_protocol_v3__gnn__smap__SMAP_T-3__seed1104,gnn,smap,SMAP_T-3,1104,pending,,
grasp_protocol_v3__main__smap__SMAP_A-1__seed1104,main,smap,SMAP_A-1,1104,pending,,
grasp_protocol_v3__main__smap__SMAP_A-2__seed1104,main,smap,SMAP_A-2,1104,pending,,
grasp_protocol_v3__main__smap__SMAP_A-3__seed1104,main,smap,SMAP_A-3,1104,pending,,
grasp_protocol_v3__main__smap__SMAP_A-4__seed1104,main,smap,SMAP_A-4,1104,pending,,
grasp_protocol_v3__main__smap__SMAP_A-5__seed1104,main,smap,SMAP_A-5,1104,pending,,
grasp_protocol_v3__main__smap__SMAP_A-6__seed1104,main,smap,SMAP_A-6,1104,pending,,
grasp_protocol_v3__main__smap__SMAP_A-7__seed1104,main,smap,SMAP_A-7,1104,pending,,
grasp_protocol_v3__main__smap__SMAP_A-8__seed1104,main,smap,SMAP_A-8,1104,pending,,
grasp_protocol_v3__main__smap__SMAP_A-9__seed1104,main,smap,SMAP_A-9,1104,pending,,
grasp_protocol_v3__main__smap__SMAP_B-1__seed1104,main,smap,SMAP_B-1,1104,pending,,
grasp_protocol_v3__main__smap__SMAP_D-11__seed1104,main,smap,SMAP_D-11,1104,pending,,
grasp_protocol_v3__main__smap__SMAP_D-1__seed1104,main,smap,SMAP_D-1,1104,pending,,
grasp_protocol_v3__main__smap__SMAP_D-2__seed1104,main,smap,SMAP_D-2,1104,pending,,
grasp_protocol_v3__main__smap__SMAP_D-3__seed1104,main,smap,SMAP_D-3,1104,pending,,
grasp_protocol_v3__main__smap__SMAP_D-4__seed1104,main,smap,SMAP_D-4,1104,pending,,
grasp_protocol_v3__main__smap__SMAP_D-5__seed1104,main,smap,SMAP_D-5,1104,pending,,
grasp_protocol_v3__main__smap__SMAP_D-6__seed1104,main,smap,SMAP_D-6,1104,pending,,
grasp_protocol_v3__main__smap__SMAP_D-7__seed1104,main,smap,SMAP_D-7,1104,pending,,
grasp_protocol_v3__main__smap__SMAP_D-8__seed1104,main,smap,SMAP_D-8,1104,pending,,
grasp_protocol_v3__main__smap__SMAP_D-9__seed1104,main,smap,SMAP_D-9,1104,pending,,
grasp_protocol_v3__main__smap__SMAP_E-10__seed1104,main,smap,SMAP_E-10,1104,pending,,
grasp_protocol_v3__main__smap__SMAP_E-11__seed1104,main,smap,SMAP_E-11,1104,pending,,
grasp_protocol_v3__main__smap__SMAP_E-12__seed1104,main,smap,SMAP_E-12,1104,pending,,
grasp_protocol_v3__main__smap__SMAP_E-13__seed1104,main,smap,SMAP_E-13,1104,pending,,
grasp_protocol_v3__main__smap__SMAP_E-1__seed1104,main,smap,SMAP_E-1,1104,pending,,
grasp_protocol_v3__main__smap__SMAP_E-2__seed1104,main,smap,SMAP_E-2,1104,pending,,
grasp_protocol_v3__main__smap__SMAP_E-3__seed1104,main,smap,SMAP_E-3,1104,pending,,
grasp_protocol_v3__main__smap__SMAP_E-4__seed1104,main,smap,SMAP_E-4,1104,pending,,
grasp_protocol_v3__main__smap__SMAP_E-5__seed1104,main,smap,SMAP_E-5,1104,pending,,
grasp_protocol_v3__main__smap__SMAP_E-6__seed1104,main,smap,SMAP_E-6,1104,pending,,
grasp_protocol_v3__main__smap__SMAP_E-7__seed1104,main,smap,SMAP_E-7,1104,pending,,
grasp_protocol_v3__main__smap__SMAP_E-8__seed1104,main,smap,SMAP_E-8,1104,pending,,
grasp_protocol_v3__main__smap__SMAP_E-9__seed1104,main,smap,SMAP_E-9,1104,pending,,
grasp_protocol_v3__main__smap__SMAP_F-1__seed1104,main,smap,SMAP_F-1,1104,pending,,
grasp_protocol_v3__main__smap__SMAP_F-2__seed1104,main,smap,SMAP_F-2,1104,pending,,
grasp_protocol_v3__main__smap__SMAP_F-3__seed1104,main,smap,SMAP_F-3,1104,pending,,
grasp_protocol_v3__main__smap__SMAP_G-1__seed1104,main,smap,SMAP_G-1,1104,pending,,
grasp_protocol_v3__main__smap__SMAP_G-2__seed1104,main,smap,SMAP_G-2,1104,pending,,
grasp_protocol_v3__main__smap__SMAP_G-3__seed1104,main,smap,SMAP_G-3,1104,pending,,
grasp_protocol_v3__main__smap__SMAP_G-4__seed1104,main,smap,SMAP_G-4,1104,pending,,
grasp_protocol_v3__main__smap__SMAP_G-6__seed1104,main,smap,SMAP_G-6,1104,pending,,
grasp_protocol_v3__main__smap__SMAP_G-7__seed1104,main,smap,SMAP_G-7,1104,pending,,
grasp_protocol_v3__main__smap__SMAP_P-1__seed1104,main,smap,SMAP_P-1,1104,pending,,
grasp_protocol_v3__main__smap__SMAP_P-2__seed1104,main,smap,SMAP_P-2,1104,pending,,
grasp_protocol_v3__main__smap__SMAP_P-3__seed1104,main,smap,SMAP_P-3,1104,pending,,
grasp_protocol_v3__main__smap__SMAP_P-4__seed1104,main,smap,SMAP_P-4,1104,pending,,
grasp_protocol_v3__main__smap__SMAP_R-1__seed1104,main,smap,SMAP_R-1,1104,pending,,
grasp_protocol_v3__main__smap__SMAP_S-1__seed1104,main,smap,SMAP_S-1,1104,pending,,
grasp_protocol_v3__main__smap__SMAP_T-1__seed1104,main,smap,SMAP_T-1,1104,pending,,
grasp_protocol_v3__main__smap__SMAP_T-2__seed1104,main,smap,SMAP_T-2,1104,pending,,
grasp_protocol_v3__main__smap__SMAP_T-3__seed1104,main,smap,SMAP_T-3,1104,pending,,
grasp_protocol_v3__transformer__smap__SMAP_A-1__seed1104,transformer,smap,SMAP_A-1,1104,pending,,
grasp_protocol_v3__transformer__smap__SMAP_A-2__seed1104,transformer,smap,SMAP_A-2,1104,pending,,
grasp_protocol_v3__transformer__smap__SMAP_A-3__seed1104,transformer,smap,SMAP_A-3,1104,pending,,
grasp_protocol_v3__transformer__smap__SMAP_A-4__seed1104,transformer,smap,SMAP_A-4,1104,pending,,
grasp_protocol_v3__transformer__smap__SMAP_A-5__seed1104,transformer,smap,SMAP_A-5,1104,pending,,
grasp_protocol_v3__transformer__smap__SMAP_A-6__seed1104,transformer,smap,SMAP_A-6,1104,pending,,
grasp_protocol_v3__transformer__smap__SMAP_A-7__seed1104,transformer,smap,SMAP_A-7,1104,pending,,
grasp_protocol_v3__transformer__smap__SMAP_A-8__seed1104,transformer,smap,SMAP_A-8,1104,pending,,
grasp_protocol_v3__transformer__smap__SMAP_A-9__seed1104,transformer,smap,SMAP_A-9,1104,pending,,
grasp_protocol_v3__transformer__smap__SMAP_B-1__seed1104,transformer,smap,SMAP_B-1,1104,pending,,
grasp_protocol_v3__transformer__smap__SMAP_D-11__seed1104,transformer,smap,SMAP_D-11,1104,pending,,
grasp_protocol_v3__transformer__smap__SMAP_D-1__seed1104,transformer,smap,SMAP_D-1,1104,pending,,
grasp_protocol_v3__transformer__smap__SMAP_D-2__seed1104,transformer,smap,SMAP_D-2,1104,pending,,
grasp_protocol_v3__transformer__smap__SMAP_D-3__seed1104,transformer,smap,SMAP_D-3,1104,pending,,
grasp_protocol_v3__transformer__smap__SMAP_D-4__seed1104,transformer,smap,SMAP_D-4,1104,pending,,
grasp_protocol_v3__transformer__smap__SMAP_D-5__seed1104,transformer,smap,SMAP_D-5,1104,pending,,
grasp_protocol_v3__transformer__smap__SMAP_D-6__seed1104,transformer,smap,SMAP_D-6,1104,pending,,
grasp_protocol_v3__transformer__smap__SMAP_D-7__seed1104,transformer,smap,SMAP_D-7,1104,pending,,
grasp_protocol_v3__transformer__smap__SMAP_D-8__seed1104,transformer,smap,SMAP_D-8,1104,pending,,
grasp_protocol_v3__transformer__smap__SMAP_D-9__seed1104,transformer,smap,SMAP_D-9,1104,pending,,
grasp_protocol_v3__transformer__smap__SMAP_E-10__seed1104,transformer,smap,SMAP_E-10,1104,pending,,
grasp_protocol_v3__transformer__smap__SMAP_E-11__seed1104,transformer,smap,SMAP_E-11,1104,pending,,
grasp_protocol_v3__transformer__smap__SMAP_E-12__seed1104,transformer,smap,SMAP_E-12,1104,pending,,
grasp_protocol_v3__transformer__smap__SMAP_E-13__seed1104,transformer,smap,SMAP_E-13,1104,pending,,
grasp_protocol_v3__transformer__smap__SMAP_E-1__seed1104,transformer,smap,SMAP_E-1,1104,pending,,
grasp_protocol_v3__transformer__smap__SMAP_E-2__seed1104,transformer,smap,SMAP_E-2,1104,pending,,
grasp_protocol_v3__transformer__smap__SMAP_E-3__seed1104,transformer,smap,SMAP_E-3,1104,pending,,
grasp_protocol_v3__transformer__smap__SMAP_E-4__seed1104,transformer,smap,SMAP_E-4,1104,pending,,
grasp_protocol_v3__transformer__smap__SMAP_E-5__seed1104,transformer,smap,SMAP_E-5,1104,pending,,
grasp_protocol_v3__transformer__smap__SMAP_E-6__seed1104,transformer,smap,SMAP_E-6,1104,pending,,
grasp_protocol_v3__transformer__smap__SMAP_E-7__seed1104,transformer,smap,SMAP_E-7,1104,pending,,
grasp_protocol_v3__transformer__smap__SMAP_E-8__seed1104,transformer,smap,SMAP_E-8,1104,pending,,
grasp_protocol_v3__transformer__smap__SMAP_E-9__seed1104,transformer,smap,SMAP_E-9,1104,pending,,
grasp_protocol_v3__transformer__smap__SMAP_F-1__seed1104,transformer,smap,SMAP_F-1,1104,pending,,
grasp_protocol_v3__transformer__smap__SMAP_F-2__seed1104,transformer,smap,SMAP_F-2,1104,pending,,
grasp_protocol_v3__transformer__smap__SMAP_F-3__seed1104,transformer,smap,SMAP_F-3,1104,pending,,
grasp_protocol_v3__transformer__smap__SMAP_G-1__seed1104,transformer,smap,SMAP_G-1,1104,pending,,
grasp_protocol_v3__transformer__smap__SMAP_G-2__seed1104,transformer,smap,SMAP_G-2,1104,pending,,
grasp_protocol_v3__transformer__smap__SMAP_G-3__seed1104,transformer,smap,SMAP_G-3,1104,pending,,
grasp_protocol_v3__transformer__smap__SMAP_G-4__seed1104,transformer,smap,SMAP_G-4,1104,pending,,
grasp_protocol_v3__transformer__smap__SMAP_G-6__seed1104,transformer,smap,SMAP_G-6,1104,pending,,
grasp_protocol_v3__transformer__smap__SMAP_G-7__seed1104,transformer,smap,SMAP_G-7,1104,pending,,
grasp_protocol_v3__transformer__smap__SMAP_P-1__seed1104,transformer,smap,SMAP_P-1,1104,pending,,
grasp_protocol_v3__transformer__smap__SMAP_P-2__seed1104,transformer,smap,SMAP_P-2,1104,pending,,
grasp_protocol_v3__transformer__smap__SMAP_P-3__seed1104,transformer,smap,SMAP_P-3,1104,pending,,
grasp_protocol_v3__transformer__smap__SMAP_P-4__seed1104,transformer,smap,SMAP_P-4,1104,pending,,
grasp_protocol_v3__transformer__smap__SMAP_R-1__seed1104,transformer,smap,SMAP_R-1,1104,pending,,
grasp_protocol_v3__transformer__smap__SMAP_S-1__seed1104,transformer,smap,SMAP_S-1,1104,pending,,
grasp_protocol_v3__transformer__smap__SMAP_T-1__seed1104,transformer,smap,SMAP_T-1,1104,pending,,
grasp_protocol_v3__transformer__smap__SMAP_T-2__seed1104,transformer,smap,SMAP_T-2,1104,pending,,
grasp_protocol_v3__transformer__smap__SMAP_T-3__seed1104,transformer,smap,SMAP_T-3,1104,pending,,
grasp_protocol_v3__mean__smap__SMAP_A-1__seed1104,mean,smap,SMAP_A-1,1104,pending,,
grasp_protocol_v3__mean__smap__SMAP_A-2__seed1104,mean,smap,SMAP_A-2,1104,pending,,
grasp_protocol_v3__mean__smap__SMAP_A-3__seed1104,mean,smap,SMAP_A-3,1104,pending,,
grasp_protocol_v3__mean__smap__SMAP_A-4__seed1104,mean,smap,SMAP_A-4,1104,pending,,
grasp_protocol_v3__mean__smap__SMAP_A-5__seed1104,mean,smap,SMAP_A-5,1104,pending,,
grasp_protocol_v3__mean__smap__SMAP_A-6__seed1104,mean,smap,SMAP_A-6,1104,pending,,
grasp_protocol_v3__mean__smap__SMAP_A-7__seed1104,mean,smap,SMAP_A-7,1104,pending,,
grasp_protocol_v3__mean__smap__SMAP_A-8__seed1104,mean,smap,SMAP_A-8,1104,pending,,
grasp_protocol_v3__mean__smap__SMAP_A-9__seed1104,mean,smap,SMAP_A-9,1104,pending,,
grasp_protocol_v3__mean__smap__SMAP_B-1__seed1104,mean,smap,SMAP_B-1,1104,pending,,
grasp_protocol_v3__mean__smap__SMAP_D-11__seed1104,mean,smap,SMAP_D-11,1104,pending,,
grasp_protocol_v3__mean__smap__SMAP_D-1__seed1104,mean,smap,SMAP_D-1,1104,pending,,
grasp_protocol_v3__mean__smap__SMAP_D-2__seed1104,mean,smap,SMAP_D-2,1104,pending,,
grasp_protocol_v3__mean__smap__SMAP_D-3__seed1104,mean,smap,SMAP_D-3,1104,pending,,
grasp_protocol_v3__mean__smap__SMAP_D-4__seed1104,mean,smap,SMAP_D-4,1104,pending,,
grasp_protocol_v3__mean__smap__SMAP_D-5__seed1104,mean,smap,SMAP_D-5,1104,pending,,
grasp_protocol_v3__mean__smap__SMAP_D-6__seed1104,mean,smap,SMAP_D-6,1104,pending,,
grasp_protocol_v3__mean__smap__SMAP_D-7__seed1104,mean,smap,SMAP_D-7,1104,pending,,
grasp_protocol_v3__mean__smap__SMAP_D-8__seed1104,mean,smap,SMAP_D-8,1104,pending,,
grasp_protocol_v3__mean__smap__SMAP_D-9__seed1104,mean,smap,SMAP_D-9,1104,pending,,
grasp_protocol_v3__mean__smap__SMAP_E-10__seed1104,mean,smap,SMAP_E-10,1104,pending,,
grasp_protocol_v3__mean__smap__SMAP_E-11__seed1104,mean,smap,SMAP_E-11,1104,pending,,
grasp_protocol_v3__mean__smap__SMAP_E-12__seed1104,mean,smap,SMAP_E-12,1104,pending,,
grasp_protocol_v3__mean__smap__SMAP_E-13__seed1104,mean,smap,SMAP_E-13,1104,pending,,
grasp_protocol_v3__mean__smap__SMAP_E-1__seed1104,mean,smap,SMAP_E-1,1104,pending,,
grasp_protocol_v3__mean__smap__SMAP_E-2__seed1104,mean,smap,SMAP_E-2,1104,pending,,
grasp_protocol_v3__mean__smap__SMAP_E-3__seed1104,mean,smap,SMAP_E-3,1104,pending,,
grasp_protocol_v3__mean__smap__SMAP_E-4__seed1104,mean,smap,SMAP_E-4,1104,pending,,
grasp_protocol_v3__mean__smap__SMAP_E-5__seed1104,mean,smap,SMAP_E-5,1104,pending,,
grasp_protocol_v3__mean__smap__SMAP_E-6__seed1104,mean,smap,SMAP_E-6,1104,pending,,
grasp_protocol_v3__mean__smap__SMAP_E-7__seed1104,mean,smap,SMAP_E-7,1104,pending,,
grasp_protocol_v3__mean__smap__SMAP_E-8__seed1104,mean,smap,SMAP_E-8,1104,pending,,
grasp_protocol_v3__mean__smap__SMAP_E-9__seed1104,mean,smap,SMAP_E-9,1104,pending,,
grasp_protocol_v3__mean__smap__SMAP_F-1__seed1104,mean,smap,SMAP_F-1,1104,pending,,
grasp_protocol_v3__mean__smap__SMAP_F-2__seed1104,mean,smap,SMAP_F-2,1104,pending,,
grasp_protocol_v3__mean__smap__SMAP_F-3__seed1104,mean,smap,SMAP_F-3,1104,pending,,
grasp_protocol_v3__mean__smap__SMAP_G-1__seed1104,mean,smap,SMAP_G-1,1104,pending,,
grasp_protocol_v3__mean__smap__SMAP_G-2__seed1104,mean,smap,SMAP_G-2,1104,pending,,
grasp_protocol_v3__mean__smap__SMAP_G-3__seed1104,mean,smap,SMAP_G-3,1104,pending,,
grasp_protocol_v3__mean__smap__SMAP_G-4__seed1104,mean,smap,SMAP_G-4,1104,pending,,
grasp_protocol_v3__mean__smap__SMAP_G-6__seed1104,mean,smap,SMAP_G-6,1104,pending,,
grasp_protocol_v3__mean__smap__SMAP_G-7__seed1104,mean,smap,SMAP_G-7,1104,pending,,
grasp_protocol_v3__mean__smap__SMAP_P-1__seed1104,mean,smap,SMAP_P-1,1104,pending,,
grasp_protocol_v3__mean__smap__SMAP_P-2__seed1104,mean,smap,SMAP_P-2,1104,pending,,
grasp_protocol_v3__mean__smap__SMAP_P-3__seed1104,mean,smap,SMAP_P-3,1104,pending,,
grasp_protocol_v3__mean__smap__SMAP_P-4__seed1104,mean,smap,SMAP_P-4,1104,pending,,
grasp_protocol_v3__mean__smap__SMAP_R-1__seed1104,mean,smap,SMAP_R-1,1104,pending,,
grasp_protocol_v3__mean__smap__SMAP_S-1__seed1104,mean,smap,SMAP_S-1,1104,pending,,
grasp_protocol_v3__mean__smap__SMAP_T-1__seed1104,mean,smap,SMAP_T-1,1104,pending,,
grasp_protocol_v3__mean__smap__SMAP_T-2__seed1104,mean,smap,SMAP_T-2,1104,pending,,
grasp_protocol_v3__mean__smap__SMAP_T-3__seed1104,mean,smap,SMAP_T-3,1104,pending,,
grasp_protocol_v3__er__smap__SMAP_A-1__seed1104,er,smap,SMAP_A-1,1104,pending,,
grasp_protocol_v3__er__smap__SMAP_A-2__seed1104,er,smap,SMAP_A-2,1104,pending,,
grasp_protocol_v3__er__smap__SMAP_A-3__seed1104,er,smap,SMAP_A-3,1104,pending,,
grasp_protocol_v3__er__smap__SMAP_A-4__seed1104,er,smap,SMAP_A-4,1104,pending,,
grasp_protocol_v3__er__smap__SMAP_A-5__seed1104,er,smap,SMAP_A-5,1104,pending,,
grasp_protocol_v3__er__smap__SMAP_A-6__seed1104,er,smap,SMAP_A-6,1104,pending,,
grasp_protocol_v3__er__smap__SMAP_A-7__seed1104,er,smap,SMAP_A-7,1104,pending,,
grasp_protocol_v3__er__smap__SMAP_A-8__seed1104,er,smap,SMAP_A-8,1104,pending,,
grasp_protocol_v3__er__smap__SMAP_A-9__seed1104,er,smap,SMAP_A-9,1104,pending,,
grasp_protocol_v3__er__smap__SMAP_B-1__seed1104,er,smap,SMAP_B-1,1104,pending,,
grasp_protocol_v3__er__smap__SMAP_D-11__seed1104,er,smap,SMAP_D-11,1104,pending,,
grasp_protocol_v3__er__smap__SMAP_D-1__seed1104,er,smap,SMAP_D-1,1104,pending,,
grasp_protocol_v3__er__smap__SMAP_D-2__seed1104,er,smap,SMAP_D-2,1104,pending,,
grasp_protocol_v3__er__smap__SMAP_D-3__seed1104,er,smap,SMAP_D-3,1104,pending,,
grasp_protocol_v3__er__smap__SMAP_D-4__seed1104,er,smap,SMAP_D-4,1104,pending,,
grasp_protocol_v3__er__smap__SMAP_D-5__seed1104,er,smap,SMAP_D-5,1104,pending,,
grasp_protocol_v3__er__smap__SMAP_D-6__seed1104,er,smap,SMAP_D-6,1104,pending,,
grasp_protocol_v3__er__smap__SMAP_D-7__seed1104,er,smap,SMAP_D-7,1104,pending,,
grasp_protocol_v3__er__smap__SMAP_D-8__seed1104,er,smap,SMAP_D-8,1104,pending,,
grasp_protocol_v3__er__smap__SMAP_D-9__seed1104,er,smap,SMAP_D-9,1104,pending,,
grasp_protocol_v3__er__smap__SMAP_E-10__seed1104,er,smap,SMAP_E-10,1104,pending,,
grasp_protocol_v3__er__smap__SMAP_E-11__seed1104,er,smap,SMAP_E-11,1104,pending,,
grasp_protocol_v3__er__smap__SMAP_E-12__seed1104,er,smap,SMAP_E-12,1104,pending,,
grasp_protocol_v3__er__smap__SMAP_E-13__seed1104,er,smap,SMAP_E-13,1104,pending,,
grasp_protocol_v3__er__smap__SMAP_E-1__seed1104,er,smap,SMAP_E-1,1104,pending,,
grasp_protocol_v3__er__smap__SMAP_E-2__seed1104,er,smap,SMAP_E-2,1104,pending,,
grasp_protocol_v3__er__smap__SMAP_E-3__seed1104,er,smap,SMAP_E-3,1104,pending,,
grasp_protocol_v3__er__smap__SMAP_E-4__seed1104,er,smap,SMAP_E-4,1104,pending,,
grasp_protocol_v3__er__smap__SMAP_E-5__seed1104,er,smap,SMAP_E-5,1104,pending,,
grasp_protocol_v3__er__smap__SMAP_E-6__seed1104,er,smap,SMAP_E-6,1104,pending,,
grasp_protocol_v3__er__smap__SMAP_E-7__seed1104,er,smap,SMAP_E-7,1104,pending,,
grasp_protocol_v3__er__smap__SMAP_E-8__seed1104,er,smap,SMAP_E-8,1104,pending,,
grasp_protocol_v3__er__smap__SMAP_E-9__seed1104,er,smap,SMAP_E-9,1104,pending,,
grasp_protocol_v3__er__smap__SMAP_F-1__seed1104,er,smap,SMAP_F-1,1104,pending,,
grasp_protocol_v3__er__smap__SMAP_F-2__seed1104,er,smap,SMAP_F-2,1104,pending,,
grasp_protocol_v3__er__smap__SMAP_F-3__seed1104,er,smap,SMAP_F-3,1104,pending,,
grasp_protocol_v3__er__smap__SMAP_G-1__seed1104,er,smap,SMAP_G-1,1104,pending,,
grasp_protocol_v3__er__smap__SMAP_G-2__seed1104,er,smap,SMAP_G-2,1104,pending,,
grasp_protocol_v3__er__smap__SMAP_G-3__seed1104,er,smap,SMAP_G-3,1104,pending,,
grasp_protocol_v3__er__smap__SMAP_G-4__seed1104,er,smap,SMAP_G-4,1104,pending,,
grasp_protocol_v3__er__smap__SMAP_G-6__seed1104,er,smap,SMAP_G-6,1104,pending,,
grasp_protocol_v3__er__smap__SMAP_G-7__seed1104,er,smap,SMAP_G-7,1104,pending,,
grasp_protocol_v3__er__smap__SMAP_P-1__seed1104,er,smap,SMAP_P-1,1104,pending,,
grasp_protocol_v3__er__smap__SMAP_P-2__seed1104,er,smap,SMAP_P-2,1104,pending,,
grasp_protocol_v3__er__smap__SMAP_P-3__seed1104,er,smap,SMAP_P-3,1104,pending,,
grasp_protocol_v3__er__smap__SMAP_P-4__seed1104,er,smap,SMAP_P-4,1104,pending,,
grasp_protocol_v3__er__smap__SMAP_R-1__seed1104,er,smap,SMAP_R-1,1104,pending,,
grasp_protocol_v3__er__smap__SMAP_S-1__seed1104,er,smap,SMAP_S-1,1104,pending,,
grasp_protocol_v3__er__smap__SMAP_T-1__seed1104,er,smap,SMAP_T-1,1104,pending,,
grasp_protocol_v3__er__smap__SMAP_T-2__seed1104,er,smap,SMAP_T-2,1104,pending,,
grasp_protocol_v3__er__smap__SMAP_T-3__seed1104,er,smap,SMAP_T-3,1104,pending,,
grasp_protocol_v3__lin__smap__SMAP_A-1__seed1104,lin,smap,SMAP_A-1,1104,pending,,
grasp_protocol_v3__lin__smap__SMAP_A-2__seed1104,lin,smap,SMAP_A-2,1104,pending,,
grasp_protocol_v3__lin__smap__SMAP_A-3__seed1104,lin,smap,SMAP_A-3,1104,pending,,
grasp_protocol_v3__lin__smap__SMAP_A-4__seed1104,lin,smap,SMAP_A-4,1104,pending,,
grasp_protocol_v3__lin__smap__SMAP_A-5__seed1104,lin,smap,SMAP_A-5,1104,pending,,
grasp_protocol_v3__lin__smap__SMAP_A-6__seed1104,lin,smap,SMAP_A-6,1104,pending,,
grasp_protocol_v3__lin__smap__SMAP_A-7__seed1104,lin,smap,SMAP_A-7,1104,pending,,
grasp_protocol_v3__lin__smap__SMAP_A-8__seed1104,lin,smap,SMAP_A-8,1104,pending,,
grasp_protocol_v3__lin__smap__SMAP_A-9__seed1104,lin,smap,SMAP_A-9,1104,pending,,
grasp_protocol_v3__lin__smap__SMAP_B-1__seed1104,lin,smap,SMAP_B-1,1104,pending,,
grasp_protocol_v3__lin__smap__SMAP_D-11__seed1104,lin,smap,SMAP_D-11,1104,pending,,
grasp_protocol_v3__lin__smap__SMAP_D-1__seed1104,lin,smap,SMAP_D-1,1104,pending,,
grasp_protocol_v3__lin__smap__SMAP_D-2__seed1104,lin,smap,SMAP_D-2,1104,pending,,
grasp_protocol_v3__lin__smap__SMAP_D-3__seed1104,lin,smap,SMAP_D-3,1104,pending,,
grasp_protocol_v3__lin__smap__SMAP_D-4__seed1104,lin,smap,SMAP_D-4,1104,pending,,
grasp_protocol_v3__lin__smap__SMAP_D-5__seed1104,lin,smap,SMAP_D-5,1104,pending,,
grasp_protocol_v3__lin__smap__SMAP_D-6__seed1104,lin,smap,SMAP_D-6,1104,pending,,
grasp_protocol_v3__lin__smap__SMAP_D-7__seed1104,lin,smap,SMAP_D-7,1104,pending,,
grasp_protocol_v3__lin__smap__SMAP_D-8__seed1104,lin,smap,SMAP_D-8,1104,pending,,
grasp_protocol_v3__lin__smap__SMAP_D-9__seed1104,lin,smap,SMAP_D-9,1104,pending,,
grasp_protocol_v3__lin__smap__SMAP_E-10__seed1104,lin,smap,SMAP_E-10,1104,pending,,
grasp_protocol_v3__lin__smap__SMAP_E-11__seed1104,lin,smap,SMAP_E-11,1104,pending,,
grasp_protocol_v3__lin__smap__SMAP_E-12__seed1104,lin,smap,SMAP_E-12,1104,pending,,
grasp_protocol_v3__lin__smap__SMAP_E-13__seed1104,lin,smap,SMAP_E-13,1104,pending,,
grasp_protocol_v3__lin__smap__SMAP_E-1__seed1104,lin,smap,SMAP_E-1,1104,pending,,
grasp_protocol_v3__lin__smap__SMAP_E-2__seed1104,lin,smap,SMAP_E-2,1104,pending,,
grasp_protocol_v3__lin__smap__SMAP_E-3__seed1104,lin,smap,SMAP_E-3,1104,pending,,
grasp_protocol_v3__lin__smap__SMAP_E-4__seed1104,lin,smap,SMAP_E-4,1104,pending,,
grasp_protocol_v3__lin__smap__SMAP_E-5__seed1104,lin,smap,SMAP_E-5,1104,pending,,
grasp_protocol_v3__lin__smap__SMAP_E-6__seed1104,lin,smap,SMAP_E-6,1104,pending,,
grasp_protocol_v3__lin__smap__SMAP_E-7__seed1104,lin,smap,SMAP_E-7,1104,pending,,
grasp_protocol_v3__lin__smap__SMAP_E-8__seed1104,lin,smap,SMAP_E-8,1104,pending,,
grasp_protocol_v3__lin__smap__SMAP_E-9__seed1104,lin,smap,SMAP_E-9,1104,pending,,
grasp_protocol_v3__lin__smap__SMAP_F-1__seed1104,lin,smap,SMAP_F-1,1104,pending,,
grasp_protocol_v3__lin__smap__SMAP_F-2__seed1104,lin,smap,SMAP_F-2,1104,pending,,
grasp_protocol_v3__lin__smap__SMAP_F-3__seed1104,lin,smap,SMAP_F-3,1104,pending,,
grasp_protocol_v3__lin__smap__SMAP_G-1__seed1104,lin,smap,SMAP_G-1,1104,pending,,
grasp_protocol_v3__lin__smap__SMAP_G-2__seed1104,lin,smap,SMAP_G-2,1104,pending,,
grasp_protocol_v3__lin__smap__SMAP_G-3__seed1104,lin,smap,SMAP_G-3,1104,pending,,
grasp_protocol_v3__lin__smap__SMAP_G-4__seed1104,lin,smap,SMAP_G-4,1104,pending,,
grasp_protocol_v3__lin__smap__SMAP_G-6__seed1104,lin,smap,SMAP_G-6,1104,pending,,
grasp_protocol_v3__lin__smap__SMAP_G-7__seed1104,lin,smap,SMAP_G-7,1104,pending,,
grasp_protocol_v3__lin__smap__SMAP_P-1__seed1104,lin,smap,SMAP_P-1,1104,pending,,
grasp_protocol_v3__lin__smap__SMAP_P-2__seed1104,lin,smap,SMAP_P-2,1104,pending,,
grasp_protocol_v3__lin__smap__SMAP_P-3__seed1104,lin,smap,SMAP_P-3,1104,pending,,
grasp_protocol_v3__lin__smap__SMAP_P-4__seed1104,lin,smap,SMAP_P-4,1104,pending,,
grasp_protocol_v3__lin__smap__SMAP_R-1__seed1104,lin,smap,SMAP_R-1,1104,pending,,
grasp_protocol_v3__lin__smap__SMAP_S-1__seed1104,lin,smap,SMAP_S-1,1104,pending,,
grasp_protocol_v3__lin__smap__SMAP_T-1__seed1104,lin,smap,SMAP_T-1,1104,pending,,
grasp_protocol_v3__lin__smap__SMAP_T-2__seed1104,lin,smap,SMAP_T-2,1104,pending,,
grasp_protocol_v3__lin__smap__SMAP_T-3__seed1104,lin,smap,SMAP_T-3,1104,pending,,
grasp_protocol_v3__tau_0__smap__SMAP_A-1__seed1104,tau_0,smap,SMAP_A-1,1104,pending,,
grasp_protocol_v3__tau_0__smap__SMAP_A-2__seed1104,tau_0,smap,SMAP_A-2,1104,pending,,
grasp_protocol_v3__tau_0__smap__SMAP_A-3__seed1104,tau_0,smap,SMAP_A-3,1104,pending,,
grasp_protocol_v3__tau_0__smap__SMAP_A-4__seed1104,tau_0,smap,SMAP_A-4,1104,pending,,
grasp_protocol_v3__tau_0__smap__SMAP_A-5__seed1104,tau_0,smap,SMAP_A-5,1104,pending,,
grasp_protocol_v3__tau_0__smap__SMAP_A-6__seed1104,tau_0,smap,SMAP_A-6,1104,pending,,
grasp_protocol_v3__tau_0__smap__SMAP_A-7__seed1104,tau_0,smap,SMAP_A-7,1104,pending,,
grasp_protocol_v3__tau_0__smap__SMAP_A-8__seed1104,tau_0,smap,SMAP_A-8,1104,pending,,
grasp_protocol_v3__tau_0__smap__SMAP_A-9__seed1104,tau_0,smap,SMAP_A-9,1104,pending,,
grasp_protocol_v3__tau_0__smap__SMAP_B-1__seed1104,tau_0,smap,SMAP_B-1,1104,pending,,
grasp_protocol_v3__tau_0__smap__SMAP_D-11__seed1104,tau_0,smap,SMAP_D-11,1104,pending,,
grasp_protocol_v3__tau_0__smap__SMAP_D-1__seed1104,tau_0,smap,SMAP_D-1,1104,pending,,
grasp_protocol_v3__tau_0__smap__SMAP_D-2__seed1104,tau_0,smap,SMAP_D-2,1104,pending,,
grasp_protocol_v3__tau_0__smap__SMAP_D-3__seed1104,tau_0,smap,SMAP_D-3,1104,pending,,
grasp_protocol_v3__tau_0__smap__SMAP_D-4__seed1104,tau_0,smap,SMAP_D-4,1104,pending,,
grasp_protocol_v3__tau_0__smap__SMAP_D-5__seed1104,tau_0,smap,SMAP_D-5,1104,pending,,
grasp_protocol_v3__tau_0__smap__SMAP_D-6__seed1104,tau_0,smap,SMAP_D-6,1104,pending,,
grasp_protocol_v3__tau_0__smap__SMAP_D-7__seed1104,tau_0,smap,SMAP_D-7,1104,pending,,
grasp_protocol_v3__tau_0__smap__SMAP_D-8__seed1104,tau_0,smap,SMAP_D-8,1104,pending,,
grasp_protocol_v3__tau_0__smap__SMAP_D-9__seed1104,tau_0,smap,SMAP_D-9,1104,pending,,
grasp_protocol_v3__tau_0__smap__SMAP_E-10__seed1104,tau_0,smap,SMAP_E-10,1104,pending,,
grasp_protocol_v3__tau_0__smap__SMAP_E-11__seed1104,tau_0,smap,SMAP_E-11,1104,pending,,
grasp_protocol_v3__tau_0__smap__SMAP_E-12__seed1104,tau_0,smap,SMAP_E-12,1104,pending,,
grasp_protocol_v3__tau_0__smap__SMAP_E-13__seed1104,tau_0,smap,SMAP_E-13,1104,pending,,
grasp_protocol_v3__tau_0__smap__SMAP_E-1__seed1104,tau_0,smap,SMAP_E-1,1104,pending,,
grasp_protocol_v3__tau_0__smap__SMAP_E-2__seed1104,tau_0,smap,SMAP_E-2,1104,pending,,
grasp_protocol_v3__tau_0__smap__SMAP_E-3__seed1104,tau_0,smap,SMAP_E-3,1104,pending,,
grasp_protocol_v3__tau_0__smap__SMAP_E-4__seed1104,tau_0,smap,SMAP_E-4,1104,pending,,
grasp_protocol_v3__tau_0__smap__SMAP_E-5__seed1104,tau_0,smap,SMAP_E-5,1104,pending,,
grasp_protocol_v3__tau_0__smap__SMAP_E-6__seed1104,tau_0,smap,SMAP_E-6,1104,pending,,
grasp_protocol_v3__tau_0__smap__SMAP_E-7__seed1104,tau_0,smap,SMAP_E-7,1104,pending,,
grasp_protocol_v3__tau_0__smap__SMAP_E-8__seed1104,tau_0,smap,SMAP_E-8,1104,pending,,
grasp_protocol_v3__tau_0__smap__SMAP_E-9__seed1104,tau_0,smap,SMAP_E-9,1104,pending,,
grasp_protocol_v3__tau_0__smap__SMAP_F-1__seed1104,tau_0,smap,SMAP_F-1,1104,pending,,
grasp_protocol_v3__tau_0__smap__SMAP_F-2__seed1104,tau_0,smap,SMAP_F-2,1104,pending,,
grasp_protocol_v3__tau_0__smap__SMAP_F-3__seed1104,tau_0,smap,SMAP_F-3,1104,pending,,
grasp_protocol_v3__tau_0__smap__SMAP_G-1__seed1104,tau_0,smap,SMAP_G-1,1104,pending,,
grasp_protocol_v3__tau_0__smap__SMAP_G-2__seed1104,tau_0,smap,SMAP_G-2,1104,pending,,
grasp_protocol_v3__tau_0__smap__SMAP_G-3__seed1104,tau_0,smap,SMAP_G-3,1104,pending,,
grasp_protocol_v3__tau_0__smap__SMAP_G-4__seed1104,tau_0,smap,SMAP_G-4,1104,pending,,
grasp_protocol_v3__tau_0__smap__SMAP_G-6__seed1104,tau_0,smap,SMAP_G-6,1104,pending,,
grasp_protocol_v3__tau_0__smap__SMAP_G-7__seed1104,tau_0,smap,SMAP_G-7,1104,pending,,
grasp_protocol_v3__tau_0__smap__SMAP_P-1__seed1104,tau_0,smap,SMAP_P-1,1104,pending,,
grasp_protocol_v3__tau_0__smap__SMAP_P-2__seed1104,tau_0,smap,SMAP_P-2,1104,pending,,
grasp_protocol_v3__tau_0__smap__SMAP_P-3__seed1104,tau_0,smap,SMAP_P-3,1104,pending,,
grasp_protocol_v3__tau_0__smap__SMAP_P-4__seed1104,tau_0,smap,SMAP_P-4,1104,pending,,
grasp_protocol_v3__tau_0__smap__SMAP_R-1__seed1104,tau_0,smap,SMAP_R-1,1104,pending,,
grasp_protocol_v3__tau_0__smap__SMAP_S-1__seed1104,tau_0,smap,SMAP_S-1,1104,pending,,
grasp_protocol_v3__tau_0__smap__SMAP_T-1__seed1104,tau_0,smap,SMAP_T-1,1104,pending,,
grasp_protocol_v3__tau_0__smap__SMAP_T-2__seed1104,tau_0,smap,SMAP_T-2,1104,pending,,
grasp_protocol_v3__tau_0__smap__SMAP_T-3__seed1104,tau_0,smap,SMAP_T-3,1104,pending,,
grasp_protocol_v3__tau_0p25__smap__SMAP_A-1__seed1104,tau_0p25,smap,SMAP_A-1,1104,pending,,
grasp_protocol_v3__tau_0p25__smap__SMAP_A-2__seed1104,tau_0p25,smap,SMAP_A-2,1104,pending,,
grasp_protocol_v3__tau_0p25__smap__SMAP_A-3__seed1104,tau_0p25,smap,SMAP_A-3,1104,pending,,
grasp_protocol_v3__tau_0p25__smap__SMAP_A-4__seed1104,tau_0p25,smap,SMAP_A-4,1104,pending,,
grasp_protocol_v3__tau_0p25__smap__SMAP_A-5__seed1104,tau_0p25,smap,SMAP_A-5,1104,pending,,
grasp_protocol_v3__tau_0p25__smap__SMAP_A-6__seed1104,tau_0p25,smap,SMAP_A-6,1104,pending,,
grasp_protocol_v3__tau_0p25__smap__SMAP_A-7__seed1104,tau_0p25,smap,SMAP_A-7,1104,pending,,
grasp_protocol_v3__tau_0p25__smap__SMAP_A-8__seed1104,tau_0p25,smap,SMAP_A-8,1104,pending,,
grasp_protocol_v3__tau_0p25__smap__SMAP_A-9__seed1104,tau_0p25,smap,SMAP_A-9,1104,pending,,
grasp_protocol_v3__tau_0p25__smap__SMAP_B-1__seed1104,tau_0p25,smap,SMAP_B-1,1104,pending,,
grasp_protocol_v3__tau_0p25__smap__SMAP_D-11__seed1104,tau_0p25,smap,SMAP_D-11,1104,pending,,
grasp_protocol_v3__tau_0p25__smap__SMAP_D-1__seed1104,tau_0p25,smap,SMAP_D-1,1104,pending,,
grasp_protocol_v3__tau_0p25__smap__SMAP_D-2__seed1104,tau_0p25,smap,SMAP_D-2,1104,pending,,
grasp_protocol_v3__tau_0p25__smap__SMAP_D-3__seed1104,tau_0p25,smap,SMAP_D-3,1104,pending,,
grasp_protocol_v3__tau_0p25__smap__SMAP_D-4__seed1104,tau_0p25,smap,SMAP_D-4,1104,pending,,
grasp_protocol_v3__tau_0p25__smap__SMAP_D-5__seed1104,tau_0p25,smap,SMAP_D-5,1104,pending,,
grasp_protocol_v3__tau_0p25__smap__SMAP_D-6__seed1104,tau_0p25,smap,SMAP_D-6,1104,pending,,
grasp_protocol_v3__tau_0p25__smap__SMAP_D-7__seed1104,tau_0p25,smap,SMAP_D-7,1104,pending,,
grasp_protocol_v3__tau_0p25__smap__SMAP_D-8__seed1104,tau_0p25,smap,SMAP_D-8,1104,pending,,
grasp_protocol_v3__tau_0p25__smap__SMAP_D-9__seed1104,tau_0p25,smap,SMAP_D-9,1104,pending,,
grasp_protocol_v3__tau_0p25__smap__SMAP_E-10__seed1104,tau_0p25,smap,SMAP_E-10,1104,pending,,
grasp_protocol_v3__tau_0p25__smap__SMAP_E-11__seed1104,tau_0p25,smap,SMAP_E-11,1104,pending,,
grasp_protocol_v3__tau_0p25__smap__SMAP_E-12__seed1104,tau_0p25,smap,SMAP_E-12,1104,pending,,
grasp_protocol_v3__tau_0p25__smap__SMAP_E-13__seed1104,tau_0p25,smap,SMAP_E-13,1104,pending,,
grasp_protocol_v3__tau_0p25__smap__SMAP_E-1__seed1104,tau_0p25,smap,SMAP_E-1,1104,pending,,
grasp_protocol_v3__tau_0p25__smap__SMAP_E-2__seed1104,tau_0p25,smap,SMAP_E-2,1104,pending,,
grasp_protocol_v3__tau_0p25__smap__SMAP_E-3__seed1104,tau_0p25,smap,SMAP_E-3,1104,pending,,
grasp_protocol_v3__tau_0p25__smap__SMAP_E-4__seed1104,tau_0p25,smap,SMAP_E-4,1104,pending,,
grasp_protocol_v3__tau_0p25__smap__SMAP_E-5__seed1104,tau_0p25,smap,SMAP_E-5,1104,pending,,
grasp_protocol_v3__tau_0p25__smap__SMAP_E-6__seed1104,tau_0p25,smap,SMAP_E-6,1104,pending,,
grasp_protocol_v3__tau_0p25__smap__SMAP_E-7__seed1104,tau_0p25,smap,SMAP_E-7,1104,pending,,
grasp_protocol_v3__tau_0p25__smap__SMAP_E-8__seed1104,tau_0p25,smap,SMAP_E-8,1104,pending,,
grasp_protocol_v3__tau_0p25__smap__SMAP_E-9__seed1104,tau_0p25,smap,SMAP_E-9,1104,pending,,
grasp_protocol_v3__tau_0p25__smap__SMAP_F-1__seed1104,tau_0p25,smap,SMAP_F-1,1104,pending,,
grasp_protocol_v3__tau_0p25__smap__SMAP_F-2__seed1104,tau_0p25,smap,SMAP_F-2,1104,pending,,
grasp_protocol_v3__tau_0p25__smap__SMAP_F-3__seed1104,tau_0p25,smap,SMAP_F-3,1104,pending,,
grasp_protocol_v3__tau_0p25__smap__SMAP_G-1__seed1104,tau_0p25,smap,SMAP_G-1,1104,pending,,
grasp_protocol_v3__tau_0p25__smap__SMAP_G-2__seed1104,tau_0p25,smap,SMAP_G-2,1104,pending,,
grasp_protocol_v3__tau_0p25__smap__SMAP_G-3__seed1104,tau_0p25,smap,SMAP_G-3,1104,pending,,
grasp_protocol_v3__tau_0p25__smap__SMAP_G-4__seed1104,tau_0p25,smap,SMAP_G-4,1104,pending,,
grasp_protocol_v3__tau_0p25__smap__SMAP_G-6__seed1104,tau_0p25,smap,SMAP_G-6,1104,pending,,
grasp_protocol_v3__tau_0p25__smap__SMAP_G-7__seed1104,tau_0p25,smap,SMAP_G-7,1104,pending,,
grasp_protocol_v3__tau_0p25__smap__SMAP_P-1__seed1104,tau_0p25,smap,SMAP_P-1,1104,pending,,
grasp_protocol_v3__tau_0p25__smap__SMAP_P-2__seed1104,tau_0p25,smap,SMAP_P-2,1104,pending,,
grasp_protocol_v3__tau_0p25__smap__SMAP_P-3__seed1104,tau_0p25,smap,SMAP_P-3,1104,pending,,
grasp_protocol_v3__tau_0p25__smap__SMAP_P-4__seed1104,tau_0p25,smap,SMAP_P-4,1104,pending,,
grasp_protocol_v3__tau_0p25__smap__SMAP_R-1__seed1104,tau_0p25,smap,SMAP_R-1,1104,pending,,
grasp_protocol_v3__tau_0p25__smap__SMAP_S-1__seed1104,tau_0p25,smap,SMAP_S-1,1104,pending,,
grasp_protocol_v3__tau_0p25__smap__SMAP_T-1__seed1104,tau_0p25,smap,SMAP_T-1,1104,pending,,
grasp_protocol_v3__tau_0p25__smap__SMAP_T-2__seed1104,tau_0p25,smap,SMAP_T-2,1104,pending,,
grasp_protocol_v3__tau_0p25__smap__SMAP_T-3__seed1104,tau_0p25,smap,SMAP_T-3,1104,pending,,
grasp_protocol_v3__tau_0p5__smap__SMAP_A-1__seed1104,tau_0p5,smap,SMAP_A-1,1104,pending,,
grasp_protocol_v3__tau_0p5__smap__SMAP_A-2__seed1104,tau_0p5,smap,SMAP_A-2,1104,pending,,
grasp_protocol_v3__tau_0p5__smap__SMAP_A-3__seed1104,tau_0p5,smap,SMAP_A-3,1104,pending,,
grasp_protocol_v3__tau_0p5__smap__SMAP_A-4__seed1104,tau_0p5,smap,SMAP_A-4,1104,pending,,
grasp_protocol_v3__tau_0p5__smap__SMAP_A-5__seed1104,tau_0p5,smap,SMAP_A-5,1104,pending,,
grasp_protocol_v3__tau_0p5__smap__SMAP_A-6__seed1104,tau_0p5,smap,SMAP_A-6,1104,pending,,
grasp_protocol_v3__tau_0p5__smap__SMAP_A-7__seed1104,tau_0p5,smap,SMAP_A-7,1104,pending,,
grasp_protocol_v3__tau_0p5__smap__SMAP_A-8__seed1104,tau_0p5,smap,SMAP_A-8,1104,pending,,
grasp_protocol_v3__tau_0p5__smap__SMAP_A-9__seed1104,tau_0p5,smap,SMAP_A-9,1104,pending,,
grasp_protocol_v3__tau_0p5__smap__SMAP_B-1__seed1104,tau_0p5,smap,SMAP_B-1,1104,pending,,
grasp_protocol_v3__tau_0p5__smap__SMAP_D-11__seed1104,tau_0p5,smap,SMAP_D-11,1104,pending,,
grasp_protocol_v3__tau_0p5__smap__SMAP_D-1__seed1104,tau_0p5,smap,SMAP_D-1,1104,pending,,
grasp_protocol_v3__tau_0p5__smap__SMAP_D-2__seed1104,tau_0p5,smap,SMAP_D-2,1104,pending,,
grasp_protocol_v3__tau_0p5__smap__SMAP_D-3__seed1104,tau_0p5,smap,SMAP_D-3,1104,pending,,
grasp_protocol_v3__tau_0p5__smap__SMAP_D-4__seed1104,tau_0p5,smap,SMAP_D-4,1104,pending,,
grasp_protocol_v3__tau_0p5__smap__SMAP_D-5__seed1104,tau_0p5,smap,SMAP_D-5,1104,pending,,
grasp_protocol_v3__tau_0p5__smap__SMAP_D-6__seed1104,tau_0p5,smap,SMAP_D-6,1104,pending,,
grasp_protocol_v3__tau_0p5__smap__SMAP_D-7__seed1104,tau_0p5,smap,SMAP_D-7,1104,pending,,
grasp_protocol_v3__tau_0p5__smap__SMAP_D-8__seed1104,tau_0p5,smap,SMAP_D-8,1104,pending,,
grasp_protocol_v3__tau_0p5__smap__SMAP_D-9__seed1104,tau_0p5,smap,SMAP_D-9,1104,pending,,
grasp_protocol_v3__tau_0p5__smap__SMAP_E-10__seed1104,tau_0p5,smap,SMAP_E-10,1104,pending,,
grasp_protocol_v3__tau_0p5__smap__SMAP_E-11__seed1104,tau_0p5,smap,SMAP_E-11,1104,pending,,
grasp_protocol_v3__tau_0p5__smap__SMAP_E-12__seed1104,tau_0p5,smap,SMAP_E-12,1104,pending,,
grasp_protocol_v3__tau_0p5__smap__SMAP_E-13__seed1104,tau_0p5,smap,SMAP_E-13,1104,pending,,
grasp_protocol_v3__tau_0p5__smap__SMAP_E-1__seed1104,tau_0p5,smap,SMAP_E-1,1104,pending,,
grasp_protocol_v3__tau_0p5__smap__SMAP_E-2__seed1104,tau_0p5,smap,SMAP_E-2,1104,pending,,
grasp_protocol_v3__tau_0p5__smap__SMAP_E-3__seed1104,tau_0p5,smap,SMAP_E-3,1104,pending,,
grasp_protocol_v3__tau_0p5__smap__SMAP_E-4__seed1104,tau_0p5,smap,SMAP_E-4,1104,pending,,
grasp_protocol_v3__tau_0p5__smap__SMAP_E-5__seed1104,tau_0p5,smap,SMAP_E-5,1104,pending,,
grasp_protocol_v3__tau_0p5__smap__SMAP_E-6__seed1104,tau_0p5,smap,SMAP_E-6,1104,pending,,
grasp_protocol_v3__tau_0p5__smap__SMAP_E-7__seed1104,tau_0p5,smap,SMAP_E-7,1104,pending,,
grasp_protocol_v3__tau_0p5__smap__SMAP_E-8__seed1104,tau_0p5,smap,SMAP_E-8,1104,pending,,
grasp_protocol_v3__tau_0p5__smap__SMAP_E-9__seed1104,tau_0p5,smap,SMAP_E-9,1104,pending,,
grasp_protocol_v3__tau_0p5__smap__SMAP_F-1__seed1104,tau_0p5,smap,SMAP_F-1,1104,pending,,
grasp_protocol_v3__tau_0p5__smap__SMAP_F-2__seed1104,tau_0p5,smap,SMAP_F-2,1104,pending,,
grasp_protocol_v3__tau_0p5__smap__SMAP_F-3__seed1104,tau_0p5,smap,SMAP_F-3,1104,pending,,
grasp_protocol_v3__tau_0p5__smap__SMAP_G-1__seed1104,tau_0p5,smap,SMAP_G-1,1104,pending,,
grasp_protocol_v3__tau_0p5__smap__SMAP_G-2__seed1104,tau_0p5,smap,SMAP_G-2,1104,pending,,
grasp_protocol_v3__tau_0p5__smap__SMAP_G-3__seed1104,tau_0p5,smap,SMAP_G-3,1104,pending,,
grasp_protocol_v3__tau_0p5__smap__SMAP_G-4__seed1104,tau_0p5,smap,SMAP_G-4,1104,pending,,
grasp_protocol_v3__tau_0p5__smap__SMAP_G-6__seed1104,tau_0p5,smap,SMAP_G-6,1104,pending,,
grasp_protocol_v3__tau_0p5__smap__SMAP_G-7__seed1104,tau_0p5,smap,SMAP_G-7,1104,pending,,
grasp_protocol_v3__tau_0p5__smap__SMAP_P-1__seed1104,tau_0p5,smap,SMAP_P-1,1104,pending,,
grasp_protocol_v3__tau_0p5__smap__SMAP_P-2__seed1104,tau_0p5,smap,SMAP_P-2,1104,pending,,
grasp_protocol_v3__tau_0p5__smap__SMAP_P-3__seed1104,tau_0p5,smap,SMAP_P-3,1104,pending,,
grasp_protocol_v3__tau_0p5__smap__SMAP_P-4__seed1104,tau_0p5,smap,SMAP_P-4,1104,pending,,
grasp_protocol_v3__tau_0p5__smap__SMAP_R-1__seed1104,tau_0p5,smap,SMAP_R-1,1104,pending,,
grasp_protocol_v3__tau_0p5__smap__SMAP_S-1__seed1104,tau_0p5,smap,SMAP_S-1,1104,pending,,
grasp_protocol_v3__tau_0p5__smap__SMAP_T-1__seed1104,tau_0p5,smap,SMAP_T-1,1104,pending,,
grasp_protocol_v3__tau_0p5__smap__SMAP_T-2__seed1104,tau_0p5,smap,SMAP_T-2,1104,pending,,
grasp_protocol_v3__tau_0p5__smap__SMAP_T-3__seed1104,tau_0p5,smap,SMAP_T-3,1104,pending,,
grasp_protocol_v3__tau_1__smap__SMAP_A-1__seed1104,tau_1,smap,SMAP_A-1,1104,pending,,
grasp_protocol_v3__tau_1__smap__SMAP_A-2__seed1104,tau_1,smap,SMAP_A-2,1104,pending,,
grasp_protocol_v3__tau_1__smap__SMAP_A-3__seed1104,tau_1,smap,SMAP_A-3,1104,pending,,
grasp_protocol_v3__tau_1__smap__SMAP_A-4__seed1104,tau_1,smap,SMAP_A-4,1104,pending,,
grasp_protocol_v3__tau_1__smap__SMAP_A-5__seed1104,tau_1,smap,SMAP_A-5,1104,pending,,
grasp_protocol_v3__tau_1__smap__SMAP_A-6__seed1104,tau_1,smap,SMAP_A-6,1104,pending,,
grasp_protocol_v3__tau_1__smap__SMAP_A-7__seed1104,tau_1,smap,SMAP_A-7,1104,pending,,
grasp_protocol_v3__tau_1__smap__SMAP_A-8__seed1104,tau_1,smap,SMAP_A-8,1104,pending,,
grasp_protocol_v3__tau_1__smap__SMAP_A-9__seed1104,tau_1,smap,SMAP_A-9,1104,pending,,
grasp_protocol_v3__tau_1__smap__SMAP_B-1__seed1104,tau_1,smap,SMAP_B-1,1104,pending,,
grasp_protocol_v3__tau_1__smap__SMAP_D-11__seed1104,tau_1,smap,SMAP_D-11,1104,pending,,
grasp_protocol_v3__tau_1__smap__SMAP_D-1__seed1104,tau_1,smap,SMAP_D-1,1104,pending,,
grasp_protocol_v3__tau_1__smap__SMAP_D-2__seed1104,tau_1,smap,SMAP_D-2,1104,pending,,
grasp_protocol_v3__tau_1__smap__SMAP_D-3__seed1104,tau_1,smap,SMAP_D-3,1104,pending,,
grasp_protocol_v3__tau_1__smap__SMAP_D-4__seed1104,tau_1,smap,SMAP_D-4,1104,pending,,
grasp_protocol_v3__tau_1__smap__SMAP_D-5__seed1104,tau_1,smap,SMAP_D-5,1104,pending,,
grasp_protocol_v3__tau_1__smap__SMAP_D-6__seed1104,tau_1,smap,SMAP_D-6,1104,pending,,
grasp_protocol_v3__tau_1__smap__SMAP_D-7__seed1104,tau_1,smap,SMAP_D-7,1104,pending,,
grasp_protocol_v3__tau_1__smap__SMAP_D-8__seed1104,tau_1,smap,SMAP_D-8,1104,pending,,
grasp_protocol_v3__tau_1__smap__SMAP_D-9__seed1104,tau_1,smap,SMAP_D-9,1104,pending,,
grasp_protocol_v3__tau_1__smap__SMAP_E-10__seed1104,tau_1,smap,SMAP_E-10,1104,pending,,
grasp_protocol_v3__tau_1__smap__SMAP_E-11__seed1104,tau_1,smap,SMAP_E-11,1104,pending,,
grasp_protocol_v3__tau_1__smap__SMAP_E-12__seed1104,tau_1,smap,SMAP_E-12,1104,pending,,
grasp_protocol_v3__tau_1__smap__SMAP_E-13__seed1104,tau_1,smap,SMAP_E-13,1104,pending,,
grasp_protocol_v3__tau_1__smap__SMAP_E-1__seed1104,tau_1,smap,SMAP_E-1,1104,pending,,
grasp_protocol_v3__tau_1__smap__SMAP_E-2__seed1104,tau_1,smap,SMAP_E-2,1104,pending,,
grasp_protocol_v3__tau_1__smap__SMAP_E-3__seed1104,tau_1,smap,SMAP_E-3,1104,pending,,
grasp_protocol_v3__tau_1__smap__SMAP_E-4__seed1104,tau_1,smap,SMAP_E-4,1104,pending,,
grasp_protocol_v3__tau_1__smap__SMAP_E-5__seed1104,tau_1,smap,SMAP_E-5,1104,pending,,
grasp_protocol_v3__tau_1__smap__SMAP_E-6__seed1104,tau_1,smap,SMAP_E-6,1104,pending,,
grasp_protocol_v3__tau_1__smap__SMAP_E-7__seed1104,tau_1,smap,SMAP_E-7,1104,pending,,
grasp_protocol_v3__tau_1__smap__SMAP_E-8__seed1104,tau_1,smap,SMAP_E-8,1104,pending,,
grasp_protocol_v3__tau_1__smap__SMAP_E-9__seed1104,tau_1,smap,SMAP_E-9,1104,pending,,
grasp_protocol_v3__tau_1__smap__SMAP_F-1__seed1104,tau_1,smap,SMAP_F-1,1104,pending,,
grasp_protocol_v3__tau_1__smap__SMAP_F-2__seed1104,tau_1,smap,SMAP_F-2,1104,pending,,
grasp_protocol_v3__tau_1__smap__SMAP_F-3__seed1104,tau_1,smap,SMAP_F-3,1104,pending,,
grasp_protocol_v3__tau_1__smap__SMAP_G-1__seed1104,tau_1,smap,SMAP_G-1,1104,pending,,
grasp_protocol_v3__tau_1__smap__SMAP_G-2__seed1104,tau_1,smap,SMAP_G-2,1104,pending,,
grasp_protocol_v3__tau_1__smap__SMAP_G-3__seed1104,tau_1,smap,SMAP_G-3,1104,pending,,
grasp_protocol_v3__tau_1__smap__SMAP_G-4__seed1104,tau_1,smap,SMAP_G-4,1104,pending,,
grasp_protocol_v3__tau_1__smap__SMAP_G-6__seed1104,tau_1,smap,SMAP_G-6,1104,pending,,
grasp_protocol_v3__tau_1__smap__SMAP_G-7__seed1104,tau_1,smap,SMAP_G-7,1104,pending,,
grasp_protocol_v3__tau_1__smap__SMAP_P-1__seed1104,tau_1,smap,SMAP_P-1,1104,pending,,
grasp_protocol_v3__tau_1__smap__SMAP_P-2__seed1104,tau_1,smap,SMAP_P-2,1104,pending,,
grasp_protocol_v3__tau_1__smap__SMAP_P-3__seed1104,tau_1,smap,SMAP_P-3,1104,pending,,
grasp_protocol_v3__tau_1__smap__SMAP_P-4__seed1104,tau_1,smap,SMAP_P-4,1104,pending,,
grasp_protocol_v3__tau_1__smap__SMAP_R-1__seed1104,tau_1,smap,SMAP_R-1,1104,pending,,
grasp_protocol_v3__tau_1__smap__SMAP_S-1__seed1104,tau_1,smap,SMAP_S-1,1104,pending,,
grasp_protocol_v3__tau_1__smap__SMAP_T-1__seed1104,tau_1,smap,SMAP_T-1,1104,pending,,
grasp_protocol_v3__tau_1__smap__SMAP_T-2__seed1104,tau_1,smap,SMAP_T-2,1104,pending,,
grasp_protocol_v3__tau_1__smap__SMAP_T-3__seed1104,tau_1,smap,SMAP_T-3,1104,pending,,
grasp_protocol_v3__tau_4__smap__SMAP_A-1__seed1104,tau_4,smap,SMAP_A-1,1104,pending,,
grasp_protocol_v3__tau_4__smap__SMAP_A-2__seed1104,tau_4,smap,SMAP_A-2,1104,pending,,
grasp_protocol_v3__tau_4__smap__SMAP_A-3__seed1104,tau_4,smap,SMAP_A-3,1104,pending,,
grasp_protocol_v3__tau_4__smap__SMAP_A-4__seed1104,tau_4,smap,SMAP_A-4,1104,pending,,
grasp_protocol_v3__tau_4__smap__SMAP_A-5__seed1104,tau_4,smap,SMAP_A-5,1104,pending,,
grasp_protocol_v3__tau_4__smap__SMAP_A-6__seed1104,tau_4,smap,SMAP_A-6,1104,pending,,
grasp_protocol_v3__tau_4__smap__SMAP_A-7__seed1104,tau_4,smap,SMAP_A-7,1104,pending,,
grasp_protocol_v3__tau_4__smap__SMAP_A-8__seed1104,tau_4,smap,SMAP_A-8,1104,pending,,
grasp_protocol_v3__tau_4__smap__SMAP_A-9__seed1104,tau_4,smap,SMAP_A-9,1104,pending,,
grasp_protocol_v3__tau_4__smap__SMAP_B-1__seed1104,tau_4,smap,SMAP_B-1,1104,pending,,
grasp_protocol_v3__tau_4__smap__SMAP_D-11__seed1104,tau_4,smap,SMAP_D-11,1104,pending,,
grasp_protocol_v3__tau_4__smap__SMAP_D-1__seed1104,tau_4,smap,SMAP_D-1,1104,pending,,
grasp_protocol_v3__tau_4__smap__SMAP_D-2__seed1104,tau_4,smap,SMAP_D-2,1104,pending,,
grasp_protocol_v3__tau_4__smap__SMAP_D-3__seed1104,tau_4,smap,SMAP_D-3,1104,pending,,
grasp_protocol_v3__tau_4__smap__SMAP_D-4__seed1104,tau_4,smap,SMAP_D-4,1104,pending,,
grasp_protocol_v3__tau_4__smap__SMAP_D-5__seed1104,tau_4,smap,SMAP_D-5,1104,pending,,
grasp_protocol_v3__tau_4__smap__SMAP_D-6__seed1104,tau_4,smap,SMAP_D-6,1104,pending,,
grasp_protocol_v3__tau_4__smap__SMAP_D-7__seed1104,tau_4,smap,SMAP_D-7,1104,pending,,
grasp_protocol_v3__tau_4__smap__SMAP_D-8__seed1104,tau_4,smap,SMAP_D-8,1104,pending,,
grasp_protocol_v3__tau_4__smap__SMAP_D-9__seed1104,tau_4,smap,SMAP_D-9,1104,pending,,
grasp_protocol_v3__tau_4__smap__SMAP_E-10__seed1104,tau_4,smap,SMAP_E-10,1104,pending,,
grasp_protocol_v3__tau_4__smap__SMAP_E-11__seed1104,tau_4,smap,SMAP_E-11,1104,pending,,
grasp_protocol_v3__tau_4__smap__SMAP_E-12__seed1104,tau_4,smap,SMAP_E-12,1104,pending,,
grasp_protocol_v3__tau_4__smap__SMAP_E-13__seed1104,tau_4,smap,SMAP_E-13,1104,pending,,
grasp_protocol_v3__tau_4__smap__SMAP_E-1__seed1104,tau_4,smap,SMAP_E-1,1104,pending,,
grasp_protocol_v3__tau_4__smap__SMAP_E-2__seed1104,tau_4,smap,SMAP_E-2,1104,pending,,
grasp_protocol_v3__tau_4__smap__SMAP_E-3__seed1104,tau_4,smap,SMAP_E-3,1104,pending,,
grasp_protocol_v3__tau_4__smap__SMAP_E-4__seed1104,tau_4,smap,SMAP_E-4,1104,pending,,
grasp_protocol_v3__tau_4__smap__SMAP_E-5__seed1104,tau_4,smap,SMAP_E-5,1104,pending,,
grasp_protocol_v3__tau_4__smap__SMAP_E-6__seed1104,tau_4,smap,SMAP_E-6,1104,pending,,
grasp_protocol_v3__tau_4__smap__SMAP_E-7__seed1104,tau_4,smap,SMAP_E-7,1104,pending,,
grasp_protocol_v3__tau_4__smap__SMAP_E-8__seed1104,tau_4,smap,SMAP_E-8,1104,pending,,
grasp_protocol_v3__tau_4__smap__SMAP_E-9__seed1104,tau_4,smap,SMAP_E-9,1104,pending,,
grasp_protocol_v3__tau_4__smap__SMAP_F-1__seed1104,tau_4,smap,SMAP_F-1,1104,pending,,
grasp_protocol_v3__tau_4__smap__SMAP_F-2__seed1104,tau_4,smap,SMAP_F-2,1104,pending,,
grasp_protocol_v3__tau_4__smap__SMAP_F-3__seed1104,tau_4,smap,SMAP_F-3,1104,pending,,
grasp_protocol_v3__tau_4__smap__SMAP_G-1__seed1104,tau_4,smap,SMAP_G-1,1104,pending,,
grasp_protocol_v3__tau_4__smap__SMAP_G-2__seed1104,tau_4,smap,SMAP_G-2,1104,pending,,
grasp_protocol_v3__tau_4__smap__SMAP_G-3__seed1104,tau_4,smap,SMAP_G-3,1104,pending,,
grasp_protocol_v3__tau_4__smap__SMAP_G-4__seed1104,tau_4,smap,SMAP_G-4,1104,pending,,
grasp_protocol_v3__tau_4__smap__SMAP_G-6__seed1104,tau_4,smap,SMAP_G-6,1104,pending,,
grasp_protocol_v3__tau_4__smap__SMAP_G-7__seed1104,tau_4,smap,SMAP_G-7,1104,pending,,
grasp_protocol_v3__tau_4__smap__SMAP_P-1__seed1104,tau_4,smap,SMAP_P-1,1104,pending,,
grasp_protocol_v3__tau_4__smap__SMAP_P-2__seed1104,tau_4,smap,SMAP_P-2,1104,pending,,
grasp_protocol_v3__tau_4__smap__SMAP_P-3__seed1104,tau_4,smap,SMAP_P-3,1104,pending,,
grasp_protocol_v3__tau_4__smap__SMAP_P-4__seed1104,tau_4,smap,SMAP_P-4,1104,pending,,
grasp_protocol_v3__tau_4__smap__SMAP_R-1__seed1104,tau_4,smap,SMAP_R-1,1104,pending,,
grasp_protocol_v3__tau_4__smap__SMAP_S-1__seed1104,tau_4,smap,SMAP_S-1,1104,pending,,
grasp_protocol_v3__tau_4__smap__SMAP_T-1__seed1104,tau_4,smap,SMAP_T-1,1104,pending,,
grasp_protocol_v3__tau_4__smap__SMAP_T-2__seed1104,tau_4,smap,SMAP_T-2,1104,pending,,
grasp_protocol_v3__tau_4__smap__SMAP_T-3__seed1104,tau_4,smap,SMAP_T-3,1104,pending,,
grasp_protocol_v3__tau_8__smap__SMAP_A-1__seed1104,tau_8,smap,SMAP_A-1,1104,pending,,
grasp_protocol_v3__tau_8__smap__SMAP_A-2__seed1104,tau_8,smap,SMAP_A-2,1104,pending,,
grasp_protocol_v3__tau_8__smap__SMAP_A-3__seed1104,tau_8,smap,SMAP_A-3,1104,pending,,
grasp_protocol_v3__tau_8__smap__SMAP_A-4__seed1104,tau_8,smap,SMAP_A-4,1104,pending,,
grasp_protocol_v3__tau_8__smap__SMAP_A-5__seed1104,tau_8,smap,SMAP_A-5,1104,pending,,
grasp_protocol_v3__tau_8__smap__SMAP_A-6__seed1104,tau_8,smap,SMAP_A-6,1104,pending,,
grasp_protocol_v3__tau_8__smap__SMAP_A-7__seed1104,tau_8,smap,SMAP_A-7,1104,pending,,
grasp_protocol_v3__tau_8__smap__SMAP_A-8__seed1104,tau_8,smap,SMAP_A-8,1104,pending,,
grasp_protocol_v3__tau_8__smap__SMAP_A-9__seed1104,tau_8,smap,SMAP_A-9,1104,pending,,
grasp_protocol_v3__tau_8__smap__SMAP_B-1__seed1104,tau_8,smap,SMAP_B-1,1104,pending,,
grasp_protocol_v3__tau_8__smap__SMAP_D-11__seed1104,tau_8,smap,SMAP_D-11,1104,pending,,
grasp_protocol_v3__tau_8__smap__SMAP_D-1__seed1104,tau_8,smap,SMAP_D-1,1104,pending,,
grasp_protocol_v3__tau_8__smap__SMAP_D-2__seed1104,tau_8,smap,SMAP_D-2,1104,pending,,
grasp_protocol_v3__tau_8__smap__SMAP_D-3__seed1104,tau_8,smap,SMAP_D-3,1104,pending,,
grasp_protocol_v3__tau_8__smap__SMAP_D-4__seed1104,tau_8,smap,SMAP_D-4,1104,pending,,
grasp_protocol_v3__tau_8__smap__SMAP_D-5__seed1104,tau_8,smap,SMAP_D-5,1104,pending,,
grasp_protocol_v3__tau_8__smap__SMAP_D-6__seed1104,tau_8,smap,SMAP_D-6,1104,pending,,
grasp_protocol_v3__tau_8__smap__SMAP_D-7__seed1104,tau_8,smap,SMAP_D-7,1104,pending,,
grasp_protocol_v3__tau_8__smap__SMAP_D-8__seed1104,tau_8,smap,SMAP_D-8,1104,pending,,
grasp_protocol_v3__tau_8__smap__SMAP_D-9__seed1104,tau_8,smap,SMAP_D-9,1104,pending,,
grasp_protocol_v3__tau_8__smap__SMAP_E-10__seed1104,tau_8,smap,SMAP_E-10,1104,pending,,
grasp_protocol_v3__tau_8__smap__SMAP_E-11__seed1104,tau_8,smap,SMAP_E-11,1104,pending,,
grasp_protocol_v3__tau_8__smap__SMAP_E-12__seed1104,tau_8,smap,SMAP_E-12,1104,pending,,
grasp_protocol_v3__tau_8__smap__SMAP_E-13__seed1104,tau_8,smap,SMAP_E-13,1104,pending,,
grasp_protocol_v3__tau_8__smap__SMAP_E-1__seed1104,tau_8,smap,SMAP_E-1,1104,pending,,
grasp_protocol_v3__tau_8__smap__SMAP_E-2__seed1104,tau_8,smap,SMAP_E-2,1104,pending,,
grasp_protocol_v3__tau_8__smap__SMAP_E-3__seed1104,tau_8,smap,SMAP_E-3,1104,pending,,
grasp_protocol_v3__tau_8__smap__SMAP_E-4__seed1104,tau_8,smap,SMAP_E-4,1104,pending,,
grasp_protocol_v3__tau_8__smap__SMAP_E-5__seed1104,tau_8,smap,SMAP_E-5,1104,pending,,
grasp_protocol_v3__tau_8__smap__SMAP_E-6__seed1104,tau_8,smap,SMAP_E-6,1104,pending,,
grasp_protocol_v3__tau_8__smap__SMAP_E-7__seed1104,tau_8,smap,SMAP_E-7,1104,pending,,
grasp_protocol_v3__tau_8__smap__SMAP_E-8__seed1104,tau_8,smap,SMAP_E-8,1104,pending,,
grasp_protocol_v3__tau_8__smap__SMAP_E-9__seed1104,tau_8,smap,SMAP_E-9,1104,pending,,
grasp_protocol_v3__tau_8__smap__SMAP_F-1__seed1104,tau_8,smap,SMAP_F-1,1104,pending,,
grasp_protocol_v3__tau_8__smap__SMAP_F-2__seed1104,tau_8,smap,SMAP_F-2,1104,pending,,
grasp_protocol_v3__tau_8__smap__SMAP_F-3__seed1104,tau_8,smap,SMAP_F-3,1104,pending,,
grasp_protocol_v3__tau_8__smap__SMAP_G-1__seed1104,tau_8,smap,SMAP_G-1,1104,pending,,
grasp_protocol_v3__tau_8__smap__SMAP_G-2__seed1104,tau_8,smap,SMAP_G-2,1104,pending,,
grasp_protocol_v3__tau_8__smap__SMAP_G-3__seed1104,tau_8,smap,SMAP_G-3,1104,pending,,
grasp_protocol_v3__tau_8__smap__SMAP_G-4__seed1104,tau_8,smap,SMAP_G-4,1104,pending,,
grasp_protocol_v3__tau_8__smap__SMAP_G-6__seed1104,tau_8,smap,SMAP_G-6,1104,pending,,
grasp_protocol_v3__tau_8__smap__SMAP_G-7__seed1104,tau_8,smap,SMAP_G-7,1104,pending,,
grasp_protocol_v3__tau_8__smap__SMAP_P-1__seed1104,tau_8,smap,SMAP_P-1,1104,pending,,
grasp_protocol_v3__tau_8__smap__SMAP_P-2__seed1104,tau_8,smap,SMAP_P-2,1104,pending,,
grasp_protocol_v3__tau_8__smap__SMAP_P-3__seed1104,tau_8,smap,SMAP_P-3,1104,pending,,
grasp_protocol_v3__tau_8__smap__SMAP_P-4__seed1104,tau_8,smap,SMAP_P-4,1104,pending,,
grasp_protocol_v3__tau_8__smap__SMAP_R-1__seed1104,tau_8,smap,SMAP_R-1,1104,pending,,
grasp_protocol_v3__tau_8__smap__SMAP_S-1__seed1104,tau_8,smap,SMAP_S-1,1104,pending,,
grasp_protocol_v3__tau_8__smap__SMAP_T-1__seed1104,tau_8,smap,SMAP_T-1,1104,pending,,
grasp_protocol_v3__tau_8__smap__SMAP_T-2__seed1104,tau_8,smap,SMAP_T-2,1104,pending,,
grasp_protocol_v3__tau_8__smap__SMAP_T-3__seed1104,tau_8,smap,SMAP_T-3,1104,pending,,
grasp_protocol_v3__gnn__smap__SMAP_A-1__seed1105,gnn,smap,SMAP_A-1,1105,pending,,
grasp_protocol_v3__gnn__smap__SMAP_A-2__seed1105,gnn,smap,SMAP_A-2,1105,pending,,
grasp_protocol_v3__gnn__smap__SMAP_A-3__seed1105,gnn,smap,SMAP_A-3,1105,pending,,
grasp_protocol_v3__gnn__smap__SMAP_A-4__seed1105,gnn,smap,SMAP_A-4,1105,pending,,
grasp_protocol_v3__gnn__smap__SMAP_A-5__seed1105,gnn,smap,SMAP_A-5,1105,pending,,
grasp_protocol_v3__gnn__smap__SMAP_A-6__seed1105,gnn,smap,SMAP_A-6,1105,pending,,
grasp_protocol_v3__gnn__smap__SMAP_A-7__seed1105,gnn,smap,SMAP_A-7,1105,pending,,
grasp_protocol_v3__gnn__smap__SMAP_A-8__seed1105,gnn,smap,SMAP_A-8,1105,pending,,
grasp_protocol_v3__gnn__smap__SMAP_A-9__seed1105,gnn,smap,SMAP_A-9,1105,pending,,
grasp_protocol_v3__gnn__smap__SMAP_B-1__seed1105,gnn,smap,SMAP_B-1,1105,pending,,
grasp_protocol_v3__gnn__smap__SMAP_D-11__seed1105,gnn,smap,SMAP_D-11,1105,pending,,
grasp_protocol_v3__gnn__smap__SMAP_D-1__seed1105,gnn,smap,SMAP_D-1,1105,pending,,
grasp_protocol_v3__gnn__smap__SMAP_D-2__seed1105,gnn,smap,SMAP_D-2,1105,pending,,
grasp_protocol_v3__gnn__smap__SMAP_D-3__seed1105,gnn,smap,SMAP_D-3,1105,pending,,
grasp_protocol_v3__gnn__smap__SMAP_D-4__seed1105,gnn,smap,SMAP_D-4,1105,pending,,
grasp_protocol_v3__gnn__smap__SMAP_D-5__seed1105,gnn,smap,SMAP_D-5,1105,pending,,
grasp_protocol_v3__gnn__smap__SMAP_D-6__seed1105,gnn,smap,SMAP_D-6,1105,pending,,
grasp_protocol_v3__gnn__smap__SMAP_D-7__seed1105,gnn,smap,SMAP_D-7,1105,pending,,
grasp_protocol_v3__gnn__smap__SMAP_D-8__seed1105,gnn,smap,SMAP_D-8,1105,pending,,
grasp_protocol_v3__gnn__smap__SMAP_D-9__seed1105,gnn,smap,SMAP_D-9,1105,pending,,
grasp_protocol_v3__gnn__smap__SMAP_E-10__seed1105,gnn,smap,SMAP_E-10,1105,pending,,
grasp_protocol_v3__gnn__smap__SMAP_E-11__seed1105,gnn,smap,SMAP_E-11,1105,pending,,
grasp_protocol_v3__gnn__smap__SMAP_E-12__seed1105,gnn,smap,SMAP_E-12,1105,pending,,
grasp_protocol_v3__gnn__smap__SMAP_E-13__seed1105,gnn,smap,SMAP_E-13,1105,pending,,
grasp_protocol_v3__gnn__smap__SMAP_E-1__seed1105,gnn,smap,SMAP_E-1,1105,pending,,
grasp_protocol_v3__gnn__smap__SMAP_E-2__seed1105,gnn,smap,SMAP_E-2,1105,pending,,
grasp_protocol_v3__gnn__smap__SMAP_E-3__seed1105,gnn,smap,SMAP_E-3,1105,pending,,
grasp_protocol_v3__gnn__smap__SMAP_E-4__seed1105,gnn,smap,SMAP_E-4,1105,pending,,
grasp_protocol_v3__gnn__smap__SMAP_E-5__seed1105,gnn,smap,SMAP_E-5,1105,pending,,
grasp_protocol_v3__gnn__smap__SMAP_E-6__seed1105,gnn,smap,SMAP_E-6,1105,pending,,
grasp_protocol_v3__gnn__smap__SMAP_E-7__seed1105,gnn,smap,SMAP_E-7,1105,pending,,
grasp_protocol_v3__gnn__smap__SMAP_E-8__seed1105,gnn,smap,SMAP_E-8,1105,pending,,
grasp_protocol_v3__gnn__smap__SMAP_E-9__seed1105,gnn,smap,SMAP_E-9,1105,pending,,
grasp_protocol_v3__gnn__smap__SMAP_F-1__seed1105,gnn,smap,SMAP_F-1,1105,pending,,
grasp_protocol_v3__gnn__smap__SMAP_F-2__seed1105,gnn,smap,SMAP_F-2,1105,pending,,
grasp_protocol_v3__gnn__smap__SMAP_F-3__seed1105,gnn,smap,SMAP_F-3,1105,pending,,
grasp_protocol_v3__gnn__smap__SMAP_G-1__seed1105,gnn,smap,SMAP_G-1,1105,pending,,
grasp_protocol_v3__gnn__smap__SMAP_G-2__seed1105,gnn,smap,SMAP_G-2,1105,pending,,
grasp_protocol_v3__gnn__smap__SMAP_G-3__seed1105,gnn,smap,SMAP_G-3,1105,pending,,
grasp_protocol_v3__gnn__smap__SMAP_G-4__seed1105,gnn,smap,SMAP_G-4,1105,pending,,
grasp_protocol_v3__gnn__smap__SMAP_G-6__seed1105,gnn,smap,SMAP_G-6,1105,pending,,
grasp_protocol_v3__gnn__smap__SMAP_G-7__seed1105,gnn,smap,SMAP_G-7,1105,pending,,
grasp_protocol_v3__gnn__smap__SMAP_P-1__seed1105,gnn,smap,SMAP_P-1,1105,pending,,
grasp_protocol_v3__gnn__smap__SMAP_P-2__seed1105,gnn,smap,SMAP_P-2,1105,pending,,
grasp_protocol_v3__gnn__smap__SMAP_P-3__seed1105,gnn,smap,SMAP_P-3,1105,pending,,
grasp_protocol_v3__gnn__smap__SMAP_P-4__seed1105,gnn,smap,SMAP_P-4,1105,pending,,
grasp_protocol_v3__gnn__smap__SMAP_R-1__seed1105,gnn,smap,SMAP_R-1,1105,pending,,
grasp_protocol_v3__gnn__smap__SMAP_S-1__seed1105,gnn,smap,SMAP_S-1,1105,pending,,
grasp_protocol_v3__gnn__smap__SMAP_T-1__seed1105,gnn,smap,SMAP_T-1,1105,pending,,
grasp_protocol_v3__gnn__smap__SMAP_T-2__seed1105,gnn,smap,SMAP_T-2,1105,pending,,
grasp_protocol_v3__gnn__smap__SMAP_T-3__seed1105,gnn,smap,SMAP_T-3,1105,pending,,
grasp_protocol_v3__main__smap__SMAP_A-1__seed1105,main,smap,SMAP_A-1,1105,pending,,
grasp_protocol_v3__main__smap__SMAP_A-2__seed1105,main,smap,SMAP_A-2,1105,pending,,
grasp_protocol_v3__main__smap__SMAP_A-3__seed1105,main,smap,SMAP_A-3,1105,pending,,
grasp_protocol_v3__main__smap__SMAP_A-4__seed1105,main,smap,SMAP_A-4,1105,pending,,
grasp_protocol_v3__main__smap__SMAP_A-5__seed1105,main,smap,SMAP_A-5,1105,pending,,
grasp_protocol_v3__main__smap__SMAP_A-6__seed1105,main,smap,SMAP_A-6,1105,pending,,
grasp_protocol_v3__main__smap__SMAP_A-7__seed1105,main,smap,SMAP_A-7,1105,pending,,
grasp_protocol_v3__main__smap__SMAP_A-8__seed1105,main,smap,SMAP_A-8,1105,pending,,
grasp_protocol_v3__main__smap__SMAP_A-9__seed1105,main,smap,SMAP_A-9,1105,pending,,
grasp_protocol_v3__main__smap__SMAP_B-1__seed1105,main,smap,SMAP_B-1,1105,pending,,
grasp_protocol_v3__main__smap__SMAP_D-11__seed1105,main,smap,SMAP_D-11,1105,pending,,
grasp_protocol_v3__main__smap__SMAP_D-1__seed1105,main,smap,SMAP_D-1,1105,pending,,
grasp_protocol_v3__main__smap__SMAP_D-2__seed1105,main,smap,SMAP_D-2,1105,pending,,
grasp_protocol_v3__main__smap__SMAP_D-3__seed1105,main,smap,SMAP_D-3,1105,pending,,
grasp_protocol_v3__main__smap__SMAP_D-4__seed1105,main,smap,SMAP_D-4,1105,pending,,
grasp_protocol_v3__main__smap__SMAP_D-5__seed1105,main,smap,SMAP_D-5,1105,pending,,
grasp_protocol_v3__main__smap__SMAP_D-6__seed1105,main,smap,SMAP_D-6,1105,pending,,
grasp_protocol_v3__main__smap__SMAP_D-7__seed1105,main,smap,SMAP_D-7,1105,pending,,
grasp_protocol_v3__main__smap__SMAP_D-8__seed1105,main,smap,SMAP_D-8,1105,pending,,
grasp_protocol_v3__main__smap__SMAP_D-9__seed1105,main,smap,SMAP_D-9,1105,pending,,
grasp_protocol_v3__main__smap__SMAP_E-10__seed1105,main,smap,SMAP_E-10,1105,pending,,
grasp_protocol_v3__main__smap__SMAP_E-11__seed1105,main,smap,SMAP_E-11,1105,pending,,
grasp_protocol_v3__main__smap__SMAP_E-12__seed1105,main,smap,SMAP_E-12,1105,pending,,
grasp_protocol_v3__main__smap__SMAP_E-13__seed1105,main,smap,SMAP_E-13,1105,pending,,
grasp_protocol_v3__main__smap__SMAP_E-1__seed1105,main,smap,SMAP_E-1,1105,pending,,
grasp_protocol_v3__main__smap__SMAP_E-2__seed1105,main,smap,SMAP_E-2,1105,pending,,
grasp_protocol_v3__main__smap__SMAP_E-3__seed1105,main,smap,SMAP_E-3,1105,pending,,
grasp_protocol_v3__main__smap__SMAP_E-4__seed1105,main,smap,SMAP_E-4,1105,pending,,
grasp_protocol_v3__main__smap__SMAP_E-5__seed1105,main,smap,SMAP_E-5,1105,pending,,
grasp_protocol_v3__main__smap__SMAP_E-6__seed1105,main,smap,SMAP_E-6,1105,pending,,
grasp_protocol_v3__main__smap__SMAP_E-7__seed1105,main,smap,SMAP_E-7,1105,pending,,
grasp_protocol_v3__main__smap__SMAP_E-8__seed1105,main,smap,SMAP_E-8,1105,pending,,
grasp_protocol_v3__main__smap__SMAP_E-9__seed1105,main,smap,SMAP_E-9,1105,pending,,
grasp_protocol_v3__main__smap__SMAP_F-1__seed1105,main,smap,SMAP_F-1,1105,pending,,
grasp_protocol_v3__main__smap__SMAP_F-2__seed1105,main,smap,SMAP_F-2,1105,pending,,
grasp_protocol_v3__main__smap__SMAP_F-3__seed1105,main,smap,SMAP_F-3,1105,pending,,
grasp_protocol_v3__main__smap__SMAP_G-1__seed1105,main,smap,SMAP_G-1,1105,pending,,
grasp_protocol_v3__main__smap__SMAP_G-2__seed1105,main,smap,SMAP_G-2,1105,pending,,
grasp_protocol_v3__main__smap__SMAP_G-3__seed1105,main,smap,SMAP_G-3,1105,pending,,
grasp_protocol_v3__main__smap__SMAP_G-4__seed1105,main,smap,SMAP_G-4,1105,pending,,
grasp_protocol_v3__main__smap__SMAP_G-6__seed1105,main,smap,SMAP_G-6,1105,pending,,
grasp_protocol_v3__main__smap__SMAP_G-7__seed1105,main,smap,SMAP_G-7,1105,pending,,
grasp_protocol_v3__main__smap__SMAP_P-1__seed1105,main,smap,SMAP_P-1,1105,pending,,
grasp_protocol_v3__main__smap__SMAP_P-2__seed1105,main,smap,SMAP_P-2,1105,pending,,
grasp_protocol_v3__main__smap__SMAP_P-3__seed1105,main,smap,SMAP_P-3,1105,pending,,
grasp_protocol_v3__main__smap__SMAP_P-4__seed1105,main,smap,SMAP_P-4,1105,pending,,
grasp_protocol_v3__main__smap__SMAP_R-1__seed1105,main,smap,SMAP_R-1,1105,pending,,
grasp_protocol_v3__main__smap__SMAP_S-1__seed1105,main,smap,SMAP_S-1,1105,pending,,
grasp_protocol_v3__main__smap__SMAP_T-1__seed1105,main,smap,SMAP_T-1,1105,pending,,
grasp_protocol_v3__main__smap__SMAP_T-2__seed1105,main,smap,SMAP_T-2,1105,pending,,
grasp_protocol_v3__main__smap__SMAP_T-3__seed1105,main,smap,SMAP_T-3,1105,pending,,
grasp_protocol_v3__transformer__smap__SMAP_A-1__seed1105,transformer,smap,SMAP_A-1,1105,pending,,
grasp_protocol_v3__transformer__smap__SMAP_A-2__seed1105,transformer,smap,SMAP_A-2,1105,pending,,
grasp_protocol_v3__transformer__smap__SMAP_A-3__seed1105,transformer,smap,SMAP_A-3,1105,pending,,
grasp_protocol_v3__transformer__smap__SMAP_A-4__seed1105,transformer,smap,SMAP_A-4,1105,pending,,
grasp_protocol_v3__transformer__smap__SMAP_A-5__seed1105,transformer,smap,SMAP_A-5,1105,pending,,
grasp_protocol_v3__transformer__smap__SMAP_A-6__seed1105,transformer,smap,SMAP_A-6,1105,pending,,
grasp_protocol_v3__transformer__smap__SMAP_A-7__seed1105,transformer,smap,SMAP_A-7,1105,pending,,
grasp_protocol_v3__transformer__smap__SMAP_A-8__seed1105,transformer,smap,SMAP_A-8,1105,pending,,
grasp_protocol_v3__transformer__smap__SMAP_A-9__seed1105,transformer,smap,SMAP_A-9,1105,pending,,
grasp_protocol_v3__transformer__smap__SMAP_B-1__seed1105,transformer,smap,SMAP_B-1,1105,pending,,
grasp_protocol_v3__transformer__smap__SMAP_D-11__seed1105,transformer,smap,SMAP_D-11,1105,pending,,
grasp_protocol_v3__transformer__smap__SMAP_D-1__seed1105,transformer,smap,SMAP_D-1,1105,pending,,
grasp_protocol_v3__transformer__smap__SMAP_D-2__seed1105,transformer,smap,SMAP_D-2,1105,pending,,
grasp_protocol_v3__transformer__smap__SMAP_D-3__seed1105,transformer,smap,SMAP_D-3,1105,pending,,
grasp_protocol_v3__transformer__smap__SMAP_D-4__seed1105,transformer,smap,SMAP_D-4,1105,pending,,
grasp_protocol_v3__transformer__smap__SMAP_D-5__seed1105,transformer,smap,SMAP_D-5,1105,pending,,
grasp_protocol_v3__transformer__smap__SMAP_D-6__seed1105,transformer,smap,SMAP_D-6,1105,pending,,
grasp_protocol_v3__transformer__smap__SMAP_D-7__seed1105,transformer,smap,SMAP_D-7,1105,pending,,
grasp_protocol_v3__transformer__smap__SMAP_D-8__seed1105,transformer,smap,SMAP_D-8,1105,pending,,
grasp_protocol_v3__transformer__smap__SMAP_D-9__seed1105,transformer,smap,SMAP_D-9,1105,pending,,
grasp_protocol_v3__transformer__smap__SMAP_E-10__seed1105,transformer,smap,SMAP_E-10,1105,pending,,
grasp_protocol_v3__transformer__smap__SMAP_E-11__seed1105,transformer,smap,SMAP_E-11,1105,pending,,
grasp_protocol_v3__transformer__smap__SMAP_E-12__seed1105,transformer,smap,SMAP_E-12,1105,pending,,
grasp_protocol_v3__transformer__smap__SMAP_E-13__seed1105,transformer,smap,SMAP_E-13,1105,pending,,
grasp_protocol_v3__transformer__smap__SMAP_E-1__seed1105,transformer,smap,SMAP_E-1,1105,pending,,
grasp_protocol_v3__transformer__smap__SMAP_E-2__seed1105,transformer,smap,SMAP_E-2,1105,pending,,
grasp_protocol_v3__transformer__smap__SMAP_E-3__seed1105,transformer,smap,SMAP_E-3,1105,pending,,
grasp_protocol_v3__transformer__smap__SMAP_E-4__seed1105,transformer,smap,SMAP_E-4,1105,pending,,
grasp_protocol_v3__transformer__smap__SMAP_E-5__seed1105,transformer,smap,SMAP_E-5,1105,pending,,
grasp_protocol_v3__transformer__smap__SMAP_E-6__seed1105,transformer,smap,SMAP_E-6,1105,pending,,
grasp_protocol_v3__transformer__smap__SMAP_E-7__seed1105,transformer,smap,SMAP_E-7,1105,pending,,
grasp_protocol_v3__transformer__smap__SMAP_E-8__seed1105,transformer,smap,SMAP_E-8,1105,pending,,
grasp_protocol_v3__transformer__smap__SMAP_E-9__seed1105,transformer,smap,SMAP_E-9,1105,pending,,
grasp_protocol_v3__transformer__smap__SMAP_F-1__seed1105,transformer,smap,SMAP_F-1,1105,pending,,
grasp_protocol_v3__transformer__smap__SMAP_F-2__seed1105,transformer,smap,SMAP_F-2,1105,pending,,
grasp_protocol_v3__transformer__smap__SMAP_F-3__seed1105,transformer,smap,SMAP_F-3,1105,pending,,
grasp_protocol_v3__transformer__smap__SMAP_G-1__seed1105,transformer,smap,SMAP_G-1,1105,pending,,
grasp_protocol_v3__transformer__smap__SMAP_G-2__seed1105,transformer,smap,SMAP_G-2,1105,pending,,
grasp_protocol_v3__transformer__smap__SMAP_G-3__seed1105,transformer,smap,SMAP_G-3,1105,pending,,
grasp_protocol_v3__transformer__smap__SMAP_G-4__seed1105,transformer,smap,SMAP_G-4,1105,pending,,
grasp_protocol_v3__transformer__smap__SMAP_G-6__seed1105,transformer,smap,SMAP_G-6,1105,pending,,
grasp_protocol_v3__transformer__smap__SMAP_G-7__seed1105,transformer,smap,SMAP_G-7,1105,pending,,
grasp_protocol_v3__transformer__smap__SMAP_P-1__seed1105,transformer,smap,SMAP_P-1,1105,pending,,
grasp_protocol_v3__transformer__smap__SMAP_P-2__seed1105,transformer,smap,SMAP_P-2,1105,pending,,
grasp_protocol_v3__transformer__smap__SMAP_P-3__seed1105,transformer,smap,SMAP_P-3,1105,pending,,
grasp_protocol_v3__transformer__smap__SMAP_P-4__seed1105,transformer,smap,SMAP_P-4,1105,pending,,
grasp_protocol_v3__transformer__smap__SMAP_R-1__seed1105,transformer,smap,SMAP_R-1,1105,pending,,
grasp_protocol_v3__transformer__smap__SMAP_S-1__seed1105,transformer,smap,SMAP_S-1,1105,pending,,
grasp_protocol_v3__transformer__smap__SMAP_T-1__seed1105,transformer,smap,SMAP_T-1,1105,pending,,
grasp_protocol_v3__transformer__smap__SMAP_T-2__seed1105,transformer,smap,SMAP_T-2,1105,pending,,
grasp_protocol_v3__transformer__smap__SMAP_T-3__seed1105,transformer,smap,SMAP_T-3,1105,pending,,
grasp_protocol_v3__mean__smap__SMAP_A-1__seed1105,mean,smap,SMAP_A-1,1105,pending,,
grasp_protocol_v3__mean__smap__SMAP_A-2__seed1105,mean,smap,SMAP_A-2,1105,pending,,
grasp_protocol_v3__mean__smap__SMAP_A-3__seed1105,mean,smap,SMAP_A-3,1105,pending,,
grasp_protocol_v3__mean__smap__SMAP_A-4__seed1105,mean,smap,SMAP_A-4,1105,pending,,
grasp_protocol_v3__mean__smap__SMAP_A-5__seed1105,mean,smap,SMAP_A-5,1105,pending,,
grasp_protocol_v3__mean__smap__SMAP_A-6__seed1105,mean,smap,SMAP_A-6,1105,pending,,
grasp_protocol_v3__mean__smap__SMAP_A-7__seed1105,mean,smap,SMAP_A-7,1105,pending,,
grasp_protocol_v3__mean__smap__SMAP_A-8__seed1105,mean,smap,SMAP_A-8,1105,pending,,
grasp_protocol_v3__mean__smap__SMAP_A-9__seed1105,mean,smap,SMAP_A-9,1105,pending,,
grasp_protocol_v3__mean__smap__SMAP_B-1__seed1105,mean,smap,SMAP_B-1,1105,pending,,
grasp_protocol_v3__mean__smap__SMAP_D-11__seed1105,mean,smap,SMAP_D-11,1105,pending,,
grasp_protocol_v3__mean__smap__SMAP_D-1__seed1105,mean,smap,SMAP_D-1,1105,pending,,
grasp_protocol_v3__mean__smap__SMAP_D-2__seed1105,mean,smap,SMAP_D-2,1105,pending,,
grasp_protocol_v3__mean__smap__SMAP_D-3__seed1105,mean,smap,SMAP_D-3,1105,pending,,
grasp_protocol_v3__mean__smap__SMAP_D-4__seed1105,mean,smap,SMAP_D-4,1105,pending,,
grasp_protocol_v3__mean__smap__SMAP_D-5__seed1105,mean,smap,SMAP_D-5,1105,pending,,
grasp_protocol_v3__mean__smap__SMAP_D-6__seed1105,mean,smap,SMAP_D-6,1105,pending,,
grasp_protocol_v3__mean__smap__SMAP_D-7__seed1105,mean,smap,SMAP_D-7,1105,pending,,
grasp_protocol_v3__mean__smap__SMAP_D-8__seed1105,mean,smap,SMAP_D-8,1105,pending,,
grasp_protocol_v3__mean__smap__SMAP_D-9__seed1105,mean,smap,SMAP_D-9,1105,pending,,
grasp_protocol_v3__mean__smap__SMAP_E-10__seed1105,mean,smap,SMAP_E-10,1105,pending,,
grasp_protocol_v3__mean__smap__SMAP_E-11__seed1105,mean,smap,SMAP_E-11,1105,pending,,
grasp_protocol_v3__mean__smap__SMAP_E-12__seed1105,mean,smap,SMAP_E-12,1105,pending,,
grasp_protocol_v3__mean__smap__SMAP_E-13__seed1105,mean,smap,SMAP_E-13,1105,pending,,
grasp_protocol_v3__mean__smap__SMAP_E-1__seed1105,mean,smap,SMAP_E-1,1105,pending,,
grasp_protocol_v3__mean__smap__SMAP_E-2__seed1105,mean,smap,SMAP_E-2,1105,pending,,
grasp_protocol_v3__mean__smap__SMAP_E-3__seed1105,mean,smap,SMAP_E-3,1105,pending,,
grasp_protocol_v3__mean__smap__SMAP_E-4__seed1105,mean,smap,SMAP_E-4,1105,pending,,
grasp_protocol_v3__mean__smap__SMAP_E-5__seed1105,mean,smap,SMAP_E-5,1105,pending,,
grasp_protocol_v3__mean__smap__SMAP_E-6__seed1105,mean,smap,SMAP_E-6,1105,pending,,
grasp_protocol_v3__mean__smap__SMAP_E-7__seed1105,mean,smap,SMAP_E-7,1105,pending,,
grasp_protocol_v3__mean__smap__SMAP_E-8__seed1105,mean,smap,SMAP_E-8,1105,pending,,
grasp_protocol_v3__mean__smap__SMAP_E-9__seed1105,mean,smap,SMAP_E-9,1105,pending,,
grasp_protocol_v3__mean__smap__SMAP_F-1__seed1105,mean,smap,SMAP_F-1,1105,pending,,
grasp_protocol_v3__mean__smap__SMAP_F-2__seed1105,mean,smap,SMAP_F-2,1105,pending,,
grasp_protocol_v3__mean__smap__SMAP_F-3__seed1105,mean,smap,SMAP_F-3,1105,pending,,
grasp_protocol_v3__mean__smap__SMAP_G-1__seed1105,mean,smap,SMAP_G-1,1105,pending,,
grasp_protocol_v3__mean__smap__SMAP_G-2__seed1105,mean,smap,SMAP_G-2,1105,pending,,
grasp_protocol_v3__mean__smap__SMAP_G-3__seed1105,mean,smap,SMAP_G-3,1105,pending,,
grasp_protocol_v3__mean__smap__SMAP_G-4__seed1105,mean,smap,SMAP_G-4,1105,pending,,
grasp_protocol_v3__mean__smap__SMAP_G-6__seed1105,mean,smap,SMAP_G-6,1105,pending,,
grasp_protocol_v3__mean__smap__SMAP_G-7__seed1105,mean,smap,SMAP_G-7,1105,pending,,
grasp_protocol_v3__mean__smap__SMAP_P-1__seed1105,mean,smap,SMAP_P-1,1105,pending,,
grasp_protocol_v3__mean__smap__SMAP_P-2__seed1105,mean,smap,SMAP_P-2,1105,pending,,
grasp_protocol_v3__mean__smap__SMAP_P-3__seed1105,mean,smap,SMAP_P-3,1105,pending,,
grasp_protocol_v3__mean__smap__SMAP_P-4__seed1105,mean,smap,SMAP_P-4,1105,pending,,
grasp_protocol_v3__mean__smap__SMAP_R-1__seed1105,mean,smap,SMAP_R-1,1105,pending,,
grasp_protocol_v3__mean__smap__SMAP_S-1__seed1105,mean,smap,SMAP_S-1,1105,pending,,
grasp_protocol_v3__mean__smap__SMAP_T-1__seed1105,mean,smap,SMAP_T-1,1105,pending,,
grasp_protocol_v3__mean__smap__SMAP_T-2__seed1105,mean,smap,SMAP_T-2,1105,pending,,
grasp_protocol_v3__mean__smap__SMAP_T-3__seed1105,mean,smap,SMAP_T-3,1105,pending,,
grasp_protocol_v3__er__smap__SMAP_A-1__seed1105,er,smap,SMAP_A-1,1105,pending,,
grasp_protocol_v3__er__smap__SMAP_A-2__seed1105,er,smap,SMAP_A-2,1105,pending,,
grasp_protocol_v3__er__smap__SMAP_A-3__seed1105,er,smap,SMAP_A-3,1105,pending,,
grasp_protocol_v3__er__smap__SMAP_A-4__seed1105,er,smap,SMAP_A-4,1105,pending,,
grasp_protocol_v3__er__smap__SMAP_A-5__seed1105,er,smap,SMAP_A-5,1105,pending,,
grasp_protocol_v3__er__smap__SMAP_A-6__seed1105,er,smap,SMAP_A-6,1105,pending,,
grasp_protocol_v3__er__smap__SMAP_A-7__seed1105,er,smap,SMAP_A-7,1105,pending,,
grasp_protocol_v3__er__smap__SMAP_A-8__seed1105,er,smap,SMAP_A-8,1105,pending,,
grasp_protocol_v3__er__smap__SMAP_A-9__seed1105,er,smap,SMAP_A-9,1105,pending,,
grasp_protocol_v3__er__smap__SMAP_B-1__seed1105,er,smap,SMAP_B-1,1105,pending,,
grasp_protocol_v3__er__smap__SMAP_D-11__seed1105,er,smap,SMAP_D-11,1105,pending,,
grasp_protocol_v3__er__smap__SMAP_D-1__seed1105,er,smap,SMAP_D-1,1105,pending,,
grasp_protocol_v3__er__smap__SMAP_D-2__seed1105,er,smap,SMAP_D-2,1105,pending,,
grasp_protocol_v3__er__smap__SMAP_D-3__seed1105,er,smap,SMAP_D-3,1105,pending,,
grasp_protocol_v3__er__smap__SMAP_D-4__seed1105,er,smap,SMAP_D-4,1105,pending,,
grasp_protocol_v3__er__smap__SMAP_D-5__seed1105,er,smap,SMAP_D-5,1105,pending,,
grasp_protocol_v3__er__smap__SMAP_D-6__seed1105,er,smap,SMAP_D-6,1105,pending,,
grasp_protocol_v3__er__smap__SMAP_D-7__seed1105,er,smap,SMAP_D-7,1105,pending,,
grasp_protocol_v3__er__smap__SMAP_D-8__seed1105,er,smap,SMAP_D-8,1105,pending,,
grasp_protocol_v3__er__smap__SMAP_D-9__seed1105,er,smap,SMAP_D-9,1105,pending,,
grasp_protocol_v3__er__smap__SMAP_E-10__seed1105,er,smap,SMAP_E-10,1105,pending,,
grasp_protocol_v3__er__smap__SMAP_E-11__seed1105,er,smap,SMAP_E-11,1105,pending,,
grasp_protocol_v3__er__smap__SMAP_E-12__seed1105,er,smap,SMAP_E-12,1105,pending,,
grasp_protocol_v3__er__smap__SMAP_E-13__seed1105,er,smap,SMAP_E-13,1105,pending,,
grasp_protocol_v3__er__smap__SMAP_E-1__seed1105,er,smap,SMAP_E-1,1105,pending,,
grasp_protocol_v3__er__smap__SMAP_E-2__seed1105,er,smap,SMAP_E-2,1105,pending,,
grasp_protocol_v3__er__smap__SMAP_E-3__seed1105,er,smap,SMAP_E-3,1105,pending,,
grasp_protocol_v3__er__smap__SMAP_E-4__seed1105,er,smap,SMAP_E-4,1105,pending,,
grasp_protocol_v3__er__smap__SMAP_E-5__seed1105,er,smap,SMAP_E-5,1105,pending,,
grasp_protocol_v3__er__smap__SMAP_E-6__seed1105,er,smap,SMAP_E-6,1105,pending,,
grasp_protocol_v3__er__smap__SMAP_E-7__seed1105,er,smap,SMAP_E-7,1105,pending,,
grasp_protocol_v3__er__smap__SMAP_E-8__seed1105,er,smap,SMAP_E-8,1105,pending,,
grasp_protocol_v3__er__smap__SMAP_E-9__seed1105,er,smap,SMAP_E-9,1105,pending,,
grasp_protocol_v3__er__smap__SMAP_F-1__seed1105,er,smap,SMAP_F-1,1105,pending,,
grasp_protocol_v3__er__smap__SMAP_F-2__seed1105,er,smap,SMAP_F-2,1105,pending,,
grasp_protocol_v3__er__smap__SMAP_F-3__seed1105,er,smap,SMAP_F-3,1105,pending,,
grasp_protocol_v3__er__smap__SMAP_G-1__seed1105,er,smap,SMAP_G-1,1105,pending,,
grasp_protocol_v3__er__smap__SMAP_G-2__seed1105,er,smap,SMAP_G-2,1105,pending,,
grasp_protocol_v3__er__smap__SMAP_G-3__seed1105,er,smap,SMAP_G-3,1105,pending,,
grasp_protocol_v3__er__smap__SMAP_G-4__seed1105,er,smap,SMAP_G-4,1105,pending,,
grasp_protocol_v3__er__smap__SMAP_G-6__seed1105,er,smap,SMAP_G-6,1105,pending,,
grasp_protocol_v3__er__smap__SMAP_G-7__seed1105,er,smap,SMAP_G-7,1105,pending,,
grasp_protocol_v3__er__smap__SMAP_P-1__seed1105,er,smap,SMAP_P-1,1105,pending,,
grasp_protocol_v3__er__smap__SMAP_P-2__seed1105,er,smap,SMAP_P-2,1105,pending,,
grasp_protocol_v3__er__smap__SMAP_P-3__seed1105,er,smap,SMAP_P-3,1105,pending,,
grasp_protocol_v3__er__smap__SMAP_P-4__seed1105,er,smap,SMAP_P-4,1105,pending,,
grasp_protocol_v3__er__smap__SMAP_R-1__seed1105,er,smap,SMAP_R-1,1105,pending,,
grasp_protocol_v3__er__smap__SMAP_S-1__seed1105,er,smap,SMAP_S-1,1105,pending,,
grasp_protocol_v3__er__smap__SMAP_T-1__seed1105,er,smap,SMAP_T-1,1105,pending,,
grasp_protocol_v3__er__smap__SMAP_T-2__seed1105,er,smap,SMAP_T-2,1105,pending,,
grasp_protocol_v3__er__smap__SMAP_T-3__seed1105,er,smap,SMAP_T-3,1105,pending,,
grasp_protocol_v3__lin__smap__SMAP_A-1__seed1105,lin,smap,SMAP_A-1,1105,pending,,
grasp_protocol_v3__lin__smap__SMAP_A-2__seed1105,lin,smap,SMAP_A-2,1105,pending,,
grasp_protocol_v3__lin__smap__SMAP_A-3__seed1105,lin,smap,SMAP_A-3,1105,pending,,
grasp_protocol_v3__lin__smap__SMAP_A-4__seed1105,lin,smap,SMAP_A-4,1105,pending,,
grasp_protocol_v3__lin__smap__SMAP_A-5__seed1105,lin,smap,SMAP_A-5,1105,pending,,
grasp_protocol_v3__lin__smap__SMAP_A-6__seed1105,lin,smap,SMAP_A-6,1105,pending,,
grasp_protocol_v3__lin__smap__SMAP_A-7__seed1105,lin,smap,SMAP_A-7,1105,pending,,
grasp_protocol_v3__lin__smap__SMAP_A-8__seed1105,lin,smap,SMAP_A-8,1105,pending,,
grasp_protocol_v3__lin__smap__SMAP_A-9__seed1105,lin,smap,SMAP_A-9,1105,pending,,
grasp_protocol_v3__lin__smap__SMAP_B-1__seed1105,lin,smap,SMAP_B-1,1105,pending,,
grasp_protocol_v3__lin__smap__SMAP_D-11__seed1105,lin,smap,SMAP_D-11,1105,pending,,
grasp_protocol_v3__lin__smap__SMAP_D-1__seed1105,lin,smap,SMAP_D-1,1105,pending,,
grasp_protocol_v3__lin__smap__SMAP_D-2__seed1105,lin,smap,SMAP_D-2,1105,pending,,
grasp_protocol_v3__lin__smap__SMAP_D-3__seed1105,lin,smap,SMAP_D-3,1105,pending,,
grasp_protocol_v3__lin__smap__SMAP_D-4__seed1105,lin,smap,SMAP_D-4,1105,pending,,
grasp_protocol_v3__lin__smap__SMAP_D-5__seed1105,lin,smap,SMAP_D-5,1105,pending,,
grasp_protocol_v3__lin__smap__SMAP_D-6__seed1105,lin,smap,SMAP_D-6,1105,pending,,
grasp_protocol_v3__lin__smap__SMAP_D-7__seed1105,lin,smap,SMAP_D-7,1105,pending,,
grasp_protocol_v3__lin__smap__SMAP_D-8__seed1105,lin,smap,SMAP_D-8,1105,pending,,
grasp_protocol_v3__lin__smap__SMAP_D-9__seed1105,lin,smap,SMAP_D-9,1105,pending,,
grasp_protocol_v3__lin__smap__SMAP_E-10__seed1105,lin,smap,SMAP_E-10,1105,pending,,
grasp_protocol_v3__lin__smap__SMAP_E-11__seed1105,lin,smap,SMAP_E-11,1105,pending,,
grasp_protocol_v3__lin__smap__SMAP_E-12__seed1105,lin,smap,SMAP_E-12,1105,pending,,
grasp_protocol_v3__lin__smap__SMAP_E-13__seed1105,lin,smap,SMAP_E-13,1105,pending,,
grasp_protocol_v3__lin__smap__SMAP_E-1__seed1105,lin,smap,SMAP_E-1,1105,pending,,
grasp_protocol_v3__lin__smap__SMAP_E-2__seed1105,lin,smap,SMAP_E-2,1105,pending,,
grasp_protocol_v3__lin__smap__SMAP_E-3__seed1105,lin,smap,SMAP_E-3,1105,pending,,
grasp_protocol_v3__lin__smap__SMAP_E-4__seed1105,lin,smap,SMAP_E-4,1105,pending,,
grasp_protocol_v3__lin__smap__SMAP_E-5__seed1105,lin,smap,SMAP_E-5,1105,pending,,
grasp_protocol_v3__lin__smap__SMAP_E-6__seed1105,lin,smap,SMAP_E-6,1105,pending,,
grasp_protocol_v3__lin__smap__SMAP_E-7__seed1105,lin,smap,SMAP_E-7,1105,pending,,
grasp_protocol_v3__lin__smap__SMAP_E-8__seed1105,lin,smap,SMAP_E-8,1105,pending,,
grasp_protocol_v3__lin__smap__SMAP_E-9__seed1105,lin,smap,SMAP_E-9,1105,pending,,
grasp_protocol_v3__lin__smap__SMAP_F-1__seed1105,lin,smap,SMAP_F-1,1105,pending,,
grasp_protocol_v3__lin__smap__SMAP_F-2__seed1105,lin,smap,SMAP_F-2,1105,pending,,
grasp_protocol_v3__lin__smap__SMAP_F-3__seed1105,lin,smap,SMAP_F-3,1105,pending,,
grasp_protocol_v3__lin__smap__SMAP_G-1__seed1105,lin,smap,SMAP_G-1,1105,pending,,
grasp_protocol_v3__lin__smap__SMAP_G-2__seed1105,lin,smap,SMAP_G-2,1105,pending,,
grasp_protocol_v3__lin__smap__SMAP_G-3__seed1105,lin,smap,SMAP_G-3,1105,pending,,
grasp_protocol_v3__lin__smap__SMAP_G-4__seed1105,lin,smap,SMAP_G-4,1105,pending,,
grasp_protocol_v3__lin__smap__SMAP_G-6__seed1105,lin,smap,SMAP_G-6,1105,pending,,
grasp_protocol_v3__lin__smap__SMAP_G-7__seed1105,lin,smap,SMAP_G-7,1105,pending,,
grasp_protocol_v3__lin__smap__SMAP_P-1__seed1105,lin,smap,SMAP_P-1,1105,pending,,
grasp_protocol_v3__lin__smap__SMAP_P-2__seed1105,lin,smap,SMAP_P-2,1105,pending,,
grasp_protocol_v3__lin__smap__SMAP_P-3__seed1105,lin,smap,SMAP_P-3,1105,pending,,
grasp_protocol_v3__lin__smap__SMAP_P-4__seed1105,lin,smap,SMAP_P-4,1105,pending,,
grasp_protocol_v3__lin__smap__SMAP_R-1__seed1105,lin,smap,SMAP_R-1,1105,pending,,
grasp_protocol_v3__lin__smap__SMAP_S-1__seed1105,lin,smap,SMAP_S-1,1105,pending,,
grasp_protocol_v3__lin__smap__SMAP_T-1__seed1105,lin,smap,SMAP_T-1,1105,pending,,
grasp_protocol_v3__lin__smap__SMAP_T-2__seed1105,lin,smap,SMAP_T-2,1105,pending,,
grasp_protocol_v3__lin__smap__SMAP_T-3__seed1105,lin,smap,SMAP_T-3,1105,pending,,
grasp_protocol_v3__tau_0__smap__SMAP_A-1__seed1105,tau_0,smap,SMAP_A-1,1105,pending,,
grasp_protocol_v3__tau_0__smap__SMAP_A-2__seed1105,tau_0,smap,SMAP_A-2,1105,pending,,
grasp_protocol_v3__tau_0__smap__SMAP_A-3__seed1105,tau_0,smap,SMAP_A-3,1105,pending,,
grasp_protocol_v3__tau_0__smap__SMAP_A-4__seed1105,tau_0,smap,SMAP_A-4,1105,pending,,
grasp_protocol_v3__tau_0__smap__SMAP_A-5__seed1105,tau_0,smap,SMAP_A-5,1105,pending,,
grasp_protocol_v3__tau_0__smap__SMAP_A-6__seed1105,tau_0,smap,SMAP_A-6,1105,pending,,
grasp_protocol_v3__tau_0__smap__SMAP_A-7__seed1105,tau_0,smap,SMAP_A-7,1105,pending,,
grasp_protocol_v3__tau_0__smap__SMAP_A-8__seed1105,tau_0,smap,SMAP_A-8,1105,pending,,
grasp_protocol_v3__tau_0__smap__SMAP_A-9__seed1105,tau_0,smap,SMAP_A-9,1105,pending,,
grasp_protocol_v3__tau_0__smap__SMAP_B-1__seed1105,tau_0,smap,SMAP_B-1,1105,pending,,
grasp_protocol_v3__tau_0__smap__SMAP_D-11__seed1105,tau_0,smap,SMAP_D-11,1105,pending,,
grasp_protocol_v3__tau_0__smap__SMAP_D-1__seed1105,tau_0,smap,SMAP_D-1,1105,pending,,
grasp_protocol_v3__tau_0__smap__SMAP_D-2__seed1105,tau_0,smap,SMAP_D-2,1105,pending,,
grasp_protocol_v3__tau_0__smap__SMAP_D-3__seed1105,tau_0,smap,SMAP_D-3,1105,pending,,
grasp_protocol_v3__tau_0__smap__SMAP_D-4__seed1105,tau_0,smap,SMAP_D-4,1105,pending,,
grasp_protocol_v3__tau_0__smap__SMAP_D-5__seed1105,tau_0,smap,SMAP_D-5,1105,pending,,
grasp_protocol_v3__tau_0__smap__SMAP_D-6__seed1105,tau_0,smap,SMAP_D-6,1105,pending,,
grasp_protocol_v3__tau_0__smap__SMAP_D-7__seed1105,tau_0,smap,SMAP_D-7,1105,pending,,
grasp_protocol_v3__tau_0__smap__SMAP_D-8__seed1105,tau_0,smap,SMAP_D-8,1105,pending,,
grasp_protocol_v3__tau_0__smap__SMAP_D-9__seed1105,tau_0,smap,SMAP_D-9,1105,pending,,
grasp_protocol_v3__tau_0__smap__SMAP_E-10__seed1105,tau_0,smap,SMAP_E-10,1105,pending,,
grasp_protocol_v3__tau_0__smap__SMAP_E-11__seed1105,tau_0,smap,SMAP_E-11,1105,pending,,
grasp_protocol_v3__tau_0__smap__SMAP_E-12__seed1105,tau_0,smap,SMAP_E-12,1105,pending,,
grasp_protocol_v3__tau_0__smap__SMAP_E-13__seed1105,tau_0,smap,SMAP_E-13,1105,pending,,
grasp_protocol_v3__tau_0__smap__SMAP_E-1__seed1105,tau_0,smap,SMAP_E-1,1105,pending,,
grasp_protocol_v3__tau_0__smap__SMAP_E-2__seed1105,tau_0,smap,SMAP_E-2,1105,pending,,
grasp_protocol_v3__tau_0__smap__SMAP_E-3__seed1105,tau_0,smap,SMAP_E-3,1105,pending,,
grasp_protocol_v3__tau_0__smap__SMAP_E-4__seed1105,tau_0,smap,SMAP_E-4,1105,pending,,
grasp_protocol_v3__tau_0__smap__SMAP_E-5__seed1105,tau_0,smap,SMAP_E-5,1105,pending,,
grasp_protocol_v3__tau_0__smap__SMAP_E-6__seed1105,tau_0,smap,SMAP_E-6,1105,pending,,
grasp_protocol_v3__tau_0__smap__SMAP_E-7__seed1105,tau_0,smap,SMAP_E-7,1105,pending,,
grasp_protocol_v3__tau_0__smap__SMAP_E-8__seed1105,tau_0,smap,SMAP_E-8,1105,pending,,
grasp_protocol_v3__tau_0__smap__SMAP_E-9__seed1105,tau_0,smap,SMAP_E-9,1105,pending,,
grasp_protocol_v3__tau_0__smap__SMAP_F-1__seed1105,tau_0,smap,SMAP_F-1,1105,pending,,
grasp_protocol_v3__tau_0__smap__SMAP_F-2__seed1105,tau_0,smap,SMAP_F-2,1105,pending,,
grasp_protocol_v3__tau_0__smap__SMAP_F-3__seed1105,tau_0,smap,SMAP_F-3,1105,pending,,
grasp_protocol_v3__tau_0__smap__SMAP_G-1__seed1105,tau_0,smap,SMAP_G-1,1105,pending,,
grasp_protocol_v3__tau_0__smap__SMAP_G-2__seed1105,tau_0,smap,SMAP_G-2,1105,pending,,
grasp_protocol_v3__tau_0__smap__SMAP_G-3__seed1105,tau_0,smap,SMAP_G-3,1105,pending,,
grasp_protocol_v3__tau_0__smap__SMAP_G-4__seed1105,tau_0,smap,SMAP_G-4,1105,pending,,
grasp_protocol_v3__tau_0__smap__SMAP_G-6__seed1105,tau_0,smap,SMAP_G-6,1105,pending,,
grasp_protocol_v3__tau_0__smap__SMAP_G-7__seed1105,tau_0,smap,SMAP_G-7,1105,pending,,
grasp_protocol_v3__tau_0__smap__SMAP_P-1__seed1105,tau_0,smap,SMAP_P-1,1105,pending,,
grasp_protocol_v3__tau_0__smap__SMAP_P-2__seed1105,tau_0,smap,SMAP_P-2,1105,pending,,
grasp_protocol_v3__tau_0__smap__SMAP_P-3__seed1105,tau_0,smap,SMAP_P-3,1105,pending,,
grasp_protocol_v3__tau_0__smap__SMAP_P-4__seed1105,tau_0,smap,SMAP_P-4,1105,pending,,
grasp_protocol_v3__tau_0__smap__SMAP_R-1__seed1105,tau_0,smap,SMAP_R-1,1105,pending,,
grasp_protocol_v3__tau_0__smap__SMAP_S-1__seed1105,tau_0,smap,SMAP_S-1,1105,pending,,
grasp_protocol_v3__tau_0__smap__SMAP_T-1__seed1105,tau_0,smap,SMAP_T-1,1105,pending,,
grasp_protocol_v3__tau_0__smap__SMAP_T-2__seed1105,tau_0,smap,SMAP_T-2,1105,pending,,
grasp_protocol_v3__tau_0__smap__SMAP_T-3__seed1105,tau_0,smap,SMAP_T-3,1105,pending,,
grasp_protocol_v3__tau_0p25__smap__SMAP_A-1__seed1105,tau_0p25,smap,SMAP_A-1,1105,pending,,
grasp_protocol_v3__tau_0p25__smap__SMAP_A-2__seed1105,tau_0p25,smap,SMAP_A-2,1105,pending,,
grasp_protocol_v3__tau_0p25__smap__SMAP_A-3__seed1105,tau_0p25,smap,SMAP_A-3,1105,pending,,
grasp_protocol_v3__tau_0p25__smap__SMAP_A-4__seed1105,tau_0p25,smap,SMAP_A-4,1105,pending,,
grasp_protocol_v3__tau_0p25__smap__SMAP_A-5__seed1105,tau_0p25,smap,SMAP_A-5,1105,pending,,
grasp_protocol_v3__tau_0p25__smap__SMAP_A-6__seed1105,tau_0p25,smap,SMAP_A-6,1105,pending,,
grasp_protocol_v3__tau_0p25__smap__SMAP_A-7__seed1105,tau_0p25,smap,SMAP_A-7,1105,pending,,
grasp_protocol_v3__tau_0p25__smap__SMAP_A-8__seed1105,tau_0p25,smap,SMAP_A-8,1105,pending,,
grasp_protocol_v3__tau_0p25__smap__SMAP_A-9__seed1105,tau_0p25,smap,SMAP_A-9,1105,pending,,
grasp_protocol_v3__tau_0p25__smap__SMAP_B-1__seed1105,tau_0p25,smap,SMAP_B-1,1105,pending,,
grasp_protocol_v3__tau_0p25__smap__SMAP_D-11__seed1105,tau_0p25,smap,SMAP_D-11,1105,pending,,
grasp_protocol_v3__tau_0p25__smap__SMAP_D-1__seed1105,tau_0p25,smap,SMAP_D-1,1105,pending,,
grasp_protocol_v3__tau_0p25__smap__SMAP_D-2__seed1105,tau_0p25,smap,SMAP_D-2,1105,pending,,
grasp_protocol_v3__tau_0p25__smap__SMAP_D-3__seed1105,tau_0p25,smap,SMAP_D-3,1105,pending,,
grasp_protocol_v3__tau_0p25__smap__SMAP_D-4__seed1105,tau_0p25,smap,SMAP_D-4,1105,pending,,
grasp_protocol_v3__tau_0p25__smap__SMAP_D-5__seed1105,tau_0p25,smap,SMAP_D-5,1105,pending,,
grasp_protocol_v3__tau_0p25__smap__SMAP_D-6__seed1105,tau_0p25,smap,SMAP_D-6,1105,pending,,
grasp_protocol_v3__tau_0p25__smap__SMAP_D-7__seed1105,tau_0p25,smap,SMAP_D-7,1105,pending,,
grasp_protocol_v3__tau_0p25__smap__SMAP_D-8__seed1105,tau_0p25,smap,SMAP_D-8,1105,pending,,
grasp_protocol_v3__tau_0p25__smap__SMAP_D-9__seed1105,tau_0p25,smap,SMAP_D-9,1105,pending,,
grasp_protocol_v3__tau_0p25__smap__SMAP_E-10__seed1105,tau_0p25,smap,SMAP_E-10,1105,pending,,
grasp_protocol_v3__tau_0p25__smap__SMAP_E-11__seed1105,tau_0p25,smap,SMAP_E-11,1105,pending,,
grasp_protocol_v3__tau_0p25__smap__SMAP_E-12__seed1105,tau_0p25,smap,SMAP_E-12,1105,pending,,
grasp_protocol_v3__tau_0p25__smap__SMAP_E-13__seed1105,tau_0p25,smap,SMAP_E-13,1105,pending,,
grasp_protocol_v3__tau_0p25__smap__SMAP_E-1__seed1105,tau_0p25,smap,SMAP_E-1,1105,pending,,
grasp_protocol_v3__tau_0p25__smap__SMAP_E-2__seed1105,tau_0p25,smap,SMAP_E-2,1105,pending,,
grasp_protocol_v3__tau_0p25__smap__SMAP_E-3__seed1105,tau_0p25,smap,SMAP_E-3,1105,pending,,
grasp_protocol_v3__tau_0p25__smap__SMAP_E-4__seed1105,tau_0p25,smap,SMAP_E-4,1105,pending,,
grasp_protocol_v3__tau_0p25__smap__SMAP_E-5__seed1105,tau_0p25,smap,SMAP_E-5,1105,pending,,
grasp_protocol_v3__tau_0p25__smap__SMAP_E-6__seed1105,tau_0p25,smap,SMAP_E-6,1105,pending,,
grasp_protocol_v3__tau_0p25__smap__SMAP_E-7__seed1105,tau_0p25,smap,SMAP_E-7,1105,pending,,
grasp_protocol_v3__tau_0p25__smap__SMAP_E-8__seed1105,tau_0p25,smap,SMAP_E-8,1105,pending,,
grasp_protocol_v3__tau_0p25__smap__SMAP_E-9__seed1105,tau_0p25,smap,SMAP_E-9,1105,pending,,
grasp_protocol_v3__tau_0p25__smap__SMAP_F-1__seed1105,tau_0p25,smap,SMAP_F-1,1105,pending,,
grasp_protocol_v3__tau_0p25__smap__SMAP_F-2__seed1105,tau_0p25,smap,SMAP_F-2,1105,pending,,
grasp_protocol_v3__tau_0p25__smap__SMAP_F-3__seed1105,tau_0p25,smap,SMAP_F-3,1105,pending,,
grasp_protocol_v3__tau_0p25__smap__SMAP_G-1__seed1105,tau_0p25,smap,SMAP_G-1,1105,pending,,
grasp_protocol_v3__tau_0p25__smap__SMAP_G-2__seed1105,tau_0p25,smap,SMAP_G-2,1105,pending,,
grasp_protocol_v3__tau_0p25__smap__SMAP_G-3__seed1105,tau_0p25,smap,SMAP_G-3,1105,pending,,
grasp_protocol_v3__tau_0p25__smap__SMAP_G-4__seed1105,tau_0p25,smap,SMAP_G-4,1105,pending,,
grasp_protocol_v3__tau_0p25__smap__SMAP_G-6__seed1105,tau_0p25,smap,SMAP_G-6,1105,pending,,
grasp_protocol_v3__tau_0p25__smap__SMAP_G-7__seed1105,tau_0p25,smap,SMAP_G-7,1105,pending,,
grasp_protocol_v3__tau_0p25__smap__SMAP_P-1__seed1105,tau_0p25,smap,SMAP_P-1,1105,pending,,
grasp_protocol_v3__tau_0p25__smap__SMAP_P-2__seed1105,tau_0p25,smap,SMAP_P-2,1105,pending,,
grasp_protocol_v3__tau_0p25__smap__SMAP_P-3__seed1105,tau_0p25,smap,SMAP_P-3,1105,pending,,
grasp_protocol_v3__tau_0p25__smap__SMAP_P-4__seed1105,tau_0p25,smap,SMAP_P-4,1105,pending,,
grasp_protocol_v3__tau_0p25__smap__SMAP_R-1__seed1105,tau_0p25,smap,SMAP_R-1,1105,pending,,
grasp_protocol_v3__tau_0p25__smap__SMAP_S-1__seed1105,tau_0p25,smap,SMAP_S-1,1105,pending,,
grasp_protocol_v3__tau_0p25__smap__SMAP_T-1__seed1105,tau_0p25,smap,SMAP_T-1,1105,pending,,
grasp_protocol_v3__tau_0p25__smap__SMAP_T-2__seed1105,tau_0p25,smap,SMAP_T-2,1105,pending,,
grasp_protocol_v3__tau_0p25__smap__SMAP_T-3__seed1105,tau_0p25,smap,SMAP_T-3,1105,pending,,
grasp_protocol_v3__tau_0p5__smap__SMAP_A-1__seed1105,tau_0p5,smap,SMAP_A-1,1105,pending,,
grasp_protocol_v3__tau_0p5__smap__SMAP_A-2__seed1105,tau_0p5,smap,SMAP_A-2,1105,pending,,
grasp_protocol_v3__tau_0p5__smap__SMAP_A-3__seed1105,tau_0p5,smap,SMAP_A-3,1105,pending,,
grasp_protocol_v3__tau_0p5__smap__SMAP_A-4__seed1105,tau_0p5,smap,SMAP_A-4,1105,pending,,
grasp_protocol_v3__tau_0p5__smap__SMAP_A-5__seed1105,tau_0p5,smap,SMAP_A-5,1105,pending,,
grasp_protocol_v3__tau_0p5__smap__SMAP_A-6__seed1105,tau_0p5,smap,SMAP_A-6,1105,pending,,
grasp_protocol_v3__tau_0p5__smap__SMAP_A-7__seed1105,tau_0p5,smap,SMAP_A-7,1105,pending,,
grasp_protocol_v3__tau_0p5__smap__SMAP_A-8__seed1105,tau_0p5,smap,SMAP_A-8,1105,pending,,
grasp_protocol_v3__tau_0p5__smap__SMAP_A-9__seed1105,tau_0p5,smap,SMAP_A-9,1105,pending,,
grasp_protocol_v3__tau_0p5__smap__SMAP_B-1__seed1105,tau_0p5,smap,SMAP_B-1,1105,pending,,
grasp_protocol_v3__tau_0p5__smap__SMAP_D-11__seed1105,tau_0p5,smap,SMAP_D-11,1105,pending,,
grasp_protocol_v3__tau_0p5__smap__SMAP_D-1__seed1105,tau_0p5,smap,SMAP_D-1,1105,pending,,
grasp_protocol_v3__tau_0p5__smap__SMAP_D-2__seed1105,tau_0p5,smap,SMAP_D-2,1105,pending,,
grasp_protocol_v3__tau_0p5__smap__SMAP_D-3__seed1105,tau_0p5,smap,SMAP_D-3,1105,pending,,
grasp_protocol_v3__tau_0p5__smap__SMAP_D-4__seed1105,tau_0p5,smap,SMAP_D-4,1105,pending,,
grasp_protocol_v3__tau_0p5__smap__SMAP_D-5__seed1105,tau_0p5,smap,SMAP_D-5,1105,pending,,
grasp_protocol_v3__tau_0p5__smap__SMAP_D-6__seed1105,tau_0p5,smap,SMAP_D-6,1105,pending,,
grasp_protocol_v3__tau_0p5__smap__SMAP_D-7__seed1105,tau_0p5,smap,SMAP_D-7,1105,pending,,
grasp_protocol_v3__tau_0p5__smap__SMAP_D-8__seed1105,tau_0p5,smap,SMAP_D-8,1105,pending,,
grasp_protocol_v3__tau_0p5__smap__SMAP_D-9__seed1105,tau_0p5,smap,SMAP_D-9,1105,pending,,
grasp_protocol_v3__tau_0p5__smap__SMAP_E-10__seed1105,tau_0p5,smap,SMAP_E-10,1105,pending,,
grasp_protocol_v3__tau_0p5__smap__SMAP_E-11__seed1105,tau_0p5,smap,SMAP_E-11,1105,pending,,
grasp_protocol_v3__tau_0p5__smap__SMAP_E-12__seed1105,tau_0p5,smap,SMAP_E-12,1105,pending,,
grasp_protocol_v3__tau_0p5__smap__SMAP_E-13__seed1105,tau_0p5,smap,SMAP_E-13,1105,pending,,
grasp_protocol_v3__tau_0p5__smap__SMAP_E-1__seed1105,tau_0p5,smap,SMAP_E-1,1105,pending,,
grasp_protocol_v3__tau_0p5__smap__SMAP_E-2__seed1105,tau_0p5,smap,SMAP_E-2,1105,pending,,
grasp_protocol_v3__tau_0p5__smap__SMAP_E-3__seed1105,tau_0p5,smap,SMAP_E-3,1105,pending,,
grasp_protocol_v3__tau_0p5__smap__SMAP_E-4__seed1105,tau_0p5,smap,SMAP_E-4,1105,pending,,
grasp_protocol_v3__tau_0p5__smap__SMAP_E-5__seed1105,tau_0p5,smap,SMAP_E-5,1105,pending,,
grasp_protocol_v3__tau_0p5__smap__SMAP_E-6__seed1105,tau_0p5,smap,SMAP_E-6,1105,pending,,
grasp_protocol_v3__tau_0p5__smap__SMAP_E-7__seed1105,tau_0p5,smap,SMAP_E-7,1105,pending,,
grasp_protocol_v3__tau_0p5__smap__SMAP_E-8__seed1105,tau_0p5,smap,SMAP_E-8,1105,pending,,
grasp_protocol_v3__tau_0p5__smap__SMAP_E-9__seed1105,tau_0p5,smap,SMAP_E-9,1105,pending,,
grasp_protocol_v3__tau_0p5__smap__SMAP_F-1__seed1105,tau_0p5,smap,SMAP_F-1,1105,pending,,
grasp_protocol_v3__tau_0p5__smap__SMAP_F-2__seed1105,tau_0p5,smap,SMAP_F-2,1105,pending,,
grasp_protocol_v3__tau_0p5__smap__SMAP_F-3__seed1105,tau_0p5,smap,SMAP_F-3,1105,pending,,
grasp_protocol_v3__tau_0p5__smap__SMAP_G-1__seed1105,tau_0p5,smap,SMAP_G-1,1105,pending,,
grasp_protocol_v3__tau_0p5__smap__SMAP_G-2__seed1105,tau_0p5,smap,SMAP_G-2,1105,pending,,
grasp_protocol_v3__tau_0p5__smap__SMAP_G-3__seed1105,tau_0p5,smap,SMAP_G-3,1105,pending,,
grasp_protocol_v3__tau_0p5__smap__SMAP_G-4__seed1105,tau_0p5,smap,SMAP_G-4,1105,pending,,
grasp_protocol_v3__tau_0p5__smap__SMAP_G-6__seed1105,tau_0p5,smap,SMAP_G-6,1105,pending,,
grasp_protocol_v3__tau_0p5__smap__SMAP_G-7__seed1105,tau_0p5,smap,SMAP_G-7,1105,pending,,
grasp_protocol_v3__tau_0p5__smap__SMAP_P-1__seed1105,tau_0p5,smap,SMAP_P-1,1105,pending,,
grasp_protocol_v3__tau_0p5__smap__SMAP_P-2__seed1105,tau_0p5,smap,SMAP_P-2,1105,pending,,
grasp_protocol_v3__tau_0p5__smap__SMAP_P-3__seed1105,tau_0p5,smap,SMAP_P-3,1105,pending,,
grasp_protocol_v3__tau_0p5__smap__SMAP_P-4__seed1105,tau_0p5,smap,SMAP_P-4,1105,pending,,
grasp_protocol_v3__tau_0p5__smap__SMAP_R-1__seed1105,tau_0p5,smap,SMAP_R-1,1105,pending,,
grasp_protocol_v3__tau_0p5__smap__SMAP_S-1__seed1105,tau_0p5,smap,SMAP_S-1,1105,pending,,
grasp_protocol_v3__tau_0p5__smap__SMAP_T-1__seed1105,tau_0p5,smap,SMAP_T-1,1105,pending,,
grasp_protocol_v3__tau_0p5__smap__SMAP_T-2__seed1105,tau_0p5,smap,SMAP_T-2,1105,pending,,
grasp_protocol_v3__tau_0p5__smap__SMAP_T-3__seed1105,tau_0p5,smap,SMAP_T-3,1105,pending,,
grasp_protocol_v3__tau_1__smap__SMAP_A-1__seed1105,tau_1,smap,SMAP_A-1,1105,pending,,
grasp_protocol_v3__tau_1__smap__SMAP_A-2__seed1105,tau_1,smap,SMAP_A-2,1105,pending,,
grasp_protocol_v3__tau_1__smap__SMAP_A-3__seed1105,tau_1,smap,SMAP_A-3,1105,pending,,
grasp_protocol_v3__tau_1__smap__SMAP_A-4__seed1105,tau_1,smap,SMAP_A-4,1105,pending,,
grasp_protocol_v3__tau_1__smap__SMAP_A-5__seed1105,tau_1,smap,SMAP_A-5,1105,pending,,
grasp_protocol_v3__tau_1__smap__SMAP_A-6__seed1105,tau_1,smap,SMAP_A-6,1105,pending,,
grasp_protocol_v3__tau_1__smap__SMAP_A-7__seed1105,tau_1,smap,SMAP_A-7,1105,pending,,
grasp_protocol_v3__tau_1__smap__SMAP_A-8__seed1105,tau_1,smap,SMAP_A-8,1105,pending,,
grasp_protocol_v3__tau_1__smap__SMAP_A-9__seed1105,tau_1,smap,SMAP_A-9,1105,pending,,
grasp_protocol_v3__tau_1__smap__SMAP_B-1__seed1105,tau_1,smap,SMAP_B-1,1105,pending,,
grasp_protocol_v3__tau_1__smap__SMAP_D-11__seed1105,tau_1,smap,SMAP_D-11,1105,pending,,
grasp_protocol_v3__tau_1__smap__SMAP_D-1__seed1105,tau_1,smap,SMAP_D-1,1105,pending,,
grasp_protocol_v3__tau_1__smap__SMAP_D-2__seed1105,tau_1,smap,SMAP_D-2,1105,pending,,
grasp_protocol_v3__tau_1__smap__SMAP_D-3__seed1105,tau_1,smap,SMAP_D-3,1105,pending,,
grasp_protocol_v3__tau_1__smap__SMAP_D-4__seed1105,tau_1,smap,SMAP_D-4,1105,pending,,
grasp_protocol_v3__tau_1__smap__SMAP_D-5__seed1105,tau_1,smap,SMAP_D-5,1105,pending,,
grasp_protocol_v3__tau_1__smap__SMAP_D-6__seed1105,tau_1,smap,SMAP_D-6,1105,pending,,
grasp_protocol_v3__tau_1__smap__SMAP_D-7__seed1105,tau_1,smap,SMAP_D-7,1105,pending,,
grasp_protocol_v3__tau_1__smap__SMAP_D-8__seed1105,tau_1,smap,SMAP_D-8,1105,pending,,
grasp_protocol_v3__tau_1__smap__SMAP_D-9__seed1105,tau_1,smap,SMAP_D-9,1105,pending,,
grasp_protocol_v3__tau_1__smap__SMAP_E-10__seed1105,tau_1,smap,SMAP_E-10,1105,pending,,
grasp_protocol_v3__tau_1__smap__SMAP_E-11__seed1105,tau_1,smap,SMAP_E-11,1105,pending,,
grasp_protocol_v3__tau_1__smap__SMAP_E-12__seed1105,tau_1,smap,SMAP_E-12,1105,pending,,
grasp_protocol_v3__tau_1__smap__SMAP_E-13__seed1105,tau_1,smap,SMAP_E-13,1105,pending,,
grasp_protocol_v3__tau_1__smap__SMAP_E-1__seed1105,tau_1,smap,SMAP_E-1,1105,pending,,
grasp_protocol_v3__tau_1__smap__SMAP_E-2__seed1105,tau_1,smap,SMAP_E-2,1105,pending,,
grasp_protocol_v3__tau_1__smap__SMAP_E-3__seed1105,tau_1,smap,SMAP_E-3,1105,pending,,
grasp_protocol_v3__tau_1__smap__SMAP_E-4__seed1105,tau_1,smap,SMAP_E-4,1105,pending,,
grasp_protocol_v3__tau_1__smap__SMAP_E-5__seed1105,tau_1,smap,SMAP_E-5,1105,pending,,
grasp_protocol_v3__tau_1__smap__SMAP_E-6__seed1105,tau_1,smap,SMAP_E-6,1105,pending,,
grasp_protocol_v3__tau_1__smap__SMAP_E-7__seed1105,tau_1,smap,SMAP_E-7,1105,pending,,
grasp_protocol_v3__tau_1__smap__SMAP_E-8__seed1105,tau_1,smap,SMAP_E-8,1105,pending,,
grasp_protocol_v3__tau_1__smap__SMAP_E-9__seed1105,tau_1,smap,SMAP_E-9,1105,pending,,
grasp_protocol_v3__tau_1__smap__SMAP_F-1__seed1105,tau_1,smap,SMAP_F-1,1105,pending,,
grasp_protocol_v3__tau_1__smap__SMAP_F-2__seed1105,tau_1,smap,SMAP_F-2,1105,pending,,
grasp_protocol_v3__tau_1__smap__SMAP_F-3__seed1105,tau_1,smap,SMAP_F-3,1105,pending,,
grasp_protocol_v3__tau_1__smap__SMAP_G-1__seed1105,tau_1,smap,SMAP_G-1,1105,pending,,
grasp_protocol_v3__tau_1__smap__SMAP_G-2__seed1105,tau_1,smap,SMAP_G-2,1105,pending,,
grasp_protocol_v3__tau_1__smap__SMAP_G-3__seed1105,tau_1,smap,SMAP_G-3,1105,pending,,
grasp_protocol_v3__tau_1__smap__SMAP_G-4__seed1105,tau_1,smap,SMAP_G-4,1105,pending,,
grasp_protocol_v3__tau_1__smap__SMAP_G-6__seed1105,tau_1,smap,SMAP_G-6,1105,pending,,
grasp_protocol_v3__tau_1__smap__SMAP_G-7__seed1105,tau_1,smap,SMAP_G-7,1105,pending,,
grasp_protocol_v3__tau_1__smap__SMAP_P-1__seed1105,tau_1,smap,SMAP_P-1,1105,pending,,
grasp_protocol_v3__tau_1__smap__SMAP_P-2__seed1105,tau_1,smap,SMAP_P-2,1105,pending,,
grasp_protocol_v3__tau_1__smap__SMAP_P-3__seed1105,tau_1,smap,SMAP_P-3,1105,pending,,
grasp_protocol_v3__tau_1__smap__SMAP_P-4__seed1105,tau_1,smap,SMAP_P-4,1105,pending,,
grasp_protocol_v3__tau_1__smap__SMAP_R-1__seed1105,tau_1,smap,SMAP_R-1,1105,pending,,
grasp_protocol_v3__tau_1__smap__SMAP_S-1__seed1105,tau_1,smap,SMAP_S-1,1105,pending,,
grasp_protocol_v3__tau_1__smap__SMAP_T-1__seed1105,tau_1,smap,SMAP_T-1,1105,pending,,
grasp_protocol_v3__tau_1__smap__SMAP_T-2__seed1105,tau_1,smap,SMAP_T-2,1105,pending,,
grasp_protocol_v3__tau_1__smap__SMAP_T-3__seed1105,tau_1,smap,SMAP_T-3,1105,pending,,
grasp_protocol_v3__tau_4__smap__SMAP_A-1__seed1105,tau_4,smap,SMAP_A-1,1105,pending,,
grasp_protocol_v3__tau_4__smap__SMAP_A-2__seed1105,tau_4,smap,SMAP_A-2,1105,pending,,
grasp_protocol_v3__tau_4__smap__SMAP_A-3__seed1105,tau_4,smap,SMAP_A-3,1105,pending,,
grasp_protocol_v3__tau_4__smap__SMAP_A-4__seed1105,tau_4,smap,SMAP_A-4,1105,pending,,
grasp_protocol_v3__tau_4__smap__SMAP_A-5__seed1105,tau_4,smap,SMAP_A-5,1105,pending,,
grasp_protocol_v3__tau_4__smap__SMAP_A-6__seed1105,tau_4,smap,SMAP_A-6,1105,pending,,
grasp_protocol_v3__tau_4__smap__SMAP_A-7__seed1105,tau_4,smap,SMAP_A-7,1105,pending,,
grasp_protocol_v3__tau_4__smap__SMAP_A-8__seed1105,tau_4,smap,SMAP_A-8,1105,pending,,
grasp_protocol_v3__tau_4__smap__SMAP_A-9__seed1105,tau_4,smap,SMAP_A-9,1105,pending,,
grasp_protocol_v3__tau_4__smap__SMAP_B-1__seed1105,tau_4,smap,SMAP_B-1,1105,pending,,
grasp_protocol_v3__tau_4__smap__SMAP_D-11__seed1105,tau_4,smap,SMAP_D-11,1105,pending,,
grasp_protocol_v3__tau_4__smap__SMAP_D-1__seed1105,tau_4,smap,SMAP_D-1,1105,pending,,
grasp_protocol_v3__tau_4__smap__SMAP_D-2__seed1105,tau_4,smap,SMAP_D-2,1105,pending,,
grasp_protocol_v3__tau_4__smap__SMAP_D-3__seed1105,tau_4,smap,SMAP_D-3,1105,pending,,
grasp_protocol_v3__tau_4__smap__SMAP_D-4__seed1105,tau_4,smap,SMAP_D-4,1105,pending,,
grasp_protocol_v3__tau_4__smap__SMAP_D-5__seed1105,tau_4,smap,SMAP_D-5,1105,pending,,
grasp_protocol_v3__tau_4__smap__SMAP_D-6__seed1105,tau_4,smap,SMAP_D-6,1105,pending,,
grasp_protocol_v3__tau_4__smap__SMAP_D-7__seed1105,tau_4,smap,SMAP_D-7,1105,pending,,
grasp_protocol_v3__tau_4__smap__SMAP_D-8__seed1105,tau_4,smap,SMAP_D-8,1105,pending,,
grasp_protocol_v3__tau_4__smap__SMAP_D-9__seed1105,tau_4,smap,SMAP_D-9,1105,pending,,
grasp_protocol_v3__tau_4__smap__SMAP_E-10__seed1105,tau_4,smap,SMAP_E-10,1105,pending,,
grasp_protocol_v3__tau_4__smap__SMAP_E-11__seed1105,tau_4,smap,SMAP_E-11,1105,pending,,
grasp_protocol_v3__tau_4__smap__SMAP_E-12__seed1105,tau_4,smap,SMAP_E-12,1105,pending,,
grasp_protocol_v3__tau_4__smap__SMAP_E-13__seed1105,tau_4,smap,SMAP_E-13,1105,pending,,
grasp_protocol_v3__tau_4__smap__SMAP_E-1__seed1105,tau_4,smap,SMAP_E-1,1105,pending,,
grasp_protocol_v3__tau_4__smap__SMAP_E-2__seed1105,tau_4,smap,SMAP_E-2,1105,pending,,
grasp_protocol_v3__tau_4__smap__SMAP_E-3__seed1105,tau_4,smap,SMAP_E-3,1105,pending,,
grasp_protocol_v3__tau_4__smap__SMAP_E-4__seed1105,tau_4,smap,SMAP_E-4,1105,pending,,
grasp_protocol_v3__tau_4__smap__SMAP_E-5__seed1105,tau_4,smap,SMAP_E-5,1105,pending,,
grasp_protocol_v3__tau_4__smap__SMAP_E-6__seed1105,tau_4,smap,SMAP_E-6,1105,pending,,
grasp_protocol_v3__tau_4__smap__SMAP_E-7__seed1105,tau_4,smap,SMAP_E-7,1105,pending,,
grasp_protocol_v3__tau_4__smap__SMAP_E-8__seed1105,tau_4,smap,SMAP_E-8,1105,pending,,
grasp_protocol_v3__tau_4__smap__SMAP_E-9__seed1105,tau_4,smap,SMAP_E-9,1105,pending,,
grasp_protocol_v3__tau_4__smap__SMAP_F-1__seed1105,tau_4,smap,SMAP_F-1,1105,pending,,
grasp_protocol_v3__tau_4__smap__SMAP_F-2__seed1105,tau_4,smap,SMAP_F-2,1105,pending,,
grasp_protocol_v3__tau_4__smap__SMAP_F-3__seed1105,tau_4,smap,SMAP_F-3,1105,pending,,
grasp_protocol_v3__tau_4__smap__SMAP_G-1__seed1105,tau_4,smap,SMAP_G-1,1105,pending,,
grasp_protocol_v3__tau_4__smap__SMAP_G-2__seed1105,tau_4,smap,SMAP_G-2,1105,pending,,
grasp_protocol_v3__tau_4__smap__SMAP_G-3__seed1105,tau_4,smap,SMAP_G-3,1105,pending,,
grasp_protocol_v3__tau_4__smap__SMAP_G-4__seed1105,tau_4,smap,SMAP_G-4,1105,pending,,
grasp_protocol_v3__tau_4__smap__SMAP_G-6__seed1105,tau_4,smap,SMAP_G-6,1105,pending,,
grasp_protocol_v3__tau_4__smap__SMAP_G-7__seed1105,tau_4,smap,SMAP_G-7,1105,pending,,
grasp_protocol_v3__tau_4__smap__SMAP_P-1__seed1105,tau_4,smap,SMAP_P-1,1105,pending,,
grasp_protocol_v3__tau_4__smap__SMAP_P-2__seed1105,tau_4,smap,SMAP_P-2,1105,pending,,
grasp_protocol_v3__tau_4__smap__SMAP_P-3__seed1105,tau_4,smap,SMAP_P-3,1105,pending,,
grasp_protocol_v3__tau_4__smap__SMAP_P-4__seed1105,tau_4,smap,SMAP_P-4,1105,pending,,
grasp_protocol_v3__tau_4__smap__SMAP_R-1__seed1105,tau_4,smap,SMAP_R-1,1105,pending,,
grasp_protocol_v3__tau_4__smap__SMAP_S-1__seed1105,tau_4,smap,SMAP_S-1,1105,pending,,
grasp_protocol_v3__tau_4__smap__SMAP_T-1__seed1105,tau_4,smap,SMAP_T-1,1105,pending,,
grasp_protocol_v3__tau_4__smap__SMAP_T-2__seed1105,tau_4,smap,SMAP_T-2,1105,pending,,
grasp_protocol_v3__tau_4__smap__SMAP_T-3__seed1105,tau_4,smap,SMAP_T-3,1105,pending,,
grasp_protocol_v3__tau_8__smap__SMAP_A-1__seed1105,tau_8,smap,SMAP_A-1,1105,pending,,
grasp_protocol_v3__tau_8__smap__SMAP_A-2__seed1105,tau_8,smap,SMAP_A-2,1105,pending,,
grasp_protocol_v3__tau_8__smap__SMAP_A-3__seed1105,tau_8,smap,SMAP_A-3,1105,pending,,
grasp_protocol_v3__tau_8__smap__SMAP_A-4__seed1105,tau_8,smap,SMAP_A-4,1105,pending,,
grasp_protocol_v3__tau_8__smap__SMAP_A-5__seed1105,tau_8,smap,SMAP_A-5,1105,pending,,
grasp_protocol_v3__tau_8__smap__SMAP_A-6__seed1105,tau_8,smap,SMAP_A-6,1105,pending,,
grasp_protocol_v3__tau_8__smap__SMAP_A-7__seed1105,tau_8,smap,SMAP_A-7,1105,pending,,
grasp_protocol_v3__tau_8__smap__SMAP_A-8__seed1105,tau_8,smap,SMAP_A-8,1105,pending,,
grasp_protocol_v3__tau_8__smap__SMAP_A-9__seed1105,tau_8,smap,SMAP_A-9,1105,pending,,
grasp_protocol_v3__tau_8__smap__SMAP_B-1__seed1105,tau_8,smap,SMAP_B-1,1105,pending,,
grasp_protocol_v3__tau_8__smap__SMAP_D-11__seed1105,tau_8,smap,SMAP_D-11,1105,pending,,
grasp_protocol_v3__tau_8__smap__SMAP_D-1__seed1105,tau_8,smap,SMAP_D-1,1105,pending,,
grasp_protocol_v3__tau_8__smap__SMAP_D-2__seed1105,tau_8,smap,SMAP_D-2,1105,pending,,
grasp_protocol_v3__tau_8__smap__SMAP_D-3__seed1105,tau_8,smap,SMAP_D-3,1105,pending,,
grasp_protocol_v3__tau_8__smap__SMAP_D-4__seed1105,tau_8,smap,SMAP_D-4,1105,pending,,
grasp_protocol_v3__tau_8__smap__SMAP_D-5__seed1105,tau_8,smap,SMAP_D-5,1105,pending,,
grasp_protocol_v3__tau_8__smap__SMAP_D-6__seed1105,tau_8,smap,SMAP_D-6,1105,pending,,
grasp_protocol_v3__tau_8__smap__SMAP_D-7__seed1105,tau_8,smap,SMAP_D-7,1105,pending,,
grasp_protocol_v3__tau_8__smap__SMAP_D-8__seed1105,tau_8,smap,SMAP_D-8,1105,pending,,
grasp_protocol_v3__tau_8__smap__SMAP_D-9__seed1105,tau_8,smap,SMAP_D-9,1105,pending,,
grasp_protocol_v3__tau_8__smap__SMAP_E-10__seed1105,tau_8,smap,SMAP_E-10,1105,pending,,
grasp_protocol_v3__tau_8__smap__SMAP_E-11__seed1105,tau_8,smap,SMAP_E-11,1105,pending,,
grasp_protocol_v3__tau_8__smap__SMAP_E-12__seed1105,tau_8,smap,SMAP_E-12,1105,pending,,
grasp_protocol_v3__tau_8__smap__SMAP_E-13__seed1105,tau_8,smap,SMAP_E-13,1105,pending,,
grasp_protocol_v3__tau_8__smap__SMAP_E-1__seed1105,tau_8,smap,SMAP_E-1,1105,pending,,
grasp_protocol_v3__tau_8__smap__SMAP_E-2__seed1105,tau_8,smap,SMAP_E-2,1105,pending,,
grasp_protocol_v3__tau_8__smap__SMAP_E-3__seed1105,tau_8,smap,SMAP_E-3,1105,pending,,
grasp_protocol_v3__tau_8__smap__SMAP_E-4__seed1105,tau_8,smap,SMAP_E-4,1105,pending,,
grasp_protocol_v3__tau_8__smap__SMAP_E-5__seed1105,tau_8,smap,SMAP_E-5,1105,pending,,
grasp_protocol_v3__tau_8__smap__SMAP_E-6__seed1105,tau_8,smap,SMAP_E-6,1105,pending,,
grasp_protocol_v3__tau_8__smap__SMAP_E-7__seed1105,tau_8,smap,SMAP_E-7,1105,pending,,
grasp_protocol_v3__tau_8__smap__SMAP_E-8__seed1105,tau_8,smap,SMAP_E-8,1105,pending,,
grasp_protocol_v3__tau_8__smap__SMAP_E-9__seed1105,tau_8,smap,SMAP_E-9,1105,pending,,
grasp_protocol_v3__tau_8__smap__SMAP_F-1__seed1105,tau_8,smap,SMAP_F-1,1105,pending,,
grasp_protocol_v3__tau_8__smap__SMAP_F-2__seed1105,tau_8,smap,SMAP_F-2,1105,pending,,
grasp_protocol_v3__tau_8__smap__SMAP_F-3__seed1105,tau_8,smap,SMAP_F-3,1105,pending,,
grasp_protocol_v3__tau_8__smap__SMAP_G-1__seed1105,tau_8,smap,SMAP_G-1,1105,pending,,
grasp_protocol_v3__tau_8__smap__SMAP_G-2__seed1105,tau_8,smap,SMAP_G-2,1105,pending,,
grasp_protocol_v3__tau_8__smap__SMAP_G-3__seed1105,tau_8,smap,SMAP_G-3,1105,pending,,
grasp_protocol_v3__tau_8__smap__SMAP_G-4__seed1105,tau_8,smap,SMAP_G-4,1105,pending,,
grasp_protocol_v3__tau_8__smap__SMAP_G-6__seed1105,tau_8,smap,SMAP_G-6,1105,pending,,
grasp_protocol_v3__tau_8__smap__SMAP_G-7__seed1105,tau_8,smap,SMAP_G-7,1105,pending,,
grasp_protocol_v3__tau_8__smap__SMAP_P-1__seed1105,tau_8,smap,SMAP_P-1,1105,pending,,
grasp_protocol_v3__tau_8__smap__SMAP_P-2__seed1105,tau_8,smap,SMAP_P-2,1105,pending,,
grasp_protocol_v3__tau_8__smap__SMAP_P-3__seed1105,tau_8,smap,SMAP_P-3,1105,pending,,
grasp_protocol_v3__tau_8__smap__SMAP_P-4__seed1105,tau_8,smap,SMAP_P-4,1105,pending,,
grasp_protocol_v3__tau_8__smap__SMAP_R-1__seed1105,tau_8,smap,SMAP_R-1,1105,pending,,
grasp_protocol_v3__tau_8__smap__SMAP_S-1__seed1105,tau_8,smap,SMAP_S-1,1105,pending,,
grasp_protocol_v3__tau_8__smap__SMAP_T-1__seed1105,tau_8,smap,SMAP_T-1,1105,pending,,
grasp_protocol_v3__tau_8__smap__SMAP_T-2__seed1105,tau_8,smap,SMAP_T-2,1105,pending,,
grasp_protocol_v3__tau_8__smap__SMAP_T-3__seed1105,tau_8,smap,SMAP_T-3,1105,pending,,
grasp_protocol_v3__gnn__smap__SMAP_A-1__seed1106,gnn,smap,SMAP_A-1,1106,pending,,
grasp_protocol_v3__gnn__smap__SMAP_A-2__seed1106,gnn,smap,SMAP_A-2,1106,pending,,
grasp_protocol_v3__gnn__smap__SMAP_A-3__seed1106,gnn,smap,SMAP_A-3,1106,pending,,
grasp_protocol_v3__gnn__smap__SMAP_A-4__seed1106,gnn,smap,SMAP_A-4,1106,pending,,
grasp_protocol_v3__gnn__smap__SMAP_A-5__seed1106,gnn,smap,SMAP_A-5,1106,pending,,
grasp_protocol_v3__gnn__smap__SMAP_A-6__seed1106,gnn,smap,SMAP_A-6,1106,pending,,
grasp_protocol_v3__gnn__smap__SMAP_A-7__seed1106,gnn,smap,SMAP_A-7,1106,pending,,
grasp_protocol_v3__gnn__smap__SMAP_A-8__seed1106,gnn,smap,SMAP_A-8,1106,pending,,
grasp_protocol_v3__gnn__smap__SMAP_A-9__seed1106,gnn,smap,SMAP_A-9,1106,pending,,
grasp_protocol_v3__gnn__smap__SMAP_B-1__seed1106,gnn,smap,SMAP_B-1,1106,pending,,
grasp_protocol_v3__gnn__smap__SMAP_D-11__seed1106,gnn,smap,SMAP_D-11,1106,pending,,
grasp_protocol_v3__gnn__smap__SMAP_D-1__seed1106,gnn,smap,SMAP_D-1,1106,pending,,
grasp_protocol_v3__gnn__smap__SMAP_D-2__seed1106,gnn,smap,SMAP_D-2,1106,pending,,
grasp_protocol_v3__gnn__smap__SMAP_D-3__seed1106,gnn,smap,SMAP_D-3,1106,pending,,
grasp_protocol_v3__gnn__smap__SMAP_D-4__seed1106,gnn,smap,SMAP_D-4,1106,pending,,
grasp_protocol_v3__gnn__smap__SMAP_D-5__seed1106,gnn,smap,SMAP_D-5,1106,pending,,
grasp_protocol_v3__gnn__smap__SMAP_D-6__seed1106,gnn,smap,SMAP_D-6,1106,pending,,
grasp_protocol_v3__gnn__smap__SMAP_D-7__seed1106,gnn,smap,SMAP_D-7,1106,pending,,
grasp_protocol_v3__gnn__smap__SMAP_D-8__seed1106,gnn,smap,SMAP_D-8,1106,pending,,
grasp_protocol_v3__gnn__smap__SMAP_D-9__seed1106,gnn,smap,SMAP_D-9,1106,pending,,
grasp_protocol_v3__gnn__smap__SMAP_E-10__seed1106,gnn,smap,SMAP_E-10,1106,pending,,
grasp_protocol_v3__gnn__smap__SMAP_E-11__seed1106,gnn,smap,SMAP_E-11,1106,pending,,
grasp_protocol_v3__gnn__smap__SMAP_E-12__seed1106,gnn,smap,SMAP_E-12,1106,pending,,
grasp_protocol_v3__gnn__smap__SMAP_E-13__seed1106,gnn,smap,SMAP_E-13,1106,pending,,
grasp_protocol_v3__gnn__smap__SMAP_E-1__seed1106,gnn,smap,SMAP_E-1,1106,pending,,
grasp_protocol_v3__gnn__smap__SMAP_E-2__seed1106,gnn,smap,SMAP_E-2,1106,pending,,
grasp_protocol_v3__gnn__smap__SMAP_E-3__seed1106,gnn,smap,SMAP_E-3,1106,pending,,
grasp_protocol_v3__gnn__smap__SMAP_E-4__seed1106,gnn,smap,SMAP_E-4,1106,pending,,
grasp_protocol_v3__gnn__smap__SMAP_E-5__seed1106,gnn,smap,SMAP_E-5,1106,pending,,
grasp_protocol_v3__gnn__smap__SMAP_E-6__seed1106,gnn,smap,SMAP_E-6,1106,pending,,
grasp_protocol_v3__gnn__smap__SMAP_E-7__seed1106,gnn,smap,SMAP_E-7,1106,pending,,
grasp_protocol_v3__gnn__smap__SMAP_E-8__seed1106,gnn,smap,SMAP_E-8,1106,pending,,
grasp_protocol_v3__gnn__smap__SMAP_E-9__seed1106,gnn,smap,SMAP_E-9,1106,pending,,
grasp_protocol_v3__gnn__smap__SMAP_F-1__seed1106,gnn,smap,SMAP_F-1,1106,pending,,
grasp_protocol_v3__gnn__smap__SMAP_F-2__seed1106,gnn,smap,SMAP_F-2,1106,pending,,
grasp_protocol_v3__gnn__smap__SMAP_F-3__seed1106,gnn,smap,SMAP_F-3,1106,pending,,
grasp_protocol_v3__gnn__smap__SMAP_G-1__seed1106,gnn,smap,SMAP_G-1,1106,pending,,
grasp_protocol_v3__gnn__smap__SMAP_G-2__seed1106,gnn,smap,SMAP_G-2,1106,pending,,
grasp_protocol_v3__gnn__smap__SMAP_G-3__seed1106,gnn,smap,SMAP_G-3,1106,pending,,
grasp_protocol_v3__gnn__smap__SMAP_G-4__seed1106,gnn,smap,SMAP_G-4,1106,pending,,
grasp_protocol_v3__gnn__smap__SMAP_G-6__seed1106,gnn,smap,SMAP_G-6,1106,pending,,
grasp_protocol_v3__gnn__smap__SMAP_G-7__seed1106,gnn,smap,SMAP_G-7,1106,pending,,
grasp_protocol_v3__gnn__smap__SMAP_P-1__seed1106,gnn,smap,SMAP_P-1,1106,pending,,
grasp_protocol_v3__gnn__smap__SMAP_P-2__seed1106,gnn,smap,SMAP_P-2,1106,pending,,
grasp_protocol_v3__gnn__smap__SMAP_P-3__seed1106,gnn,smap,SMAP_P-3,1106,pending,,
grasp_protocol_v3__gnn__smap__SMAP_P-4__seed1106,gnn,smap,SMAP_P-4,1106,pending,,
grasp_protocol_v3__gnn__smap__SMAP_R-1__seed1106,gnn,smap,SMAP_R-1,1106,pending,,
grasp_protocol_v3__gnn__smap__SMAP_S-1__seed1106,gnn,smap,SMAP_S-1,1106,pending,,
grasp_protocol_v3__gnn__smap__SMAP_T-1__seed1106,gnn,smap,SMAP_T-1,1106,pending,,
grasp_protocol_v3__gnn__smap__SMAP_T-2__seed1106,gnn,smap,SMAP_T-2,1106,pending,,
grasp_protocol_v3__gnn__smap__SMAP_T-3__seed1106,gnn,smap,SMAP_T-3,1106,pending,,
grasp_protocol_v3__main__smap__SMAP_A-1__seed1106,main,smap,SMAP_A-1,1106,pending,,
grasp_protocol_v3__main__smap__SMAP_A-2__seed1106,main,smap,SMAP_A-2,1106,pending,,
grasp_protocol_v3__main__smap__SMAP_A-3__seed1106,main,smap,SMAP_A-3,1106,pending,,
grasp_protocol_v3__main__smap__SMAP_A-4__seed1106,main,smap,SMAP_A-4,1106,pending,,
grasp_protocol_v3__main__smap__SMAP_A-5__seed1106,main,smap,SMAP_A-5,1106,pending,,
grasp_protocol_v3__main__smap__SMAP_A-6__seed1106,main,smap,SMAP_A-6,1106,pending,,
grasp_protocol_v3__main__smap__SMAP_A-7__seed1106,main,smap,SMAP_A-7,1106,pending,,
grasp_protocol_v3__main__smap__SMAP_A-8__seed1106,main,smap,SMAP_A-8,1106,pending,,
grasp_protocol_v3__main__smap__SMAP_A-9__seed1106,main,smap,SMAP_A-9,1106,pending,,
grasp_protocol_v3__main__smap__SMAP_B-1__seed1106,main,smap,SMAP_B-1,1106,pending,,
grasp_protocol_v3__main__smap__SMAP_D-11__seed1106,main,smap,SMAP_D-11,1106,pending,,
grasp_protocol_v3__main__smap__SMAP_D-1__seed1106,main,smap,SMAP_D-1,1106,pending,,
grasp_protocol_v3__main__smap__SMAP_D-2__seed1106,main,smap,SMAP_D-2,1106,pending,,
grasp_protocol_v3__main__smap__SMAP_D-3__seed1106,main,smap,SMAP_D-3,1106,pending,,
grasp_protocol_v3__main__smap__SMAP_D-4__seed1106,main,smap,SMAP_D-4,1106,pending,,
grasp_protocol_v3__main__smap__SMAP_D-5__seed1106,main,smap,SMAP_D-5,1106,pending,,
grasp_protocol_v3__main__smap__SMAP_D-6__seed1106,main,smap,SMAP_D-6,1106,pending,,
grasp_protocol_v3__main__smap__SMAP_D-7__seed1106,main,smap,SMAP_D-7,1106,pending,,
grasp_protocol_v3__main__smap__SMAP_D-8__seed1106,main,smap,SMAP_D-8,1106,pending,,
grasp_protocol_v3__main__smap__SMAP_D-9__seed1106,main,smap,SMAP_D-9,1106,pending,,
grasp_protocol_v3__main__smap__SMAP_E-10__seed1106,main,smap,SMAP_E-10,1106,pending,,
grasp_protocol_v3__main__smap__SMAP_E-11__seed1106,main,smap,SMAP_E-11,1106,pending,,
grasp_protocol_v3__main__smap__SMAP_E-12__seed1106,main,smap,SMAP_E-12,1106,pending,,
grasp_protocol_v3__main__smap__SMAP_E-13__seed1106,main,smap,SMAP_E-13,1106,pending,,
grasp_protocol_v3__main__smap__SMAP_E-1__seed1106,main,smap,SMAP_E-1,1106,pending,,
grasp_protocol_v3__main__smap__SMAP_E-2__seed1106,main,smap,SMAP_E-2,1106,pending,,
grasp_protocol_v3__main__smap__SMAP_E-3__seed1106,main,smap,SMAP_E-3,1106,pending,,
grasp_protocol_v3__main__smap__SMAP_E-4__seed1106,main,smap,SMAP_E-4,1106,pending,,
grasp_protocol_v3__main__smap__SMAP_E-5__seed1106,main,smap,SMAP_E-5,1106,pending,,
grasp_protocol_v3__main__smap__SMAP_E-6__seed1106,main,smap,SMAP_E-6,1106,pending,,
grasp_protocol_v3__main__smap__SMAP_E-7__seed1106,main,smap,SMAP_E-7,1106,pending,,
grasp_protocol_v3__main__smap__SMAP_E-8__seed1106,main,smap,SMAP_E-8,1106,pending,,
grasp_protocol_v3__main__smap__SMAP_E-9__seed1106,main,smap,SMAP_E-9,1106,pending,,
grasp_protocol_v3__main__smap__SMAP_F-1__seed1106,main,smap,SMAP_F-1,1106,pending,,
grasp_protocol_v3__main__smap__SMAP_F-2__seed1106,main,smap,SMAP_F-2,1106,pending,,
grasp_protocol_v3__main__smap__SMAP_F-3__seed1106,main,smap,SMAP_F-3,1106,pending,,
grasp_protocol_v3__main__smap__SMAP_G-1__seed1106,main,smap,SMAP_G-1,1106,pending,,
grasp_protocol_v3__main__smap__SMAP_G-2__seed1106,main,smap,SMAP_G-2,1106,pending,,
grasp_protocol_v3__main__smap__SMAP_G-3__seed1106,main,smap,SMAP_G-3,1106,pending,,
grasp_protocol_v3__main__smap__SMAP_G-4__seed1106,main,smap,SMAP_G-4,1106,pending,,
grasp_protocol_v3__main__smap__SMAP_G-6__seed1106,main,smap,SMAP_G-6,1106,pending,,
grasp_protocol_v3__main__smap__SMAP_G-7__seed1106,main,smap,SMAP_G-7,1106,pending,,
grasp_protocol_v3__main__smap__SMAP_P-1__seed1106,main,smap,SMAP_P-1,1106,pending,,
grasp_protocol_v3__main__smap__SMAP_P-2__seed1106,main,smap,SMAP_P-2,1106,pending,,
grasp_protocol_v3__main__smap__SMAP_P-3__seed1106,main,smap,SMAP_P-3,1106,pending,,
grasp_protocol_v3__main__smap__SMAP_P-4__seed1106,main,smap,SMAP_P-4,1106,pending,,
grasp_protocol_v3__main__smap__SMAP_R-1__seed1106,main,smap,SMAP_R-1,1106,pending,,
grasp_protocol_v3__main__smap__SMAP_S-1__seed1106,main,smap,SMAP_S-1,1106,pending,,
grasp_protocol_v3__main__smap__SMAP_T-1__seed1106,main,smap,SMAP_T-1,1106,pending,,
grasp_protocol_v3__main__smap__SMAP_T-2__seed1106,main,smap,SMAP_T-2,1106,pending,,
grasp_protocol_v3__main__smap__SMAP_T-3__seed1106,main,smap,SMAP_T-3,1106,pending,,
grasp_protocol_v3__transformer__smap__SMAP_A-1__seed1106,transformer,smap,SMAP_A-1,1106,pending,,
grasp_protocol_v3__transformer__smap__SMAP_A-2__seed1106,transformer,smap,SMAP_A-2,1106,pending,,
grasp_protocol_v3__transformer__smap__SMAP_A-3__seed1106,transformer,smap,SMAP_A-3,1106,pending,,
grasp_protocol_v3__transformer__smap__SMAP_A-4__seed1106,transformer,smap,SMAP_A-4,1106,pending,,
grasp_protocol_v3__transformer__smap__SMAP_A-5__seed1106,transformer,smap,SMAP_A-5,1106,pending,,
grasp_protocol_v3__transformer__smap__SMAP_A-6__seed1106,transformer,smap,SMAP_A-6,1106,pending,,
grasp_protocol_v3__transformer__smap__SMAP_A-7__seed1106,transformer,smap,SMAP_A-7,1106,pending,,
grasp_protocol_v3__transformer__smap__SMAP_A-8__seed1106,transformer,smap,SMAP_A-8,1106,pending,,
grasp_protocol_v3__transformer__smap__SMAP_A-9__seed1106,transformer,smap,SMAP_A-9,1106,pending,,
grasp_protocol_v3__transformer__smap__SMAP_B-1__seed1106,transformer,smap,SMAP_B-1,1106,pending,,
grasp_protocol_v3__transformer__smap__SMAP_D-11__seed1106,transformer,smap,SMAP_D-11,1106,pending,,
grasp_protocol_v3__transformer__smap__SMAP_D-1__seed1106,transformer,smap,SMAP_D-1,1106,pending,,
grasp_protocol_v3__transformer__smap__SMAP_D-2__seed1106,transformer,smap,SMAP_D-2,1106,pending,,
grasp_protocol_v3__transformer__smap__SMAP_D-3__seed1106,transformer,smap,SMAP_D-3,1106,pending,,
grasp_protocol_v3__transformer__smap__SMAP_D-4__seed1106,transformer,smap,SMAP_D-4,1106,pending,,
grasp_protocol_v3__transformer__smap__SMAP_D-5__seed1106,transformer,smap,SMAP_D-5,1106,pending,,
grasp_protocol_v3__transformer__smap__SMAP_D-6__seed1106,transformer,smap,SMAP_D-6,1106,pending,,
grasp_protocol_v3__transformer__smap__SMAP_D-7__seed1106,transformer,smap,SMAP_D-7,1106,pending,,
grasp_protocol_v3__transformer__smap__SMAP_D-8__seed1106,transformer,smap,SMAP_D-8,1106,pending,,
grasp_protocol_v3__transformer__smap__SMAP_D-9__seed1106,transformer,smap,SMAP_D-9,1106,pending,,
grasp_protocol_v3__transformer__smap__SMAP_E-10__seed1106,transformer,smap,SMAP_E-10,1106,pending,,
grasp_protocol_v3__transformer__smap__SMAP_E-11__seed1106,transformer,smap,SMAP_E-11,1106,pending,,
grasp_protocol_v3__transformer__smap__SMAP_E-12__seed1106,transformer,smap,SMAP_E-12,1106,pending,,
grasp_protocol_v3__transformer__smap__SMAP_E-13__seed1106,transformer,smap,SMAP_E-13,1106,pending,,
grasp_protocol_v3__transformer__smap__SMAP_E-1__seed1106,transformer,smap,SMAP_E-1,1106,pending,,
grasp_protocol_v3__transformer__smap__SMAP_E-2__seed1106,transformer,smap,SMAP_E-2,1106,pending,,
grasp_protocol_v3__transformer__smap__SMAP_E-3__seed1106,transformer,smap,SMAP_E-3,1106,pending,,
grasp_protocol_v3__transformer__smap__SMAP_E-4__seed1106,transformer,smap,SMAP_E-4,1106,pending,,
grasp_protocol_v3__transformer__smap__SMAP_E-5__seed1106,transformer,smap,SMAP_E-5,1106,pending,,
grasp_protocol_v3__transformer__smap__SMAP_E-6__seed1106,transformer,smap,SMAP_E-6,1106,pending,,
grasp_protocol_v3__transformer__smap__SMAP_E-7__seed1106,transformer,smap,SMAP_E-7,1106,pending,,
grasp_protocol_v3__transformer__smap__SMAP_E-8__seed1106,transformer,smap,SMAP_E-8,1106,pending,,
grasp_protocol_v3__transformer__smap__SMAP_E-9__seed1106,transformer,smap,SMAP_E-9,1106,pending,,
grasp_protocol_v3__transformer__smap__SMAP_F-1__seed1106,transformer,smap,SMAP_F-1,1106,pending,,
grasp_protocol_v3__transformer__smap__SMAP_F-2__seed1106,transformer,smap,SMAP_F-2,1106,pending,,
grasp_protocol_v3__transformer__smap__SMAP_F-3__seed1106,transformer,smap,SMAP_F-3,1106,pending,,
grasp_protocol_v3__transformer__smap__SMAP_G-1__seed1106,transformer,smap,SMAP_G-1,1106,pending,,
grasp_protocol_v3__transformer__smap__SMAP_G-2__seed1106,transformer,smap,SMAP_G-2,1106,pending,,
grasp_protocol_v3__transformer__smap__SMAP_G-3__seed1106,transformer,smap,SMAP_G-3,1106,pending,,
grasp_protocol_v3__transformer__smap__SMAP_G-4__seed1106,transformer,smap,SMAP_G-4,1106,pending,,
grasp_protocol_v3__transformer__smap__SMAP_G-6__seed1106,transformer,smap,SMAP_G-6,1106,pending,,
grasp_protocol_v3__transformer__smap__SMAP_G-7__seed1106,transformer,smap,SMAP_G-7,1106,pending,,
grasp_protocol_v3__transformer__smap__SMAP_P-1__seed1106,transformer,smap,SMAP_P-1,1106,pending,,
grasp_protocol_v3__transformer__smap__SMAP_P-2__seed1106,transformer,smap,SMAP_P-2,1106,pending,,
grasp_protocol_v3__transformer__smap__SMAP_P-3__seed1106,transformer,smap,SMAP_P-3,1106,pending,,
grasp_protocol_v3__transformer__smap__SMAP_P-4__seed1106,transformer,smap,SMAP_P-4,1106,pending,,
grasp_protocol_v3__transformer__smap__SMAP_R-1__seed1106,transformer,smap,SMAP_R-1,1106,pending,,
grasp_protocol_v3__transformer__smap__SMAP_S-1__seed1106,transformer,smap,SMAP_S-1,1106,pending,,
grasp_protocol_v3__transformer__smap__SMAP_T-1__seed1106,transformer,smap,SMAP_T-1,1106,pending,,
grasp_protocol_v3__transformer__smap__SMAP_T-2__seed1106,transformer,smap,SMAP_T-2,1106,pending,,
grasp_protocol_v3__transformer__smap__SMAP_T-3__seed1106,transformer,smap,SMAP_T-3,1106,pending,,
grasp_protocol_v3__mean__smap__SMAP_A-1__seed1106,mean,smap,SMAP_A-1,1106,pending,,
grasp_protocol_v3__mean__smap__SMAP_A-2__seed1106,mean,smap,SMAP_A-2,1106,pending,,
grasp_protocol_v3__mean__smap__SMAP_A-3__seed1106,mean,smap,SMAP_A-3,1106,pending,,
grasp_protocol_v3__mean__smap__SMAP_A-4__seed1106,mean,smap,SMAP_A-4,1106,pending,,
grasp_protocol_v3__mean__smap__SMAP_A-5__seed1106,mean,smap,SMAP_A-5,1106,pending,,
grasp_protocol_v3__mean__smap__SMAP_A-6__seed1106,mean,smap,SMAP_A-6,1106,pending,,
grasp_protocol_v3__mean__smap__SMAP_A-7__seed1106,mean,smap,SMAP_A-7,1106,pending,,
grasp_protocol_v3__mean__smap__SMAP_A-8__seed1106,mean,smap,SMAP_A-8,1106,pending,,
grasp_protocol_v3__mean__smap__SMAP_A-9__seed1106,mean,smap,SMAP_A-9,1106,pending,,
grasp_protocol_v3__mean__smap__SMAP_B-1__seed1106,mean,smap,SMAP_B-1,1106,pending,,
grasp_protocol_v3__mean__smap__SMAP_D-11__seed1106,mean,smap,SMAP_D-11,1106,pending,,
grasp_protocol_v3__mean__smap__SMAP_D-1__seed1106,mean,smap,SMAP_D-1,1106,pending,,
grasp_protocol_v3__mean__smap__SMAP_D-2__seed1106,mean,smap,SMAP_D-2,1106,pending,,
grasp_protocol_v3__mean__smap__SMAP_D-3__seed1106,mean,smap,SMAP_D-3,1106,pending,,
grasp_protocol_v3__mean__smap__SMAP_D-4__seed1106,mean,smap,SMAP_D-4,1106,pending,,
grasp_protocol_v3__mean__smap__SMAP_D-5__seed1106,mean,smap,SMAP_D-5,1106,pending,,
grasp_protocol_v3__mean__smap__SMAP_D-6__seed1106,mean,smap,SMAP_D-6,1106,pending,,
grasp_protocol_v3__mean__smap__SMAP_D-7__seed1106,mean,smap,SMAP_D-7,1106,pending,,
grasp_protocol_v3__mean__smap__SMAP_D-8__seed1106,mean,smap,SMAP_D-8,1106,pending,,
grasp_protocol_v3__mean__smap__SMAP_D-9__seed1106,mean,smap,SMAP_D-9,1106,pending,,
grasp_protocol_v3__mean__smap__SMAP_E-10__seed1106,mean,smap,SMAP_E-10,1106,pending,,
grasp_protocol_v3__mean__smap__SMAP_E-11__seed1106,mean,smap,SMAP_E-11,1106,pending,,
grasp_protocol_v3__mean__smap__SMAP_E-12__seed1106,mean,smap,SMAP_E-12,1106,pending,,
grasp_protocol_v3__mean__smap__SMAP_E-13__seed1106,mean,smap,SMAP_E-13,1106,pending,,
grasp_protocol_v3__mean__smap__SMAP_E-1__seed1106,mean,smap,SMAP_E-1,1106,pending,,
grasp_protocol_v3__mean__smap__SMAP_E-2__seed1106,mean,smap,SMAP_E-2,1106,pending,,
grasp_protocol_v3__mean__smap__SMAP_E-3__seed1106,mean,smap,SMAP_E-3,1106,pending,,
grasp_protocol_v3__mean__smap__SMAP_E-4__seed1106,mean,smap,SMAP_E-4,1106,pending,,
grasp_protocol_v3__mean__smap__SMAP_E-5__seed1106,mean,smap,SMAP_E-5,1106,pending,,
grasp_protocol_v3__mean__smap__SMAP_E-6__seed1106,mean,smap,SMAP_E-6,1106,pending,,
grasp_protocol_v3__mean__smap__SMAP_E-7__seed1106,mean,smap,SMAP_E-7,1106,pending,,
grasp_protocol_v3__mean__smap__SMAP_E-8__seed1106,mean,smap,SMAP_E-8,1106,pending,,
grasp_protocol_v3__mean__smap__SMAP_E-9__seed1106,mean,smap,SMAP_E-9,1106,pending,,
grasp_protocol_v3__mean__smap__SMAP_F-1__seed1106,mean,smap,SMAP_F-1,1106,pending,,
grasp_protocol_v3__mean__smap__SMAP_F-2__seed1106,mean,smap,SMAP_F-2,1106,pending,,
grasp_protocol_v3__mean__smap__SMAP_F-3__seed1106,mean,smap,SMAP_F-3,1106,pending,,
grasp_protocol_v3__mean__smap__SMAP_G-1__seed1106,mean,smap,SMAP_G-1,1106,pending,,
grasp_protocol_v3__mean__smap__SMAP_G-2__seed1106,mean,smap,SMAP_G-2,1106,pending,,
grasp_protocol_v3__mean__smap__SMAP_G-3__seed1106,mean,smap,SMAP_G-3,1106,pending,,
grasp_protocol_v3__mean__smap__SMAP_G-4__seed1106,mean,smap,SMAP_G-4,1106,pending,,
grasp_protocol_v3__mean__smap__SMAP_G-6__seed1106,mean,smap,SMAP_G-6,1106,pending,,
grasp_protocol_v3__mean__smap__SMAP_G-7__seed1106,mean,smap,SMAP_G-7,1106,pending,,
grasp_protocol_v3__mean__smap__SMAP_P-1__seed1106,mean,smap,SMAP_P-1,1106,pending,,
grasp_protocol_v3__mean__smap__SMAP_P-2__seed1106,mean,smap,SMAP_P-2,1106,pending,,
grasp_protocol_v3__mean__smap__SMAP_P-3__seed1106,mean,smap,SMAP_P-3,1106,pending,,
grasp_protocol_v3__mean__smap__SMAP_P-4__seed1106,mean,smap,SMAP_P-4,1106,pending,,
grasp_protocol_v3__mean__smap__SMAP_R-1__seed1106,mean,smap,SMAP_R-1,1106,pending,,
grasp_protocol_v3__mean__smap__SMAP_S-1__seed1106,mean,smap,SMAP_S-1,1106,pending,,
grasp_protocol_v3__mean__smap__SMAP_T-1__seed1106,mean,smap,SMAP_T-1,1106,pending,,
grasp_protocol_v3__mean__smap__SMAP_T-2__seed1106,mean,smap,SMAP_T-2,1106,pending,,
grasp_protocol_v3__mean__smap__SMAP_T-3__seed1106,mean,smap,SMAP_T-3,1106,pending,,
grasp_protocol_v3__er__smap__SMAP_A-1__seed1106,er,smap,SMAP_A-1,1106,pending,,
grasp_protocol_v3__er__smap__SMAP_A-2__seed1106,er,smap,SMAP_A-2,1106,pending,,
grasp_protocol_v3__er__smap__SMAP_A-3__seed1106,er,smap,SMAP_A-3,1106,pending,,
grasp_protocol_v3__er__smap__SMAP_A-4__seed1106,er,smap,SMAP_A-4,1106,pending,,
grasp_protocol_v3__er__smap__SMAP_A-5__seed1106,er,smap,SMAP_A-5,1106,pending,,
grasp_protocol_v3__er__smap__SMAP_A-6__seed1106,er,smap,SMAP_A-6,1106,pending,,
grasp_protocol_v3__er__smap__SMAP_A-7__seed1106,er,smap,SMAP_A-7,1106,pending,,
grasp_protocol_v3__er__smap__SMAP_A-8__seed1106,er,smap,SMAP_A-8,1106,pending,,
grasp_protocol_v3__er__smap__SMAP_A-9__seed1106,er,smap,SMAP_A-9,1106,pending,,
grasp_protocol_v3__er__smap__SMAP_B-1__seed1106,er,smap,SMAP_B-1,1106,pending,,
grasp_protocol_v3__er__smap__SMAP_D-11__seed1106,er,smap,SMAP_D-11,1106,pending,,
grasp_protocol_v3__er__smap__SMAP_D-1__seed1106,er,smap,SMAP_D-1,1106,pending,,
grasp_protocol_v3__er__smap__SMAP_D-2__seed1106,er,smap,SMAP_D-2,1106,pending,,
grasp_protocol_v3__er__smap__SMAP_D-3__seed1106,er,smap,SMAP_D-3,1106,pending,,
grasp_protocol_v3__er__smap__SMAP_D-4__seed1106,er,smap,SMAP_D-4,1106,pending,,
grasp_protocol_v3__er__smap__SMAP_D-5__seed1106,er,smap,SMAP_D-5,1106,pending,,
grasp_protocol_v3__er__smap__SMAP_D-6__seed1106,er,smap,SMAP_D-6,1106,pending,,
grasp_protocol_v3__er__smap__SMAP_D-7__seed1106,er,smap,SMAP_D-7,1106,pending,,
grasp_protocol_v3__er__smap__SMAP_D-8__seed1106,er,smap,SMAP_D-8,1106,pending,,
grasp_protocol_v3__er__smap__SMAP_D-9__seed1106,er,smap,SMAP_D-9,1106,pending,,
grasp_protocol_v3__er__smap__SMAP_E-10__seed1106,er,smap,SMAP_E-10,1106,pending,,
grasp_protocol_v3__er__smap__SMAP_E-11__seed1106,er,smap,SMAP_E-11,1106,pending,,
grasp_protocol_v3__er__smap__SMAP_E-12__seed1106,er,smap,SMAP_E-12,1106,pending,,
grasp_protocol_v3__er__smap__SMAP_E-13__seed1106,er,smap,SMAP_E-13,1106,pending,,
grasp_protocol_v3__er__smap__SMAP_E-1__seed1106,er,smap,SMAP_E-1,1106,pending,,
grasp_protocol_v3__er__smap__SMAP_E-2__seed1106,er,smap,SMAP_E-2,1106,pending,,
grasp_protocol_v3__er__smap__SMAP_E-3__seed1106,er,smap,SMAP_E-3,1106,pending,,
grasp_protocol_v3__er__smap__SMAP_E-4__seed1106,er,smap,SMAP_E-4,1106,pending,,
grasp_protocol_v3__er__smap__SMAP_E-5__seed1106,er,smap,SMAP_E-5,1106,pending,,
grasp_protocol_v3__er__smap__SMAP_E-6__seed1106,er,smap,SMAP_E-6,1106,pending,,
grasp_protocol_v3__er__smap__SMAP_E-7__seed1106,er,smap,SMAP_E-7,1106,pending,,
grasp_protocol_v3__er__smap__SMAP_E-8__seed1106,er,smap,SMAP_E-8,1106,pending,,
grasp_protocol_v3__er__smap__SMAP_E-9__seed1106,er,smap,SMAP_E-9,1106,pending,,
grasp_protocol_v3__er__smap__SMAP_F-1__seed1106,er,smap,SMAP_F-1,1106,pending,,
grasp_protocol_v3__er__smap__SMAP_F-2__seed1106,er,smap,SMAP_F-2,1106,pending,,
grasp_protocol_v3__er__smap__SMAP_F-3__seed1106,er,smap,SMAP_F-3,1106,pending,,
grasp_protocol_v3__er__smap__SMAP_G-1__seed1106,er,smap,SMAP_G-1,1106,pending,,
grasp_protocol_v3__er__smap__SMAP_G-2__seed1106,er,smap,SMAP_G-2,1106,pending,,
grasp_protocol_v3__er__smap__SMAP_G-3__seed1106,er,smap,SMAP_G-3,1106,pending,,
grasp_protocol_v3__er__smap__SMAP_G-4__seed1106,er,smap,SMAP_G-4,1106,pending,,
grasp_protocol_v3__er__smap__SMAP_G-6__seed1106,er,smap,SMAP_G-6,1106,pending,,
grasp_protocol_v3__er__smap__SMAP_G-7__seed1106,er,smap,SMAP_G-7,1106,pending,,
grasp_protocol_v3__er__smap__SMAP_P-1__seed1106,er,smap,SMAP_P-1,1106,pending,,
grasp_protocol_v3__er__smap__SMAP_P-2__seed1106,er,smap,SMAP_P-2,1106,pending,,
grasp_protocol_v3__er__smap__SMAP_P-3__seed1106,er,smap,SMAP_P-3,1106,pending,,
grasp_protocol_v3__er__smap__SMAP_P-4__seed1106,er,smap,SMAP_P-4,1106,pending,,
grasp_protocol_v3__er__smap__SMAP_R-1__seed1106,er,smap,SMAP_R-1,1106,pending,,
grasp_protocol_v3__er__smap__SMAP_S-1__seed1106,er,smap,SMAP_S-1,1106,pending,,
grasp_protocol_v3__er__smap__SMAP_T-1__seed1106,er,smap,SMAP_T-1,1106,pending,,
grasp_protocol_v3__er__smap__SMAP_T-2__seed1106,er,smap,SMAP_T-2,1106,pending,,
grasp_protocol_v3__er__smap__SMAP_T-3__seed1106,er,smap,SMAP_T-3,1106,pending,,
grasp_protocol_v3__lin__smap__SMAP_A-1__seed1106,lin,smap,SMAP_A-1,1106,pending,,
grasp_protocol_v3__lin__smap__SMAP_A-2__seed1106,lin,smap,SMAP_A-2,1106,pending,,
grasp_protocol_v3__lin__smap__SMAP_A-3__seed1106,lin,smap,SMAP_A-3,1106,pending,,
grasp_protocol_v3__lin__smap__SMAP_A-4__seed1106,lin,smap,SMAP_A-4,1106,pending,,
grasp_protocol_v3__lin__smap__SMAP_A-5__seed1106,lin,smap,SMAP_A-5,1106,pending,,
grasp_protocol_v3__lin__smap__SMAP_A-6__seed1106,lin,smap,SMAP_A-6,1106,pending,,
grasp_protocol_v3__lin__smap__SMAP_A-7__seed1106,lin,smap,SMAP_A-7,1106,pending,,
grasp_protocol_v3__lin__smap__SMAP_A-8__seed1106,lin,smap,SMAP_A-8,1106,pending,,
grasp_protocol_v3__lin__smap__SMAP_A-9__seed1106,lin,smap,SMAP_A-9,1106,pending,,
grasp_protocol_v3__lin__smap__SMAP_B-1__seed1106,lin,smap,SMAP_B-1,1106,pending,,
grasp_protocol_v3__lin__smap__SMAP_D-11__seed1106,lin,smap,SMAP_D-11,1106,pending,,
grasp_protocol_v3__lin__smap__SMAP_D-1__seed1106,lin,smap,SMAP_D-1,1106,pending,,
grasp_protocol_v3__lin__smap__SMAP_D-2__seed1106,lin,smap,SMAP_D-2,1106,pending,,
grasp_protocol_v3__lin__smap__SMAP_D-3__seed1106,lin,smap,SMAP_D-3,1106,pending,,
grasp_protocol_v3__lin__smap__SMAP_D-4__seed1106,lin,smap,SMAP_D-4,1106,pending,,
grasp_protocol_v3__lin__smap__SMAP_D-5__seed1106,lin,smap,SMAP_D-5,1106,pending,,
grasp_protocol_v3__lin__smap__SMAP_D-6__seed1106,lin,smap,SMAP_D-6,1106,pending,,
grasp_protocol_v3__lin__smap__SMAP_D-7__seed1106,lin,smap,SMAP_D-7,1106,pending,,
grasp_protocol_v3__lin__smap__SMAP_D-8__seed1106,lin,smap,SMAP_D-8,1106,pending,,
grasp_protocol_v3__lin__smap__SMAP_D-9__seed1106,lin,smap,SMAP_D-9,1106,pending,,
grasp_protocol_v3__lin__smap__SMAP_E-10__seed1106,lin,smap,SMAP_E-10,1106,pending,,
grasp_protocol_v3__lin__smap__SMAP_E-11__seed1106,lin,smap,SMAP_E-11,1106,pending,,
grasp_protocol_v3__lin__smap__SMAP_E-12__seed1106,lin,smap,SMAP_E-12,1106,pending,,
grasp_protocol_v3__lin__smap__SMAP_E-13__seed1106,lin,smap,SMAP_E-13,1106,pending,,
grasp_protocol_v3__lin__smap__SMAP_E-1__seed1106,lin,smap,SMAP_E-1,1106,pending,,
grasp_protocol_v3__lin__smap__SMAP_E-2__seed1106,lin,smap,SMAP_E-2,1106,pending,,
grasp_protocol_v3__lin__smap__SMAP_E-3__seed1106,lin,smap,SMAP_E-3,1106,pending,,
grasp_protocol_v3__lin__smap__SMAP_E-4__seed1106,lin,smap,SMAP_E-4,1106,pending,,
grasp_protocol_v3__lin__smap__SMAP_E-5__seed1106,lin,smap,SMAP_E-5,1106,pending,,
grasp_protocol_v3__lin__smap__SMAP_E-6__seed1106,lin,smap,SMAP_E-6,1106,pending,,
grasp_protocol_v3__lin__smap__SMAP_E-7__seed1106,lin,smap,SMAP_E-7,1106,pending,,
grasp_protocol_v3__lin__smap__SMAP_E-8__seed1106,lin,smap,SMAP_E-8,1106,pending,,
grasp_protocol_v3__lin__smap__SMAP_E-9__seed1106,lin,smap,SMAP_E-9,1106,pending,,
grasp_protocol_v3__lin__smap__SMAP_F-1__seed1106,lin,smap,SMAP_F-1,1106,pending,,
grasp_protocol_v3__lin__smap__SMAP_F-2__seed1106,lin,smap,SMAP_F-2,1106,pending,,
grasp_protocol_v3__lin__smap__SMAP_F-3__seed1106,lin,smap,SMAP_F-3,1106,pending,,
grasp_protocol_v3__lin__smap__SMAP_G-1__seed1106,lin,smap,SMAP_G-1,1106,pending,,
grasp_protocol_v3__lin__smap__SMAP_G-2__seed1106,lin,smap,SMAP_G-2,1106,pending,,
grasp_protocol_v3__lin__smap__SMAP_G-3__seed1106,lin,smap,SMAP_G-3,1106,pending,,
grasp_protocol_v3__lin__smap__SMAP_G-4__seed1106,lin,smap,SMAP_G-4,1106,pending,,
grasp_protocol_v3__lin__smap__SMAP_G-6__seed1106,lin,smap,SMAP_G-6,1106,pending,,
grasp_protocol_v3__lin__smap__SMAP_G-7__seed1106,lin,smap,SMAP_G-7,1106,pending,,
grasp_protocol_v3__lin__smap__SMAP_P-1__seed1106,lin,smap,SMAP_P-1,1106,pending,,
grasp_protocol_v3__lin__smap__SMAP_P-2__seed1106,lin,smap,SMAP_P-2,1106,pending,,
grasp_protocol_v3__lin__smap__SMAP_P-3__seed1106,lin,smap,SMAP_P-3,1106,pending,,
grasp_protocol_v3__lin__smap__SMAP_P-4__seed1106,lin,smap,SMAP_P-4,1106,pending,,
grasp_protocol_v3__lin__smap__SMAP_R-1__seed1106,lin,smap,SMAP_R-1,1106,pending,,
grasp_protocol_v3__lin__smap__SMAP_S-1__seed1106,lin,smap,SMAP_S-1,1106,pending,,
grasp_protocol_v3__lin__smap__SMAP_T-1__seed1106,lin,smap,SMAP_T-1,1106,pending,,
grasp_protocol_v3__lin__smap__SMAP_T-2__seed1106,lin,smap,SMAP_T-2,1106,pending,,
grasp_protocol_v3__lin__smap__SMAP_T-3__seed1106,lin,smap,SMAP_T-3,1106,pending,,
grasp_protocol_v3__tau_0__smap__SMAP_A-1__seed1106,tau_0,smap,SMAP_A-1,1106,pending,,
grasp_protocol_v3__tau_0__smap__SMAP_A-2__seed1106,tau_0,smap,SMAP_A-2,1106,pending,,
grasp_protocol_v3__tau_0__smap__SMAP_A-3__seed1106,tau_0,smap,SMAP_A-3,1106,pending,,
grasp_protocol_v3__tau_0__smap__SMAP_A-4__seed1106,tau_0,smap,SMAP_A-4,1106,pending,,
grasp_protocol_v3__tau_0__smap__SMAP_A-5__seed1106,tau_0,smap,SMAP_A-5,1106,pending,,
grasp_protocol_v3__tau_0__smap__SMAP_A-6__seed1106,tau_0,smap,SMAP_A-6,1106,pending,,
grasp_protocol_v3__tau_0__smap__SMAP_A-7__seed1106,tau_0,smap,SMAP_A-7,1106,pending,,
grasp_protocol_v3__tau_0__smap__SMAP_A-8__seed1106,tau_0,smap,SMAP_A-8,1106,pending,,
grasp_protocol_v3__tau_0__smap__SMAP_A-9__seed1106,tau_0,smap,SMAP_A-9,1106,pending,,
grasp_protocol_v3__tau_0__smap__SMAP_B-1__seed1106,tau_0,smap,SMAP_B-1,1106,pending,,
grasp_protocol_v3__tau_0__smap__SMAP_D-11__seed1106,tau_0,smap,SMAP_D-11,1106,pending,,
grasp_protocol_v3__tau_0__smap__SMAP_D-1__seed1106,tau_0,smap,SMAP_D-1,1106,pending,,
grasp_protocol_v3__tau_0__smap__SMAP_D-2__seed1106,tau_0,smap,SMAP_D-2,1106,pending,,
grasp_protocol_v3__tau_0__smap__SMAP_D-3__seed1106,tau_0,smap,SMAP_D-3,1106,pending,,
grasp_protocol_v3__tau_0__smap__SMAP_D-4__seed1106,tau_0,smap,SMAP_D-4,1106,pending,,
grasp_protocol_v3__tau_0__smap__SMAP_D-5__seed1106,tau_0,smap,SMAP_D-5,1106,pending,,
grasp_protocol_v3__tau_0__smap__SMAP_D-6__seed1106,tau_0,smap,SMAP_D-6,1106,pending,,
grasp_protocol_v3__tau_0__smap__SMAP_D-7__seed1106,tau_0,smap,SMAP_D-7,1106,pending,,
grasp_protocol_v3__tau_0__smap__SMAP_D-8__seed1106,tau_0,smap,SMAP_D-8,1106,pending,,
grasp_protocol_v3__tau_0__smap__SMAP_D-9__seed1106,tau_0,smap,SMAP_D-9,1106,pending,,
grasp_protocol_v3__tau_0__smap__SMAP_E-10__seed1106,tau_0,smap,SMAP_E-10,1106,pending,,
grasp_protocol_v3__tau_0__smap__SMAP_E-11__seed1106,tau_0,smap,SMAP_E-11,1106,pending,,
grasp_protocol_v3__tau_0__smap__SMAP_E-12__seed1106,tau_0,smap,SMAP_E-12,1106,pending,,
grasp_protocol_v3__tau_0__smap__SMAP_E-13__seed1106,tau_0,smap,SMAP_E-13,1106,pending,,
grasp_protocol_v3__tau_0__smap__SMAP_E-1__seed1106,tau_0,smap,SMAP_E-1,1106,pending,,
grasp_protocol_v3__tau_0__smap__SMAP_E-2__seed1106,tau_0,smap,SMAP_E-2,1106,pending,,
grasp_protocol_v3__tau_0__smap__SMAP_E-3__seed1106,tau_0,smap,SMAP_E-3,1106,pending,,
grasp_protocol_v3__tau_0__smap__SMAP_E-4__seed1106,tau_0,smap,SMAP_E-4,1106,pending,,
grasp_protocol_v3__tau_0__smap__SMAP_E-5__seed1106,tau_0,smap,SMAP_E-5,1106,pending,,
grasp_protocol_v3__tau_0__smap__SMAP_E-6__seed1106,tau_0,smap,SMAP_E-6,1106,pending,,
grasp_protocol_v3__tau_0__smap__SMAP_E-7__seed1106,tau_0,smap,SMAP_E-7,1106,pending,,
grasp_protocol_v3__tau_0__smap__SMAP_E-8__seed1106,tau_0,smap,SMAP_E-8,1106,pending,,
grasp_protocol_v3__tau_0__smap__SMAP_E-9__seed1106,tau_0,smap,SMAP_E-9,1106,pending,,
grasp_protocol_v3__tau_0__smap__SMAP_F-1__seed1106,tau_0,smap,SMAP_F-1,1106,pending,,
grasp_protocol_v3__tau_0__smap__SMAP_F-2__seed1106,tau_0,smap,SMAP_F-2,1106,pending,,
grasp_protocol_v3__tau_0__smap__SMAP_F-3__seed1106,tau_0,smap,SMAP_F-3,1106,pending,,
grasp_protocol_v3__tau_0__smap__SMAP_G-1__seed1106,tau_0,smap,SMAP_G-1,1106,pending,,
grasp_protocol_v3__tau_0__smap__SMAP_G-2__seed1106,tau_0,smap,SMAP_G-2,1106,pending,,
grasp_protocol_v3__tau_0__smap__SMAP_G-3__seed1106,tau_0,smap,SMAP_G-3,1106,pending,,
grasp_protocol_v3__tau_0__smap__SMAP_G-4__seed1106,tau_0,smap,SMAP_G-4,1106,pending,,
grasp_protocol_v3__tau_0__smap__SMAP_G-6__seed1106,tau_0,smap,SMAP_G-6,1106,pending,,
grasp_protocol_v3__tau_0__smap__SMAP_G-7__seed1106,tau_0,smap,SMAP_G-7,1106,pending,,
grasp_protocol_v3__tau_0__smap__SMAP_P-1__seed1106,tau_0,smap,SMAP_P-1,1106,pending,,
grasp_protocol_v3__tau_0__smap__SMAP_P-2__seed1106,tau_0,smap,SMAP_P-2,1106,pending,,
grasp_protocol_v3__tau_0__smap__SMAP_P-3__seed1106,tau_0,smap,SMAP_P-3,1106,pending,,
grasp_protocol_v3__tau_0__smap__SMAP_P-4__seed1106,tau_0,smap,SMAP_P-4,1106,pending,,
grasp_protocol_v3__tau_0__smap__SMAP_R-1__seed1106,tau_0,smap,SMAP_R-1,1106,pending,,
grasp_protocol_v3__tau_0__smap__SMAP_S-1__seed1106,tau_0,smap,SMAP_S-1,1106,pending,,
grasp_protocol_v3__tau_0__smap__SMAP_T-1__seed1106,tau_0,smap,SMAP_T-1,1106,pending,,
grasp_protocol_v3__tau_0__smap__SMAP_T-2__seed1106,tau_0,smap,SMAP_T-2,1106,pending,,
grasp_protocol_v3__tau_0__smap__SMAP_T-3__seed1106,tau_0,smap,SMAP_T-3,1106,pending,,
grasp_protocol_v3__tau_0p25__smap__SMAP_A-1__seed1106,tau_0p25,smap,SMAP_A-1,1106,pending,,
grasp_protocol_v3__tau_0p25__smap__SMAP_A-2__seed1106,tau_0p25,smap,SMAP_A-2,1106,pending,,
grasp_protocol_v3__tau_0p25__smap__SMAP_A-3__seed1106,tau_0p25,smap,SMAP_A-3,1106,pending,,
grasp_protocol_v3__tau_0p25__smap__SMAP_A-4__seed1106,tau_0p25,smap,SMAP_A-4,1106,pending,,
grasp_protocol_v3__tau_0p25__smap__SMAP_A-5__seed1106,tau_0p25,smap,SMAP_A-5,1106,pending,,
grasp_protocol_v3__tau_0p25__smap__SMAP_A-6__seed1106,tau_0p25,smap,SMAP_A-6,1106,pending,,
grasp_protocol_v3__tau_0p25__smap__SMAP_A-7__seed1106,tau_0p25,smap,SMAP_A-7,1106,pending,,
grasp_protocol_v3__tau_0p25__smap__SMAP_A-8__seed1106,tau_0p25,smap,SMAP_A-8,1106,pending,,
grasp_protocol_v3__tau_0p25__smap__SMAP_A-9__seed1106,tau_0p25,smap,SMAP_A-9,1106,pending,,
grasp_protocol_v3__tau_0p25__smap__SMAP_B-1__seed1106,tau_0p25,smap,SMAP_B-1,1106,pending,,
grasp_protocol_v3__tau_0p25__smap__SMAP_D-11__seed1106,tau_0p25,smap,SMAP_D-11,1106,pending,,
grasp_protocol_v3__tau_0p25__smap__SMAP_D-1__seed1106,tau_0p25,smap,SMAP_D-1,1106,pending,,
grasp_protocol_v3__tau_0p25__smap__SMAP_D-2__seed1106,tau_0p25,smap,SMAP_D-2,1106,pending,,
grasp_protocol_v3__tau_0p25__smap__SMAP_D-3__seed1106,tau_0p25,smap,SMAP_D-3,1106,pending,,
grasp_protocol_v3__tau_0p25__smap__SMAP_D-4__seed1106,tau_0p25,smap,SMAP_D-4,1106,pending,,
grasp_protocol_v3__tau_0p25__smap__SMAP_D-5__seed1106,tau_0p25,smap,SMAP_D-5,1106,pending,,
grasp_protocol_v3__tau_0p25__smap__SMAP_D-6__seed1106,tau_0p25,smap,SMAP_D-6,1106,pending,,
grasp_protocol_v3__tau_0p25__smap__SMAP_D-7__seed1106,tau_0p25,smap,SMAP_D-7,1106,pending,,
grasp_protocol_v3__tau_0p25__smap__SMAP_D-8__seed1106,tau_0p25,smap,SMAP_D-8,1106,pending,,
grasp_protocol_v3__tau_0p25__smap__SMAP_D-9__seed1106,tau_0p25,smap,SMAP_D-9,1106,pending,,
grasp_protocol_v3__tau_0p25__smap__SMAP_E-10__seed1106,tau_0p25,smap,SMAP_E-10,1106,pending,,
grasp_protocol_v3__tau_0p25__smap__SMAP_E-11__seed1106,tau_0p25,smap,SMAP_E-11,1106,pending,,
grasp_protocol_v3__tau_0p25__smap__SMAP_E-12__seed1106,tau_0p25,smap,SMAP_E-12,1106,pending,,
grasp_protocol_v3__tau_0p25__smap__SMAP_E-13__seed1106,tau_0p25,smap,SMAP_E-13,1106,pending,,
grasp_protocol_v3__tau_0p25__smap__SMAP_E-1__seed1106,tau_0p25,smap,SMAP_E-1,1106,pending,,
grasp_protocol_v3__tau_0p25__smap__SMAP_E-2__seed1106,tau_0p25,smap,SMAP_E-2,1106,pending,,
grasp_protocol_v3__tau_0p25__smap__SMAP_E-3__seed1106,tau_0p25,smap,SMAP_E-3,1106,pending,,
grasp_protocol_v3__tau_0p25__smap__SMAP_E-4__seed1106,tau_0p25,smap,SMAP_E-4,1106,pending,,
grasp_protocol_v3__tau_0p25__smap__SMAP_E-5__seed1106,tau_0p25,smap,SMAP_E-5,1106,pending,,
grasp_protocol_v3__tau_0p25__smap__SMAP_E-6__seed1106,tau_0p25,smap,SMAP_E-6,1106,pending,,
grasp_protocol_v3__tau_0p25__smap__SMAP_E-7__seed1106,tau_0p25,smap,SMAP_E-7,1106,pending,,
grasp_protocol_v3__tau_0p25__smap__SMAP_E-8__seed1106,tau_0p25,smap,SMAP_E-8,1106,pending,,
grasp_protocol_v3__tau_0p25__smap__SMAP_E-9__seed1106,tau_0p25,smap,SMAP_E-9,1106,pending,,
grasp_protocol_v3__tau_0p25__smap__SMAP_F-1__seed1106,tau_0p25,smap,SMAP_F-1,1106,pending,,
grasp_protocol_v3__tau_0p25__smap__SMAP_F-2__seed1106,tau_0p25,smap,SMAP_F-2,1106,pending,,
grasp_protocol_v3__tau_0p25__smap__SMAP_F-3__seed1106,tau_0p25,smap,SMAP_F-3,1106,pending,,
grasp_protocol_v3__tau_0p25__smap__SMAP_G-1__seed1106,tau_0p25,smap,SMAP_G-1,1106,pending,,
grasp_protocol_v3__tau_0p25__smap__SMAP_G-2__seed1106,tau_0p25,smap,SMAP_G-2,1106,pending,,
grasp_protocol_v3__tau_0p25__smap__SMAP_G-3__seed1106,tau_0p25,smap,SMAP_G-3,1106,pending,,
grasp_protocol_v3__tau_0p25__smap__SMAP_G-4__seed1106,tau_0p25,smap,SMAP_G-4,1106,pending,,
grasp_protocol_v3__tau_0p25__smap__SMAP_G-6__seed1106,tau_0p25,smap,SMAP_G-6,1106,pending,,
grasp_protocol_v3__tau_0p25__smap__SMAP_G-7__seed1106,tau_0p25,smap,SMAP_G-7,1106,pending,,
grasp_protocol_v3__tau_0p25__smap__SMAP_P-1__seed1106,tau_0p25,smap,SMAP_P-1,1106,pending,,
grasp_protocol_v3__tau_0p25__smap__SMAP_P-2__seed1106,tau_0p25,smap,SMAP_P-2,1106,pending,,
grasp_protocol_v3__tau_0p25__smap__SMAP_P-3__seed1106,tau_0p25,smap,SMAP_P-3,1106,pending,,
grasp_protocol_v3__tau_0p25__smap__SMAP_P-4__seed1106,tau_0p25,smap,SMAP_P-4,1106,pending,,
grasp_protocol_v3__tau_0p25__smap__SMAP_R-1__seed1106,tau_0p25,smap,SMAP_R-1,1106,pending,,
grasp_protocol_v3__tau_0p25__smap__SMAP_S-1__seed1106,tau_0p25,smap,SMAP_S-1,1106,pending,,
grasp_protocol_v3__tau_0p25__smap__SMAP_T-1__seed1106,tau_0p25,smap,SMAP_T-1,1106,pending,,
grasp_protocol_v3__tau_0p25__smap__SMAP_T-2__seed1106,tau_0p25,smap,SMAP_T-2,1106,pending,,
grasp_protocol_v3__tau_0p25__smap__SMAP_T-3__seed1106,tau_0p25,smap,SMAP_T-3,1106,pending,,
grasp_protocol_v3__tau_0p5__smap__SMAP_A-1__seed1106,tau_0p5,smap,SMAP_A-1,1106,pending,,
grasp_protocol_v3__tau_0p5__smap__SMAP_A-2__seed1106,tau_0p5,smap,SMAP_A-2,1106,pending,,
grasp_protocol_v3__tau_0p5__smap__SMAP_A-3__seed1106,tau_0p5,smap,SMAP_A-3,1106,pending,,
grasp_protocol_v3__tau_0p5__smap__SMAP_A-4__seed1106,tau_0p5,smap,SMAP_A-4,1106,pending,,
grasp_protocol_v3__tau_0p5__smap__SMAP_A-5__seed1106,tau_0p5,smap,SMAP_A-5,1106,pending,,
grasp_protocol_v3__tau_0p5__smap__SMAP_A-6__seed1106,tau_0p5,smap,SMAP_A-6,1106,pending,,
grasp_protocol_v3__tau_0p5__smap__SMAP_A-7__seed1106,tau_0p5,smap,SMAP_A-7,1106,pending,,
grasp_protocol_v3__tau_0p5__smap__SMAP_A-8__seed1106,tau_0p5,smap,SMAP_A-8,1106,pending,,
grasp_protocol_v3__tau_0p5__smap__SMAP_A-9__seed1106,tau_0p5,smap,SMAP_A-9,1106,pending,,
grasp_protocol_v3__tau_0p5__smap__SMAP_B-1__seed1106,tau_0p5,smap,SMAP_B-1,1106,pending,,
grasp_protocol_v3__tau_0p5__smap__SMAP_D-11__seed1106,tau_0p5,smap,SMAP_D-11,1106,pending,,
grasp_protocol_v3__tau_0p5__smap__SMAP_D-1__seed1106,tau_0p5,smap,SMAP_D-1,1106,pending,,
grasp_protocol_v3__tau_0p5__smap__SMAP_D-2__seed1106,tau_0p5,smap,SMAP_D-2,1106,pending,,
grasp_protocol_v3__tau_0p5__smap__SMAP_D-3__seed1106,tau_0p5,smap,SMAP_D-3,1106,pending,,
grasp_protocol_v3__tau_0p5__smap__SMAP_D-4__seed1106,tau_0p5,smap,SMAP_D-4,1106,pending,,
grasp_protocol_v3__tau_0p5__smap__SMAP_D-5__seed1106,tau_0p5,smap,SMAP_D-5,1106,pending,,
grasp_protocol_v3__tau_0p5__smap__SMAP_D-6__seed1106,tau_0p5,smap,SMAP_D-6,1106,pending,,
grasp_protocol_v3__tau_0p5__smap__SMAP_D-7__seed1106,tau_0p5,smap,SMAP_D-7,1106,pending,,
grasp_protocol_v3__tau_0p5__smap__SMAP_D-8__seed1106,tau_0p5,smap,SMAP_D-8,1106,pending,,
grasp_protocol_v3__tau_0p5__smap__SMAP_D-9__seed1106,tau_0p5,smap,SMAP_D-9,1106,pending,,
grasp_protocol_v3__tau_0p5__smap__SMAP_E-10__seed1106,tau_0p5,smap,SMAP_E-10,1106,pending,,
grasp_protocol_v3__tau_0p5__smap__SMAP_E-11__seed1106,tau_0p5,smap,SMAP_E-11,1106,pending,,
grasp_protocol_v3__tau_0p5__smap__SMAP_E-12__seed1106,tau_0p5,smap,SMAP_E-12,1106,pending,,
grasp_protocol_v3__tau_0p5__smap__SMAP_E-13__seed1106,tau_0p5,smap,SMAP_E-13,1106,pending,,
grasp_protocol_v3__tau_0p5__smap__SMAP_E-1__seed1106,tau_0p5,smap,SMAP_E-1,1106,pending,,
grasp_protocol_v3__tau_0p5__smap__SMAP_E-2__seed1106,tau_0p5,smap,SMAP_E-2,1106,pending,,
grasp_protocol_v3__tau_0p5__smap__SMAP_E-3__seed1106,tau_0p5,smap,SMAP_E-3,1106,pending,,
grasp_protocol_v3__tau_0p5__smap__SMAP_E-4__seed1106,tau_0p5,smap,SMAP_E-4,1106,pending,,
grasp_protocol_v3__tau_0p5__smap__SMAP_E-5__seed1106,tau_0p5,smap,SMAP_E-5,1106,pending,,
grasp_protocol_v3__tau_0p5__smap__SMAP_E-6__seed1106,tau_0p5,smap,SMAP_E-6,1106,pending,,
grasp_protocol_v3__tau_0p5__smap__SMAP_E-7__seed1106,tau_0p5,smap,SMAP_E-7,1106,pending,,
grasp_protocol_v3__tau_0p5__smap__SMAP_E-8__seed1106,tau_0p5,smap,SMAP_E-8,1106,pending,,
grasp_protocol_v3__tau_0p5__smap__SMAP_E-9__seed1106,tau_0p5,smap,SMAP_E-9,1106,pending,,
grasp_protocol_v3__tau_0p5__smap__SMAP_F-1__seed1106,tau_0p5,smap,SMAP_F-1,1106,pending,,
grasp_protocol_v3__tau_0p5__smap__SMAP_F-2__seed1106,tau_0p5,smap,SMAP_F-2,1106,pending,,
grasp_protocol_v3__tau_0p5__smap__SMAP_F-3__seed1106,tau_0p5,smap,SMAP_F-3,1106,pending,,
grasp_protocol_v3__tau_0p5__smap__SMAP_G-1__seed1106,tau_0p5,smap,SMAP_G-1,1106,pending,,
grasp_protocol_v3__tau_0p5__smap__SMAP_G-2__seed1106,tau_0p5,smap,SMAP_G-2,1106,pending,,
grasp_protocol_v3__tau_0p5__smap__SMAP_G-3__seed1106,tau_0p5,smap,SMAP_G-3,1106,pending,,
grasp_protocol_v3__tau_0p5__smap__SMAP_G-4__seed1106,tau_0p5,smap,SMAP_G-4,1106,pending,,
grasp_protocol_v3__tau_0p5__smap__SMAP_G-6__seed1106,tau_0p5,smap,SMAP_G-6,1106,pending,,
grasp_protocol_v3__tau_0p5__smap__SMAP_G-7__seed1106,tau_0p5,smap,SMAP_G-7,1106,pending,,
grasp_protocol_v3__tau_0p5__smap__SMAP_P-1__seed1106,tau_0p5,smap,SMAP_P-1,1106,pending,,
grasp_protocol_v3__tau_0p5__smap__SMAP_P-2__seed1106,tau_0p5,smap,SMAP_P-2,1106,pending,,
grasp_protocol_v3__tau_0p5__smap__SMAP_P-3__seed1106,tau_0p5,smap,SMAP_P-3,1106,pending,,
grasp_protocol_v3__tau_0p5__smap__SMAP_P-4__seed1106,tau_0p5,smap,SMAP_P-4,1106,pending,,
grasp_protocol_v3__tau_0p5__smap__SMAP_R-1__seed1106,tau_0p5,smap,SMAP_R-1,1106,pending,,
grasp_protocol_v3__tau_0p5__smap__SMAP_S-1__seed1106,tau_0p5,smap,SMAP_S-1,1106,pending,,
grasp_protocol_v3__tau_0p5__smap__SMAP_T-1__seed1106,tau_0p5,smap,SMAP_T-1,1106,pending,,
grasp_protocol_v3__tau_0p5__smap__SMAP_T-2__seed1106,tau_0p5,smap,SMAP_T-2,1106,pending,,
grasp_protocol_v3__tau_0p5__smap__SMAP_T-3__seed1106,tau_0p5,smap,SMAP_T-3,1106,pending,,
grasp_protocol_v3__tau_1__smap__SMAP_A-1__seed1106,tau_1,smap,SMAP_A-1,1106,pending,,
grasp_protocol_v3__tau_1__smap__SMAP_A-2__seed1106,tau_1,smap,SMAP_A-2,1106,pending,,
grasp_protocol_v3__tau_1__smap__SMAP_A-3__seed1106,tau_1,smap,SMAP_A-3,1106,pending,,
grasp_protocol_v3__tau_1__smap__SMAP_A-4__seed1106,tau_1,smap,SMAP_A-4,1106,pending,,
grasp_protocol_v3__tau_1__smap__SMAP_A-5__seed1106,tau_1,smap,SMAP_A-5,1106,pending,,
grasp_protocol_v3__tau_1__smap__SMAP_A-6__seed1106,tau_1,smap,SMAP_A-6,1106,pending,,
grasp_protocol_v3__tau_1__smap__SMAP_A-7__seed1106,tau_1,smap,SMAP_A-7,1106,pending,,
grasp_protocol_v3__tau_1__smap__SMAP_A-8__seed1106,tau_1,smap,SMAP_A-8,1106,pending,,
grasp_protocol_v3__tau_1__smap__SMAP_A-9__seed1106,tau_1,smap,SMAP_A-9,1106,pending,,
grasp_protocol_v3__tau_1__smap__SMAP_B-1__seed1106,tau_1,smap,SMAP_B-1,1106,pending,,
grasp_protocol_v3__tau_1__smap__SMAP_D-11__seed1106,tau_1,smap,SMAP_D-11,1106,pending,,
grasp_protocol_v3__tau_1__smap__SMAP_D-1__seed1106,tau_1,smap,SMAP_D-1,1106,pending,,
grasp_protocol_v3__tau_1__smap__SMAP_D-2__seed1106,tau_1,smap,SMAP_D-2,1106,pending,,
grasp_protocol_v3__tau_1__smap__SMAP_D-3__seed1106,tau_1,smap,SMAP_D-3,1106,pending,,
grasp_protocol_v3__tau_1__smap__SMAP_D-4__seed1106,tau_1,smap,SMAP_D-4,1106,pending,,
grasp_protocol_v3__tau_1__smap__SMAP_D-5__seed1106,tau_1,smap,SMAP_D-5,1106,pending,,
grasp_protocol_v3__tau_1__smap__SMAP_D-6__seed1106,tau_1,smap,SMAP_D-6,1106,pending,,
grasp_protocol_v3__tau_1__smap__SMAP_D-7__seed1106,tau_1,smap,SMAP_D-7,1106,pending,,
grasp_protocol_v3__tau_1__smap__SMAP_D-8__seed1106,tau_1,smap,SMAP_D-8,1106,pending,,
grasp_protocol_v3__tau_1__smap__SMAP_D-9__seed1106,tau_1,smap,SMAP_D-9,1106,pending,,
grasp_protocol_v3__tau_1__smap__SMAP_E-10__seed1106,tau_1,smap,SMAP_E-10,1106,pending,,
grasp_protocol_v3__tau_1__smap__SMAP_E-11__seed1106,tau_1,smap,SMAP_E-11,1106,pending,,
grasp_protocol_v3__tau_1__smap__SMAP_E-12__seed1106,tau_1,smap,SMAP_E-12,1106,pending,,
grasp_protocol_v3__tau_1__smap__SMAP_E-13__seed1106,tau_1,smap,SMAP_E-13,1106,pending,,
grasp_protocol_v3__tau_1__smap__SMAP_E-1__seed1106,tau_1,smap,SMAP_E-1,1106,pending,,
grasp_protocol_v3__tau_1__smap__SMAP_E-2__seed1106,tau_1,smap,SMAP_E-2,1106,pending,,
grasp_protocol_v3__tau_1__smap__SMAP_E-3__seed1106,tau_1,smap,SMAP_E-3,1106,pending,,
grasp_protocol_v3__tau_1__smap__SMAP_E-4__seed1106,tau_1,smap,SMAP_E-4,1106,pending,,
grasp_protocol_v3__tau_1__smap__SMAP_E-5__seed1106,tau_1,smap,SMAP_E-5,1106,pending,,
grasp_protocol_v3__tau_1__smap__SMAP_E-6__seed1106,tau_1,smap,SMAP_E-6,1106,pending,,
grasp_protocol_v3__tau_1__smap__SMAP_E-7__seed1106,tau_1,smap,SMAP_E-7,1106,pending,,
grasp_protocol_v3__tau_1__smap__SMAP_E-8__seed1106,tau_1,smap,SMAP_E-8,1106,pending,,
grasp_protocol_v3__tau_1__smap__SMAP_E-9__seed1106,tau_1,smap,SMAP_E-9,1106,pending,,
grasp_protocol_v3__tau_1__smap__SMAP_F-1__seed1106,tau_1,smap,SMAP_F-1,1106,pending,,
grasp_protocol_v3__tau_1__smap__SMAP_F-2__seed1106,tau_1,smap,SMAP_F-2,1106,pending,,
grasp_protocol_v3__tau_1__smap__SMAP_F-3__seed1106,tau_1,smap,SMAP_F-3,1106,pending,,
grasp_protocol_v3__tau_1__smap__SMAP_G-1__seed1106,tau_1,smap,SMAP_G-1,1106,pending,,
grasp_protocol_v3__tau_1__smap__SMAP_G-2__seed1106,tau_1,smap,SMAP_G-2,1106,pending,,
grasp_protocol_v3__tau_1__smap__SMAP_G-3__seed1106,tau_1,smap,SMAP_G-3,1106,pending,,
grasp_protocol_v3__tau_1__smap__SMAP_G-4__seed1106,tau_1,smap,SMAP_G-4,1106,pending,,
grasp_protocol_v3__tau_1__smap__SMAP_G-6__seed1106,tau_1,smap,SMAP_G-6,1106,pending,,
grasp_protocol_v3__tau_1__smap__SMAP_G-7__seed1106,tau_1,smap,SMAP_G-7,1106,pending,,
grasp_protocol_v3__tau_1__smap__SMAP_P-1__seed1106,tau_1,smap,SMAP_P-1,1106,pending,,
grasp_protocol_v3__tau_1__smap__SMAP_P-2__seed1106,tau_1,smap,SMAP_P-2,1106,pending,,
grasp_protocol_v3__tau_1__smap__SMAP_P-3__seed1106,tau_1,smap,SMAP_P-3,1106,pending,,
grasp_protocol_v3__tau_1__smap__SMAP_P-4__seed1106,tau_1,smap,SMAP_P-4,1106,pending,,
grasp_protocol_v3__tau_1__smap__SMAP_R-1__seed1106,tau_1,smap,SMAP_R-1,1106,pending,,
grasp_protocol_v3__tau_1__smap__SMAP_S-1__seed1106,tau_1,smap,SMAP_S-1,1106,pending,,
grasp_protocol_v3__tau_1__smap__SMAP_T-1__seed1106,tau_1,smap,SMAP_T-1,1106,pending,,
grasp_protocol_v3__tau_1__smap__SMAP_T-2__seed1106,tau_1,smap,SMAP_T-2,1106,pending,,
grasp_protocol_v3__tau_1__smap__SMAP_T-3__seed1106,tau_1,smap,SMAP_T-3,1106,pending,,
grasp_protocol_v3__tau_4__smap__SMAP_A-1__seed1106,tau_4,smap,SMAP_A-1,1106,pending,,
grasp_protocol_v3__tau_4__smap__SMAP_A-2__seed1106,tau_4,smap,SMAP_A-2,1106,pending,,
grasp_protocol_v3__tau_4__smap__SMAP_A-3__seed1106,tau_4,smap,SMAP_A-3,1106,pending,,
grasp_protocol_v3__tau_4__smap__SMAP_A-4__seed1106,tau_4,smap,SMAP_A-4,1106,pending,,
grasp_protocol_v3__tau_4__smap__SMAP_A-5__seed1106,tau_4,smap,SMAP_A-5,1106,pending,,
grasp_protocol_v3__tau_4__smap__SMAP_A-6__seed1106,tau_4,smap,SMAP_A-6,1106,pending,,
grasp_protocol_v3__tau_4__smap__SMAP_A-7__seed1106,tau_4,smap,SMAP_A-7,1106,pending,,
grasp_protocol_v3__tau_4__smap__SMAP_A-8__seed1106,tau_4,smap,SMAP_A-8,1106,pending,,
grasp_protocol_v3__tau_4__smap__SMAP_A-9__seed1106,tau_4,smap,SMAP_A-9,1106,pending,,
grasp_protocol_v3__tau_4__smap__SMAP_B-1__seed1106,tau_4,smap,SMAP_B-1,1106,pending,,
grasp_protocol_v3__tau_4__smap__SMAP_D-11__seed1106,tau_4,smap,SMAP_D-11,1106,pending,,
grasp_protocol_v3__tau_4__smap__SMAP_D-1__seed1106,tau_4,smap,SMAP_D-1,1106,pending,,
grasp_protocol_v3__tau_4__smap__SMAP_D-2__seed1106,tau_4,smap,SMAP_D-2,1106,pending,,
grasp_protocol_v3__tau_4__smap__SMAP_D-3__seed1106,tau_4,smap,SMAP_D-3,1106,pending,,
grasp_protocol_v3__tau_4__smap__SMAP_D-4__seed1106,tau_4,smap,SMAP_D-4,1106,pending,,
grasp_protocol_v3__tau_4__smap__SMAP_D-5__seed1106,tau_4,smap,SMAP_D-5,1106,pending,,
grasp_protocol_v3__tau_4__smap__SMAP_D-6__seed1106,tau_4,smap,SMAP_D-6,1106,pending,,
grasp_protocol_v3__tau_4__smap__SMAP_D-7__seed1106,tau_4,smap,SMAP_D-7,1106,pending,,
grasp_protocol_v3__tau_4__smap__SMAP_D-8__seed1106,tau_4,smap,SMAP_D-8,1106,pending,,
grasp_protocol_v3__tau_4__smap__SMAP_D-9__seed1106,tau_4,smap,SMAP_D-9,1106,pending,,
grasp_protocol_v3__tau_4__smap__SMAP_E-10__seed1106,tau_4,smap,SMAP_E-10,1106,pending,,
grasp_protocol_v3__tau_4__smap__SMAP_E-11__seed1106,tau_4,smap,SMAP_E-11,1106,pending,,
grasp_protocol_v3__tau_4__smap__SMAP_E-12__seed1106,tau_4,smap,SMAP_E-12,1106,pending,,
grasp_protocol_v3__tau_4__smap__SMAP_E-13__seed1106,tau_4,smap,SMAP_E-13,1106,pending,,
grasp_protocol_v3__tau_4__smap__SMAP_E-1__seed1106,tau_4,smap,SMAP_E-1,1106,pending,,
grasp_protocol_v3__tau_4__smap__SMAP_E-2__seed1106,tau_4,smap,SMAP_E-2,1106,pending,,
grasp_protocol_v3__tau_4__smap__SMAP_E-3__seed1106,tau_4,smap,SMAP_E-3,1106,pending,,
grasp_protocol_v3__tau_4__smap__SMAP_E-4__seed1106,tau_4,smap,SMAP_E-4,1106,pending,,
grasp_protocol_v3__tau_4__smap__SMAP_E-5__seed1106,tau_4,smap,SMAP_E-5,1106,pending,,
grasp_protocol_v3__tau_4__smap__SMAP_E-6__seed1106,tau_4,smap,SMAP_E-6,1106,pending,,
grasp_protocol_v3__tau_4__smap__SMAP_E-7__seed1106,tau_4,smap,SMAP_E-7,1106,pending,,
grasp_protocol_v3__tau_4__smap__SMAP_E-8__seed1106,tau_4,smap,SMAP_E-8,1106,pending,,
grasp_protocol_v3__tau_4__smap__SMAP_E-9__seed1106,tau_4,smap,SMAP_E-9,1106,pending,,
grasp_protocol_v3__tau_4__smap__SMAP_F-1__seed1106,tau_4,smap,SMAP_F-1,1106,pending,,
grasp_protocol_v3__tau_4__smap__SMAP_F-2__seed1106,tau_4,smap,SMAP_F-2,1106,pending,,
grasp_protocol_v3__tau_4__smap__SMAP_F-3__seed1106,tau_4,smap,SMAP_F-3,1106,pending,,
grasp_protocol_v3__tau_4__smap__SMAP_G-1__seed1106,tau_4,smap,SMAP_G-1,1106,pending,,
grasp_protocol_v3__tau_4__smap__SMAP_G-2__seed1106,tau_4,smap,SMAP_G-2,1106,pending,,
grasp_protocol_v3__tau_4__smap__SMAP_G-3__seed1106,tau_4,smap,SMAP_G-3,1106,pending,,
grasp_protocol_v3__tau_4__smap__SMAP_G-4__seed1106,tau_4,smap,SMAP_G-4,1106,pending,,
grasp_protocol_v3__tau_4__smap__SMAP_G-6__seed1106,tau_4,smap,SMAP_G-6,1106,pending,,
grasp_protocol_v3__tau_4__smap__SMAP_G-7__seed1106,tau_4,smap,SMAP_G-7,1106,pending,,
grasp_protocol_v3__tau_4__smap__SMAP_P-1__seed1106,tau_4,smap,SMAP_P-1,1106,pending,,
grasp_protocol_v3__tau_4__smap__SMAP_P-2__seed1106,tau_4,smap,SMAP_P-2,1106,pending,,
grasp_protocol_v3__tau_4__smap__SMAP_P-3__seed1106,tau_4,smap,SMAP_P-3,1106,pending,,
grasp_protocol_v3__tau_4__smap__SMAP_P-4__seed1106,tau_4,smap,SMAP_P-4,1106,pending,,
grasp_protocol_v3__tau_4__smap__SMAP_R-1__seed1106,tau_4,smap,SMAP_R-1,1106,pending,,
grasp_protocol_v3__tau_4__smap__SMAP_S-1__seed1106,tau_4,smap,SMAP_S-1,1106,pending,,
grasp_protocol_v3__tau_4__smap__SMAP_T-1__seed1106,tau_4,smap,SMAP_T-1,1106,pending,,
grasp_protocol_v3__tau_4__smap__SMAP_T-2__seed1106,tau_4,smap,SMAP_T-2,1106,pending,,
grasp_protocol_v3__tau_4__smap__SMAP_T-3__seed1106,tau_4,smap,SMAP_T-3,1106,pending,,
grasp_protocol_v3__tau_8__smap__SMAP_A-1__seed1106,tau_8,smap,SMAP_A-1,1106,pending,,
grasp_protocol_v3__tau_8__smap__SMAP_A-2__seed1106,tau_8,smap,SMAP_A-2,1106,pending,,
grasp_protocol_v3__tau_8__smap__SMAP_A-3__seed1106,tau_8,smap,SMAP_A-3,1106,pending,,
grasp_protocol_v3__tau_8__smap__SMAP_A-4__seed1106,tau_8,smap,SMAP_A-4,1106,pending,,
grasp_protocol_v3__tau_8__smap__SMAP_A-5__seed1106,tau_8,smap,SMAP_A-5,1106,pending,,
grasp_protocol_v3__tau_8__smap__SMAP_A-6__seed1106,tau_8,smap,SMAP_A-6,1106,pending,,
grasp_protocol_v3__tau_8__smap__SMAP_A-7__seed1106,tau_8,smap,SMAP_A-7,1106,pending,,
grasp_protocol_v3__tau_8__smap__SMAP_A-8__seed1106,tau_8,smap,SMAP_A-8,1106,pending,,
grasp_protocol_v3__tau_8__smap__SMAP_A-9__seed1106,tau_8,smap,SMAP_A-9,1106,pending,,
grasp_protocol_v3__tau_8__smap__SMAP_B-1__seed1106,tau_8,smap,SMAP_B-1,1106,pending,,
grasp_protocol_v3__tau_8__smap__SMAP_D-11__seed1106,tau_8,smap,SMAP_D-11,1106,pending,,
grasp_protocol_v3__tau_8__smap__SMAP_D-1__seed1106,tau_8,smap,SMAP_D-1,1106,pending,,
grasp_protocol_v3__tau_8__smap__SMAP_D-2__seed1106,tau_8,smap,SMAP_D-2,1106,pending,,
grasp_protocol_v3__tau_8__smap__SMAP_D-3__seed1106,tau_8,smap,SMAP_D-3,1106,pending,,
grasp_protocol_v3__tau_8__smap__SMAP_D-4__seed1106,tau_8,smap,SMAP_D-4,1106,pending,,
grasp_protocol_v3__tau_8__smap__SMAP_D-5__seed1106,tau_8,smap,SMAP_D-5,1106,pending,,
grasp_protocol_v3__tau_8__smap__SMAP_D-6__seed1106,tau_8,smap,SMAP_D-6,1106,pending,,
grasp_protocol_v3__tau_8__smap__SMAP_D-7__seed1106,tau_8,smap,SMAP_D-7,1106,pending,,
grasp_protocol_v3__tau_8__smap__SMAP_D-8__seed1106,tau_8,smap,SMAP_D-8,1106,pending,,
grasp_protocol_v3__tau_8__smap__SMAP_D-9__seed1106,tau_8,smap,SMAP_D-9,1106,pending,,
grasp_protocol_v3__tau_8__smap__SMAP_E-10__seed1106,tau_8,smap,SMAP_E-10,1106,pending,,
grasp_protocol_v3__tau_8__smap__SMAP_E-11__seed1106,tau_8,smap,SMAP_E-11,1106,pending,,
grasp_protocol_v3__tau_8__smap__SMAP_E-12__seed1106,tau_8,smap,SMAP_E-12,1106,pending,,
grasp_protocol_v3__tau_8__smap__SMAP_E-13__seed1106,tau_8,smap,SMAP_E-13,1106,pending,,
grasp_protocol_v3__tau_8__smap__SMAP_E-1__seed1106,tau_8,smap,SMAP_E-1,1106,pending,,
grasp_protocol_v3__tau_8__smap__SMAP_E-2__seed1106,tau_8,smap,SMAP_E-2,1106,pending,,
grasp_protocol_v3__tau_8__smap__SMAP_E-3__seed1106,tau_8,smap,SMAP_E-3,1106,pending,,
grasp_protocol_v3__tau_8__smap__SMAP_E-4__seed1106,tau_8,smap,SMAP_E-4,1106,pending,,
grasp_protocol_v3__tau_8__smap__SMAP_E-5__seed1106,tau_8,smap,SMAP_E-5,1106,pending,,
grasp_protocol_v3__tau_8__smap__SMAP_E-6__seed1106,tau_8,smap,SMAP_E-6,1106,pending,,
grasp_protocol_v3__tau_8__smap__SMAP_E-7__seed1106,tau_8,smap,SMAP_E-7,1106,pending,,
grasp_protocol_v3__tau_8__smap__SMAP_E-8__seed1106,tau_8,smap,SMAP_E-8,1106,pending,,
grasp_protocol_v3__tau_8__smap__SMAP_E-9__seed1106,tau_8,smap,SMAP_E-9,1106,pending,,
grasp_protocol_v3__tau_8__smap__SMAP_F-1__seed1106,tau_8,smap,SMAP_F-1,1106,pending,,
grasp_protocol_v3__tau_8__smap__SMAP_F-2__seed1106,tau_8,smap,SMAP_F-2,1106,pending,,
grasp_protocol_v3__tau_8__smap__SMAP_F-3__seed1106,tau_8,smap,SMAP_F-3,1106,pending,,
grasp_protocol_v3__tau_8__smap__SMAP_G-1__seed1106,tau_8,smap,SMAP_G-1,1106,pending,,
grasp_protocol_v3__tau_8__smap__SMAP_G-2__seed1106,tau_8,smap,SMAP_G-2,1106,pending,,
grasp_protocol_v3__tau_8__smap__SMAP_G-3__seed1106,tau_8,smap,SMAP_G-3,1106,pending,,
grasp_protocol_v3__tau_8__smap__SMAP_G-4__seed1106,tau_8,smap,SMAP_G-4,1106,pending,,
grasp_protocol_v3__tau_8__smap__SMAP_G-6__seed1106,tau_8,smap,SMAP_G-6,1106,pending,,
grasp_protocol_v3__tau_8__smap__SMAP_G-7__seed1106,tau_8,smap,SMAP_G-7,1106,pending,,
grasp_protocol_v3__tau_8__smap__SMAP_P-1__seed1106,tau_8,smap,SMAP_P-1,1106,pending,,
grasp_protocol_v3__tau_8__smap__SMAP_P-2__seed1106,tau_8,smap,SMAP_P-2,1106,pending,,
grasp_protocol_v3__tau_8__smap__SMAP_P-3__seed1106,tau_8,smap,SMAP_P-3,1106,pending,,
grasp_protocol_v3__tau_8__smap__SMAP_P-4__seed1106,tau_8,smap,SMAP_P-4,1106,pending,,
grasp_protocol_v3__tau_8__smap__SMAP_R-1__seed1106,tau_8,smap,SMAP_R-1,1106,pending,,
grasp_protocol_v3__tau_8__smap__SMAP_S-1__seed1106,tau_8,smap,SMAP_S-1,1106,pending,,
grasp_protocol_v3__tau_8__smap__SMAP_T-1__seed1106,tau_8,smap,SMAP_T-1,1106,pending,,
grasp_protocol_v3__tau_8__smap__SMAP_T-2__seed1106,tau_8,smap,SMAP_T-2,1106,pending,,
grasp_protocol_v3__tau_8__smap__SMAP_T-3__seed1106,tau_8,smap,SMAP_T-3,1106,pending,,
grasp_protocol_v3__gnn__smap__SMAP_A-1__seed1107,gnn,smap,SMAP_A-1,1107,pending,,
grasp_protocol_v3__gnn__smap__SMAP_A-2__seed1107,gnn,smap,SMAP_A-2,1107,pending,,
grasp_protocol_v3__gnn__smap__SMAP_A-3__seed1107,gnn,smap,SMAP_A-3,1107,pending,,
grasp_protocol_v3__gnn__smap__SMAP_A-4__seed1107,gnn,smap,SMAP_A-4,1107,pending,,
grasp_protocol_v3__gnn__smap__SMAP_A-5__seed1107,gnn,smap,SMAP_A-5,1107,pending,,
grasp_protocol_v3__gnn__smap__SMAP_A-6__seed1107,gnn,smap,SMAP_A-6,1107,pending,,
grasp_protocol_v3__gnn__smap__SMAP_A-7__seed1107,gnn,smap,SMAP_A-7,1107,pending,,
grasp_protocol_v3__gnn__smap__SMAP_A-8__seed1107,gnn,smap,SMAP_A-8,1107,pending,,
grasp_protocol_v3__gnn__smap__SMAP_A-9__seed1107,gnn,smap,SMAP_A-9,1107,pending,,
grasp_protocol_v3__gnn__smap__SMAP_B-1__seed1107,gnn,smap,SMAP_B-1,1107,pending,,
grasp_protocol_v3__gnn__smap__SMAP_D-11__seed1107,gnn,smap,SMAP_D-11,1107,pending,,
grasp_protocol_v3__gnn__smap__SMAP_D-1__seed1107,gnn,smap,SMAP_D-1,1107,pending,,
grasp_protocol_v3__gnn__smap__SMAP_D-2__seed1107,gnn,smap,SMAP_D-2,1107,pending,,
grasp_protocol_v3__gnn__smap__SMAP_D-3__seed1107,gnn,smap,SMAP_D-3,1107,pending,,
grasp_protocol_v3__gnn__smap__SMAP_D-4__seed1107,gnn,smap,SMAP_D-4,1107,pending,,
grasp_protocol_v3__gnn__smap__SMAP_D-5__seed1107,gnn,smap,SMAP_D-5,1107,pending,,
grasp_protocol_v3__gnn__smap__SMAP_D-6__seed1107,gnn,smap,SMAP_D-6,1107,pending,,
grasp_protocol_v3__gnn__smap__SMAP_D-7__seed1107,gnn,smap,SMAP_D-7,1107,pending,,
grasp_protocol_v3__gnn__smap__SMAP_D-8__seed1107,gnn,smap,SMAP_D-8,1107,pending,,
grasp_protocol_v3__gnn__smap__SMAP_D-9__seed1107,gnn,smap,SMAP_D-9,1107,pending,,
grasp_protocol_v3__gnn__smap__SMAP_E-10__seed1107,gnn,smap,SMAP_E-10,1107,pending,,
grasp_protocol_v3__gnn__smap__SMAP_E-11__seed1107,gnn,smap,SMAP_E-11,1107,pending,,
grasp_protocol_v3__gnn__smap__SMAP_E-12__seed1107,gnn,smap,SMAP_E-12,1107,pending,,
grasp_protocol_v3__gnn__smap__SMAP_E-13__seed1107,gnn,smap,SMAP_E-13,1107,pending,,
grasp_protocol_v3__gnn__smap__SMAP_E-1__seed1107,gnn,smap,SMAP_E-1,1107,pending,,
grasp_protocol_v3__gnn__smap__SMAP_E-2__seed1107,gnn,smap,SMAP_E-2,1107,pending,,
grasp_protocol_v3__gnn__smap__SMAP_E-3__seed1107,gnn,smap,SMAP_E-3,1107,pending,,
grasp_protocol_v3__gnn__smap__SMAP_E-4__seed1107,gnn,smap,SMAP_E-4,1107,pending,,
grasp_protocol_v3__gnn__smap__SMAP_E-5__seed1107,gnn,smap,SMAP_E-5,1107,pending,,
grasp_protocol_v3__gnn__smap__SMAP_E-6__seed1107,gnn,smap,SMAP_E-6,1107,pending,,
grasp_protocol_v3__gnn__smap__SMAP_E-7__seed1107,gnn,smap,SMAP_E-7,1107,pending,,
grasp_protocol_v3__gnn__smap__SMAP_E-8__seed1107,gnn,smap,SMAP_E-8,1107,pending,,
grasp_protocol_v3__gnn__smap__SMAP_E-9__seed1107,gnn,smap,SMAP_E-9,1107,pending,,
grasp_protocol_v3__gnn__smap__SMAP_F-1__seed1107,gnn,smap,SMAP_F-1,1107,pending,,
grasp_protocol_v3__gnn__smap__SMAP_F-2__seed1107,gnn,smap,SMAP_F-2,1107,pending,,
grasp_protocol_v3__gnn__smap__SMAP_F-3__seed1107,gnn,smap,SMAP_F-3,1107,pending,,
grasp_protocol_v3__gnn__smap__SMAP_G-1__seed1107,gnn,smap,SMAP_G-1,1107,pending,,
grasp_protocol_v3__gnn__smap__SMAP_G-2__seed1107,gnn,smap,SMAP_G-2,1107,pending,,
grasp_protocol_v3__gnn__smap__SMAP_G-3__seed1107,gnn,smap,SMAP_G-3,1107,pending,,
grasp_protocol_v3__gnn__smap__SMAP_G-4__seed1107,gnn,smap,SMAP_G-4,1107,pending,,
grasp_protocol_v3__gnn__smap__SMAP_G-6__seed1107,gnn,smap,SMAP_G-6,1107,pending,,
grasp_protocol_v3__gnn__smap__SMAP_G-7__seed1107,gnn,smap,SMAP_G-7,1107,pending,,
grasp_protocol_v3__gnn__smap__SMAP_P-1__seed1107,gnn,smap,SMAP_P-1,1107,pending,,
grasp_protocol_v3__gnn__smap__SMAP_P-2__seed1107,gnn,smap,SMAP_P-2,1107,pending,,
grasp_protocol_v3__gnn__smap__SMAP_P-3__seed1107,gnn,smap,SMAP_P-3,1107,pending,,
grasp_protocol_v3__gnn__smap__SMAP_P-4__seed1107,gnn,smap,SMAP_P-4,1107,pending,,
grasp_protocol_v3__gnn__smap__SMAP_R-1__seed1107,gnn,smap,SMAP_R-1,1107,pending,,
grasp_protocol_v3__gnn__smap__SMAP_S-1__seed1107,gnn,smap,SMAP_S-1,1107,pending,,
grasp_protocol_v3__gnn__smap__SMAP_T-1__seed1107,gnn,smap,SMAP_T-1,1107,pending,,
grasp_protocol_v3__gnn__smap__SMAP_T-2__seed1107,gnn,smap,SMAP_T-2,1107,pending,,
grasp_protocol_v3__gnn__smap__SMAP_T-3__seed1107,gnn,smap,SMAP_T-3,1107,pending,,
grasp_protocol_v3__main__smap__SMAP_A-1__seed1107,main,smap,SMAP_A-1,1107,pending,,
grasp_protocol_v3__main__smap__SMAP_A-2__seed1107,main,smap,SMAP_A-2,1107,pending,,
grasp_protocol_v3__main__smap__SMAP_A-3__seed1107,main,smap,SMAP_A-3,1107,pending,,
grasp_protocol_v3__main__smap__SMAP_A-4__seed1107,main,smap,SMAP_A-4,1107,pending,,
grasp_protocol_v3__main__smap__SMAP_A-5__seed1107,main,smap,SMAP_A-5,1107,pending,,
grasp_protocol_v3__main__smap__SMAP_A-6__seed1107,main,smap,SMAP_A-6,1107,pending,,
grasp_protocol_v3__main__smap__SMAP_A-7__seed1107,main,smap,SMAP_A-7,1107,pending,,
grasp_protocol_v3__main__smap__SMAP_A-8__seed1107,main,smap,SMAP_A-8,1107,pending,,
grasp_protocol_v3__main__smap__SMAP_A-9__seed1107,main,smap,SMAP_A-9,1107,pending,,
grasp_protocol_v3__main__smap__SMAP_B-1__seed1107,main,smap,SMAP_B-1,1107,pending,,
grasp_protocol_v3__main__smap__SMAP_D-11__seed1107,main,smap,SMAP_D-11,1107,pending,,
grasp_protocol_v3__main__smap__SMAP_D-1__seed1107,main,smap,SMAP_D-1,1107,pending,,
grasp_protocol_v3__main__smap__SMAP_D-2__seed1107,main,smap,SMAP_D-2,1107,pending,,
grasp_protocol_v3__main__smap__SMAP_D-3__seed1107,main,smap,SMAP_D-3,1107,pending,,
grasp_protocol_v3__main__smap__SMAP_D-4__seed1107,main,smap,SMAP_D-4,1107,pending,,
grasp_protocol_v3__main__smap__SMAP_D-5__seed1107,main,smap,SMAP_D-5,1107,pending,,
grasp_protocol_v3__main__smap__SMAP_D-6__seed1107,main,smap,SMAP_D-6,1107,pending,,
grasp_protocol_v3__main__smap__SMAP_D-7__seed1107,main,smap,SMAP_D-7,1107,pending,,
grasp_protocol_v3__main__smap__SMAP_D-8__seed1107,main,smap,SMAP_D-8,1107,pending,,
grasp_protocol_v3__main__smap__SMAP_D-9__seed1107,main,smap,SMAP_D-9,1107,pending,,
grasp_protocol_v3__main__smap__SMAP_E-10__seed1107,main,smap,SMAP_E-10,1107,pending,,
grasp_protocol_v3__main__smap__SMAP_E-11__seed1107,main,smap,SMAP_E-11,1107,pending,,
grasp_protocol_v3__main__smap__SMAP_E-12__seed1107,main,smap,SMAP_E-12,1107,pending,,
grasp_protocol_v3__main__smap__SMAP_E-13__seed1107,main,smap,SMAP_E-13,1107,pending,,
grasp_protocol_v3__main__smap__SMAP_E-1__seed1107,main,smap,SMAP_E-1,1107,pending,,
grasp_protocol_v3__main__smap__SMAP_E-2__seed1107,main,smap,SMAP_E-2,1107,pending,,
grasp_protocol_v3__main__smap__SMAP_E-3__seed1107,main,smap,SMAP_E-3,1107,pending,,
grasp_protocol_v3__main__smap__SMAP_E-4__seed1107,main,smap,SMAP_E-4,1107,pending,,
grasp_protocol_v3__main__smap__SMAP_E-5__seed1107,main,smap,SMAP_E-5,1107,pending,,
grasp_protocol_v3__main__smap__SMAP_E-6__seed1107,main,smap,SMAP_E-6,1107,pending,,
grasp_protocol_v3__main__smap__SMAP_E-7__seed1107,main,smap,SMAP_E-7,1107,pending,,
grasp_protocol_v3__main__smap__SMAP_E-8__seed1107,main,smap,SMAP_E-8,1107,pending,,
grasp_protocol_v3__main__smap__SMAP_E-9__seed1107,main,smap,SMAP_E-9,1107,pending,,
grasp_protocol_v3__main__smap__SMAP_F-1__seed1107,main,smap,SMAP_F-1,1107,pending,,
grasp_protocol_v3__main__smap__SMAP_F-2__seed1107,main,smap,SMAP_F-2,1107,pending,,
grasp_protocol_v3__main__smap__SMAP_F-3__seed1107,main,smap,SMAP_F-3,1107,pending,,
grasp_protocol_v3__main__smap__SMAP_G-1__seed1107,main,smap,SMAP_G-1,1107,pending,,
grasp_protocol_v3__main__smap__SMAP_G-2__seed1107,main,smap,SMAP_G-2,1107,pending,,
grasp_protocol_v3__main__smap__SMAP_G-3__seed1107,main,smap,SMAP_G-3,1107,pending,,
grasp_protocol_v3__main__smap__SMAP_G-4__seed1107,main,smap,SMAP_G-4,1107,pending,,
grasp_protocol_v3__main__smap__SMAP_G-6__seed1107,main,smap,SMAP_G-6,1107,pending,,
grasp_protocol_v3__main__smap__SMAP_G-7__seed1107,main,smap,SMAP_G-7,1107,pending,,
grasp_protocol_v3__main__smap__SMAP_P-1__seed1107,main,smap,SMAP_P-1,1107,pending,,
grasp_protocol_v3__main__smap__SMAP_P-2__seed1107,main,smap,SMAP_P-2,1107,pending,,
grasp_protocol_v3__main__smap__SMAP_P-3__seed1107,main,smap,SMAP_P-3,1107,pending,,
grasp_protocol_v3__main__smap__SMAP_P-4__seed1107,main,smap,SMAP_P-4,1107,pending,,
grasp_protocol_v3__main__smap__SMAP_R-1__seed1107,main,smap,SMAP_R-1,1107,pending,,
grasp_protocol_v3__main__smap__SMAP_S-1__seed1107,main,smap,SMAP_S-1,1107,pending,,
grasp_protocol_v3__main__smap__SMAP_T-1__seed1107,main,smap,SMAP_T-1,1107,pending,,
grasp_protocol_v3__main__smap__SMAP_T-2__seed1107,main,smap,SMAP_T-2,1107,pending,,
grasp_protocol_v3__main__smap__SMAP_T-3__seed1107,main,smap,SMAP_T-3,1107,pending,,
grasp_protocol_v3__transformer__smap__SMAP_A-1__seed1107,transformer,smap,SMAP_A-1,1107,pending,,
grasp_protocol_v3__transformer__smap__SMAP_A-2__seed1107,transformer,smap,SMAP_A-2,1107,pending,,
grasp_protocol_v3__transformer__smap__SMAP_A-3__seed1107,transformer,smap,SMAP_A-3,1107,pending,,
grasp_protocol_v3__transformer__smap__SMAP_A-4__seed1107,transformer,smap,SMAP_A-4,1107,pending,,
grasp_protocol_v3__transformer__smap__SMAP_A-5__seed1107,transformer,smap,SMAP_A-5,1107,pending,,
grasp_protocol_v3__transformer__smap__SMAP_A-6__seed1107,transformer,smap,SMAP_A-6,1107,pending,,
grasp_protocol_v3__transformer__smap__SMAP_A-7__seed1107,transformer,smap,SMAP_A-7,1107,pending,,
grasp_protocol_v3__transformer__smap__SMAP_A-8__seed1107,transformer,smap,SMAP_A-8,1107,pending,,
grasp_protocol_v3__transformer__smap__SMAP_A-9__seed1107,transformer,smap,SMAP_A-9,1107,pending,,
grasp_protocol_v3__transformer__smap__SMAP_B-1__seed1107,transformer,smap,SMAP_B-1,1107,pending,,
grasp_protocol_v3__transformer__smap__SMAP_D-11__seed1107,transformer,smap,SMAP_D-11,1107,pending,,
grasp_protocol_v3__transformer__smap__SMAP_D-1__seed1107,transformer,smap,SMAP_D-1,1107,pending,,
grasp_protocol_v3__transformer__smap__SMAP_D-2__seed1107,transformer,smap,SMAP_D-2,1107,pending,,
grasp_protocol_v3__transformer__smap__SMAP_D-3__seed1107,transformer,smap,SMAP_D-3,1107,pending,,
grasp_protocol_v3__transformer__smap__SMAP_D-4__seed1107,transformer,smap,SMAP_D-4,1107,pending,,
grasp_protocol_v3__transformer__smap__SMAP_D-5__seed1107,transformer,smap,SMAP_D-5,1107,pending,,
grasp_protocol_v3__transformer__smap__SMAP_D-6__seed1107,transformer,smap,SMAP_D-6,1107,pending,,
grasp_protocol_v3__transformer__smap__SMAP_D-7__seed1107,transformer,smap,SMAP_D-7,1107,pending,,
grasp_protocol_v3__transformer__smap__SMAP_D-8__seed1107,transformer,smap,SMAP_D-8,1107,pending,,
grasp_protocol_v3__transformer__smap__SMAP_D-9__seed1107,transformer,smap,SMAP_D-9,1107,pending,,
grasp_protocol_v3__transformer__smap__SMAP_E-10__seed1107,transformer,smap,SMAP_E-10,1107,pending,,
grasp_protocol_v3__transformer__smap__SMAP_E-11__seed1107,transformer,smap,SMAP_E-11,1107,pending,,
grasp_protocol_v3__transformer__smap__SMAP_E-12__seed1107,transformer,smap,SMAP_E-12,1107,pending,,
grasp_protocol_v3__transformer__smap__SMAP_E-13__seed1107,transformer,smap,SMAP_E-13,1107,pending,,
grasp_protocol_v3__transformer__smap__SMAP_E-1__seed1107,transformer,smap,SMAP_E-1,1107,pending,,
grasp_protocol_v3__transformer__smap__SMAP_E-2__seed1107,transformer,smap,SMAP_E-2,1107,pending,,
grasp_protocol_v3__transformer__smap__SMAP_E-3__seed1107,transformer,smap,SMAP_E-3,1107,pending,,
grasp_protocol_v3__transformer__smap__SMAP_E-4__seed1107,transformer,smap,SMAP_E-4,1107,pending,,
grasp_protocol_v3__transformer__smap__SMAP_E-5__seed1107,transformer,smap,SMAP_E-5,1107,pending,,
grasp_protocol_v3__transformer__smap__SMAP_E-6__seed1107,transformer,smap,SMAP_E-6,1107,pending,,
grasp_protocol_v3__transformer__smap__SMAP_E-7__seed1107,transformer,smap,SMAP_E-7,1107,pending,,
grasp_protocol_v3__transformer__smap__SMAP_E-8__seed1107,transformer,smap,SMAP_E-8,1107,pending,,
grasp_protocol_v3__transformer__smap__SMAP_E-9__seed1107,transformer,smap,SMAP_E-9,1107,pending,,
grasp_protocol_v3__transformer__smap__SMAP_F-1__seed1107,transformer,smap,SMAP_F-1,1107,pending,,
grasp_protocol_v3__transformer__smap__SMAP_F-2__seed1107,transformer,smap,SMAP_F-2,1107,pending,,
grasp_protocol_v3__transformer__smap__SMAP_F-3__seed1107,transformer,smap,SMAP_F-3,1107,pending,,
grasp_protocol_v3__transformer__smap__SMAP_G-1__seed1107,transformer,smap,SMAP_G-1,1107,pending,,
grasp_protocol_v3__transformer__smap__SMAP_G-2__seed1107,transformer,smap,SMAP_G-2,1107,pending,,
grasp_protocol_v3__transformer__smap__SMAP_G-3__seed1107,transformer,smap,SMAP_G-3,1107,pending,,
grasp_protocol_v3__transformer__smap__SMAP_G-4__seed1107,transformer,smap,SMAP_G-4,1107,pending,,
grasp_protocol_v3__transformer__smap__SMAP_G-6__seed1107,transformer,smap,SMAP_G-6,1107,pending,,
grasp_protocol_v3__transformer__smap__SMAP_G-7__seed1107,transformer,smap,SMAP_G-7,1107,pending,,
grasp_protocol_v3__transformer__smap__SMAP_P-1__seed1107,transformer,smap,SMAP_P-1,1107,pending,,
grasp_protocol_v3__transformer__smap__SMAP_P-2__seed1107,transformer,smap,SMAP_P-2,1107,pending,,
grasp_protocol_v3__transformer__smap__SMAP_P-3__seed1107,transformer,smap,SMAP_P-3,1107,pending,,
grasp_protocol_v3__transformer__smap__SMAP_P-4__seed1107,transformer,smap,SMAP_P-4,1107,pending,,
grasp_protocol_v3__transformer__smap__SMAP_R-1__seed1107,transformer,smap,SMAP_R-1,1107,pending,,
grasp_protocol_v3__transformer__smap__SMAP_S-1__seed1107,transformer,smap,SMAP_S-1,1107,pending,,
grasp_protocol_v3__transformer__smap__SMAP_T-1__seed1107,transformer,smap,SMAP_T-1,1107,pending,,
grasp_protocol_v3__transformer__smap__SMAP_T-2__seed1107,transformer,smap,SMAP_T-2,1107,pending,,
grasp_protocol_v3__transformer__smap__SMAP_T-3__seed1107,transformer,smap,SMAP_T-3,1107,pending,,
grasp_protocol_v3__mean__smap__SMAP_A-1__seed1107,mean,smap,SMAP_A-1,1107,pending,,
grasp_protocol_v3__mean__smap__SMAP_A-2__seed1107,mean,smap,SMAP_A-2,1107,pending,,
grasp_protocol_v3__mean__smap__SMAP_A-3__seed1107,mean,smap,SMAP_A-3,1107,pending,,
grasp_protocol_v3__mean__smap__SMAP_A-4__seed1107,mean,smap,SMAP_A-4,1107,pending,,
grasp_protocol_v3__mean__smap__SMAP_A-5__seed1107,mean,smap,SMAP_A-5,1107,pending,,
grasp_protocol_v3__mean__smap__SMAP_A-6__seed1107,mean,smap,SMAP_A-6,1107,pending,,
grasp_protocol_v3__mean__smap__SMAP_A-7__seed1107,mean,smap,SMAP_A-7,1107,pending,,
grasp_protocol_v3__mean__smap__SMAP_A-8__seed1107,mean,smap,SMAP_A-8,1107,pending,,
grasp_protocol_v3__mean__smap__SMAP_A-9__seed1107,mean,smap,SMAP_A-9,1107,pending,,
grasp_protocol_v3__mean__smap__SMAP_B-1__seed1107,mean,smap,SMAP_B-1,1107,pending,,
grasp_protocol_v3__mean__smap__SMAP_D-11__seed1107,mean,smap,SMAP_D-11,1107,pending,,
grasp_protocol_v3__mean__smap__SMAP_D-1__seed1107,mean,smap,SMAP_D-1,1107,pending,,
grasp_protocol_v3__mean__smap__SMAP_D-2__seed1107,mean,smap,SMAP_D-2,1107,pending,,
grasp_protocol_v3__mean__smap__SMAP_D-3__seed1107,mean,smap,SMAP_D-3,1107,pending,,
grasp_protocol_v3__mean__smap__SMAP_D-4__seed1107,mean,smap,SMAP_D-4,1107,pending,,
grasp_protocol_v3__mean__smap__SMAP_D-5__seed1107,mean,smap,SMAP_D-5,1107,pending,,
grasp_protocol_v3__mean__smap__SMAP_D-6__seed1107,mean,smap,SMAP_D-6,1107,pending,,
grasp_protocol_v3__mean__smap__SMAP_D-7__seed1107,mean,smap,SMAP_D-7,1107,pending,,
grasp_protocol_v3__mean__smap__SMAP_D-8__seed1107,mean,smap,SMAP_D-8,1107,pending,,
grasp_protocol_v3__mean__smap__SMAP_D-9__seed1107,mean,smap,SMAP_D-9,1107,pending,,
grasp_protocol_v3__mean__smap__SMAP_E-10__seed1107,mean,smap,SMAP_E-10,1107,pending,,
grasp_protocol_v3__mean__smap__SMAP_E-11__seed1107,mean,smap,SMAP_E-11,1107,pending,,
grasp_protocol_v3__mean__smap__SMAP_E-12__seed1107,mean,smap,SMAP_E-12,1107,pending,,
grasp_protocol_v3__mean__smap__SMAP_E-13__seed1107,mean,smap,SMAP_E-13,1107,pending,,
grasp_protocol_v3__mean__smap__SMAP_E-1__seed1107,mean,smap,SMAP_E-1,1107,pending,,
grasp_protocol_v3__mean__smap__SMAP_E-2__seed1107,mean,smap,SMAP_E-2,1107,pending,,
grasp_protocol_v3__mean__smap__SMAP_E-3__seed1107,mean,smap,SMAP_E-3,1107,pending,,
grasp_protocol_v3__mean__smap__SMAP_E-4__seed1107,mean,smap,SMAP_E-4,1107,pending,,
grasp_protocol_v3__mean__smap__SMAP_E-5__seed1107,mean,smap,SMAP_E-5,1107,pending,,
grasp_protocol_v3__mean__smap__SMAP_E-6__seed1107,mean,smap,SMAP_E-6,1107,pending,,
grasp_protocol_v3__mean__smap__SMAP_E-7__seed1107,mean,smap,SMAP_E-7,1107,pending,,
grasp_protocol_v3__mean__smap__SMAP_E-8__seed1107,mean,smap,SMAP_E-8,1107,pending,,
grasp_protocol_v3__mean__smap__SMAP_E-9__seed1107,mean,smap,SMAP_E-9,1107,pending,,
grasp_protocol_v3__mean__smap__SMAP_F-1__seed1107,mean,smap,SMAP_F-1,1107,pending,,
grasp_protocol_v3__mean__smap__SMAP_F-2__seed1107,mean,smap,SMAP_F-2,1107,pending,,
grasp_protocol_v3__mean__smap__SMAP_F-3__seed1107,mean,smap,SMAP_F-3,1107,pending,,
grasp_protocol_v3__mean__smap__SMAP_G-1__seed1107,mean,smap,SMAP_G-1,1107,pending,,
grasp_protocol_v3__mean__smap__SMAP_G-2__seed1107,mean,smap,SMAP_G-2,1107,pending,,
grasp_protocol_v3__mean__smap__SMAP_G-3__seed1107,mean,smap,SMAP_G-3,1107,pending,,
grasp_protocol_v3__mean__smap__SMAP_G-4__seed1107,mean,smap,SMAP_G-4,1107,pending,,
grasp_protocol_v3__mean__smap__SMAP_G-6__seed1107,mean,smap,SMAP_G-6,1107,pending,,
grasp_protocol_v3__mean__smap__SMAP_G-7__seed1107,mean,smap,SMAP_G-7,1107,pending,,
grasp_protocol_v3__mean__smap__SMAP_P-1__seed1107,mean,smap,SMAP_P-1,1107,pending,,
grasp_protocol_v3__mean__smap__SMAP_P-2__seed1107,mean,smap,SMAP_P-2,1107,pending,,
grasp_protocol_v3__mean__smap__SMAP_P-3__seed1107,mean,smap,SMAP_P-3,1107,pending,,
grasp_protocol_v3__mean__smap__SMAP_P-4__seed1107,mean,smap,SMAP_P-4,1107,pending,,
grasp_protocol_v3__mean__smap__SMAP_R-1__seed1107,mean,smap,SMAP_R-1,1107,pending,,
grasp_protocol_v3__mean__smap__SMAP_S-1__seed1107,mean,smap,SMAP_S-1,1107,pending,,
grasp_protocol_v3__mean__smap__SMAP_T-1__seed1107,mean,smap,SMAP_T-1,1107,pending,,
grasp_protocol_v3__mean__smap__SMAP_T-2__seed1107,mean,smap,SMAP_T-2,1107,pending,,
grasp_protocol_v3__mean__smap__SMAP_T-3__seed1107,mean,smap,SMAP_T-3,1107,pending,,
grasp_protocol_v3__er__smap__SMAP_A-1__seed1107,er,smap,SMAP_A-1,1107,pending,,
grasp_protocol_v3__er__smap__SMAP_A-2__seed1107,er,smap,SMAP_A-2,1107,pending,,
grasp_protocol_v3__er__smap__SMAP_A-3__seed1107,er,smap,SMAP_A-3,1107,pending,,
grasp_protocol_v3__er__smap__SMAP_A-4__seed1107,er,smap,SMAP_A-4,1107,pending,,
grasp_protocol_v3__er__smap__SMAP_A-5__seed1107,er,smap,SMAP_A-5,1107,pending,,
grasp_protocol_v3__er__smap__SMAP_A-6__seed1107,er,smap,SMAP_A-6,1107,pending,,
grasp_protocol_v3__er__smap__SMAP_A-7__seed1107,er,smap,SMAP_A-7,1107,pending,,
grasp_protocol_v3__er__smap__SMAP_A-8__seed1107,er,smap,SMAP_A-8,1107,pending,,
grasp_protocol_v3__er__smap__SMAP_A-9__seed1107,er,smap,SMAP_A-9,1107,pending,,
grasp_protocol_v3__er__smap__SMAP_B-1__seed1107,er,smap,SMAP_B-1,1107,pending,,
grasp_protocol_v3__er__smap__SMAP_D-11__seed1107,er,smap,SMAP_D-11,1107,pending,,
grasp_protocol_v3__er__smap__SMAP_D-1__seed1107,er,smap,SMAP_D-1,1107,pending,,
grasp_protocol_v3__er__smap__SMAP_D-2__seed1107,er,smap,SMAP_D-2,1107,pending,,
grasp_protocol_v3__er__smap__SMAP_D-3__seed1107,er,smap,SMAP_D-3,1107,pending,,
grasp_protocol_v3__er__smap__SMAP_D-4__seed1107,er,smap,SMAP_D-4,1107,pending,,
grasp_protocol_v3__er__smap__SMAP_D-5__seed1107,er,smap,SMAP_D-5,1107,pending,,
grasp_protocol_v3__er__smap__SMAP_D-6__seed1107,er,smap,SMAP_D-6,1107,pending,,
grasp_protocol_v3__er__smap__SMAP_D-7__seed1107,er,smap,SMAP_D-7,1107,pending,,
grasp_protocol_v3__er__smap__SMAP_D-8__seed1107,er,smap,SMAP_D-8,1107,pending,,
grasp_protocol_v3__er__smap__SMAP_D-9__seed1107,er,smap,SMAP_D-9,1107,pending,,
grasp_protocol_v3__er__smap__SMAP_E-10__seed1107,er,smap,SMAP_E-10,1107,pending,,
grasp_protocol_v3__er__smap__SMAP_E-11__seed1107,er,smap,SMAP_E-11,1107,pending,,
grasp_protocol_v3__er__smap__SMAP_E-12__seed1107,er,smap,SMAP_E-12,1107,pending,,
grasp_protocol_v3__er__smap__SMAP_E-13__seed1107,er,smap,SMAP_E-13,1107,pending,,
grasp_protocol_v3__er__smap__SMAP_E-1__seed1107,er,smap,SMAP_E-1,1107,pending,,
grasp_protocol_v3__er__smap__SMAP_E-2__seed1107,er,smap,SMAP_E-2,1107,pending,,
grasp_protocol_v3__er__smap__SMAP_E-3__seed1107,er,smap,SMAP_E-3,1107,pending,,
grasp_protocol_v3__er__smap__SMAP_E-4__seed1107,er,smap,SMAP_E-4,1107,pending,,
grasp_protocol_v3__er__smap__SMAP_E-5__seed1107,er,smap,SMAP_E-5,1107,pending,,
grasp_protocol_v3__er__smap__SMAP_E-6__seed1107,er,smap,SMAP_E-6,1107,pending,,
grasp_protocol_v3__er__smap__SMAP_E-7__seed1107,er,smap,SMAP_E-7,1107,pending,,
grasp_protocol_v3__er__smap__SMAP_E-8__seed1107,er,smap,SMAP_E-8,1107,pending,,
grasp_protocol_v3__er__smap__SMAP_E-9__seed1107,er,smap,SMAP_E-9,1107,pending,,
grasp_protocol_v3__er__smap__SMAP_F-1__seed1107,er,smap,SMAP_F-1,1107,pending,,
grasp_protocol_v3__er__smap__SMAP_F-2__seed1107,er,smap,SMAP_F-2,1107,pending,,
grasp_protocol_v3__er__smap__SMAP_F-3__seed1107,er,smap,SMAP_F-3,1107,pending,,
grasp_protocol_v3__er__smap__SMAP_G-1__seed1107,er,smap,SMAP_G-1,1107,pending,,
grasp_protocol_v3__er__smap__SMAP_G-2__seed1107,er,smap,SMAP_G-2,1107,pending,,
grasp_protocol_v3__er__smap__SMAP_G-3__seed1107,er,smap,SMAP_G-3,1107,pending,,
grasp_protocol_v3__er__smap__SMAP_G-4__seed1107,er,smap,SMAP_G-4,1107,pending,,
grasp_protocol_v3__er__smap__SMAP_G-6__seed1107,er,smap,SMAP_G-6,1107,pending,,
grasp_protocol_v3__er__smap__SMAP_G-7__seed1107,er,smap,SMAP_G-7,1107,pending,,
grasp_protocol_v3__er__smap__SMAP_P-1__seed1107,er,smap,SMAP_P-1,1107,pending,,
grasp_protocol_v3__er__smap__SMAP_P-2__seed1107,er,smap,SMAP_P-2,1107,pending,,
grasp_protocol_v3__er__smap__SMAP_P-3__seed1107,er,smap,SMAP_P-3,1107,pending,,
grasp_protocol_v3__er__smap__SMAP_P-4__seed1107,er,smap,SMAP_P-4,1107,pending,,
grasp_protocol_v3__er__smap__SMAP_R-1__seed1107,er,smap,SMAP_R-1,1107,pending,,
grasp_protocol_v3__er__smap__SMAP_S-1__seed1107,er,smap,SMAP_S-1,1107,pending,,
grasp_protocol_v3__er__smap__SMAP_T-1__seed1107,er,smap,SMAP_T-1,1107,pending,,
grasp_protocol_v3__er__smap__SMAP_T-2__seed1107,er,smap,SMAP_T-2,1107,pending,,
grasp_protocol_v3__er__smap__SMAP_T-3__seed1107,er,smap,SMAP_T-3,1107,pending,,
grasp_protocol_v3__lin__smap__SMAP_A-1__seed1107,lin,smap,SMAP_A-1,1107,pending,,
grasp_protocol_v3__lin__smap__SMAP_A-2__seed1107,lin,smap,SMAP_A-2,1107,pending,,
grasp_protocol_v3__lin__smap__SMAP_A-3__seed1107,lin,smap,SMAP_A-3,1107,pending,,
grasp_protocol_v3__lin__smap__SMAP_A-4__seed1107,lin,smap,SMAP_A-4,1107,pending,,
grasp_protocol_v3__lin__smap__SMAP_A-5__seed1107,lin,smap,SMAP_A-5,1107,pending,,
grasp_protocol_v3__lin__smap__SMAP_A-6__seed1107,lin,smap,SMAP_A-6,1107,pending,,
grasp_protocol_v3__lin__smap__SMAP_A-7__seed1107,lin,smap,SMAP_A-7,1107,pending,,
grasp_protocol_v3__lin__smap__SMAP_A-8__seed1107,lin,smap,SMAP_A-8,1107,pending,,
grasp_protocol_v3__lin__smap__SMAP_A-9__seed1107,lin,smap,SMAP_A-9,1107,pending,,
grasp_protocol_v3__lin__smap__SMAP_B-1__seed1107,lin,smap,SMAP_B-1,1107,pending,,
grasp_protocol_v3__lin__smap__SMAP_D-11__seed1107,lin,smap,SMAP_D-11,1107,pending,,
grasp_protocol_v3__lin__smap__SMAP_D-1__seed1107,lin,smap,SMAP_D-1,1107,pending,,
grasp_protocol_v3__lin__smap__SMAP_D-2__seed1107,lin,smap,SMAP_D-2,1107,pending,,
grasp_protocol_v3__lin__smap__SMAP_D-3__seed1107,lin,smap,SMAP_D-3,1107,pending,,
grasp_protocol_v3__lin__smap__SMAP_D-4__seed1107,lin,smap,SMAP_D-4,1107,pending,,
grasp_protocol_v3__lin__smap__SMAP_D-5__seed1107,lin,smap,SMAP_D-5,1107,pending,,
grasp_protocol_v3__lin__smap__SMAP_D-6__seed1107,lin,smap,SMAP_D-6,1107,pending,,
grasp_protocol_v3__lin__smap__SMAP_D-7__seed1107,lin,smap,SMAP_D-7,1107,pending,,
grasp_protocol_v3__lin__smap__SMAP_D-8__seed1107,lin,smap,SMAP_D-8,1107,pending,,
grasp_protocol_v3__lin__smap__SMAP_D-9__seed1107,lin,smap,SMAP_D-9,1107,pending,,
grasp_protocol_v3__lin__smap__SMAP_E-10__seed1107,lin,smap,SMAP_E-10,1107,pending,,
grasp_protocol_v3__lin__smap__SMAP_E-11__seed1107,lin,smap,SMAP_E-11,1107,pending,,
grasp_protocol_v3__lin__smap__SMAP_E-12__seed1107,lin,smap,SMAP_E-12,1107,pending,,
grasp_protocol_v3__lin__smap__SMAP_E-13__seed1107,lin,smap,SMAP_E-13,1107,pending,,
grasp_protocol_v3__lin__smap__SMAP_E-1__seed1107,lin,smap,SMAP_E-1,1107,pending,,
grasp_protocol_v3__lin__smap__SMAP_E-2__seed1107,lin,smap,SMAP_E-2,1107,pending,,
grasp_protocol_v3__lin__smap__SMAP_E-3__seed1107,lin,smap,SMAP_E-3,1107,pending,,
grasp_protocol_v3__lin__smap__SMAP_E-4__seed1107,lin,smap,SMAP_E-4,1107,pending,,
grasp_protocol_v3__lin__smap__SMAP_E-5__seed1107,lin,smap,SMAP_E-5,1107,pending,,
grasp_protocol_v3__lin__smap__SMAP_E-6__seed1107,lin,smap,SMAP_E-6,1107,pending,,
grasp_protocol_v3__lin__smap__SMAP_E-7__seed1107,lin,smap,SMAP_E-7,1107,pending,,
grasp_protocol_v3__lin__smap__SMAP_E-8__seed1107,lin,smap,SMAP_E-8,1107,pending,,
grasp_protocol_v3__lin__smap__SMAP_E-9__seed1107,lin,smap,SMAP_E-9,1107,pending,,
grasp_protocol_v3__lin__smap__SMAP_F-1__seed1107,lin,smap,SMAP_F-1,1107,pending,,
grasp_protocol_v3__lin__smap__SMAP_F-2__seed1107,lin,smap,SMAP_F-2,1107,pending,,
grasp_protocol_v3__lin__smap__SMAP_F-3__seed1107,lin,smap,SMAP_F-3,1107,pending,,
grasp_protocol_v3__lin__smap__SMAP_G-1__seed1107,lin,smap,SMAP_G-1,1107,pending,,
grasp_protocol_v3__lin__smap__SMAP_G-2__seed1107,lin,smap,SMAP_G-2,1107,pending,,
grasp_protocol_v3__lin__smap__SMAP_G-3__seed1107,lin,smap,SMAP_G-3,1107,pending,,
grasp_protocol_v3__lin__smap__SMAP_G-4__seed1107,lin,smap,SMAP_G-4,1107,pending,,
grasp_protocol_v3__lin__smap__SMAP_G-6__seed1107,lin,smap,SMAP_G-6,1107,pending,,
grasp_protocol_v3__lin__smap__SMAP_G-7__seed1107,lin,smap,SMAP_G-7,1107,pending,,
grasp_protocol_v3__lin__smap__SMAP_P-1__seed1107,lin,smap,SMAP_P-1,1107,pending,,
grasp_protocol_v3__lin__smap__SMAP_P-2__seed1107,lin,smap,SMAP_P-2,1107,pending,,
grasp_protocol_v3__lin__smap__SMAP_P-3__seed1107,lin,smap,SMAP_P-3,1107,pending,,
grasp_protocol_v3__lin__smap__SMAP_P-4__seed1107,lin,smap,SMAP_P-4,1107,pending,,
grasp_protocol_v3__lin__smap__SMAP_R-1__seed1107,lin,smap,SMAP_R-1,1107,pending,,
grasp_protocol_v3__lin__smap__SMAP_S-1__seed1107,lin,smap,SMAP_S-1,1107,pending,,
grasp_protocol_v3__lin__smap__SMAP_T-1__seed1107,lin,smap,SMAP_T-1,1107,pending,,
grasp_protocol_v3__lin__smap__SMAP_T-2__seed1107,lin,smap,SMAP_T-2,1107,pending,,
grasp_protocol_v3__lin__smap__SMAP_T-3__seed1107,lin,smap,SMAP_T-3,1107,pending,,
grasp_protocol_v3__tau_0__smap__SMAP_A-1__seed1107,tau_0,smap,SMAP_A-1,1107,pending,,
grasp_protocol_v3__tau_0__smap__SMAP_A-2__seed1107,tau_0,smap,SMAP_A-2,1107,pending,,
grasp_protocol_v3__tau_0__smap__SMAP_A-3__seed1107,tau_0,smap,SMAP_A-3,1107,pending,,
grasp_protocol_v3__tau_0__smap__SMAP_A-4__seed1107,tau_0,smap,SMAP_A-4,1107,pending,,
grasp_protocol_v3__tau_0__smap__SMAP_A-5__seed1107,tau_0,smap,SMAP_A-5,1107,pending,,
grasp_protocol_v3__tau_0__smap__SMAP_A-6__seed1107,tau_0,smap,SMAP_A-6,1107,pending,,
grasp_protocol_v3__tau_0__smap__SMAP_A-7__seed1107,tau_0,smap,SMAP_A-7,1107,pending,,
grasp_protocol_v3__tau_0__smap__SMAP_A-8__seed1107,tau_0,smap,SMAP_A-8,1107,pending,,
grasp_protocol_v3__tau_0__smap__SMAP_A-9__seed1107,tau_0,smap,SMAP_A-9,1107,pending,,
grasp_protocol_v3__tau_0__smap__SMAP_B-1__seed1107,tau_0,smap,SMAP_B-1,1107,pending,,
grasp_protocol_v3__tau_0__smap__SMAP_D-11__seed1107,tau_0,smap,SMAP_D-11,1107,pending,,
grasp_protocol_v3__tau_0__smap__SMAP_D-1__seed1107,tau_0,smap,SMAP_D-1,1107,pending,,
grasp_protocol_v3__tau_0__smap__SMAP_D-2__seed1107,tau_0,smap,SMAP_D-2,1107,pending,,
grasp_protocol_v3__tau_0__smap__SMAP_D-3__seed1107,tau_0,smap,SMAP_D-3,1107,pending,,
grasp_protocol_v3__tau_0__smap__SMAP_D-4__seed1107,tau_0,smap,SMAP_D-4,1107,pending,,
grasp_protocol_v3__tau_0__smap__SMAP_D-5__seed1107,tau_0,smap,SMAP_D-5,1107,pending,,
grasp_protocol_v3__tau_0__smap__SMAP_D-6__seed1107,tau_0,smap,SMAP_D-6,1107,pending,,
grasp_protocol_v3__tau_0__smap__SMAP_D-7__seed1107,tau_0,smap,SMAP_D-7,1107,pending,,
grasp_protocol_v3__tau_0__smap__SMAP_D-8__seed1107,tau_0,smap,SMAP_D-8,1107,pending,,
grasp_protocol_v3__tau_0__smap__SMAP_D-9__seed1107,tau_0,smap,SMAP_D-9,1107,pending,,
grasp_protocol_v3__tau_0__smap__SMAP_E-10__seed1107,tau_0,smap,SMAP_E-10,1107,pending,,
grasp_protocol_v3__tau_0__smap__SMAP_E-11__seed1107,tau_0,smap,SMAP_E-11,1107,pending,,
grasp_protocol_v3__tau_0__smap__SMAP_E-12__seed1107,tau_0,smap,SMAP_E-12,1107,pending,,
grasp_protocol_v3__tau_0__smap__SMAP_E-13__seed1107,tau_0,smap,SMAP_E-13,1107,pending,,
grasp_protocol_v3__tau_0__smap__SMAP_E-1__seed1107,tau_0,smap,SMAP_E-1,1107,pending,,
grasp_protocol_v3__tau_0__smap__SMAP_E-2__seed1107,tau_0,smap,SMAP_E-2,1107,pending,,
grasp_protocol_v3__tau_0__smap__SMAP_E-3__seed1107,tau_0,smap,SMAP_E-3,1107,pending,,
grasp_protocol_v3__tau_0__smap__SMAP_E-4__seed1107,tau_0,smap,SMAP_E-4,1107,pending,,
grasp_protocol_v3__tau_0__smap__SMAP_E-5__seed1107,tau_0,smap,SMAP_E-5,1107,pending,,
grasp_protocol_v3__tau_0__smap__SMAP_E-6__seed1107,tau_0,smap,SMAP_E-6,1107,pending,,
grasp_protocol_v3__tau_0__smap__SMAP_E-7__seed1107,tau_0,smap,SMAP_E-7,1107,pending,,
grasp_protocol_v3__tau_0__smap__SMAP_E-8__seed1107,tau_0,smap,SMAP_E-8,1107,pending,,
grasp_protocol_v3__tau_0__smap__SMAP_E-9__seed1107,tau_0,smap,SMAP_E-9,1107,pending,,
grasp_protocol_v3__tau_0__smap__SMAP_F-1__seed1107,tau_0,smap,SMAP_F-1,1107,pending,,
grasp_protocol_v3__tau_0__smap__SMAP_F-2__seed1107,tau_0,smap,SMAP_F-2,1107,pending,,
grasp_protocol_v3__tau_0__smap__SMAP_F-3__seed1107,tau_0,smap,SMAP_F-3,1107,pending,,
grasp_protocol_v3__tau_0__smap__SMAP_G-1__seed1107,tau_0,smap,SMAP_G-1,1107,pending,,
grasp_protocol_v3__tau_0__smap__SMAP_G-2__seed1107,tau_0,smap,SMAP_G-2,1107,pending,,
grasp_protocol_v3__tau_0__smap__SMAP_G-3__seed1107,tau_0,smap,SMAP_G-3,1107,pending,,
grasp_protocol_v3__tau_0__smap__SMAP_G-4__seed1107,tau_0,smap,SMAP_G-4,1107,pending,,
grasp_protocol_v3__tau_0__smap__SMAP_G-6__seed1107,tau_0,smap,SMAP_G-6,1107,pending,,
grasp_protocol_v3__tau_0__smap__SMAP_G-7__seed1107,tau_0,smap,SMAP_G-7,1107,pending,,
grasp_protocol_v3__tau_0__smap__SMAP_P-1__seed1107,tau_0,smap,SMAP_P-1,1107,pending,,
grasp_protocol_v3__tau_0__smap__SMAP_P-2__seed1107,tau_0,smap,SMAP_P-2,1107,pending,,
grasp_protocol_v3__tau_0__smap__SMAP_P-3__seed1107,tau_0,smap,SMAP_P-3,1107,pending,,
grasp_protocol_v3__tau_0__smap__SMAP_P-4__seed1107,tau_0,smap,SMAP_P-4,1107,pending,,
grasp_protocol_v3__tau_0__smap__SMAP_R-1__seed1107,tau_0,smap,SMAP_R-1,1107,pending,,
grasp_protocol_v3__tau_0__smap__SMAP_S-1__seed1107,tau_0,smap,SMAP_S-1,1107,pending,,
grasp_protocol_v3__tau_0__smap__SMAP_T-1__seed1107,tau_0,smap,SMAP_T-1,1107,pending,,
grasp_protocol_v3__tau_0__smap__SMAP_T-2__seed1107,tau_0,smap,SMAP_T-2,1107,pending,,
grasp_protocol_v3__tau_0__smap__SMAP_T-3__seed1107,tau_0,smap,SMAP_T-3,1107,pending,,
grasp_protocol_v3__tau_0p25__smap__SMAP_A-1__seed1107,tau_0p25,smap,SMAP_A-1,1107,pending,,
grasp_protocol_v3__tau_0p25__smap__SMAP_A-2__seed1107,tau_0p25,smap,SMAP_A-2,1107,pending,,
grasp_protocol_v3__tau_0p25__smap__SMAP_A-3__seed1107,tau_0p25,smap,SMAP_A-3,1107,pending,,
grasp_protocol_v3__tau_0p25__smap__SMAP_A-4__seed1107,tau_0p25,smap,SMAP_A-4,1107,pending,,
grasp_protocol_v3__tau_0p25__smap__SMAP_A-5__seed1107,tau_0p25,smap,SMAP_A-5,1107,pending,,
grasp_protocol_v3__tau_0p25__smap__SMAP_A-6__seed1107,tau_0p25,smap,SMAP_A-6,1107,pending,,
grasp_protocol_v3__tau_0p25__smap__SMAP_A-7__seed1107,tau_0p25,smap,SMAP_A-7,1107,pending,,
grasp_protocol_v3__tau_0p25__smap__SMAP_A-8__seed1107,tau_0p25,smap,SMAP_A-8,1107,pending,,
grasp_protocol_v3__tau_0p25__smap__SMAP_A-9__seed1107,tau_0p25,smap,SMAP_A-9,1107,pending,,
grasp_protocol_v3__tau_0p25__smap__SMAP_B-1__seed1107,tau_0p25,smap,SMAP_B-1,1107,pending,,
grasp_protocol_v3__tau_0p25__smap__SMAP_D-11__seed1107,tau_0p25,smap,SMAP_D-11,1107,pending,,
grasp_protocol_v3__tau_0p25__smap__SMAP_D-1__seed1107,tau_0p25,smap,SMAP_D-1,1107,pending,,
grasp_protocol_v3__tau_0p25__smap__SMAP_D-2__seed1107,tau_0p25,smap,SMAP_D-2,1107,pending,,
grasp_protocol_v3__tau_0p25__smap__SMAP_D-3__seed1107,tau_0p25,smap,SMAP_D-3,1107,pending,,
grasp_protocol_v3__tau_0p25__smap__SMAP_D-4__seed1107,tau_0p25,smap,SMAP_D-4,1107,pending,,
grasp_protocol_v3__tau_0p25__smap__SMAP_D-5__seed1107,tau_0p25,smap,SMAP_D-5,1107,pending,,
grasp_protocol_v3__tau_0p25__smap__SMAP_D-6__seed1107,tau_0p25,smap,SMAP_D-6,1107,pending,,
grasp_protocol_v3__tau_0p25__smap__SMAP_D-7__seed1107,tau_0p25,smap,SMAP_D-7,1107,pending,,
grasp_protocol_v3__tau_0p25__smap__SMAP_D-8__seed1107,tau_0p25,smap,SMAP_D-8,1107,pending,,
grasp_protocol_v3__tau_0p25__smap__SMAP_D-9__seed1107,tau_0p25,smap,SMAP_D-9,1107,pending,,
grasp_protocol_v3__tau_0p25__smap__SMAP_E-10__seed1107,tau_0p25,smap,SMAP_E-10,1107,pending,,
grasp_protocol_v3__tau_0p25__smap__SMAP_E-11__seed1107,tau_0p25,smap,SMAP_E-11,1107,pending,,
grasp_protocol_v3__tau_0p25__smap__SMAP_E-12__seed1107,tau_0p25,smap,SMAP_E-12,1107,pending,,
grasp_protocol_v3__tau_0p25__smap__SMAP_E-13__seed1107,tau_0p25,smap,SMAP_E-13,1107,pending,,
grasp_protocol_v3__tau_0p25__smap__SMAP_E-1__seed1107,tau_0p25,smap,SMAP_E-1,1107,pending,,
grasp_protocol_v3__tau_0p25__smap__SMAP_E-2__seed1107,tau_0p25,smap,SMAP_E-2,1107,pending,,
grasp_protocol_v3__tau_0p25__smap__SMAP_E-3__seed1107,tau_0p25,smap,SMAP_E-3,1107,pending,,
grasp_protocol_v3__tau_0p25__smap__SMAP_E-4__seed1107,tau_0p25,smap,SMAP_E-4,1107,pending,,
grasp_protocol_v3__tau_0p25__smap__SMAP_E-5__seed1107,tau_0p25,smap,SMAP_E-5,1107,pending,,
grasp_protocol_v3__tau_0p25__smap__SMAP_E-6__seed1107,tau_0p25,smap,SMAP_E-6,1107,pending,,
grasp_protocol_v3__tau_0p25__smap__SMAP_E-7__seed1107,tau_0p25,smap,SMAP_E-7,1107,pending,,
grasp_protocol_v3__tau_0p25__smap__SMAP_E-8__seed1107,tau_0p25,smap,SMAP_E-8,1107,pending,,
grasp_protocol_v3__tau_0p25__smap__SMAP_E-9__seed1107,tau_0p25,smap,SMAP_E-9,1107,pending,,
grasp_protocol_v3__tau_0p25__smap__SMAP_F-1__seed1107,tau_0p25,smap,SMAP_F-1,1107,pending,,
grasp_protocol_v3__tau_0p25__smap__SMAP_F-2__seed1107,tau_0p25,smap,SMAP_F-2,1107,pending,,
grasp_protocol_v3__tau_0p25__smap__SMAP_F-3__seed1107,tau_0p25,smap,SMAP_F-3,1107,pending,,
grasp_protocol_v3__tau_0p25__smap__SMAP_G-1__seed1107,tau_0p25,smap,SMAP_G-1,1107,pending,,
grasp_protocol_v3__tau_0p25__smap__SMAP_G-2__seed1107,tau_0p25,smap,SMAP_G-2,1107,pending,,
grasp_protocol_v3__tau_0p25__smap__SMAP_G-3__seed1107,tau_0p25,smap,SMAP_G-3,1107,pending,,
grasp_protocol_v3__tau_0p25__smap__SMAP_G-4__seed1107,tau_0p25,smap,SMAP_G-4,1107,pending,,
grasp_protocol_v3__tau_0p25__smap__SMAP_G-6__seed1107,tau_0p25,smap,SMAP_G-6,1107,pending,,
grasp_protocol_v3__tau_0p25__smap__SMAP_G-7__seed1107,tau_0p25,smap,SMAP_G-7,1107,pending,,
grasp_protocol_v3__tau_0p25__smap__SMAP_P-1__seed1107,tau_0p25,smap,SMAP_P-1,1107,pending,,
grasp_protocol_v3__tau_0p25__smap__SMAP_P-2__seed1107,tau_0p25,smap,SMAP_P-2,1107,pending,,
grasp_protocol_v3__tau_0p25__smap__SMAP_P-3__seed1107,tau_0p25,smap,SMAP_P-3,1107,pending,,
grasp_protocol_v3__tau_0p25__smap__SMAP_P-4__seed1107,tau_0p25,smap,SMAP_P-4,1107,pending,,
grasp_protocol_v3__tau_0p25__smap__SMAP_R-1__seed1107,tau_0p25,smap,SMAP_R-1,1107,pending,,
grasp_protocol_v3__tau_0p25__smap__SMAP_S-1__seed1107,tau_0p25,smap,SMAP_S-1,1107,pending,,
grasp_protocol_v3__tau_0p25__smap__SMAP_T-1__seed1107,tau_0p25,smap,SMAP_T-1,1107,pending,,
grasp_protocol_v3__tau_0p25__smap__SMAP_T-2__seed1107,tau_0p25,smap,SMAP_T-2,1107,pending,,
grasp_protocol_v3__tau_0p25__smap__SMAP_T-3__seed1107,tau_0p25,smap,SMAP_T-3,1107,pending,,
grasp_protocol_v3__tau_0p5__smap__SMAP_A-1__seed1107,tau_0p5,smap,SMAP_A-1,1107,pending,,
grasp_protocol_v3__tau_0p5__smap__SMAP_A-2__seed1107,tau_0p5,smap,SMAP_A-2,1107,pending,,
grasp_protocol_v3__tau_0p5__smap__SMAP_A-3__seed1107,tau_0p5,smap,SMAP_A-3,1107,pending,,
grasp_protocol_v3__tau_0p5__smap__SMAP_A-4__seed1107,tau_0p5,smap,SMAP_A-4,1107,pending,,
grasp_protocol_v3__tau_0p5__smap__SMAP_A-5__seed1107,tau_0p5,smap,SMAP_A-5,1107,pending,,
grasp_protocol_v3__tau_0p5__smap__SMAP_A-6__seed1107,tau_0p5,smap,SMAP_A-6,1107,pending,,
grasp_protocol_v3__tau_0p5__smap__SMAP_A-7__seed1107,tau_0p5,smap,SMAP_A-7,1107,pending,,
grasp_protocol_v3__tau_0p5__smap__SMAP_A-8__seed1107,tau_0p5,smap,SMAP_A-8,1107,pending,,
grasp_protocol_v3__tau_0p5__smap__SMAP_A-9__seed1107,tau_0p5,smap,SMAP_A-9,1107,pending,,
grasp_protocol_v3__tau_0p5__smap__SMAP_B-1__seed1107,tau_0p5,smap,SMAP_B-1,1107,pending,,
grasp_protocol_v3__tau_0p5__smap__SMAP_D-11__seed1107,tau_0p5,smap,SMAP_D-11,1107,pending,,
grasp_protocol_v3__tau_0p5__smap__SMAP_D-1__seed1107,tau_0p5,smap,SMAP_D-1,1107,pending,,
grasp_protocol_v3__tau_0p5__smap__SMAP_D-2__seed1107,tau_0p5,smap,SMAP_D-2,1107,pending,,
grasp_protocol_v3__tau_0p5__smap__SMAP_D-3__seed1107,tau_0p5,smap,SMAP_D-3,1107,pending,,
grasp_protocol_v3__tau_0p5__smap__SMAP_D-4__seed1107,tau_0p5,smap,SMAP_D-4,1107,pending,,
grasp_protocol_v3__tau_0p5__smap__SMAP_D-5__seed1107,tau_0p5,smap,SMAP_D-5,1107,pending,,
grasp_protocol_v3__tau_0p5__smap__SMAP_D-6__seed1107,tau_0p5,smap,SMAP_D-6,1107,pending,,
grasp_protocol_v3__tau_0p5__smap__SMAP_D-7__seed1107,tau_0p5,smap,SMAP_D-7,1107,pending,,
grasp_protocol_v3__tau_0p5__smap__SMAP_D-8__seed1107,tau_0p5,smap,SMAP_D-8,1107,pending,,
grasp_protocol_v3__tau_0p5__smap__SMAP_D-9__seed1107,tau_0p5,smap,SMAP_D-9,1107,pending,,
grasp_protocol_v3__tau_0p5__smap__SMAP_E-10__seed1107,tau_0p5,smap,SMAP_E-10,1107,pending,,
grasp_protocol_v3__tau_0p5__smap__SMAP_E-11__seed1107,tau_0p5,smap,SMAP_E-11,1107,pending,,
grasp_protocol_v3__tau_0p5__smap__SMAP_E-12__seed1107,tau_0p5,smap,SMAP_E-12,1107,pending,,
grasp_protocol_v3__tau_0p5__smap__SMAP_E-13__seed1107,tau_0p5,smap,SMAP_E-13,1107,pending,,
grasp_protocol_v3__tau_0p5__smap__SMAP_E-1__seed1107,tau_0p5,smap,SMAP_E-1,1107,pending,,
grasp_protocol_v3__tau_0p5__smap__SMAP_E-2__seed1107,tau_0p5,smap,SMAP_E-2,1107,pending,,
grasp_protocol_v3__tau_0p5__smap__SMAP_E-3__seed1107,tau_0p5,smap,SMAP_E-3,1107,pending,,
grasp_protocol_v3__tau_0p5__smap__SMAP_E-4__seed1107,tau_0p5,smap,SMAP_E-4,1107,pending,,
grasp_protocol_v3__tau_0p5__smap__SMAP_E-5__seed1107,tau_0p5,smap,SMAP_E-5,1107,pending,,
grasp_protocol_v3__tau_0p5__smap__SMAP_E-6__seed1107,tau_0p5,smap,SMAP_E-6,1107,pending,,
grasp_protocol_v3__tau_0p5__smap__SMAP_E-7__seed1107,tau_0p5,smap,SMAP_E-7,1107,pending,,
grasp_protocol_v3__tau_0p5__smap__SMAP_E-8__seed1107,tau_0p5,smap,SMAP_E-8,1107,pending,,
grasp_protocol_v3__tau_0p5__smap__SMAP_E-9__seed1107,tau_0p5,smap,SMAP_E-9,1107,pending,,
grasp_protocol_v3__tau_0p5__smap__SMAP_F-1__seed1107,tau_0p5,smap,SMAP_F-1,1107,pending,,
grasp_protocol_v3__tau_0p5__smap__SMAP_F-2__seed1107,tau_0p5,smap,SMAP_F-2,1107,pending,,
grasp_protocol_v3__tau_0p5__smap__SMAP_F-3__seed1107,tau_0p5,smap,SMAP_F-3,1107,pending,,
grasp_protocol_v3__tau_0p5__smap__SMAP_G-1__seed1107,tau_0p5,smap,SMAP_G-1,1107,pending,,
grasp_protocol_v3__tau_0p5__smap__SMAP_G-2__seed1107,tau_0p5,smap,SMAP_G-2,1107,pending,,
grasp_protocol_v3__tau_0p5__smap__SMAP_G-3__seed1107,tau_0p5,smap,SMAP_G-3,1107,pending,,
grasp_protocol_v3__tau_0p5__smap__SMAP_G-4__seed1107,tau_0p5,smap,SMAP_G-4,1107,pending,,
grasp_protocol_v3__tau_0p5__smap__SMAP_G-6__seed1107,tau_0p5,smap,SMAP_G-6,1107,pending,,
grasp_protocol_v3__tau_0p5__smap__SMAP_G-7__seed1107,tau_0p5,smap,SMAP_G-7,1107,pending,,
grasp_protocol_v3__tau_0p5__smap__SMAP_P-1__seed1107,tau_0p5,smap,SMAP_P-1,1107,pending,,
grasp_protocol_v3__tau_0p5__smap__SMAP_P-2__seed1107,tau_0p5,smap,SMAP_P-2,1107,pending,,
grasp_protocol_v3__tau_0p5__smap__SMAP_P-3__seed1107,tau_0p5,smap,SMAP_P-3,1107,pending,,
grasp_protocol_v3__tau_0p5__smap__SMAP_P-4__seed1107,tau_0p5,smap,SMAP_P-4,1107,pending,,
grasp_protocol_v3__tau_0p5__smap__SMAP_R-1__seed1107,tau_0p5,smap,SMAP_R-1,1107,pending,,
grasp_protocol_v3__tau_0p5__smap__SMAP_S-1__seed1107,tau_0p5,smap,SMAP_S-1,1107,pending,,
grasp_protocol_v3__tau_0p5__smap__SMAP_T-1__seed1107,tau_0p5,smap,SMAP_T-1,1107,pending,,
grasp_protocol_v3__tau_0p5__smap__SMAP_T-2__seed1107,tau_0p5,smap,SMAP_T-2,1107,pending,,
grasp_protocol_v3__tau_0p5__smap__SMAP_T-3__seed1107,tau_0p5,smap,SMAP_T-3,1107,pending,,
grasp_protocol_v3__tau_1__smap__SMAP_A-1__seed1107,tau_1,smap,SMAP_A-1,1107,pending,,
grasp_protocol_v3__tau_1__smap__SMAP_A-2__seed1107,tau_1,smap,SMAP_A-2,1107,pending,,
grasp_protocol_v3__tau_1__smap__SMAP_A-3__seed1107,tau_1,smap,SMAP_A-3,1107,pending,,
grasp_protocol_v3__tau_1__smap__SMAP_A-4__seed1107,tau_1,smap,SMAP_A-4,1107,pending,,
grasp_protocol_v3__tau_1__smap__SMAP_A-5__seed1107,tau_1,smap,SMAP_A-5,1107,pending,,
grasp_protocol_v3__tau_1__smap__SMAP_A-6__seed1107,tau_1,smap,SMAP_A-6,1107,pending,,
grasp_protocol_v3__tau_1__smap__SMAP_A-7__seed1107,tau_1,smap,SMAP_A-7,1107,pending,,
grasp_protocol_v3__tau_1__smap__SMAP_A-8__seed1107,tau_1,smap,SMAP_A-8,1107,pending,,
grasp_protocol_v3__tau_1__smap__SMAP_A-9__seed1107,tau_1,smap,SMAP_A-9,1107,pending,,
grasp_protocol_v3__tau_1__smap__SMAP_B-1__seed1107,tau_1,smap,SMAP_B-1,1107,pending,,
grasp_protocol_v3__tau_1__smap__SMAP_D-11__seed1107,tau_1,smap,SMAP_D-11,1107,pending,,
grasp_protocol_v3__tau_1__smap__SMAP_D-1__seed1107,tau_1,smap,SMAP_D-1,1107,pending,,
grasp_protocol_v3__tau_1__smap__SMAP_D-2__seed1107,tau_1,smap,SMAP_D-2,1107,pending,,
grasp_protocol_v3__tau_1__smap__SMAP_D-3__seed1107,tau_1,smap,SMAP_D-3,1107,pending,,
grasp_protocol_v3__tau_1__smap__SMAP_D-4__seed1107,tau_1,smap,SMAP_D-4,1107,pending,,
grasp_protocol_v3__tau_1__smap__SMAP_D-5__seed1107,tau_1,smap,SMAP_D-5,1107,pending,,
grasp_protocol_v3__tau_1__smap__SMAP_D-6__seed1107,tau_1,smap,SMAP_D-6,1107,pending,,
grasp_protocol_v3__tau_1__smap__SMAP_D-7__seed1107,tau_1,smap,SMAP_D-7,1107,pending,,
grasp_protocol_v3__tau_1__smap__SMAP_D-8__seed1107,tau_1,smap,SMAP_D-8,1107,pending,,
grasp_protocol_v3__tau_1__smap__SMAP_D-9__seed1107,tau_1,smap,SMAP_D-9,1107,pending,,
grasp_protocol_v3__tau_1__smap__SMAP_E-10__seed1107,tau_1,smap,SMAP_E-10,1107,pending,,
grasp_protocol_v3__tau_1__smap__SMAP_E-11__seed1107,tau_1,smap,SMAP_E-11,1107,pending,,
grasp_protocol_v3__tau_1__smap__SMAP_E-12__seed1107,tau_1,smap,SMAP_E-12,1107,pending,,
grasp_protocol_v3__tau_1__smap__SMAP_E-13__seed1107,tau_1,smap,SMAP_E-13,1107,pending,,
grasp_protocol_v3__tau_1__smap__SMAP_E-1__seed1107,tau_1,smap,SMAP_E-1,1107,pending,,
grasp_protocol_v3__tau_1__smap__SMAP_E-2__seed1107,tau_1,smap,SMAP_E-2,1107,pending,,
grasp_protocol_v3__tau_1__smap__SMAP_E-3__seed1107,tau_1,smap,SMAP_E-3,1107,pending,,
grasp_protocol_v3__tau_1__smap__SMAP_E-4__seed1107,tau_1,smap,SMAP_E-4,1107,pending,,
grasp_protocol_v3__tau_1__smap__SMAP_E-5__seed1107,tau_1,smap,SMAP_E-5,1107,pending,,
grasp_protocol_v3__tau_1__smap__SMAP_E-6__seed1107,tau_1,smap,SMAP_E-6,1107,pending,,
grasp_protocol_v3__tau_1__smap__SMAP_E-7__seed1107,tau_1,smap,SMAP_E-7,1107,pending,,
grasp_protocol_v3__tau_1__smap__SMAP_E-8__seed1107,tau_1,smap,SMAP_E-8,1107,pending,,
grasp_protocol_v3__tau_1__smap__SMAP_E-9__seed1107,tau_1,smap,SMAP_E-9,1107,pending,,
grasp_protocol_v3__tau_1__smap__SMAP_F-1__seed1107,tau_1,smap,SMAP_F-1,1107,pending,,
grasp_protocol_v3__tau_1__smap__SMAP_F-2__seed1107,tau_1,smap,SMAP_F-2,1107,pending,,
grasp_protocol_v3__tau_1__smap__SMAP_F-3__seed1107,tau_1,smap,SMAP_F-3,1107,pending,,
grasp_protocol_v3__tau_1__smap__SMAP_G-1__seed1107,tau_1,smap,SMAP_G-1,1107,pending,,
grasp_protocol_v3__tau_1__smap__SMAP_G-2__seed1107,tau_1,smap,SMAP_G-2,1107,pending,,
grasp_protocol_v3__tau_1__smap__SMAP_G-3__seed1107,tau_1,smap,SMAP_G-3,1107,pending,,
grasp_protocol_v3__tau_1__smap__SMAP_G-4__seed1107,tau_1,smap,SMAP_G-4,1107,pending,,
grasp_protocol_v3__tau_1__smap__SMAP_G-6__seed1107,tau_1,smap,SMAP_G-6,1107,pending,,
grasp_protocol_v3__tau_1__smap__SMAP_G-7__seed1107,tau_1,smap,SMAP_G-7,1107,pending,,
grasp_protocol_v3__tau_1__smap__SMAP_P-1__seed1107,tau_1,smap,SMAP_P-1,1107,pending,,
grasp_protocol_v3__tau_1__smap__SMAP_P-2__seed1107,tau_1,smap,SMAP_P-2,1107,pending,,
grasp_protocol_v3__tau_1__smap__SMAP_P-3__seed1107,tau_1,smap,SMAP_P-3,1107,pending,,
grasp_protocol_v3__tau_1__smap__SMAP_P-4__seed1107,tau_1,smap,SMAP_P-4,1107,pending,,
grasp_protocol_v3__tau_1__smap__SMAP_R-1__seed1107,tau_1,smap,SMAP_R-1,1107,pending,,
grasp_protocol_v3__tau_1__smap__SMAP_S-1__seed1107,tau_1,smap,SMAP_S-1,1107,pending,,
grasp_protocol_v3__tau_1__smap__SMAP_T-1__seed1107,tau_1,smap,SMAP_T-1,1107,pending,,
grasp_protocol_v3__tau_1__smap__SMAP_T-2__seed1107,tau_1,smap,SMAP_T-2,1107,pending,,
grasp_protocol_v3__tau_1__smap__SMAP_T-3__seed1107,tau_1,smap,SMAP_T-3,1107,pending,,
grasp_protocol_v3__tau_4__smap__SMAP_A-1__seed1107,tau_4,smap,SMAP_A-1,1107,pending,,
grasp_protocol_v3__tau_4__smap__SMAP_A-2__seed1107,tau_4,smap,SMAP_A-2,1107,pending,,
grasp_protocol_v3__tau_4__smap__SMAP_A-3__seed1107,tau_4,smap,SMAP_A-3,1107,pending,,
grasp_protocol_v3__tau_4__smap__SMAP_A-4__seed1107,tau_4,smap,SMAP_A-4,1107,pending,,
grasp_protocol_v3__tau_4__smap__SMAP_A-5__seed1107,tau_4,smap,SMAP_A-5,1107,pending,,
grasp_protocol_v3__tau_4__smap__SMAP_A-6__seed1107,tau_4,smap,SMAP_A-6,1107,pending,,
grasp_protocol_v3__tau_4__smap__SMAP_A-7__seed1107,tau_4,smap,SMAP_A-7,1107,pending,,
grasp_protocol_v3__tau_4__smap__SMAP_A-8__seed1107,tau_4,smap,SMAP_A-8,1107,pending,,
grasp_protocol_v3__tau_4__smap__SMAP_A-9__seed1107,tau_4,smap,SMAP_A-9,1107,pending,,
grasp_protocol_v3__tau_4__smap__SMAP_B-1__seed1107,tau_4,smap,SMAP_B-1,1107,pending,,
grasp_protocol_v3__tau_4__smap__SMAP_D-11__seed1107,tau_4,smap,SMAP_D-11,1107,pending,,
grasp_protocol_v3__tau_4__smap__SMAP_D-1__seed1107,tau_4,smap,SMAP_D-1,1107,pending,,
grasp_protocol_v3__tau_4__smap__SMAP_D-2__seed1107,tau_4,smap,SMAP_D-2,1107,pending,,
grasp_protocol_v3__tau_4__smap__SMAP_D-3__seed1107,tau_4,smap,SMAP_D-3,1107,pending,,
grasp_protocol_v3__tau_4__smap__SMAP_D-4__seed1107,tau_4,smap,SMAP_D-4,1107,pending,,
grasp_protocol_v3__tau_4__smap__SMAP_D-5__seed1107,tau_4,smap,SMAP_D-5,1107,pending,,
grasp_protocol_v3__tau_4__smap__SMAP_D-6__seed1107,tau_4,smap,SMAP_D-6,1107,pending,,
grasp_protocol_v3__tau_4__smap__SMAP_D-7__seed1107,tau_4,smap,SMAP_D-7,1107,pending,,
grasp_protocol_v3__tau_4__smap__SMAP_D-8__seed1107,tau_4,smap,SMAP_D-8,1107,pending,,
grasp_protocol_v3__tau_4__smap__SMAP_D-9__seed1107,tau_4,smap,SMAP_D-9,1107,pending,,
grasp_protocol_v3__tau_4__smap__SMAP_E-10__seed1107,tau_4,smap,SMAP_E-10,1107,pending,,
grasp_protocol_v3__tau_4__smap__SMAP_E-11__seed1107,tau_4,smap,SMAP_E-11,1107,pending,,
grasp_protocol_v3__tau_4__smap__SMAP_E-12__seed1107,tau_4,smap,SMAP_E-12,1107,pending,,
grasp_protocol_v3__tau_4__smap__SMAP_E-13__seed1107,tau_4,smap,SMAP_E-13,1107,pending,,
grasp_protocol_v3__tau_4__smap__SMAP_E-1__seed1107,tau_4,smap,SMAP_E-1,1107,pending,,
grasp_protocol_v3__tau_4__smap__SMAP_E-2__seed1107,tau_4,smap,SMAP_E-2,1107,pending,,
grasp_protocol_v3__tau_4__smap__SMAP_E-3__seed1107,tau_4,smap,SMAP_E-3,1107,pending,,
grasp_protocol_v3__tau_4__smap__SMAP_E-4__seed1107,tau_4,smap,SMAP_E-4,1107,pending,,
grasp_protocol_v3__tau_4__smap__SMAP_E-5__seed1107,tau_4,smap,SMAP_E-5,1107,pending,,
grasp_protocol_v3__tau_4__smap__SMAP_E-6__seed1107,tau_4,smap,SMAP_E-6,1107,pending,,
grasp_protocol_v3__tau_4__smap__SMAP_E-7__seed1107,tau_4,smap,SMAP_E-7,1107,pending,,
grasp_protocol_v3__tau_4__smap__SMAP_E-8__seed1107,tau_4,smap,SMAP_E-8,1107,pending,,
grasp_protocol_v3__tau_4__smap__SMAP_E-9__seed1107,tau_4,smap,SMAP_E-9,1107,pending,,
grasp_protocol_v3__tau_4__smap__SMAP_F-1__seed1107,tau_4,smap,SMAP_F-1,1107,pending,,
grasp_protocol_v3__tau_4__smap__SMAP_F-2__seed1107,tau_4,smap,SMAP_F-2,1107,pending,,
grasp_protocol_v3__tau_4__smap__SMAP_F-3__seed1107,tau_4,smap,SMAP_F-3,1107,pending,,
grasp_protocol_v3__tau_4__smap__SMAP_G-1__seed1107,tau_4,smap,SMAP_G-1,1107,pending,,
grasp_protocol_v3__tau_4__smap__SMAP_G-2__seed1107,tau_4,smap,SMAP_G-2,1107,pending,,
grasp_protocol_v3__tau_4__smap__SMAP_G-3__seed1107,tau_4,smap,SMAP_G-3,1107,pending,,
grasp_protocol_v3__tau_4__smap__SMAP_G-4__seed1107,tau_4,smap,SMAP_G-4,1107,pending,,
grasp_protocol_v3__tau_4__smap__SMAP_G-6__seed1107,tau_4,smap,SMAP_G-6,1107,pending,,
grasp_protocol_v3__tau_4__smap__SMAP_G-7__seed1107,tau_4,smap,SMAP_G-7,1107,pending,,
grasp_protocol_v3__tau_4__smap__SMAP_P-1__seed1107,tau_4,smap,SMAP_P-1,1107,pending,,
grasp_protocol_v3__tau_4__smap__SMAP_P-2__seed1107,tau_4,smap,SMAP_P-2,1107,pending,,
grasp_protocol_v3__tau_4__smap__SMAP_P-3__seed1107,tau_4,smap,SMAP_P-3,1107,pending,,
grasp_protocol_v3__tau_4__smap__SMAP_P-4__seed1107,tau_4,smap,SMAP_P-4,1107,pending,,
grasp_protocol_v3__tau_4__smap__SMAP_R-1__seed1107,tau_4,smap,SMAP_R-1,1107,pending,,
grasp_protocol_v3__tau_4__smap__SMAP_S-1__seed1107,tau_4,smap,SMAP_S-1,1107,pending,,
grasp_protocol_v3__tau_4__smap__SMAP_T-1__seed1107,tau_4,smap,SMAP_T-1,1107,pending,,
grasp_protocol_v3__tau_4__smap__SMAP_T-2__seed1107,tau_4,smap,SMAP_T-2,1107,pending,,
grasp_protocol_v3__tau_4__smap__SMAP_T-3__seed1107,tau_4,smap,SMAP_T-3,1107,pending,,
grasp_protocol_v3__tau_8__smap__SMAP_A-1__seed1107,tau_8,smap,SMAP_A-1,1107,pending,,
grasp_protocol_v3__tau_8__smap__SMAP_A-2__seed1107,tau_8,smap,SMAP_A-2,1107,pending,,
grasp_protocol_v3__tau_8__smap__SMAP_A-3__seed1107,tau_8,smap,SMAP_A-3,1107,pending,,
grasp_protocol_v3__tau_8__smap__SMAP_A-4__seed1107,tau_8,smap,SMAP_A-4,1107,pending,,
grasp_protocol_v3__tau_8__smap__SMAP_A-5__seed1107,tau_8,smap,SMAP_A-5,1107,pending,,
grasp_protocol_v3__tau_8__smap__SMAP_A-6__seed1107,tau_8,smap,SMAP_A-6,1107,pending,,
grasp_protocol_v3__tau_8__smap__SMAP_A-7__seed1107,tau_8,smap,SMAP_A-7,1107,pending,,
grasp_protocol_v3__tau_8__smap__SMAP_A-8__seed1107,tau_8,smap,SMAP_A-8,1107,pending,,
grasp_protocol_v3__tau_8__smap__SMAP_A-9__seed1107,tau_8,smap,SMAP_A-9,1107,pending,,
grasp_protocol_v3__tau_8__smap__SMAP_B-1__seed1107,tau_8,smap,SMAP_B-1,1107,pending,,
grasp_protocol_v3__tau_8__smap__SMAP_D-11__seed1107,tau_8,smap,SMAP_D-11,1107,pending,,
grasp_protocol_v3__tau_8__smap__SMAP_D-1__seed1107,tau_8,smap,SMAP_D-1,1107,pending,,
grasp_protocol_v3__tau_8__smap__SMAP_D-2__seed1107,tau_8,smap,SMAP_D-2,1107,pending,,
grasp_protocol_v3__tau_8__smap__SMAP_D-3__seed1107,tau_8,smap,SMAP_D-3,1107,pending,,
grasp_protocol_v3__tau_8__smap__SMAP_D-4__seed1107,tau_8,smap,SMAP_D-4,1107,pending,,
grasp_protocol_v3__tau_8__smap__SMAP_D-5__seed1107,tau_8,smap,SMAP_D-5,1107,pending,,
grasp_protocol_v3__tau_8__smap__SMAP_D-6__seed1107,tau_8,smap,SMAP_D-6,1107,pending,,
grasp_protocol_v3__tau_8__smap__SMAP_D-7__seed1107,tau_8,smap,SMAP_D-7,1107,pending,,
grasp_protocol_v3__tau_8__smap__SMAP_D-8__seed1107,tau_8,smap,SMAP_D-8,1107,pending,,
grasp_protocol_v3__tau_8__smap__SMAP_D-9__seed1107,tau_8,smap,SMAP_D-9,1107,pending,,
grasp_protocol_v3__tau_8__smap__SMAP_E-10__seed1107,tau_8,smap,SMAP_E-10,1107,pending,,
grasp_protocol_v3__tau_8__smap__SMAP_E-11__seed1107,tau_8,smap,SMAP_E-11,1107,pending,,
grasp_protocol_v3__tau_8__smap__SMAP_E-12__seed1107,tau_8,smap,SMAP_E-12,1107,pending,,
grasp_protocol_v3__tau_8__smap__SMAP_E-13__seed1107,tau_8,smap,SMAP_E-13,1107,pending,,
grasp_protocol_v3__tau_8__smap__SMAP_E-1__seed1107,tau_8,smap,SMAP_E-1,1107,pending,,
grasp_protocol_v3__tau_8__smap__SMAP_E-2__seed1107,tau_8,smap,SMAP_E-2,1107,pending,,
grasp_protocol_v3__tau_8__smap__SMAP_E-3__seed1107,tau_8,smap,SMAP_E-3,1107,pending,,
grasp_protocol_v3__tau_8__smap__SMAP_E-4__seed1107,tau_8,smap,SMAP_E-4,1107,pending,,
grasp_protocol_v3__tau_8__smap__SMAP_E-5__seed1107,tau_8,smap,SMAP_E-5,1107,pending,,
grasp_protocol_v3__tau_8__smap__SMAP_E-6__seed1107,tau_8,smap,SMAP_E-6,1107,pending,,
grasp_protocol_v3__tau_8__smap__SMAP_E-7__seed1107,tau_8,smap,SMAP_E-7,1107,pending,,
grasp_protocol_v3__tau_8__smap__SMAP_E-8__seed1107,tau_8,smap,SMAP_E-8,1107,pending,,
grasp_protocol_v3__tau_8__smap__SMAP_E-9__seed1107,tau_8,smap,SMAP_E-9,1107,pending,,
grasp_protocol_v3__tau_8__smap__SMAP_F-1__seed1107,tau_8,smap,SMAP_F-1,1107,pending,,
grasp_protocol_v3__tau_8__smap__SMAP_F-2__seed1107,tau_8,smap,SMAP_F-2,1107,pending,,
grasp_protocol_v3__tau_8__smap__SMAP_F-3__seed1107,tau_8,smap,SMAP_F-3,1107,pending,,
grasp_protocol_v3__tau_8__smap__SMAP_G-1__seed1107,tau_8,smap,SMAP_G-1,1107,pending,,
grasp_protocol_v3__tau_8__smap__SMAP_G-2__seed1107,tau_8,smap,SMAP_G-2,1107,pending,,
grasp_protocol_v3__tau_8__smap__SMAP_G-3__seed1107,tau_8,smap,SMAP_G-3,1107,pending,,
grasp_protocol_v3__tau_8__smap__SMAP_G-4__seed1107,tau_8,smap,SMAP_G-4,1107,pending,,
grasp_protocol_v3__tau_8__smap__SMAP_G-6__seed1107,tau_8,smap,SMAP_G-6,1107,pending,,
grasp_protocol_v3__tau_8__smap__SMAP_G-7__seed1107,tau_8,smap,SMAP_G-7,1107,pending,,
grasp_protocol_v3__tau_8__smap__SMAP_P-1__seed1107,tau_8,smap,SMAP_P-1,1107,pending,,
grasp_protocol_v3__tau_8__smap__SMAP_P-2__seed1107,tau_8,smap,SMAP_P-2,1107,pending,,
grasp_protocol_v3__tau_8__smap__SMAP_P-3__seed1107,tau_8,smap,SMAP_P-3,1107,pending,,
grasp_protocol_v3__tau_8__smap__SMAP_P-4__seed1107,tau_8,smap,SMAP_P-4,1107,pending,,
grasp_protocol_v3__tau_8__smap__SMAP_R-1__seed1107,tau_8,smap,SMAP_R-1,1107,pending,,
grasp_protocol_v3__tau_8__smap__SMAP_S-1__seed1107,tau_8,smap,SMAP_S-1,1107,pending,,
grasp_protocol_v3__tau_8__smap__SMAP_T-1__seed1107,tau_8,smap,SMAP_T-1,1107,pending,,
grasp_protocol_v3__tau_8__smap__SMAP_T-2__seed1107,tau_8,smap,SMAP_T-2,1107,pending,,
grasp_protocol_v3__tau_8__smap__SMAP_T-3__seed1107,tau_8,smap,SMAP_T-3,1107,pending,,
grasp_protocol_v3__gnn__smap__SMAP_A-1__seed1108,gnn,smap,SMAP_A-1,1108,pending,,
grasp_protocol_v3__gnn__smap__SMAP_A-2__seed1108,gnn,smap,SMAP_A-2,1108,pending,,
grasp_protocol_v3__gnn__smap__SMAP_A-3__seed1108,gnn,smap,SMAP_A-3,1108,pending,,
grasp_protocol_v3__gnn__smap__SMAP_A-4__seed1108,gnn,smap,SMAP_A-4,1108,pending,,
grasp_protocol_v3__gnn__smap__SMAP_A-5__seed1108,gnn,smap,SMAP_A-5,1108,pending,,
grasp_protocol_v3__gnn__smap__SMAP_A-6__seed1108,gnn,smap,SMAP_A-6,1108,pending,,
grasp_protocol_v3__gnn__smap__SMAP_A-7__seed1108,gnn,smap,SMAP_A-7,1108,pending,,
grasp_protocol_v3__gnn__smap__SMAP_A-8__seed1108,gnn,smap,SMAP_A-8,1108,pending,,
grasp_protocol_v3__gnn__smap__SMAP_A-9__seed1108,gnn,smap,SMAP_A-9,1108,pending,,
grasp_protocol_v3__gnn__smap__SMAP_B-1__seed1108,gnn,smap,SMAP_B-1,1108,pending,,
grasp_protocol_v3__gnn__smap__SMAP_D-11__seed1108,gnn,smap,SMAP_D-11,1108,pending,,
grasp_protocol_v3__gnn__smap__SMAP_D-1__seed1108,gnn,smap,SMAP_D-1,1108,pending,,
grasp_protocol_v3__gnn__smap__SMAP_D-2__seed1108,gnn,smap,SMAP_D-2,1108,pending,,
grasp_protocol_v3__gnn__smap__SMAP_D-3__seed1108,gnn,smap,SMAP_D-3,1108,pending,,
grasp_protocol_v3__gnn__smap__SMAP_D-4__seed1108,gnn,smap,SMAP_D-4,1108,pending,,
grasp_protocol_v3__gnn__smap__SMAP_D-5__seed1108,gnn,smap,SMAP_D-5,1108,pending,,
grasp_protocol_v3__gnn__smap__SMAP_D-6__seed1108,gnn,smap,SMAP_D-6,1108,pending,,
grasp_protocol_v3__gnn__smap__SMAP_D-7__seed1108,gnn,smap,SMAP_D-7,1108,pending,,
grasp_protocol_v3__gnn__smap__SMAP_D-8__seed1108,gnn,smap,SMAP_D-8,1108,pending,,
grasp_protocol_v3__gnn__smap__SMAP_D-9__seed1108,gnn,smap,SMAP_D-9,1108,pending,,
grasp_protocol_v3__gnn__smap__SMAP_E-10__seed1108,gnn,smap,SMAP_E-10,1108,pending,,
grasp_protocol_v3__gnn__smap__SMAP_E-11__seed1108,gnn,smap,SMAP_E-11,1108,pending,,
grasp_protocol_v3__gnn__smap__SMAP_E-12__seed1108,gnn,smap,SMAP_E-12,1108,pending,,
grasp_protocol_v3__gnn__smap__SMAP_E-13__seed1108,gnn,smap,SMAP_E-13,1108,pending,,
grasp_protocol_v3__gnn__smap__SMAP_E-1__seed1108,gnn,smap,SMAP_E-1,1108,pending,,
grasp_protocol_v3__gnn__smap__SMAP_E-2__seed1108,gnn,smap,SMAP_E-2,1108,pending,,
grasp_protocol_v3__gnn__smap__SMAP_E-3__seed1108,gnn,smap,SMAP_E-3,1108,pending,,
grasp_protocol_v3__gnn__smap__SMAP_E-4__seed1108,gnn,smap,SMAP_E-4,1108,pending,,
grasp_protocol_v3__gnn__smap__SMAP_E-5__seed1108,gnn,smap,SMAP_E-5,1108,pending,,
grasp_protocol_v3__gnn__smap__SMAP_E-6__seed1108,gnn,smap,SMAP_E-6,1108,pending,,
grasp_protocol_v3__gnn__smap__SMAP_E-7__seed1108,gnn,smap,SMAP_E-7,1108,pending,,
grasp_protocol_v3__gnn__smap__SMAP_E-8__seed1108,gnn,smap,SMAP_E-8,1108,pending,,
grasp_protocol_v3__gnn__smap__SMAP_E-9__seed1108,gnn,smap,SMAP_E-9,1108,pending,,
grasp_protocol_v3__gnn__smap__SMAP_F-1__seed1108,gnn,smap,SMAP_F-1,1108,pending,,
grasp_protocol_v3__gnn__smap__SMAP_F-2__seed1108,gnn,smap,SMAP_F-2,1108,pending,,
grasp_protocol_v3__gnn__smap__SMAP_F-3__seed1108,gnn,smap,SMAP_F-3,1108,pending,,
grasp_protocol_v3__gnn__smap__SMAP_G-1__seed1108,gnn,smap,SMAP_G-1,1108,pending,,
grasp_protocol_v3__gnn__smap__SMAP_G-2__seed1108,gnn,smap,SMAP_G-2,1108,pending,,
grasp_protocol_v3__gnn__smap__SMAP_G-3__seed1108,gnn,smap,SMAP_G-3,1108,pending,,
grasp_protocol_v3__gnn__smap__SMAP_G-4__seed1108,gnn,smap,SMAP_G-4,1108,pending,,
grasp_protocol_v3__gnn__smap__SMAP_G-6__seed1108,gnn,smap,SMAP_G-6,1108,pending,,
grasp_protocol_v3__gnn__smap__SMAP_G-7__seed1108,gnn,smap,SMAP_G-7,1108,pending,,
grasp_protocol_v3__gnn__smap__SMAP_P-1__seed1108,gnn,smap,SMAP_P-1,1108,pending,,
grasp_protocol_v3__gnn__smap__SMAP_P-2__seed1108,gnn,smap,SMAP_P-2,1108,pending,,
grasp_protocol_v3__gnn__smap__SMAP_P-3__seed1108,gnn,smap,SMAP_P-3,1108,pending,,
grasp_protocol_v3__gnn__smap__SMAP_P-4__seed1108,gnn,smap,SMAP_P-4,1108,pending,,
grasp_protocol_v3__gnn__smap__SMAP_R-1__seed1108,gnn,smap,SMAP_R-1,1108,pending,,
grasp_protocol_v3__gnn__smap__SMAP_S-1__seed1108,gnn,smap,SMAP_S-1,1108,pending,,
grasp_protocol_v3__gnn__smap__SMAP_T-1__seed1108,gnn,smap,SMAP_T-1,1108,pending,,
grasp_protocol_v3__gnn__smap__SMAP_T-2__seed1108,gnn,smap,SMAP_T-2,1108,pending,,
grasp_protocol_v3__gnn__smap__SMAP_T-3__seed1108,gnn,smap,SMAP_T-3,1108,pending,,
grasp_protocol_v3__main__smap__SMAP_A-1__seed1108,main,smap,SMAP_A-1,1108,pending,,
grasp_protocol_v3__main__smap__SMAP_A-2__seed1108,main,smap,SMAP_A-2,1108,pending,,
grasp_protocol_v3__main__smap__SMAP_A-3__seed1108,main,smap,SMAP_A-3,1108,pending,,
grasp_protocol_v3__main__smap__SMAP_A-4__seed1108,main,smap,SMAP_A-4,1108,pending,,
grasp_protocol_v3__main__smap__SMAP_A-5__seed1108,main,smap,SMAP_A-5,1108,pending,,
grasp_protocol_v3__main__smap__SMAP_A-6__seed1108,main,smap,SMAP_A-6,1108,pending,,
grasp_protocol_v3__main__smap__SMAP_A-7__seed1108,main,smap,SMAP_A-7,1108,pending,,
grasp_protocol_v3__main__smap__SMAP_A-8__seed1108,main,smap,SMAP_A-8,1108,pending,,
grasp_protocol_v3__main__smap__SMAP_A-9__seed1108,main,smap,SMAP_A-9,1108,pending,,
grasp_protocol_v3__main__smap__SMAP_B-1__seed1108,main,smap,SMAP_B-1,1108,pending,,
grasp_protocol_v3__main__smap__SMAP_D-11__seed1108,main,smap,SMAP_D-11,1108,pending,,
grasp_protocol_v3__main__smap__SMAP_D-1__seed1108,main,smap,SMAP_D-1,1108,pending,,
grasp_protocol_v3__main__smap__SMAP_D-2__seed1108,main,smap,SMAP_D-2,1108,pending,,
grasp_protocol_v3__main__smap__SMAP_D-3__seed1108,main,smap,SMAP_D-3,1108,pending,,
grasp_protocol_v3__main__smap__SMAP_D-4__seed1108,main,smap,SMAP_D-4,1108,pending,,
grasp_protocol_v3__main__smap__SMAP_D-5__seed1108,main,smap,SMAP_D-5,1108,pending,,
grasp_protocol_v3__main__smap__SMAP_D-6__seed1108,main,smap,SMAP_D-6,1108,pending,,
grasp_protocol_v3__main__smap__SMAP_D-7__seed1108,main,smap,SMAP_D-7,1108,pending,,
grasp_protocol_v3__main__smap__SMAP_D-8__seed1108,main,smap,SMAP_D-8,1108,pending,,
grasp_protocol_v3__main__smap__SMAP_D-9__seed1108,main,smap,SMAP_D-9,1108,pending,,
grasp_protocol_v3__main__smap__SMAP_E-10__seed1108,main,smap,SMAP_E-10,1108,pending,,
grasp_protocol_v3__main__smap__SMAP_E-11__seed1108,main,smap,SMAP_E-11,1108,pending,,
grasp_protocol_v3__main__smap__SMAP_E-12__seed1108,main,smap,SMAP_E-12,1108,pending,,
grasp_protocol_v3__main__smap__SMAP_E-13__seed1108,main,smap,SMAP_E-13,1108,pending,,
grasp_protocol_v3__main__smap__SMAP_E-1__seed1108,main,smap,SMAP_E-1,1108,pending,,
grasp_protocol_v3__main__smap__SMAP_E-2__seed1108,main,smap,SMAP_E-2,1108,pending,,
grasp_protocol_v3__main__smap__SMAP_E-3__seed1108,main,smap,SMAP_E-3,1108,pending,,
grasp_protocol_v3__main__smap__SMAP_E-4__seed1108,main,smap,SMAP_E-4,1108,pending,,
grasp_protocol_v3__main__smap__SMAP_E-5__seed1108,main,smap,SMAP_E-5,1108,pending,,
grasp_protocol_v3__main__smap__SMAP_E-6__seed1108,main,smap,SMAP_E-6,1108,pending,,
grasp_protocol_v3__main__smap__SMAP_E-7__seed1108,main,smap,SMAP_E-7,1108,pending,,
grasp_protocol_v3__main__smap__SMAP_E-8__seed1108,main,smap,SMAP_E-8,1108,pending,,
grasp_protocol_v3__main__smap__SMAP_E-9__seed1108,main,smap,SMAP_E-9,1108,pending,,
grasp_protocol_v3__main__smap__SMAP_F-1__seed1108,main,smap,SMAP_F-1,1108,pending,,
grasp_protocol_v3__main__smap__SMAP_F-2__seed1108,main,smap,SMAP_F-2,1108,pending,,
grasp_protocol_v3__main__smap__SMAP_F-3__seed1108,main,smap,SMAP_F-3,1108,pending,,
grasp_protocol_v3__main__smap__SMAP_G-1__seed1108,main,smap,SMAP_G-1,1108,pending,,
grasp_protocol_v3__main__smap__SMAP_G-2__seed1108,main,smap,SMAP_G-2,1108,pending,,
grasp_protocol_v3__main__smap__SMAP_G-3__seed1108,main,smap,SMAP_G-3,1108,pending,,
grasp_protocol_v3__main__smap__SMAP_G-4__seed1108,main,smap,SMAP_G-4,1108,pending,,
grasp_protocol_v3__main__smap__SMAP_G-6__seed1108,main,smap,SMAP_G-6,1108,pending,,
grasp_protocol_v3__main__smap__SMAP_G-7__seed1108,main,smap,SMAP_G-7,1108,pending,,
grasp_protocol_v3__main__smap__SMAP_P-1__seed1108,main,smap,SMAP_P-1,1108,pending,,
grasp_protocol_v3__main__smap__SMAP_P-2__seed1108,main,smap,SMAP_P-2,1108,pending,,
grasp_protocol_v3__main__smap__SMAP_P-3__seed1108,main,smap,SMAP_P-3,1108,pending,,
grasp_protocol_v3__main__smap__SMAP_P-4__seed1108,main,smap,SMAP_P-4,1108,pending,,
grasp_protocol_v3__main__smap__SMAP_R-1__seed1108,main,smap,SMAP_R-1,1108,pending,,
grasp_protocol_v3__main__smap__SMAP_S-1__seed1108,main,smap,SMAP_S-1,1108,pending,,
grasp_protocol_v3__main__smap__SMAP_T-1__seed1108,main,smap,SMAP_T-1,1108,pending,,
grasp_protocol_v3__main__smap__SMAP_T-2__seed1108,main,smap,SMAP_T-2,1108,pending,,
grasp_protocol_v3__main__smap__SMAP_T-3__seed1108,main,smap,SMAP_T-3,1108,pending,,
grasp_protocol_v3__transformer__smap__SMAP_A-1__seed1108,transformer,smap,SMAP_A-1,1108,pending,,
grasp_protocol_v3__transformer__smap__SMAP_A-2__seed1108,transformer,smap,SMAP_A-2,1108,pending,,
grasp_protocol_v3__transformer__smap__SMAP_A-3__seed1108,transformer,smap,SMAP_A-3,1108,pending,,
grasp_protocol_v3__transformer__smap__SMAP_A-4__seed1108,transformer,smap,SMAP_A-4,1108,pending,,
grasp_protocol_v3__transformer__smap__SMAP_A-5__seed1108,transformer,smap,SMAP_A-5,1108,pending,,
grasp_protocol_v3__transformer__smap__SMAP_A-6__seed1108,transformer,smap,SMAP_A-6,1108,pending,,
grasp_protocol_v3__transformer__smap__SMAP_A-7__seed1108,transformer,smap,SMAP_A-7,1108,pending,,
grasp_protocol_v3__transformer__smap__SMAP_A-8__seed1108,transformer,smap,SMAP_A-8,1108,pending,,
grasp_protocol_v3__transformer__smap__SMAP_A-9__seed1108,transformer,smap,SMAP_A-9,1108,pending,,
grasp_protocol_v3__transformer__smap__SMAP_B-1__seed1108,transformer,smap,SMAP_B-1,1108,pending,,
grasp_protocol_v3__transformer__smap__SMAP_D-11__seed1108,transformer,smap,SMAP_D-11,1108,pending,,
grasp_protocol_v3__transformer__smap__SMAP_D-1__seed1108,transformer,smap,SMAP_D-1,1108,pending,,
grasp_protocol_v3__transformer__smap__SMAP_D-2__seed1108,transformer,smap,SMAP_D-2,1108,pending,,
grasp_protocol_v3__transformer__smap__SMAP_D-3__seed1108,transformer,smap,SMAP_D-3,1108,pending,,
grasp_protocol_v3__transformer__smap__SMAP_D-4__seed1108,transformer,smap,SMAP_D-4,1108,pending,,
grasp_protocol_v3__transformer__smap__SMAP_D-5__seed1108,transformer,smap,SMAP_D-5,1108,pending,,
grasp_protocol_v3__transformer__smap__SMAP_D-6__seed1108,transformer,smap,SMAP_D-6,1108,pending,,
grasp_protocol_v3__transformer__smap__SMAP_D-7__seed1108,transformer,smap,SMAP_D-7,1108,pending,,
grasp_protocol_v3__transformer__smap__SMAP_D-8__seed1108,transformer,smap,SMAP_D-8,1108,pending,,
grasp_protocol_v3__transformer__smap__SMAP_D-9__seed1108,transformer,smap,SMAP_D-9,1108,pending,,
grasp_protocol_v3__transformer__smap__SMAP_E-10__seed1108,transformer,smap,SMAP_E-10,1108,pending,,
grasp_protocol_v3__transformer__smap__SMAP_E-11__seed1108,transformer,smap,SMAP_E-11,1108,pending,,
grasp_protocol_v3__transformer__smap__SMAP_E-12__seed1108,transformer,smap,SMAP_E-12,1108,pending,,
grasp_protocol_v3__transformer__smap__SMAP_E-13__seed1108,transformer,smap,SMAP_E-13,1108,pending,,
grasp_protocol_v3__transformer__smap__SMAP_E-1__seed1108,transformer,smap,SMAP_E-1,1108,pending,,
grasp_protocol_v3__transformer__smap__SMAP_E-2__seed1108,transformer,smap,SMAP_E-2,1108,pending,,
grasp_protocol_v3__transformer__smap__SMAP_E-3__seed1108,transformer,smap,SMAP_E-3,1108,pending,,
grasp_protocol_v3__transformer__smap__SMAP_E-4__seed1108,transformer,smap,SMAP_E-4,1108,pending,,
grasp_protocol_v3__transformer__smap__SMAP_E-5__seed1108,transformer,smap,SMAP_E-5,1108,pending,,
grasp_protocol_v3__transformer__smap__SMAP_E-6__seed1108,transformer,smap,SMAP_E-6,1108,pending,,
grasp_protocol_v3__transformer__smap__SMAP_E-7__seed1108,transformer,smap,SMAP_E-7,1108,pending,,
grasp_protocol_v3__transformer__smap__SMAP_E-8__seed1108,transformer,smap,SMAP_E-8,1108,pending,,
grasp_protocol_v3__transformer__smap__SMAP_E-9__seed1108,transformer,smap,SMAP_E-9,1108,pending,,
grasp_protocol_v3__transformer__smap__SMAP_F-1__seed1108,transformer,smap,SMAP_F-1,1108,pending,,
grasp_protocol_v3__transformer__smap__SMAP_F-2__seed1108,transformer,smap,SMAP_F-2,1108,pending,,
grasp_protocol_v3__transformer__smap__SMAP_F-3__seed1108,transformer,smap,SMAP_F-3,1108,pending,,
grasp_protocol_v3__transformer__smap__SMAP_G-1__seed1108,transformer,smap,SMAP_G-1,1108,pending,,
grasp_protocol_v3__transformer__smap__SMAP_G-2__seed1108,transformer,smap,SMAP_G-2,1108,pending,,
grasp_protocol_v3__transformer__smap__SMAP_G-3__seed1108,transformer,smap,SMAP_G-3,1108,pending,,
grasp_protocol_v3__transformer__smap__SMAP_G-4__seed1108,transformer,smap,SMAP_G-4,1108,pending,,
grasp_protocol_v3__transformer__smap__SMAP_G-6__seed1108,transformer,smap,SMAP_G-6,1108,pending,,
grasp_protocol_v3__transformer__smap__SMAP_G-7__seed1108,transformer,smap,SMAP_G-7,1108,pending,,
grasp_protocol_v3__transformer__smap__SMAP_P-1__seed1108,transformer,smap,SMAP_P-1,1108,pending,,
grasp_protocol_v3__transformer__smap__SMAP_P-2__seed1108,transformer,smap,SMAP_P-2,1108,pending,,
grasp_protocol_v3__transformer__smap__SMAP_P-3__seed1108,transformer,smap,SMAP_P-3,1108,pending,,
grasp_protocol_v3__transformer__smap__SMAP_P-4__seed1108,transformer,smap,SMAP_P-4,1108,pending,,
grasp_protocol_v3__transformer__smap__SMAP_R-1__seed1108,transformer,smap,SMAP_R-1,1108,pending,,
grasp_protocol_v3__transformer__smap__SMAP_S-1__seed1108,transformer,smap,SMAP_S-1,1108,pending,,
grasp_protocol_v3__transformer__smap__SMAP_T-1__seed1108,transformer,smap,SMAP_T-1,1108,pending,,
grasp_protocol_v3__transformer__smap__SMAP_T-2__seed1108,transformer,smap,SMAP_T-2,1108,pending,,
grasp_protocol_v3__transformer__smap__SMAP_T-3__seed1108,transformer,smap,SMAP_T-3,1108,pending,,
grasp_protocol_v3__mean__smap__SMAP_A-1__seed1108,mean,smap,SMAP_A-1,1108,pending,,
grasp_protocol_v3__mean__smap__SMAP_A-2__seed1108,mean,smap,SMAP_A-2,1108,pending,,
grasp_protocol_v3__mean__smap__SMAP_A-3__seed1108,mean,smap,SMAP_A-3,1108,pending,,
grasp_protocol_v3__mean__smap__SMAP_A-4__seed1108,mean,smap,SMAP_A-4,1108,pending,,
grasp_protocol_v3__mean__smap__SMAP_A-5__seed1108,mean,smap,SMAP_A-5,1108,pending,,
grasp_protocol_v3__mean__smap__SMAP_A-6__seed1108,mean,smap,SMAP_A-6,1108,pending,,
grasp_protocol_v3__mean__smap__SMAP_A-7__seed1108,mean,smap,SMAP_A-7,1108,pending,,
grasp_protocol_v3__mean__smap__SMAP_A-8__seed1108,mean,smap,SMAP_A-8,1108,pending,,
grasp_protocol_v3__mean__smap__SMAP_A-9__seed1108,mean,smap,SMAP_A-9,1108,pending,,
grasp_protocol_v3__mean__smap__SMAP_B-1__seed1108,mean,smap,SMAP_B-1,1108,pending,,
grasp_protocol_v3__mean__smap__SMAP_D-11__seed1108,mean,smap,SMAP_D-11,1108,pending,,
grasp_protocol_v3__mean__smap__SMAP_D-1__seed1108,mean,smap,SMAP_D-1,1108,pending,,
grasp_protocol_v3__mean__smap__SMAP_D-2__seed1108,mean,smap,SMAP_D-2,1108,pending,,
grasp_protocol_v3__mean__smap__SMAP_D-3__seed1108,mean,smap,SMAP_D-3,1108,pending,,
grasp_protocol_v3__mean__smap__SMAP_D-4__seed1108,mean,smap,SMAP_D-4,1108,pending,,
grasp_protocol_v3__mean__smap__SMAP_D-5__seed1108,mean,smap,SMAP_D-5,1108,pending,,
grasp_protocol_v3__mean__smap__SMAP_D-6__seed1108,mean,smap,SMAP_D-6,1108,pending,,
grasp_protocol_v3__mean__smap__SMAP_D-7__seed1108,mean,smap,SMAP_D-7,1108,pending,,
grasp_protocol_v3__mean__smap__SMAP_D-8__seed1108,mean,smap,SMAP_D-8,1108,pending,,
grasp_protocol_v3__mean__smap__SMAP_D-9__seed1108,mean,smap,SMAP_D-9,1108,pending,,
grasp_protocol_v3__mean__smap__SMAP_E-10__seed1108,mean,smap,SMAP_E-10,1108,pending,,
grasp_protocol_v3__mean__smap__SMAP_E-11__seed1108,mean,smap,SMAP_E-11,1108,pending,,
grasp_protocol_v3__mean__smap__SMAP_E-12__seed1108,mean,smap,SMAP_E-12,1108,pending,,
grasp_protocol_v3__mean__smap__SMAP_E-13__seed1108,mean,smap,SMAP_E-13,1108,pending,,
grasp_protocol_v3__mean__smap__SMAP_E-1__seed1108,mean,smap,SMAP_E-1,1108,pending,,
grasp_protocol_v3__mean__smap__SMAP_E-2__seed1108,mean,smap,SMAP_E-2,1108,pending,,
grasp_protocol_v3__mean__smap__SMAP_E-3__seed1108,mean,smap,SMAP_E-3,1108,pending,,
grasp_protocol_v3__mean__smap__SMAP_E-4__seed1108,mean,smap,SMAP_E-4,1108,pending,,
grasp_protocol_v3__mean__smap__SMAP_E-5__seed1108,mean,smap,SMAP_E-5,1108,pending,,
grasp_protocol_v3__mean__smap__SMAP_E-6__seed1108,mean,smap,SMAP_E-6,1108,pending,,
grasp_protocol_v3__mean__smap__SMAP_E-7__seed1108,mean,smap,SMAP_E-7,1108,pending,,
grasp_protocol_v3__mean__smap__SMAP_E-8__seed1108,mean,smap,SMAP_E-8,1108,pending,,
grasp_protocol_v3__mean__smap__SMAP_E-9__seed1108,mean,smap,SMAP_E-9,1108,pending,,
grasp_protocol_v3__mean__smap__SMAP_F-1__seed1108,mean,smap,SMAP_F-1,1108,pending,,
grasp_protocol_v3__mean__smap__SMAP_F-2__seed1108,mean,smap,SMAP_F-2,1108,pending,,
grasp_protocol_v3__mean__smap__SMAP_F-3__seed1108,mean,smap,SMAP_F-3,1108,pending,,
grasp_protocol_v3__mean__smap__SMAP_G-1__seed1108,mean,smap,SMAP_G-1,1108,pending,,
grasp_protocol_v3__mean__smap__SMAP_G-2__seed1108,mean,smap,SMAP_G-2,1108,pending,,
grasp_protocol_v3__mean__smap__SMAP_G-3__seed1108,mean,smap,SMAP_G-3,1108,pending,,
grasp_protocol_v3__mean__smap__SMAP_G-4__seed1108,mean,smap,SMAP_G-4,1108,pending,,
grasp_protocol_v3__mean__smap__SMAP_G-6__seed1108,mean,smap,SMAP_G-6,1108,pending,,
grasp_protocol_v3__mean__smap__SMAP_G-7__seed1108,mean,smap,SMAP_G-7,1108,pending,,
grasp_protocol_v3__mean__smap__SMAP_P-1__seed1108,mean,smap,SMAP_P-1,1108,pending,,
grasp_protocol_v3__mean__smap__SMAP_P-2__seed1108,mean,smap,SMAP_P-2,1108,pending,,
grasp_protocol_v3__mean__smap__SMAP_P-3__seed1108,mean,smap,SMAP_P-3,1108,pending,,
grasp_protocol_v3__mean__smap__SMAP_P-4__seed1108,mean,smap,SMAP_P-4,1108,pending,,
grasp_protocol_v3__mean__smap__SMAP_R-1__seed1108,mean,smap,SMAP_R-1,1108,pending,,
grasp_protocol_v3__mean__smap__SMAP_S-1__seed1108,mean,smap,SMAP_S-1,1108,pending,,
grasp_protocol_v3__mean__smap__SMAP_T-1__seed1108,mean,smap,SMAP_T-1,1108,pending,,
grasp_protocol_v3__mean__smap__SMAP_T-2__seed1108,mean,smap,SMAP_T-2,1108,pending,,
grasp_protocol_v3__mean__smap__SMAP_T-3__seed1108,mean,smap,SMAP_T-3,1108,pending,,
grasp_protocol_v3__er__smap__SMAP_A-1__seed1108,er,smap,SMAP_A-1,1108,pending,,
grasp_protocol_v3__er__smap__SMAP_A-2__seed1108,er,smap,SMAP_A-2,1108,pending,,
grasp_protocol_v3__er__smap__SMAP_A-3__seed1108,er,smap,SMAP_A-3,1108,pending,,
grasp_protocol_v3__er__smap__SMAP_A-4__seed1108,er,smap,SMAP_A-4,1108,pending,,
grasp_protocol_v3__er__smap__SMAP_A-5__seed1108,er,smap,SMAP_A-5,1108,pending,,
grasp_protocol_v3__er__smap__SMAP_A-6__seed1108,er,smap,SMAP_A-6,1108,pending,,
grasp_protocol_v3__er__smap__SMAP_A-7__seed1108,er,smap,SMAP_A-7,1108,pending,,
grasp_protocol_v3__er__smap__SMAP_A-8__seed1108,er,smap,SMAP_A-8,1108,pending,,
grasp_protocol_v3__er__smap__SMAP_A-9__seed1108,er,smap,SMAP_A-9,1108,pending,,
grasp_protocol_v3__er__smap__SMAP_B-1__seed1108,er,smap,SMAP_B-1,1108,pending,,
grasp_protocol_v3__er__smap__SMAP_D-11__seed1108,er,smap,SMAP_D-11,1108,pending,,
grasp_protocol_v3__er__smap__SMAP_D-1__seed1108,er,smap,SMAP_D-1,1108,pending,,
grasp_protocol_v3__er__smap__SMAP_D-2__seed1108,er,smap,SMAP_D-2,1108,pending,,
grasp_protocol_v3__er__smap__SMAP_D-3__seed1108,er,smap,SMAP_D-3,1108,pending,,
grasp_protocol_v3__er__smap__SMAP_D-4__seed1108,er,smap,SMAP_D-4,1108,pending,,
grasp_protocol_v3__er__smap__SMAP_D-5__seed1108,er,smap,SMAP_D-5,1108,pending,,
grasp_protocol_v3__er__smap__SMAP_D-6__seed1108,er,smap,SMAP_D-6,1108,pending,,
grasp_protocol_v3__er__smap__SMAP_D-7__seed1108,er,smap,SMAP_D-7,1108,pending,,
grasp_protocol_v3__er__smap__SMAP_D-8__seed1108,er,smap,SMAP_D-8,1108,pending,,
grasp_protocol_v3__er__smap__SMAP_D-9__seed1108,er,smap,SMAP_D-9,1108,pending,,
grasp_protocol_v3__er__smap__SMAP_E-10__seed1108,er,smap,SMAP_E-10,1108,pending,,
grasp_protocol_v3__er__smap__SMAP_E-11__seed1108,er,smap,SMAP_E-11,1108,pending,,
grasp_protocol_v3__er__smap__SMAP_E-12__seed1108,er,smap,SMAP_E-12,1108,pending,,
grasp_protocol_v3__er__smap__SMAP_E-13__seed1108,er,smap,SMAP_E-13,1108,pending,,
grasp_protocol_v3__er__smap__SMAP_E-1__seed1108,er,smap,SMAP_E-1,1108,pending,,
grasp_protocol_v3__er__smap__SMAP_E-2__seed1108,er,smap,SMAP_E-2,1108,pending,,
grasp_protocol_v3__er__smap__SMAP_E-3__seed1108,er,smap,SMAP_E-3,1108,pending,,
grasp_protocol_v3__er__smap__SMAP_E-4__seed1108,er,smap,SMAP_E-4,1108,pending,,
grasp_protocol_v3__er__smap__SMAP_E-5__seed1108,er,smap,SMAP_E-5,1108,pending,,
grasp_protocol_v3__er__smap__SMAP_E-6__seed1108,er,smap,SMAP_E-6,1108,pending,,
grasp_protocol_v3__er__smap__SMAP_E-7__seed1108,er,smap,SMAP_E-7,1108,pending,,
grasp_protocol_v3__er__smap__SMAP_E-8__seed1108,er,smap,SMAP_E-8,1108,pending,,
grasp_protocol_v3__er__smap__SMAP_E-9__seed1108,er,smap,SMAP_E-9,1108,pending,,
grasp_protocol_v3__er__smap__SMAP_F-1__seed1108,er,smap,SMAP_F-1,1108,pending,,
grasp_protocol_v3__er__smap__SMAP_F-2__seed1108,er,smap,SMAP_F-2,1108,pending,,
grasp_protocol_v3__er__smap__SMAP_F-3__seed1108,er,smap,SMAP_F-3,1108,pending,,
grasp_protocol_v3__er__smap__SMAP_G-1__seed1108,er,smap,SMAP_G-1,1108,pending,,
grasp_protocol_v3__er__smap__SMAP_G-2__seed1108,er,smap,SMAP_G-2,1108,pending,,
grasp_protocol_v3__er__smap__SMAP_G-3__seed1108,er,smap,SMAP_G-3,1108,pending,,
grasp_protocol_v3__er__smap__SMAP_G-4__seed1108,er,smap,SMAP_G-4,1108,pending,,
grasp_protocol_v3__er__smap__SMAP_G-6__seed1108,er,smap,SMAP_G-6,1108,pending,,
grasp_protocol_v3__er__smap__SMAP_G-7__seed1108,er,smap,SMAP_G-7,1108,pending,,
grasp_protocol_v3__er__smap__SMAP_P-1__seed1108,er,smap,SMAP_P-1,1108,pending,,
grasp_protocol_v3__er__smap__SMAP_P-2__seed1108,er,smap,SMAP_P-2,1108,pending,,
grasp_protocol_v3__er__smap__SMAP_P-3__seed1108,er,smap,SMAP_P-3,1108,pending,,
grasp_protocol_v3__er__smap__SMAP_P-4__seed1108,er,smap,SMAP_P-4,1108,pending,,
grasp_protocol_v3__er__smap__SMAP_R-1__seed1108,er,smap,SMAP_R-1,1108,pending,,
grasp_protocol_v3__er__smap__SMAP_S-1__seed1108,er,smap,SMAP_S-1,1108,pending,,
grasp_protocol_v3__er__smap__SMAP_T-1__seed1108,er,smap,SMAP_T-1,1108,pending,,
grasp_protocol_v3__er__smap__SMAP_T-2__seed1108,er,smap,SMAP_T-2,1108,pending,,
grasp_protocol_v3__er__smap__SMAP_T-3__seed1108,er,smap,SMAP_T-3,1108,pending,,
grasp_protocol_v3__lin__smap__SMAP_A-1__seed1108,lin,smap,SMAP_A-1,1108,pending,,
grasp_protocol_v3__lin__smap__SMAP_A-2__seed1108,lin,smap,SMAP_A-2,1108,pending,,
grasp_protocol_v3__lin__smap__SMAP_A-3__seed1108,lin,smap,SMAP_A-3,1108,pending,,
grasp_protocol_v3__lin__smap__SMAP_A-4__seed1108,lin,smap,SMAP_A-4,1108,pending,,
grasp_protocol_v3__lin__smap__SMAP_A-5__seed1108,lin,smap,SMAP_A-5,1108,pending,,
grasp_protocol_v3__lin__smap__SMAP_A-6__seed1108,lin,smap,SMAP_A-6,1108,pending,,
grasp_protocol_v3__lin__smap__SMAP_A-7__seed1108,lin,smap,SMAP_A-7,1108,pending,,
grasp_protocol_v3__lin__smap__SMAP_A-8__seed1108,lin,smap,SMAP_A-8,1108,pending,,
grasp_protocol_v3__lin__smap__SMAP_A-9__seed1108,lin,smap,SMAP_A-9,1108,pending,,
grasp_protocol_v3__lin__smap__SMAP_B-1__seed1108,lin,smap,SMAP_B-1,1108,pending,,
grasp_protocol_v3__lin__smap__SMAP_D-11__seed1108,lin,smap,SMAP_D-11,1108,pending,,
grasp_protocol_v3__lin__smap__SMAP_D-1__seed1108,lin,smap,SMAP_D-1,1108,pending,,
grasp_protocol_v3__lin__smap__SMAP_D-2__seed1108,lin,smap,SMAP_D-2,1108,pending,,
grasp_protocol_v3__lin__smap__SMAP_D-3__seed1108,lin,smap,SMAP_D-3,1108,pending,,
grasp_protocol_v3__lin__smap__SMAP_D-4__seed1108,lin,smap,SMAP_D-4,1108,pending,,
grasp_protocol_v3__lin__smap__SMAP_D-5__seed1108,lin,smap,SMAP_D-5,1108,pending,,
grasp_protocol_v3__lin__smap__SMAP_D-6__seed1108,lin,smap,SMAP_D-6,1108,pending,,
grasp_protocol_v3__lin__smap__SMAP_D-7__seed1108,lin,smap,SMAP_D-7,1108,pending,,
grasp_protocol_v3__lin__smap__SMAP_D-8__seed1108,lin,smap,SMAP_D-8,1108,pending,,
grasp_protocol_v3__lin__smap__SMAP_D-9__seed1108,lin,smap,SMAP_D-9,1108,pending,,
grasp_protocol_v3__lin__smap__SMAP_E-10__seed1108,lin,smap,SMAP_E-10,1108,pending,,
grasp_protocol_v3__lin__smap__SMAP_E-11__seed1108,lin,smap,SMAP_E-11,1108,pending,,
grasp_protocol_v3__lin__smap__SMAP_E-12__seed1108,lin,smap,SMAP_E-12,1108,pending,,
grasp_protocol_v3__lin__smap__SMAP_E-13__seed1108,lin,smap,SMAP_E-13,1108,pending,,
grasp_protocol_v3__lin__smap__SMAP_E-1__seed1108,lin,smap,SMAP_E-1,1108,pending,,
grasp_protocol_v3__lin__smap__SMAP_E-2__seed1108,lin,smap,SMAP_E-2,1108,pending,,
grasp_protocol_v3__lin__smap__SMAP_E-3__seed1108,lin,smap,SMAP_E-3,1108,pending,,
grasp_protocol_v3__lin__smap__SMAP_E-4__seed1108,lin,smap,SMAP_E-4,1108,pending,,
grasp_protocol_v3__lin__smap__SMAP_E-5__seed1108,lin,smap,SMAP_E-5,1108,pending,,
grasp_protocol_v3__lin__smap__SMAP_E-6__seed1108,lin,smap,SMAP_E-6,1108,pending,,
grasp_protocol_v3__lin__smap__SMAP_E-7__seed1108,lin,smap,SMAP_E-7,1108,pending,,
grasp_protocol_v3__lin__smap__SMAP_E-8__seed1108,lin,smap,SMAP_E-8,1108,pending,,
grasp_protocol_v3__lin__smap__SMAP_E-9__seed1108,lin,smap,SMAP_E-9,1108,pending,,
grasp_protocol_v3__lin__smap__SMAP_F-1__seed1108,lin,smap,SMAP_F-1,1108,pending,,
grasp_protocol_v3__lin__smap__SMAP_F-2__seed1108,lin,smap,SMAP_F-2,1108,pending,,
grasp_protocol_v3__lin__smap__SMAP_F-3__seed1108,lin,smap,SMAP_F-3,1108,pending,,
grasp_protocol_v3__lin__smap__SMAP_G-1__seed1108,lin,smap,SMAP_G-1,1108,pending,,
grasp_protocol_v3__lin__smap__SMAP_G-2__seed1108,lin,smap,SMAP_G-2,1108,pending,,
grasp_protocol_v3__lin__smap__SMAP_G-3__seed1108,lin,smap,SMAP_G-3,1108,pending,,
grasp_protocol_v3__lin__smap__SMAP_G-4__seed1108,lin,smap,SMAP_G-4,1108,pending,,
grasp_protocol_v3__lin__smap__SMAP_G-6__seed1108,lin,smap,SMAP_G-6,1108,pending,,
grasp_protocol_v3__lin__smap__SMAP_G-7__seed1108,lin,smap,SMAP_G-7,1108,pending,,
grasp_protocol_v3__lin__smap__SMAP_P-1__seed1108,lin,smap,SMAP_P-1,1108,pending,,
grasp_protocol_v3__lin__smap__SMAP_P-2__seed1108,lin,smap,SMAP_P-2,1108,pending,,
grasp_protocol_v3__lin__smap__SMAP_P-3__seed1108,lin,smap,SMAP_P-3,1108,pending,,
grasp_protocol_v3__lin__smap__SMAP_P-4__seed1108,lin,smap,SMAP_P-4,1108,pending,,
grasp_protocol_v3__lin__smap__SMAP_R-1__seed1108,lin,smap,SMAP_R-1,1108,pending,,
grasp_protocol_v3__lin__smap__SMAP_S-1__seed1108,lin,smap,SMAP_S-1,1108,pending,,
grasp_protocol_v3__lin__smap__SMAP_T-1__seed1108,lin,smap,SMAP_T-1,1108,pending,,
grasp_protocol_v3__lin__smap__SMAP_T-2__seed1108,lin,smap,SMAP_T-2,1108,pending,,
grasp_protocol_v3__lin__smap__SMAP_T-3__seed1108,lin,smap,SMAP_T-3,1108,pending,,
grasp_protocol_v3__tau_0__smap__SMAP_A-1__seed1108,tau_0,smap,SMAP_A-1,1108,pending,,
grasp_protocol_v3__tau_0__smap__SMAP_A-2__seed1108,tau_0,smap,SMAP_A-2,1108,pending,,
grasp_protocol_v3__tau_0__smap__SMAP_A-3__seed1108,tau_0,smap,SMAP_A-3,1108,pending,,
grasp_protocol_v3__tau_0__smap__SMAP_A-4__seed1108,tau_0,smap,SMAP_A-4,1108,pending,,
grasp_protocol_v3__tau_0__smap__SMAP_A-5__seed1108,tau_0,smap,SMAP_A-5,1108,pending,,
grasp_protocol_v3__tau_0__smap__SMAP_A-6__seed1108,tau_0,smap,SMAP_A-6,1108,pending,,
grasp_protocol_v3__tau_0__smap__SMAP_A-7__seed1108,tau_0,smap,SMAP_A-7,1108,pending,,
grasp_protocol_v3__tau_0__smap__SMAP_A-8__seed1108,tau_0,smap,SMAP_A-8,1108,pending,,
grasp_protocol_v3__tau_0__smap__SMAP_A-9__seed1108,tau_0,smap,SMAP_A-9,1108,pending,,
grasp_protocol_v3__tau_0__smap__SMAP_B-1__seed1108,tau_0,smap,SMAP_B-1,1108,pending,,
grasp_protocol_v3__tau_0__smap__SMAP_D-11__seed1108,tau_0,smap,SMAP_D-11,1108,pending,,
grasp_protocol_v3__tau_0__smap__SMAP_D-1__seed1108,tau_0,smap,SMAP_D-1,1108,pending,,
grasp_protocol_v3__tau_0__smap__SMAP_D-2__seed1108,tau_0,smap,SMAP_D-2,1108,pending,,
grasp_protocol_v3__tau_0__smap__SMAP_D-3__seed1108,tau_0,smap,SMAP_D-3,1108,pending,,
grasp_protocol_v3__tau_0__smap__SMAP_D-4__seed1108,tau_0,smap,SMAP_D-4,1108,pending,,
grasp_protocol_v3__tau_0__smap__SMAP_D-5__seed1108,tau_0,smap,SMAP_D-5,1108,pending,,
grasp_protocol_v3__tau_0__smap__SMAP_D-6__seed1108,tau_0,smap,SMAP_D-6,1108,pending,,
grasp_protocol_v3__tau_0__smap__SMAP_D-7__seed1108,tau_0,smap,SMAP_D-7,1108,pending,,
grasp_protocol_v3__tau_0__smap__SMAP_D-8__seed1108,tau_0,smap,SMAP_D-8,1108,pending,,
grasp_protocol_v3__tau_0__smap__SMAP_D-9__seed1108,tau_0,smap,SMAP_D-9,1108,pending,,
grasp_protocol_v3__tau_0__smap__SMAP_E-10__seed1108,tau_0,smap,SMAP_E-10,1108,pending,,
grasp_protocol_v3__tau_0__smap__SMAP_E-11__seed1108,tau_0,smap,SMAP_E-11,1108,pending,,
grasp_protocol_v3__tau_0__smap__SMAP_E-12__seed1108,tau_0,smap,SMAP_E-12,1108,pending,,
grasp_protocol_v3__tau_0__smap__SMAP_E-13__seed1108,tau_0,smap,SMAP_E-13,1108,pending,,
grasp_protocol_v3__tau_0__smap__SMAP_E-1__seed1108,tau_0,smap,SMAP_E-1,1108,pending,,
grasp_protocol_v3__tau_0__smap__SMAP_E-2__seed1108,tau_0,smap,SMAP_E-2,1108,pending,,
grasp_protocol_v3__tau_0__smap__SMAP_E-3__seed1108,tau_0,smap,SMAP_E-3,1108,pending,,
grasp_protocol_v3__tau_0__smap__SMAP_E-4__seed1108,tau_0,smap,SMAP_E-4,1108,pending,,
grasp_protocol_v3__tau_0__smap__SMAP_E-5__seed1108,tau_0,smap,SMAP_E-5,1108,pending,,
grasp_protocol_v3__tau_0__smap__SMAP_E-6__seed1108,tau_0,smap,SMAP_E-6,1108,pending,,
grasp_protocol_v3__tau_0__smap__SMAP_E-7__seed1108,tau_0,smap,SMAP_E-7,1108,pending,,
grasp_protocol_v3__tau_0__smap__SMAP_E-8__seed1108,tau_0,smap,SMAP_E-8,1108,pending,,
grasp_protocol_v3__tau_0__smap__SMAP_E-9__seed1108,tau_0,smap,SMAP_E-9,1108,pending,,
grasp_protocol_v3__tau_0__smap__SMAP_F-1__seed1108,tau_0,smap,SMAP_F-1,1108,pending,,
grasp_protocol_v3__tau_0__smap__SMAP_F-2__seed1108,tau_0,smap,SMAP_F-2,1108,pending,,
grasp_protocol_v3__tau_0__smap__SMAP_F-3__seed1108,tau_0,smap,SMAP_F-3,1108,pending,,
grasp_protocol_v3__tau_0__smap__SMAP_G-1__seed1108,tau_0,smap,SMAP_G-1,1108,pending,,
grasp_protocol_v3__tau_0__smap__SMAP_G-2__seed1108,tau_0,smap,SMAP_G-2,1108,pending,,
grasp_protocol_v3__tau_0__smap__SMAP_G-3__seed1108,tau_0,smap,SMAP_G-3,1108,pending,,
grasp_protocol_v3__tau_0__smap__SMAP_G-4__seed1108,tau_0,smap,SMAP_G-4,1108,pending,,
grasp_protocol_v3__tau_0__smap__SMAP_G-6__seed1108,tau_0,smap,SMAP_G-6,1108,pending,,
grasp_protocol_v3__tau_0__smap__SMAP_G-7__seed1108,tau_0,smap,SMAP_G-7,1108,pending,,
grasp_protocol_v3__tau_0__smap__SMAP_P-1__seed1108,tau_0,smap,SMAP_P-1,1108,pending,,
grasp_protocol_v3__tau_0__smap__SMAP_P-2__seed1108,tau_0,smap,SMAP_P-2,1108,pending,,
grasp_protocol_v3__tau_0__smap__SMAP_P-3__seed1108,tau_0,smap,SMAP_P-3,1108,pending,,
grasp_protocol_v3__tau_0__smap__SMAP_P-4__seed1108,tau_0,smap,SMAP_P-4,1108,pending,,
grasp_protocol_v3__tau_0__smap__SMAP_R-1__seed1108,tau_0,smap,SMAP_R-1,1108,pending,,
grasp_protocol_v3__tau_0__smap__SMAP_S-1__seed1108,tau_0,smap,SMAP_S-1,1108,pending,,
grasp_protocol_v3__tau_0__smap__SMAP_T-1__seed1108,tau_0,smap,SMAP_T-1,1108,pending,,
grasp_protocol_v3__tau_0__smap__SMAP_T-2__seed1108,tau_0,smap,SMAP_T-2,1108,pending,,
grasp_protocol_v3__tau_0__smap__SMAP_T-3__seed1108,tau_0,smap,SMAP_T-3,1108,pending,,
grasp_protocol_v3__tau_0p25__smap__SMAP_A-1__seed1108,tau_0p25,smap,SMAP_A-1,1108,pending,,
grasp_protocol_v3__tau_0p25__smap__SMAP_A-2__seed1108,tau_0p25,smap,SMAP_A-2,1108,pending,,
grasp_protocol_v3__tau_0p25__smap__SMAP_A-3__seed1108,tau_0p25,smap,SMAP_A-3,1108,pending,,
grasp_protocol_v3__tau_0p25__smap__SMAP_A-4__seed1108,tau_0p25,smap,SMAP_A-4,1108,pending,,
grasp_protocol_v3__tau_0p25__smap__SMAP_A-5__seed1108,tau_0p25,smap,SMAP_A-5,1108,pending,,
grasp_protocol_v3__tau_0p25__smap__SMAP_A-6__seed1108,tau_0p25,smap,SMAP_A-6,1108,pending,,
grasp_protocol_v3__tau_0p25__smap__SMAP_A-7__seed1108,tau_0p25,smap,SMAP_A-7,1108,pending,,
grasp_protocol_v3__tau_0p25__smap__SMAP_A-8__seed1108,tau_0p25,smap,SMAP_A-8,1108,pending,,
grasp_protocol_v3__tau_0p25__smap__SMAP_A-9__seed1108,tau_0p25,smap,SMAP_A-9,1108,pending,,
grasp_protocol_v3__tau_0p25__smap__SMAP_B-1__seed1108,tau_0p25,smap,SMAP_B-1,1108,pending,,
grasp_protocol_v3__tau_0p25__smap__SMAP_D-11__seed1108,tau_0p25,smap,SMAP_D-11,1108,pending,,
grasp_protocol_v3__tau_0p25__smap__SMAP_D-1__seed1108,tau_0p25,smap,SMAP_D-1,1108,pending,,
grasp_protocol_v3__tau_0p25__smap__SMAP_D-2__seed1108,tau_0p25,smap,SMAP_D-2,1108,pending,,
grasp_protocol_v3__tau_0p25__smap__SMAP_D-3__seed1108,tau_0p25,smap,SMAP_D-3,1108,pending,,
grasp_protocol_v3__tau_0p25__smap__SMAP_D-4__seed1108,tau_0p25,smap,SMAP_D-4,1108,pending,,
grasp_protocol_v3__tau_0p25__smap__SMAP_D-5__seed1108,tau_0p25,smap,SMAP_D-5,1108,pending,,
grasp_protocol_v3__tau_0p25__smap__SMAP_D-6__seed1108,tau_0p25,smap,SMAP_D-6,1108,pending,,
grasp_protocol_v3__tau_0p25__smap__SMAP_D-7__seed1108,tau_0p25,smap,SMAP_D-7,1108,pending,,
grasp_protocol_v3__tau_0p25__smap__SMAP_D-8__seed1108,tau_0p25,smap,SMAP_D-8,1108,pending,,
grasp_protocol_v3__tau_0p25__smap__SMAP_D-9__seed1108,tau_0p25,smap,SMAP_D-9,1108,pending,,
grasp_protocol_v3__tau_0p25__smap__SMAP_E-10__seed1108,tau_0p25,smap,SMAP_E-10,1108,pending,,
grasp_protocol_v3__tau_0p25__smap__SMAP_E-11__seed1108,tau_0p25,smap,SMAP_E-11,1108,pending,,
grasp_protocol_v3__tau_0p25__smap__SMAP_E-12__seed1108,tau_0p25,smap,SMAP_E-12,1108,pending,,
grasp_protocol_v3__tau_0p25__smap__SMAP_E-13__seed1108,tau_0p25,smap,SMAP_E-13,1108,pending,,
grasp_protocol_v3__tau_0p25__smap__SMAP_E-1__seed1108,tau_0p25,smap,SMAP_E-1,1108,pending,,
grasp_protocol_v3__tau_0p25__smap__SMAP_E-2__seed1108,tau_0p25,smap,SMAP_E-2,1108,pending,,
grasp_protocol_v3__tau_0p25__smap__SMAP_E-3__seed1108,tau_0p25,smap,SMAP_E-3,1108,pending,,
grasp_protocol_v3__tau_0p25__smap__SMAP_E-4__seed1108,tau_0p25,smap,SMAP_E-4,1108,pending,,
grasp_protocol_v3__tau_0p25__smap__SMAP_E-5__seed1108,tau_0p25,smap,SMAP_E-5,1108,pending,,
grasp_protocol_v3__tau_0p25__smap__SMAP_E-6__seed1108,tau_0p25,smap,SMAP_E-6,1108,pending,,
grasp_protocol_v3__tau_0p25__smap__SMAP_E-7__seed1108,tau_0p25,smap,SMAP_E-7,1108,pending,,
grasp_protocol_v3__tau_0p25__smap__SMAP_E-8__seed1108,tau_0p25,smap,SMAP_E-8,1108,pending,,
grasp_protocol_v3__tau_0p25__smap__SMAP_E-9__seed1108,tau_0p25,smap,SMAP_E-9,1108,pending,,
grasp_protocol_v3__tau_0p25__smap__SMAP_F-1__seed1108,tau_0p25,smap,SMAP_F-1,1108,pending,,
grasp_protocol_v3__tau_0p25__smap__SMAP_F-2__seed1108,tau_0p25,smap,SMAP_F-2,1108,pending,,
grasp_protocol_v3__tau_0p25__smap__SMAP_F-3__seed1108,tau_0p25,smap,SMAP_F-3,1108,pending,,
grasp_protocol_v3__tau_0p25__smap__SMAP_G-1__seed1108,tau_0p25,smap,SMAP_G-1,1108,pending,,
grasp_protocol_v3__tau_0p25__smap__SMAP_G-2__seed1108,tau_0p25,smap,SMAP_G-2,1108,pending,,
grasp_protocol_v3__tau_0p25__smap__SMAP_G-3__seed1108,tau_0p25,smap,SMAP_G-3,1108,pending,,
grasp_protocol_v3__tau_0p25__smap__SMAP_G-4__seed1108,tau_0p25,smap,SMAP_G-4,1108,pending,,
grasp_protocol_v3__tau_0p25__smap__SMAP_G-6__seed1108,tau_0p25,smap,SMAP_G-6,1108,pending,,
grasp_protocol_v3__tau_0p25__smap__SMAP_G-7__seed1108,tau_0p25,smap,SMAP_G-7,1108,pending,,
grasp_protocol_v3__tau_0p25__smap__SMAP_P-1__seed1108,tau_0p25,smap,SMAP_P-1,1108,pending,,
grasp_protocol_v3__tau_0p25__smap__SMAP_P-2__seed1108,tau_0p25,smap,SMAP_P-2,1108,pending,,
grasp_protocol_v3__tau_0p25__smap__SMAP_P-3__seed1108,tau_0p25,smap,SMAP_P-3,1108,pending,,
grasp_protocol_v3__tau_0p25__smap__SMAP_P-4__seed1108,tau_0p25,smap,SMAP_P-4,1108,pending,,
grasp_protocol_v3__tau_0p25__smap__SMAP_R-1__seed1108,tau_0p25,smap,SMAP_R-1,1108,pending,,
grasp_protocol_v3__tau_0p25__smap__SMAP_S-1__seed1108,tau_0p25,smap,SMAP_S-1,1108,pending,,
grasp_protocol_v3__tau_0p25__smap__SMAP_T-1__seed1108,tau_0p25,smap,SMAP_T-1,1108,pending,,
grasp_protocol_v3__tau_0p25__smap__SMAP_T-2__seed1108,tau_0p25,smap,SMAP_T-2,1108,pending,,
grasp_protocol_v3__tau_0p25__smap__SMAP_T-3__seed1108,tau_0p25,smap,SMAP_T-3,1108,pending,,
grasp_protocol_v3__tau_0p5__smap__SMAP_A-1__seed1108,tau_0p5,smap,SMAP_A-1,1108,pending,,
grasp_protocol_v3__tau_0p5__smap__SMAP_A-2__seed1108,tau_0p5,smap,SMAP_A-2,1108,pending,,
grasp_protocol_v3__tau_0p5__smap__SMAP_A-3__seed1108,tau_0p5,smap,SMAP_A-3,1108,pending,,
grasp_protocol_v3__tau_0p5__smap__SMAP_A-4__seed1108,tau_0p5,smap,SMAP_A-4,1108,pending,,
grasp_protocol_v3__tau_0p5__smap__SMAP_A-5__seed1108,tau_0p5,smap,SMAP_A-5,1108,pending,,
grasp_protocol_v3__tau_0p5__smap__SMAP_A-6__seed1108,tau_0p5,smap,SMAP_A-6,1108,pending,,
grasp_protocol_v3__tau_0p5__smap__SMAP_A-7__seed1108,tau_0p5,smap,SMAP_A-7,1108,pending,,
grasp_protocol_v3__tau_0p5__smap__SMAP_A-8__seed1108,tau_0p5,smap,SMAP_A-8,1108,pending,,
grasp_protocol_v3__tau_0p5__smap__SMAP_A-9__seed1108,tau_0p5,smap,SMAP_A-9,1108,pending,,
grasp_protocol_v3__tau_0p5__smap__SMAP_B-1__seed1108,tau_0p5,smap,SMAP_B-1,1108,pending,,
grasp_protocol_v3__tau_0p5__smap__SMAP_D-11__seed1108,tau_0p5,smap,SMAP_D-11,1108,pending,,
grasp_protocol_v3__tau_0p5__smap__SMAP_D-1__seed1108,tau_0p5,smap,SMAP_D-1,1108,pending,,
grasp_protocol_v3__tau_0p5__smap__SMAP_D-2__seed1108,tau_0p5,smap,SMAP_D-2,1108,pending,,
grasp_protocol_v3__tau_0p5__smap__SMAP_D-3__seed1108,tau_0p5,smap,SMAP_D-3,1108,pending,,
grasp_protocol_v3__tau_0p5__smap__SMAP_D-4__seed1108,tau_0p5,smap,SMAP_D-4,1108,pending,,
grasp_protocol_v3__tau_0p5__smap__SMAP_D-5__seed1108,tau_0p5,smap,SMAP_D-5,1108,pending,,
grasp_protocol_v3__tau_0p5__smap__SMAP_D-6__seed1108,tau_0p5,smap,SMAP_D-6,1108,pending,,
grasp_protocol_v3__tau_0p5__smap__SMAP_D-7__seed1108,tau_0p5,smap,SMAP_D-7,1108,pending,,
grasp_protocol_v3__tau_0p5__smap__SMAP_D-8__seed1108,tau_0p5,smap,SMAP_D-8,1108,pending,,
grasp_protocol_v3__tau_0p5__smap__SMAP_D-9__seed1108,tau_0p5,smap,SMAP_D-9,1108,pending,,
grasp_protocol_v3__tau_0p5__smap__SMAP_E-10__seed1108,tau_0p5,smap,SMAP_E-10,1108,pending,,
grasp_protocol_v3__tau_0p5__smap__SMAP_E-11__seed1108,tau_0p5,smap,SMAP_E-11,1108,pending,,
grasp_protocol_v3__tau_0p5__smap__SMAP_E-12__seed1108,tau_0p5,smap,SMAP_E-12,1108,pending,,
grasp_protocol_v3__tau_0p5__smap__SMAP_E-13__seed1108,tau_0p5,smap,SMAP_E-13,1108,pending,,
grasp_protocol_v3__tau_0p5__smap__SMAP_E-1__seed1108,tau_0p5,smap,SMAP_E-1,1108,pending,,
grasp_protocol_v3__tau_0p5__smap__SMAP_E-2__seed1108,tau_0p5,smap,SMAP_E-2,1108,pending,,
grasp_protocol_v3__tau_0p5__smap__SMAP_E-3__seed1108,tau_0p5,smap,SMAP_E-3,1108,pending,,
grasp_protocol_v3__tau_0p5__smap__SMAP_E-4__seed1108,tau_0p5,smap,SMAP_E-4,1108,pending,,
grasp_protocol_v3__tau_0p5__smap__SMAP_E-5__seed1108,tau_0p5,smap,SMAP_E-5,1108,pending,,
grasp_protocol_v3__tau_0p5__smap__SMAP_E-6__seed1108,tau_0p5,smap,SMAP_E-6,1108,pending,,
grasp_protocol_v3__tau_0p5__smap__SMAP_E-7__seed1108,tau_0p5,smap,SMAP_E-7,1108,pending,,
grasp_protocol_v3__tau_0p5__smap__SMAP_E-8__seed1108,tau_0p5,smap,SMAP_E-8,1108,pending,,
grasp_protocol_v3__tau_0p5__smap__SMAP_E-9__seed1108,tau_0p5,smap,SMAP_E-9,1108,pending,,
grasp_protocol_v3__tau_0p5__smap__SMAP_F-1__seed1108,tau_0p5,smap,SMAP_F-1,1108,pending,,
grasp_protocol_v3__tau_0p5__smap__SMAP_F-2__seed1108,tau_0p5,smap,SMAP_F-2,1108,pending,,
grasp_protocol_v3__tau_0p5__smap__SMAP_F-3__seed1108,tau_0p5,smap,SMAP_F-3,1108,pending,,
grasp_protocol_v3__tau_0p5__smap__SMAP_G-1__seed1108,tau_0p5,smap,SMAP_G-1,1108,pending,,
grasp_protocol_v3__tau_0p5__smap__SMAP_G-2__seed1108,tau_0p5,smap,SMAP_G-2,1108,pending,,
grasp_protocol_v3__tau_0p5__smap__SMAP_G-3__seed1108,tau_0p5,smap,SMAP_G-3,1108,pending,,
grasp_protocol_v3__tau_0p5__smap__SMAP_G-4__seed1108,tau_0p5,smap,SMAP_G-4,1108,pending,,
grasp_protocol_v3__tau_0p5__smap__SMAP_G-6__seed1108,tau_0p5,smap,SMAP_G-6,1108,pending,,
grasp_protocol_v3__tau_0p5__smap__SMAP_G-7__seed1108,tau_0p5,smap,SMAP_G-7,1108,pending,,
grasp_protocol_v3__tau_0p5__smap__SMAP_P-1__seed1108,tau_0p5,smap,SMAP_P-1,1108,pending,,
grasp_protocol_v3__tau_0p5__smap__SMAP_P-2__seed1108,tau_0p5,smap,SMAP_P-2,1108,pending,,
grasp_protocol_v3__tau_0p5__smap__SMAP_P-3__seed1108,tau_0p5,smap,SMAP_P-3,1108,pending,,
grasp_protocol_v3__tau_0p5__smap__SMAP_P-4__seed1108,tau_0p5,smap,SMAP_P-4,1108,pending,,
grasp_protocol_v3__tau_0p5__smap__SMAP_R-1__seed1108,tau_0p5,smap,SMAP_R-1,1108,pending,,
grasp_protocol_v3__tau_0p5__smap__SMAP_S-1__seed1108,tau_0p5,smap,SMAP_S-1,1108,pending,,
grasp_protocol_v3__tau_0p5__smap__SMAP_T-1__seed1108,tau_0p5,smap,SMAP_T-1,1108,pending,,
grasp_protocol_v3__tau_0p5__smap__SMAP_T-2__seed1108,tau_0p5,smap,SMAP_T-2,1108,pending,,
grasp_protocol_v3__tau_0p5__smap__SMAP_T-3__seed1108,tau_0p5,smap,SMAP_T-3,1108,pending,,
grasp_protocol_v3__tau_1__smap__SMAP_A-1__seed1108,tau_1,smap,SMAP_A-1,1108,pending,,
grasp_protocol_v3__tau_1__smap__SMAP_A-2__seed1108,tau_1,smap,SMAP_A-2,1108,pending,,
grasp_protocol_v3__tau_1__smap__SMAP_A-3__seed1108,tau_1,smap,SMAP_A-3,1108,pending,,
grasp_protocol_v3__tau_1__smap__SMAP_A-4__seed1108,tau_1,smap,SMAP_A-4,1108,pending,,
grasp_protocol_v3__tau_1__smap__SMAP_A-5__seed1108,tau_1,smap,SMAP_A-5,1108,pending,,
grasp_protocol_v3__tau_1__smap__SMAP_A-6__seed1108,tau_1,smap,SMAP_A-6,1108,pending,,
grasp_protocol_v3__tau_1__smap__SMAP_A-7__seed1108,tau_1,smap,SMAP_A-7,1108,pending,,
grasp_protocol_v3__tau_1__smap__SMAP_A-8__seed1108,tau_1,smap,SMAP_A-8,1108,pending,,
grasp_protocol_v3__tau_1__smap__SMAP_A-9__seed1108,tau_1,smap,SMAP_A-9,1108,pending,,
grasp_protocol_v3__tau_1__smap__SMAP_B-1__seed1108,tau_1,smap,SMAP_B-1,1108,pending,,
grasp_protocol_v3__tau_1__smap__SMAP_D-11__seed1108,tau_1,smap,SMAP_D-11,1108,pending,,
grasp_protocol_v3__tau_1__smap__SMAP_D-1__seed1108,tau_1,smap,SMAP_D-1,1108,pending,,
grasp_protocol_v3__tau_1__smap__SMAP_D-2__seed1108,tau_1,smap,SMAP_D-2,1108,pending,,
grasp_protocol_v3__tau_1__smap__SMAP_D-3__seed1108,tau_1,smap,SMAP_D-3,1108,pending,,
grasp_protocol_v3__tau_1__smap__SMAP_D-4__seed1108,tau_1,smap,SMAP_D-4,1108,pending,,
grasp_protocol_v3__tau_1__smap__SMAP_D-5__seed1108,tau_1,smap,SMAP_D-5,1108,pending,,
grasp_protocol_v3__tau_1__smap__SMAP_D-6__seed1108,tau_1,smap,SMAP_D-6,1108,pending,,
grasp_protocol_v3__tau_1__smap__SMAP_D-7__seed1108,tau_1,smap,SMAP_D-7,1108,pending,,
grasp_protocol_v3__tau_1__smap__SMAP_D-8__seed1108,tau_1,smap,SMAP_D-8,1108,pending,,
grasp_protocol_v3__tau_1__smap__SMAP_D-9__seed1108,tau_1,smap,SMAP_D-9,1108,pending,,
grasp_protocol_v3__tau_1__smap__SMAP_E-10__seed1108,tau_1,smap,SMAP_E-10,1108,pending,,
grasp_protocol_v3__tau_1__smap__SMAP_E-11__seed1108,tau_1,smap,SMAP_E-11,1108,pending,,
grasp_protocol_v3__tau_1__smap__SMAP_E-12__seed1108,tau_1,smap,SMAP_E-12,1108,pending,,
grasp_protocol_v3__tau_1__smap__SMAP_E-13__seed1108,tau_1,smap,SMAP_E-13,1108,pending,,
grasp_protocol_v3__tau_1__smap__SMAP_E-1__seed1108,tau_1,smap,SMAP_E-1,1108,pending,,
grasp_protocol_v3__tau_1__smap__SMAP_E-2__seed1108,tau_1,smap,SMAP_E-2,1108,pending,,
grasp_protocol_v3__tau_1__smap__SMAP_E-3__seed1108,tau_1,smap,SMAP_E-3,1108,pending,,
grasp_protocol_v3__tau_1__smap__SMAP_E-4__seed1108,tau_1,smap,SMAP_E-4,1108,pending,,
grasp_protocol_v3__tau_1__smap__SMAP_E-5__seed1108,tau_1,smap,SMAP_E-5,1108,pending,,
grasp_protocol_v3__tau_1__smap__SMAP_E-6__seed1108,tau_1,smap,SMAP_E-6,1108,pending,,
grasp_protocol_v3__tau_1__smap__SMAP_E-7__seed1108,tau_1,smap,SMAP_E-7,1108,pending,,
grasp_protocol_v3__tau_1__smap__SMAP_E-8__seed1108,tau_1,smap,SMAP_E-8,1108,pending,,
grasp_protocol_v3__tau_1__smap__SMAP_E-9__seed1108,tau_1,smap,SMAP_E-9,1108,pending,,
grasp_protocol_v3__tau_1__smap__SMAP_F-1__seed1108,tau_1,smap,SMAP_F-1,1108,pending,,
grasp_protocol_v3__tau_1__smap__SMAP_F-2__seed1108,tau_1,smap,SMAP_F-2,1108,pending,,
grasp_protocol_v3__tau_1__smap__SMAP_F-3__seed1108,tau_1,smap,SMAP_F-3,1108,pending,,
grasp_protocol_v3__tau_1__smap__SMAP_G-1__seed1108,tau_1,smap,SMAP_G-1,1108,pending,,
grasp_protocol_v3__tau_1__smap__SMAP_G-2__seed1108,tau_1,smap,SMAP_G-2,1108,pending,,
grasp_protocol_v3__tau_1__smap__SMAP_G-3__seed1108,tau_1,smap,SMAP_G-3,1108,pending,,
grasp_protocol_v3__tau_1__smap__SMAP_G-4__seed1108,tau_1,smap,SMAP_G-4,1108,pending,,
grasp_protocol_v3__tau_1__smap__SMAP_G-6__seed1108,tau_1,smap,SMAP_G-6,1108,pending,,
grasp_protocol_v3__tau_1__smap__SMAP_G-7__seed1108,tau_1,smap,SMAP_G-7,1108,pending,,
grasp_protocol_v3__tau_1__smap__SMAP_P-1__seed1108,tau_1,smap,SMAP_P-1,1108,pending,,
grasp_protocol_v3__tau_1__smap__SMAP_P-2__seed1108,tau_1,smap,SMAP_P-2,1108,pending,,
grasp_protocol_v3__tau_1__smap__SMAP_P-3__seed1108,tau_1,smap,SMAP_P-3,1108,pending,,
grasp_protocol_v3__tau_1__smap__SMAP_P-4__seed1108,tau_1,smap,SMAP_P-4,1108,pending,,
grasp_protocol_v3__tau_1__smap__SMAP_R-1__seed1108,tau_1,smap,SMAP_R-1,1108,pending,,
grasp_protocol_v3__tau_1__smap__SMAP_S-1__seed1108,tau_1,smap,SMAP_S-1,1108,pending,,
grasp_protocol_v3__tau_1__smap__SMAP_T-1__seed1108,tau_1,smap,SMAP_T-1,1108,pending,,
grasp_protocol_v3__tau_1__smap__SMAP_T-2__seed1108,tau_1,smap,SMAP_T-2,1108,pending,,
grasp_protocol_v3__tau_1__smap__SMAP_T-3__seed1108,tau_1,smap,SMAP_T-3,1108,pending,,
grasp_protocol_v3__tau_4__smap__SMAP_A-1__seed1108,tau_4,smap,SMAP_A-1,1108,pending,,
grasp_protocol_v3__tau_4__smap__SMAP_A-2__seed1108,tau_4,smap,SMAP_A-2,1108,pending,,
grasp_protocol_v3__tau_4__smap__SMAP_A-3__seed1108,tau_4,smap,SMAP_A-3,1108,pending,,
grasp_protocol_v3__tau_4__smap__SMAP_A-4__seed1108,tau_4,smap,SMAP_A-4,1108,pending,,
grasp_protocol_v3__tau_4__smap__SMAP_A-5__seed1108,tau_4,smap,SMAP_A-5,1108,pending,,
grasp_protocol_v3__tau_4__smap__SMAP_A-6__seed1108,tau_4,smap,SMAP_A-6,1108,pending,,
grasp_protocol_v3__tau_4__smap__SMAP_A-7__seed1108,tau_4,smap,SMAP_A-7,1108,pending,,
grasp_protocol_v3__tau_4__smap__SMAP_A-8__seed1108,tau_4,smap,SMAP_A-8,1108,pending,,
grasp_protocol_v3__tau_4__smap__SMAP_A-9__seed1108,tau_4,smap,SMAP_A-9,1108,pending,,
grasp_protocol_v3__tau_4__smap__SMAP_B-1__seed1108,tau_4,smap,SMAP_B-1,1108,pending,,
grasp_protocol_v3__tau_4__smap__SMAP_D-11__seed1108,tau_4,smap,SMAP_D-11,1108,pending,,
grasp_protocol_v3__tau_4__smap__SMAP_D-1__seed1108,tau_4,smap,SMAP_D-1,1108,pending,,
grasp_protocol_v3__tau_4__smap__SMAP_D-2__seed1108,tau_4,smap,SMAP_D-2,1108,pending,,
grasp_protocol_v3__tau_4__smap__SMAP_D-3__seed1108,tau_4,smap,SMAP_D-3,1108,pending,,
grasp_protocol_v3__tau_4__smap__SMAP_D-4__seed1108,tau_4,smap,SMAP_D-4,1108,pending,,
grasp_protocol_v3__tau_4__smap__SMAP_D-5__seed1108,tau_4,smap,SMAP_D-5,1108,pending,,
grasp_protocol_v3__tau_4__smap__SMAP_D-6__seed1108,tau_4,smap,SMAP_D-6,1108,pending,,
grasp_protocol_v3__tau_4__smap__SMAP_D-7__seed1108,tau_4,smap,SMAP_D-7,1108,pending,,
grasp_protocol_v3__tau_4__smap__SMAP_D-8__seed1108,tau_4,smap,SMAP_D-8,1108,pending,,
grasp_protocol_v3__tau_4__smap__SMAP_D-9__seed1108,tau_4,smap,SMAP_D-9,1108,pending,,
grasp_protocol_v3__tau_4__smap__SMAP_E-10__seed1108,tau_4,smap,SMAP_E-10,1108,pending,,
grasp_protocol_v3__tau_4__smap__SMAP_E-11__seed1108,tau_4,smap,SMAP_E-11,1108,pending,,
grasp_protocol_v3__tau_4__smap__SMAP_E-12__seed1108,tau_4,smap,SMAP_E-12,1108,pending,,
grasp_protocol_v3__tau_4__smap__SMAP_E-13__seed1108,tau_4,smap,SMAP_E-13,1108,pending,,
grasp_protocol_v3__tau_4__smap__SMAP_E-1__seed1108,tau_4,smap,SMAP_E-1,1108,pending,,
grasp_protocol_v3__tau_4__smap__SMAP_E-2__seed1108,tau_4,smap,SMAP_E-2,1108,pending,,
grasp_protocol_v3__tau_4__smap__SMAP_E-3__seed1108,tau_4,smap,SMAP_E-3,1108,pending,,
grasp_protocol_v3__tau_4__smap__SMAP_E-4__seed1108,tau_4,smap,SMAP_E-4,1108,pending,,
grasp_protocol_v3__tau_4__smap__SMAP_E-5__seed1108,tau_4,smap,SMAP_E-5,1108,pending,,
grasp_protocol_v3__tau_4__smap__SMAP_E-6__seed1108,tau_4,smap,SMAP_E-6,1108,pending,,
grasp_protocol_v3__tau_4__smap__SMAP_E-7__seed1108,tau_4,smap,SMAP_E-7,1108,pending,,
grasp_protocol_v3__tau_4__smap__SMAP_E-8__seed1108,tau_4,smap,SMAP_E-8,1108,pending,,
grasp_protocol_v3__tau_4__smap__SMAP_E-9__seed1108,tau_4,smap,SMAP_E-9,1108,pending,,
grasp_protocol_v3__tau_4__smap__SMAP_F-1__seed1108,tau_4,smap,SMAP_F-1,1108,pending,,
grasp_protocol_v3__tau_4__smap__SMAP_F-2__seed1108,tau_4,smap,SMAP_F-2,1108,pending,,
grasp_protocol_v3__tau_4__smap__SMAP_F-3__seed1108,tau_4,smap,SMAP_F-3,1108,pending,,
grasp_protocol_v3__tau_4__smap__SMAP_G-1__seed1108,tau_4,smap,SMAP_G-1,1108,pending,,
grasp_protocol_v3__tau_4__smap__SMAP_G-2__seed1108,tau_4,smap,SMAP_G-2,1108,pending,,
grasp_protocol_v3__tau_4__smap__SMAP_G-3__seed1108,tau_4,smap,SMAP_G-3,1108,pending,,
grasp_protocol_v3__tau_4__smap__SMAP_G-4__seed1108,tau_4,smap,SMAP_G-4,1108,pending,,
grasp_protocol_v3__tau_4__smap__SMAP_G-6__seed1108,tau_4,smap,SMAP_G-6,1108,pending,,
grasp_protocol_v3__tau_4__smap__SMAP_G-7__seed1108,tau_4,smap,SMAP_G-7,1108,pending,,
grasp_protocol_v3__tau_4__smap__SMAP_P-1__seed1108,tau_4,smap,SMAP_P-1,1108,pending,,
grasp_protocol_v3__tau_4__smap__SMAP_P-2__seed1108,tau_4,smap,SMAP_P-2,1108,pending,,
grasp_protocol_v3__tau_4__smap__SMAP_P-3__seed1108,tau_4,smap,SMAP_P-3,1108,pending,,
grasp_protocol_v3__tau_4__smap__SMAP_P-4__seed1108,tau_4,smap,SMAP_P-4,1108,pending,,
grasp_protocol_v3__tau_4__smap__SMAP_R-1__seed1108,tau_4,smap,SMAP_R-1,1108,pending,,
grasp_protocol_v3__tau_4__smap__SMAP_S-1__seed1108,tau_4,smap,SMAP_S-1,1108,pending,,
grasp_protocol_v3__tau_4__smap__SMAP_T-1__seed1108,tau_4,smap,SMAP_T-1,1108,pending,,
grasp_protocol_v3__tau_4__smap__SMAP_T-2__seed1108,tau_4,smap,SMAP_T-2,1108,pending,,
grasp_protocol_v3__tau_4__smap__SMAP_T-3__seed1108,tau_4,smap,SMAP_T-3,1108,pending,,
grasp_protocol_v3__tau_8__smap__SMAP_A-1__seed1108,tau_8,smap,SMAP_A-1,1108,pending,,
grasp_protocol_v3__tau_8__smap__SMAP_A-2__seed1108,tau_8,smap,SMAP_A-2,1108,pending,,
grasp_protocol_v3__tau_8__smap__SMAP_A-3__seed1108,tau_8,smap,SMAP_A-3,1108,pending,,
grasp_protocol_v3__tau_8__smap__SMAP_A-4__seed1108,tau_8,smap,SMAP_A-4,1108,pending,,
grasp_protocol_v3__tau_8__smap__SMAP_A-5__seed1108,tau_8,smap,SMAP_A-5,1108,pending,,
grasp_protocol_v3__tau_8__smap__SMAP_A-6__seed1108,tau_8,smap,SMAP_A-6,1108,pending,,
grasp_protocol_v3__tau_8__smap__SMAP_A-7__seed1108,tau_8,smap,SMAP_A-7,1108,pending,,
grasp_protocol_v3__tau_8__smap__SMAP_A-8__seed1108,tau_8,smap,SMAP_A-8,1108,pending,,
grasp_protocol_v3__tau_8__smap__SMAP_A-9__seed1108,tau_8,smap,SMAP_A-9,1108,pending,,
grasp_protocol_v3__tau_8__smap__SMAP_B-1__seed1108,tau_8,smap,SMAP_B-1,1108,pending,,
grasp_protocol_v3__tau_8__smap__SMAP_D-11__seed1108,tau_8,smap,SMAP_D-11,1108,pending,,
grasp_protocol_v3__tau_8__smap__SMAP_D-1__seed1108,tau_8,smap,SMAP_D-1,1108,pending,,
grasp_protocol_v3__tau_8__smap__SMAP_D-2__seed1108,tau_8,smap,SMAP_D-2,1108,pending,,
grasp_protocol_v3__tau_8__smap__SMAP_D-3__seed1108,tau_8,smap,SMAP_D-3,1108,pending,,
grasp_protocol_v3__tau_8__smap__SMAP_D-4__seed1108,tau_8,smap,SMAP_D-4,1108,pending,,
grasp_protocol_v3__tau_8__smap__SMAP_D-5__seed1108,tau_8,smap,SMAP_D-5,1108,pending,,
grasp_protocol_v3__tau_8__smap__SMAP_D-6__seed1108,tau_8,smap,SMAP_D-6,1108,pending,,
grasp_protocol_v3__tau_8__smap__SMAP_D-7__seed1108,tau_8,smap,SMAP_D-7,1108,pending,,
grasp_protocol_v3__tau_8__smap__SMAP_D-8__seed1108,tau_8,smap,SMAP_D-8,1108,pending,,
grasp_protocol_v3__tau_8__smap__SMAP_D-9__seed1108,tau_8,smap,SMAP_D-9,1108,pending,,
grasp_protocol_v3__tau_8__smap__SMAP_E-10__seed1108,tau_8,smap,SMAP_E-10,1108,pending,,
grasp_protocol_v3__tau_8__smap__SMAP_E-11__seed1108,tau_8,smap,SMAP_E-11,1108,pending,,
grasp_protocol_v3__tau_8__smap__SMAP_E-12__seed1108,tau_8,smap,SMAP_E-12,1108,pending,,
grasp_protocol_v3__tau_8__smap__SMAP_E-13__seed1108,tau_8,smap,SMAP_E-13,1108,pending,,
grasp_protocol_v3__tau_8__smap__SMAP_E-1__seed1108,tau_8,smap,SMAP_E-1,1108,pending,,
grasp_protocol_v3__tau_8__smap__SMAP_E-2__seed1108,tau_8,smap,SMAP_E-2,1108,pending,,
grasp_protocol_v3__tau_8__smap__SMAP_E-3__seed1108,tau_8,smap,SMAP_E-3,1108,pending,,
grasp_protocol_v3__tau_8__smap__SMAP_E-4__seed1108,tau_8,smap,SMAP_E-4,1108,pending,,
grasp_protocol_v3__tau_8__smap__SMAP_E-5__seed1108,tau_8,smap,SMAP_E-5,1108,pending,,
grasp_protocol_v3__tau_8__smap__SMAP_E-6__seed1108,tau_8,smap,SMAP_E-6,1108,pending,,
grasp_protocol_v3__tau_8__smap__SMAP_E-7__seed1108,tau_8,smap,SMAP_E-7,1108,pending,,
grasp_protocol_v3__tau_8__smap__SMAP_E-8__seed1108,tau_8,smap,SMAP_E-8,1108,pending,,
grasp_protocol_v3__tau_8__smap__SMAP_E-9__seed1108,tau_8,smap,SMAP_E-9,1108,pending,,
grasp_protocol_v3__tau_8__smap__SMAP_F-1__seed1108,tau_8,smap,SMAP_F-1,1108,pending,,
grasp_protocol_v3__tau_8__smap__SMAP_F-2__seed1108,tau_8,smap,SMAP_F-2,1108,pending,,
grasp_protocol_v3__tau_8__smap__SMAP_F-3__seed1108,tau_8,smap,SMAP_F-3,1108,pending,,
grasp_protocol_v3__tau_8__smap__SMAP_G-1__seed1108,tau_8,smap,SMAP_G-1,1108,pending,,
grasp_protocol_v3__tau_8__smap__SMAP_G-2__seed1108,tau_8,smap,SMAP_G-2,1108,pending,,
grasp_protocol_v3__tau_8__smap__SMAP_G-3__seed1108,tau_8,smap,SMAP_G-3,1108,pending,,
grasp_protocol_v3__tau_8__smap__SMAP_G-4__seed1108,tau_8,smap,SMAP_G-4,1108,pending,,
grasp_protocol_v3__tau_8__smap__SMAP_G-6__seed1108,tau_8,smap,SMAP_G-6,1108,pending,,
grasp_protocol_v3__tau_8__smap__SMAP_G-7__seed1108,tau_8,smap,SMAP_G-7,1108,pending,,
grasp_protocol_v3__tau_8__smap__SMAP_P-1__seed1108,tau_8,smap,SMAP_P-1,1108,pending,,
grasp_protocol_v3__tau_8__smap__SMAP_P-2__seed1108,tau_8,smap,SMAP_P-2,1108,pending,,
grasp_protocol_v3__tau_8__smap__SMAP_P-3__seed1108,tau_8,smap,SMAP_P-3,1108,pending,,
grasp_protocol_v3__tau_8__smap__SMAP_P-4__seed1108,tau_8,smap,SMAP_P-4,1108,pending,,
grasp_protocol_v3__tau_8__smap__SMAP_R-1__seed1108,tau_8,smap,SMAP_R-1,1108,pending,,
grasp_protocol_v3__tau_8__smap__SMAP_S-1__seed1108,tau_8,smap,SMAP_S-1,1108,pending,,
grasp_protocol_v3__tau_8__smap__SMAP_T-1__seed1108,tau_8,smap,SMAP_T-1,1108,pending,,
grasp_protocol_v3__tau_8__smap__SMAP_T-2__seed1108,tau_8,smap,SMAP_T-2,1108,pending,,
grasp_protocol_v3__tau_8__smap__SMAP_T-3__seed1108,tau_8,smap,SMAP_T-3,1108,pending,,
grasp_protocol_v3__gnn__smap__SMAP_A-1__seed1109,gnn,smap,SMAP_A-1,1109,pending,,
grasp_protocol_v3__gnn__smap__SMAP_A-2__seed1109,gnn,smap,SMAP_A-2,1109,pending,,
grasp_protocol_v3__gnn__smap__SMAP_A-3__seed1109,gnn,smap,SMAP_A-3,1109,pending,,
grasp_protocol_v3__gnn__smap__SMAP_A-4__seed1109,gnn,smap,SMAP_A-4,1109,pending,,
grasp_protocol_v3__gnn__smap__SMAP_A-5__seed1109,gnn,smap,SMAP_A-5,1109,pending,,
grasp_protocol_v3__gnn__smap__SMAP_A-6__seed1109,gnn,smap,SMAP_A-6,1109,pending,,
grasp_protocol_v3__gnn__smap__SMAP_A-7__seed1109,gnn,smap,SMAP_A-7,1109,pending,,
grasp_protocol_v3__gnn__smap__SMAP_A-8__seed1109,gnn,smap,SMAP_A-8,1109,pending,,
grasp_protocol_v3__gnn__smap__SMAP_A-9__seed1109,gnn,smap,SMAP_A-9,1109,pending,,
grasp_protocol_v3__gnn__smap__SMAP_B-1__seed1109,gnn,smap,SMAP_B-1,1109,pending,,
grasp_protocol_v3__gnn__smap__SMAP_D-11__seed1109,gnn,smap,SMAP_D-11,1109,pending,,
grasp_protocol_v3__gnn__smap__SMAP_D-1__seed1109,gnn,smap,SMAP_D-1,1109,pending,,
grasp_protocol_v3__gnn__smap__SMAP_D-2__seed1109,gnn,smap,SMAP_D-2,1109,pending,,
grasp_protocol_v3__gnn__smap__SMAP_D-3__seed1109,gnn,smap,SMAP_D-3,1109,pending,,
grasp_protocol_v3__gnn__smap__SMAP_D-4__seed1109,gnn,smap,SMAP_D-4,1109,pending,,
grasp_protocol_v3__gnn__smap__SMAP_D-5__seed1109,gnn,smap,SMAP_D-5,1109,pending,,
grasp_protocol_v3__gnn__smap__SMAP_D-6__seed1109,gnn,smap,SMAP_D-6,1109,pending,,
grasp_protocol_v3__gnn__smap__SMAP_D-7__seed1109,gnn,smap,SMAP_D-7,1109,pending,,
grasp_protocol_v3__gnn__smap__SMAP_D-8__seed1109,gnn,smap,SMAP_D-8,1109,pending,,
grasp_protocol_v3__gnn__smap__SMAP_D-9__seed1109,gnn,smap,SMAP_D-9,1109,pending,,
grasp_protocol_v3__gnn__smap__SMAP_E-10__seed1109,gnn,smap,SMAP_E-10,1109,pending,,
grasp_protocol_v3__gnn__smap__SMAP_E-11__seed1109,gnn,smap,SMAP_E-11,1109,pending,,
grasp_protocol_v3__gnn__smap__SMAP_E-12__seed1109,gnn,smap,SMAP_E-12,1109,pending,,
grasp_protocol_v3__gnn__smap__SMAP_E-13__seed1109,gnn,smap,SMAP_E-13,1109,pending,,
grasp_protocol_v3__gnn__smap__SMAP_E-1__seed1109,gnn,smap,SMAP_E-1,1109,pending,,
grasp_protocol_v3__gnn__smap__SMAP_E-2__seed1109,gnn,smap,SMAP_E-2,1109,pending,,
grasp_protocol_v3__gnn__smap__SMAP_E-3__seed1109,gnn,smap,SMAP_E-3,1109,pending,,
grasp_protocol_v3__gnn__smap__SMAP_E-4__seed1109,gnn,smap,SMAP_E-4,1109,pending,,
grasp_protocol_v3__gnn__smap__SMAP_E-5__seed1109,gnn,smap,SMAP_E-5,1109,pending,,
grasp_protocol_v3__gnn__smap__SMAP_E-6__seed1109,gnn,smap,SMAP_E-6,1109,pending,,
grasp_protocol_v3__gnn__smap__SMAP_E-7__seed1109,gnn,smap,SMAP_E-7,1109,pending,,
grasp_protocol_v3__gnn__smap__SMAP_E-8__seed1109,gnn,smap,SMAP_E-8,1109,pending,,
grasp_protocol_v3__gnn__smap__SMAP_E-9__seed1109,gnn,smap,SMAP_E-9,1109,pending,,
grasp_protocol_v3__gnn__smap__SMAP_F-1__seed1109,gnn,smap,SMAP_F-1,1109,pending,,
grasp_protocol_v3__gnn__smap__SMAP_F-2__seed1109,gnn,smap,SMAP_F-2,1109,pending,,
grasp_protocol_v3__gnn__smap__SMAP_F-3__seed1109,gnn,smap,SMAP_F-3,1109,pending,,
grasp_protocol_v3__gnn__smap__SMAP_G-1__seed1109,gnn,smap,SMAP_G-1,1109,pending,,
grasp_protocol_v3__gnn__smap__SMAP_G-2__seed1109,gnn,smap,SMAP_G-2,1109,pending,,
grasp_protocol_v3__gnn__smap__SMAP_G-3__seed1109,gnn,smap,SMAP_G-3,1109,pending,,
grasp_protocol_v3__gnn__smap__SMAP_G-4__seed1109,gnn,smap,SMAP_G-4,1109,pending,,
grasp_protocol_v3__gnn__smap__SMAP_G-6__seed1109,gnn,smap,SMAP_G-6,1109,pending,,
grasp_protocol_v3__gnn__smap__SMAP_G-7__seed1109,gnn,smap,SMAP_G-7,1109,pending,,
grasp_protocol_v3__gnn__smap__SMAP_P-1__seed1109,gnn,smap,SMAP_P-1,1109,pending,,
grasp_protocol_v3__gnn__smap__SMAP_P-2__seed1109,gnn,smap,SMAP_P-2,1109,pending,,
grasp_protocol_v3__gnn__smap__SMAP_P-3__seed1109,gnn,smap,SMAP_P-3,1109,pending,,
grasp_protocol_v3__gnn__smap__SMAP_P-4__seed1109,gnn,smap,SMAP_P-4,1109,pending,,
grasp_protocol_v3__gnn__smap__SMAP_R-1__seed1109,gnn,smap,SMAP_R-1,1109,pending,,
grasp_protocol_v3__gnn__smap__SMAP_S-1__seed1109,gnn,smap,SMAP_S-1,1109,pending,,
grasp_protocol_v3__gnn__smap__SMAP_T-1__seed1109,gnn,smap,SMAP_T-1,1109,pending,,
grasp_protocol_v3__gnn__smap__SMAP_T-2__seed1109,gnn,smap,SMAP_T-2,1109,pending,,
grasp_protocol_v3__gnn__smap__SMAP_T-3__seed1109,gnn,smap,SMAP_T-3,1109,pending,,
grasp_protocol_v3__main__smap__SMAP_A-1__seed1109,main,smap,SMAP_A-1,1109,pending,,
grasp_protocol_v3__main__smap__SMAP_A-2__seed1109,main,smap,SMAP_A-2,1109,pending,,
grasp_protocol_v3__main__smap__SMAP_A-3__seed1109,main,smap,SMAP_A-3,1109,pending,,
grasp_protocol_v3__main__smap__SMAP_A-4__seed1109,main,smap,SMAP_A-4,1109,pending,,
grasp_protocol_v3__main__smap__SMAP_A-5__seed1109,main,smap,SMAP_A-5,1109,pending,,
grasp_protocol_v3__main__smap__SMAP_A-6__seed1109,main,smap,SMAP_A-6,1109,pending,,
grasp_protocol_v3__main__smap__SMAP_A-7__seed1109,main,smap,SMAP_A-7,1109,pending,,
grasp_protocol_v3__main__smap__SMAP_A-8__seed1109,main,smap,SMAP_A-8,1109,pending,,
grasp_protocol_v3__main__smap__SMAP_A-9__seed1109,main,smap,SMAP_A-9,1109,pending,,
grasp_protocol_v3__main__smap__SMAP_B-1__seed1109,main,smap,SMAP_B-1,1109,pending,,
grasp_protocol_v3__main__smap__SMAP_D-11__seed1109,main,smap,SMAP_D-11,1109,pending,,
grasp_protocol_v3__main__smap__SMAP_D-1__seed1109,main,smap,SMAP_D-1,1109,pending,,
grasp_protocol_v3__main__smap__SMAP_D-2__seed1109,main,smap,SMAP_D-2,1109,pending,,
grasp_protocol_v3__main__smap__SMAP_D-3__seed1109,main,smap,SMAP_D-3,1109,pending,,
grasp_protocol_v3__main__smap__SMAP_D-4__seed1109,main,smap,SMAP_D-4,1109,pending,,
grasp_protocol_v3__main__smap__SMAP_D-5__seed1109,main,smap,SMAP_D-5,1109,pending,,
grasp_protocol_v3__main__smap__SMAP_D-6__seed1109,main,smap,SMAP_D-6,1109,pending,,
grasp_protocol_v3__main__smap__SMAP_D-7__seed1109,main,smap,SMAP_D-7,1109,pending,,
grasp_protocol_v3__main__smap__SMAP_D-8__seed1109,main,smap,SMAP_D-8,1109,pending,,
grasp_protocol_v3__main__smap__SMAP_D-9__seed1109,main,smap,SMAP_D-9,1109,pending,,
grasp_protocol_v3__main__smap__SMAP_E-10__seed1109,main,smap,SMAP_E-10,1109,pending,,
grasp_protocol_v3__main__smap__SMAP_E-11__seed1109,main,smap,SMAP_E-11,1109,pending,,
grasp_protocol_v3__main__smap__SMAP_E-12__seed1109,main,smap,SMAP_E-12,1109,pending,,
grasp_protocol_v3__main__smap__SMAP_E-13__seed1109,main,smap,SMAP_E-13,1109,pending,,
grasp_protocol_v3__main__smap__SMAP_E-1__seed1109,main,smap,SMAP_E-1,1109,pending,,
grasp_protocol_v3__main__smap__SMAP_E-2__seed1109,main,smap,SMAP_E-2,1109,pending,,
grasp_protocol_v3__main__smap__SMAP_E-3__seed1109,main,smap,SMAP_E-3,1109,pending,,
grasp_protocol_v3__main__smap__SMAP_E-4__seed1109,main,smap,SMAP_E-4,1109,pending,,
grasp_protocol_v3__main__smap__SMAP_E-5__seed1109,main,smap,SMAP_E-5,1109,pending,,
grasp_protocol_v3__main__smap__SMAP_E-6__seed1109,main,smap,SMAP_E-6,1109,pending,,
grasp_protocol_v3__main__smap__SMAP_E-7__seed1109,main,smap,SMAP_E-7,1109,pending,,
grasp_protocol_v3__main__smap__SMAP_E-8__seed1109,main,smap,SMAP_E-8,1109,pending,,
grasp_protocol_v3__main__smap__SMAP_E-9__seed1109,main,smap,SMAP_E-9,1109,pending,,
grasp_protocol_v3__main__smap__SMAP_F-1__seed1109,main,smap,SMAP_F-1,1109,pending,,
grasp_protocol_v3__main__smap__SMAP_F-2__seed1109,main,smap,SMAP_F-2,1109,pending,,
grasp_protocol_v3__main__smap__SMAP_F-3__seed1109,main,smap,SMAP_F-3,1109,pending,,
grasp_protocol_v3__main__smap__SMAP_G-1__seed1109,main,smap,SMAP_G-1,1109,pending,,
grasp_protocol_v3__main__smap__SMAP_G-2__seed1109,main,smap,SMAP_G-2,1109,pending,,
grasp_protocol_v3__main__smap__SMAP_G-3__seed1109,main,smap,SMAP_G-3,1109,pending,,
grasp_protocol_v3__main__smap__SMAP_G-4__seed1109,main,smap,SMAP_G-4,1109,pending,,
grasp_protocol_v3__main__smap__SMAP_G-6__seed1109,main,smap,SMAP_G-6,1109,pending,,
grasp_protocol_v3__main__smap__SMAP_G-7__seed1109,main,smap,SMAP_G-7,1109,pending,,
grasp_protocol_v3__main__smap__SMAP_P-1__seed1109,main,smap,SMAP_P-1,1109,pending,,
grasp_protocol_v3__main__smap__SMAP_P-2__seed1109,main,smap,SMAP_P-2,1109,pending,,
grasp_protocol_v3__main__smap__SMAP_P-3__seed1109,main,smap,SMAP_P-3,1109,pending,,
grasp_protocol_v3__main__smap__SMAP_P-4__seed1109,main,smap,SMAP_P-4,1109,pending,,
grasp_protocol_v3__main__smap__SMAP_R-1__seed1109,main,smap,SMAP_R-1,1109,pending,,
grasp_protocol_v3__main__smap__SMAP_S-1__seed1109,main,smap,SMAP_S-1,1109,pending,,
grasp_protocol_v3__main__smap__SMAP_T-1__seed1109,main,smap,SMAP_T-1,1109,pending,,
grasp_protocol_v3__main__smap__SMAP_T-2__seed1109,main,smap,SMAP_T-2,1109,pending,,
grasp_protocol_v3__main__smap__SMAP_T-3__seed1109,main,smap,SMAP_T-3,1109,pending,,
grasp_protocol_v3__transformer__smap__SMAP_A-1__seed1109,transformer,smap,SMAP_A-1,1109,pending,,
grasp_protocol_v3__transformer__smap__SMAP_A-2__seed1109,transformer,smap,SMAP_A-2,1109,pending,,
grasp_protocol_v3__transformer__smap__SMAP_A-3__seed1109,transformer,smap,SMAP_A-3,1109,pending,,
grasp_protocol_v3__transformer__smap__SMAP_A-4__seed1109,transformer,smap,SMAP_A-4,1109,pending,,
grasp_protocol_v3__transformer__smap__SMAP_A-5__seed1109,transformer,smap,SMAP_A-5,1109,pending,,
grasp_protocol_v3__transformer__smap__SMAP_A-6__seed1109,transformer,smap,SMAP_A-6,1109,pending,,
grasp_protocol_v3__transformer__smap__SMAP_A-7__seed1109,transformer,smap,SMAP_A-7,1109,pending,,
grasp_protocol_v3__transformer__smap__SMAP_A-8__seed1109,transformer,smap,SMAP_A-8,1109,pending,,
grasp_protocol_v3__transformer__smap__SMAP_A-9__seed1109,transformer,smap,SMAP_A-9,1109,pending,,
grasp_protocol_v3__transformer__smap__SMAP_B-1__seed1109,transformer,smap,SMAP_B-1,1109,pending,,
grasp_protocol_v3__transformer__smap__SMAP_D-11__seed1109,transformer,smap,SMAP_D-11,1109,pending,,
grasp_protocol_v3__transformer__smap__SMAP_D-1__seed1109,transformer,smap,SMAP_D-1,1109,pending,,
grasp_protocol_v3__transformer__smap__SMAP_D-2__seed1109,transformer,smap,SMAP_D-2,1109,pending,,
grasp_protocol_v3__transformer__smap__SMAP_D-3__seed1109,transformer,smap,SMAP_D-3,1109,pending,,
grasp_protocol_v3__transformer__smap__SMAP_D-4__seed1109,transformer,smap,SMAP_D-4,1109,pending,,
grasp_protocol_v3__transformer__smap__SMAP_D-5__seed1109,transformer,smap,SMAP_D-5,1109,pending,,
grasp_protocol_v3__transformer__smap__SMAP_D-6__seed1109,transformer,smap,SMAP_D-6,1109,pending,,
grasp_protocol_v3__transformer__smap__SMAP_D-7__seed1109,transformer,smap,SMAP_D-7,1109,pending,,
grasp_protocol_v3__transformer__smap__SMAP_D-8__seed1109,transformer,smap,SMAP_D-8,1109,pending,,
grasp_protocol_v3__transformer__smap__SMAP_D-9__seed1109,transformer,smap,SMAP_D-9,1109,pending,,
grasp_protocol_v3__transformer__smap__SMAP_E-10__seed1109,transformer,smap,SMAP_E-10,1109,pending,,
grasp_protocol_v3__transformer__smap__SMAP_E-11__seed1109,transformer,smap,SMAP_E-11,1109,pending,,
grasp_protocol_v3__transformer__smap__SMAP_E-12__seed1109,transformer,smap,SMAP_E-12,1109,pending,,
grasp_protocol_v3__transformer__smap__SMAP_E-13__seed1109,transformer,smap,SMAP_E-13,1109,pending,,
grasp_protocol_v3__transformer__smap__SMAP_E-1__seed1109,transformer,smap,SMAP_E-1,1109,pending,,
grasp_protocol_v3__transformer__smap__SMAP_E-2__seed1109,transformer,smap,SMAP_E-2,1109,pending,,
grasp_protocol_v3__transformer__smap__SMAP_E-3__seed1109,transformer,smap,SMAP_E-3,1109,pending,,
grasp_protocol_v3__transformer__smap__SMAP_E-4__seed1109,transformer,smap,SMAP_E-4,1109,pending,,
grasp_protocol_v3__transformer__smap__SMAP_E-5__seed1109,transformer,smap,SMAP_E-5,1109,pending,,
grasp_protocol_v3__transformer__smap__SMAP_E-6__seed1109,transformer,smap,SMAP_E-6,1109,pending,,
grasp_protocol_v3__transformer__smap__SMAP_E-7__seed1109,transformer,smap,SMAP_E-7,1109,pending,,
grasp_protocol_v3__transformer__smap__SMAP_E-8__seed1109,transformer,smap,SMAP_E-8,1109,pending,,
grasp_protocol_v3__transformer__smap__SMAP_E-9__seed1109,transformer,smap,SMAP_E-9,1109,pending,,
grasp_protocol_v3__transformer__smap__SMAP_F-1__seed1109,transformer,smap,SMAP_F-1,1109,pending,,
grasp_protocol_v3__transformer__smap__SMAP_F-2__seed1109,transformer,smap,SMAP_F-2,1109,pending,,
grasp_protocol_v3__transformer__smap__SMAP_F-3__seed1109,transformer,smap,SMAP_F-3,1109,pending,,
grasp_protocol_v3__transformer__smap__SMAP_G-1__seed1109,transformer,smap,SMAP_G-1,1109,pending,,
grasp_protocol_v3__transformer__smap__SMAP_G-2__seed1109,transformer,smap,SMAP_G-2,1109,pending,,
grasp_protocol_v3__transformer__smap__SMAP_G-3__seed1109,transformer,smap,SMAP_G-3,1109,pending,,
grasp_protocol_v3__transformer__smap__SMAP_G-4__seed1109,transformer,smap,SMAP_G-4,1109,pending,,
grasp_protocol_v3__transformer__smap__SMAP_G-6__seed1109,transformer,smap,SMAP_G-6,1109,pending,,
grasp_protocol_v3__transformer__smap__SMAP_G-7__seed1109,transformer,smap,SMAP_G-7,1109,pending,,
grasp_protocol_v3__transformer__smap__SMAP_P-1__seed1109,transformer,smap,SMAP_P-1,1109,pending,,
grasp_protocol_v3__transformer__smap__SMAP_P-2__seed1109,transformer,smap,SMAP_P-2,1109,pending,,
grasp_protocol_v3__transformer__smap__SMAP_P-3__seed1109,transformer,smap,SMAP_P-3,1109,pending,,
grasp_protocol_v3__transformer__smap__SMAP_P-4__seed1109,transformer,smap,SMAP_P-4,1109,pending,,
grasp_protocol_v3__transformer__smap__SMAP_R-1__seed1109,transformer,smap,SMAP_R-1,1109,pending,,
grasp_protocol_v3__transformer__smap__SMAP_S-1__seed1109,transformer,smap,SMAP_S-1,1109,pending,,
grasp_protocol_v3__transformer__smap__SMAP_T-1__seed1109,transformer,smap,SMAP_T-1,1109,pending,,
grasp_protocol_v3__transformer__smap__SMAP_T-2__seed1109,transformer,smap,SMAP_T-2,1109,pending,,
grasp_protocol_v3__transformer__smap__SMAP_T-3__seed1109,transformer,smap,SMAP_T-3,1109,pending,,
grasp_protocol_v3__mean__smap__SMAP_A-1__seed1109,mean,smap,SMAP_A-1,1109,pending,,
grasp_protocol_v3__mean__smap__SMAP_A-2__seed1109,mean,smap,SMAP_A-2,1109,pending,,
grasp_protocol_v3__mean__smap__SMAP_A-3__seed1109,mean,smap,SMAP_A-3,1109,pending,,
grasp_protocol_v3__mean__smap__SMAP_A-4__seed1109,mean,smap,SMAP_A-4,1109,pending,,
grasp_protocol_v3__mean__smap__SMAP_A-5__seed1109,mean,smap,SMAP_A-5,1109,pending,,
grasp_protocol_v3__mean__smap__SMAP_A-6__seed1109,mean,smap,SMAP_A-6,1109,pending,,
grasp_protocol_v3__mean__smap__SMAP_A-7__seed1109,mean,smap,SMAP_A-7,1109,pending,,
grasp_protocol_v3__mean__smap__SMAP_A-8__seed1109,mean,smap,SMAP_A-8,1109,pending,,
grasp_protocol_v3__mean__smap__SMAP_A-9__seed1109,mean,smap,SMAP_A-9,1109,pending,,
grasp_protocol_v3__mean__smap__SMAP_B-1__seed1109,mean,smap,SMAP_B-1,1109,pending,,
grasp_protocol_v3__mean__smap__SMAP_D-11__seed1109,mean,smap,SMAP_D-11,1109,pending,,
grasp_protocol_v3__mean__smap__SMAP_D-1__seed1109,mean,smap,SMAP_D-1,1109,pending,,
grasp_protocol_v3__mean__smap__SMAP_D-2__seed1109,mean,smap,SMAP_D-2,1109,pending,,
grasp_protocol_v3__mean__smap__SMAP_D-3__seed1109,mean,smap,SMAP_D-3,1109,pending,,
grasp_protocol_v3__mean__smap__SMAP_D-4__seed1109,mean,smap,SMAP_D-4,1109,pending,,
grasp_protocol_v3__mean__smap__SMAP_D-5__seed1109,mean,smap,SMAP_D-5,1109,pending,,
grasp_protocol_v3__mean__smap__SMAP_D-6__seed1109,mean,smap,SMAP_D-6,1109,pending,,
grasp_protocol_v3__mean__smap__SMAP_D-7__seed1109,mean,smap,SMAP_D-7,1109,pending,,
grasp_protocol_v3__mean__smap__SMAP_D-8__seed1109,mean,smap,SMAP_D-8,1109,pending,,
grasp_protocol_v3__mean__smap__SMAP_D-9__seed1109,mean,smap,SMAP_D-9,1109,pending,,
grasp_protocol_v3__mean__smap__SMAP_E-10__seed1109,mean,smap,SMAP_E-10,1109,pending,,
grasp_protocol_v3__mean__smap__SMAP_E-11__seed1109,mean,smap,SMAP_E-11,1109,pending,,
grasp_protocol_v3__mean__smap__SMAP_E-12__seed1109,mean,smap,SMAP_E-12,1109,pending,,
grasp_protocol_v3__mean__smap__SMAP_E-13__seed1109,mean,smap,SMAP_E-13,1109,pending,,
grasp_protocol_v3__mean__smap__SMAP_E-1__seed1109,mean,smap,SMAP_E-1,1109,pending,,
grasp_protocol_v3__mean__smap__SMAP_E-2__seed1109,mean,smap,SMAP_E-2,1109,pending,,
grasp_protocol_v3__mean__smap__SMAP_E-3__seed1109,mean,smap,SMAP_E-3,1109,pending,,
grasp_protocol_v3__mean__smap__SMAP_E-4__seed1109,mean,smap,SMAP_E-4,1109,pending,,
grasp_protocol_v3__mean__smap__SMAP_E-5__seed1109,mean,smap,SMAP_E-5,1109,pending,,
grasp_protocol_v3__mean__smap__SMAP_E-6__seed1109,mean,smap,SMAP_E-6,1109,pending,,
grasp_protocol_v3__mean__smap__SMAP_E-7__seed1109,mean,smap,SMAP_E-7,1109,pending,,
grasp_protocol_v3__mean__smap__SMAP_E-8__seed1109,mean,smap,SMAP_E-8,1109,pending,,
grasp_protocol_v3__mean__smap__SMAP_E-9__seed1109,mean,smap,SMAP_E-9,1109,pending,,
grasp_protocol_v3__mean__smap__SMAP_F-1__seed1109,mean,smap,SMAP_F-1,1109,pending,,
grasp_protocol_v3__mean__smap__SMAP_F-2__seed1109,mean,smap,SMAP_F-2,1109,pending,,
grasp_protocol_v3__mean__smap__SMAP_F-3__seed1109,mean,smap,SMAP_F-3,1109,pending,,
grasp_protocol_v3__mean__smap__SMAP_G-1__seed1109,mean,smap,SMAP_G-1,1109,pending,,
grasp_protocol_v3__mean__smap__SMAP_G-2__seed1109,mean,smap,SMAP_G-2,1109,pending,,
grasp_protocol_v3__mean__smap__SMAP_G-3__seed1109,mean,smap,SMAP_G-3,1109,pending,,
grasp_protocol_v3__mean__smap__SMAP_G-4__seed1109,mean,smap,SMAP_G-4,1109,pending,,
grasp_protocol_v3__mean__smap__SMAP_G-6__seed1109,mean,smap,SMAP_G-6,1109,pending,,
grasp_protocol_v3__mean__smap__SMAP_G-7__seed1109,mean,smap,SMAP_G-7,1109,pending,,
grasp_protocol_v3__mean__smap__SMAP_P-1__seed1109,mean,smap,SMAP_P-1,1109,pending,,
grasp_protocol_v3__mean__smap__SMAP_P-2__seed1109,mean,smap,SMAP_P-2,1109,pending,,
grasp_protocol_v3__mean__smap__SMAP_P-3__seed1109,mean,smap,SMAP_P-3,1109,pending,,
grasp_protocol_v3__mean__smap__SMAP_P-4__seed1109,mean,smap,SMAP_P-4,1109,pending,,
grasp_protocol_v3__mean__smap__SMAP_R-1__seed1109,mean,smap,SMAP_R-1,1109,pending,,
grasp_protocol_v3__mean__smap__SMAP_S-1__seed1109,mean,smap,SMAP_S-1,1109,pending,,
grasp_protocol_v3__mean__smap__SMAP_T-1__seed1109,mean,smap,SMAP_T-1,1109,pending,,
grasp_protocol_v3__mean__smap__SMAP_T-2__seed1109,mean,smap,SMAP_T-2,1109,pending,,
grasp_protocol_v3__mean__smap__SMAP_T-3__seed1109,mean,smap,SMAP_T-3,1109,pending,,
grasp_protocol_v3__er__smap__SMAP_A-1__seed1109,er,smap,SMAP_A-1,1109,pending,,
grasp_protocol_v3__er__smap__SMAP_A-2__seed1109,er,smap,SMAP_A-2,1109,pending,,
grasp_protocol_v3__er__smap__SMAP_A-3__seed1109,er,smap,SMAP_A-3,1109,pending,,
grasp_protocol_v3__er__smap__SMAP_A-4__seed1109,er,smap,SMAP_A-4,1109,pending,,
grasp_protocol_v3__er__smap__SMAP_A-5__seed1109,er,smap,SMAP_A-5,1109,pending,,
grasp_protocol_v3__er__smap__SMAP_A-6__seed1109,er,smap,SMAP_A-6,1109,pending,,
grasp_protocol_v3__er__smap__SMAP_A-7__seed1109,er,smap,SMAP_A-7,1109,pending,,
grasp_protocol_v3__er__smap__SMAP_A-8__seed1109,er,smap,SMAP_A-8,1109,pending,,
grasp_protocol_v3__er__smap__SMAP_A-9__seed1109,er,smap,SMAP_A-9,1109,pending,,
grasp_protocol_v3__er__smap__SMAP_B-1__seed1109,er,smap,SMAP_B-1,1109,pending,,
grasp_protocol_v3__er__smap__SMAP_D-11__seed1109,er,smap,SMAP_D-11,1109,pending,,
grasp_protocol_v3__er__smap__SMAP_D-1__seed1109,er,smap,SMAP_D-1,1109,pending,,
grasp_protocol_v3__er__smap__SMAP_D-2__seed1109,er,smap,SMAP_D-2,1109,pending,,
grasp_protocol_v3__er__smap__SMAP_D-3__seed1109,er,smap,SMAP_D-3,1109,pending,,
grasp_protocol_v3__er__smap__SMAP_D-4__seed1109,er,smap,SMAP_D-4,1109,pending,,
grasp_protocol_v3__er__smap__SMAP_D-5__seed1109,er,smap,SMAP_D-5,1109,pending,,
grasp_protocol_v3__er__smap__SMAP_D-6__seed1109,er,smap,SMAP_D-6,1109,pending,,
grasp_protocol_v3__er__smap__SMAP_D-7__seed1109,er,smap,SMAP_D-7,1109,pending,,
grasp_protocol_v3__er__smap__SMAP_D-8__seed1109,er,smap,SMAP_D-8,1109,pending,,
grasp_protocol_v3__er__smap__SMAP_D-9__seed1109,er,smap,SMAP_D-9,1109,pending,,
grasp_protocol_v3__er__smap__SMAP_E-10__seed1109,er,smap,SMAP_E-10,1109,pending,,
grasp_protocol_v3__er__smap__SMAP_E-11__seed1109,er,smap,SMAP_E-11,1109,pending,,
grasp_protocol_v3__er__smap__SMAP_E-12__seed1109,er,smap,SMAP_E-12,1109,pending,,
grasp_protocol_v3__er__smap__SMAP_E-13__seed1109,er,smap,SMAP_E-13,1109,pending,,
grasp_protocol_v3__er__smap__SMAP_E-1__seed1109,er,smap,SMAP_E-1,1109,pending,,
grasp_protocol_v3__er__smap__SMAP_E-2__seed1109,er,smap,SMAP_E-2,1109,pending,,
grasp_protocol_v3__er__smap__SMAP_E-3__seed1109,er,smap,SMAP_E-3,1109,pending,,
grasp_protocol_v3__er__smap__SMAP_E-4__seed1109,er,smap,SMAP_E-4,1109,pending,,
grasp_protocol_v3__er__smap__SMAP_E-5__seed1109,er,smap,SMAP_E-5,1109,pending,,
grasp_protocol_v3__er__smap__SMAP_E-6__seed1109,er,smap,SMAP_E-6,1109,pending,,
grasp_protocol_v3__er__smap__SMAP_E-7__seed1109,er,smap,SMAP_E-7,1109,pending,,
grasp_protocol_v3__er__smap__SMAP_E-8__seed1109,er,smap,SMAP_E-8,1109,pending,,
grasp_protocol_v3__er__smap__SMAP_E-9__seed1109,er,smap,SMAP_E-9,1109,pending,,
grasp_protocol_v3__er__smap__SMAP_F-1__seed1109,er,smap,SMAP_F-1,1109,pending,,
grasp_protocol_v3__er__smap__SMAP_F-2__seed1109,er,smap,SMAP_F-2,1109,pending,,
grasp_protocol_v3__er__smap__SMAP_F-3__seed1109,er,smap,SMAP_F-3,1109,pending,,
grasp_protocol_v3__er__smap__SMAP_G-1__seed1109,er,smap,SMAP_G-1,1109,pending,,
grasp_protocol_v3__er__smap__SMAP_G-2__seed1109,er,smap,SMAP_G-2,1109,pending,,
grasp_protocol_v3__er__smap__SMAP_G-3__seed1109,er,smap,SMAP_G-3,1109,pending,,
grasp_protocol_v3__er__smap__SMAP_G-4__seed1109,er,smap,SMAP_G-4,1109,pending,,
grasp_protocol_v3__er__smap__SMAP_G-6__seed1109,er,smap,SMAP_G-6,1109,pending,,
grasp_protocol_v3__er__smap__SMAP_G-7__seed1109,er,smap,SMAP_G-7,1109,pending,,
grasp_protocol_v3__er__smap__SMAP_P-1__seed1109,er,smap,SMAP_P-1,1109,pending,,
grasp_protocol_v3__er__smap__SMAP_P-2__seed1109,er,smap,SMAP_P-2,1109,pending,,
grasp_protocol_v3__er__smap__SMAP_P-3__seed1109,er,smap,SMAP_P-3,1109,pending,,
grasp_protocol_v3__er__smap__SMAP_P-4__seed1109,er,smap,SMAP_P-4,1109,pending,,
grasp_protocol_v3__er__smap__SMAP_R-1__seed1109,er,smap,SMAP_R-1,1109,pending,,
grasp_protocol_v3__er__smap__SMAP_S-1__seed1109,er,smap,SMAP_S-1,1109,pending,,
grasp_protocol_v3__er__smap__SMAP_T-1__seed1109,er,smap,SMAP_T-1,1109,pending,,
grasp_protocol_v3__er__smap__SMAP_T-2__seed1109,er,smap,SMAP_T-2,1109,pending,,
grasp_protocol_v3__er__smap__SMAP_T-3__seed1109,er,smap,SMAP_T-3,1109,pending,,
grasp_protocol_v3__lin__smap__SMAP_A-1__seed1109,lin,smap,SMAP_A-1,1109,pending,,
grasp_protocol_v3__lin__smap__SMAP_A-2__seed1109,lin,smap,SMAP_A-2,1109,pending,,
grasp_protocol_v3__lin__smap__SMAP_A-3__seed1109,lin,smap,SMAP_A-3,1109,pending,,
grasp_protocol_v3__lin__smap__SMAP_A-4__seed1109,lin,smap,SMAP_A-4,1109,pending,,
grasp_protocol_v3__lin__smap__SMAP_A-5__seed1109,lin,smap,SMAP_A-5,1109,pending,,
grasp_protocol_v3__lin__smap__SMAP_A-6__seed1109,lin,smap,SMAP_A-6,1109,pending,,
grasp_protocol_v3__lin__smap__SMAP_A-7__seed1109,lin,smap,SMAP_A-7,1109,pending,,
grasp_protocol_v3__lin__smap__SMAP_A-8__seed1109,lin,smap,SMAP_A-8,1109,pending,,
grasp_protocol_v3__lin__smap__SMAP_A-9__seed1109,lin,smap,SMAP_A-9,1109,pending,,
grasp_protocol_v3__lin__smap__SMAP_B-1__seed1109,lin,smap,SMAP_B-1,1109,pending,,
grasp_protocol_v3__lin__smap__SMAP_D-11__seed1109,lin,smap,SMAP_D-11,1109,pending,,
grasp_protocol_v3__lin__smap__SMAP_D-1__seed1109,lin,smap,SMAP_D-1,1109,pending,,
grasp_protocol_v3__lin__smap__SMAP_D-2__seed1109,lin,smap,SMAP_D-2,1109,pending,,
grasp_protocol_v3__lin__smap__SMAP_D-3__seed1109,lin,smap,SMAP_D-3,1109,pending,,
grasp_protocol_v3__lin__smap__SMAP_D-4__seed1109,lin,smap,SMAP_D-4,1109,pending,,
grasp_protocol_v3__lin__smap__SMAP_D-5__seed1109,lin,smap,SMAP_D-5,1109,pending,,
grasp_protocol_v3__lin__smap__SMAP_D-6__seed1109,lin,smap,SMAP_D-6,1109,pending,,
grasp_protocol_v3__lin__smap__SMAP_D-7__seed1109,lin,smap,SMAP_D-7,1109,pending,,
grasp_protocol_v3__lin__smap__SMAP_D-8__seed1109,lin,smap,SMAP_D-8,1109,pending,,
grasp_protocol_v3__lin__smap__SMAP_D-9__seed1109,lin,smap,SMAP_D-9,1109,pending,,
grasp_protocol_v3__lin__smap__SMAP_E-10__seed1109,lin,smap,SMAP_E-10,1109,pending,,
grasp_protocol_v3__lin__smap__SMAP_E-11__seed1109,lin,smap,SMAP_E-11,1109,pending,,
grasp_protocol_v3__lin__smap__SMAP_E-12__seed1109,lin,smap,SMAP_E-12,1109,pending,,
grasp_protocol_v3__lin__smap__SMAP_E-13__seed1109,lin,smap,SMAP_E-13,1109,pending,,
grasp_protocol_v3__lin__smap__SMAP_E-1__seed1109,lin,smap,SMAP_E-1,1109,pending,,
grasp_protocol_v3__lin__smap__SMAP_E-2__seed1109,lin,smap,SMAP_E-2,1109,pending,,
grasp_protocol_v3__lin__smap__SMAP_E-3__seed1109,lin,smap,SMAP_E-3,1109,pending,,
grasp_protocol_v3__lin__smap__SMAP_E-4__seed1109,lin,smap,SMAP_E-4,1109,pending,,
grasp_protocol_v3__lin__smap__SMAP_E-5__seed1109,lin,smap,SMAP_E-5,1109,pending,,
grasp_protocol_v3__lin__smap__SMAP_E-6__seed1109,lin,smap,SMAP_E-6,1109,pending,,
grasp_protocol_v3__lin__smap__SMAP_E-7__seed1109,lin,smap,SMAP_E-7,1109,pending,,
grasp_protocol_v3__lin__smap__SMAP_E-8__seed1109,lin,smap,SMAP_E-8,1109,pending,,
grasp_protocol_v3__lin__smap__SMAP_E-9__seed1109,lin,smap,SMAP_E-9,1109,pending,,
grasp_protocol_v3__lin__smap__SMAP_F-1__seed1109,lin,smap,SMAP_F-1,1109,pending,,
grasp_protocol_v3__lin__smap__SMAP_F-2__seed1109,lin,smap,SMAP_F-2,1109,pending,,
grasp_protocol_v3__lin__smap__SMAP_F-3__seed1109,lin,smap,SMAP_F-3,1109,pending,,
grasp_protocol_v3__lin__smap__SMAP_G-1__seed1109,lin,smap,SMAP_G-1,1109,pending,,
grasp_protocol_v3__lin__smap__SMAP_G-2__seed1109,lin,smap,SMAP_G-2,1109,pending,,
grasp_protocol_v3__lin__smap__SMAP_G-3__seed1109,lin,smap,SMAP_G-3,1109,pending,,
grasp_protocol_v3__lin__smap__SMAP_G-4__seed1109,lin,smap,SMAP_G-4,1109,pending,,
grasp_protocol_v3__lin__smap__SMAP_G-6__seed1109,lin,smap,SMAP_G-6,1109,pending,,
grasp_protocol_v3__lin__smap__SMAP_G-7__seed1109,lin,smap,SMAP_G-7,1109,pending,,
grasp_protocol_v3__lin__smap__SMAP_P-1__seed1109,lin,smap,SMAP_P-1,1109,pending,,
grasp_protocol_v3__lin__smap__SMAP_P-2__seed1109,lin,smap,SMAP_P-2,1109,pending,,
grasp_protocol_v3__lin__smap__SMAP_P-3__seed1109,lin,smap,SMAP_P-3,1109,pending,,
grasp_protocol_v3__lin__smap__SMAP_P-4__seed1109,lin,smap,SMAP_P-4,1109,pending,,
grasp_protocol_v3__lin__smap__SMAP_R-1__seed1109,lin,smap,SMAP_R-1,1109,pending,,
grasp_protocol_v3__lin__smap__SMAP_S-1__seed1109,lin,smap,SMAP_S-1,1109,pending,,
grasp_protocol_v3__lin__smap__SMAP_T-1__seed1109,lin,smap,SMAP_T-1,1109,pending,,
grasp_protocol_v3__lin__smap__SMAP_T-2__seed1109,lin,smap,SMAP_T-2,1109,pending,,
grasp_protocol_v3__lin__smap__SMAP_T-3__seed1109,lin,smap,SMAP_T-3,1109,pending,,
grasp_protocol_v3__tau_0__smap__SMAP_A-1__seed1109,tau_0,smap,SMAP_A-1,1109,pending,,
grasp_protocol_v3__tau_0__smap__SMAP_A-2__seed1109,tau_0,smap,SMAP_A-2,1109,pending,,
grasp_protocol_v3__tau_0__smap__SMAP_A-3__seed1109,tau_0,smap,SMAP_A-3,1109,pending,,
grasp_protocol_v3__tau_0__smap__SMAP_A-4__seed1109,tau_0,smap,SMAP_A-4,1109,pending,,
grasp_protocol_v3__tau_0__smap__SMAP_A-5__seed1109,tau_0,smap,SMAP_A-5,1109,pending,,
grasp_protocol_v3__tau_0__smap__SMAP_A-6__seed1109,tau_0,smap,SMAP_A-6,1109,pending,,
grasp_protocol_v3__tau_0__smap__SMAP_A-7__seed1109,tau_0,smap,SMAP_A-7,1109,pending,,
grasp_protocol_v3__tau_0__smap__SMAP_A-8__seed1109,tau_0,smap,SMAP_A-8,1109,pending,,
grasp_protocol_v3__tau_0__smap__SMAP_A-9__seed1109,tau_0,smap,SMAP_A-9,1109,pending,,
grasp_protocol_v3__tau_0__smap__SMAP_B-1__seed1109,tau_0,smap,SMAP_B-1,1109,pending,,
grasp_protocol_v3__tau_0__smap__SMAP_D-11__seed1109,tau_0,smap,SMAP_D-11,1109,pending,,
grasp_protocol_v3__tau_0__smap__SMAP_D-1__seed1109,tau_0,smap,SMAP_D-1,1109,pending,,
grasp_protocol_v3__tau_0__smap__SMAP_D-2__seed1109,tau_0,smap,SMAP_D-2,1109,pending,,
grasp_protocol_v3__tau_0__smap__SMAP_D-3__seed1109,tau_0,smap,SMAP_D-3,1109,pending,,
grasp_protocol_v3__tau_0__smap__SMAP_D-4__seed1109,tau_0,smap,SMAP_D-4,1109,pending,,
grasp_protocol_v3__tau_0__smap__SMAP_D-5__seed1109,tau_0,smap,SMAP_D-5,1109,pending,,
grasp_protocol_v3__tau_0__smap__SMAP_D-6__seed1109,tau_0,smap,SMAP_D-6,1109,pending,,
grasp_protocol_v3__tau_0__smap__SMAP_D-7__seed1109,tau_0,smap,SMAP_D-7,1109,pending,,
grasp_protocol_v3__tau_0__smap__SMAP_D-8__seed1109,tau_0,smap,SMAP_D-8,1109,pending,,
grasp_protocol_v3__tau_0__smap__SMAP_D-9__seed1109,tau_0,smap,SMAP_D-9,1109,pending,,
grasp_protocol_v3__tau_0__smap__SMAP_E-10__seed1109,tau_0,smap,SMAP_E-10,1109,pending,,
grasp_protocol_v3__tau_0__smap__SMAP_E-11__seed1109,tau_0,smap,SMAP_E-11,1109,pending,,
grasp_protocol_v3__tau_0__smap__SMAP_E-12__seed1109,tau_0,smap,SMAP_E-12,1109,pending,,
grasp_protocol_v3__tau_0__smap__SMAP_E-13__seed1109,tau_0,smap,SMAP_E-13,1109,pending,,
grasp_protocol_v3__tau_0__smap__SMAP_E-1__seed1109,tau_0,smap,SMAP_E-1,1109,pending,,
grasp_protocol_v3__tau_0__smap__SMAP_E-2__seed1109,tau_0,smap,SMAP_E-2,1109,pending,,
grasp_protocol_v3__tau_0__smap__SMAP_E-3__seed1109,tau_0,smap,SMAP_E-3,1109,pending,,
grasp_protocol_v3__tau_0__smap__SMAP_E-4__seed1109,tau_0,smap,SMAP_E-4,1109,pending,,
grasp_protocol_v3__tau_0__smap__SMAP_E-5__seed1109,tau_0,smap,SMAP_E-5,1109,pending,,
grasp_protocol_v3__tau_0__smap__SMAP_E-6__seed1109,tau_0,smap,SMAP_E-6,1109,pending,,
grasp_protocol_v3__tau_0__smap__SMAP_E-7__seed1109,tau_0,smap,SMAP_E-7,1109,pending,,
grasp_protocol_v3__tau_0__smap__SMAP_E-8__seed1109,tau_0,smap,SMAP_E-8,1109,pending,,
grasp_protocol_v3__tau_0__smap__SMAP_E-9__seed1109,tau_0,smap,SMAP_E-9,1109,pending,,
grasp_protocol_v3__tau_0__smap__SMAP_F-1__seed1109,tau_0,smap,SMAP_F-1,1109,pending,,
grasp_protocol_v3__tau_0__smap__SMAP_F-2__seed1109,tau_0,smap,SMAP_F-2,1109,pending,,
grasp_protocol_v3__tau_0__smap__SMAP_F-3__seed1109,tau_0,smap,SMAP_F-3,1109,pending,,
grasp_protocol_v3__tau_0__smap__SMAP_G-1__seed1109,tau_0,smap,SMAP_G-1,1109,pending,,
grasp_protocol_v3__tau_0__smap__SMAP_G-2__seed1109,tau_0,smap,SMAP_G-2,1109,pending,,
grasp_protocol_v3__tau_0__smap__SMAP_G-3__seed1109,tau_0,smap,SMAP_G-3,1109,pending,,
grasp_protocol_v3__tau_0__smap__SMAP_G-4__seed1109,tau_0,smap,SMAP_G-4,1109,pending,,
grasp_protocol_v3__tau_0__smap__SMAP_G-6__seed1109,tau_0,smap,SMAP_G-6,1109,pending,,
grasp_protocol_v3__tau_0__smap__SMAP_G-7__seed1109,tau_0,smap,SMAP_G-7,1109,pending,,
grasp_protocol_v3__tau_0__smap__SMAP_P-1__seed1109,tau_0,smap,SMAP_P-1,1109,pending,,
grasp_protocol_v3__tau_0__smap__SMAP_P-2__seed1109,tau_0,smap,SMAP_P-2,1109,pending,,
grasp_protocol_v3__tau_0__smap__SMAP_P-3__seed1109,tau_0,smap,SMAP_P-3,1109,pending,,
grasp_protocol_v3__tau_0__smap__SMAP_P-4__seed1109,tau_0,smap,SMAP_P-4,1109,pending,,
grasp_protocol_v3__tau_0__smap__SMAP_R-1__seed1109,tau_0,smap,SMAP_R-1,1109,pending,,
grasp_protocol_v3__tau_0__smap__SMAP_S-1__seed1109,tau_0,smap,SMAP_S-1,1109,pending,,
grasp_protocol_v3__tau_0__smap__SMAP_T-1__seed1109,tau_0,smap,SMAP_T-1,1109,pending,,
grasp_protocol_v3__tau_0__smap__SMAP_T-2__seed1109,tau_0,smap,SMAP_T-2,1109,pending,,
grasp_protocol_v3__tau_0__smap__SMAP_T-3__seed1109,tau_0,smap,SMAP_T-3,1109,pending,,
grasp_protocol_v3__tau_0p25__smap__SMAP_A-1__seed1109,tau_0p25,smap,SMAP_A-1,1109,pending,,
grasp_protocol_v3__tau_0p25__smap__SMAP_A-2__seed1109,tau_0p25,smap,SMAP_A-2,1109,pending,,
grasp_protocol_v3__tau_0p25__smap__SMAP_A-3__seed1109,tau_0p25,smap,SMAP_A-3,1109,pending,,
grasp_protocol_v3__tau_0p25__smap__SMAP_A-4__seed1109,tau_0p25,smap,SMAP_A-4,1109,pending,,
grasp_protocol_v3__tau_0p25__smap__SMAP_A-5__seed1109,tau_0p25,smap,SMAP_A-5,1109,pending,,
grasp_protocol_v3__tau_0p25__smap__SMAP_A-6__seed1109,tau_0p25,smap,SMAP_A-6,1109,pending,,
grasp_protocol_v3__tau_0p25__smap__SMAP_A-7__seed1109,tau_0p25,smap,SMAP_A-7,1109,pending,,
grasp_protocol_v3__tau_0p25__smap__SMAP_A-8__seed1109,tau_0p25,smap,SMAP_A-8,1109,pending,,
grasp_protocol_v3__tau_0p25__smap__SMAP_A-9__seed1109,tau_0p25,smap,SMAP_A-9,1109,pending,,
grasp_protocol_v3__tau_0p25__smap__SMAP_B-1__seed1109,tau_0p25,smap,SMAP_B-1,1109,pending,,
grasp_protocol_v3__tau_0p25__smap__SMAP_D-11__seed1109,tau_0p25,smap,SMAP_D-11,1109,pending,,
grasp_protocol_v3__tau_0p25__smap__SMAP_D-1__seed1109,tau_0p25,smap,SMAP_D-1,1109,pending,,
grasp_protocol_v3__tau_0p25__smap__SMAP_D-2__seed1109,tau_0p25,smap,SMAP_D-2,1109,pending,,
grasp_protocol_v3__tau_0p25__smap__SMAP_D-3__seed1109,tau_0p25,smap,SMAP_D-3,1109,pending,,
grasp_protocol_v3__tau_0p25__smap__SMAP_D-4__seed1109,tau_0p25,smap,SMAP_D-4,1109,pending,,
grasp_protocol_v3__tau_0p25__smap__SMAP_D-5__seed1109,tau_0p25,smap,SMAP_D-5,1109,pending,,
grasp_protocol_v3__tau_0p25__smap__SMAP_D-6__seed1109,tau_0p25,smap,SMAP_D-6,1109,pending,,
grasp_protocol_v3__tau_0p25__smap__SMAP_D-7__seed1109,tau_0p25,smap,SMAP_D-7,1109,pending,,
grasp_protocol_v3__tau_0p25__smap__SMAP_D-8__seed1109,tau_0p25,smap,SMAP_D-8,1109,pending,,
grasp_protocol_v3__tau_0p25__smap__SMAP_D-9__seed1109,tau_0p25,smap,SMAP_D-9,1109,pending,,
grasp_protocol_v3__tau_0p25__smap__SMAP_E-10__seed1109,tau_0p25,smap,SMAP_E-10,1109,pending,,
grasp_protocol_v3__tau_0p25__smap__SMAP_E-11__seed1109,tau_0p25,smap,SMAP_E-11,1109,pending,,
grasp_protocol_v3__tau_0p25__smap__SMAP_E-12__seed1109,tau_0p25,smap,SMAP_E-12,1109,pending,,
grasp_protocol_v3__tau_0p25__smap__SMAP_E-13__seed1109,tau_0p25,smap,SMAP_E-13,1109,pending,,
grasp_protocol_v3__tau_0p25__smap__SMAP_E-1__seed1109,tau_0p25,smap,SMAP_E-1,1109,pending,,
grasp_protocol_v3__tau_0p25__smap__SMAP_E-2__seed1109,tau_0p25,smap,SMAP_E-2,1109,pending,,
grasp_protocol_v3__tau_0p25__smap__SMAP_E-3__seed1109,tau_0p25,smap,SMAP_E-3,1109,pending,,
grasp_protocol_v3__tau_0p25__smap__SMAP_E-4__seed1109,tau_0p25,smap,SMAP_E-4,1109,pending,,
grasp_protocol_v3__tau_0p25__smap__SMAP_E-5__seed1109,tau_0p25,smap,SMAP_E-5,1109,pending,,
grasp_protocol_v3__tau_0p25__smap__SMAP_E-6__seed1109,tau_0p25,smap,SMAP_E-6,1109,pending,,
grasp_protocol_v3__tau_0p25__smap__SMAP_E-7__seed1109,tau_0p25,smap,SMAP_E-7,1109,pending,,
grasp_protocol_v3__tau_0p25__smap__SMAP_E-8__seed1109,tau_0p25,smap,SMAP_E-8,1109,pending,,
grasp_protocol_v3__tau_0p25__smap__SMAP_E-9__seed1109,tau_0p25,smap,SMAP_E-9,1109,pending,,
grasp_protocol_v3__tau_0p25__smap__SMAP_F-1__seed1109,tau_0p25,smap,SMAP_F-1,1109,pending,,
grasp_protocol_v3__tau_0p25__smap__SMAP_F-2__seed1109,tau_0p25,smap,SMAP_F-2,1109,pending,,
grasp_protocol_v3__tau_0p25__smap__SMAP_F-3__seed1109,tau_0p25,smap,SMAP_F-3,1109,pending,,
grasp_protocol_v3__tau_0p25__smap__SMAP_G-1__seed1109,tau_0p25,smap,SMAP_G-1,1109,pending,,
grasp_protocol_v3__tau_0p25__smap__SMAP_G-2__seed1109,tau_0p25,smap,SMAP_G-2,1109,pending,,
grasp_protocol_v3__tau_0p25__smap__SMAP_G-3__seed1109,tau_0p25,smap,SMAP_G-3,1109,pending,,
grasp_protocol_v3__tau_0p25__smap__SMAP_G-4__seed1109,tau_0p25,smap,SMAP_G-4,1109,pending,,
grasp_protocol_v3__tau_0p25__smap__SMAP_G-6__seed1109,tau_0p25,smap,SMAP_G-6,1109,pending,,
grasp_protocol_v3__tau_0p25__smap__SMAP_G-7__seed1109,tau_0p25,smap,SMAP_G-7,1109,pending,,
grasp_protocol_v3__tau_0p25__smap__SMAP_P-1__seed1109,tau_0p25,smap,SMAP_P-1,1109,pending,,
grasp_protocol_v3__tau_0p25__smap__SMAP_P-2__seed1109,tau_0p25,smap,SMAP_P-2,1109,pending,,
grasp_protocol_v3__tau_0p25__smap__SMAP_P-3__seed1109,tau_0p25,smap,SMAP_P-3,1109,pending,,
grasp_protocol_v3__tau_0p25__smap__SMAP_P-4__seed1109,tau_0p25,smap,SMAP_P-4,1109,pending,,
grasp_protocol_v3__tau_0p25__smap__SMAP_R-1__seed1109,tau_0p25,smap,SMAP_R-1,1109,pending,,
grasp_protocol_v3__tau_0p25__smap__SMAP_S-1__seed1109,tau_0p25,smap,SMAP_S-1,1109,pending,,
grasp_protocol_v3__tau_0p25__smap__SMAP_T-1__seed1109,tau_0p25,smap,SMAP_T-1,1109,pending,,
grasp_protocol_v3__tau_0p25__smap__SMAP_T-2__seed1109,tau_0p25,smap,SMAP_T-2,1109,pending,,
grasp_protocol_v3__tau_0p25__smap__SMAP_T-3__seed1109,tau_0p25,smap,SMAP_T-3,1109,pending,,
grasp_protocol_v3__tau_0p5__smap__SMAP_A-1__seed1109,tau_0p5,smap,SMAP_A-1,1109,pending,,
grasp_protocol_v3__tau_0p5__smap__SMAP_A-2__seed1109,tau_0p5,smap,SMAP_A-2,1109,pending,,
grasp_protocol_v3__tau_0p5__smap__SMAP_A-3__seed1109,tau_0p5,smap,SMAP_A-3,1109,pending,,
grasp_protocol_v3__tau_0p5__smap__SMAP_A-4__seed1109,tau_0p5,smap,SMAP_A-4,1109,pending,,
grasp_protocol_v3__tau_0p5__smap__SMAP_A-5__seed1109,tau_0p5,smap,SMAP_A-5,1109,pending,,
grasp_protocol_v3__tau_0p5__smap__SMAP_A-6__seed1109,tau_0p5,smap,SMAP_A-6,1109,pending,,
grasp_protocol_v3__tau_0p5__smap__SMAP_A-7__seed1109,tau_0p5,smap,SMAP_A-7,1109,pending,,
grasp_protocol_v3__tau_0p5__smap__SMAP_A-8__seed1109,tau_0p5,smap,SMAP_A-8,1109,pending,,
grasp_protocol_v3__tau_0p5__smap__SMAP_A-9__seed1109,tau_0p5,smap,SMAP_A-9,1109,pending,,
grasp_protocol_v3__tau_0p5__smap__SMAP_B-1__seed1109,tau_0p5,smap,SMAP_B-1,1109,pending,,
grasp_protocol_v3__tau_0p5__smap__SMAP_D-11__seed1109,tau_0p5,smap,SMAP_D-11,1109,pending,,
grasp_protocol_v3__tau_0p5__smap__SMAP_D-1__seed1109,tau_0p5,smap,SMAP_D-1,1109,pending,,
grasp_protocol_v3__tau_0p5__smap__SMAP_D-2__seed1109,tau_0p5,smap,SMAP_D-2,1109,pending,,
grasp_protocol_v3__tau_0p5__smap__SMAP_D-3__seed1109,tau_0p5,smap,SMAP_D-3,1109,pending,,
grasp_protocol_v3__tau_0p5__smap__SMAP_D-4__seed1109,tau_0p5,smap,SMAP_D-4,1109,pending,,
grasp_protocol_v3__tau_0p5__smap__SMAP_D-5__seed1109,tau_0p5,smap,SMAP_D-5,1109,pending,,
grasp_protocol_v3__tau_0p5__smap__SMAP_D-6__seed1109,tau_0p5,smap,SMAP_D-6,1109,pending,,
grasp_protocol_v3__tau_0p5__smap__SMAP_D-7__seed1109,tau_0p5,smap,SMAP_D-7,1109,pending,,
grasp_protocol_v3__tau_0p5__smap__SMAP_D-8__seed1109,tau_0p5,smap,SMAP_D-8,1109,pending,,
grasp_protocol_v3__tau_0p5__smap__SMAP_D-9__seed1109,tau_0p5,smap,SMAP_D-9,1109,pending,,
grasp_protocol_v3__tau_0p5__smap__SMAP_E-10__seed1109,tau_0p5,smap,SMAP_E-10,1109,pending,,
grasp_protocol_v3__tau_0p5__smap__SMAP_E-11__seed1109,tau_0p5,smap,SMAP_E-11,1109,pending,,
grasp_protocol_v3__tau_0p5__smap__SMAP_E-12__seed1109,tau_0p5,smap,SMAP_E-12,1109,pending,,
grasp_protocol_v3__tau_0p5__smap__SMAP_E-13__seed1109,tau_0p5,smap,SMAP_E-13,1109,pending,,
grasp_protocol_v3__tau_0p5__smap__SMAP_E-1__seed1109,tau_0p5,smap,SMAP_E-1,1109,pending,,
grasp_protocol_v3__tau_0p5__smap__SMAP_E-2__seed1109,tau_0p5,smap,SMAP_E-2,1109,pending,,
grasp_protocol_v3__tau_0p5__smap__SMAP_E-3__seed1109,tau_0p5,smap,SMAP_E-3,1109,pending,,
grasp_protocol_v3__tau_0p5__smap__SMAP_E-4__seed1109,tau_0p5,smap,SMAP_E-4,1109,pending,,
grasp_protocol_v3__tau_0p5__smap__SMAP_E-5__seed1109,tau_0p5,smap,SMAP_E-5,1109,pending,,
grasp_protocol_v3__tau_0p5__smap__SMAP_E-6__seed1109,tau_0p5,smap,SMAP_E-6,1109,pending,,
grasp_protocol_v3__tau_0p5__smap__SMAP_E-7__seed1109,tau_0p5,smap,SMAP_E-7,1109,pending,,
grasp_protocol_v3__tau_0p5__smap__SMAP_E-8__seed1109,tau_0p5,smap,SMAP_E-8,1109,pending,,
grasp_protocol_v3__tau_0p5__smap__SMAP_E-9__seed1109,tau_0p5,smap,SMAP_E-9,1109,pending,,
grasp_protocol_v3__tau_0p5__smap__SMAP_F-1__seed1109,tau_0p5,smap,SMAP_F-1,1109,pending,,
grasp_protocol_v3__tau_0p5__smap__SMAP_F-2__seed1109,tau_0p5,smap,SMAP_F-2,1109,pending,,
grasp_protocol_v3__tau_0p5__smap__SMAP_F-3__seed1109,tau_0p5,smap,SMAP_F-3,1109,pending,,
grasp_protocol_v3__tau_0p5__smap__SMAP_G-1__seed1109,tau_0p5,smap,SMAP_G-1,1109,pending,,
grasp_protocol_v3__tau_0p5__smap__SMAP_G-2__seed1109,tau_0p5,smap,SMAP_G-2,1109,pending,,
grasp_protocol_v3__tau_0p5__smap__SMAP_G-3__seed1109,tau_0p5,smap,SMAP_G-3,1109,pending,,
grasp_protocol_v3__tau_0p5__smap__SMAP_G-4__seed1109,tau_0p5,smap,SMAP_G-4,1109,pending,,
grasp_protocol_v3__tau_0p5__smap__SMAP_G-6__seed1109,tau_0p5,smap,SMAP_G-6,1109,pending,,
grasp_protocol_v3__tau_0p5__smap__SMAP_G-7__seed1109,tau_0p5,smap,SMAP_G-7,1109,pending,,
grasp_protocol_v3__tau_0p5__smap__SMAP_P-1__seed1109,tau_0p5,smap,SMAP_P-1,1109,pending,,
grasp_protocol_v3__tau_0p5__smap__SMAP_P-2__seed1109,tau_0p5,smap,SMAP_P-2,1109,pending,,
grasp_protocol_v3__tau_0p5__smap__SMAP_P-3__seed1109,tau_0p5,smap,SMAP_P-3,1109,pending,,
grasp_protocol_v3__tau_0p5__smap__SMAP_P-4__seed1109,tau_0p5,smap,SMAP_P-4,1109,pending,,
grasp_protocol_v3__tau_0p5__smap__SMAP_R-1__seed1109,tau_0p5,smap,SMAP_R-1,1109,pending,,
grasp_protocol_v3__tau_0p5__smap__SMAP_S-1__seed1109,tau_0p5,smap,SMAP_S-1,1109,pending,,
grasp_protocol_v3__tau_0p5__smap__SMAP_T-1__seed1109,tau_0p5,smap,SMAP_T-1,1109,pending,,
grasp_protocol_v3__tau_0p5__smap__SMAP_T-2__seed1109,tau_0p5,smap,SMAP_T-2,1109,pending,,
grasp_protocol_v3__tau_0p5__smap__SMAP_T-3__seed1109,tau_0p5,smap,SMAP_T-3,1109,pending,,
grasp_protocol_v3__tau_1__smap__SMAP_A-1__seed1109,tau_1,smap,SMAP_A-1,1109,pending,,
grasp_protocol_v3__tau_1__smap__SMAP_A-2__seed1109,tau_1,smap,SMAP_A-2,1109,pending,,
grasp_protocol_v3__tau_1__smap__SMAP_A-3__seed1109,tau_1,smap,SMAP_A-3,1109,pending,,
grasp_protocol_v3__tau_1__smap__SMAP_A-4__seed1109,tau_1,smap,SMAP_A-4,1109,pending,,
grasp_protocol_v3__tau_1__smap__SMAP_A-5__seed1109,tau_1,smap,SMAP_A-5,1109,pending,,
grasp_protocol_v3__tau_1__smap__SMAP_A-6__seed1109,tau_1,smap,SMAP_A-6,1109,pending,,
grasp_protocol_v3__tau_1__smap__SMAP_A-7__seed1109,tau_1,smap,SMAP_A-7,1109,pending,,
grasp_protocol_v3__tau_1__smap__SMAP_A-8__seed1109,tau_1,smap,SMAP_A-8,1109,pending,,
grasp_protocol_v3__tau_1__smap__SMAP_A-9__seed1109,tau_1,smap,SMAP_A-9,1109,pending,,
grasp_protocol_v3__tau_1__smap__SMAP_B-1__seed1109,tau_1,smap,SMAP_B-1,1109,pending,,
grasp_protocol_v3__tau_1__smap__SMAP_D-11__seed1109,tau_1,smap,SMAP_D-11,1109,pending,,
grasp_protocol_v3__tau_1__smap__SMAP_D-1__seed1109,tau_1,smap,SMAP_D-1,1109,pending,,
grasp_protocol_v3__tau_1__smap__SMAP_D-2__seed1109,tau_1,smap,SMAP_D-2,1109,pending,,
grasp_protocol_v3__tau_1__smap__SMAP_D-3__seed1109,tau_1,smap,SMAP_D-3,1109,pending,,
grasp_protocol_v3__tau_1__smap__SMAP_D-4__seed1109,tau_1,smap,SMAP_D-4,1109,pending,,
grasp_protocol_v3__tau_1__smap__SMAP_D-5__seed1109,tau_1,smap,SMAP_D-5,1109,pending,,
grasp_protocol_v3__tau_1__smap__SMAP_D-6__seed1109,tau_1,smap,SMAP_D-6,1109,pending,,
grasp_protocol_v3__tau_1__smap__SMAP_D-7__seed1109,tau_1,smap,SMAP_D-7,1109,pending,,
grasp_protocol_v3__tau_1__smap__SMAP_D-8__seed1109,tau_1,smap,SMAP_D-8,1109,pending,,
grasp_protocol_v3__tau_1__smap__SMAP_D-9__seed1109,tau_1,smap,SMAP_D-9,1109,pending,,
grasp_protocol_v3__tau_1__smap__SMAP_E-10__seed1109,tau_1,smap,SMAP_E-10,1109,pending,,
grasp_protocol_v3__tau_1__smap__SMAP_E-11__seed1109,tau_1,smap,SMAP_E-11,1109,pending,,
grasp_protocol_v3__tau_1__smap__SMAP_E-12__seed1109,tau_1,smap,SMAP_E-12,1109,pending,,
grasp_protocol_v3__tau_1__smap__SMAP_E-13__seed1109,tau_1,smap,SMAP_E-13,1109,pending,,
grasp_protocol_v3__tau_1__smap__SMAP_E-1__seed1109,tau_1,smap,SMAP_E-1,1109,pending,,
grasp_protocol_v3__tau_1__smap__SMAP_E-2__seed1109,tau_1,smap,SMAP_E-2,1109,pending,,
grasp_protocol_v3__tau_1__smap__SMAP_E-3__seed1109,tau_1,smap,SMAP_E-3,1109,pending,,
grasp_protocol_v3__tau_1__smap__SMAP_E-4__seed1109,tau_1,smap,SMAP_E-4,1109,pending,,
grasp_protocol_v3__tau_1__smap__SMAP_E-5__seed1109,tau_1,smap,SMAP_E-5,1109,pending,,
grasp_protocol_v3__tau_1__smap__SMAP_E-6__seed1109,tau_1,smap,SMAP_E-6,1109,pending,,
grasp_protocol_v3__tau_1__smap__SMAP_E-7__seed1109,tau_1,smap,SMAP_E-7,1109,pending,,
grasp_protocol_v3__tau_1__smap__SMAP_E-8__seed1109,tau_1,smap,SMAP_E-8,1109,pending,,
grasp_protocol_v3__tau_1__smap__SMAP_E-9__seed1109,tau_1,smap,SMAP_E-9,1109,pending,,
grasp_protocol_v3__tau_1__smap__SMAP_F-1__seed1109,tau_1,smap,SMAP_F-1,1109,pending,,
grasp_protocol_v3__tau_1__smap__SMAP_F-2__seed1109,tau_1,smap,SMAP_F-2,1109,pending,,
grasp_protocol_v3__tau_1__smap__SMAP_F-3__seed1109,tau_1,smap,SMAP_F-3,1109,pending,,
grasp_protocol_v3__tau_1__smap__SMAP_G-1__seed1109,tau_1,smap,SMAP_G-1,1109,pending,,
grasp_protocol_v3__tau_1__smap__SMAP_G-2__seed1109,tau_1,smap,SMAP_G-2,1109,pending,,
grasp_protocol_v3__tau_1__smap__SMAP_G-3__seed1109,tau_1,smap,SMAP_G-3,1109,pending,,
grasp_protocol_v3__tau_1__smap__SMAP_G-4__seed1109,tau_1,smap,SMAP_G-4,1109,pending,,
grasp_protocol_v3__tau_1__smap__SMAP_G-6__seed1109,tau_1,smap,SMAP_G-6,1109,pending,,
grasp_protocol_v3__tau_1__smap__SMAP_G-7__seed1109,tau_1,smap,SMAP_G-7,1109,pending,,
grasp_protocol_v3__tau_1__smap__SMAP_P-1__seed1109,tau_1,smap,SMAP_P-1,1109,pending,,
grasp_protocol_v3__tau_1__smap__SMAP_P-2__seed1109,tau_1,smap,SMAP_P-2,1109,pending,,
grasp_protocol_v3__tau_1__smap__SMAP_P-3__seed1109,tau_1,smap,SMAP_P-3,1109,pending,,
grasp_protocol_v3__tau_1__smap__SMAP_P-4__seed1109,tau_1,smap,SMAP_P-4,1109,pending,,
grasp_protocol_v3__tau_1__smap__SMAP_R-1__seed1109,tau_1,smap,SMAP_R-1,1109,pending,,
grasp_protocol_v3__tau_1__smap__SMAP_S-1__seed1109,tau_1,smap,SMAP_S-1,1109,pending,,
grasp_protocol_v3__tau_1__smap__SMAP_T-1__seed1109,tau_1,smap,SMAP_T-1,1109,pending,,
grasp_protocol_v3__tau_1__smap__SMAP_T-2__seed1109,tau_1,smap,SMAP_T-2,1109,pending,,
grasp_protocol_v3__tau_1__smap__SMAP_T-3__seed1109,tau_1,smap,SMAP_T-3,1109,pending,,
grasp_protocol_v3__tau_4__smap__SMAP_A-1__seed1109,tau_4,smap,SMAP_A-1,1109,pending,,
grasp_protocol_v3__tau_4__smap__SMAP_A-2__seed1109,tau_4,smap,SMAP_A-2,1109,pending,,
grasp_protocol_v3__tau_4__smap__SMAP_A-3__seed1109,tau_4,smap,SMAP_A-3,1109,pending,,
grasp_protocol_v3__tau_4__smap__SMAP_A-4__seed1109,tau_4,smap,SMAP_A-4,1109,pending,,
grasp_protocol_v3__tau_4__smap__SMAP_A-5__seed1109,tau_4,smap,SMAP_A-5,1109,pending,,
grasp_protocol_v3__tau_4__smap__SMAP_A-6__seed1109,tau_4,smap,SMAP_A-6,1109,pending,,
grasp_protocol_v3__tau_4__smap__SMAP_A-7__seed1109,tau_4,smap,SMAP_A-7,1109,pending,,
grasp_protocol_v3__tau_4__smap__SMAP_A-8__seed1109,tau_4,smap,SMAP_A-8,1109,pending,,
grasp_protocol_v3__tau_4__smap__SMAP_A-9__seed1109,tau_4,smap,SMAP_A-9,1109,pending,,
grasp_protocol_v3__tau_4__smap__SMAP_B-1__seed1109,tau_4,smap,SMAP_B-1,1109,pending,,
grasp_protocol_v3__tau_4__smap__SMAP_D-11__seed1109,tau_4,smap,SMAP_D-11,1109,pending,,
grasp_protocol_v3__tau_4__smap__SMAP_D-1__seed1109,tau_4,smap,SMAP_D-1,1109,pending,,
grasp_protocol_v3__tau_4__smap__SMAP_D-2__seed1109,tau_4,smap,SMAP_D-2,1109,pending,,
grasp_protocol_v3__tau_4__smap__SMAP_D-3__seed1109,tau_4,smap,SMAP_D-3,1109,pending,,
grasp_protocol_v3__tau_4__smap__SMAP_D-4__seed1109,tau_4,smap,SMAP_D-4,1109,pending,,
grasp_protocol_v3__tau_4__smap__SMAP_D-5__seed1109,tau_4,smap,SMAP_D-5,1109,pending,,
grasp_protocol_v3__tau_4__smap__SMAP_D-6__seed1109,tau_4,smap,SMAP_D-6,1109,pending,,
grasp_protocol_v3__tau_4__smap__SMAP_D-7__seed1109,tau_4,smap,SMAP_D-7,1109,pending,,
grasp_protocol_v3__tau_4__smap__SMAP_D-8__seed1109,tau_4,smap,SMAP_D-8,1109,pending,,
grasp_protocol_v3__tau_4__smap__SMAP_D-9__seed1109,tau_4,smap,SMAP_D-9,1109,pending,,
grasp_protocol_v3__tau_4__smap__SMAP_E-10__seed1109,tau_4,smap,SMAP_E-10,1109,pending,,
grasp_protocol_v3__tau_4__smap__SMAP_E-11__seed1109,tau_4,smap,SMAP_E-11,1109,pending,,
grasp_protocol_v3__tau_4__smap__SMAP_E-12__seed1109,tau_4,smap,SMAP_E-12,1109,pending,,
grasp_protocol_v3__tau_4__smap__SMAP_E-13__seed1109,tau_4,smap,SMAP_E-13,1109,pending,,
grasp_protocol_v3__tau_4__smap__SMAP_E-1__seed1109,tau_4,smap,SMAP_E-1,1109,pending,,
grasp_protocol_v3__tau_4__smap__SMAP_E-2__seed1109,tau_4,smap,SMAP_E-2,1109,pending,,
grasp_protocol_v3__tau_4__smap__SMAP_E-3__seed1109,tau_4,smap,SMAP_E-3,1109,pending,,
grasp_protocol_v3__tau_4__smap__SMAP_E-4__seed1109,tau_4,smap,SMAP_E-4,1109,pending,,
grasp_protocol_v3__tau_4__smap__SMAP_E-5__seed1109,tau_4,smap,SMAP_E-5,1109,pending,,
grasp_protocol_v3__tau_4__smap__SMAP_E-6__seed1109,tau_4,smap,SMAP_E-6,1109,pending,,
grasp_protocol_v3__tau_4__smap__SMAP_E-7__seed1109,tau_4,smap,SMAP_E-7,1109,pending,,
grasp_protocol_v3__tau_4__smap__SMAP_E-8__seed1109,tau_4,smap,SMAP_E-8,1109,pending,,
grasp_protocol_v3__tau_4__smap__SMAP_E-9__seed1109,tau_4,smap,SMAP_E-9,1109,pending,,
grasp_protocol_v3__tau_4__smap__SMAP_F-1__seed1109,tau_4,smap,SMAP_F-1,1109,pending,,
grasp_protocol_v3__tau_4__smap__SMAP_F-2__seed1109,tau_4,smap,SMAP_F-2,1109,pending,,
grasp_protocol_v3__tau_4__smap__SMAP_F-3__seed1109,tau_4,smap,SMAP_F-3,1109,pending,,
grasp_protocol_v3__tau_4__smap__SMAP_G-1__seed1109,tau_4,smap,SMAP_G-1,1109,pending,,
grasp_protocol_v3__tau_4__smap__SMAP_G-2__seed1109,tau_4,smap,SMAP_G-2,1109,pending,,
grasp_protocol_v3__tau_4__smap__SMAP_G-3__seed1109,tau_4,smap,SMAP_G-3,1109,pending,,
grasp_protocol_v3__tau_4__smap__SMAP_G-4__seed1109,tau_4,smap,SMAP_G-4,1109,pending,,
grasp_protocol_v3__tau_4__smap__SMAP_G-6__seed1109,tau_4,smap,SMAP_G-6,1109,pending,,
grasp_protocol_v3__tau_4__smap__SMAP_G-7__seed1109,tau_4,smap,SMAP_G-7,1109,pending,,
grasp_protocol_v3__tau_4__smap__SMAP_P-1__seed1109,tau_4,smap,SMAP_P-1,1109,pending,,
grasp_protocol_v3__tau_4__smap__SMAP_P-2__seed1109,tau_4,smap,SMAP_P-2,1109,pending,,
grasp_protocol_v3__tau_4__smap__SMAP_P-3__seed1109,tau_4,smap,SMAP_P-3,1109,pending,,
grasp_protocol_v3__tau_4__smap__SMAP_P-4__seed1109,tau_4,smap,SMAP_P-4,1109,pending,,
grasp_protocol_v3__tau_4__smap__SMAP_R-1__seed1109,tau_4,smap,SMAP_R-1,1109,pending,,
grasp_protocol_v3__tau_4__smap__SMAP_S-1__seed1109,tau_4,smap,SMAP_S-1,1109,pending,,
grasp_protocol_v3__tau_4__smap__SMAP_T-1__seed1109,tau_4,smap,SMAP_T-1,1109,pending,,
grasp_protocol_v3__tau_4__smap__SMAP_T-2__seed1109,tau_4,smap,SMAP_T-2,1109,pending,,
grasp_protocol_v3__tau_4__smap__SMAP_T-3__seed1109,tau_4,smap,SMAP_T-3,1109,pending,,
grasp_protocol_v3__tau_8__smap__SMAP_A-1__seed1109,tau_8,smap,SMAP_A-1,1109,pending,,
grasp_protocol_v3__tau_8__smap__SMAP_A-2__seed1109,tau_8,smap,SMAP_A-2,1109,pending,,
grasp_protocol_v3__tau_8__smap__SMAP_A-3__seed1109,tau_8,smap,SMAP_A-3,1109,pending,,
grasp_protocol_v3__tau_8__smap__SMAP_A-4__seed1109,tau_8,smap,SMAP_A-4,1109,pending,,
grasp_protocol_v3__tau_8__smap__SMAP_A-5__seed1109,tau_8,smap,SMAP_A-5,1109,pending,,
grasp_protocol_v3__tau_8__smap__SMAP_A-6__seed1109,tau_8,smap,SMAP_A-6,1109,pending,,
grasp_protocol_v3__tau_8__smap__SMAP_A-7__seed1109,tau_8,smap,SMAP_A-7,1109,pending,,
grasp_protocol_v3__tau_8__smap__SMAP_A-8__seed1109,tau_8,smap,SMAP_A-8,1109,pending,,
grasp_protocol_v3__tau_8__smap__SMAP_A-9__seed1109,tau_8,smap,SMAP_A-9,1109,pending,,
grasp_protocol_v3__tau_8__smap__SMAP_B-1__seed1109,tau_8,smap,SMAP_B-1,1109,pending,,
grasp_protocol_v3__tau_8__smap__SMAP_D-11__seed1109,tau_8,smap,SMAP_D-11,1109,pending,,
grasp_protocol_v3__tau_8__smap__SMAP_D-1__seed1109,tau_8,smap,SMAP_D-1,1109,pending,,
grasp_protocol_v3__tau_8__smap__SMAP_D-2__seed1109,tau_8,smap,SMAP_D-2,1109,pending,,
grasp_protocol_v3__tau_8__smap__SMAP_D-3__seed1109,tau_8,smap,SMAP_D-3,1109,pending,,
grasp_protocol_v3__tau_8__smap__SMAP_D-4__seed1109,tau_8,smap,SMAP_D-4,1109,pending,,
grasp_protocol_v3__tau_8__smap__SMAP_D-5__seed1109,tau_8,smap,SMAP_D-5,1109,pending,,
grasp_protocol_v3__tau_8__smap__SMAP_D-6__seed1109,tau_8,smap,SMAP_D-6,1109,pending,,
grasp_protocol_v3__tau_8__smap__SMAP_D-7__seed1109,tau_8,smap,SMAP_D-7,1109,pending,,
grasp_protocol_v3__tau_8__smap__SMAP_D-8__seed1109,tau_8,smap,SMAP_D-8,1109,pending,,
grasp_protocol_v3__tau_8__smap__SMAP_D-9__seed1109,tau_8,smap,SMAP_D-9,1109,pending,,
grasp_protocol_v3__tau_8__smap__SMAP_E-10__seed1109,tau_8,smap,SMAP_E-10,1109,pending,,
grasp_protocol_v3__tau_8__smap__SMAP_E-11__seed1109,tau_8,smap,SMAP_E-11,1109,pending,,
grasp_protocol_v3__tau_8__smap__SMAP_E-12__seed1109,tau_8,smap,SMAP_E-12,1109,pending,,
grasp_protocol_v3__tau_8__smap__SMAP_E-13__seed1109,tau_8,smap,SMAP_E-13,1109,pending,,
grasp_protocol_v3__tau_8__smap__SMAP_E-1__seed1109,tau_8,smap,SMAP_E-1,1109,pending,,
grasp_protocol_v3__tau_8__smap__SMAP_E-2__seed1109,tau_8,smap,SMAP_E-2,1109,pending,,
grasp_protocol_v3__tau_8__smap__SMAP_E-3__seed1109,tau_8,smap,SMAP_E-3,1109,pending,,
grasp_protocol_v3__tau_8__smap__SMAP_E-4__seed1109,tau_8,smap,SMAP_E-4,1109,pending,,
grasp_protocol_v3__tau_8__smap__SMAP_E-5__seed1109,tau_8,smap,SMAP_E-5,1109,pending,,
grasp_protocol_v3__tau_8__smap__SMAP_E-6__seed1109,tau_8,smap,SMAP_E-6,1109,pending,,
grasp_protocol_v3__tau_8__smap__SMAP_E-7__seed1109,tau_8,smap,SMAP_E-7,1109,pending,,
grasp_protocol_v3__tau_8__smap__SMAP_E-8__seed1109,tau_8,smap,SMAP_E-8,1109,pending,,
grasp_protocol_v3__tau_8__smap__SMAP_E-9__seed1109,tau_8,smap,SMAP_E-9,1109,pending,,
grasp_protocol_v3__tau_8__smap__SMAP_F-1__seed1109,tau_8,smap,SMAP_F-1,1109,pending,,
grasp_protocol_v3__tau_8__smap__SMAP_F-2__seed1109,tau_8,smap,SMAP_F-2,1109,pending,,
grasp_protocol_v3__tau_8__smap__SMAP_F-3__seed1109,tau_8,smap,SMAP_F-3,1109,pending,,
grasp_protocol_v3__tau_8__smap__SMAP_G-1__seed1109,tau_8,smap,SMAP_G-1,1109,pending,,
grasp_protocol_v3__tau_8__smap__SMAP_G-2__seed1109,tau_8,smap,SMAP_G-2,1109,pending,,
grasp_protocol_v3__tau_8__smap__SMAP_G-3__seed1109,tau_8,smap,SMAP_G-3,1109,pending,,
grasp_protocol_v3__tau_8__smap__SMAP_G-4__seed1109,tau_8,smap,SMAP_G-4,1109,pending,,
grasp_protocol_v3__tau_8__smap__SMAP_G-6__seed1109,tau_8,smap,SMAP_G-6,1109,pending,,
grasp_protocol_v3__tau_8__smap__SMAP_G-7__seed1109,tau_8,smap,SMAP_G-7,1109,pending,,
grasp_protocol_v3__tau_8__smap__SMAP_P-1__seed1109,tau_8,smap,SMAP_P-1,1109,pending,,
grasp_protocol_v3__tau_8__smap__SMAP_P-2__seed1109,tau_8,smap,SMAP_P-2,1109,pending,,
grasp_protocol_v3__tau_8__smap__SMAP_P-3__seed1109,tau_8,smap,SMAP_P-3,1109,pending,,
grasp_protocol_v3__tau_8__smap__SMAP_P-4__seed1109,tau_8,smap,SMAP_P-4,1109,pending,,
grasp_protocol_v3__tau_8__smap__SMAP_R-1__seed1109,tau_8,smap,SMAP_R-1,1109,pending,,
grasp_protocol_v3__tau_8__smap__SMAP_S-1__seed1109,tau_8,smap,SMAP_S-1,1109,pending,,
grasp_protocol_v3__tau_8__smap__SMAP_T-1__seed1109,tau_8,smap,SMAP_T-1,1109,pending,,
grasp_protocol_v3__tau_8__smap__SMAP_T-2__seed1109,tau_8,smap,SMAP_T-2,1109,pending,,
grasp_protocol_v3__tau_8__smap__SMAP_T-3__seed1109,tau_8,smap,SMAP_T-3,1109,pending,,
grasp_protocol_v3__gnn__smap__SMAP_A-1__seed1110,gnn,smap,SMAP_A-1,1110,pending,,
grasp_protocol_v3__gnn__smap__SMAP_A-2__seed1110,gnn,smap,SMAP_A-2,1110,pending,,
grasp_protocol_v3__gnn__smap__SMAP_A-3__seed1110,gnn,smap,SMAP_A-3,1110,pending,,
grasp_protocol_v3__gnn__smap__SMAP_A-4__seed1110,gnn,smap,SMAP_A-4,1110,pending,,
grasp_protocol_v3__gnn__smap__SMAP_A-5__seed1110,gnn,smap,SMAP_A-5,1110,pending,,
grasp_protocol_v3__gnn__smap__SMAP_A-6__seed1110,gnn,smap,SMAP_A-6,1110,pending,,
grasp_protocol_v3__gnn__smap__SMAP_A-7__seed1110,gnn,smap,SMAP_A-7,1110,pending,,
grasp_protocol_v3__gnn__smap__SMAP_A-8__seed1110,gnn,smap,SMAP_A-8,1110,pending,,
grasp_protocol_v3__gnn__smap__SMAP_A-9__seed1110,gnn,smap,SMAP_A-9,1110,pending,,
grasp_protocol_v3__gnn__smap__SMAP_B-1__seed1110,gnn,smap,SMAP_B-1,1110,pending,,
grasp_protocol_v3__gnn__smap__SMAP_D-11__seed1110,gnn,smap,SMAP_D-11,1110,pending,,
grasp_protocol_v3__gnn__smap__SMAP_D-1__seed1110,gnn,smap,SMAP_D-1,1110,pending,,
grasp_protocol_v3__gnn__smap__SMAP_D-2__seed1110,gnn,smap,SMAP_D-2,1110,pending,,
grasp_protocol_v3__gnn__smap__SMAP_D-3__seed1110,gnn,smap,SMAP_D-3,1110,pending,,
grasp_protocol_v3__gnn__smap__SMAP_D-4__seed1110,gnn,smap,SMAP_D-4,1110,pending,,
grasp_protocol_v3__gnn__smap__SMAP_D-5__seed1110,gnn,smap,SMAP_D-5,1110,pending,,
grasp_protocol_v3__gnn__smap__SMAP_D-6__seed1110,gnn,smap,SMAP_D-6,1110,pending,,
grasp_protocol_v3__gnn__smap__SMAP_D-7__seed1110,gnn,smap,SMAP_D-7,1110,pending,,
grasp_protocol_v3__gnn__smap__SMAP_D-8__seed1110,gnn,smap,SMAP_D-8,1110,pending,,
grasp_protocol_v3__gnn__smap__SMAP_D-9__seed1110,gnn,smap,SMAP_D-9,1110,pending,,
grasp_protocol_v3__gnn__smap__SMAP_E-10__seed1110,gnn,smap,SMAP_E-10,1110,pending,,
grasp_protocol_v3__gnn__smap__SMAP_E-11__seed1110,gnn,smap,SMAP_E-11,1110,pending,,
grasp_protocol_v3__gnn__smap__SMAP_E-12__seed1110,gnn,smap,SMAP_E-12,1110,pending,,
grasp_protocol_v3__gnn__smap__SMAP_E-13__seed1110,gnn,smap,SMAP_E-13,1110,pending,,
grasp_protocol_v3__gnn__smap__SMAP_E-1__seed1110,gnn,smap,SMAP_E-1,1110,pending,,
grasp_protocol_v3__gnn__smap__SMAP_E-2__seed1110,gnn,smap,SMAP_E-2,1110,pending,,
grasp_protocol_v3__gnn__smap__SMAP_E-3__seed1110,gnn,smap,SMAP_E-3,1110,pending,,
grasp_protocol_v3__gnn__smap__SMAP_E-4__seed1110,gnn,smap,SMAP_E-4,1110,pending,,
grasp_protocol_v3__gnn__smap__SMAP_E-5__seed1110,gnn,smap,SMAP_E-5,1110,pending,,
grasp_protocol_v3__gnn__smap__SMAP_E-6__seed1110,gnn,smap,SMAP_E-6,1110,pending,,
grasp_protocol_v3__gnn__smap__SMAP_E-7__seed1110,gnn,smap,SMAP_E-7,1110,pending,,
grasp_protocol_v3__gnn__smap__SMAP_E-8__seed1110,gnn,smap,SMAP_E-8,1110,pending,,
grasp_protocol_v3__gnn__smap__SMAP_E-9__seed1110,gnn,smap,SMAP_E-9,1110,pending,,
grasp_protocol_v3__gnn__smap__SMAP_F-1__seed1110,gnn,smap,SMAP_F-1,1110,pending,,
grasp_protocol_v3__gnn__smap__SMAP_F-2__seed1110,gnn,smap,SMAP_F-2,1110,pending,,
grasp_protocol_v3__gnn__smap__SMAP_F-3__seed1110,gnn,smap,SMAP_F-3,1110,pending,,
grasp_protocol_v3__gnn__smap__SMAP_G-1__seed1110,gnn,smap,SMAP_G-1,1110,pending,,
grasp_protocol_v3__gnn__smap__SMAP_G-2__seed1110,gnn,smap,SMAP_G-2,1110,pending,,
grasp_protocol_v3__gnn__smap__SMAP_G-3__seed1110,gnn,smap,SMAP_G-3,1110,pending,,
grasp_protocol_v3__gnn__smap__SMAP_G-4__seed1110,gnn,smap,SMAP_G-4,1110,pending,,
grasp_protocol_v3__gnn__smap__SMAP_G-6__seed1110,gnn,smap,SMAP_G-6,1110,pending,,
grasp_protocol_v3__gnn__smap__SMAP_G-7__seed1110,gnn,smap,SMAP_G-7,1110,pending,,
grasp_protocol_v3__gnn__smap__SMAP_P-1__seed1110,gnn,smap,SMAP_P-1,1110,pending,,
grasp_protocol_v3__gnn__smap__SMAP_P-2__seed1110,gnn,smap,SMAP_P-2,1110,pending,,
grasp_protocol_v3__gnn__smap__SMAP_P-3__seed1110,gnn,smap,SMAP_P-3,1110,pending,,
grasp_protocol_v3__gnn__smap__SMAP_P-4__seed1110,gnn,smap,SMAP_P-4,1110,pending,,
grasp_protocol_v3__gnn__smap__SMAP_R-1__seed1110,gnn,smap,SMAP_R-1,1110,pending,,
grasp_protocol_v3__gnn__smap__SMAP_S-1__seed1110,gnn,smap,SMAP_S-1,1110,pending,,
grasp_protocol_v3__gnn__smap__SMAP_T-1__seed1110,gnn,smap,SMAP_T-1,1110,pending,,
grasp_protocol_v3__gnn__smap__SMAP_T-2__seed1110,gnn,smap,SMAP_T-2,1110,pending,,
grasp_protocol_v3__gnn__smap__SMAP_T-3__seed1110,gnn,smap,SMAP_T-3,1110,pending,,
grasp_protocol_v3__main__smap__SMAP_A-1__seed1110,main,smap,SMAP_A-1,1110,pending,,
grasp_protocol_v3__main__smap__SMAP_A-2__seed1110,main,smap,SMAP_A-2,1110,pending,,
grasp_protocol_v3__main__smap__SMAP_A-3__seed1110,main,smap,SMAP_A-3,1110,pending,,
grasp_protocol_v3__main__smap__SMAP_A-4__seed1110,main,smap,SMAP_A-4,1110,pending,,
grasp_protocol_v3__main__smap__SMAP_A-5__seed1110,main,smap,SMAP_A-5,1110,pending,,
grasp_protocol_v3__main__smap__SMAP_A-6__seed1110,main,smap,SMAP_A-6,1110,pending,,
grasp_protocol_v3__main__smap__SMAP_A-7__seed1110,main,smap,SMAP_A-7,1110,pending,,
grasp_protocol_v3__main__smap__SMAP_A-8__seed1110,main,smap,SMAP_A-8,1110,pending,,
grasp_protocol_v3__main__smap__SMAP_A-9__seed1110,main,smap,SMAP_A-9,1110,pending,,
grasp_protocol_v3__main__smap__SMAP_B-1__seed1110,main,smap,SMAP_B-1,1110,pending,,
grasp_protocol_v3__main__smap__SMAP_D-11__seed1110,main,smap,SMAP_D-11,1110,pending,,
grasp_protocol_v3__main__smap__SMAP_D-1__seed1110,main,smap,SMAP_D-1,1110,pending,,
grasp_protocol_v3__main__smap__SMAP_D-2__seed1110,main,smap,SMAP_D-2,1110,pending,,
grasp_protocol_v3__main__smap__SMAP_D-3__seed1110,main,smap,SMAP_D-3,1110,pending,,
grasp_protocol_v3__main__smap__SMAP_D-4__seed1110,main,smap,SMAP_D-4,1110,pending,,
grasp_protocol_v3__main__smap__SMAP_D-5__seed1110,main,smap,SMAP_D-5,1110,pending,,
grasp_protocol_v3__main__smap__SMAP_D-6__seed1110,main,smap,SMAP_D-6,1110,pending,,
grasp_protocol_v3__main__smap__SMAP_D-7__seed1110,main,smap,SMAP_D-7,1110,pending,,
grasp_protocol_v3__main__smap__SMAP_D-8__seed1110,main,smap,SMAP_D-8,1110,pending,,
grasp_protocol_v3__main__smap__SMAP_D-9__seed1110,main,smap,SMAP_D-9,1110,pending,,
grasp_protocol_v3__main__smap__SMAP_E-10__seed1110,main,smap,SMAP_E-10,1110,pending,,
grasp_protocol_v3__main__smap__SMAP_E-11__seed1110,main,smap,SMAP_E-11,1110,pending,,
grasp_protocol_v3__main__smap__SMAP_E-12__seed1110,main,smap,SMAP_E-12,1110,pending,,
grasp_protocol_v3__main__smap__SMAP_E-13__seed1110,main,smap,SMAP_E-13,1110,pending,,
grasp_protocol_v3__main__smap__SMAP_E-1__seed1110,main,smap,SMAP_E-1,1110,pending,,
grasp_protocol_v3__main__smap__SMAP_E-2__seed1110,main,smap,SMAP_E-2,1110,pending,,
grasp_protocol_v3__main__smap__SMAP_E-3__seed1110,main,smap,SMAP_E-3,1110,pending,,
grasp_protocol_v3__main__smap__SMAP_E-4__seed1110,main,smap,SMAP_E-4,1110,pending,,
grasp_protocol_v3__main__smap__SMAP_E-5__seed1110,main,smap,SMAP_E-5,1110,pending,,
grasp_protocol_v3__main__smap__SMAP_E-6__seed1110,main,smap,SMAP_E-6,1110,pending,,
grasp_protocol_v3__main__smap__SMAP_E-7__seed1110,main,smap,SMAP_E-7,1110,pending,,
grasp_protocol_v3__main__smap__SMAP_E-8__seed1110,main,smap,SMAP_E-8,1110,pending,,
grasp_protocol_v3__main__smap__SMAP_E-9__seed1110,main,smap,SMAP_E-9,1110,pending,,
grasp_protocol_v3__main__smap__SMAP_F-1__seed1110,main,smap,SMAP_F-1,1110,pending,,
grasp_protocol_v3__main__smap__SMAP_F-2__seed1110,main,smap,SMAP_F-2,1110,pending,,
grasp_protocol_v3__main__smap__SMAP_F-3__seed1110,main,smap,SMAP_F-3,1110,pending,,
grasp_protocol_v3__main__smap__SMAP_G-1__seed1110,main,smap,SMAP_G-1,1110,pending,,
grasp_protocol_v3__main__smap__SMAP_G-2__seed1110,main,smap,SMAP_G-2,1110,pending,,
grasp_protocol_v3__main__smap__SMAP_G-3__seed1110,main,smap,SMAP_G-3,1110,pending,,
grasp_protocol_v3__main__smap__SMAP_G-4__seed1110,main,smap,SMAP_G-4,1110,pending,,
grasp_protocol_v3__main__smap__SMAP_G-6__seed1110,main,smap,SMAP_G-6,1110,pending,,
grasp_protocol_v3__main__smap__SMAP_G-7__seed1110,main,smap,SMAP_G-7,1110,pending,,
grasp_protocol_v3__main__smap__SMAP_P-1__seed1110,main,smap,SMAP_P-1,1110,pending,,
grasp_protocol_v3__main__smap__SMAP_P-2__seed1110,main,smap,SMAP_P-2,1110,pending,,
grasp_protocol_v3__main__smap__SMAP_P-3__seed1110,main,smap,SMAP_P-3,1110,pending,,
grasp_protocol_v3__main__smap__SMAP_P-4__seed1110,main,smap,SMAP_P-4,1110,pending,,
grasp_protocol_v3__main__smap__SMAP_R-1__seed1110,main,smap,SMAP_R-1,1110,pending,,
grasp_protocol_v3__main__smap__SMAP_S-1__seed1110,main,smap,SMAP_S-1,1110,pending,,
grasp_protocol_v3__main__smap__SMAP_T-1__seed1110,main,smap,SMAP_T-1,1110,pending,,
grasp_protocol_v3__main__smap__SMAP_T-2__seed1110,main,smap,SMAP_T-2,1110,pending,,
grasp_protocol_v3__main__smap__SMAP_T-3__seed1110,main,smap,SMAP_T-3,1110,pending,,
grasp_protocol_v3__transformer__smap__SMAP_A-1__seed1110,transformer,smap,SMAP_A-1,1110,pending,,
grasp_protocol_v3__transformer__smap__SMAP_A-2__seed1110,transformer,smap,SMAP_A-2,1110,pending,,
grasp_protocol_v3__transformer__smap__SMAP_A-3__seed1110,transformer,smap,SMAP_A-3,1110,pending,,
grasp_protocol_v3__transformer__smap__SMAP_A-4__seed1110,transformer,smap,SMAP_A-4,1110,pending,,
grasp_protocol_v3__transformer__smap__SMAP_A-5__seed1110,transformer,smap,SMAP_A-5,1110,pending,,
grasp_protocol_v3__transformer__smap__SMAP_A-6__seed1110,transformer,smap,SMAP_A-6,1110,pending,,
grasp_protocol_v3__transformer__smap__SMAP_A-7__seed1110,transformer,smap,SMAP_A-7,1110,pending,,
grasp_protocol_v3__transformer__smap__SMAP_A-8__seed1110,transformer,smap,SMAP_A-8,1110,pending,,
grasp_protocol_v3__transformer__smap__SMAP_A-9__seed1110,transformer,smap,SMAP_A-9,1110,pending,,
grasp_protocol_v3__transformer__smap__SMAP_B-1__seed1110,transformer,smap,SMAP_B-1,1110,pending,,
grasp_protocol_v3__transformer__smap__SMAP_D-11__seed1110,transformer,smap,SMAP_D-11,1110,pending,,
grasp_protocol_v3__transformer__smap__SMAP_D-1__seed1110,transformer,smap,SMAP_D-1,1110,pending,,
grasp_protocol_v3__transformer__smap__SMAP_D-2__seed1110,transformer,smap,SMAP_D-2,1110,pending,,
grasp_protocol_v3__transformer__smap__SMAP_D-3__seed1110,transformer,smap,SMAP_D-3,1110,pending,,
grasp_protocol_v3__transformer__smap__SMAP_D-4__seed1110,transformer,smap,SMAP_D-4,1110,pending,,
grasp_protocol_v3__transformer__smap__SMAP_D-5__seed1110,transformer,smap,SMAP_D-5,1110,pending,,
grasp_protocol_v3__transformer__smap__SMAP_D-6__seed1110,transformer,smap,SMAP_D-6,1110,pending,,
grasp_protocol_v3__transformer__smap__SMAP_D-7__seed1110,transformer,smap,SMAP_D-7,1110,pending,,
grasp_protocol_v3__transformer__smap__SMAP_D-8__seed1110,transformer,smap,SMAP_D-8,1110,pending,,
grasp_protocol_v3__transformer__smap__SMAP_D-9__seed1110,transformer,smap,SMAP_D-9,1110,pending,,
grasp_protocol_v3__transformer__smap__SMAP_E-10__seed1110,transformer,smap,SMAP_E-10,1110,pending,,
grasp_protocol_v3__transformer__smap__SMAP_E-11__seed1110,transformer,smap,SMAP_E-11,1110,pending,,
grasp_protocol_v3__transformer__smap__SMAP_E-12__seed1110,transformer,smap,SMAP_E-12,1110,pending,,
grasp_protocol_v3__transformer__smap__SMAP_E-13__seed1110,transformer,smap,SMAP_E-13,1110,pending,,
grasp_protocol_v3__transformer__smap__SMAP_E-1__seed1110,transformer,smap,SMAP_E-1,1110,pending,,
grasp_protocol_v3__transformer__smap__SMAP_E-2__seed1110,transformer,smap,SMAP_E-2,1110,pending,,
grasp_protocol_v3__transformer__smap__SMAP_E-3__seed1110,transformer,smap,SMAP_E-3,1110,pending,,
grasp_protocol_v3__transformer__smap__SMAP_E-4__seed1110,transformer,smap,SMAP_E-4,1110,pending,,
grasp_protocol_v3__transformer__smap__SMAP_E-5__seed1110,transformer,smap,SMAP_E-5,1110,pending,,
grasp_protocol_v3__transformer__smap__SMAP_E-6__seed1110,transformer,smap,SMAP_E-6,1110,pending,,
grasp_protocol_v3__transformer__smap__SMAP_E-7__seed1110,transformer,smap,SMAP_E-7,1110,pending,,
grasp_protocol_v3__transformer__smap__SMAP_E-8__seed1110,transformer,smap,SMAP_E-8,1110,pending,,
grasp_protocol_v3__transformer__smap__SMAP_E-9__seed1110,transformer,smap,SMAP_E-9,1110,pending,,
grasp_protocol_v3__transformer__smap__SMAP_F-1__seed1110,transformer,smap,SMAP_F-1,1110,pending,,
grasp_protocol_v3__transformer__smap__SMAP_F-2__seed1110,transformer,smap,SMAP_F-2,1110,pending,,
grasp_protocol_v3__transformer__smap__SMAP_F-3__seed1110,transformer,smap,SMAP_F-3,1110,pending,,
grasp_protocol_v3__transformer__smap__SMAP_G-1__seed1110,transformer,smap,SMAP_G-1,1110,pending,,
grasp_protocol_v3__transformer__smap__SMAP_G-2__seed1110,transformer,smap,SMAP_G-2,1110,pending,,
grasp_protocol_v3__transformer__smap__SMAP_G-3__seed1110,transformer,smap,SMAP_G-3,1110,pending,,
grasp_protocol_v3__transformer__smap__SMAP_G-4__seed1110,transformer,smap,SMAP_G-4,1110,pending,,
grasp_protocol_v3__transformer__smap__SMAP_G-6__seed1110,transformer,smap,SMAP_G-6,1110,pending,,
grasp_protocol_v3__transformer__smap__SMAP_G-7__seed1110,transformer,smap,SMAP_G-7,1110,pending,,
grasp_protocol_v3__transformer__smap__SMAP_P-1__seed1110,transformer,smap,SMAP_P-1,1110,pending,,
grasp_protocol_v3__transformer__smap__SMAP_P-2__seed1110,transformer,smap,SMAP_P-2,1110,pending,,
grasp_protocol_v3__transformer__smap__SMAP_P-3__seed1110,transformer,smap,SMAP_P-3,1110,pending,,
grasp_protocol_v3__transformer__smap__SMAP_P-4__seed1110,transformer,smap,SMAP_P-4,1110,pending,,
grasp_protocol_v3__transformer__smap__SMAP_R-1__seed1110,transformer,smap,SMAP_R-1,1110,pending,,
grasp_protocol_v3__transformer__smap__SMAP_S-1__seed1110,transformer,smap,SMAP_S-1,1110,pending,,
grasp_protocol_v3__transformer__smap__SMAP_T-1__seed1110,transformer,smap,SMAP_T-1,1110,pending,,
grasp_protocol_v3__transformer__smap__SMAP_T-2__seed1110,transformer,smap,SMAP_T-2,1110,pending,,
grasp_protocol_v3__transformer__smap__SMAP_T-3__seed1110,transformer,smap,SMAP_T-3,1110,pending,,
grasp_protocol_v3__mean__smap__SMAP_A-1__seed1110,mean,smap,SMAP_A-1,1110,pending,,
grasp_protocol_v3__mean__smap__SMAP_A-2__seed1110,mean,smap,SMAP_A-2,1110,pending,,
grasp_protocol_v3__mean__smap__SMAP_A-3__seed1110,mean,smap,SMAP_A-3,1110,pending,,
grasp_protocol_v3__mean__smap__SMAP_A-4__seed1110,mean,smap,SMAP_A-4,1110,pending,,
grasp_protocol_v3__mean__smap__SMAP_A-5__seed1110,mean,smap,SMAP_A-5,1110,pending,,
grasp_protocol_v3__mean__smap__SMAP_A-6__seed1110,mean,smap,SMAP_A-6,1110,pending,,
grasp_protocol_v3__mean__smap__SMAP_A-7__seed1110,mean,smap,SMAP_A-7,1110,pending,,
grasp_protocol_v3__mean__smap__SMAP_A-8__seed1110,mean,smap,SMAP_A-8,1110,pending,,
grasp_protocol_v3__mean__smap__SMAP_A-9__seed1110,mean,smap,SMAP_A-9,1110,pending,,
grasp_protocol_v3__mean__smap__SMAP_B-1__seed1110,mean,smap,SMAP_B-1,1110,pending,,
grasp_protocol_v3__mean__smap__SMAP_D-11__seed1110,mean,smap,SMAP_D-11,1110,pending,,
grasp_protocol_v3__mean__smap__SMAP_D-1__seed1110,mean,smap,SMAP_D-1,1110,pending,,
grasp_protocol_v3__mean__smap__SMAP_D-2__seed1110,mean,smap,SMAP_D-2,1110,pending,,
grasp_protocol_v3__mean__smap__SMAP_D-3__seed1110,mean,smap,SMAP_D-3,1110,pending,,
grasp_protocol_v3__mean__smap__SMAP_D-4__seed1110,mean,smap,SMAP_D-4,1110,pending,,
grasp_protocol_v3__mean__smap__SMAP_D-5__seed1110,mean,smap,SMAP_D-5,1110,pending,,
grasp_protocol_v3__mean__smap__SMAP_D-6__seed1110,mean,smap,SMAP_D-6,1110,pending,,
grasp_protocol_v3__mean__smap__SMAP_D-7__seed1110,mean,smap,SMAP_D-7,1110,pending,,
grasp_protocol_v3__mean__smap__SMAP_D-8__seed1110,mean,smap,SMAP_D-8,1110,pending,,
grasp_protocol_v3__mean__smap__SMAP_D-9__seed1110,mean,smap,SMAP_D-9,1110,pending,,
grasp_protocol_v3__mean__smap__SMAP_E-10__seed1110,mean,smap,SMAP_E-10,1110,pending,,
grasp_protocol_v3__mean__smap__SMAP_E-11__seed1110,mean,smap,SMAP_E-11,1110,pending,,
grasp_protocol_v3__mean__smap__SMAP_E-12__seed1110,mean,smap,SMAP_E-12,1110,pending,,
grasp_protocol_v3__mean__smap__SMAP_E-13__seed1110,mean,smap,SMAP_E-13,1110,pending,,
grasp_protocol_v3__mean__smap__SMAP_E-1__seed1110,mean,smap,SMAP_E-1,1110,pending,,
grasp_protocol_v3__mean__smap__SMAP_E-2__seed1110,mean,smap,SMAP_E-2,1110,pending,,
grasp_protocol_v3__mean__smap__SMAP_E-3__seed1110,mean,smap,SMAP_E-3,1110,pending,,
grasp_protocol_v3__mean__smap__SMAP_E-4__seed1110,mean,smap,SMAP_E-4,1110,pending,,
grasp_protocol_v3__mean__smap__SMAP_E-5__seed1110,mean,smap,SMAP_E-5,1110,pending,,
grasp_protocol_v3__mean__smap__SMAP_E-6__seed1110,mean,smap,SMAP_E-6,1110,pending,,
grasp_protocol_v3__mean__smap__SMAP_E-7__seed1110,mean,smap,SMAP_E-7,1110,pending,,
grasp_protocol_v3__mean__smap__SMAP_E-8__seed1110,mean,smap,SMAP_E-8,1110,pending,,
grasp_protocol_v3__mean__smap__SMAP_E-9__seed1110,mean,smap,SMAP_E-9,1110,pending,,
grasp_protocol_v3__mean__smap__SMAP_F-1__seed1110,mean,smap,SMAP_F-1,1110,pending,,
grasp_protocol_v3__mean__smap__SMAP_F-2__seed1110,mean,smap,SMAP_F-2,1110,pending,,
grasp_protocol_v3__mean__smap__SMAP_F-3__seed1110,mean,smap,SMAP_F-3,1110,pending,,
grasp_protocol_v3__mean__smap__SMAP_G-1__seed1110,mean,smap,SMAP_G-1,1110,pending,,
grasp_protocol_v3__mean__smap__SMAP_G-2__seed1110,mean,smap,SMAP_G-2,1110,pending,,
grasp_protocol_v3__mean__smap__SMAP_G-3__seed1110,mean,smap,SMAP_G-3,1110,pending,,
grasp_protocol_v3__mean__smap__SMAP_G-4__seed1110,mean,smap,SMAP_G-4,1110,pending,,
grasp_protocol_v3__mean__smap__SMAP_G-6__seed1110,mean,smap,SMAP_G-6,1110,pending,,
grasp_protocol_v3__mean__smap__SMAP_G-7__seed1110,mean,smap,SMAP_G-7,1110,pending,,
grasp_protocol_v3__mean__smap__SMAP_P-1__seed1110,mean,smap,SMAP_P-1,1110,pending,,
grasp_protocol_v3__mean__smap__SMAP_P-2__seed1110,mean,smap,SMAP_P-2,1110,pending,,
grasp_protocol_v3__mean__smap__SMAP_P-3__seed1110,mean,smap,SMAP_P-3,1110,pending,,
grasp_protocol_v3__mean__smap__SMAP_P-4__seed1110,mean,smap,SMAP_P-4,1110,pending,,
grasp_protocol_v3__mean__smap__SMAP_R-1__seed1110,mean,smap,SMAP_R-1,1110,pending,,
grasp_protocol_v3__mean__smap__SMAP_S-1__seed1110,mean,smap,SMAP_S-1,1110,pending,,
grasp_protocol_v3__mean__smap__SMAP_T-1__seed1110,mean,smap,SMAP_T-1,1110,pending,,
grasp_protocol_v3__mean__smap__SMAP_T-2__seed1110,mean,smap,SMAP_T-2,1110,pending,,
grasp_protocol_v3__mean__smap__SMAP_T-3__seed1110,mean,smap,SMAP_T-3,1110,pending,,
grasp_protocol_v3__er__smap__SMAP_A-1__seed1110,er,smap,SMAP_A-1,1110,pending,,
grasp_protocol_v3__er__smap__SMAP_A-2__seed1110,er,smap,SMAP_A-2,1110,pending,,
grasp_protocol_v3__er__smap__SMAP_A-3__seed1110,er,smap,SMAP_A-3,1110,pending,,
grasp_protocol_v3__er__smap__SMAP_A-4__seed1110,er,smap,SMAP_A-4,1110,pending,,
grasp_protocol_v3__er__smap__SMAP_A-5__seed1110,er,smap,SMAP_A-5,1110,pending,,
grasp_protocol_v3__er__smap__SMAP_A-6__seed1110,er,smap,SMAP_A-6,1110,pending,,
grasp_protocol_v3__er__smap__SMAP_A-7__seed1110,er,smap,SMAP_A-7,1110,pending,,
grasp_protocol_v3__er__smap__SMAP_A-8__seed1110,er,smap,SMAP_A-8,1110,pending,,
grasp_protocol_v3__er__smap__SMAP_A-9__seed1110,er,smap,SMAP_A-9,1110,pending,,
grasp_protocol_v3__er__smap__SMAP_B-1__seed1110,er,smap,SMAP_B-1,1110,pending,,
grasp_protocol_v3__er__smap__SMAP_D-11__seed1110,er,smap,SMAP_D-11,1110,pending,,
grasp_protocol_v3__er__smap__SMAP_D-1__seed1110,er,smap,SMAP_D-1,1110,pending,,
grasp_protocol_v3__er__smap__SMAP_D-2__seed1110,er,smap,SMAP_D-2,1110,pending,,
grasp_protocol_v3__er__smap__SMAP_D-3__seed1110,er,smap,SMAP_D-3,1110,pending,,
grasp_protocol_v3__er__smap__SMAP_D-4__seed1110,er,smap,SMAP_D-4,1110,pending,,
grasp_protocol_v3__er__smap__SMAP_D-5__seed1110,er,smap,SMAP_D-5,1110,pending,,
grasp_protocol_v3__er__smap__SMAP_D-6__seed1110,er,smap,SMAP_D-6,1110,pending,,
grasp_protocol_v3__er__smap__SMAP_D-7__seed1110,er,smap,SMAP_D-7,1110,pending,,
grasp_protocol_v3__er__smap__SMAP_D-8__seed1110,er,smap,SMAP_D-8,1110,pending,,
grasp_protocol_v3__er__smap__SMAP_D-9__seed1110,er,smap,SMAP_D-9,1110,pending,,
grasp_protocol_v3__er__smap__SMAP_E-10__seed1110,er,smap,SMAP_E-10,1110,pending,,
grasp_protocol_v3__er__smap__SMAP_E-11__seed1110,er,smap,SMAP_E-11,1110,pending,,
grasp_protocol_v3__er__smap__SMAP_E-12__seed1110,er,smap,SMAP_E-12,1110,pending,,
grasp_protocol_v3__er__smap__SMAP_E-13__seed1110,er,smap,SMAP_E-13,1110,pending,,
grasp_protocol_v3__er__smap__SMAP_E-1__seed1110,er,smap,SMAP_E-1,1110,pending,,
grasp_protocol_v3__er__smap__SMAP_E-2__seed1110,er,smap,SMAP_E-2,1110,pending,,
grasp_protocol_v3__er__smap__SMAP_E-3__seed1110,er,smap,SMAP_E-3,1110,pending,,
grasp_protocol_v3__er__smap__SMAP_E-4__seed1110,er,smap,SMAP_E-4,1110,pending,,
grasp_protocol_v3__er__smap__SMAP_E-5__seed1110,er,smap,SMAP_E-5,1110,pending,,
grasp_protocol_v3__er__smap__SMAP_E-6__seed1110,er,smap,SMAP_E-6,1110,pending,,
grasp_protocol_v3__er__smap__SMAP_E-7__seed1110,er,smap,SMAP_E-7,1110,pending,,
grasp_protocol_v3__er__smap__SMAP_E-8__seed1110,er,smap,SMAP_E-8,1110,pending,,
grasp_protocol_v3__er__smap__SMAP_E-9__seed1110,er,smap,SMAP_E-9,1110,pending,,
grasp_protocol_v3__er__smap__SMAP_F-1__seed1110,er,smap,SMAP_F-1,1110,pending,,
grasp_protocol_v3__er__smap__SMAP_F-2__seed1110,er,smap,SMAP_F-2,1110,pending,,
grasp_protocol_v3__er__smap__SMAP_F-3__seed1110,er,smap,SMAP_F-3,1110,pending,,
grasp_protocol_v3__er__smap__SMAP_G-1__seed1110,er,smap,SMAP_G-1,1110,pending,,
grasp_protocol_v3__er__smap__SMAP_G-2__seed1110,er,smap,SMAP_G-2,1110,pending,,
grasp_protocol_v3__er__smap__SMAP_G-3__seed1110,er,smap,SMAP_G-3,1110,pending,,
grasp_protocol_v3__er__smap__SMAP_G-4__seed1110,er,smap,SMAP_G-4,1110,pending,,
grasp_protocol_v3__er__smap__SMAP_G-6__seed1110,er,smap,SMAP_G-6,1110,pending,,
grasp_protocol_v3__er__smap__SMAP_G-7__seed1110,er,smap,SMAP_G-7,1110,pending,,
grasp_protocol_v3__er__smap__SMAP_P-1__seed1110,er,smap,SMAP_P-1,1110,pending,,
grasp_protocol_v3__er__smap__SMAP_P-2__seed1110,er,smap,SMAP_P-2,1110,pending,,
grasp_protocol_v3__er__smap__SMAP_P-3__seed1110,er,smap,SMAP_P-3,1110,pending,,
grasp_protocol_v3__er__smap__SMAP_P-4__seed1110,er,smap,SMAP_P-4,1110,pending,,
grasp_protocol_v3__er__smap__SMAP_R-1__seed1110,er,smap,SMAP_R-1,1110,pending,,
grasp_protocol_v3__er__smap__SMAP_S-1__seed1110,er,smap,SMAP_S-1,1110,pending,,
grasp_protocol_v3__er__smap__SMAP_T-1__seed1110,er,smap,SMAP_T-1,1110,pending,,
grasp_protocol_v3__er__smap__SMAP_T-2__seed1110,er,smap,SMAP_T-2,1110,pending,,
grasp_protocol_v3__er__smap__SMAP_T-3__seed1110,er,smap,SMAP_T-3,1110,pending,,
grasp_protocol_v3__lin__smap__SMAP_A-1__seed1110,lin,smap,SMAP_A-1,1110,pending,,
grasp_protocol_v3__lin__smap__SMAP_A-2__seed1110,lin,smap,SMAP_A-2,1110,pending,,
grasp_protocol_v3__lin__smap__SMAP_A-3__seed1110,lin,smap,SMAP_A-3,1110,pending,,
grasp_protocol_v3__lin__smap__SMAP_A-4__seed1110,lin,smap,SMAP_A-4,1110,pending,,
grasp_protocol_v3__lin__smap__SMAP_A-5__seed1110,lin,smap,SMAP_A-5,1110,pending,,
grasp_protocol_v3__lin__smap__SMAP_A-6__seed1110,lin,smap,SMAP_A-6,1110,pending,,
grasp_protocol_v3__lin__smap__SMAP_A-7__seed1110,lin,smap,SMAP_A-7,1110,pending,,
grasp_protocol_v3__lin__smap__SMAP_A-8__seed1110,lin,smap,SMAP_A-8,1110,pending,,
grasp_protocol_v3__lin__smap__SMAP_A-9__seed1110,lin,smap,SMAP_A-9,1110,pending,,
grasp_protocol_v3__lin__smap__SMAP_B-1__seed1110,lin,smap,SMAP_B-1,1110,pending,,
grasp_protocol_v3__lin__smap__SMAP_D-11__seed1110,lin,smap,SMAP_D-11,1110,pending,,
grasp_protocol_v3__lin__smap__SMAP_D-1__seed1110,lin,smap,SMAP_D-1,1110,pending,,
grasp_protocol_v3__lin__smap__SMAP_D-2__seed1110,lin,smap,SMAP_D-2,1110,pending,,
grasp_protocol_v3__lin__smap__SMAP_D-3__seed1110,lin,smap,SMAP_D-3,1110,pending,,
grasp_protocol_v3__lin__smap__SMAP_D-4__seed1110,lin,smap,SMAP_D-4,1110,pending,,
grasp_protocol_v3__lin__smap__SMAP_D-5__seed1110,lin,smap,SMAP_D-5,1110,pending,,
grasp_protocol_v3__lin__smap__SMAP_D-6__seed1110,lin,smap,SMAP_D-6,1110,pending,,
grasp_protocol_v3__lin__smap__SMAP_D-7__seed1110,lin,smap,SMAP_D-7,1110,pending,,
grasp_protocol_v3__lin__smap__SMAP_D-8__seed1110,lin,smap,SMAP_D-8,1110,pending,,
grasp_protocol_v3__lin__smap__SMAP_D-9__seed1110,lin,smap,SMAP_D-9,1110,pending,,
grasp_protocol_v3__lin__smap__SMAP_E-10__seed1110,lin,smap,SMAP_E-10,1110,pending,,
grasp_protocol_v3__lin__smap__SMAP_E-11__seed1110,lin,smap,SMAP_E-11,1110,pending,,
grasp_protocol_v3__lin__smap__SMAP_E-12__seed1110,lin,smap,SMAP_E-12,1110,pending,,
grasp_protocol_v3__lin__smap__SMAP_E-13__seed1110,lin,smap,SMAP_E-13,1110,pending,,
grasp_protocol_v3__lin__smap__SMAP_E-1__seed1110,lin,smap,SMAP_E-1,1110,pending,,
grasp_protocol_v3__lin__smap__SMAP_E-2__seed1110,lin,smap,SMAP_E-2,1110,pending,,
grasp_protocol_v3__lin__smap__SMAP_E-3__seed1110,lin,smap,SMAP_E-3,1110,pending,,
grasp_protocol_v3__lin__smap__SMAP_E-4__seed1110,lin,smap,SMAP_E-4,1110,pending,,
grasp_protocol_v3__lin__smap__SMAP_E-5__seed1110,lin,smap,SMAP_E-5,1110,pending,,
grasp_protocol_v3__lin__smap__SMAP_E-6__seed1110,lin,smap,SMAP_E-6,1110,pending,,
grasp_protocol_v3__lin__smap__SMAP_E-7__seed1110,lin,smap,SMAP_E-7,1110,pending,,
grasp_protocol_v3__lin__smap__SMAP_E-8__seed1110,lin,smap,SMAP_E-8,1110,pending,,
grasp_protocol_v3__lin__smap__SMAP_E-9__seed1110,lin,smap,SMAP_E-9,1110,pending,,
grasp_protocol_v3__lin__smap__SMAP_F-1__seed1110,lin,smap,SMAP_F-1,1110,pending,,
grasp_protocol_v3__lin__smap__SMAP_F-2__seed1110,lin,smap,SMAP_F-2,1110,pending,,
grasp_protocol_v3__lin__smap__SMAP_F-3__seed1110,lin,smap,SMAP_F-3,1110,pending,,
grasp_protocol_v3__lin__smap__SMAP_G-1__seed1110,lin,smap,SMAP_G-1,1110,pending,,
grasp_protocol_v3__lin__smap__SMAP_G-2__seed1110,lin,smap,SMAP_G-2,1110,pending,,
grasp_protocol_v3__lin__smap__SMAP_G-3__seed1110,lin,smap,SMAP_G-3,1110,pending,,
grasp_protocol_v3__lin__smap__SMAP_G-4__seed1110,lin,smap,SMAP_G-4,1110,pending,,
grasp_protocol_v3__lin__smap__SMAP_G-6__seed1110,lin,smap,SMAP_G-6,1110,pending,,
grasp_protocol_v3__lin__smap__SMAP_G-7__seed1110,lin,smap,SMAP_G-7,1110,pending,,
grasp_protocol_v3__lin__smap__SMAP_P-1__seed1110,lin,smap,SMAP_P-1,1110,pending,,
grasp_protocol_v3__lin__smap__SMAP_P-2__seed1110,lin,smap,SMAP_P-2,1110,pending,,
grasp_protocol_v3__lin__smap__SMAP_P-3__seed1110,lin,smap,SMAP_P-3,1110,pending,,
grasp_protocol_v3__lin__smap__SMAP_P-4__seed1110,lin,smap,SMAP_P-4,1110,pending,,
grasp_protocol_v3__lin__smap__SMAP_R-1__seed1110,lin,smap,SMAP_R-1,1110,pending,,
grasp_protocol_v3__lin__smap__SMAP_S-1__seed1110,lin,smap,SMAP_S-1,1110,pending,,
grasp_protocol_v3__lin__smap__SMAP_T-1__seed1110,lin,smap,SMAP_T-1,1110,pending,,
grasp_protocol_v3__lin__smap__SMAP_T-2__seed1110,lin,smap,SMAP_T-2,1110,pending,,
grasp_protocol_v3__lin__smap__SMAP_T-3__seed1110,lin,smap,SMAP_T-3,1110,pending,,
grasp_protocol_v3__tau_0__smap__SMAP_A-1__seed1110,tau_0,smap,SMAP_A-1,1110,pending,,
grasp_protocol_v3__tau_0__smap__SMAP_A-2__seed1110,tau_0,smap,SMAP_A-2,1110,pending,,
grasp_protocol_v3__tau_0__smap__SMAP_A-3__seed1110,tau_0,smap,SMAP_A-3,1110,pending,,
grasp_protocol_v3__tau_0__smap__SMAP_A-4__seed1110,tau_0,smap,SMAP_A-4,1110,pending,,
grasp_protocol_v3__tau_0__smap__SMAP_A-5__seed1110,tau_0,smap,SMAP_A-5,1110,pending,,
grasp_protocol_v3__tau_0__smap__SMAP_A-6__seed1110,tau_0,smap,SMAP_A-6,1110,pending,,
grasp_protocol_v3__tau_0__smap__SMAP_A-7__seed1110,tau_0,smap,SMAP_A-7,1110,pending,,
grasp_protocol_v3__tau_0__smap__SMAP_A-8__seed1110,tau_0,smap,SMAP_A-8,1110,pending,,
grasp_protocol_v3__tau_0__smap__SMAP_A-9__seed1110,tau_0,smap,SMAP_A-9,1110,pending,,
grasp_protocol_v3__tau_0__smap__SMAP_B-1__seed1110,tau_0,smap,SMAP_B-1,1110,pending,,
grasp_protocol_v3__tau_0__smap__SMAP_D-11__seed1110,tau_0,smap,SMAP_D-11,1110,pending,,
grasp_protocol_v3__tau_0__smap__SMAP_D-1__seed1110,tau_0,smap,SMAP_D-1,1110,pending,,
grasp_protocol_v3__tau_0__smap__SMAP_D-2__seed1110,tau_0,smap,SMAP_D-2,1110,pending,,
grasp_protocol_v3__tau_0__smap__SMAP_D-3__seed1110,tau_0,smap,SMAP_D-3,1110,pending,,
grasp_protocol_v3__tau_0__smap__SMAP_D-4__seed1110,tau_0,smap,SMAP_D-4,1110,pending,,
grasp_protocol_v3__tau_0__smap__SMAP_D-5__seed1110,tau_0,smap,SMAP_D-5,1110,pending,,
grasp_protocol_v3__tau_0__smap__SMAP_D-6__seed1110,tau_0,smap,SMAP_D-6,1110,pending,,
grasp_protocol_v3__tau_0__smap__SMAP_D-7__seed1110,tau_0,smap,SMAP_D-7,1110,pending,,
grasp_protocol_v3__tau_0__smap__SMAP_D-8__seed1110,tau_0,smap,SMAP_D-8,1110,pending,,
grasp_protocol_v3__tau_0__smap__SMAP_D-9__seed1110,tau_0,smap,SMAP_D-9,1110,pending,,
grasp_protocol_v3__tau_0__smap__SMAP_E-10__seed1110,tau_0,smap,SMAP_E-10,1110,pending,,
grasp_protocol_v3__tau_0__smap__SMAP_E-11__seed1110,tau_0,smap,SMAP_E-11,1110,pending,,
grasp_protocol_v3__tau_0__smap__SMAP_E-12__seed1110,tau_0,smap,SMAP_E-12,1110,pending,,
grasp_protocol_v3__tau_0__smap__SMAP_E-13__seed1110,tau_0,smap,SMAP_E-13,1110,pending,,
grasp_protocol_v3__tau_0__smap__SMAP_E-1__seed1110,tau_0,smap,SMAP_E-1,1110,pending,,
grasp_protocol_v3__tau_0__smap__SMAP_E-2__seed1110,tau_0,smap,SMAP_E-2,1110,pending,,
grasp_protocol_v3__tau_0__smap__SMAP_E-3__seed1110,tau_0,smap,SMAP_E-3,1110,pending,,
grasp_protocol_v3__tau_0__smap__SMAP_E-4__seed1110,tau_0,smap,SMAP_E-4,1110,pending,,
grasp_protocol_v3__tau_0__smap__SMAP_E-5__seed1110,tau_0,smap,SMAP_E-5,1110,pending,,
grasp_protocol_v3__tau_0__smap__SMAP_E-6__seed1110,tau_0,smap,SMAP_E-6,1110,pending,,
grasp_protocol_v3__tau_0__smap__SMAP_E-7__seed1110,tau_0,smap,SMAP_E-7,1110,pending,,
grasp_protocol_v3__tau_0__smap__SMAP_E-8__seed1110,tau_0,smap,SMAP_E-8,1110,pending,,
grasp_protocol_v3__tau_0__smap__SMAP_E-9__seed1110,tau_0,smap,SMAP_E-9,1110,pending,,
grasp_protocol_v3__tau_0__smap__SMAP_F-1__seed1110,tau_0,smap,SMAP_F-1,1110,pending,,
grasp_protocol_v3__tau_0__smap__SMAP_F-2__seed1110,tau_0,smap,SMAP_F-2,1110,pending,,
grasp_protocol_v3__tau_0__smap__SMAP_F-3__seed1110,tau_0,smap,SMAP_F-3,1110,pending,,
grasp_protocol_v3__tau_0__smap__SMAP_G-1__seed1110,tau_0,smap,SMAP_G-1,1110,pending,,
grasp_protocol_v3__tau_0__smap__SMAP_G-2__seed1110,tau_0,smap,SMAP_G-2,1110,pending,,
grasp_protocol_v3__tau_0__smap__SMAP_G-3__seed1110,tau_0,smap,SMAP_G-3,1110,pending,,
grasp_protocol_v3__tau_0__smap__SMAP_G-4__seed1110,tau_0,smap,SMAP_G-4,1110,pending,,
grasp_protocol_v3__tau_0__smap__SMAP_G-6__seed1110,tau_0,smap,SMAP_G-6,1110,pending,,
grasp_protocol_v3__tau_0__smap__SMAP_G-7__seed1110,tau_0,smap,SMAP_G-7,1110,pending,,
grasp_protocol_v3__tau_0__smap__SMAP_P-1__seed1110,tau_0,smap,SMAP_P-1,1110,pending,,
grasp_protocol_v3__tau_0__smap__SMAP_P-2__seed1110,tau_0,smap,SMAP_P-2,1110,pending,,
grasp_protocol_v3__tau_0__smap__SMAP_P-3__seed1110,tau_0,smap,SMAP_P-3,1110,pending,,
grasp_protocol_v3__tau_0__smap__SMAP_P-4__seed1110,tau_0,smap,SMAP_P-4,1110,pending,,
grasp_protocol_v3__tau_0__smap__SMAP_R-1__seed1110,tau_0,smap,SMAP_R-1,1110,pending,,
grasp_protocol_v3__tau_0__smap__SMAP_S-1__seed1110,tau_0,smap,SMAP_S-1,1110,pending,,
grasp_protocol_v3__tau_0__smap__SMAP_T-1__seed1110,tau_0,smap,SMAP_T-1,1110,pending,,
grasp_protocol_v3__tau_0__smap__SMAP_T-2__seed1110,tau_0,smap,SMAP_T-2,1110,pending,,
grasp_protocol_v3__tau_0__smap__SMAP_T-3__seed1110,tau_0,smap,SMAP_T-3,1110,pending,,
grasp_protocol_v3__tau_0p25__smap__SMAP_A-1__seed1110,tau_0p25,smap,SMAP_A-1,1110,pending,,
grasp_protocol_v3__tau_0p25__smap__SMAP_A-2__seed1110,tau_0p25,smap,SMAP_A-2,1110,pending,,
grasp_protocol_v3__tau_0p25__smap__SMAP_A-3__seed1110,tau_0p25,smap,SMAP_A-3,1110,pending,,
grasp_protocol_v3__tau_0p25__smap__SMAP_A-4__seed1110,tau_0p25,smap,SMAP_A-4,1110,pending,,
grasp_protocol_v3__tau_0p25__smap__SMAP_A-5__seed1110,tau_0p25,smap,SMAP_A-5,1110,pending,,
grasp_protocol_v3__tau_0p25__smap__SMAP_A-6__seed1110,tau_0p25,smap,SMAP_A-6,1110,pending,,
grasp_protocol_v3__tau_0p25__smap__SMAP_A-7__seed1110,tau_0p25,smap,SMAP_A-7,1110,pending,,
grasp_protocol_v3__tau_0p25__smap__SMAP_A-8__seed1110,tau_0p25,smap,SMAP_A-8,1110,pending,,
grasp_protocol_v3__tau_0p25__smap__SMAP_A-9__seed1110,tau_0p25,smap,SMAP_A-9,1110,pending,,
grasp_protocol_v3__tau_0p25__smap__SMAP_B-1__seed1110,tau_0p25,smap,SMAP_B-1,1110,pending,,
grasp_protocol_v3__tau_0p25__smap__SMAP_D-11__seed1110,tau_0p25,smap,SMAP_D-11,1110,pending,,
grasp_protocol_v3__tau_0p25__smap__SMAP_D-1__seed1110,tau_0p25,smap,SMAP_D-1,1110,pending,,
grasp_protocol_v3__tau_0p25__smap__SMAP_D-2__seed1110,tau_0p25,smap,SMAP_D-2,1110,pending,,
grasp_protocol_v3__tau_0p25__smap__SMAP_D-3__seed1110,tau_0p25,smap,SMAP_D-3,1110,pending,,
grasp_protocol_v3__tau_0p25__smap__SMAP_D-4__seed1110,tau_0p25,smap,SMAP_D-4,1110,pending,,
grasp_protocol_v3__tau_0p25__smap__SMAP_D-5__seed1110,tau_0p25,smap,SMAP_D-5,1110,pending,,
grasp_protocol_v3__tau_0p25__smap__SMAP_D-6__seed1110,tau_0p25,smap,SMAP_D-6,1110,pending,,
grasp_protocol_v3__tau_0p25__smap__SMAP_D-7__seed1110,tau_0p25,smap,SMAP_D-7,1110,pending,,
grasp_protocol_v3__tau_0p25__smap__SMAP_D-8__seed1110,tau_0p25,smap,SMAP_D-8,1110,pending,,
grasp_protocol_v3__tau_0p25__smap__SMAP_D-9__seed1110,tau_0p25,smap,SMAP_D-9,1110,pending,,
grasp_protocol_v3__tau_0p25__smap__SMAP_E-10__seed1110,tau_0p25,smap,SMAP_E-10,1110,pending,,
grasp_protocol_v3__tau_0p25__smap__SMAP_E-11__seed1110,tau_0p25,smap,SMAP_E-11,1110,pending,,
grasp_protocol_v3__tau_0p25__smap__SMAP_E-12__seed1110,tau_0p25,smap,SMAP_E-12,1110,pending,,
grasp_protocol_v3__tau_0p25__smap__SMAP_E-13__seed1110,tau_0p25,smap,SMAP_E-13,1110,pending,,
grasp_protocol_v3__tau_0p25__smap__SMAP_E-1__seed1110,tau_0p25,smap,SMAP_E-1,1110,pending,,
grasp_protocol_v3__tau_0p25__smap__SMAP_E-2__seed1110,tau_0p25,smap,SMAP_E-2,1110,pending,,
grasp_protocol_v3__tau_0p25__smap__SMAP_E-3__seed1110,tau_0p25,smap,SMAP_E-3,1110,pending,,
grasp_protocol_v3__tau_0p25__smap__SMAP_E-4__seed1110,tau_0p25,smap,SMAP_E-4,1110,pending,,
grasp_protocol_v3__tau_0p25__smap__SMAP_E-5__seed1110,tau_0p25,smap,SMAP_E-5,1110,pending,,
grasp_protocol_v3__tau_0p25__smap__SMAP_E-6__seed1110,tau_0p25,smap,SMAP_E-6,1110,pending,,
grasp_protocol_v3__tau_0p25__smap__SMAP_E-7__seed1110,tau_0p25,smap,SMAP_E-7,1110,pending,,
grasp_protocol_v3__tau_0p25__smap__SMAP_E-8__seed1110,tau_0p25,smap,SMAP_E-8,1110,pending,,
grasp_protocol_v3__tau_0p25__smap__SMAP_E-9__seed1110,tau_0p25,smap,SMAP_E-9,1110,pending,,
grasp_protocol_v3__tau_0p25__smap__SMAP_F-1__seed1110,tau_0p25,smap,SMAP_F-1,1110,pending,,
grasp_protocol_v3__tau_0p25__smap__SMAP_F-2__seed1110,tau_0p25,smap,SMAP_F-2,1110,pending,,
grasp_protocol_v3__tau_0p25__smap__SMAP_F-3__seed1110,tau_0p25,smap,SMAP_F-3,1110,pending,,
grasp_protocol_v3__tau_0p25__smap__SMAP_G-1__seed1110,tau_0p25,smap,SMAP_G-1,1110,pending,,
grasp_protocol_v3__tau_0p25__smap__SMAP_G-2__seed1110,tau_0p25,smap,SMAP_G-2,1110,pending,,
grasp_protocol_v3__tau_0p25__smap__SMAP_G-3__seed1110,tau_0p25,smap,SMAP_G-3,1110,pending,,
grasp_protocol_v3__tau_0p25__smap__SMAP_G-4__seed1110,tau_0p25,smap,SMAP_G-4,1110,pending,,
grasp_protocol_v3__tau_0p25__smap__SMAP_G-6__seed1110,tau_0p25,smap,SMAP_G-6,1110,pending,,
grasp_protocol_v3__tau_0p25__smap__SMAP_G-7__seed1110,tau_0p25,smap,SMAP_G-7,1110,pending,,
grasp_protocol_v3__tau_0p25__smap__SMAP_P-1__seed1110,tau_0p25,smap,SMAP_P-1,1110,pending,,
grasp_protocol_v3__tau_0p25__smap__SMAP_P-2__seed1110,tau_0p25,smap,SMAP_P-2,1110,pending,,
grasp_protocol_v3__tau_0p25__smap__SMAP_P-3__seed1110,tau_0p25,smap,SMAP_P-3,1110,pending,,
grasp_protocol_v3__tau_0p25__smap__SMAP_P-4__seed1110,tau_0p25,smap,SMAP_P-4,1110,pending,,
grasp_protocol_v3__tau_0p25__smap__SMAP_R-1__seed1110,tau_0p25,smap,SMAP_R-1,1110,pending,,
grasp_protocol_v3__tau_0p25__smap__SMAP_S-1__seed1110,tau_0p25,smap,SMAP_S-1,1110,pending,,
grasp_protocol_v3__tau_0p25__smap__SMAP_T-1__seed1110,tau_0p25,smap,SMAP_T-1,1110,pending,,
grasp_protocol_v3__tau_0p25__smap__SMAP_T-2__seed1110,tau_0p25,smap,SMAP_T-2,1110,pending,,
grasp_protocol_v3__tau_0p25__smap__SMAP_T-3__seed1110,tau_0p25,smap,SMAP_T-3,1110,pending,,
grasp_protocol_v3__tau_0p5__smap__SMAP_A-1__seed1110,tau_0p5,smap,SMAP_A-1,1110,pending,,
grasp_protocol_v3__tau_0p5__smap__SMAP_A-2__seed1110,tau_0p5,smap,SMAP_A-2,1110,pending,,
grasp_protocol_v3__tau_0p5__smap__SMAP_A-3__seed1110,tau_0p5,smap,SMAP_A-3,1110,pending,,
grasp_protocol_v3__tau_0p5__smap__SMAP_A-4__seed1110,tau_0p5,smap,SMAP_A-4,1110,pending,,
grasp_protocol_v3__tau_0p5__smap__SMAP_A-5__seed1110,tau_0p5,smap,SMAP_A-5,1110,pending,,
grasp_protocol_v3__tau_0p5__smap__SMAP_A-6__seed1110,tau_0p5,smap,SMAP_A-6,1110,pending,,
grasp_protocol_v3__tau_0p5__smap__SMAP_A-7__seed1110,tau_0p5,smap,SMAP_A-7,1110,pending,,
grasp_protocol_v3__tau_0p5__smap__SMAP_A-8__seed1110,tau_0p5,smap,SMAP_A-8,1110,pending,,
grasp_protocol_v3__tau_0p5__smap__SMAP_A-9__seed1110,tau_0p5,smap,SMAP_A-9,1110,pending,,
grasp_protocol_v3__tau_0p5__smap__SMAP_B-1__seed1110,tau_0p5,smap,SMAP_B-1,1110,pending,,
grasp_protocol_v3__tau_0p5__smap__SMAP_D-11__seed1110,tau_0p5,smap,SMAP_D-11,1110,pending,,
grasp_protocol_v3__tau_0p5__smap__SMAP_D-1__seed1110,tau_0p5,smap,SMAP_D-1,1110,pending,,
grasp_protocol_v3__tau_0p5__smap__SMAP_D-2__seed1110,tau_0p5,smap,SMAP_D-2,1110,pending,,
grasp_protocol_v3__tau_0p5__smap__SMAP_D-3__seed1110,tau_0p5,smap,SMAP_D-3,1110,pending,,
grasp_protocol_v3__tau_0p5__smap__SMAP_D-4__seed1110,tau_0p5,smap,SMAP_D-4,1110,pending,,
grasp_protocol_v3__tau_0p5__smap__SMAP_D-5__seed1110,tau_0p5,smap,SMAP_D-5,1110,pending,,
grasp_protocol_v3__tau_0p5__smap__SMAP_D-6__seed1110,tau_0p5,smap,SMAP_D-6,1110,pending,,
grasp_protocol_v3__tau_0p5__smap__SMAP_D-7__seed1110,tau_0p5,smap,SMAP_D-7,1110,pending,,
grasp_protocol_v3__tau_0p5__smap__SMAP_D-8__seed1110,tau_0p5,smap,SMAP_D-8,1110,pending,,
grasp_protocol_v3__tau_0p5__smap__SMAP_D-9__seed1110,tau_0p5,smap,SMAP_D-9,1110,pending,,
grasp_protocol_v3__tau_0p5__smap__SMAP_E-10__seed1110,tau_0p5,smap,SMAP_E-10,1110,pending,,
grasp_protocol_v3__tau_0p5__smap__SMAP_E-11__seed1110,tau_0p5,smap,SMAP_E-11,1110,pending,,
grasp_protocol_v3__tau_0p5__smap__SMAP_E-12__seed1110,tau_0p5,smap,SMAP_E-12,1110,pending,,
grasp_protocol_v3__tau_0p5__smap__SMAP_E-13__seed1110,tau_0p5,smap,SMAP_E-13,1110,pending,,
grasp_protocol_v3__tau_0p5__smap__SMAP_E-1__seed1110,tau_0p5,smap,SMAP_E-1,1110,pending,,
grasp_protocol_v3__tau_0p5__smap__SMAP_E-2__seed1110,tau_0p5,smap,SMAP_E-2,1110,pending,,
grasp_protocol_v3__tau_0p5__smap__SMAP_E-3__seed1110,tau_0p5,smap,SMAP_E-3,1110,pending,,
grasp_protocol_v3__tau_0p5__smap__SMAP_E-4__seed1110,tau_0p5,smap,SMAP_E-4,1110,pending,,
grasp_protocol_v3__tau_0p5__smap__SMAP_E-5__seed1110,tau_0p5,smap,SMAP_E-5,1110,pending,,
grasp_protocol_v3__tau_0p5__smap__SMAP_E-6__seed1110,tau_0p5,smap,SMAP_E-6,1110,pending,,
grasp_protocol_v3__tau_0p5__smap__SMAP_E-7__seed1110,tau_0p5,smap,SMAP_E-7,1110,pending,,
grasp_protocol_v3__tau_0p5__smap__SMAP_E-8__seed1110,tau_0p5,smap,SMAP_E-8,1110,pending,,
grasp_protocol_v3__tau_0p5__smap__SMAP_E-9__seed1110,tau_0p5,smap,SMAP_E-9,1110,pending,,
grasp_protocol_v3__tau_0p5__smap__SMAP_F-1__seed1110,tau_0p5,smap,SMAP_F-1,1110,pending,,
grasp_protocol_v3__tau_0p5__smap__SMAP_F-2__seed1110,tau_0p5,smap,SMAP_F-2,1110,pending,,
grasp_protocol_v3__tau_0p5__smap__SMAP_F-3__seed1110,tau_0p5,smap,SMAP_F-3,1110,pending,,
grasp_protocol_v3__tau_0p5__smap__SMAP_G-1__seed1110,tau_0p5,smap,SMAP_G-1,1110,pending,,
grasp_protocol_v3__tau_0p5__smap__SMAP_G-2__seed1110,tau_0p5,smap,SMAP_G-2,1110,pending,,
grasp_protocol_v3__tau_0p5__smap__SMAP_G-3__seed1110,tau_0p5,smap,SMAP_G-3,1110,pending,,
grasp_protocol_v3__tau_0p5__smap__SMAP_G-4__seed1110,tau_0p5,smap,SMAP_G-4,1110,pending,,
grasp_protocol_v3__tau_0p5__smap__SMAP_G-6__seed1110,tau_0p5,smap,SMAP_G-6,1110,pending,,
grasp_protocol_v3__tau_0p5__smap__SMAP_G-7__seed1110,tau_0p5,smap,SMAP_G-7,1110,pending,,
grasp_protocol_v3__tau_0p5__smap__SMAP_P-1__seed1110,tau_0p5,smap,SMAP_P-1,1110,pending,,
grasp_protocol_v3__tau_0p5__smap__SMAP_P-2__seed1110,tau_0p5,smap,SMAP_P-2,1110,pending,,
grasp_protocol_v3__tau_0p5__smap__SMAP_P-3__seed1110,tau_0p5,smap,SMAP_P-3,1110,pending,,
grasp_protocol_v3__tau_0p5__smap__SMAP_P-4__seed1110,tau_0p5,smap,SMAP_P-4,1110,pending,,
grasp_protocol_v3__tau_0p5__smap__SMAP_R-1__seed1110,tau_0p5,smap,SMAP_R-1,1110,pending,,
grasp_protocol_v3__tau_0p5__smap__SMAP_S-1__seed1110,tau_0p5,smap,SMAP_S-1,1110,pending,,
grasp_protocol_v3__tau_0p5__smap__SMAP_T-1__seed1110,tau_0p5,smap,SMAP_T-1,1110,pending,,
grasp_protocol_v3__tau_0p5__smap__SMAP_T-2__seed1110,tau_0p5,smap,SMAP_T-2,1110,pending,,
grasp_protocol_v3__tau_0p5__smap__SMAP_T-3__seed1110,tau_0p5,smap,SMAP_T-3,1110,pending,,
grasp_protocol_v3__tau_1__smap__SMAP_A-1__seed1110,tau_1,smap,SMAP_A-1,1110,pending,,
grasp_protocol_v3__tau_1__smap__SMAP_A-2__seed1110,tau_1,smap,SMAP_A-2,1110,pending,,
grasp_protocol_v3__tau_1__smap__SMAP_A-3__seed1110,tau_1,smap,SMAP_A-3,1110,pending,,
grasp_protocol_v3__tau_1__smap__SMAP_A-4__seed1110,tau_1,smap,SMAP_A-4,1110,pending,,
grasp_protocol_v3__tau_1__smap__SMAP_A-5__seed1110,tau_1,smap,SMAP_A-5,1110,pending,,
grasp_protocol_v3__tau_1__smap__SMAP_A-6__seed1110,tau_1,smap,SMAP_A-6,1110,pending,,
grasp_protocol_v3__tau_1__smap__SMAP_A-7__seed1110,tau_1,smap,SMAP_A-7,1110,pending,,
grasp_protocol_v3__tau_1__smap__SMAP_A-8__seed1110,tau_1,smap,SMAP_A-8,1110,pending,,
grasp_protocol_v3__tau_1__smap__SMAP_A-9__seed1110,tau_1,smap,SMAP_A-9,1110,pending,,
grasp_protocol_v3__tau_1__smap__SMAP_B-1__seed1110,tau_1,smap,SMAP_B-1,1110,pending,,
grasp_protocol_v3__tau_1__smap__SMAP_D-11__seed1110,tau_1,smap,SMAP_D-11,1110,pending,,
grasp_protocol_v3__tau_1__smap__SMAP_D-1__seed1110,tau_1,smap,SMAP_D-1,1110,pending,,
grasp_protocol_v3__tau_1__smap__SMAP_D-2__seed1110,tau_1,smap,SMAP_D-2,1110,pending,,
grasp_protocol_v3__tau_1__smap__SMAP_D-3__seed1110,tau_1,smap,SMAP_D-3,1110,pending,,
grasp_protocol_v3__tau_1__smap__SMAP_D-4__seed1110,tau_1,smap,SMAP_D-4,1110,pending,,
grasp_protocol_v3__tau_1__smap__SMAP_D-5__seed1110,tau_1,smap,SMAP_D-5,1110,pending,,
grasp_protocol_v3__tau_1__smap__SMAP_D-6__seed1110,tau_1,smap,SMAP_D-6,1110,pending,,
grasp_protocol_v3__tau_1__smap__SMAP_D-7__seed1110,tau_1,smap,SMAP_D-7,1110,pending,,
grasp_protocol_v3__tau_1__smap__SMAP_D-8__seed1110,tau_1,smap,SMAP_D-8,1110,pending,,
grasp_protocol_v3__tau_1__smap__SMAP_D-9__seed1110,tau_1,smap,SMAP_D-9,1110,pending,,
grasp_protocol_v3__tau_1__smap__SMAP_E-10__seed1110,tau_1,smap,SMAP_E-10,1110,pending,,
grasp_protocol_v3__tau_1__smap__SMAP_E-11__seed1110,tau_1,smap,SMAP_E-11,1110,pending,,
grasp_protocol_v3__tau_1__smap__SMAP_E-12__seed1110,tau_1,smap,SMAP_E-12,1110,pending,,
grasp_protocol_v3__tau_1__smap__SMAP_E-13__seed1110,tau_1,smap,SMAP_E-13,1110,pending,,
grasp_protocol_v3__tau_1__smap__SMAP_E-1__seed1110,tau_1,smap,SMAP_E-1,1110,pending,,
grasp_protocol_v3__tau_1__smap__SMAP_E-2__seed1110,tau_1,smap,SMAP_E-2,1110,pending,,
grasp_protocol_v3__tau_1__smap__SMAP_E-3__seed1110,tau_1,smap,SMAP_E-3,1110,pending,,
grasp_protocol_v3__tau_1__smap__SMAP_E-4__seed1110,tau_1,smap,SMAP_E-4,1110,pending,,
grasp_protocol_v3__tau_1__smap__SMAP_E-5__seed1110,tau_1,smap,SMAP_E-5,1110,pending,,
grasp_protocol_v3__tau_1__smap__SMAP_E-6__seed1110,tau_1,smap,SMAP_E-6,1110,pending,,
grasp_protocol_v3__tau_1__smap__SMAP_E-7__seed1110,tau_1,smap,SMAP_E-7,1110,pending,,
grasp_protocol_v3__tau_1__smap__SMAP_E-8__seed1110,tau_1,smap,SMAP_E-8,1110,pending,,
grasp_protocol_v3__tau_1__smap__SMAP_E-9__seed1110,tau_1,smap,SMAP_E-9,1110,pending,,
grasp_protocol_v3__tau_1__smap__SMAP_F-1__seed1110,tau_1,smap,SMAP_F-1,1110,pending,,
grasp_protocol_v3__tau_1__smap__SMAP_F-2__seed1110,tau_1,smap,SMAP_F-2,1110,pending,,
grasp_protocol_v3__tau_1__smap__SMAP_F-3__seed1110,tau_1,smap,SMAP_F-3,1110,pending,,
grasp_protocol_v3__tau_1__smap__SMAP_G-1__seed1110,tau_1,smap,SMAP_G-1,1110,pending,,
grasp_protocol_v3__tau_1__smap__SMAP_G-2__seed1110,tau_1,smap,SMAP_G-2,1110,pending,,
grasp_protocol_v3__tau_1__smap__SMAP_G-3__seed1110,tau_1,smap,SMAP_G-3,1110,pending,,
grasp_protocol_v3__tau_1__smap__SMAP_G-4__seed1110,tau_1,smap,SMAP_G-4,1110,pending,,
grasp_protocol_v3__tau_1__smap__SMAP_G-6__seed1110,tau_1,smap,SMAP_G-6,1110,pending,,
grasp_protocol_v3__tau_1__smap__SMAP_G-7__seed1110,tau_1,smap,SMAP_G-7,1110,pending,,
grasp_protocol_v3__tau_1__smap__SMAP_P-1__seed1110,tau_1,smap,SMAP_P-1,1110,pending,,
grasp_protocol_v3__tau_1__smap__SMAP_P-2__seed1110,tau_1,smap,SMAP_P-2,1110,pending,,
grasp_protocol_v3__tau_1__smap__SMAP_P-3__seed1110,tau_1,smap,SMAP_P-3,1110,pending,,
grasp_protocol_v3__tau_1__smap__SMAP_P-4__seed1110,tau_1,smap,SMAP_P-4,1110,pending,,
grasp_protocol_v3__tau_1__smap__SMAP_R-1__seed1110,tau_1,smap,SMAP_R-1,1110,pending,,
grasp_protocol_v3__tau_1__smap__SMAP_S-1__seed1110,tau_1,smap,SMAP_S-1,1110,pending,,
grasp_protocol_v3__tau_1__smap__SMAP_T-1__seed1110,tau_1,smap,SMAP_T-1,1110,pending,,
grasp_protocol_v3__tau_1__smap__SMAP_T-2__seed1110,tau_1,smap,SMAP_T-2,1110,pending,,
grasp_protocol_v3__tau_1__smap__SMAP_T-3__seed1110,tau_1,smap,SMAP_T-3,1110,pending,,
grasp_protocol_v3__tau_4__smap__SMAP_A-1__seed1110,tau_4,smap,SMAP_A-1,1110,pending,,
grasp_protocol_v3__tau_4__smap__SMAP_A-2__seed1110,tau_4,smap,SMAP_A-2,1110,pending,,
grasp_protocol_v3__tau_4__smap__SMAP_A-3__seed1110,tau_4,smap,SMAP_A-3,1110,pending,,
grasp_protocol_v3__tau_4__smap__SMAP_A-4__seed1110,tau_4,smap,SMAP_A-4,1110,pending,,
grasp_protocol_v3__tau_4__smap__SMAP_A-5__seed1110,tau_4,smap,SMAP_A-5,1110,pending,,
grasp_protocol_v3__tau_4__smap__SMAP_A-6__seed1110,tau_4,smap,SMAP_A-6,1110,pending,,
grasp_protocol_v3__tau_4__smap__SMAP_A-7__seed1110,tau_4,smap,SMAP_A-7,1110,pending,,
grasp_protocol_v3__tau_4__smap__SMAP_A-8__seed1110,tau_4,smap,SMAP_A-8,1110,pending,,
grasp_protocol_v3__tau_4__smap__SMAP_A-9__seed1110,tau_4,smap,SMAP_A-9,1110,pending,,
grasp_protocol_v3__tau_4__smap__SMAP_B-1__seed1110,tau_4,smap,SMAP_B-1,1110,pending,,
grasp_protocol_v3__tau_4__smap__SMAP_D-11__seed1110,tau_4,smap,SMAP_D-11,1110,pending,,
grasp_protocol_v3__tau_4__smap__SMAP_D-1__seed1110,tau_4,smap,SMAP_D-1,1110,pending,,
grasp_protocol_v3__tau_4__smap__SMAP_D-2__seed1110,tau_4,smap,SMAP_D-2,1110,pending,,
grasp_protocol_v3__tau_4__smap__SMAP_D-3__seed1110,tau_4,smap,SMAP_D-3,1110,pending,,
grasp_protocol_v3__tau_4__smap__SMAP_D-4__seed1110,tau_4,smap,SMAP_D-4,1110,pending,,
grasp_protocol_v3__tau_4__smap__SMAP_D-5__seed1110,tau_4,smap,SMAP_D-5,1110,pending,,
grasp_protocol_v3__tau_4__smap__SMAP_D-6__seed1110,tau_4,smap,SMAP_D-6,1110,pending,,
grasp_protocol_v3__tau_4__smap__SMAP_D-7__seed1110,tau_4,smap,SMAP_D-7,1110,pending,,
grasp_protocol_v3__tau_4__smap__SMAP_D-8__seed1110,tau_4,smap,SMAP_D-8,1110,pending,,
grasp_protocol_v3__tau_4__smap__SMAP_D-9__seed1110,tau_4,smap,SMAP_D-9,1110,pending,,
grasp_protocol_v3__tau_4__smap__SMAP_E-10__seed1110,tau_4,smap,SMAP_E-10,1110,pending,,
grasp_protocol_v3__tau_4__smap__SMAP_E-11__seed1110,tau_4,smap,SMAP_E-11,1110,pending,,
grasp_protocol_v3__tau_4__smap__SMAP_E-12__seed1110,tau_4,smap,SMAP_E-12,1110,pending,,
grasp_protocol_v3__tau_4__smap__SMAP_E-13__seed1110,tau_4,smap,SMAP_E-13,1110,pending,,
grasp_protocol_v3__tau_4__smap__SMAP_E-1__seed1110,tau_4,smap,SMAP_E-1,1110,pending,,
grasp_protocol_v3__tau_4__smap__SMAP_E-2__seed1110,tau_4,smap,SMAP_E-2,1110,pending,,
grasp_protocol_v3__tau_4__smap__SMAP_E-3__seed1110,tau_4,smap,SMAP_E-3,1110,pending,,
grasp_protocol_v3__tau_4__smap__SMAP_E-4__seed1110,tau_4,smap,SMAP_E-4,1110,pending,,
grasp_protocol_v3__tau_4__smap__SMAP_E-5__seed1110,tau_4,smap,SMAP_E-5,1110,pending,,
grasp_protocol_v3__tau_4__smap__SMAP_E-6__seed1110,tau_4,smap,SMAP_E-6,1110,pending,,
grasp_protocol_v3__tau_4__smap__SMAP_E-7__seed1110,tau_4,smap,SMAP_E-7,1110,pending,,
grasp_protocol_v3__tau_4__smap__SMAP_E-8__seed1110,tau_4,smap,SMAP_E-8,1110,pending,,
grasp_protocol_v3__tau_4__smap__SMAP_E-9__seed1110,tau_4,smap,SMAP_E-9,1110,pending,,
grasp_protocol_v3__tau_4__smap__SMAP_F-1__seed1110,tau_4,smap,SMAP_F-1,1110,pending,,
grasp_protocol_v3__tau_4__smap__SMAP_F-2__seed1110,tau_4,smap,SMAP_F-2,1110,pending,,
grasp_protocol_v3__tau_4__smap__SMAP_F-3__seed1110,tau_4,smap,SMAP_F-3,1110,pending,,
grasp_protocol_v3__tau_4__smap__SMAP_G-1__seed1110,tau_4,smap,SMAP_G-1,1110,pending,,
grasp_protocol_v3__tau_4__smap__SMAP_G-2__seed1110,tau_4,smap,SMAP_G-2,1110,pending,,
grasp_protocol_v3__tau_4__smap__SMAP_G-3__seed1110,tau_4,smap,SMAP_G-3,1110,pending,,
grasp_protocol_v3__tau_4__smap__SMAP_G-4__seed1110,tau_4,smap,SMAP_G-4,1110,pending,,
grasp_protocol_v3__tau_4__smap__SMAP_G-6__seed1110,tau_4,smap,SMAP_G-6,1110,pending,,
grasp_protocol_v3__tau_4__smap__SMAP_G-7__seed1110,tau_4,smap,SMAP_G-7,1110,pending,,
grasp_protocol_v3__tau_4__smap__SMAP_P-1__seed1110,tau_4,smap,SMAP_P-1,1110,pending,,
grasp_protocol_v3__tau_4__smap__SMAP_P-2__seed1110,tau_4,smap,SMAP_P-2,1110,pending,,
grasp_protocol_v3__tau_4__smap__SMAP_P-3__seed1110,tau_4,smap,SMAP_P-3,1110,pending,,
grasp_protocol_v3__tau_4__smap__SMAP_P-4__seed1110,tau_4,smap,SMAP_P-4,1110,pending,,
grasp_protocol_v3__tau_4__smap__SMAP_R-1__seed1110,tau_4,smap,SMAP_R-1,1110,pending,,
grasp_protocol_v3__tau_4__smap__SMAP_S-1__seed1110,tau_4,smap,SMAP_S-1,1110,pending,,
grasp_protocol_v3__tau_4__smap__SMAP_T-1__seed1110,tau_4,smap,SMAP_T-1,1110,pending,,
grasp_protocol_v3__tau_4__smap__SMAP_T-2__seed1110,tau_4,smap,SMAP_T-2,1110,pending,,
grasp_protocol_v3__tau_4__smap__SMAP_T-3__seed1110,tau_4,smap,SMAP_T-3,1110,pending,,
grasp_protocol_v3__tau_8__smap__SMAP_A-1__seed1110,tau_8,smap,SMAP_A-1,1110,pending,,
grasp_protocol_v3__tau_8__smap__SMAP_A-2__seed1110,tau_8,smap,SMAP_A-2,1110,pending,,
grasp_protocol_v3__tau_8__smap__SMAP_A-3__seed1110,tau_8,smap,SMAP_A-3,1110,pending,,
grasp_protocol_v3__tau_8__smap__SMAP_A-4__seed1110,tau_8,smap,SMAP_A-4,1110,pending,,
grasp_protocol_v3__tau_8__smap__SMAP_A-5__seed1110,tau_8,smap,SMAP_A-5,1110,pending,,
grasp_protocol_v3__tau_8__smap__SMAP_A-6__seed1110,tau_8,smap,SMAP_A-6,1110,pending,,
grasp_protocol_v3__tau_8__smap__SMAP_A-7__seed1110,tau_8,smap,SMAP_A-7,1110,pending,,
grasp_protocol_v3__tau_8__smap__SMAP_A-8__seed1110,tau_8,smap,SMAP_A-8,1110,pending,,
grasp_protocol_v3__tau_8__smap__SMAP_A-9__seed1110,tau_8,smap,SMAP_A-9,1110,pending,,
grasp_protocol_v3__tau_8__smap__SMAP_B-1__seed1110,tau_8,smap,SMAP_B-1,1110,pending,,
grasp_protocol_v3__tau_8__smap__SMAP_D-11__seed1110,tau_8,smap,SMAP_D-11,1110,pending,,
grasp_protocol_v3__tau_8__smap__SMAP_D-1__seed1110,tau_8,smap,SMAP_D-1,1110,pending,,
grasp_protocol_v3__tau_8__smap__SMAP_D-2__seed1110,tau_8,smap,SMAP_D-2,1110,pending,,
grasp_protocol_v3__tau_8__smap__SMAP_D-3__seed1110,tau_8,smap,SMAP_D-3,1110,pending,,
grasp_protocol_v3__tau_8__smap__SMAP_D-4__seed1110,tau_8,smap,SMAP_D-4,1110,pending,,
grasp_protocol_v3__tau_8__smap__SMAP_D-5__seed1110,tau_8,smap,SMAP_D-5,1110,pending,,
grasp_protocol_v3__tau_8__smap__SMAP_D-6__seed1110,tau_8,smap,SMAP_D-6,1110,pending,,
grasp_protocol_v3__tau_8__smap__SMAP_D-7__seed1110,tau_8,smap,SMAP_D-7,1110,pending,,
grasp_protocol_v3__tau_8__smap__SMAP_D-8__seed1110,tau_8,smap,SMAP_D-8,1110,pending,,
grasp_protocol_v3__tau_8__smap__SMAP_D-9__seed1110,tau_8,smap,SMAP_D-9,1110,pending,,
grasp_protocol_v3__tau_8__smap__SMAP_E-10__seed1110,tau_8,smap,SMAP_E-10,1110,pending,,
grasp_protocol_v3__tau_8__smap__SMAP_E-11__seed1110,tau_8,smap,SMAP_E-11,1110,pending,,
grasp_protocol_v3__tau_8__smap__SMAP_E-12__seed1110,tau_8,smap,SMAP_E-12,1110,pending,,
grasp_protocol_v3__tau_8__smap__SMAP_E-13__seed1110,tau_8,smap,SMAP_E-13,1110,pending,,
grasp_protocol_v3__tau_8__smap__SMAP_E-1__seed1110,tau_8,smap,SMAP_E-1,1110,pending,,
grasp_protocol_v3__tau_8__smap__SMAP_E-2__seed1110,tau_8,smap,SMAP_E-2,1110,pending,,
grasp_protocol_v3__tau_8__smap__SMAP_E-3__seed1110,tau_8,smap,SMAP_E-3,1110,pending,,
grasp_protocol_v3__tau_8__smap__SMAP_E-4__seed1110,tau_8,smap,SMAP_E-4,1110,pending,,
grasp_protocol_v3__tau_8__smap__SMAP_E-5__seed1110,tau_8,smap,SMAP_E-5,1110,pending,,
grasp_protocol_v3__tau_8__smap__SMAP_E-6__seed1110,tau_8,smap,SMAP_E-6,1110,pending,,
grasp_protocol_v3__tau_8__smap__SMAP_E-7__seed1110,tau_8,smap,SMAP_E-7,1110,pending,,
grasp_protocol_v3__tau_8__smap__SMAP_E-8__seed1110,tau_8,smap,SMAP_E-8,1110,pending,,
grasp_protocol_v3__tau_8__smap__SMAP_E-9__seed1110,tau_8,smap,SMAP_E-9,1110,pending,,
grasp_protocol_v3__tau_8__smap__SMAP_F-1__seed1110,tau_8,smap,SMAP_F-1,1110,pending,,
grasp_protocol_v3__tau_8__smap__SMAP_F-2__seed1110,tau_8,smap,SMAP_F-2,1110,pending,,
grasp_protocol_v3__tau_8__smap__SMAP_F-3__seed1110,tau_8,smap,SMAP_F-3,1110,pending,,
grasp_protocol_v3__tau_8__smap__SMAP_G-1__seed1110,tau_8,smap,SMAP_G-1,1110,pending,,
grasp_protocol_v3__tau_8__smap__SMAP_G-2__seed1110,tau_8,smap,SMAP_G-2,1110,pending,,
grasp_protocol_v3__tau_8__smap__SMAP_G-3__seed1110,tau_8,smap,SMAP_G-3,1110,pending,,
grasp_protocol_v3__tau_8__smap__SMAP_G-4__seed1110,tau_8,smap,SMAP_G-4,1110,pending,,
grasp_protocol_v3__tau_8__smap__SMAP_G-6__seed1110,tau_8,smap,SMAP_G-6,1110,pending,,
grasp_protocol_v3__tau_8__smap__SMAP_G-7__seed1110,tau_8,smap,SMAP_G-7,1110,pending,,
grasp_protocol_v3__tau_8__smap__SMAP_P-1__seed1110,tau_8,smap,SMAP_P-1,1110,pending,,
grasp_protocol_v3__tau_8__smap__SMAP_P-2__seed1110,tau_8,smap,SMAP_P-2,1110,pending,,
grasp_protocol_v3__tau_8__smap__SMAP_P-3__seed1110,tau_8,smap,SMAP_P-3,1110,pending,,
grasp_protocol_v3__tau_8__smap__SMAP_P-4__seed1110,tau_8,smap,SMAP_P-4,1110,pending,,
grasp_protocol_v3__tau_8__smap__SMAP_R-1__seed1110,tau_8,smap,SMAP_R-1,1110,pending,,
grasp_protocol_v3__tau_8__smap__SMAP_S-1__seed1110,tau_8,smap,SMAP_S-1,1110,pending,,
grasp_protocol_v3__tau_8__smap__SMAP_T-1__seed1110,tau_8,smap,SMAP_T-1,1110,pending,,
grasp_protocol_v3__tau_8__smap__SMAP_T-2__seed1110,tau_8,smap,SMAP_T-2,1110,pending,,
grasp_protocol_v3__tau_8__smap__SMAP_T-3__seed1110,tau_8,smap,SMAP_T-3,1110,pending,,
grasp_protocol_v3__gnn__smap__SMAP_A-1__seed1111,gnn,smap,SMAP_A-1,1111,pending,,
grasp_protocol_v3__gnn__smap__SMAP_A-2__seed1111,gnn,smap,SMAP_A-2,1111,pending,,
grasp_protocol_v3__gnn__smap__SMAP_A-3__seed1111,gnn,smap,SMAP_A-3,1111,pending,,
grasp_protocol_v3__gnn__smap__SMAP_A-4__seed1111,gnn,smap,SMAP_A-4,1111,pending,,
grasp_protocol_v3__gnn__smap__SMAP_A-5__seed1111,gnn,smap,SMAP_A-5,1111,pending,,
grasp_protocol_v3__gnn__smap__SMAP_A-6__seed1111,gnn,smap,SMAP_A-6,1111,pending,,
grasp_protocol_v3__gnn__smap__SMAP_A-7__seed1111,gnn,smap,SMAP_A-7,1111,pending,,
grasp_protocol_v3__gnn__smap__SMAP_A-8__seed1111,gnn,smap,SMAP_A-8,1111,pending,,
grasp_protocol_v3__gnn__smap__SMAP_A-9__seed1111,gnn,smap,SMAP_A-9,1111,pending,,
grasp_protocol_v3__gnn__smap__SMAP_B-1__seed1111,gnn,smap,SMAP_B-1,1111,pending,,
grasp_protocol_v3__gnn__smap__SMAP_D-11__seed1111,gnn,smap,SMAP_D-11,1111,pending,,
grasp_protocol_v3__gnn__smap__SMAP_D-1__seed1111,gnn,smap,SMAP_D-1,1111,pending,,
grasp_protocol_v3__gnn__smap__SMAP_D-2__seed1111,gnn,smap,SMAP_D-2,1111,pending,,
grasp_protocol_v3__gnn__smap__SMAP_D-3__seed1111,gnn,smap,SMAP_D-3,1111,pending,,
grasp_protocol_v3__gnn__smap__SMAP_D-4__seed1111,gnn,smap,SMAP_D-4,1111,pending,,
grasp_protocol_v3__gnn__smap__SMAP_D-5__seed1111,gnn,smap,SMAP_D-5,1111,pending,,
grasp_protocol_v3__gnn__smap__SMAP_D-6__seed1111,gnn,smap,SMAP_D-6,1111,pending,,
grasp_protocol_v3__gnn__smap__SMAP_D-7__seed1111,gnn,smap,SMAP_D-7,1111,pending,,
grasp_protocol_v3__gnn__smap__SMAP_D-8__seed1111,gnn,smap,SMAP_D-8,1111,pending,,
grasp_protocol_v3__gnn__smap__SMAP_D-9__seed1111,gnn,smap,SMAP_D-9,1111,pending,,
grasp_protocol_v3__gnn__smap__SMAP_E-10__seed1111,gnn,smap,SMAP_E-10,1111,pending,,
grasp_protocol_v3__gnn__smap__SMAP_E-11__seed1111,gnn,smap,SMAP_E-11,1111,pending,,
grasp_protocol_v3__gnn__smap__SMAP_E-12__seed1111,gnn,smap,SMAP_E-12,1111,pending,,
grasp_protocol_v3__gnn__smap__SMAP_E-13__seed1111,gnn,smap,SMAP_E-13,1111,pending,,
grasp_protocol_v3__gnn__smap__SMAP_E-1__seed1111,gnn,smap,SMAP_E-1,1111,pending,,
grasp_protocol_v3__gnn__smap__SMAP_E-2__seed1111,gnn,smap,SMAP_E-2,1111,pending,,
grasp_protocol_v3__gnn__smap__SMAP_E-3__seed1111,gnn,smap,SMAP_E-3,1111,pending,,
grasp_protocol_v3__gnn__smap__SMAP_E-4__seed1111,gnn,smap,SMAP_E-4,1111,pending,,
grasp_protocol_v3__gnn__smap__SMAP_E-5__seed1111,gnn,smap,SMAP_E-5,1111,pending,,
grasp_protocol_v3__gnn__smap__SMAP_E-6__seed1111,gnn,smap,SMAP_E-6,1111,pending,,
grasp_protocol_v3__gnn__smap__SMAP_E-7__seed1111,gnn,smap,SMAP_E-7,1111,pending,,
grasp_protocol_v3__gnn__smap__SMAP_E-8__seed1111,gnn,smap,SMAP_E-8,1111,pending,,
grasp_protocol_v3__gnn__smap__SMAP_E-9__seed1111,gnn,smap,SMAP_E-9,1111,pending,,
grasp_protocol_v3__gnn__smap__SMAP_F-1__seed1111,gnn,smap,SMAP_F-1,1111,pending,,
grasp_protocol_v3__gnn__smap__SMAP_F-2__seed1111,gnn,smap,SMAP_F-2,1111,pending,,
grasp_protocol_v3__gnn__smap__SMAP_F-3__seed1111,gnn,smap,SMAP_F-3,1111,pending,,
grasp_protocol_v3__gnn__smap__SMAP_G-1__seed1111,gnn,smap,SMAP_G-1,1111,pending,,
grasp_protocol_v3__gnn__smap__SMAP_G-2__seed1111,gnn,smap,SMAP_G-2,1111,pending,,
grasp_protocol_v3__gnn__smap__SMAP_G-3__seed1111,gnn,smap,SMAP_G-3,1111,pending,,
grasp_protocol_v3__gnn__smap__SMAP_G-4__seed1111,gnn,smap,SMAP_G-4,1111,pending,,
grasp_protocol_v3__gnn__smap__SMAP_G-6__seed1111,gnn,smap,SMAP_G-6,1111,pending,,
grasp_protocol_v3__gnn__smap__SMAP_G-7__seed1111,gnn,smap,SMAP_G-7,1111,pending,,
grasp_protocol_v3__gnn__smap__SMAP_P-1__seed1111,gnn,smap,SMAP_P-1,1111,pending,,
grasp_protocol_v3__gnn__smap__SMAP_P-2__seed1111,gnn,smap,SMAP_P-2,1111,pending,,
grasp_protocol_v3__gnn__smap__SMAP_P-3__seed1111,gnn,smap,SMAP_P-3,1111,pending,,
grasp_protocol_v3__gnn__smap__SMAP_P-4__seed1111,gnn,smap,SMAP_P-4,1111,pending,,
grasp_protocol_v3__gnn__smap__SMAP_R-1__seed1111,gnn,smap,SMAP_R-1,1111,pending,,
grasp_protocol_v3__gnn__smap__SMAP_S-1__seed1111,gnn,smap,SMAP_S-1,1111,pending,,
grasp_protocol_v3__gnn__smap__SMAP_T-1__seed1111,gnn,smap,SMAP_T-1,1111,pending,,
grasp_protocol_v3__gnn__smap__SMAP_T-2__seed1111,gnn,smap,SMAP_T-2,1111,pending,,
grasp_protocol_v3__gnn__smap__SMAP_T-3__seed1111,gnn,smap,SMAP_T-3,1111,pending,,
grasp_protocol_v3__main__smap__SMAP_A-1__seed1111,main,smap,SMAP_A-1,1111,pending,,
grasp_protocol_v3__main__smap__SMAP_A-2__seed1111,main,smap,SMAP_A-2,1111,pending,,
grasp_protocol_v3__main__smap__SMAP_A-3__seed1111,main,smap,SMAP_A-3,1111,pending,,
grasp_protocol_v3__main__smap__SMAP_A-4__seed1111,main,smap,SMAP_A-4,1111,pending,,
grasp_protocol_v3__main__smap__SMAP_A-5__seed1111,main,smap,SMAP_A-5,1111,pending,,
grasp_protocol_v3__main__smap__SMAP_A-6__seed1111,main,smap,SMAP_A-6,1111,pending,,
grasp_protocol_v3__main__smap__SMAP_A-7__seed1111,main,smap,SMAP_A-7,1111,pending,,
grasp_protocol_v3__main__smap__SMAP_A-8__seed1111,main,smap,SMAP_A-8,1111,pending,,
grasp_protocol_v3__main__smap__SMAP_A-9__seed1111,main,smap,SMAP_A-9,1111,pending,,
grasp_protocol_v3__main__smap__SMAP_B-1__seed1111,main,smap,SMAP_B-1,1111,pending,,
grasp_protocol_v3__main__smap__SMAP_D-11__seed1111,main,smap,SMAP_D-11,1111,pending,,
grasp_protocol_v3__main__smap__SMAP_D-1__seed1111,main,smap,SMAP_D-1,1111,pending,,
grasp_protocol_v3__main__smap__SMAP_D-2__seed1111,main,smap,SMAP_D-2,1111,pending,,
grasp_protocol_v3__main__smap__SMAP_D-3__seed1111,main,smap,SMAP_D-3,1111,pending,,
grasp_protocol_v3__main__smap__SMAP_D-4__seed1111,main,smap,SMAP_D-4,1111,pending,,
grasp_protocol_v3__main__smap__SMAP_D-5__seed1111,main,smap,SMAP_D-5,1111,pending,,
grasp_protocol_v3__main__smap__SMAP_D-6__seed1111,main,smap,SMAP_D-6,1111,pending,,
grasp_protocol_v3__main__smap__SMAP_D-7__seed1111,main,smap,SMAP_D-7,1111,pending,,
grasp_protocol_v3__main__smap__SMAP_D-8__seed1111,main,smap,SMAP_D-8,1111,pending,,
grasp_protocol_v3__main__smap__SMAP_D-9__seed1111,main,smap,SMAP_D-9,1111,pending,,
grasp_protocol_v3__main__smap__SMAP_E-10__seed1111,main,smap,SMAP_E-10,1111,pending,,
grasp_protocol_v3__main__smap__SMAP_E-11__seed1111,main,smap,SMAP_E-11,1111,pending,,
grasp_protocol_v3__main__smap__SMAP_E-12__seed1111,main,smap,SMAP_E-12,1111,pending,,
grasp_protocol_v3__main__smap__SMAP_E-13__seed1111,main,smap,SMAP_E-13,1111,pending,,
grasp_protocol_v3__main__smap__SMAP_E-1__seed1111,main,smap,SMAP_E-1,1111,pending,,
grasp_protocol_v3__main__smap__SMAP_E-2__seed1111,main,smap,SMAP_E-2,1111,pending,,
grasp_protocol_v3__main__smap__SMAP_E-3__seed1111,main,smap,SMAP_E-3,1111,pending,,
grasp_protocol_v3__main__smap__SMAP_E-4__seed1111,main,smap,SMAP_E-4,1111,pending,,
grasp_protocol_v3__main__smap__SMAP_E-5__seed1111,main,smap,SMAP_E-5,1111,pending,,
grasp_protocol_v3__main__smap__SMAP_E-6__seed1111,main,smap,SMAP_E-6,1111,pending,,
grasp_protocol_v3__main__smap__SMAP_E-7__seed1111,main,smap,SMAP_E-7,1111,pending,,
grasp_protocol_v3__main__smap__SMAP_E-8__seed1111,main,smap,SMAP_E-8,1111,pending,,
grasp_protocol_v3__main__smap__SMAP_E-9__seed1111,main,smap,SMAP_E-9,1111,pending,,
grasp_protocol_v3__main__smap__SMAP_F-1__seed1111,main,smap,SMAP_F-1,1111,pending,,
grasp_protocol_v3__main__smap__SMAP_F-2__seed1111,main,smap,SMAP_F-2,1111,pending,,
grasp_protocol_v3__main__smap__SMAP_F-3__seed1111,main,smap,SMAP_F-3,1111,pending,,
grasp_protocol_v3__main__smap__SMAP_G-1__seed1111,main,smap,SMAP_G-1,1111,pending,,
grasp_protocol_v3__main__smap__SMAP_G-2__seed1111,main,smap,SMAP_G-2,1111,pending,,
grasp_protocol_v3__main__smap__SMAP_G-3__seed1111,main,smap,SMAP_G-3,1111,pending,,
grasp_protocol_v3__main__smap__SMAP_G-4__seed1111,main,smap,SMAP_G-4,1111,pending,,
grasp_protocol_v3__main__smap__SMAP_G-6__seed1111,main,smap,SMAP_G-6,1111,pending,,
grasp_protocol_v3__main__smap__SMAP_G-7__seed1111,main,smap,SMAP_G-7,1111,pending,,
grasp_protocol_v3__main__smap__SMAP_P-1__seed1111,main,smap,SMAP_P-1,1111,pending,,
grasp_protocol_v3__main__smap__SMAP_P-2__seed1111,main,smap,SMAP_P-2,1111,pending,,
grasp_protocol_v3__main__smap__SMAP_P-3__seed1111,main,smap,SMAP_P-3,1111,pending,,
grasp_protocol_v3__main__smap__SMAP_P-4__seed1111,main,smap,SMAP_P-4,1111,pending,,
grasp_protocol_v3__main__smap__SMAP_R-1__seed1111,main,smap,SMAP_R-1,1111,pending,,
grasp_protocol_v3__main__smap__SMAP_S-1__seed1111,main,smap,SMAP_S-1,1111,pending,,
grasp_protocol_v3__main__smap__SMAP_T-1__seed1111,main,smap,SMAP_T-1,1111,pending,,
grasp_protocol_v3__main__smap__SMAP_T-2__seed1111,main,smap,SMAP_T-2,1111,pending,,
grasp_protocol_v3__main__smap__SMAP_T-3__seed1111,main,smap,SMAP_T-3,1111,pending,,
grasp_protocol_v3__transformer__smap__SMAP_A-1__seed1111,transformer,smap,SMAP_A-1,1111,pending,,
grasp_protocol_v3__transformer__smap__SMAP_A-2__seed1111,transformer,smap,SMAP_A-2,1111,pending,,
grasp_protocol_v3__transformer__smap__SMAP_A-3__seed1111,transformer,smap,SMAP_A-3,1111,pending,,
grasp_protocol_v3__transformer__smap__SMAP_A-4__seed1111,transformer,smap,SMAP_A-4,1111,pending,,
grasp_protocol_v3__transformer__smap__SMAP_A-5__seed1111,transformer,smap,SMAP_A-5,1111,pending,,
grasp_protocol_v3__transformer__smap__SMAP_A-6__seed1111,transformer,smap,SMAP_A-6,1111,pending,,
grasp_protocol_v3__transformer__smap__SMAP_A-7__seed1111,transformer,smap,SMAP_A-7,1111,pending,,
grasp_protocol_v3__transformer__smap__SMAP_A-8__seed1111,transformer,smap,SMAP_A-8,1111,pending,,
grasp_protocol_v3__transformer__smap__SMAP_A-9__seed1111,transformer,smap,SMAP_A-9,1111,pending,,
grasp_protocol_v3__transformer__smap__SMAP_B-1__seed1111,transformer,smap,SMAP_B-1,1111,pending,,
grasp_protocol_v3__transformer__smap__SMAP_D-11__seed1111,transformer,smap,SMAP_D-11,1111,pending,,
grasp_protocol_v3__transformer__smap__SMAP_D-1__seed1111,transformer,smap,SMAP_D-1,1111,pending,,
grasp_protocol_v3__transformer__smap__SMAP_D-2__seed1111,transformer,smap,SMAP_D-2,1111,pending,,
grasp_protocol_v3__transformer__smap__SMAP_D-3__seed1111,transformer,smap,SMAP_D-3,1111,pending,,
grasp_protocol_v3__transformer__smap__SMAP_D-4__seed1111,transformer,smap,SMAP_D-4,1111,pending,,
grasp_protocol_v3__transformer__smap__SMAP_D-5__seed1111,transformer,smap,SMAP_D-5,1111,pending,,
grasp_protocol_v3__transformer__smap__SMAP_D-6__seed1111,transformer,smap,SMAP_D-6,1111,pending,,
grasp_protocol_v3__transformer__smap__SMAP_D-7__seed1111,transformer,smap,SMAP_D-7,1111,pending,,
grasp_protocol_v3__transformer__smap__SMAP_D-8__seed1111,transformer,smap,SMAP_D-8,1111,pending,,
grasp_protocol_v3__transformer__smap__SMAP_D-9__seed1111,transformer,smap,SMAP_D-9,1111,pending,,
grasp_protocol_v3__transformer__smap__SMAP_E-10__seed1111,transformer,smap,SMAP_E-10,1111,pending,,
grasp_protocol_v3__transformer__smap__SMAP_E-11__seed1111,transformer,smap,SMAP_E-11,1111,pending,,
grasp_protocol_v3__transformer__smap__SMAP_E-12__seed1111,transformer,smap,SMAP_E-12,1111,pending,,
grasp_protocol_v3__transformer__smap__SMAP_E-13__seed1111,transformer,smap,SMAP_E-13,1111,pending,,
grasp_protocol_v3__transformer__smap__SMAP_E-1__seed1111,transformer,smap,SMAP_E-1,1111,pending,,
grasp_protocol_v3__transformer__smap__SMAP_E-2__seed1111,transformer,smap,SMAP_E-2,1111,pending,,
grasp_protocol_v3__transformer__smap__SMAP_E-3__seed1111,transformer,smap,SMAP_E-3,1111,pending,,
grasp_protocol_v3__transformer__smap__SMAP_E-4__seed1111,transformer,smap,SMAP_E-4,1111,pending,,
grasp_protocol_v3__transformer__smap__SMAP_E-5__seed1111,transformer,smap,SMAP_E-5,1111,pending,,
grasp_protocol_v3__transformer__smap__SMAP_E-6__seed1111,transformer,smap,SMAP_E-6,1111,pending,,
grasp_protocol_v3__transformer__smap__SMAP_E-7__seed1111,transformer,smap,SMAP_E-7,1111,pending,,
grasp_protocol_v3__transformer__smap__SMAP_E-8__seed1111,transformer,smap,SMAP_E-8,1111,pending,,
grasp_protocol_v3__transformer__smap__SMAP_E-9__seed1111,transformer,smap,SMAP_E-9,1111,pending,,
grasp_protocol_v3__transformer__smap__SMAP_F-1__seed1111,transformer,smap,SMAP_F-1,1111,pending,,
grasp_protocol_v3__transformer__smap__SMAP_F-2__seed1111,transformer,smap,SMAP_F-2,1111,pending,,
grasp_protocol_v3__transformer__smap__SMAP_F-3__seed1111,transformer,smap,SMAP_F-3,1111,pending,,
grasp_protocol_v3__transformer__smap__SMAP_G-1__seed1111,transformer,smap,SMAP_G-1,1111,pending,,
grasp_protocol_v3__transformer__smap__SMAP_G-2__seed1111,transformer,smap,SMAP_G-2,1111,pending,,
grasp_protocol_v3__transformer__smap__SMAP_G-3__seed1111,transformer,smap,SMAP_G-3,1111,pending,,
grasp_protocol_v3__transformer__smap__SMAP_G-4__seed1111,transformer,smap,SMAP_G-4,1111,pending,,
grasp_protocol_v3__transformer__smap__SMAP_G-6__seed1111,transformer,smap,SMAP_G-6,1111,pending,,
grasp_protocol_v3__transformer__smap__SMAP_G-7__seed1111,transformer,smap,SMAP_G-7,1111,pending,,
grasp_protocol_v3__transformer__smap__SMAP_P-1__seed1111,transformer,smap,SMAP_P-1,1111,pending,,
grasp_protocol_v3__transformer__smap__SMAP_P-2__seed1111,transformer,smap,SMAP_P-2,1111,pending,,
grasp_protocol_v3__transformer__smap__SMAP_P-3__seed1111,transformer,smap,SMAP_P-3,1111,pending,,
grasp_protocol_v3__transformer__smap__SMAP_P-4__seed1111,transformer,smap,SMAP_P-4,1111,pending,,
grasp_protocol_v3__transformer__smap__SMAP_R-1__seed1111,transformer,smap,SMAP_R-1,1111,pending,,
grasp_protocol_v3__transformer__smap__SMAP_S-1__seed1111,transformer,smap,SMAP_S-1,1111,pending,,
grasp_protocol_v3__transformer__smap__SMAP_T-1__seed1111,transformer,smap,SMAP_T-1,1111,pending,,
grasp_protocol_v3__transformer__smap__SMAP_T-2__seed1111,transformer,smap,SMAP_T-2,1111,pending,,
grasp_protocol_v3__transformer__smap__SMAP_T-3__seed1111,transformer,smap,SMAP_T-3,1111,pending,,
grasp_protocol_v3__mean__smap__SMAP_A-1__seed1111,mean,smap,SMAP_A-1,1111,pending,,
grasp_protocol_v3__mean__smap__SMAP_A-2__seed1111,mean,smap,SMAP_A-2,1111,pending,,
grasp_protocol_v3__mean__smap__SMAP_A-3__seed1111,mean,smap,SMAP_A-3,1111,pending,,
grasp_protocol_v3__mean__smap__SMAP_A-4__seed1111,mean,smap,SMAP_A-4,1111,pending,,
grasp_protocol_v3__mean__smap__SMAP_A-5__seed1111,mean,smap,SMAP_A-5,1111,pending,,
grasp_protocol_v3__mean__smap__SMAP_A-6__seed1111,mean,smap,SMAP_A-6,1111,pending,,
grasp_protocol_v3__mean__smap__SMAP_A-7__seed1111,mean,smap,SMAP_A-7,1111,pending,,
grasp_protocol_v3__mean__smap__SMAP_A-8__seed1111,mean,smap,SMAP_A-8,1111,pending,,
grasp_protocol_v3__mean__smap__SMAP_A-9__seed1111,mean,smap,SMAP_A-9,1111,pending,,
grasp_protocol_v3__mean__smap__SMAP_B-1__seed1111,mean,smap,SMAP_B-1,1111,pending,,
grasp_protocol_v3__mean__smap__SMAP_D-11__seed1111,mean,smap,SMAP_D-11,1111,pending,,
grasp_protocol_v3__mean__smap__SMAP_D-1__seed1111,mean,smap,SMAP_D-1,1111,pending,,
grasp_protocol_v3__mean__smap__SMAP_D-2__seed1111,mean,smap,SMAP_D-2,1111,pending,,
grasp_protocol_v3__mean__smap__SMAP_D-3__seed1111,mean,smap,SMAP_D-3,1111,pending,,
grasp_protocol_v3__mean__smap__SMAP_D-4__seed1111,mean,smap,SMAP_D-4,1111,pending,,
grasp_protocol_v3__mean__smap__SMAP_D-5__seed1111,mean,smap,SMAP_D-5,1111,pending,,
grasp_protocol_v3__mean__smap__SMAP_D-6__seed1111,mean,smap,SMAP_D-6,1111,pending,,
grasp_protocol_v3__mean__smap__SMAP_D-7__seed1111,mean,smap,SMAP_D-7,1111,pending,,
grasp_protocol_v3__mean__smap__SMAP_D-8__seed1111,mean,smap,SMAP_D-8,1111,pending,,
grasp_protocol_v3__mean__smap__SMAP_D-9__seed1111,mean,smap,SMAP_D-9,1111,pending,,
grasp_protocol_v3__mean__smap__SMAP_E-10__seed1111,mean,smap,SMAP_E-10,1111,pending,,
grasp_protocol_v3__mean__smap__SMAP_E-11__seed1111,mean,smap,SMAP_E-11,1111,pending,,
grasp_protocol_v3__mean__smap__SMAP_E-12__seed1111,mean,smap,SMAP_E-12,1111,pending,,
grasp_protocol_v3__mean__smap__SMAP_E-13__seed1111,mean,smap,SMAP_E-13,1111,pending,,
grasp_protocol_v3__mean__smap__SMAP_E-1__seed1111,mean,smap,SMAP_E-1,1111,pending,,
grasp_protocol_v3__mean__smap__SMAP_E-2__seed1111,mean,smap,SMAP_E-2,1111,pending,,
grasp_protocol_v3__mean__smap__SMAP_E-3__seed1111,mean,smap,SMAP_E-3,1111,pending,,
grasp_protocol_v3__mean__smap__SMAP_E-4__seed1111,mean,smap,SMAP_E-4,1111,pending,,
grasp_protocol_v3__mean__smap__SMAP_E-5__seed1111,mean,smap,SMAP_E-5,1111,pending,,
grasp_protocol_v3__mean__smap__SMAP_E-6__seed1111,mean,smap,SMAP_E-6,1111,pending,,
grasp_protocol_v3__mean__smap__SMAP_E-7__seed1111,mean,smap,SMAP_E-7,1111,pending,,
grasp_protocol_v3__mean__smap__SMAP_E-8__seed1111,mean,smap,SMAP_E-8,1111,pending,,
grasp_protocol_v3__mean__smap__SMAP_E-9__seed1111,mean,smap,SMAP_E-9,1111,pending,,
grasp_protocol_v3__mean__smap__SMAP_F-1__seed1111,mean,smap,SMAP_F-1,1111,pending,,
grasp_protocol_v3__mean__smap__SMAP_F-2__seed1111,mean,smap,SMAP_F-2,1111,pending,,
grasp_protocol_v3__mean__smap__SMAP_F-3__seed1111,mean,smap,SMAP_F-3,1111,pending,,
grasp_protocol_v3__mean__smap__SMAP_G-1__seed1111,mean,smap,SMAP_G-1,1111,pending,,
grasp_protocol_v3__mean__smap__SMAP_G-2__seed1111,mean,smap,SMAP_G-2,1111,pending,,
grasp_protocol_v3__mean__smap__SMAP_G-3__seed1111,mean,smap,SMAP_G-3,1111,pending,,
grasp_protocol_v3__mean__smap__SMAP_G-4__seed1111,mean,smap,SMAP_G-4,1111,pending,,
grasp_protocol_v3__mean__smap__SMAP_G-6__seed1111,mean,smap,SMAP_G-6,1111,pending,,
grasp_protocol_v3__mean__smap__SMAP_G-7__seed1111,mean,smap,SMAP_G-7,1111,pending,,
grasp_protocol_v3__mean__smap__SMAP_P-1__seed1111,mean,smap,SMAP_P-1,1111,pending,,
grasp_protocol_v3__mean__smap__SMAP_P-2__seed1111,mean,smap,SMAP_P-2,1111,pending,,
grasp_protocol_v3__mean__smap__SMAP_P-3__seed1111,mean,smap,SMAP_P-3,1111,pending,,
grasp_protocol_v3__mean__smap__SMAP_P-4__seed1111,mean,smap,SMAP_P-4,1111,pending,,
grasp_protocol_v3__mean__smap__SMAP_R-1__seed1111,mean,smap,SMAP_R-1,1111,pending,,
grasp_protocol_v3__mean__smap__SMAP_S-1__seed1111,mean,smap,SMAP_S-1,1111,pending,,
grasp_protocol_v3__mean__smap__SMAP_T-1__seed1111,mean,smap,SMAP_T-1,1111,pending,,
grasp_protocol_v3__mean__smap__SMAP_T-2__seed1111,mean,smap,SMAP_T-2,1111,pending,,
grasp_protocol_v3__mean__smap__SMAP_T-3__seed1111,mean,smap,SMAP_T-3,1111,pending,,
grasp_protocol_v3__er__smap__SMAP_A-1__seed1111,er,smap,SMAP_A-1,1111,pending,,
grasp_protocol_v3__er__smap__SMAP_A-2__seed1111,er,smap,SMAP_A-2,1111,pending,,
grasp_protocol_v3__er__smap__SMAP_A-3__seed1111,er,smap,SMAP_A-3,1111,pending,,
grasp_protocol_v3__er__smap__SMAP_A-4__seed1111,er,smap,SMAP_A-4,1111,pending,,
grasp_protocol_v3__er__smap__SMAP_A-5__seed1111,er,smap,SMAP_A-5,1111,pending,,
grasp_protocol_v3__er__smap__SMAP_A-6__seed1111,er,smap,SMAP_A-6,1111,pending,,
grasp_protocol_v3__er__smap__SMAP_A-7__seed1111,er,smap,SMAP_A-7,1111,pending,,
grasp_protocol_v3__er__smap__SMAP_A-8__seed1111,er,smap,SMAP_A-8,1111,pending,,
grasp_protocol_v3__er__smap__SMAP_A-9__seed1111,er,smap,SMAP_A-9,1111,pending,,
grasp_protocol_v3__er__smap__SMAP_B-1__seed1111,er,smap,SMAP_B-1,1111,pending,,
grasp_protocol_v3__er__smap__SMAP_D-11__seed1111,er,smap,SMAP_D-11,1111,pending,,
grasp_protocol_v3__er__smap__SMAP_D-1__seed1111,er,smap,SMAP_D-1,1111,pending,,
grasp_protocol_v3__er__smap__SMAP_D-2__seed1111,er,smap,SMAP_D-2,1111,pending,,
grasp_protocol_v3__er__smap__SMAP_D-3__seed1111,er,smap,SMAP_D-3,1111,pending,,
grasp_protocol_v3__er__smap__SMAP_D-4__seed1111,er,smap,SMAP_D-4,1111,pending,,
grasp_protocol_v3__er__smap__SMAP_D-5__seed1111,er,smap,SMAP_D-5,1111,pending,,
grasp_protocol_v3__er__smap__SMAP_D-6__seed1111,er,smap,SMAP_D-6,1111,pending,,
grasp_protocol_v3__er__smap__SMAP_D-7__seed1111,er,smap,SMAP_D-7,1111,pending,,
grasp_protocol_v3__er__smap__SMAP_D-8__seed1111,er,smap,SMAP_D-8,1111,pending,,
grasp_protocol_v3__er__smap__SMAP_D-9__seed1111,er,smap,SMAP_D-9,1111,pending,,
grasp_protocol_v3__er__smap__SMAP_E-10__seed1111,er,smap,SMAP_E-10,1111,pending,,
grasp_protocol_v3__er__smap__SMAP_E-11__seed1111,er,smap,SMAP_E-11,1111,pending,,
grasp_protocol_v3__er__smap__SMAP_E-12__seed1111,er,smap,SMAP_E-12,1111,pending,,
grasp_protocol_v3__er__smap__SMAP_E-13__seed1111,er,smap,SMAP_E-13,1111,pending,,
grasp_protocol_v3__er__smap__SMAP_E-1__seed1111,er,smap,SMAP_E-1,1111,pending,,
grasp_protocol_v3__er__smap__SMAP_E-2__seed1111,er,smap,SMAP_E-2,1111,pending,,
grasp_protocol_v3__er__smap__SMAP_E-3__seed1111,er,smap,SMAP_E-3,1111,pending,,
grasp_protocol_v3__er__smap__SMAP_E-4__seed1111,er,smap,SMAP_E-4,1111,pending,,
grasp_protocol_v3__er__smap__SMAP_E-5__seed1111,er,smap,SMAP_E-5,1111,pending,,
grasp_protocol_v3__er__smap__SMAP_E-6__seed1111,er,smap,SMAP_E-6,1111,pending,,
grasp_protocol_v3__er__smap__SMAP_E-7__seed1111,er,smap,SMAP_E-7,1111,pending,,
grasp_protocol_v3__er__smap__SMAP_E-8__seed1111,er,smap,SMAP_E-8,1111,pending,,
grasp_protocol_v3__er__smap__SMAP_E-9__seed1111,er,smap,SMAP_E-9,1111,pending,,
grasp_protocol_v3__er__smap__SMAP_F-1__seed1111,er,smap,SMAP_F-1,1111,pending,,
grasp_protocol_v3__er__smap__SMAP_F-2__seed1111,er,smap,SMAP_F-2,1111,pending,,
grasp_protocol_v3__er__smap__SMAP_F-3__seed1111,er,smap,SMAP_F-3,1111,pending,,
grasp_protocol_v3__er__smap__SMAP_G-1__seed1111,er,smap,SMAP_G-1,1111,pending,,
grasp_protocol_v3__er__smap__SMAP_G-2__seed1111,er,smap,SMAP_G-2,1111,pending,,
grasp_protocol_v3__er__smap__SMAP_G-3__seed1111,er,smap,SMAP_G-3,1111,pending,,
grasp_protocol_v3__er__smap__SMAP_G-4__seed1111,er,smap,SMAP_G-4,1111,pending,,
grasp_protocol_v3__er__smap__SMAP_G-6__seed1111,er,smap,SMAP_G-6,1111,pending,,
grasp_protocol_v3__er__smap__SMAP_G-7__seed1111,er,smap,SMAP_G-7,1111,pending,,
grasp_protocol_v3__er__smap__SMAP_P-1__seed1111,er,smap,SMAP_P-1,1111,pending,,
grasp_protocol_v3__er__smap__SMAP_P-2__seed1111,er,smap,SMAP_P-2,1111,pending,,
grasp_protocol_v3__er__smap__SMAP_P-3__seed1111,er,smap,SMAP_P-3,1111,pending,,
grasp_protocol_v3__er__smap__SMAP_P-4__seed1111,er,smap,SMAP_P-4,1111,pending,,
grasp_protocol_v3__er__smap__SMAP_R-1__seed1111,er,smap,SMAP_R-1,1111,pending,,
grasp_protocol_v3__er__smap__SMAP_S-1__seed1111,er,smap,SMAP_S-1,1111,pending,,
grasp_protocol_v3__er__smap__SMAP_T-1__seed1111,er,smap,SMAP_T-1,1111,pending,,
grasp_protocol_v3__er__smap__SMAP_T-2__seed1111,er,smap,SMAP_T-2,1111,pending,,
grasp_protocol_v3__er__smap__SMAP_T-3__seed1111,er,smap,SMAP_T-3,1111,pending,,
grasp_protocol_v3__lin__smap__SMAP_A-1__seed1111,lin,smap,SMAP_A-1,1111,pending,,
grasp_protocol_v3__lin__smap__SMAP_A-2__seed1111,lin,smap,SMAP_A-2,1111,pending,,
grasp_protocol_v3__lin__smap__SMAP_A-3__seed1111,lin,smap,SMAP_A-3,1111,pending,,
grasp_protocol_v3__lin__smap__SMAP_A-4__seed1111,lin,smap,SMAP_A-4,1111,pending,,
grasp_protocol_v3__lin__smap__SMAP_A-5__seed1111,lin,smap,SMAP_A-5,1111,pending,,
grasp_protocol_v3__lin__smap__SMAP_A-6__seed1111,lin,smap,SMAP_A-6,1111,pending,,
grasp_protocol_v3__lin__smap__SMAP_A-7__seed1111,lin,smap,SMAP_A-7,1111,pending,,
grasp_protocol_v3__lin__smap__SMAP_A-8__seed1111,lin,smap,SMAP_A-8,1111,pending,,
grasp_protocol_v3__lin__smap__SMAP_A-9__seed1111,lin,smap,SMAP_A-9,1111,pending,,
grasp_protocol_v3__lin__smap__SMAP_B-1__seed1111,lin,smap,SMAP_B-1,1111,pending,,
grasp_protocol_v3__lin__smap__SMAP_D-11__seed1111,lin,smap,SMAP_D-11,1111,pending,,
grasp_protocol_v3__lin__smap__SMAP_D-1__seed1111,lin,smap,SMAP_D-1,1111,pending,,
grasp_protocol_v3__lin__smap__SMAP_D-2__seed1111,lin,smap,SMAP_D-2,1111,pending,,
grasp_protocol_v3__lin__smap__SMAP_D-3__seed1111,lin,smap,SMAP_D-3,1111,pending,,
grasp_protocol_v3__lin__smap__SMAP_D-4__seed1111,lin,smap,SMAP_D-4,1111,pending,,
grasp_protocol_v3__lin__smap__SMAP_D-5__seed1111,lin,smap,SMAP_D-5,1111,pending,,
grasp_protocol_v3__lin__smap__SMAP_D-6__seed1111,lin,smap,SMAP_D-6,1111,pending,,
grasp_protocol_v3__lin__smap__SMAP_D-7__seed1111,lin,smap,SMAP_D-7,1111,pending,,
grasp_protocol_v3__lin__smap__SMAP_D-8__seed1111,lin,smap,SMAP_D-8,1111,pending,,
grasp_protocol_v3__lin__smap__SMAP_D-9__seed1111,lin,smap,SMAP_D-9,1111,pending,,
grasp_protocol_v3__lin__smap__SMAP_E-10__seed1111,lin,smap,SMAP_E-10,1111,pending,,
grasp_protocol_v3__lin__smap__SMAP_E-11__seed1111,lin,smap,SMAP_E-11,1111,pending,,
grasp_protocol_v3__lin__smap__SMAP_E-12__seed1111,lin,smap,SMAP_E-12,1111,pending,,
grasp_protocol_v3__lin__smap__SMAP_E-13__seed1111,lin,smap,SMAP_E-13,1111,pending,,
grasp_protocol_v3__lin__smap__SMAP_E-1__seed1111,lin,smap,SMAP_E-1,1111,pending,,
grasp_protocol_v3__lin__smap__SMAP_E-2__seed1111,lin,smap,SMAP_E-2,1111,pending,,
grasp_protocol_v3__lin__smap__SMAP_E-3__seed1111,lin,smap,SMAP_E-3,1111,pending,,
grasp_protocol_v3__lin__smap__SMAP_E-4__seed1111,lin,smap,SMAP_E-4,1111,pending,,
grasp_protocol_v3__lin__smap__SMAP_E-5__seed1111,lin,smap,SMAP_E-5,1111,pending,,
grasp_protocol_v3__lin__smap__SMAP_E-6__seed1111,lin,smap,SMAP_E-6,1111,pending,,
grasp_protocol_v3__lin__smap__SMAP_E-7__seed1111,lin,smap,SMAP_E-7,1111,pending,,
grasp_protocol_v3__lin__smap__SMAP_E-8__seed1111,lin,smap,SMAP_E-8,1111,pending,,
grasp_protocol_v3__lin__smap__SMAP_E-9__seed1111,lin,smap,SMAP_E-9,1111,pending,,
grasp_protocol_v3__lin__smap__SMAP_F-1__seed1111,lin,smap,SMAP_F-1,1111,pending,,
grasp_protocol_v3__lin__smap__SMAP_F-2__seed1111,lin,smap,SMAP_F-2,1111,pending,,
grasp_protocol_v3__lin__smap__SMAP_F-3__seed1111,lin,smap,SMAP_F-3,1111,pending,,
grasp_protocol_v3__lin__smap__SMAP_G-1__seed1111,lin,smap,SMAP_G-1,1111,pending,,
grasp_protocol_v3__lin__smap__SMAP_G-2__seed1111,lin,smap,SMAP_G-2,1111,pending,,
grasp_protocol_v3__lin__smap__SMAP_G-3__seed1111,lin,smap,SMAP_G-3,1111,pending,,
grasp_protocol_v3__lin__smap__SMAP_G-4__seed1111,lin,smap,SMAP_G-4,1111,pending,,
grasp_protocol_v3__lin__smap__SMAP_G-6__seed1111,lin,smap,SMAP_G-6,1111,pending,,
grasp_protocol_v3__lin__smap__SMAP_G-7__seed1111,lin,smap,SMAP_G-7,1111,pending,,
grasp_protocol_v3__lin__smap__SMAP_P-1__seed1111,lin,smap,SMAP_P-1,1111,pending,,
grasp_protocol_v3__lin__smap__SMAP_P-2__seed1111,lin,smap,SMAP_P-2,1111,pending,,
grasp_protocol_v3__lin__smap__SMAP_P-3__seed1111,lin,smap,SMAP_P-3,1111,pending,,
grasp_protocol_v3__lin__smap__SMAP_P-4__seed1111,lin,smap,SMAP_P-4,1111,pending,,
grasp_protocol_v3__lin__smap__SMAP_R-1__seed1111,lin,smap,SMAP_R-1,1111,pending,,
grasp_protocol_v3__lin__smap__SMAP_S-1__seed1111,lin,smap,SMAP_S-1,1111,pending,,
grasp_protocol_v3__lin__smap__SMAP_T-1__seed1111,lin,smap,SMAP_T-1,1111,pending,,
grasp_protocol_v3__lin__smap__SMAP_T-2__seed1111,lin,smap,SMAP_T-2,1111,pending,,
grasp_protocol_v3__lin__smap__SMAP_T-3__seed1111,lin,smap,SMAP_T-3,1111,pending,,
grasp_protocol_v3__tau_0__smap__SMAP_A-1__seed1111,tau_0,smap,SMAP_A-1,1111,pending,,
grasp_protocol_v3__tau_0__smap__SMAP_A-2__seed1111,tau_0,smap,SMAP_A-2,1111,pending,,
grasp_protocol_v3__tau_0__smap__SMAP_A-3__seed1111,tau_0,smap,SMAP_A-3,1111,pending,,
grasp_protocol_v3__tau_0__smap__SMAP_A-4__seed1111,tau_0,smap,SMAP_A-4,1111,pending,,
grasp_protocol_v3__tau_0__smap__SMAP_A-5__seed1111,tau_0,smap,SMAP_A-5,1111,pending,,
grasp_protocol_v3__tau_0__smap__SMAP_A-6__seed1111,tau_0,smap,SMAP_A-6,1111,pending,,
grasp_protocol_v3__tau_0__smap__SMAP_A-7__seed1111,tau_0,smap,SMAP_A-7,1111,pending,,
grasp_protocol_v3__tau_0__smap__SMAP_A-8__seed1111,tau_0,smap,SMAP_A-8,1111,pending,,
grasp_protocol_v3__tau_0__smap__SMAP_A-9__seed1111,tau_0,smap,SMAP_A-9,1111,pending,,
grasp_protocol_v3__tau_0__smap__SMAP_B-1__seed1111,tau_0,smap,SMAP_B-1,1111,pending,,
grasp_protocol_v3__tau_0__smap__SMAP_D-11__seed1111,tau_0,smap,SMAP_D-11,1111,pending,,
grasp_protocol_v3__tau_0__smap__SMAP_D-1__seed1111,tau_0,smap,SMAP_D-1,1111,pending,,
grasp_protocol_v3__tau_0__smap__SMAP_D-2__seed1111,tau_0,smap,SMAP_D-2,1111,pending,,
grasp_protocol_v3__tau_0__smap__SMAP_D-3__seed1111,tau_0,smap,SMAP_D-3,1111,pending,,
grasp_protocol_v3__tau_0__smap__SMAP_D-4__seed1111,tau_0,smap,SMAP_D-4,1111,pending,,
grasp_protocol_v3__tau_0__smap__SMAP_D-5__seed1111,tau_0,smap,SMAP_D-5,1111,pending,,
grasp_protocol_v3__tau_0__smap__SMAP_D-6__seed1111,tau_0,smap,SMAP_D-6,1111,pending,,
grasp_protocol_v3__tau_0__smap__SMAP_D-7__seed1111,tau_0,smap,SMAP_D-7,1111,pending,,
grasp_protocol_v3__tau_0__smap__SMAP_D-8__seed1111,tau_0,smap,SMAP_D-8,1111,pending,,
grasp_protocol_v3__tau_0__smap__SMAP_D-9__seed1111,tau_0,smap,SMAP_D-9,1111,pending,,
grasp_protocol_v3__tau_0__smap__SMAP_E-10__seed1111,tau_0,smap,SMAP_E-10,1111,pending,,
grasp_protocol_v3__tau_0__smap__SMAP_E-11__seed1111,tau_0,smap,SMAP_E-11,1111,pending,,
grasp_protocol_v3__tau_0__smap__SMAP_E-12__seed1111,tau_0,smap,SMAP_E-12,1111,pending,,
grasp_protocol_v3__tau_0__smap__SMAP_E-13__seed1111,tau_0,smap,SMAP_E-13,1111,pending,,
grasp_protocol_v3__tau_0__smap__SMAP_E-1__seed1111,tau_0,smap,SMAP_E-1,1111,pending,,
grasp_protocol_v3__tau_0__smap__SMAP_E-2__seed1111,tau_0,smap,SMAP_E-2,1111,pending,,
grasp_protocol_v3__tau_0__smap__SMAP_E-3__seed1111,tau_0,smap,SMAP_E-3,1111,pending,,
grasp_protocol_v3__tau_0__smap__SMAP_E-4__seed1111,tau_0,smap,SMAP_E-4,1111,pending,,
grasp_protocol_v3__tau_0__smap__SMAP_E-5__seed1111,tau_0,smap,SMAP_E-5,1111,pending,,
grasp_protocol_v3__tau_0__smap__SMAP_E-6__seed1111,tau_0,smap,SMAP_E-6,1111,pending,,
grasp_protocol_v3__tau_0__smap__SMAP_E-7__seed1111,tau_0,smap,SMAP_E-7,1111,pending,,
grasp_protocol_v3__tau_0__smap__SMAP_E-8__seed1111,tau_0,smap,SMAP_E-8,1111,pending,,
grasp_protocol_v3__tau_0__smap__SMAP_E-9__seed1111,tau_0,smap,SMAP_E-9,1111,pending,,
grasp_protocol_v3__tau_0__smap__SMAP_F-1__seed1111,tau_0,smap,SMAP_F-1,1111,pending,,
grasp_protocol_v3__tau_0__smap__SMAP_F-2__seed1111,tau_0,smap,SMAP_F-2,1111,pending,,
grasp_protocol_v3__tau_0__smap__SMAP_F-3__seed1111,tau_0,smap,SMAP_F-3,1111,pending,,
grasp_protocol_v3__tau_0__smap__SMAP_G-1__seed1111,tau_0,smap,SMAP_G-1,1111,pending,,
grasp_protocol_v3__tau_0__smap__SMAP_G-2__seed1111,tau_0,smap,SMAP_G-2,1111,pending,,
grasp_protocol_v3__tau_0__smap__SMAP_G-3__seed1111,tau_0,smap,SMAP_G-3,1111,pending,,
grasp_protocol_v3__tau_0__smap__SMAP_G-4__seed1111,tau_0,smap,SMAP_G-4,1111,pending,,
grasp_protocol_v3__tau_0__smap__SMAP_G-6__seed1111,tau_0,smap,SMAP_G-6,1111,pending,,
grasp_protocol_v3__tau_0__smap__SMAP_G-7__seed1111,tau_0,smap,SMAP_G-7,1111,pending,,
grasp_protocol_v3__tau_0__smap__SMAP_P-1__seed1111,tau_0,smap,SMAP_P-1,1111,pending,,
grasp_protocol_v3__tau_0__smap__SMAP_P-2__seed1111,tau_0,smap,SMAP_P-2,1111,pending,,
grasp_protocol_v3__tau_0__smap__SMAP_P-3__seed1111,tau_0,smap,SMAP_P-3,1111,pending,,
grasp_protocol_v3__tau_0__smap__SMAP_P-4__seed1111,tau_0,smap,SMAP_P-4,1111,pending,,
grasp_protocol_v3__tau_0__smap__SMAP_R-1__seed1111,tau_0,smap,SMAP_R-1,1111,pending,,
grasp_protocol_v3__tau_0__smap__SMAP_S-1__seed1111,tau_0,smap,SMAP_S-1,1111,pending,,
grasp_protocol_v3__tau_0__smap__SMAP_T-1__seed1111,tau_0,smap,SMAP_T-1,1111,pending,,
grasp_protocol_v3__tau_0__smap__SMAP_T-2__seed1111,tau_0,smap,SMAP_T-2,1111,pending,,
grasp_protocol_v3__tau_0__smap__SMAP_T-3__seed1111,tau_0,smap,SMAP_T-3,1111,pending,,
grasp_protocol_v3__tau_0p25__smap__SMAP_A-1__seed1111,tau_0p25,smap,SMAP_A-1,1111,pending,,
grasp_protocol_v3__tau_0p25__smap__SMAP_A-2__seed1111,tau_0p25,smap,SMAP_A-2,1111,pending,,
grasp_protocol_v3__tau_0p25__smap__SMAP_A-3__seed1111,tau_0p25,smap,SMAP_A-3,1111,pending,,
grasp_protocol_v3__tau_0p25__smap__SMAP_A-4__seed1111,tau_0p25,smap,SMAP_A-4,1111,pending,,
grasp_protocol_v3__tau_0p25__smap__SMAP_A-5__seed1111,tau_0p25,smap,SMAP_A-5,1111,pending,,
grasp_protocol_v3__tau_0p25__smap__SMAP_A-6__seed1111,tau_0p25,smap,SMAP_A-6,1111,pending,,
grasp_protocol_v3__tau_0p25__smap__SMAP_A-7__seed1111,tau_0p25,smap,SMAP_A-7,1111,pending,,
grasp_protocol_v3__tau_0p25__smap__SMAP_A-8__seed1111,tau_0p25,smap,SMAP_A-8,1111,pending,,
grasp_protocol_v3__tau_0p25__smap__SMAP_A-9__seed1111,tau_0p25,smap,SMAP_A-9,1111,pending,,
grasp_protocol_v3__tau_0p25__smap__SMAP_B-1__seed1111,tau_0p25,smap,SMAP_B-1,1111,pending,,
grasp_protocol_v3__tau_0p25__smap__SMAP_D-11__seed1111,tau_0p25,smap,SMAP_D-11,1111,pending,,
grasp_protocol_v3__tau_0p25__smap__SMAP_D-1__seed1111,tau_0p25,smap,SMAP_D-1,1111,pending,,
grasp_protocol_v3__tau_0p25__smap__SMAP_D-2__seed1111,tau_0p25,smap,SMAP_D-2,1111,pending,,
grasp_protocol_v3__tau_0p25__smap__SMAP_D-3__seed1111,tau_0p25,smap,SMAP_D-3,1111,pending,,
grasp_protocol_v3__tau_0p25__smap__SMAP_D-4__seed1111,tau_0p25,smap,SMAP_D-4,1111,pending,,
grasp_protocol_v3__tau_0p25__smap__SMAP_D-5__seed1111,tau_0p25,smap,SMAP_D-5,1111,pending,,
grasp_protocol_v3__tau_0p25__smap__SMAP_D-6__seed1111,tau_0p25,smap,SMAP_D-6,1111,pending,,
grasp_protocol_v3__tau_0p25__smap__SMAP_D-7__seed1111,tau_0p25,smap,SMAP_D-7,1111,pending,,
grasp_protocol_v3__tau_0p25__smap__SMAP_D-8__seed1111,tau_0p25,smap,SMAP_D-8,1111,pending,,
grasp_protocol_v3__tau_0p25__smap__SMAP_D-9__seed1111,tau_0p25,smap,SMAP_D-9,1111,pending,,
grasp_protocol_v3__tau_0p25__smap__SMAP_E-10__seed1111,tau_0p25,smap,SMAP_E-10,1111,pending,,
grasp_protocol_v3__tau_0p25__smap__SMAP_E-11__seed1111,tau_0p25,smap,SMAP_E-11,1111,pending,,
grasp_protocol_v3__tau_0p25__smap__SMAP_E-12__seed1111,tau_0p25,smap,SMAP_E-12,1111,pending,,
grasp_protocol_v3__tau_0p25__smap__SMAP_E-13__seed1111,tau_0p25,smap,SMAP_E-13,1111,pending,,
grasp_protocol_v3__tau_0p25__smap__SMAP_E-1__seed1111,tau_0p25,smap,SMAP_E-1,1111,pending,,
grasp_protocol_v3__tau_0p25__smap__SMAP_E-2__seed1111,tau_0p25,smap,SMAP_E-2,1111,pending,,
grasp_protocol_v3__tau_0p25__smap__SMAP_E-3__seed1111,tau_0p25,smap,SMAP_E-3,1111,pending,,
grasp_protocol_v3__tau_0p25__smap__SMAP_E-4__seed1111,tau_0p25,smap,SMAP_E-4,1111,pending,,
grasp_protocol_v3__tau_0p25__smap__SMAP_E-5__seed1111,tau_0p25,smap,SMAP_E-5,1111,pending,,
grasp_protocol_v3__tau_0p25__smap__SMAP_E-6__seed1111,tau_0p25,smap,SMAP_E-6,1111,pending,,
grasp_protocol_v3__tau_0p25__smap__SMAP_E-7__seed1111,tau_0p25,smap,SMAP_E-7,1111,pending,,
grasp_protocol_v3__tau_0p25__smap__SMAP_E-8__seed1111,tau_0p25,smap,SMAP_E-8,1111,pending,,
grasp_protocol_v3__tau_0p25__smap__SMAP_E-9__seed1111,tau_0p25,smap,SMAP_E-9,1111,pending,,
grasp_protocol_v3__tau_0p25__smap__SMAP_F-1__seed1111,tau_0p25,smap,SMAP_F-1,1111,pending,,
grasp_protocol_v3__tau_0p25__smap__SMAP_F-2__seed1111,tau_0p25,smap,SMAP_F-2,1111,pending,,
grasp_protocol_v3__tau_0p25__smap__SMAP_F-3__seed1111,tau_0p25,smap,SMAP_F-3,1111,pending,,
grasp_protocol_v3__tau_0p25__smap__SMAP_G-1__seed1111,tau_0p25,smap,SMAP_G-1,1111,pending,,
grasp_protocol_v3__tau_0p25__smap__SMAP_G-2__seed1111,tau_0p25,smap,SMAP_G-2,1111,pending,,
grasp_protocol_v3__tau_0p25__smap__SMAP_G-3__seed1111,tau_0p25,smap,SMAP_G-3,1111,pending,,
grasp_protocol_v3__tau_0p25__smap__SMAP_G-4__seed1111,tau_0p25,smap,SMAP_G-4,1111,pending,,
grasp_protocol_v3__tau_0p25__smap__SMAP_G-6__seed1111,tau_0p25,smap,SMAP_G-6,1111,pending,,
grasp_protocol_v3__tau_0p25__smap__SMAP_G-7__seed1111,tau_0p25,smap,SMAP_G-7,1111,pending,,
grasp_protocol_v3__tau_0p25__smap__SMAP_P-1__seed1111,tau_0p25,smap,SMAP_P-1,1111,pending,,
grasp_protocol_v3__tau_0p25__smap__SMAP_P-2__seed1111,tau_0p25,smap,SMAP_P-2,1111,pending,,
grasp_protocol_v3__tau_0p25__smap__SMAP_P-3__seed1111,tau_0p25,smap,SMAP_P-3,1111,pending,,
grasp_protocol_v3__tau_0p25__smap__SMAP_P-4__seed1111,tau_0p25,smap,SMAP_P-4,1111,pending,,
grasp_protocol_v3__tau_0p25__smap__SMAP_R-1__seed1111,tau_0p25,smap,SMAP_R-1,1111,pending,,
grasp_protocol_v3__tau_0p25__smap__SMAP_S-1__seed1111,tau_0p25,smap,SMAP_S-1,1111,pending,,
grasp_protocol_v3__tau_0p25__smap__SMAP_T-1__seed1111,tau_0p25,smap,SMAP_T-1,1111,pending,,
grasp_protocol_v3__tau_0p25__smap__SMAP_T-2__seed1111,tau_0p25,smap,SMAP_T-2,1111,pending,,
grasp_protocol_v3__tau_0p25__smap__SMAP_T-3__seed1111,tau_0p25,smap,SMAP_T-3,1111,pending,,
grasp_protocol_v3__tau_0p5__smap__SMAP_A-1__seed1111,tau_0p5,smap,SMAP_A-1,1111,pending,,
grasp_protocol_v3__tau_0p5__smap__SMAP_A-2__seed1111,tau_0p5,smap,SMAP_A-2,1111,pending,,
grasp_protocol_v3__tau_0p5__smap__SMAP_A-3__seed1111,tau_0p5,smap,SMAP_A-3,1111,pending,,
grasp_protocol_v3__tau_0p5__smap__SMAP_A-4__seed1111,tau_0p5,smap,SMAP_A-4,1111,pending,,
grasp_protocol_v3__tau_0p5__smap__SMAP_A-5__seed1111,tau_0p5,smap,SMAP_A-5,1111,pending,,
grasp_protocol_v3__tau_0p5__smap__SMAP_A-6__seed1111,tau_0p5,smap,SMAP_A-6,1111,pending,,
grasp_protocol_v3__tau_0p5__smap__SMAP_A-7__seed1111,tau_0p5,smap,SMAP_A-7,1111,pending,,
grasp_protocol_v3__tau_0p5__smap__SMAP_A-8__seed1111,tau_0p5,smap,SMAP_A-8,1111,pending,,
grasp_protocol_v3__tau_0p5__smap__SMAP_A-9__seed1111,tau_0p5,smap,SMAP_A-9,1111,pending,,
grasp_protocol_v3__tau_0p5__smap__SMAP_B-1__seed1111,tau_0p5,smap,SMAP_B-1,1111,pending,,
grasp_protocol_v3__tau_0p5__smap__SMAP_D-11__seed1111,tau_0p5,smap,SMAP_D-11,1111,pending,,
grasp_protocol_v3__tau_0p5__smap__SMAP_D-1__seed1111,tau_0p5,smap,SMAP_D-1,1111,pending,,
grasp_protocol_v3__tau_0p5__smap__SMAP_D-2__seed1111,tau_0p5,smap,SMAP_D-2,1111,pending,,
grasp_protocol_v3__tau_0p5__smap__SMAP_D-3__seed1111,tau_0p5,smap,SMAP_D-3,1111,pending,,
grasp_protocol_v3__tau_0p5__smap__SMAP_D-4__seed1111,tau_0p5,smap,SMAP_D-4,1111,pending,,
grasp_protocol_v3__tau_0p5__smap__SMAP_D-5__seed1111,tau_0p5,smap,SMAP_D-5,1111,pending,,
grasp_protocol_v3__tau_0p5__smap__SMAP_D-6__seed1111,tau_0p5,smap,SMAP_D-6,1111,pending,,
grasp_protocol_v3__tau_0p5__smap__SMAP_D-7__seed1111,tau_0p5,smap,SMAP_D-7,1111,pending,,
grasp_protocol_v3__tau_0p5__smap__SMAP_D-8__seed1111,tau_0p5,smap,SMAP_D-8,1111,pending,,
grasp_protocol_v3__tau_0p5__smap__SMAP_D-9__seed1111,tau_0p5,smap,SMAP_D-9,1111,pending,,
grasp_protocol_v3__tau_0p5__smap__SMAP_E-10__seed1111,tau_0p5,smap,SMAP_E-10,1111,pending,,
grasp_protocol_v3__tau_0p5__smap__SMAP_E-11__seed1111,tau_0p5,smap,SMAP_E-11,1111,pending,,
grasp_protocol_v3__tau_0p5__smap__SMAP_E-12__seed1111,tau_0p5,smap,SMAP_E-12,1111,pending,,
grasp_protocol_v3__tau_0p5__smap__SMAP_E-13__seed1111,tau_0p5,smap,SMAP_E-13,1111,pending,,
grasp_protocol_v3__tau_0p5__smap__SMAP_E-1__seed1111,tau_0p5,smap,SMAP_E-1,1111,pending,,
grasp_protocol_v3__tau_0p5__smap__SMAP_E-2__seed1111,tau_0p5,smap,SMAP_E-2,1111,pending,,
grasp_protocol_v3__tau_0p5__smap__SMAP_E-3__seed1111,tau_0p5,smap,SMAP_E-3,1111,pending,,
grasp_protocol_v3__tau_0p5__smap__SMAP_E-4__seed1111,tau_0p5,smap,SMAP_E-4,1111,pending,,
grasp_protocol_v3__tau_0p5__smap__SMAP_E-5__seed1111,tau_0p5,smap,SMAP_E-5,1111,pending,,
grasp_protocol_v3__tau_0p5__smap__SMAP_E-6__seed1111,tau_0p5,smap,SMAP_E-6,1111,pending,,
grasp_protocol_v3__tau_0p5__smap__SMAP_E-7__seed1111,tau_0p5,smap,SMAP_E-7,1111,pending,,
grasp_protocol_v3__tau_0p5__smap__SMAP_E-8__seed1111,tau_0p5,smap,SMAP_E-8,1111,pending,,
grasp_protocol_v3__tau_0p5__smap__SMAP_E-9__seed1111,tau_0p5,smap,SMAP_E-9,1111,pending,,
grasp_protocol_v3__tau_0p5__smap__SMAP_F-1__seed1111,tau_0p5,smap,SMAP_F-1,1111,pending,,
grasp_protocol_v3__tau_0p5__smap__SMAP_F-2__seed1111,tau_0p5,smap,SMAP_F-2,1111,pending,,
grasp_protocol_v3__tau_0p5__smap__SMAP_F-3__seed1111,tau_0p5,smap,SMAP_F-3,1111,pending,,
grasp_protocol_v3__tau_0p5__smap__SMAP_G-1__seed1111,tau_0p5,smap,SMAP_G-1,1111,pending,,
grasp_protocol_v3__tau_0p5__smap__SMAP_G-2__seed1111,tau_0p5,smap,SMAP_G-2,1111,pending,,
grasp_protocol_v3__tau_0p5__smap__SMAP_G-3__seed1111,tau_0p5,smap,SMAP_G-3,1111,pending,,
grasp_protocol_v3__tau_0p5__smap__SMAP_G-4__seed1111,tau_0p5,smap,SMAP_G-4,1111,pending,,
grasp_protocol_v3__tau_0p5__smap__SMAP_G-6__seed1111,tau_0p5,smap,SMAP_G-6,1111,pending,,
grasp_protocol_v3__tau_0p5__smap__SMAP_G-7__seed1111,tau_0p5,smap,SMAP_G-7,1111,pending,,
grasp_protocol_v3__tau_0p5__smap__SMAP_P-1__seed1111,tau_0p5,smap,SMAP_P-1,1111,pending,,
grasp_protocol_v3__tau_0p5__smap__SMAP_P-2__seed1111,tau_0p5,smap,SMAP_P-2,1111,pending,,
grasp_protocol_v3__tau_0p5__smap__SMAP_P-3__seed1111,tau_0p5,smap,SMAP_P-3,1111,pending,,
grasp_protocol_v3__tau_0p5__smap__SMAP_P-4__seed1111,tau_0p5,smap,SMAP_P-4,1111,pending,,
grasp_protocol_v3__tau_0p5__smap__SMAP_R-1__seed1111,tau_0p5,smap,SMAP_R-1,1111,pending,,
grasp_protocol_v3__tau_0p5__smap__SMAP_S-1__seed1111,tau_0p5,smap,SMAP_S-1,1111,pending,,
grasp_protocol_v3__tau_0p5__smap__SMAP_T-1__seed1111,tau_0p5,smap,SMAP_T-1,1111,pending,,
grasp_protocol_v3__tau_0p5__smap__SMAP_T-2__seed1111,tau_0p5,smap,SMAP_T-2,1111,pending,,
grasp_protocol_v3__tau_0p5__smap__SMAP_T-3__seed1111,tau_0p5,smap,SMAP_T-3,1111,pending,,
grasp_protocol_v3__tau_1__smap__SMAP_A-1__seed1111,tau_1,smap,SMAP_A-1,1111,pending,,
grasp_protocol_v3__tau_1__smap__SMAP_A-2__seed1111,tau_1,smap,SMAP_A-2,1111,pending,,
grasp_protocol_v3__tau_1__smap__SMAP_A-3__seed1111,tau_1,smap,SMAP_A-3,1111,pending,,
grasp_protocol_v3__tau_1__smap__SMAP_A-4__seed1111,tau_1,smap,SMAP_A-4,1111,pending,,
grasp_protocol_v3__tau_1__smap__SMAP_A-5__seed1111,tau_1,smap,SMAP_A-5,1111,pending,,
grasp_protocol_v3__tau_1__smap__SMAP_A-6__seed1111,tau_1,smap,SMAP_A-6,1111,pending,,
grasp_protocol_v3__tau_1__smap__SMAP_A-7__seed1111,tau_1,smap,SMAP_A-7,1111,pending,,
grasp_protocol_v3__tau_1__smap__SMAP_A-8__seed1111,tau_1,smap,SMAP_A-8,1111,pending,,
grasp_protocol_v3__tau_1__smap__SMAP_A-9__seed1111,tau_1,smap,SMAP_A-9,1111,pending,,
grasp_protocol_v3__tau_1__smap__SMAP_B-1__seed1111,tau_1,smap,SMAP_B-1,1111,pending,,
grasp_protocol_v3__tau_1__smap__SMAP_D-11__seed1111,tau_1,smap,SMAP_D-11,1111,pending,,
grasp_protocol_v3__tau_1__smap__SMAP_D-1__seed1111,tau_1,smap,SMAP_D-1,1111,pending,,
grasp_protocol_v3__tau_1__smap__SMAP_D-2__seed1111,tau_1,smap,SMAP_D-2,1111,pending,,
grasp_protocol_v3__tau_1__smap__SMAP_D-3__seed1111,tau_1,smap,SMAP_D-3,1111,pending,,
grasp_protocol_v3__tau_1__smap__SMAP_D-4__seed1111,tau_1,smap,SMAP_D-4,1111,pending,,
grasp_protocol_v3__tau_1__smap__SMAP_D-5__seed1111,tau_1,smap,SMAP_D-5,1111,pending,,
grasp_protocol_v3__tau_1__smap__SMAP_D-6__seed1111,tau_1,smap,SMAP_D-6,1111,pending,,
grasp_protocol_v3__tau_1__smap__SMAP_D-7__seed1111,tau_1,smap,SMAP_D-7,1111,pending,,
grasp_protocol_v3__tau_1__smap__SMAP_D-8__seed1111,tau_1,smap,SMAP_D-8,1111,pending,,
grasp_protocol_v3__tau_1__smap__SMAP_D-9__seed1111,tau_1,smap,SMAP_D-9,1111,pending,,
grasp_protocol_v3__tau_1__smap__SMAP_E-10__seed1111,tau_1,smap,SMAP_E-10,1111,pending,,
grasp_protocol_v3__tau_1__smap__SMAP_E-11__seed1111,tau_1,smap,SMAP_E-11,1111,pending,,
grasp_protocol_v3__tau_1__smap__SMAP_E-12__seed1111,tau_1,smap,SMAP_E-12,1111,pending,,
grasp_protocol_v3__tau_1__smap__SMAP_E-13__seed1111,tau_1,smap,SMAP_E-13,1111,pending,,
grasp_protocol_v3__tau_1__smap__SMAP_E-1__seed1111,tau_1,smap,SMAP_E-1,1111,pending,,
grasp_protocol_v3__tau_1__smap__SMAP_E-2__seed1111,tau_1,smap,SMAP_E-2,1111,pending,,
grasp_protocol_v3__tau_1__smap__SMAP_E-3__seed1111,tau_1,smap,SMAP_E-3,1111,pending,,
grasp_protocol_v3__tau_1__smap__SMAP_E-4__seed1111,tau_1,smap,SMAP_E-4,1111,pending,,
grasp_protocol_v3__tau_1__smap__SMAP_E-5__seed1111,tau_1,smap,SMAP_E-5,1111,pending,,
grasp_protocol_v3__tau_1__smap__SMAP_E-6__seed1111,tau_1,smap,SMAP_E-6,1111,pending,,
grasp_protocol_v3__tau_1__smap__SMAP_E-7__seed1111,tau_1,smap,SMAP_E-7,1111,pending,,
grasp_protocol_v3__tau_1__smap__SMAP_E-8__seed1111,tau_1,smap,SMAP_E-8,1111,pending,,
grasp_protocol_v3__tau_1__smap__SMAP_E-9__seed1111,tau_1,smap,SMAP_E-9,1111,pending,,
grasp_protocol_v3__tau_1__smap__SMAP_F-1__seed1111,tau_1,smap,SMAP_F-1,1111,pending,,
grasp_protocol_v3__tau_1__smap__SMAP_F-2__seed1111,tau_1,smap,SMAP_F-2,1111,pending,,
grasp_protocol_v3__tau_1__smap__SMAP_F-3__seed1111,tau_1,smap,SMAP_F-3,1111,pending,,
grasp_protocol_v3__tau_1__smap__SMAP_G-1__seed1111,tau_1,smap,SMAP_G-1,1111,pending,,
grasp_protocol_v3__tau_1__smap__SMAP_G-2__seed1111,tau_1,smap,SMAP_G-2,1111,pending,,
grasp_protocol_v3__tau_1__smap__SMAP_G-3__seed1111,tau_1,smap,SMAP_G-3,1111,pending,,
grasp_protocol_v3__tau_1__smap__SMAP_G-4__seed1111,tau_1,smap,SMAP_G-4,1111,pending,,
grasp_protocol_v3__tau_1__smap__SMAP_G-6__seed1111,tau_1,smap,SMAP_G-6,1111,pending,,
grasp_protocol_v3__tau_1__smap__SMAP_G-7__seed1111,tau_1,smap,SMAP_G-7,1111,pending,,
grasp_protocol_v3__tau_1__smap__SMAP_P-1__seed1111,tau_1,smap,SMAP_P-1,1111,pending,,
grasp_protocol_v3__tau_1__smap__SMAP_P-2__seed1111,tau_1,smap,SMAP_P-2,1111,pending,,
grasp_protocol_v3__tau_1__smap__SMAP_P-3__seed1111,tau_1,smap,SMAP_P-3,1111,pending,,
grasp_protocol_v3__tau_1__smap__SMAP_P-4__seed1111,tau_1,smap,SMAP_P-4,1111,pending,,
grasp_protocol_v3__tau_1__smap__SMAP_R-1__seed1111,tau_1,smap,SMAP_R-1,1111,pending,,
grasp_protocol_v3__tau_1__smap__SMAP_S-1__seed1111,tau_1,smap,SMAP_S-1,1111,pending,,
grasp_protocol_v3__tau_1__smap__SMAP_T-1__seed1111,tau_1,smap,SMAP_T-1,1111,pending,,
grasp_protocol_v3__tau_1__smap__SMAP_T-2__seed1111,tau_1,smap,SMAP_T-2,1111,pending,,
grasp_protocol_v3__tau_1__smap__SMAP_T-3__seed1111,tau_1,smap,SMAP_T-3,1111,pending,,
grasp_protocol_v3__tau_4__smap__SMAP_A-1__seed1111,tau_4,smap,SMAP_A-1,1111,pending,,
grasp_protocol_v3__tau_4__smap__SMAP_A-2__seed1111,tau_4,smap,SMAP_A-2,1111,pending,,
grasp_protocol_v3__tau_4__smap__SMAP_A-3__seed1111,tau_4,smap,SMAP_A-3,1111,pending,,
grasp_protocol_v3__tau_4__smap__SMAP_A-4__seed1111,tau_4,smap,SMAP_A-4,1111,pending,,
grasp_protocol_v3__tau_4__smap__SMAP_A-5__seed1111,tau_4,smap,SMAP_A-5,1111,pending,,
grasp_protocol_v3__tau_4__smap__SMAP_A-6__seed1111,tau_4,smap,SMAP_A-6,1111,pending,,
grasp_protocol_v3__tau_4__smap__SMAP_A-7__seed1111,tau_4,smap,SMAP_A-7,1111,pending,,
grasp_protocol_v3__tau_4__smap__SMAP_A-8__seed1111,tau_4,smap,SMAP_A-8,1111,pending,,
grasp_protocol_v3__tau_4__smap__SMAP_A-9__seed1111,tau_4,smap,SMAP_A-9,1111,pending,,
grasp_protocol_v3__tau_4__smap__SMAP_B-1__seed1111,tau_4,smap,SMAP_B-1,1111,pending,,
grasp_protocol_v3__tau_4__smap__SMAP_D-11__seed1111,tau_4,smap,SMAP_D-11,1111,pending,,
grasp_protocol_v3__tau_4__smap__SMAP_D-1__seed1111,tau_4,smap,SMAP_D-1,1111,pending,,
grasp_protocol_v3__tau_4__smap__SMAP_D-2__seed1111,tau_4,smap,SMAP_D-2,1111,pending,,
grasp_protocol_v3__tau_4__smap__SMAP_D-3__seed1111,tau_4,smap,SMAP_D-3,1111,pending,,
grasp_protocol_v3__tau_4__smap__SMAP_D-4__seed1111,tau_4,smap,SMAP_D-4,1111,pending,,
grasp_protocol_v3__tau_4__smap__SMAP_D-5__seed1111,tau_4,smap,SMAP_D-5,1111,pending,,
grasp_protocol_v3__tau_4__smap__SMAP_D-6__seed1111,tau_4,smap,SMAP_D-6,1111,pending,,
grasp_protocol_v3__tau_4__smap__SMAP_D-7__seed1111,tau_4,smap,SMAP_D-7,1111,pending,,
grasp_protocol_v3__tau_4__smap__SMAP_D-8__seed1111,tau_4,smap,SMAP_D-8,1111,pending,,
grasp_protocol_v3__tau_4__smap__SMAP_D-9__seed1111,tau_4,smap,SMAP_D-9,1111,pending,,
grasp_protocol_v3__tau_4__smap__SMAP_E-10__seed1111,tau_4,smap,SMAP_E-10,1111,pending,,
grasp_protocol_v3__tau_4__smap__SMAP_E-11__seed1111,tau_4,smap,SMAP_E-11,1111,pending,,
grasp_protocol_v3__tau_4__smap__SMAP_E-12__seed1111,tau_4,smap,SMAP_E-12,1111,pending,,
grasp_protocol_v3__tau_4__smap__SMAP_E-13__seed1111,tau_4,smap,SMAP_E-13,1111,pending,,
grasp_protocol_v3__tau_4__smap__SMAP_E-1__seed1111,tau_4,smap,SMAP_E-1,1111,pending,,
grasp_protocol_v3__tau_4__smap__SMAP_E-2__seed1111,tau_4,smap,SMAP_E-2,1111,pending,,
grasp_protocol_v3__tau_4__smap__SMAP_E-3__seed1111,tau_4,smap,SMAP_E-3,1111,pending,,
grasp_protocol_v3__tau_4__smap__SMAP_E-4__seed1111,tau_4,smap,SMAP_E-4,1111,pending,,
grasp_protocol_v3__tau_4__smap__SMAP_E-5__seed1111,tau_4,smap,SMAP_E-5,1111,pending,,
grasp_protocol_v3__tau_4__smap__SMAP_E-6__seed1111,tau_4,smap,SMAP_E-6,1111,pending,,
grasp_protocol_v3__tau_4__smap__SMAP_E-7__seed1111,tau_4,smap,SMAP_E-7,1111,pending,,
grasp_protocol_v3__tau_4__smap__SMAP_E-8__seed1111,tau_4,smap,SMAP_E-8,1111,pending,,
grasp_protocol_v3__tau_4__smap__SMAP_E-9__seed1111,tau_4,smap,SMAP_E-9,1111,pending,,
grasp_protocol_v3__tau_4__smap__SMAP_F-1__seed1111,tau_4,smap,SMAP_F-1,1111,pending,,
grasp_protocol_v3__tau_4__smap__SMAP_F-2__seed1111,tau_4,smap,SMAP_F-2,1111,pending,,
grasp_protocol_v3__tau_4__smap__SMAP_F-3__seed1111,tau_4,smap,SMAP_F-3,1111,pending,,
grasp_protocol_v3__tau_4__smap__SMAP_G-1__seed1111,tau_4,smap,SMAP_G-1,1111,pending,,
grasp_protocol_v3__tau_4__smap__SMAP_G-2__seed1111,tau_4,smap,SMAP_G-2,1111,pending,,
grasp_protocol_v3__tau_4__smap__SMAP_G-3__seed1111,tau_4,smap,SMAP_G-3,1111,pending,,
grasp_protocol_v3__tau_4__smap__SMAP_G-4__seed1111,tau_4,smap,SMAP_G-4,1111,pending,,
grasp_protocol_v3__tau_4__smap__SMAP_G-6__seed1111,tau_4,smap,SMAP_G-6,1111,pending,,
grasp_protocol_v3__tau_4__smap__SMAP_G-7__seed1111,tau_4,smap,SMAP_G-7,1111,pending,,
grasp_protocol_v3__tau_4__smap__SMAP_P-1__seed1111,tau_4,smap,SMAP_P-1,1111,pending,,
grasp_protocol_v3__tau_4__smap__SMAP_P-2__seed1111,tau_4,smap,SMAP_P-2,1111,pending,,
grasp_protocol_v3__tau_4__smap__SMAP_P-3__seed1111,tau_4,smap,SMAP_P-3,1111,pending,,
grasp_protocol_v3__tau_4__smap__SMAP_P-4__seed1111,tau_4,smap,SMAP_P-4,1111,pending,,
grasp_protocol_v3__tau_4__smap__SMAP_R-1__seed1111,tau_4,smap,SMAP_R-1,1111,pending,,
grasp_protocol_v3__tau_4__smap__SMAP_S-1__seed1111,tau_4,smap,SMAP_S-1,1111,pending,,
grasp_protocol_v3__tau_4__smap__SMAP_T-1__seed1111,tau_4,smap,SMAP_T-1,1111,pending,,
grasp_protocol_v3__tau_4__smap__SMAP_T-2__seed1111,tau_4,smap,SMAP_T-2,1111,pending,,
grasp_protocol_v3__tau_4__smap__SMAP_T-3__seed1111,tau_4,smap,SMAP_T-3,1111,pending,,
grasp_protocol_v3__tau_8__smap__SMAP_A-1__seed1111,tau_8,smap,SMAP_A-1,1111,pending,,
grasp_protocol_v3__tau_8__smap__SMAP_A-2__seed1111,tau_8,smap,SMAP_A-2,1111,pending,,
grasp_protocol_v3__tau_8__smap__SMAP_A-3__seed1111,tau_8,smap,SMAP_A-3,1111,pending,,
grasp_protocol_v3__tau_8__smap__SMAP_A-4__seed1111,tau_8,smap,SMAP_A-4,1111,pending,,
grasp_protocol_v3__tau_8__smap__SMAP_A-5__seed1111,tau_8,smap,SMAP_A-5,1111,pending,,
grasp_protocol_v3__tau_8__smap__SMAP_A-6__seed1111,tau_8,smap,SMAP_A-6,1111,pending,,
grasp_protocol_v3__tau_8__smap__SMAP_A-7__seed1111,tau_8,smap,SMAP_A-7,1111,pending,,
grasp_protocol_v3__tau_8__smap__SMAP_A-8__seed1111,tau_8,smap,SMAP_A-8,1111,pending,,
grasp_protocol_v3__tau_8__smap__SMAP_A-9__seed1111,tau_8,smap,SMAP_A-9,1111,pending,,
grasp_protocol_v3__tau_8__smap__SMAP_B-1__seed1111,tau_8,smap,SMAP_B-1,1111,pending,,
grasp_protocol_v3__tau_8__smap__SMAP_D-11__seed1111,tau_8,smap,SMAP_D-11,1111,pending,,
grasp_protocol_v3__tau_8__smap__SMAP_D-1__seed1111,tau_8,smap,SMAP_D-1,1111,pending,,
grasp_protocol_v3__tau_8__smap__SMAP_D-2__seed1111,tau_8,smap,SMAP_D-2,1111,pending,,
grasp_protocol_v3__tau_8__smap__SMAP_D-3__seed1111,tau_8,smap,SMAP_D-3,1111,pending,,
grasp_protocol_v3__tau_8__smap__SMAP_D-4__seed1111,tau_8,smap,SMAP_D-4,1111,pending,,
grasp_protocol_v3__tau_8__smap__SMAP_D-5__seed1111,tau_8,smap,SMAP_D-5,1111,pending,,
grasp_protocol_v3__tau_8__smap__SMAP_D-6__seed1111,tau_8,smap,SMAP_D-6,1111,pending,,
grasp_protocol_v3__tau_8__smap__SMAP_D-7__seed1111,tau_8,smap,SMAP_D-7,1111,pending,,
grasp_protocol_v3__tau_8__smap__SMAP_D-8__seed1111,tau_8,smap,SMAP_D-8,1111,pending,,
grasp_protocol_v3__tau_8__smap__SMAP_D-9__seed1111,tau_8,smap,SMAP_D-9,1111,pending,,
grasp_protocol_v3__tau_8__smap__SMAP_E-10__seed1111,tau_8,smap,SMAP_E-10,1111,pending,,
grasp_protocol_v3__tau_8__smap__SMAP_E-11__seed1111,tau_8,smap,SMAP_E-11,1111,pending,,
grasp_protocol_v3__tau_8__smap__SMAP_E-12__seed1111,tau_8,smap,SMAP_E-12,1111,pending,,
grasp_protocol_v3__tau_8__smap__SMAP_E-13__seed1111,tau_8,smap,SMAP_E-13,1111,pending,,
grasp_protocol_v3__tau_8__smap__SMAP_E-1__seed1111,tau_8,smap,SMAP_E-1,1111,pending,,
grasp_protocol_v3__tau_8__smap__SMAP_E-2__seed1111,tau_8,smap,SMAP_E-2,1111,pending,,
grasp_protocol_v3__tau_8__smap__SMAP_E-3__seed1111,tau_8,smap,SMAP_E-3,1111,pending,,
grasp_protocol_v3__tau_8__smap__SMAP_E-4__seed1111,tau_8,smap,SMAP_E-4,1111,pending,,
grasp_protocol_v3__tau_8__smap__SMAP_E-5__seed1111,tau_8,smap,SMAP_E-5,1111,pending,,
grasp_protocol_v3__tau_8__smap__SMAP_E-6__seed1111,tau_8,smap,SMAP_E-6,1111,pending,,
grasp_protocol_v3__tau_8__smap__SMAP_E-7__seed1111,tau_8,smap,SMAP_E-7,1111,pending,,
grasp_protocol_v3__tau_8__smap__SMAP_E-8__seed1111,tau_8,smap,SMAP_E-8,1111,pending,,
grasp_protocol_v3__tau_8__smap__SMAP_E-9__seed1111,tau_8,smap,SMAP_E-9,1111,pending,,
grasp_protocol_v3__tau_8__smap__SMAP_F-1__seed1111,tau_8,smap,SMAP_F-1,1111,pending,,
grasp_protocol_v3__tau_8__smap__SMAP_F-2__seed1111,tau_8,smap,SMAP_F-2,1111,pending,,
grasp_protocol_v3__tau_8__smap__SMAP_F-3__seed1111,tau_8,smap,SMAP_F-3,1111,pending,,
grasp_protocol_v3__tau_8__smap__SMAP_G-1__seed1111,tau_8,smap,SMAP_G-1,1111,pending,,
grasp_protocol_v3__tau_8__smap__SMAP_G-2__seed1111,tau_8,smap,SMAP_G-2,1111,pending,,
grasp_protocol_v3__tau_8__smap__SMAP_G-3__seed1111,tau_8,smap,SMAP_G-3,1111,pending,,
grasp_protocol_v3__tau_8__smap__SMAP_G-4__seed1111,tau_8,smap,SMAP_G-4,1111,pending,,
grasp_protocol_v3__tau_8__smap__SMAP_G-6__seed1111,tau_8,smap,SMAP_G-6,1111,pending,,
grasp_protocol_v3__tau_8__smap__SMAP_G-7__seed1111,tau_8,smap,SMAP_G-7,1111,pending,,
grasp_protocol_v3__tau_8__smap__SMAP_P-1__seed1111,tau_8,smap,SMAP_P-1,1111,pending,,
grasp_protocol_v3__tau_8__smap__SMAP_P-2__seed1111,tau_8,smap,SMAP_P-2,1111,pending,,
grasp_protocol_v3__tau_8__smap__SMAP_P-3__seed1111,tau_8,smap,SMAP_P-3,1111,pending,,
grasp_protocol_v3__tau_8__smap__SMAP_P-4__seed1111,tau_8,smap,SMAP_P-4,1111,pending,,
grasp_protocol_v3__tau_8__smap__SMAP_R-1__seed1111,tau_8,smap,SMAP_R-1,1111,pending,,
grasp_protocol_v3__tau_8__smap__SMAP_S-1__seed1111,tau_8,smap,SMAP_S-1,1111,pending,,
grasp_protocol_v3__tau_8__smap__SMAP_T-1__seed1111,tau_8,smap,SMAP_T-1,1111,pending,,
grasp_protocol_v3__tau_8__smap__SMAP_T-2__seed1111,tau_8,smap,SMAP_T-2,1111,pending,,
grasp_protocol_v3__tau_8__smap__SMAP_T-3__seed1111,tau_8,smap,SMAP_T-3,1111,pending,,
grasp_protocol_v3__gnn__smap__SMAP_A-1__seed1112,gnn,smap,SMAP_A-1,1112,pending,,
grasp_protocol_v3__gnn__smap__SMAP_A-2__seed1112,gnn,smap,SMAP_A-2,1112,pending,,
grasp_protocol_v3__gnn__smap__SMAP_A-3__seed1112,gnn,smap,SMAP_A-3,1112,pending,,
grasp_protocol_v3__gnn__smap__SMAP_A-4__seed1112,gnn,smap,SMAP_A-4,1112,pending,,
grasp_protocol_v3__gnn__smap__SMAP_A-5__seed1112,gnn,smap,SMAP_A-5,1112,pending,,
grasp_protocol_v3__gnn__smap__SMAP_A-6__seed1112,gnn,smap,SMAP_A-6,1112,pending,,
grasp_protocol_v3__gnn__smap__SMAP_A-7__seed1112,gnn,smap,SMAP_A-7,1112,pending,,
grasp_protocol_v3__gnn__smap__SMAP_A-8__seed1112,gnn,smap,SMAP_A-8,1112,pending,,
grasp_protocol_v3__gnn__smap__SMAP_A-9__seed1112,gnn,smap,SMAP_A-9,1112,pending,,
grasp_protocol_v3__gnn__smap__SMAP_B-1__seed1112,gnn,smap,SMAP_B-1,1112,pending,,
grasp_protocol_v3__gnn__smap__SMAP_D-11__seed1112,gnn,smap,SMAP_D-11,1112,pending,,
grasp_protocol_v3__gnn__smap__SMAP_D-1__seed1112,gnn,smap,SMAP_D-1,1112,pending,,
grasp_protocol_v3__gnn__smap__SMAP_D-2__seed1112,gnn,smap,SMAP_D-2,1112,pending,,
grasp_protocol_v3__gnn__smap__SMAP_D-3__seed1112,gnn,smap,SMAP_D-3,1112,pending,,
grasp_protocol_v3__gnn__smap__SMAP_D-4__seed1112,gnn,smap,SMAP_D-4,1112,pending,,
grasp_protocol_v3__gnn__smap__SMAP_D-5__seed1112,gnn,smap,SMAP_D-5,1112,pending,,
grasp_protocol_v3__gnn__smap__SMAP_D-6__seed1112,gnn,smap,SMAP_D-6,1112,pending,,
grasp_protocol_v3__gnn__smap__SMAP_D-7__seed1112,gnn,smap,SMAP_D-7,1112,pending,,
grasp_protocol_v3__gnn__smap__SMAP_D-8__seed1112,gnn,smap,SMAP_D-8,1112,pending,,
grasp_protocol_v3__gnn__smap__SMAP_D-9__seed1112,gnn,smap,SMAP_D-9,1112,pending,,
grasp_protocol_v3__gnn__smap__SMAP_E-10__seed1112,gnn,smap,SMAP_E-10,1112,pending,,
grasp_protocol_v3__gnn__smap__SMAP_E-11__seed1112,gnn,smap,SMAP_E-11,1112,pending,,
grasp_protocol_v3__gnn__smap__SMAP_E-12__seed1112,gnn,smap,SMAP_E-12,1112,pending,,
grasp_protocol_v3__gnn__smap__SMAP_E-13__seed1112,gnn,smap,SMAP_E-13,1112,pending,,
grasp_protocol_v3__gnn__smap__SMAP_E-1__seed1112,gnn,smap,SMAP_E-1,1112,pending,,
grasp_protocol_v3__gnn__smap__SMAP_E-2__seed1112,gnn,smap,SMAP_E-2,1112,pending,,
grasp_protocol_v3__gnn__smap__SMAP_E-3__seed1112,gnn,smap,SMAP_E-3,1112,pending,,
grasp_protocol_v3__gnn__smap__SMAP_E-4__seed1112,gnn,smap,SMAP_E-4,1112,pending,,
grasp_protocol_v3__gnn__smap__SMAP_E-5__seed1112,gnn,smap,SMAP_E-5,1112,pending,,
grasp_protocol_v3__gnn__smap__SMAP_E-6__seed1112,gnn,smap,SMAP_E-6,1112,pending,,
grasp_protocol_v3__gnn__smap__SMAP_E-7__seed1112,gnn,smap,SMAP_E-7,1112,pending,,
grasp_protocol_v3__gnn__smap__SMAP_E-8__seed1112,gnn,smap,SMAP_E-8,1112,pending,,
grasp_protocol_v3__gnn__smap__SMAP_E-9__seed1112,gnn,smap,SMAP_E-9,1112,pending,,
grasp_protocol_v3__gnn__smap__SMAP_F-1__seed1112,gnn,smap,SMAP_F-1,1112,pending,,
grasp_protocol_v3__gnn__smap__SMAP_F-2__seed1112,gnn,smap,SMAP_F-2,1112,pending,,
grasp_protocol_v3__gnn__smap__SMAP_F-3__seed1112,gnn,smap,SMAP_F-3,1112,pending,,
grasp_protocol_v3__gnn__smap__SMAP_G-1__seed1112,gnn,smap,SMAP_G-1,1112,pending,,
grasp_protocol_v3__gnn__smap__SMAP_G-2__seed1112,gnn,smap,SMAP_G-2,1112,pending,,
grasp_protocol_v3__gnn__smap__SMAP_G-3__seed1112,gnn,smap,SMAP_G-3,1112,pending,,
grasp_protocol_v3__gnn__smap__SMAP_G-4__seed1112,gnn,smap,SMAP_G-4,1112,pending,,
grasp_protocol_v3__gnn__smap__SMAP_G-6__seed1112,gnn,smap,SMAP_G-6,1112,pending,,
grasp_protocol_v3__gnn__smap__SMAP_G-7__seed1112,gnn,smap,SMAP_G-7,1112,pending,,
grasp_protocol_v3__gnn__smap__SMAP_P-1__seed1112,gnn,smap,SMAP_P-1,1112,pending,,
grasp_protocol_v3__gnn__smap__SMAP_P-2__seed1112,gnn,smap,SMAP_P-2,1112,pending,,
grasp_protocol_v3__gnn__smap__SMAP_P-3__seed1112,gnn,smap,SMAP_P-3,1112,pending,,
grasp_protocol_v3__gnn__smap__SMAP_P-4__seed1112,gnn,smap,SMAP_P-4,1112,pending,,
grasp_protocol_v3__gnn__smap__SMAP_R-1__seed1112,gnn,smap,SMAP_R-1,1112,pending,,
grasp_protocol_v3__gnn__smap__SMAP_S-1__seed1112,gnn,smap,SMAP_S-1,1112,pending,,
grasp_protocol_v3__gnn__smap__SMAP_T-1__seed1112,gnn,smap,SMAP_T-1,1112,pending,,
grasp_protocol_v3__gnn__smap__SMAP_T-2__seed1112,gnn,smap,SMAP_T-2,1112,pending,,
grasp_protocol_v3__gnn__smap__SMAP_T-3__seed1112,gnn,smap,SMAP_T-3,1112,pending,,
grasp_protocol_v3__main__smap__SMAP_A-1__seed1112,main,smap,SMAP_A-1,1112,pending,,
grasp_protocol_v3__main__smap__SMAP_A-2__seed1112,main,smap,SMAP_A-2,1112,pending,,
grasp_protocol_v3__main__smap__SMAP_A-3__seed1112,main,smap,SMAP_A-3,1112,pending,,
grasp_protocol_v3__main__smap__SMAP_A-4__seed1112,main,smap,SMAP_A-4,1112,pending,,
grasp_protocol_v3__main__smap__SMAP_A-5__seed1112,main,smap,SMAP_A-5,1112,pending,,
grasp_protocol_v3__main__smap__SMAP_A-6__seed1112,main,smap,SMAP_A-6,1112,pending,,
grasp_protocol_v3__main__smap__SMAP_A-7__seed1112,main,smap,SMAP_A-7,1112,pending,,
grasp_protocol_v3__main__smap__SMAP_A-8__seed1112,main,smap,SMAP_A-8,1112,pending,,
grasp_protocol_v3__main__smap__SMAP_A-9__seed1112,main,smap,SMAP_A-9,1112,pending,,
grasp_protocol_v3__main__smap__SMAP_B-1__seed1112,main,smap,SMAP_B-1,1112,pending,,
grasp_protocol_v3__main__smap__SMAP_D-11__seed1112,main,smap,SMAP_D-11,1112,pending,,
grasp_protocol_v3__main__smap__SMAP_D-1__seed1112,main,smap,SMAP_D-1,1112,pending,,
grasp_protocol_v3__main__smap__SMAP_D-2__seed1112,main,smap,SMAP_D-2,1112,pending,,
grasp_protocol_v3__main__smap__SMAP_D-3__seed1112,main,smap,SMAP_D-3,1112,pending,,
grasp_protocol_v3__main__smap__SMAP_D-4__seed1112,main,smap,SMAP_D-4,1112,pending,,
grasp_protocol_v3__main__smap__SMAP_D-5__seed1112,main,smap,SMAP_D-5,1112,pending,,
grasp_protocol_v3__main__smap__SMAP_D-6__seed1112,main,smap,SMAP_D-6,1112,pending,,
grasp_protocol_v3__main__smap__SMAP_D-7__seed1112,main,smap,SMAP_D-7,1112,pending,,
grasp_protocol_v3__main__smap__SMAP_D-8__seed1112,main,smap,SMAP_D-8,1112,pending,,
grasp_protocol_v3__main__smap__SMAP_D-9__seed1112,main,smap,SMAP_D-9,1112,pending,,
grasp_protocol_v3__main__smap__SMAP_E-10__seed1112,main,smap,SMAP_E-10,1112,pending,,
grasp_protocol_v3__main__smap__SMAP_E-11__seed1112,main,smap,SMAP_E-11,1112,pending,,
grasp_protocol_v3__main__smap__SMAP_E-12__seed1112,main,smap,SMAP_E-12,1112,pending,,
grasp_protocol_v3__main__smap__SMAP_E-13__seed1112,main,smap,SMAP_E-13,1112,pending,,
grasp_protocol_v3__main__smap__SMAP_E-1__seed1112,main,smap,SMAP_E-1,1112,pending,,
grasp_protocol_v3__main__smap__SMAP_E-2__seed1112,main,smap,SMAP_E-2,1112,pending,,
grasp_protocol_v3__main__smap__SMAP_E-3__seed1112,main,smap,SMAP_E-3,1112,pending,,
grasp_protocol_v3__main__smap__SMAP_E-4__seed1112,main,smap,SMAP_E-4,1112,pending,,
grasp_protocol_v3__main__smap__SMAP_E-5__seed1112,main,smap,SMAP_E-5,1112,pending,,
grasp_protocol_v3__main__smap__SMAP_E-6__seed1112,main,smap,SMAP_E-6,1112,pending,,
grasp_protocol_v3__main__smap__SMAP_E-7__seed1112,main,smap,SMAP_E-7,1112,pending,,
grasp_protocol_v3__main__smap__SMAP_E-8__seed1112,main,smap,SMAP_E-8,1112,pending,,
grasp_protocol_v3__main__smap__SMAP_E-9__seed1112,main,smap,SMAP_E-9,1112,pending,,
grasp_protocol_v3__main__smap__SMAP_F-1__seed1112,main,smap,SMAP_F-1,1112,pending,,
grasp_protocol_v3__main__smap__SMAP_F-2__seed1112,main,smap,SMAP_F-2,1112,pending,,
grasp_protocol_v3__main__smap__SMAP_F-3__seed1112,main,smap,SMAP_F-3,1112,pending,,
grasp_protocol_v3__main__smap__SMAP_G-1__seed1112,main,smap,SMAP_G-1,1112,pending,,
grasp_protocol_v3__main__smap__SMAP_G-2__seed1112,main,smap,SMAP_G-2,1112,pending,,
grasp_protocol_v3__main__smap__SMAP_G-3__seed1112,main,smap,SMAP_G-3,1112,pending,,
grasp_protocol_v3__main__smap__SMAP_G-4__seed1112,main,smap,SMAP_G-4,1112,pending,,
grasp_protocol_v3__main__smap__SMAP_G-6__seed1112,main,smap,SMAP_G-6,1112,pending,,
grasp_protocol_v3__main__smap__SMAP_G-7__seed1112,main,smap,SMAP_G-7,1112,pending,,
grasp_protocol_v3__main__smap__SMAP_P-1__seed1112,main,smap,SMAP_P-1,1112,pending,,
grasp_protocol_v3__main__smap__SMAP_P-2__seed1112,main,smap,SMAP_P-2,1112,pending,,
grasp_protocol_v3__main__smap__SMAP_P-3__seed1112,main,smap,SMAP_P-3,1112,pending,,
grasp_protocol_v3__main__smap__SMAP_P-4__seed1112,main,smap,SMAP_P-4,1112,pending,,
grasp_protocol_v3__main__smap__SMAP_R-1__seed1112,main,smap,SMAP_R-1,1112,pending,,
grasp_protocol_v3__main__smap__SMAP_S-1__seed1112,main,smap,SMAP_S-1,1112,pending,,
grasp_protocol_v3__main__smap__SMAP_T-1__seed1112,main,smap,SMAP_T-1,1112,pending,,
grasp_protocol_v3__main__smap__SMAP_T-2__seed1112,main,smap,SMAP_T-2,1112,pending,,
grasp_protocol_v3__main__smap__SMAP_T-3__seed1112,main,smap,SMAP_T-3,1112,pending,,
grasp_protocol_v3__transformer__smap__SMAP_A-1__seed1112,transformer,smap,SMAP_A-1,1112,pending,,
grasp_protocol_v3__transformer__smap__SMAP_A-2__seed1112,transformer,smap,SMAP_A-2,1112,pending,,
grasp_protocol_v3__transformer__smap__SMAP_A-3__seed1112,transformer,smap,SMAP_A-3,1112,pending,,
grasp_protocol_v3__transformer__smap__SMAP_A-4__seed1112,transformer,smap,SMAP_A-4,1112,pending,,
grasp_protocol_v3__transformer__smap__SMAP_A-5__seed1112,transformer,smap,SMAP_A-5,1112,pending,,
grasp_protocol_v3__transformer__smap__SMAP_A-6__seed1112,transformer,smap,SMAP_A-6,1112,pending,,
grasp_protocol_v3__transformer__smap__SMAP_A-7__seed1112,transformer,smap,SMAP_A-7,1112,pending,,
grasp_protocol_v3__transformer__smap__SMAP_A-8__seed1112,transformer,smap,SMAP_A-8,1112,pending,,
grasp_protocol_v3__transformer__smap__SMAP_A-9__seed1112,transformer,smap,SMAP_A-9,1112,pending,,
grasp_protocol_v3__transformer__smap__SMAP_B-1__seed1112,transformer,smap,SMAP_B-1,1112,pending,,
grasp_protocol_v3__transformer__smap__SMAP_D-11__seed1112,transformer,smap,SMAP_D-11,1112,pending,,
grasp_protocol_v3__transformer__smap__SMAP_D-1__seed1112,transformer,smap,SMAP_D-1,1112,pending,,
grasp_protocol_v3__transformer__smap__SMAP_D-2__seed1112,transformer,smap,SMAP_D-2,1112,pending,,
grasp_protocol_v3__transformer__smap__SMAP_D-3__seed1112,transformer,smap,SMAP_D-3,1112,pending,,
grasp_protocol_v3__transformer__smap__SMAP_D-4__seed1112,transformer,smap,SMAP_D-4,1112,pending,,
grasp_protocol_v3__transformer__smap__SMAP_D-5__seed1112,transformer,smap,SMAP_D-5,1112,pending,,
grasp_protocol_v3__transformer__smap__SMAP_D-6__seed1112,transformer,smap,SMAP_D-6,1112,pending,,
grasp_protocol_v3__transformer__smap__SMAP_D-7__seed1112,transformer,smap,SMAP_D-7,1112,pending,,
grasp_protocol_v3__transformer__smap__SMAP_D-8__seed1112,transformer,smap,SMAP_D-8,1112,pending,,
grasp_protocol_v3__transformer__smap__SMAP_D-9__seed1112,transformer,smap,SMAP_D-9,1112,pending,,
grasp_protocol_v3__transformer__smap__SMAP_E-10__seed1112,transformer,smap,SMAP_E-10,1112,pending,,
grasp_protocol_v3__transformer__smap__SMAP_E-11__seed1112,transformer,smap,SMAP_E-11,1112,pending,,
grasp_protocol_v3__transformer__smap__SMAP_E-12__seed1112,transformer,smap,SMAP_E-12,1112,pending,,
grasp_protocol_v3__transformer__smap__SMAP_E-13__seed1112,transformer,smap,SMAP_E-13,1112,pending,,
grasp_protocol_v3__transformer__smap__SMAP_E-1__seed1112,transformer,smap,SMAP_E-1,1112,pending,,
grasp_protocol_v3__transformer__smap__SMAP_E-2__seed1112,transformer,smap,SMAP_E-2,1112,pending,,
grasp_protocol_v3__transformer__smap__SMAP_E-3__seed1112,transformer,smap,SMAP_E-3,1112,pending,,
grasp_protocol_v3__transformer__smap__SMAP_E-4__seed1112,transformer,smap,SMAP_E-4,1112,pending,,
grasp_protocol_v3__transformer__smap__SMAP_E-5__seed1112,transformer,smap,SMAP_E-5,1112,pending,,
grasp_protocol_v3__transformer__smap__SMAP_E-6__seed1112,transformer,smap,SMAP_E-6,1112,pending,,
grasp_protocol_v3__transformer__smap__SMAP_E-7__seed1112,transformer,smap,SMAP_E-7,1112,pending,,
grasp_protocol_v3__transformer__smap__SMAP_E-8__seed1112,transformer,smap,SMAP_E-8,1112,pending,,
grasp_protocol_v3__transformer__smap__SMAP_E-9__seed1112,transformer,smap,SMAP_E-9,1112,pending,,
grasp_protocol_v3__transformer__smap__SMAP_F-1__seed1112,transformer,smap,SMAP_F-1,1112,pending,,
grasp_protocol_v3__transformer__smap__SMAP_F-2__seed1112,transformer,smap,SMAP_F-2,1112,pending,,
grasp_protocol_v3__transformer__smap__SMAP_F-3__seed1112,transformer,smap,SMAP_F-3,1112,pending,,
grasp_protocol_v3__transformer__smap__SMAP_G-1__seed1112,transformer,smap,SMAP_G-1,1112,pending,,
grasp_protocol_v3__transformer__smap__SMAP_G-2__seed1112,transformer,smap,SMAP_G-2,1112,pending,,
grasp_protocol_v3__transformer__smap__SMAP_G-3__seed1112,transformer,smap,SMAP_G-3,1112,pending,,
grasp_protocol_v3__transformer__smap__SMAP_G-4__seed1112,transformer,smap,SMAP_G-4,1112,pending,,
grasp_protocol_v3__transformer__smap__SMAP_G-6__seed1112,transformer,smap,SMAP_G-6,1112,pending,,
grasp_protocol_v3__transformer__smap__SMAP_G-7__seed1112,transformer,smap,SMAP_G-7,1112,pending,,
grasp_protocol_v3__transformer__smap__SMAP_P-1__seed1112,transformer,smap,SMAP_P-1,1112,pending,,
grasp_protocol_v3__transformer__smap__SMAP_P-2__seed1112,transformer,smap,SMAP_P-2,1112,pending,,
grasp_protocol_v3__transformer__smap__SMAP_P-3__seed1112,transformer,smap,SMAP_P-3,1112,pending,,
grasp_protocol_v3__transformer__smap__SMAP_P-4__seed1112,transformer,smap,SMAP_P-4,1112,pending,,
grasp_protocol_v3__transformer__smap__SMAP_R-1__seed1112,transformer,smap,SMAP_R-1,1112,pending,,
grasp_protocol_v3__transformer__smap__SMAP_S-1__seed1112,transformer,smap,SMAP_S-1,1112,pending,,
grasp_protocol_v3__transformer__smap__SMAP_T-1__seed1112,transformer,smap,SMAP_T-1,1112,pending,,
grasp_protocol_v3__transformer__smap__SMAP_T-2__seed1112,transformer,smap,SMAP_T-2,1112,pending,,
grasp_protocol_v3__transformer__smap__SMAP_T-3__seed1112,transformer,smap,SMAP_T-3,1112,pending,,
grasp_protocol_v3__mean__smap__SMAP_A-1__seed1112,mean,smap,SMAP_A-1,1112,pending,,
grasp_protocol_v3__mean__smap__SMAP_A-2__seed1112,mean,smap,SMAP_A-2,1112,pending,,
grasp_protocol_v3__mean__smap__SMAP_A-3__seed1112,mean,smap,SMAP_A-3,1112,pending,,
grasp_protocol_v3__mean__smap__SMAP_A-4__seed1112,mean,smap,SMAP_A-4,1112,pending,,
grasp_protocol_v3__mean__smap__SMAP_A-5__seed1112,mean,smap,SMAP_A-5,1112,pending,,
grasp_protocol_v3__mean__smap__SMAP_A-6__seed1112,mean,smap,SMAP_A-6,1112,pending,,
grasp_protocol_v3__mean__smap__SMAP_A-7__seed1112,mean,smap,SMAP_A-7,1112,pending,,
grasp_protocol_v3__mean__smap__SMAP_A-8__seed1112,mean,smap,SMAP_A-8,1112,pending,,
grasp_protocol_v3__mean__smap__SMAP_A-9__seed1112,mean,smap,SMAP_A-9,1112,pending,,
grasp_protocol_v3__mean__smap__SMAP_B-1__seed1112,mean,smap,SMAP_B-1,1112,pending,,
grasp_protocol_v3__mean__smap__SMAP_D-11__seed1112,mean,smap,SMAP_D-11,1112,pending,,
grasp_protocol_v3__mean__smap__SMAP_D-1__seed1112,mean,smap,SMAP_D-1,1112,pending,,
grasp_protocol_v3__mean__smap__SMAP_D-2__seed1112,mean,smap,SMAP_D-2,1112,pending,,
grasp_protocol_v3__mean__smap__SMAP_D-3__seed1112,mean,smap,SMAP_D-3,1112,pending,,
grasp_protocol_v3__mean__smap__SMAP_D-4__seed1112,mean,smap,SMAP_D-4,1112,pending,,
grasp_protocol_v3__mean__smap__SMAP_D-5__seed1112,mean,smap,SMAP_D-5,1112,pending,,
grasp_protocol_v3__mean__smap__SMAP_D-6__seed1112,mean,smap,SMAP_D-6,1112,pending,,
grasp_protocol_v3__mean__smap__SMAP_D-7__seed1112,mean,smap,SMAP_D-7,1112,pending,,
grasp_protocol_v3__mean__smap__SMAP_D-8__seed1112,mean,smap,SMAP_D-8,1112,pending,,
grasp_protocol_v3__mean__smap__SMAP_D-9__seed1112,mean,smap,SMAP_D-9,1112,pending,,
grasp_protocol_v3__mean__smap__SMAP_E-10__seed1112,mean,smap,SMAP_E-10,1112,pending,,
grasp_protocol_v3__mean__smap__SMAP_E-11__seed1112,mean,smap,SMAP_E-11,1112,pending,,
grasp_protocol_v3__mean__smap__SMAP_E-12__seed1112,mean,smap,SMAP_E-12,1112,pending,,
grasp_protocol_v3__mean__smap__SMAP_E-13__seed1112,mean,smap,SMAP_E-13,1112,pending,,
grasp_protocol_v3__mean__smap__SMAP_E-1__seed1112,mean,smap,SMAP_E-1,1112,pending,,
grasp_protocol_v3__mean__smap__SMAP_E-2__seed1112,mean,smap,SMAP_E-2,1112,pending,,
grasp_protocol_v3__mean__smap__SMAP_E-3__seed1112,mean,smap,SMAP_E-3,1112,pending,,
grasp_protocol_v3__mean__smap__SMAP_E-4__seed1112,mean,smap,SMAP_E-4,1112,pending,,
grasp_protocol_v3__mean__smap__SMAP_E-5__seed1112,mean,smap,SMAP_E-5,1112,pending,,
grasp_protocol_v3__mean__smap__SMAP_E-6__seed1112,mean,smap,SMAP_E-6,1112,pending,,
grasp_protocol_v3__mean__smap__SMAP_E-7__seed1112,mean,smap,SMAP_E-7,1112,pending,,
grasp_protocol_v3__mean__smap__SMAP_E-8__seed1112,mean,smap,SMAP_E-8,1112,pending,,
grasp_protocol_v3__mean__smap__SMAP_E-9__seed1112,mean,smap,SMAP_E-9,1112,pending,,
grasp_protocol_v3__mean__smap__SMAP_F-1__seed1112,mean,smap,SMAP_F-1,1112,pending,,
grasp_protocol_v3__mean__smap__SMAP_F-2__seed1112,mean,smap,SMAP_F-2,1112,pending,,
grasp_protocol_v3__mean__smap__SMAP_F-3__seed1112,mean,smap,SMAP_F-3,1112,pending,,
grasp_protocol_v3__mean__smap__SMAP_G-1__seed1112,mean,smap,SMAP_G-1,1112,pending,,
grasp_protocol_v3__mean__smap__SMAP_G-2__seed1112,mean,smap,SMAP_G-2,1112,pending,,
grasp_protocol_v3__mean__smap__SMAP_G-3__seed1112,mean,smap,SMAP_G-3,1112,pending,,
grasp_protocol_v3__mean__smap__SMAP_G-4__seed1112,mean,smap,SMAP_G-4,1112,pending,,
grasp_protocol_v3__mean__smap__SMAP_G-6__seed1112,mean,smap,SMAP_G-6,1112,pending,,
grasp_protocol_v3__mean__smap__SMAP_G-7__seed1112,mean,smap,SMAP_G-7,1112,pending,,
grasp_protocol_v3__mean__smap__SMAP_P-1__seed1112,mean,smap,SMAP_P-1,1112,pending,,
grasp_protocol_v3__mean__smap__SMAP_P-2__seed1112,mean,smap,SMAP_P-2,1112,pending,,
grasp_protocol_v3__mean__smap__SMAP_P-3__seed1112,mean,smap,SMAP_P-3,1112,pending,,
grasp_protocol_v3__mean__smap__SMAP_P-4__seed1112,mean,smap,SMAP_P-4,1112,pending,,
grasp_protocol_v3__mean__smap__SMAP_R-1__seed1112,mean,smap,SMAP_R-1,1112,pending,,
grasp_protocol_v3__mean__smap__SMAP_S-1__seed1112,mean,smap,SMAP_S-1,1112,pending,,
grasp_protocol_v3__mean__smap__SMAP_T-1__seed1112,mean,smap,SMAP_T-1,1112,pending,,
grasp_protocol_v3__mean__smap__SMAP_T-2__seed1112,mean,smap,SMAP_T-2,1112,pending,,
grasp_protocol_v3__mean__smap__SMAP_T-3__seed1112,mean,smap,SMAP_T-3,1112,pending,,
grasp_protocol_v3__er__smap__SMAP_A-1__seed1112,er,smap,SMAP_A-1,1112,pending,,
grasp_protocol_v3__er__smap__SMAP_A-2__seed1112,er,smap,SMAP_A-2,1112,pending,,
grasp_protocol_v3__er__smap__SMAP_A-3__seed1112,er,smap,SMAP_A-3,1112,pending,,
grasp_protocol_v3__er__smap__SMAP_A-4__seed1112,er,smap,SMAP_A-4,1112,pending,,
grasp_protocol_v3__er__smap__SMAP_A-5__seed1112,er,smap,SMAP_A-5,1112,pending,,
grasp_protocol_v3__er__smap__SMAP_A-6__seed1112,er,smap,SMAP_A-6,1112,pending,,
grasp_protocol_v3__er__smap__SMAP_A-7__seed1112,er,smap,SMAP_A-7,1112,pending,,
grasp_protocol_v3__er__smap__SMAP_A-8__seed1112,er,smap,SMAP_A-8,1112,pending,,
grasp_protocol_v3__er__smap__SMAP_A-9__seed1112,er,smap,SMAP_A-9,1112,pending,,
grasp_protocol_v3__er__smap__SMAP_B-1__seed1112,er,smap,SMAP_B-1,1112,pending,,
grasp_protocol_v3__er__smap__SMAP_D-11__seed1112,er,smap,SMAP_D-11,1112,pending,,
grasp_protocol_v3__er__smap__SMAP_D-1__seed1112,er,smap,SMAP_D-1,1112,pending,,
grasp_protocol_v3__er__smap__SMAP_D-2__seed1112,er,smap,SMAP_D-2,1112,pending,,
grasp_protocol_v3__er__smap__SMAP_D-3__seed1112,er,smap,SMAP_D-3,1112,pending,,
grasp_protocol_v3__er__smap__SMAP_D-4__seed1112,er,smap,SMAP_D-4,1112,pending,,
grasp_protocol_v3__er__smap__SMAP_D-5__seed1112,er,smap,SMAP_D-5,1112,pending,,
grasp_protocol_v3__er__smap__SMAP_D-6__seed1112,er,smap,SMAP_D-6,1112,pending,,
grasp_protocol_v3__er__smap__SMAP_D-7__seed1112,er,smap,SMAP_D-7,1112,pending,,
grasp_protocol_v3__er__smap__SMAP_D-8__seed1112,er,smap,SMAP_D-8,1112,pending,,
grasp_protocol_v3__er__smap__SMAP_D-9__seed1112,er,smap,SMAP_D-9,1112,pending,,
grasp_protocol_v3__er__smap__SMAP_E-10__seed1112,er,smap,SMAP_E-10,1112,pending,,
grasp_protocol_v3__er__smap__SMAP_E-11__seed1112,er,smap,SMAP_E-11,1112,pending,,
grasp_protocol_v3__er__smap__SMAP_E-12__seed1112,er,smap,SMAP_E-12,1112,pending,,
grasp_protocol_v3__er__smap__SMAP_E-13__seed1112,er,smap,SMAP_E-13,1112,pending,,
grasp_protocol_v3__er__smap__SMAP_E-1__seed1112,er,smap,SMAP_E-1,1112,pending,,
grasp_protocol_v3__er__smap__SMAP_E-2__seed1112,er,smap,SMAP_E-2,1112,pending,,
grasp_protocol_v3__er__smap__SMAP_E-3__seed1112,er,smap,SMAP_E-3,1112,pending,,
grasp_protocol_v3__er__smap__SMAP_E-4__seed1112,er,smap,SMAP_E-4,1112,pending,,
grasp_protocol_v3__er__smap__SMAP_E-5__seed1112,er,smap,SMAP_E-5,1112,pending,,
grasp_protocol_v3__er__smap__SMAP_E-6__seed1112,er,smap,SMAP_E-6,1112,pending,,
grasp_protocol_v3__er__smap__SMAP_E-7__seed1112,er,smap,SMAP_E-7,1112,pending,,
grasp_protocol_v3__er__smap__SMAP_E-8__seed1112,er,smap,SMAP_E-8,1112,pending,,
grasp_protocol_v3__er__smap__SMAP_E-9__seed1112,er,smap,SMAP_E-9,1112,pending,,
grasp_protocol_v3__er__smap__SMAP_F-1__seed1112,er,smap,SMAP_F-1,1112,pending,,
grasp_protocol_v3__er__smap__SMAP_F-2__seed1112,er,smap,SMAP_F-2,1112,pending,,
grasp_protocol_v3__er__smap__SMAP_F-3__seed1112,er,smap,SMAP_F-3,1112,pending,,
grasp_protocol_v3__er__smap__SMAP_G-1__seed1112,er,smap,SMAP_G-1,1112,pending,,
grasp_protocol_v3__er__smap__SMAP_G-2__seed1112,er,smap,SMAP_G-2,1112,pending,,
grasp_protocol_v3__er__smap__SMAP_G-3__seed1112,er,smap,SMAP_G-3,1112,pending,,
grasp_protocol_v3__er__smap__SMAP_G-4__seed1112,er,smap,SMAP_G-4,1112,pending,,
grasp_protocol_v3__er__smap__SMAP_G-6__seed1112,er,smap,SMAP_G-6,1112,pending,,
grasp_protocol_v3__er__smap__SMAP_G-7__seed1112,er,smap,SMAP_G-7,1112,pending,,
grasp_protocol_v3__er__smap__SMAP_P-1__seed1112,er,smap,SMAP_P-1,1112,pending,,
grasp_protocol_v3__er__smap__SMAP_P-2__seed1112,er,smap,SMAP_P-2,1112,pending,,
grasp_protocol_v3__er__smap__SMAP_P-3__seed1112,er,smap,SMAP_P-3,1112,pending,,
grasp_protocol_v3__er__smap__SMAP_P-4__seed1112,er,smap,SMAP_P-4,1112,pending,,
grasp_protocol_v3__er__smap__SMAP_R-1__seed1112,er,smap,SMAP_R-1,1112,pending,,
grasp_protocol_v3__er__smap__SMAP_S-1__seed1112,er,smap,SMAP_S-1,1112,pending,,
grasp_protocol_v3__er__smap__SMAP_T-1__seed1112,er,smap,SMAP_T-1,1112,pending,,
grasp_protocol_v3__er__smap__SMAP_T-2__seed1112,er,smap,SMAP_T-2,1112,pending,,
grasp_protocol_v3__er__smap__SMAP_T-3__seed1112,er,smap,SMAP_T-3,1112,pending,,
grasp_protocol_v3__lin__smap__SMAP_A-1__seed1112,lin,smap,SMAP_A-1,1112,pending,,
grasp_protocol_v3__lin__smap__SMAP_A-2__seed1112,lin,smap,SMAP_A-2,1112,pending,,
grasp_protocol_v3__lin__smap__SMAP_A-3__seed1112,lin,smap,SMAP_A-3,1112,pending,,
grasp_protocol_v3__lin__smap__SMAP_A-4__seed1112,lin,smap,SMAP_A-4,1112,pending,,
grasp_protocol_v3__lin__smap__SMAP_A-5__seed1112,lin,smap,SMAP_A-5,1112,pending,,
grasp_protocol_v3__lin__smap__SMAP_A-6__seed1112,lin,smap,SMAP_A-6,1112,pending,,
grasp_protocol_v3__lin__smap__SMAP_A-7__seed1112,lin,smap,SMAP_A-7,1112,pending,,
grasp_protocol_v3__lin__smap__SMAP_A-8__seed1112,lin,smap,SMAP_A-8,1112,pending,,
grasp_protocol_v3__lin__smap__SMAP_A-9__seed1112,lin,smap,SMAP_A-9,1112,pending,,
grasp_protocol_v3__lin__smap__SMAP_B-1__seed1112,lin,smap,SMAP_B-1,1112,pending,,
grasp_protocol_v3__lin__smap__SMAP_D-11__seed1112,lin,smap,SMAP_D-11,1112,pending,,
grasp_protocol_v3__lin__smap__SMAP_D-1__seed1112,lin,smap,SMAP_D-1,1112,pending,,
grasp_protocol_v3__lin__smap__SMAP_D-2__seed1112,lin,smap,SMAP_D-2,1112,pending,,
grasp_protocol_v3__lin__smap__SMAP_D-3__seed1112,lin,smap,SMAP_D-3,1112,pending,,
grasp_protocol_v3__lin__smap__SMAP_D-4__seed1112,lin,smap,SMAP_D-4,1112,pending,,
grasp_protocol_v3__lin__smap__SMAP_D-5__seed1112,lin,smap,SMAP_D-5,1112,pending,,
grasp_protocol_v3__lin__smap__SMAP_D-6__seed1112,lin,smap,SMAP_D-6,1112,pending,,
grasp_protocol_v3__lin__smap__SMAP_D-7__seed1112,lin,smap,SMAP_D-7,1112,pending,,
grasp_protocol_v3__lin__smap__SMAP_D-8__seed1112,lin,smap,SMAP_D-8,1112,pending,,
grasp_protocol_v3__lin__smap__SMAP_D-9__seed1112,lin,smap,SMAP_D-9,1112,pending,,
grasp_protocol_v3__lin__smap__SMAP_E-10__seed1112,lin,smap,SMAP_E-10,1112,pending,,
grasp_protocol_v3__lin__smap__SMAP_E-11__seed1112,lin,smap,SMAP_E-11,1112,pending,,
grasp_protocol_v3__lin__smap__SMAP_E-12__seed1112,lin,smap,SMAP_E-12,1112,pending,,
grasp_protocol_v3__lin__smap__SMAP_E-13__seed1112,lin,smap,SMAP_E-13,1112,pending,,
grasp_protocol_v3__lin__smap__SMAP_E-1__seed1112,lin,smap,SMAP_E-1,1112,pending,,
grasp_protocol_v3__lin__smap__SMAP_E-2__seed1112,lin,smap,SMAP_E-2,1112,pending,,
grasp_protocol_v3__lin__smap__SMAP_E-3__seed1112,lin,smap,SMAP_E-3,1112,pending,,
grasp_protocol_v3__lin__smap__SMAP_E-4__seed1112,lin,smap,SMAP_E-4,1112,pending,,
grasp_protocol_v3__lin__smap__SMAP_E-5__seed1112,lin,smap,SMAP_E-5,1112,pending,,
grasp_protocol_v3__lin__smap__SMAP_E-6__seed1112,lin,smap,SMAP_E-6,1112,pending,,
grasp_protocol_v3__lin__smap__SMAP_E-7__seed1112,lin,smap,SMAP_E-7,1112,pending,,
grasp_protocol_v3__lin__smap__SMAP_E-8__seed1112,lin,smap,SMAP_E-8,1112,pending,,
grasp_protocol_v3__lin__smap__SMAP_E-9__seed1112,lin,smap,SMAP_E-9,1112,pending,,
grasp_protocol_v3__lin__smap__SMAP_F-1__seed1112,lin,smap,SMAP_F-1,1112,pending,,
grasp_protocol_v3__lin__smap__SMAP_F-2__seed1112,lin,smap,SMAP_F-2,1112,pending,,
grasp_protocol_v3__lin__smap__SMAP_F-3__seed1112,lin,smap,SMAP_F-3,1112,pending,,
grasp_protocol_v3__lin__smap__SMAP_G-1__seed1112,lin,smap,SMAP_G-1,1112,pending,,
grasp_protocol_v3__lin__smap__SMAP_G-2__seed1112,lin,smap,SMAP_G-2,1112,pending,,
grasp_protocol_v3__lin__smap__SMAP_G-3__seed1112,lin,smap,SMAP_G-3,1112,pending,,
grasp_protocol_v3__lin__smap__SMAP_G-4__seed1112,lin,smap,SMAP_G-4,1112,pending,,
grasp_protocol_v3__lin__smap__SMAP_G-6__seed1112,lin,smap,SMAP_G-6,1112,pending,,
grasp_protocol_v3__lin__smap__SMAP_G-7__seed1112,lin,smap,SMAP_G-7,1112,pending,,
grasp_protocol_v3__lin__smap__SMAP_P-1__seed1112,lin,smap,SMAP_P-1,1112,pending,,
grasp_protocol_v3__lin__smap__SMAP_P-2__seed1112,lin,smap,SMAP_P-2,1112,pending,,
grasp_protocol_v3__lin__smap__SMAP_P-3__seed1112,lin,smap,SMAP_P-3,1112,pending,,
grasp_protocol_v3__lin__smap__SMAP_P-4__seed1112,lin,smap,SMAP_P-4,1112,pending,,
grasp_protocol_v3__lin__smap__SMAP_R-1__seed1112,lin,smap,SMAP_R-1,1112,pending,,
grasp_protocol_v3__lin__smap__SMAP_S-1__seed1112,lin,smap,SMAP_S-1,1112,pending,,
grasp_protocol_v3__lin__smap__SMAP_T-1__seed1112,lin,smap,SMAP_T-1,1112,pending,,
grasp_protocol_v3__lin__smap__SMAP_T-2__seed1112,lin,smap,SMAP_T-2,1112,pending,,
grasp_protocol_v3__lin__smap__SMAP_T-3__seed1112,lin,smap,SMAP_T-3,1112,pending,,
grasp_protocol_v3__tau_0__smap__SMAP_A-1__seed1112,tau_0,smap,SMAP_A-1,1112,pending,,
grasp_protocol_v3__tau_0__smap__SMAP_A-2__seed1112,tau_0,smap,SMAP_A-2,1112,pending,,
grasp_protocol_v3__tau_0__smap__SMAP_A-3__seed1112,tau_0,smap,SMAP_A-3,1112,pending,,
grasp_protocol_v3__tau_0__smap__SMAP_A-4__seed1112,tau_0,smap,SMAP_A-4,1112,pending,,
grasp_protocol_v3__tau_0__smap__SMAP_A-5__seed1112,tau_0,smap,SMAP_A-5,1112,pending,,
grasp_protocol_v3__tau_0__smap__SMAP_A-6__seed1112,tau_0,smap,SMAP_A-6,1112,pending,,
grasp_protocol_v3__tau_0__smap__SMAP_A-7__seed1112,tau_0,smap,SMAP_A-7,1112,pending,,
grasp_protocol_v3__tau_0__smap__SMAP_A-8__seed1112,tau_0,smap,SMAP_A-8,1112,pending,,
grasp_protocol_v3__tau_0__smap__SMAP_A-9__seed1112,tau_0,smap,SMAP_A-9,1112,pending,,
grasp_protocol_v3__tau_0__smap__SMAP_B-1__seed1112,tau_0,smap,SMAP_B-1,1112,pending,,
grasp_protocol_v3__tau_0__smap__SMAP_D-11__seed1112,tau_0,smap,SMAP_D-11,1112,pending,,
grasp_protocol_v3__tau_0__smap__SMAP_D-1__seed1112,tau_0,smap,SMAP_D-1,1112,pending,,
grasp_protocol_v3__tau_0__smap__SMAP_D-2__seed1112,tau_0,smap,SMAP_D-2,1112,pending,,
grasp_protocol_v3__tau_0__smap__SMAP_D-3__seed1112,tau_0,smap,SMAP_D-3,1112,pending,,
grasp_protocol_v3__tau_0__smap__SMAP_D-4__seed1112,tau_0,smap,SMAP_D-4,1112,pending,,
grasp_protocol_v3__tau_0__smap__SMAP_D-5__seed1112,tau_0,smap,SMAP_D-5,1112,pending,,
grasp_protocol_v3__tau_0__smap__SMAP_D-6__seed1112,tau_0,smap,SMAP_D-6,1112,pending,,
grasp_protocol_v3__tau_0__smap__SMAP_D-7__seed1112,tau_0,smap,SMAP_D-7,1112,pending,,
grasp_protocol_v3__tau_0__smap__SMAP_D-8__seed1112,tau_0,smap,SMAP_D-8,1112,pending,,
grasp_protocol_v3__tau_0__smap__SMAP_D-9__seed1112,tau_0,smap,SMAP_D-9,1112,pending,,
grasp_protocol_v3__tau_0__smap__SMAP_E-10__seed1112,tau_0,smap,SMAP_E-10,1112,pending,,
grasp_protocol_v3__tau_0__smap__SMAP_E-11__seed1112,tau_0,smap,SMAP_E-11,1112,pending,,
grasp_protocol_v3__tau_0__smap__SMAP_E-12__seed1112,tau_0,smap,SMAP_E-12,1112,pending,,
grasp_protocol_v3__tau_0__smap__SMAP_E-13__seed1112,tau_0,smap,SMAP_E-13,1112,pending,,
grasp_protocol_v3__tau_0__smap__SMAP_E-1__seed1112,tau_0,smap,SMAP_E-1,1112,pending,,
grasp_protocol_v3__tau_0__smap__SMAP_E-2__seed1112,tau_0,smap,SMAP_E-2,1112,pending,,
grasp_protocol_v3__tau_0__smap__SMAP_E-3__seed1112,tau_0,smap,SMAP_E-3,1112,pending,,
grasp_protocol_v3__tau_0__smap__SMAP_E-4__seed1112,tau_0,smap,SMAP_E-4,1112,pending,,
grasp_protocol_v3__tau_0__smap__SMAP_E-5__seed1112,tau_0,smap,SMAP_E-5,1112,pending,,
grasp_protocol_v3__tau_0__smap__SMAP_E-6__seed1112,tau_0,smap,SMAP_E-6,1112,pending,,
grasp_protocol_v3__tau_0__smap__SMAP_E-7__seed1112,tau_0,smap,SMAP_E-7,1112,pending,,
grasp_protocol_v3__tau_0__smap__SMAP_E-8__seed1112,tau_0,smap,SMAP_E-8,1112,pending,,
grasp_protocol_v3__tau_0__smap__SMAP_E-9__seed1112,tau_0,smap,SMAP_E-9,1112,pending,,
grasp_protocol_v3__tau_0__smap__SMAP_F-1__seed1112,tau_0,smap,SMAP_F-1,1112,pending,,
grasp_protocol_v3__tau_0__smap__SMAP_F-2__seed1112,tau_0,smap,SMAP_F-2,1112,pending,,
grasp_protocol_v3__tau_0__smap__SMAP_F-3__seed1112,tau_0,smap,SMAP_F-3,1112,pending,,
grasp_protocol_v3__tau_0__smap__SMAP_G-1__seed1112,tau_0,smap,SMAP_G-1,1112,pending,,
grasp_protocol_v3__tau_0__smap__SMAP_G-2__seed1112,tau_0,smap,SMAP_G-2,1112,pending,,
grasp_protocol_v3__tau_0__smap__SMAP_G-3__seed1112,tau_0,smap,SMAP_G-3,1112,pending,,
grasp_protocol_v3__tau_0__smap__SMAP_G-4__seed1112,tau_0,smap,SMAP_G-4,1112,pending,,
grasp_protocol_v3__tau_0__smap__SMAP_G-6__seed1112,tau_0,smap,SMAP_G-6,1112,pending,,
grasp_protocol_v3__tau_0__smap__SMAP_G-7__seed1112,tau_0,smap,SMAP_G-7,1112,pending,,
grasp_protocol_v3__tau_0__smap__SMAP_P-1__seed1112,tau_0,smap,SMAP_P-1,1112,pending,,
grasp_protocol_v3__tau_0__smap__SMAP_P-2__seed1112,tau_0,smap,SMAP_P-2,1112,pending,,
grasp_protocol_v3__tau_0__smap__SMAP_P-3__seed1112,tau_0,smap,SMAP_P-3,1112,pending,,
grasp_protocol_v3__tau_0__smap__SMAP_P-4__seed1112,tau_0,smap,SMAP_P-4,1112,pending,,
grasp_protocol_v3__tau_0__smap__SMAP_R-1__seed1112,tau_0,smap,SMAP_R-1,1112,pending,,
grasp_protocol_v3__tau_0__smap__SMAP_S-1__seed1112,tau_0,smap,SMAP_S-1,1112,pending,,
grasp_protocol_v3__tau_0__smap__SMAP_T-1__seed1112,tau_0,smap,SMAP_T-1,1112,pending,,
grasp_protocol_v3__tau_0__smap__SMAP_T-2__seed1112,tau_0,smap,SMAP_T-2,1112,pending,,
grasp_protocol_v3__tau_0__smap__SMAP_T-3__seed1112,tau_0,smap,SMAP_T-3,1112,pending,,
grasp_protocol_v3__tau_0p25__smap__SMAP_A-1__seed1112,tau_0p25,smap,SMAP_A-1,1112,pending,,
grasp_protocol_v3__tau_0p25__smap__SMAP_A-2__seed1112,tau_0p25,smap,SMAP_A-2,1112,pending,,
grasp_protocol_v3__tau_0p25__smap__SMAP_A-3__seed1112,tau_0p25,smap,SMAP_A-3,1112,pending,,
grasp_protocol_v3__tau_0p25__smap__SMAP_A-4__seed1112,tau_0p25,smap,SMAP_A-4,1112,pending,,
grasp_protocol_v3__tau_0p25__smap__SMAP_A-5__seed1112,tau_0p25,smap,SMAP_A-5,1112,pending,,
grasp_protocol_v3__tau_0p25__smap__SMAP_A-6__seed1112,tau_0p25,smap,SMAP_A-6,1112,pending,,
grasp_protocol_v3__tau_0p25__smap__SMAP_A-7__seed1112,tau_0p25,smap,SMAP_A-7,1112,pending,,
grasp_protocol_v3__tau_0p25__smap__SMAP_A-8__seed1112,tau_0p25,smap,SMAP_A-8,1112,pending,,
grasp_protocol_v3__tau_0p25__smap__SMAP_A-9__seed1112,tau_0p25,smap,SMAP_A-9,1112,pending,,
grasp_protocol_v3__tau_0p25__smap__SMAP_B-1__seed1112,tau_0p25,smap,SMAP_B-1,1112,pending,,
grasp_protocol_v3__tau_0p25__smap__SMAP_D-11__seed1112,tau_0p25,smap,SMAP_D-11,1112,pending,,
grasp_protocol_v3__tau_0p25__smap__SMAP_D-1__seed1112,tau_0p25,smap,SMAP_D-1,1112,pending,,
grasp_protocol_v3__tau_0p25__smap__SMAP_D-2__seed1112,tau_0p25,smap,SMAP_D-2,1112,pending,,
grasp_protocol_v3__tau_0p25__smap__SMAP_D-3__seed1112,tau_0p25,smap,SMAP_D-3,1112,pending,,
grasp_protocol_v3__tau_0p25__smap__SMAP_D-4__seed1112,tau_0p25,smap,SMAP_D-4,1112,pending,,
grasp_protocol_v3__tau_0p25__smap__SMAP_D-5__seed1112,tau_0p25,smap,SMAP_D-5,1112,pending,,
grasp_protocol_v3__tau_0p25__smap__SMAP_D-6__seed1112,tau_0p25,smap,SMAP_D-6,1112,pending,,
grasp_protocol_v3__tau_0p25__smap__SMAP_D-7__seed1112,tau_0p25,smap,SMAP_D-7,1112,pending,,
grasp_protocol_v3__tau_0p25__smap__SMAP_D-8__seed1112,tau_0p25,smap,SMAP_D-8,1112,pending,,
grasp_protocol_v3__tau_0p25__smap__SMAP_D-9__seed1112,tau_0p25,smap,SMAP_D-9,1112,pending,,
grasp_protocol_v3__tau_0p25__smap__SMAP_E-10__seed1112,tau_0p25,smap,SMAP_E-10,1112,pending,,
grasp_protocol_v3__tau_0p25__smap__SMAP_E-11__seed1112,tau_0p25,smap,SMAP_E-11,1112,pending,,
grasp_protocol_v3__tau_0p25__smap__SMAP_E-12__seed1112,tau_0p25,smap,SMAP_E-12,1112,pending,,
grasp_protocol_v3__tau_0p25__smap__SMAP_E-13__seed1112,tau_0p25,smap,SMAP_E-13,1112,pending,,
grasp_protocol_v3__tau_0p25__smap__SMAP_E-1__seed1112,tau_0p25,smap,SMAP_E-1,1112,pending,,
grasp_protocol_v3__tau_0p25__smap__SMAP_E-2__seed1112,tau_0p25,smap,SMAP_E-2,1112,pending,,
grasp_protocol_v3__tau_0p25__smap__SMAP_E-3__seed1112,tau_0p25,smap,SMAP_E-3,1112,pending,,
grasp_protocol_v3__tau_0p25__smap__SMAP_E-4__seed1112,tau_0p25,smap,SMAP_E-4,1112,pending,,
grasp_protocol_v3__tau_0p25__smap__SMAP_E-5__seed1112,tau_0p25,smap,SMAP_E-5,1112,pending,,
grasp_protocol_v3__tau_0p25__smap__SMAP_E-6__seed1112,tau_0p25,smap,SMAP_E-6,1112,pending,,
grasp_protocol_v3__tau_0p25__smap__SMAP_E-7__seed1112,tau_0p25,smap,SMAP_E-7,1112,pending,,
grasp_protocol_v3__tau_0p25__smap__SMAP_E-8__seed1112,tau_0p25,smap,SMAP_E-8,1112,pending,,
grasp_protocol_v3__tau_0p25__smap__SMAP_E-9__seed1112,tau_0p25,smap,SMAP_E-9,1112,pending,,
grasp_protocol_v3__tau_0p25__smap__SMAP_F-1__seed1112,tau_0p25,smap,SMAP_F-1,1112,pending,,
grasp_protocol_v3__tau_0p25__smap__SMAP_F-2__seed1112,tau_0p25,smap,SMAP_F-2,1112,pending,,
grasp_protocol_v3__tau_0p25__smap__SMAP_F-3__seed1112,tau_0p25,smap,SMAP_F-3,1112,pending,,
grasp_protocol_v3__tau_0p25__smap__SMAP_G-1__seed1112,tau_0p25,smap,SMAP_G-1,1112,pending,,
grasp_protocol_v3__tau_0p25__smap__SMAP_G-2__seed1112,tau_0p25,smap,SMAP_G-2,1112,pending,,
grasp_protocol_v3__tau_0p25__smap__SMAP_G-3__seed1112,tau_0p25,smap,SMAP_G-3,1112,pending,,
grasp_protocol_v3__tau_0p25__smap__SMAP_G-4__seed1112,tau_0p25,smap,SMAP_G-4,1112,pending,,
grasp_protocol_v3__tau_0p25__smap__SMAP_G-6__seed1112,tau_0p25,smap,SMAP_G-6,1112,pending,,
grasp_protocol_v3__tau_0p25__smap__SMAP_G-7__seed1112,tau_0p25,smap,SMAP_G-7,1112,pending,,
grasp_protocol_v3__tau_0p25__smap__SMAP_P-1__seed1112,tau_0p25,smap,SMAP_P-1,1112,pending,,
grasp_protocol_v3__tau_0p25__smap__SMAP_P-2__seed1112,tau_0p25,smap,SMAP_P-2,1112,pending,,
grasp_protocol_v3__tau_0p25__smap__SMAP_P-3__seed1112,tau_0p25,smap,SMAP_P-3,1112,pending,,
grasp_protocol_v3__tau_0p25__smap__SMAP_P-4__seed1112,tau_0p25,smap,SMAP_P-4,1112,pending,,
grasp_protocol_v3__tau_0p25__smap__SMAP_R-1__seed1112,tau_0p25,smap,SMAP_R-1,1112,pending,,
grasp_protocol_v3__tau_0p25__smap__SMAP_S-1__seed1112,tau_0p25,smap,SMAP_S-1,1112,pending,,
grasp_protocol_v3__tau_0p25__smap__SMAP_T-1__seed1112,tau_0p25,smap,SMAP_T-1,1112,pending,,
grasp_protocol_v3__tau_0p25__smap__SMAP_T-2__seed1112,tau_0p25,smap,SMAP_T-2,1112,pending,,
grasp_protocol_v3__tau_0p25__smap__SMAP_T-3__seed1112,tau_0p25,smap,SMAP_T-3,1112,pending,,
grasp_protocol_v3__tau_0p5__smap__SMAP_A-1__seed1112,tau_0p5,smap,SMAP_A-1,1112,pending,,
grasp_protocol_v3__tau_0p5__smap__SMAP_A-2__seed1112,tau_0p5,smap,SMAP_A-2,1112,pending,,
grasp_protocol_v3__tau_0p5__smap__SMAP_A-3__seed1112,tau_0p5,smap,SMAP_A-3,1112,pending,,
grasp_protocol_v3__tau_0p5__smap__SMAP_A-4__seed1112,tau_0p5,smap,SMAP_A-4,1112,pending,,
grasp_protocol_v3__tau_0p5__smap__SMAP_A-5__seed1112,tau_0p5,smap,SMAP_A-5,1112,pending,,
grasp_protocol_v3__tau_0p5__smap__SMAP_A-6__seed1112,tau_0p5,smap,SMAP_A-6,1112,pending,,
grasp_protocol_v3__tau_0p5__smap__SMAP_A-7__seed1112,tau_0p5,smap,SMAP_A-7,1112,pending,,
grasp_protocol_v3__tau_0p5__smap__SMAP_A-8__seed1112,tau_0p5,smap,SMAP_A-8,1112,pending,,
grasp_protocol_v3__tau_0p5__smap__SMAP_A-9__seed1112,tau_0p5,smap,SMAP_A-9,1112,pending,,
grasp_protocol_v3__tau_0p5__smap__SMAP_B-1__seed1112,tau_0p5,smap,SMAP_B-1,1112,pending,,
grasp_protocol_v3__tau_0p5__smap__SMAP_D-11__seed1112,tau_0p5,smap,SMAP_D-11,1112,pending,,
grasp_protocol_v3__tau_0p5__smap__SMAP_D-1__seed1112,tau_0p5,smap,SMAP_D-1,1112,pending,,
grasp_protocol_v3__tau_0p5__smap__SMAP_D-2__seed1112,tau_0p5,smap,SMAP_D-2,1112,pending,,
grasp_protocol_v3__tau_0p5__smap__SMAP_D-3__seed1112,tau_0p5,smap,SMAP_D-3,1112,pending,,
grasp_protocol_v3__tau_0p5__smap__SMAP_D-4__seed1112,tau_0p5,smap,SMAP_D-4,1112,pending,,
grasp_protocol_v3__tau_0p5__smap__SMAP_D-5__seed1112,tau_0p5,smap,SMAP_D-5,1112,pending,,
grasp_protocol_v3__tau_0p5__smap__SMAP_D-6__seed1112,tau_0p5,smap,SMAP_D-6,1112,pending,,
grasp_protocol_v3__tau_0p5__smap__SMAP_D-7__seed1112,tau_0p5,smap,SMAP_D-7,1112,pending,,
grasp_protocol_v3__tau_0p5__smap__SMAP_D-8__seed1112,tau_0p5,smap,SMAP_D-8,1112,pending,,
grasp_protocol_v3__tau_0p5__smap__SMAP_D-9__seed1112,tau_0p5,smap,SMAP_D-9,1112,pending,,
grasp_protocol_v3__tau_0p5__smap__SMAP_E-10__seed1112,tau_0p5,smap,SMAP_E-10,1112,pending,,
grasp_protocol_v3__tau_0p5__smap__SMAP_E-11__seed1112,tau_0p5,smap,SMAP_E-11,1112,pending,,
grasp_protocol_v3__tau_0p5__smap__SMAP_E-12__seed1112,tau_0p5,smap,SMAP_E-12,1112,pending,,
grasp_protocol_v3__tau_0p5__smap__SMAP_E-13__seed1112,tau_0p5,smap,SMAP_E-13,1112,pending,,
grasp_protocol_v3__tau_0p5__smap__SMAP_E-1__seed1112,tau_0p5,smap,SMAP_E-1,1112,pending,,
grasp_protocol_v3__tau_0p5__smap__SMAP_E-2__seed1112,tau_0p5,smap,SMAP_E-2,1112,pending,,
grasp_protocol_v3__tau_0p5__smap__SMAP_E-3__seed1112,tau_0p5,smap,SMAP_E-3,1112,pending,,
grasp_protocol_v3__tau_0p5__smap__SMAP_E-4__seed1112,tau_0p5,smap,SMAP_E-4,1112,pending,,
grasp_protocol_v3__tau_0p5__smap__SMAP_E-5__seed1112,tau_0p5,smap,SMAP_E-5,1112,pending,,
grasp_protocol_v3__tau_0p5__smap__SMAP_E-6__seed1112,tau_0p5,smap,SMAP_E-6,1112,pending,,
grasp_protocol_v3__tau_0p5__smap__SMAP_E-7__seed1112,tau_0p5,smap,SMAP_E-7,1112,pending,,
grasp_protocol_v3__tau_0p5__smap__SMAP_E-8__seed1112,tau_0p5,smap,SMAP_E-8,1112,pending,,
grasp_protocol_v3__tau_0p5__smap__SMAP_E-9__seed1112,tau_0p5,smap,SMAP_E-9,1112,pending,,
grasp_protocol_v3__tau_0p5__smap__SMAP_F-1__seed1112,tau_0p5,smap,SMAP_F-1,1112,pending,,
grasp_protocol_v3__tau_0p5__smap__SMAP_F-2__seed1112,tau_0p5,smap,SMAP_F-2,1112,pending,,
grasp_protocol_v3__tau_0p5__smap__SMAP_F-3__seed1112,tau_0p5,smap,SMAP_F-3,1112,pending,,
grasp_protocol_v3__tau_0p5__smap__SMAP_G-1__seed1112,tau_0p5,smap,SMAP_G-1,1112,pending,,
grasp_protocol_v3__tau_0p5__smap__SMAP_G-2__seed1112,tau_0p5,smap,SMAP_G-2,1112,pending,,
grasp_protocol_v3__tau_0p5__smap__SMAP_G-3__seed1112,tau_0p5,smap,SMAP_G-3,1112,pending,,
grasp_protocol_v3__tau_0p5__smap__SMAP_G-4__seed1112,tau_0p5,smap,SMAP_G-4,1112,pending,,
grasp_protocol_v3__tau_0p5__smap__SMAP_G-6__seed1112,tau_0p5,smap,SMAP_G-6,1112,pending,,
grasp_protocol_v3__tau_0p5__smap__SMAP_G-7__seed1112,tau_0p5,smap,SMAP_G-7,1112,pending,,
grasp_protocol_v3__tau_0p5__smap__SMAP_P-1__seed1112,tau_0p5,smap,SMAP_P-1,1112,pending,,
grasp_protocol_v3__tau_0p5__smap__SMAP_P-2__seed1112,tau_0p5,smap,SMAP_P-2,1112,pending,,
grasp_protocol_v3__tau_0p5__smap__SMAP_P-3__seed1112,tau_0p5,smap,SMAP_P-3,1112,pending,,
grasp_protocol_v3__tau_0p5__smap__SMAP_P-4__seed1112,tau_0p5,smap,SMAP_P-4,1112,pending,,
grasp_protocol_v3__tau_0p5__smap__SMAP_R-1__seed1112,tau_0p5,smap,SMAP_R-1,1112,pending,,
grasp_protocol_v3__tau_0p5__smap__SMAP_S-1__seed1112,tau_0p5,smap,SMAP_S-1,1112,pending,,
grasp_protocol_v3__tau_0p5__smap__SMAP_T-1__seed1112,tau_0p5,smap,SMAP_T-1,1112,pending,,
grasp_protocol_v3__tau_0p5__smap__SMAP_T-2__seed1112,tau_0p5,smap,SMAP_T-2,1112,pending,,
grasp_protocol_v3__tau_0p5__smap__SMAP_T-3__seed1112,tau_0p5,smap,SMAP_T-3,1112,pending,,
grasp_protocol_v3__tau_1__smap__SMAP_A-1__seed1112,tau_1,smap,SMAP_A-1,1112,pending,,
grasp_protocol_v3__tau_1__smap__SMAP_A-2__seed1112,tau_1,smap,SMAP_A-2,1112,pending,,
grasp_protocol_v3__tau_1__smap__SMAP_A-3__seed1112,tau_1,smap,SMAP_A-3,1112,pending,,
grasp_protocol_v3__tau_1__smap__SMAP_A-4__seed1112,tau_1,smap,SMAP_A-4,1112,pending,,
grasp_protocol_v3__tau_1__smap__SMAP_A-5__seed1112,tau_1,smap,SMAP_A-5,1112,pending,,
grasp_protocol_v3__tau_1__smap__SMAP_A-6__seed1112,tau_1,smap,SMAP_A-6,1112,pending,,
grasp_protocol_v3__tau_1__smap__SMAP_A-7__seed1112,tau_1,smap,SMAP_A-7,1112,pending,,
grasp_protocol_v3__tau_1__smap__SMAP_A-8__seed1112,tau_1,smap,SMAP_A-8,1112,pending,,
grasp_protocol_v3__tau_1__smap__SMAP_A-9__seed1112,tau_1,smap,SMAP_A-9,1112,pending,,
grasp_protocol_v3__tau_1__smap__SMAP_B-1__seed1112,tau_1,smap,SMAP_B-1,1112,pending,,
grasp_protocol_v3__tau_1__smap__SMAP_D-11__seed1112,tau_1,smap,SMAP_D-11,1112,pending,,
grasp_protocol_v3__tau_1__smap__SMAP_D-1__seed1112,tau_1,smap,SMAP_D-1,1112,pending,,
grasp_protocol_v3__tau_1__smap__SMAP_D-2__seed1112,tau_1,smap,SMAP_D-2,1112,pending,,
grasp_protocol_v3__tau_1__smap__SMAP_D-3__seed1112,tau_1,smap,SMAP_D-3,1112,pending,,
grasp_protocol_v3__tau_1__smap__SMAP_D-4__seed1112,tau_1,smap,SMAP_D-4,1112,pending,,
grasp_protocol_v3__tau_1__smap__SMAP_D-5__seed1112,tau_1,smap,SMAP_D-5,1112,pending,,
grasp_protocol_v3__tau_1__smap__SMAP_D-6__seed1112,tau_1,smap,SMAP_D-6,1112,pending,,
grasp_protocol_v3__tau_1__smap__SMAP_D-7__seed1112,tau_1,smap,SMAP_D-7,1112,pending,,
grasp_protocol_v3__tau_1__smap__SMAP_D-8__seed1112,tau_1,smap,SMAP_D-8,1112,pending,,
grasp_protocol_v3__tau_1__smap__SMAP_D-9__seed1112,tau_1,smap,SMAP_D-9,1112,pending,,
grasp_protocol_v3__tau_1__smap__SMAP_E-10__seed1112,tau_1,smap,SMAP_E-10,1112,pending,,
grasp_protocol_v3__tau_1__smap__SMAP_E-11__seed1112,tau_1,smap,SMAP_E-11,1112,pending,,
grasp_protocol_v3__tau_1__smap__SMAP_E-12__seed1112,tau_1,smap,SMAP_E-12,1112,pending,,
grasp_protocol_v3__tau_1__smap__SMAP_E-13__seed1112,tau_1,smap,SMAP_E-13,1112,pending,,
grasp_protocol_v3__tau_1__smap__SMAP_E-1__seed1112,tau_1,smap,SMAP_E-1,1112,pending,,
grasp_protocol_v3__tau_1__smap__SMAP_E-2__seed1112,tau_1,smap,SMAP_E-2,1112,pending,,
grasp_protocol_v3__tau_1__smap__SMAP_E-3__seed1112,tau_1,smap,SMAP_E-3,1112,pending,,
grasp_protocol_v3__tau_1__smap__SMAP_E-4__seed1112,tau_1,smap,SMAP_E-4,1112,pending,,
grasp_protocol_v3__tau_1__smap__SMAP_E-5__seed1112,tau_1,smap,SMAP_E-5,1112,pending,,
grasp_protocol_v3__tau_1__smap__SMAP_E-6__seed1112,tau_1,smap,SMAP_E-6,1112,pending,,
grasp_protocol_v3__tau_1__smap__SMAP_E-7__seed1112,tau_1,smap,SMAP_E-7,1112,pending,,
grasp_protocol_v3__tau_1__smap__SMAP_E-8__seed1112,tau_1,smap,SMAP_E-8,1112,pending,,
grasp_protocol_v3__tau_1__smap__SMAP_E-9__seed1112,tau_1,smap,SMAP_E-9,1112,pending,,
grasp_protocol_v3__tau_1__smap__SMAP_F-1__seed1112,tau_1,smap,SMAP_F-1,1112,pending,,
grasp_protocol_v3__tau_1__smap__SMAP_F-2__seed1112,tau_1,smap,SMAP_F-2,1112,pending,,
grasp_protocol_v3__tau_1__smap__SMAP_F-3__seed1112,tau_1,smap,SMAP_F-3,1112,pending,,
grasp_protocol_v3__tau_1__smap__SMAP_G-1__seed1112,tau_1,smap,SMAP_G-1,1112,pending,,
grasp_protocol_v3__tau_1__smap__SMAP_G-2__seed1112,tau_1,smap,SMAP_G-2,1112,pending,,
grasp_protocol_v3__tau_1__smap__SMAP_G-3__seed1112,tau_1,smap,SMAP_G-3,1112,pending,,
grasp_protocol_v3__tau_1__smap__SMAP_G-4__seed1112,tau_1,smap,SMAP_G-4,1112,pending,,
grasp_protocol_v3__tau_1__smap__SMAP_G-6__seed1112,tau_1,smap,SMAP_G-6,1112,pending,,
grasp_protocol_v3__tau_1__smap__SMAP_G-7__seed1112,tau_1,smap,SMAP_G-7,1112,pending,,
grasp_protocol_v3__tau_1__smap__SMAP_P-1__seed1112,tau_1,smap,SMAP_P-1,1112,pending,,
grasp_protocol_v3__tau_1__smap__SMAP_P-2__seed1112,tau_1,smap,SMAP_P-2,1112,pending,,
grasp_protocol_v3__tau_1__smap__SMAP_P-3__seed1112,tau_1,smap,SMAP_P-3,1112,pending,,
grasp_protocol_v3__tau_1__smap__SMAP_P-4__seed1112,tau_1,smap,SMAP_P-4,1112,pending,,
grasp_protocol_v3__tau_1__smap__SMAP_R-1__seed1112,tau_1,smap,SMAP_R-1,1112,pending,,
grasp_protocol_v3__tau_1__smap__SMAP_S-1__seed1112,tau_1,smap,SMAP_S-1,1112,pending,,
grasp_protocol_v3__tau_1__smap__SMAP_T-1__seed1112,tau_1,smap,SMAP_T-1,1112,pending,,
grasp_protocol_v3__tau_1__smap__SMAP_T-2__seed1112,tau_1,smap,SMAP_T-2,1112,pending,,
grasp_protocol_v3__tau_1__smap__SMAP_T-3__seed1112,tau_1,smap,SMAP_T-3,1112,pending,,
grasp_protocol_v3__tau_4__smap__SMAP_A-1__seed1112,tau_4,smap,SMAP_A-1,1112,pending,,
grasp_protocol_v3__tau_4__smap__SMAP_A-2__seed1112,tau_4,smap,SMAP_A-2,1112,pending,,
grasp_protocol_v3__tau_4__smap__SMAP_A-3__seed1112,tau_4,smap,SMAP_A-3,1112,pending,,
grasp_protocol_v3__tau_4__smap__SMAP_A-4__seed1112,tau_4,smap,SMAP_A-4,1112,pending,,
grasp_protocol_v3__tau_4__smap__SMAP_A-5__seed1112,tau_4,smap,SMAP_A-5,1112,pending,,
grasp_protocol_v3__tau_4__smap__SMAP_A-6__seed1112,tau_4,smap,SMAP_A-6,1112,pending,,
grasp_protocol_v3__tau_4__smap__SMAP_A-7__seed1112,tau_4,smap,SMAP_A-7,1112,pending,,
grasp_protocol_v3__tau_4__smap__SMAP_A-8__seed1112,tau_4,smap,SMAP_A-8,1112,pending,,
grasp_protocol_v3__tau_4__smap__SMAP_A-9__seed1112,tau_4,smap,SMAP_A-9,1112,pending,,
grasp_protocol_v3__tau_4__smap__SMAP_B-1__seed1112,tau_4,smap,SMAP_B-1,1112,pending,,
grasp_protocol_v3__tau_4__smap__SMAP_D-11__seed1112,tau_4,smap,SMAP_D-11,1112,pending,,
grasp_protocol_v3__tau_4__smap__SMAP_D-1__seed1112,tau_4,smap,SMAP_D-1,1112,pending,,
grasp_protocol_v3__tau_4__smap__SMAP_D-2__seed1112,tau_4,smap,SMAP_D-2,1112,pending,,
grasp_protocol_v3__tau_4__smap__SMAP_D-3__seed1112,tau_4,smap,SMAP_D-3,1112,pending,,
grasp_protocol_v3__tau_4__smap__SMAP_D-4__seed1112,tau_4,smap,SMAP_D-4,1112,pending,,
grasp_protocol_v3__tau_4__smap__SMAP_D-5__seed1112,tau_4,smap,SMAP_D-5,1112,pending,,
grasp_protocol_v3__tau_4__smap__SMAP_D-6__seed1112,tau_4,smap,SMAP_D-6,1112,pending,,
grasp_protocol_v3__tau_4__smap__SMAP_D-7__seed1112,tau_4,smap,SMAP_D-7,1112,pending,,
grasp_protocol_v3__tau_4__smap__SMAP_D-8__seed1112,tau_4,smap,SMAP_D-8,1112,pending,,
grasp_protocol_v3__tau_4__smap__SMAP_D-9__seed1112,tau_4,smap,SMAP_D-9,1112,pending,,
grasp_protocol_v3__tau_4__smap__SMAP_E-10__seed1112,tau_4,smap,SMAP_E-10,1112,pending,,
grasp_protocol_v3__tau_4__smap__SMAP_E-11__seed1112,tau_4,smap,SMAP_E-11,1112,pending,,
grasp_protocol_v3__tau_4__smap__SMAP_E-12__seed1112,tau_4,smap,SMAP_E-12,1112,pending,,
grasp_protocol_v3__tau_4__smap__SMAP_E-13__seed1112,tau_4,smap,SMAP_E-13,1112,pending,,
grasp_protocol_v3__tau_4__smap__SMAP_E-1__seed1112,tau_4,smap,SMAP_E-1,1112,pending,,
grasp_protocol_v3__tau_4__smap__SMAP_E-2__seed1112,tau_4,smap,SMAP_E-2,1112,pending,,
grasp_protocol_v3__tau_4__smap__SMAP_E-3__seed1112,tau_4,smap,SMAP_E-3,1112,pending,,
grasp_protocol_v3__tau_4__smap__SMAP_E-4__seed1112,tau_4,smap,SMAP_E-4,1112,pending,,
grasp_protocol_v3__tau_4__smap__SMAP_E-5__seed1112,tau_4,smap,SMAP_E-5,1112,pending,,
grasp_protocol_v3__tau_4__smap__SMAP_E-6__seed1112,tau_4,smap,SMAP_E-6,1112,pending,,
grasp_protocol_v3__tau_4__smap__SMAP_E-7__seed1112,tau_4,smap,SMAP_E-7,1112,pending,,
grasp_protocol_v3__tau_4__smap__SMAP_E-8__seed1112,tau_4,smap,SMAP_E-8,1112,pending,,
grasp_protocol_v3__tau_4__smap__SMAP_E-9__seed1112,tau_4,smap,SMAP_E-9,1112,pending,,
grasp_protocol_v3__tau_4__smap__SMAP_F-1__seed1112,tau_4,smap,SMAP_F-1,1112,pending,,
grasp_protocol_v3__tau_4__smap__SMAP_F-2__seed1112,tau_4,smap,SMAP_F-2,1112,pending,,
grasp_protocol_v3__tau_4__smap__SMAP_F-3__seed1112,tau_4,smap,SMAP_F-3,1112,pending,,
grasp_protocol_v3__tau_4__smap__SMAP_G-1__seed1112,tau_4,smap,SMAP_G-1,1112,pending,,
grasp_protocol_v3__tau_4__smap__SMAP_G-2__seed1112,tau_4,smap,SMAP_G-2,1112,pending,,
grasp_protocol_v3__tau_4__smap__SMAP_G-3__seed1112,tau_4,smap,SMAP_G-3,1112,pending,,
grasp_protocol_v3__tau_4__smap__SMAP_G-4__seed1112,tau_4,smap,SMAP_G-4,1112,pending,,
grasp_protocol_v3__tau_4__smap__SMAP_G-6__seed1112,tau_4,smap,SMAP_G-6,1112,pending,,
grasp_protocol_v3__tau_4__smap__SMAP_G-7__seed1112,tau_4,smap,SMAP_G-7,1112,pending,,
grasp_protocol_v3__tau_4__smap__SMAP_P-1__seed1112,tau_4,smap,SMAP_P-1,1112,pending,,
grasp_protocol_v3__tau_4__smap__SMAP_P-2__seed1112,tau_4,smap,SMAP_P-2,1112,pending,,
grasp_protocol_v3__tau_4__smap__SMAP_P-3__seed1112,tau_4,smap,SMAP_P-3,1112,pending,,
grasp_protocol_v3__tau_4__smap__SMAP_P-4__seed1112,tau_4,smap,SMAP_P-4,1112,pending,,
grasp_protocol_v3__tau_4__smap__SMAP_R-1__seed1112,tau_4,smap,SMAP_R-1,1112,pending,,
grasp_protocol_v3__tau_4__smap__SMAP_S-1__seed1112,tau_4,smap,SMAP_S-1,1112,pending,,
grasp_protocol_v3__tau_4__smap__SMAP_T-1__seed1112,tau_4,smap,SMAP_T-1,1112,pending,,
grasp_protocol_v3__tau_4__smap__SMAP_T-2__seed1112,tau_4,smap,SMAP_T-2,1112,pending,,
grasp_protocol_v3__tau_4__smap__SMAP_T-3__seed1112,tau_4,smap,SMAP_T-3,1112,pending,,
grasp_protocol_v3__tau_8__smap__SMAP_A-1__seed1112,tau_8,smap,SMAP_A-1,1112,pending,,
grasp_protocol_v3__tau_8__smap__SMAP_A-2__seed1112,tau_8,smap,SMAP_A-2,1112,pending,,
grasp_protocol_v3__tau_8__smap__SMAP_A-3__seed1112,tau_8,smap,SMAP_A-3,1112,pending,,
grasp_protocol_v3__tau_8__smap__SMAP_A-4__seed1112,tau_8,smap,SMAP_A-4,1112,pending,,
grasp_protocol_v3__tau_8__smap__SMAP_A-5__seed1112,tau_8,smap,SMAP_A-5,1112,pending,,
grasp_protocol_v3__tau_8__smap__SMAP_A-6__seed1112,tau_8,smap,SMAP_A-6,1112,pending,,
grasp_protocol_v3__tau_8__smap__SMAP_A-7__seed1112,tau_8,smap,SMAP_A-7,1112,pending,,
grasp_protocol_v3__tau_8__smap__SMAP_A-8__seed1112,tau_8,smap,SMAP_A-8,1112,pending,,
grasp_protocol_v3__tau_8__smap__SMAP_A-9__seed1112,tau_8,smap,SMAP_A-9,1112,pending,,
grasp_protocol_v3__tau_8__smap__SMAP_B-1__seed1112,tau_8,smap,SMAP_B-1,1112,pending,,
grasp_protocol_v3__tau_8__smap__SMAP_D-11__seed1112,tau_8,smap,SMAP_D-11,1112,pending,,
grasp_protocol_v3__tau_8__smap__SMAP_D-1__seed1112,tau_8,smap,SMAP_D-1,1112,pending,,
grasp_protocol_v3__tau_8__smap__SMAP_D-2__seed1112,tau_8,smap,SMAP_D-2,1112,pending,,
grasp_protocol_v3__tau_8__smap__SMAP_D-3__seed1112,tau_8,smap,SMAP_D-3,1112,pending,,
grasp_protocol_v3__tau_8__smap__SMAP_D-4__seed1112,tau_8,smap,SMAP_D-4,1112,pending,,
grasp_protocol_v3__tau_8__smap__SMAP_D-5__seed1112,tau_8,smap,SMAP_D-5,1112,pending,,
grasp_protocol_v3__tau_8__smap__SMAP_D-6__seed1112,tau_8,smap,SMAP_D-6,1112,pending,,
grasp_protocol_v3__tau_8__smap__SMAP_D-7__seed1112,tau_8,smap,SMAP_D-7,1112,pending,,
grasp_protocol_v3__tau_8__smap__SMAP_D-8__seed1112,tau_8,smap,SMAP_D-8,1112,pending,,
grasp_protocol_v3__tau_8__smap__SMAP_D-9__seed1112,tau_8,smap,SMAP_D-9,1112,pending,,
grasp_protocol_v3__tau_8__smap__SMAP_E-10__seed1112,tau_8,smap,SMAP_E-10,1112,pending,,
grasp_protocol_v3__tau_8__smap__SMAP_E-11__seed1112,tau_8,smap,SMAP_E-11,1112,pending,,
grasp_protocol_v3__tau_8__smap__SMAP_E-12__seed1112,tau_8,smap,SMAP_E-12,1112,pending,,
grasp_protocol_v3__tau_8__smap__SMAP_E-13__seed1112,tau_8,smap,SMAP_E-13,1112,pending,,
grasp_protocol_v3__tau_8__smap__SMAP_E-1__seed1112,tau_8,smap,SMAP_E-1,1112,pending,,
grasp_protocol_v3__tau_8__smap__SMAP_E-2__seed1112,tau_8,smap,SMAP_E-2,1112,pending,,
grasp_protocol_v3__tau_8__smap__SMAP_E-3__seed1112,tau_8,smap,SMAP_E-3,1112,pending,,
grasp_protocol_v3__tau_8__smap__SMAP_E-4__seed1112,tau_8,smap,SMAP_E-4,1112,pending,,
grasp_protocol_v3__tau_8__smap__SMAP_E-5__seed1112,tau_8,smap,SMAP_E-5,1112,pending,,
grasp_protocol_v3__tau_8__smap__SMAP_E-6__seed1112,tau_8,smap,SMAP_E-6,1112,pending,,
grasp_protocol_v3__tau_8__smap__SMAP_E-7__seed1112,tau_8,smap,SMAP_E-7,1112,pending,,
grasp_protocol_v3__tau_8__smap__SMAP_E-8__seed1112,tau_8,smap,SMAP_E-8,1112,pending,,
grasp_protocol_v3__tau_8__smap__SMAP_E-9__seed1112,tau_8,smap,SMAP_E-9,1112,pending,,
grasp_protocol_v3__tau_8__smap__SMAP_F-1__seed1112,tau_8,smap,SMAP_F-1,1112,pending,,
grasp_protocol_v3__tau_8__smap__SMAP_F-2__seed1112,tau_8,smap,SMAP_F-2,1112,pending,,
grasp_protocol_v3__tau_8__smap__SMAP_F-3__seed1112,tau_8,smap,SMAP_F-3,1112,pending,,
grasp_protocol_v3__tau_8__smap__SMAP_G-1__seed1112,tau_8,smap,SMAP_G-1,1112,pending,,
grasp_protocol_v3__tau_8__smap__SMAP_G-2__seed1112,tau_8,smap,SMAP_G-2,1112,pending,,
grasp_protocol_v3__tau_8__smap__SMAP_G-3__seed1112,tau_8,smap,SMAP_G-3,1112,pending,,
grasp_protocol_v3__tau_8__smap__SMAP_G-4__seed1112,tau_8,smap,SMAP_G-4,1112,pending,,
grasp_protocol_v3__tau_8__smap__SMAP_G-6__seed1112,tau_8,smap,SMAP_G-6,1112,pending,,
grasp_protocol_v3__tau_8__smap__SMAP_G-7__seed1112,tau_8,smap,SMAP_G-7,1112,pending,,
grasp_protocol_v3__tau_8__smap__SMAP_P-1__seed1112,tau_8,smap,SMAP_P-1,1112,pending,,
grasp_protocol_v3__tau_8__smap__SMAP_P-2__seed1112,tau_8,smap,SMAP_P-2,1112,pending,,
grasp_protocol_v3__tau_8__smap__SMAP_P-3__seed1112,tau_8,smap,SMAP_P-3,1112,pending,,
grasp_protocol_v3__tau_8__smap__SMAP_P-4__seed1112,tau_8,smap,SMAP_P-4,1112,pending,,
grasp_protocol_v3__tau_8__smap__SMAP_R-1__seed1112,tau_8,smap,SMAP_R-1,1112,pending,,
grasp_protocol_v3__tau_8__smap__SMAP_S-1__seed1112,tau_8,smap,SMAP_S-1,1112,pending,,
grasp_protocol_v3__tau_8__smap__SMAP_T-1__seed1112,tau_8,smap,SMAP_T-1,1112,pending,,
grasp_protocol_v3__tau_8__smap__SMAP_T-2__seed1112,tau_8,smap,SMAP_T-2,1112,pending,,
grasp_protocol_v3__tau_8__smap__SMAP_T-3__seed1112,tau_8,smap,SMAP_T-3,1112,pending,,
grasp_protocol_v3__gnn__cicids__cicids_0__seed1103,gnn,cicids,cicids_0,1103,pending,,
grasp_protocol_v3__gnn__cicids__cicids_2__seed1103,gnn,cicids,cicids_2,1103,pending,,
grasp_protocol_v3__gnn__cicids__cicids_3__seed1103,gnn,cicids,cicids_3,1103,pending,,
grasp_protocol_v3__gnn__cicids__cicids_5__seed1103,gnn,cicids,cicids_5,1103,pending,,
grasp_protocol_v3__gnn__cicids__cicids_6__seed1103,gnn,cicids,cicids_6,1103,pending,,
grasp_protocol_v3__gnn__cicids__cicids_7__seed1103,gnn,cicids,cicids_7,1103,pending,,
grasp_protocol_v3__main__cicids__cicids_0__seed1103,main,cicids,cicids_0,1103,pending,,
grasp_protocol_v3__main__cicids__cicids_2__seed1103,main,cicids,cicids_2,1103,pending,,
grasp_protocol_v3__main__cicids__cicids_3__seed1103,main,cicids,cicids_3,1103,pending,,
grasp_protocol_v3__main__cicids__cicids_5__seed1103,main,cicids,cicids_5,1103,pending,,
grasp_protocol_v3__main__cicids__cicids_6__seed1103,main,cicids,cicids_6,1103,pending,,
grasp_protocol_v3__main__cicids__cicids_7__seed1103,main,cicids,cicids_7,1103,pending,,
grasp_protocol_v3__transformer__cicids__cicids_0__seed1103,transformer,cicids,cicids_0,1103,pending,,
grasp_protocol_v3__transformer__cicids__cicids_2__seed1103,transformer,cicids,cicids_2,1103,pending,,
grasp_protocol_v3__transformer__cicids__cicids_3__seed1103,transformer,cicids,cicids_3,1103,pending,,
grasp_protocol_v3__transformer__cicids__cicids_5__seed1103,transformer,cicids,cicids_5,1103,pending,,
grasp_protocol_v3__transformer__cicids__cicids_6__seed1103,transformer,cicids,cicids_6,1103,pending,,
grasp_protocol_v3__transformer__cicids__cicids_7__seed1103,transformer,cicids,cicids_7,1103,pending,,
grasp_protocol_v3__mean__cicids__cicids_0__seed1103,mean,cicids,cicids_0,1103,pending,,
grasp_protocol_v3__mean__cicids__cicids_2__seed1103,mean,cicids,cicids_2,1103,pending,,
grasp_protocol_v3__mean__cicids__cicids_3__seed1103,mean,cicids,cicids_3,1103,pending,,
grasp_protocol_v3__mean__cicids__cicids_5__seed1103,mean,cicids,cicids_5,1103,pending,,
grasp_protocol_v3__mean__cicids__cicids_6__seed1103,mean,cicids,cicids_6,1103,pending,,
grasp_protocol_v3__mean__cicids__cicids_7__seed1103,mean,cicids,cicids_7,1103,pending,,
grasp_protocol_v3__er__cicids__cicids_0__seed1103,er,cicids,cicids_0,1103,pending,,
grasp_protocol_v3__er__cicids__cicids_2__seed1103,er,cicids,cicids_2,1103,pending,,
grasp_protocol_v3__er__cicids__cicids_3__seed1103,er,cicids,cicids_3,1103,pending,,
grasp_protocol_v3__er__cicids__cicids_5__seed1103,er,cicids,cicids_5,1103,pending,,
grasp_protocol_v3__er__cicids__cicids_6__seed1103,er,cicids,cicids_6,1103,pending,,
grasp_protocol_v3__er__cicids__cicids_7__seed1103,er,cicids,cicids_7,1103,pending,,
grasp_protocol_v3__lin__cicids__cicids_0__seed1103,lin,cicids,cicids_0,1103,pending,,
grasp_protocol_v3__lin__cicids__cicids_2__seed1103,lin,cicids,cicids_2,1103,pending,,
grasp_protocol_v3__lin__cicids__cicids_3__seed1103,lin,cicids,cicids_3,1103,pending,,
grasp_protocol_v3__lin__cicids__cicids_5__seed1103,lin,cicids,cicids_5,1103,pending,,
grasp_protocol_v3__lin__cicids__cicids_6__seed1103,lin,cicids,cicids_6,1103,pending,,
grasp_protocol_v3__lin__cicids__cicids_7__seed1103,lin,cicids,cicids_7,1103,pending,,
grasp_protocol_v3__tau_0__cicids__cicids_0__seed1103,tau_0,cicids,cicids_0,1103,pending,,
grasp_protocol_v3__tau_0__cicids__cicids_2__seed1103,tau_0,cicids,cicids_2,1103,pending,,
grasp_protocol_v3__tau_0__cicids__cicids_3__seed1103,tau_0,cicids,cicids_3,1103,pending,,
grasp_protocol_v3__tau_0__cicids__cicids_5__seed1103,tau_0,cicids,cicids_5,1103,pending,,
grasp_protocol_v3__tau_0__cicids__cicids_6__seed1103,tau_0,cicids,cicids_6,1103,pending,,
grasp_protocol_v3__tau_0__cicids__cicids_7__seed1103,tau_0,cicids,cicids_7,1103,pending,,
grasp_protocol_v3__tau_0p25__cicids__cicids_0__seed1103,tau_0p25,cicids,cicids_0,1103,pending,,
grasp_protocol_v3__tau_0p25__cicids__cicids_2__seed1103,tau_0p25,cicids,cicids_2,1103,pending,,
grasp_protocol_v3__tau_0p25__cicids__cicids_3__seed1103,tau_0p25,cicids,cicids_3,1103,pending,,
grasp_protocol_v3__tau_0p25__cicids__cicids_5__seed1103,tau_0p25,cicids,cicids_5,1103,pending,,
grasp_protocol_v3__tau_0p25__cicids__cicids_6__seed1103,tau_0p25,cicids,cicids_6,1103,pending,,
grasp_protocol_v3__tau_0p25__cicids__cicids_7__seed1103,tau_0p25,cicids,cicids_7,1103,pending,,
grasp_protocol_v3__tau_0p5__cicids__cicids_0__seed1103,tau_0p5,cicids,cicids_0,1103,pending,,
grasp_protocol_v3__tau_0p5__cicids__cicids_2__seed1103,tau_0p5,cicids,cicids_2,1103,pending,,
grasp_protocol_v3__tau_0p5__cicids__cicids_3__seed1103,tau_0p5,cicids,cicids_3,1103,pending,,
grasp_protocol_v3__tau_0p5__cicids__cicids_5__seed1103,tau_0p5,cicids,cicids_5,1103,pending,,
grasp_protocol_v3__tau_0p5__cicids__cicids_6__seed1103,tau_0p5,cicids,cicids_6,1103,pending,,
grasp_protocol_v3__tau_0p5__cicids__cicids_7__seed1103,tau_0p5,cicids,cicids_7,1103,pending,,
grasp_protocol_v3__tau_1__cicids__cicids_0__seed1103,tau_1,cicids,cicids_0,1103,pending,,
grasp_protocol_v3__tau_1__cicids__cicids_2__seed1103,tau_1,cicids,cicids_2,1103,pending,,
grasp_protocol_v3__tau_1__cicids__cicids_3__seed1103,tau_1,cicids,cicids_3,1103,pending,,
grasp_protocol_v3__tau_1__cicids__cicids_5__seed1103,tau_1,cicids,cicids_5,1103,pending,,
grasp_protocol_v3__tau_1__cicids__cicids_6__seed1103,tau_1,cicids,cicids_6,1103,pending,,
grasp_protocol_v3__tau_1__cicids__cicids_7__seed1103,tau_1,cicids,cicids_7,1103,pending,,
grasp_protocol_v3__tau_4__cicids__cicids_0__seed1103,tau_4,cicids,cicids_0,1103,pending,,
grasp_protocol_v3__tau_4__cicids__cicids_2__seed1103,tau_4,cicids,cicids_2,1103,pending,,
grasp_protocol_v3__tau_4__cicids__cicids_3__seed1103,tau_4,cicids,cicids_3,1103,pending,,
grasp_protocol_v3__tau_4__cicids__cicids_5__seed1103,tau_4,cicids,cicids_5,1103,pending,,
grasp_protocol_v3__tau_4__cicids__cicids_6__seed1103,tau_4,cicids,cicids_6,1103,pending,,
grasp_protocol_v3__tau_4__cicids__cicids_7__seed1103,tau_4,cicids,cicids_7,1103,pending,,
grasp_protocol_v3__tau_8__cicids__cicids_0__seed1103,tau_8,cicids,cicids_0,1103,pending,,
grasp_protocol_v3__tau_8__cicids__cicids_2__seed1103,tau_8,cicids,cicids_2,1103,pending,,
grasp_protocol_v3__tau_8__cicids__cicids_3__seed1103,tau_8,cicids,cicids_3,1103,pending,,
grasp_protocol_v3__tau_8__cicids__cicids_5__seed1103,tau_8,cicids,cicids_5,1103,pending,,
grasp_protocol_v3__tau_8__cicids__cicids_6__seed1103,tau_8,cicids,cicids_6,1103,pending,,
grasp_protocol_v3__tau_8__cicids__cicids_7__seed1103,tau_8,cicids,cicids_7,1103,pending,,
grasp_protocol_v3__gnn__cicids__cicids_0__seed1104,gnn,cicids,cicids_0,1104,pending,,
grasp_protocol_v3__gnn__cicids__cicids_2__seed1104,gnn,cicids,cicids_2,1104,pending,,
grasp_protocol_v3__gnn__cicids__cicids_3__seed1104,gnn,cicids,cicids_3,1104,pending,,
grasp_protocol_v3__gnn__cicids__cicids_5__seed1104,gnn,cicids,cicids_5,1104,pending,,
grasp_protocol_v3__gnn__cicids__cicids_6__seed1104,gnn,cicids,cicids_6,1104,pending,,
grasp_protocol_v3__gnn__cicids__cicids_7__seed1104,gnn,cicids,cicids_7,1104,pending,,
grasp_protocol_v3__main__cicids__cicids_0__seed1104,main,cicids,cicids_0,1104,pending,,
grasp_protocol_v3__main__cicids__cicids_2__seed1104,main,cicids,cicids_2,1104,pending,,
grasp_protocol_v3__main__cicids__cicids_3__seed1104,main,cicids,cicids_3,1104,pending,,
grasp_protocol_v3__main__cicids__cicids_5__seed1104,main,cicids,cicids_5,1104,pending,,
grasp_protocol_v3__main__cicids__cicids_6__seed1104,main,cicids,cicids_6,1104,pending,,
grasp_protocol_v3__main__cicids__cicids_7__seed1104,main,cicids,cicids_7,1104,pending,,
grasp_protocol_v3__transformer__cicids__cicids_0__seed1104,transformer,cicids,cicids_0,1104,pending,,
grasp_protocol_v3__transformer__cicids__cicids_2__seed1104,transformer,cicids,cicids_2,1104,pending,,
grasp_protocol_v3__transformer__cicids__cicids_3__seed1104,transformer,cicids,cicids_3,1104,pending,,
grasp_protocol_v3__transformer__cicids__cicids_5__seed1104,transformer,cicids,cicids_5,1104,pending,,
grasp_protocol_v3__transformer__cicids__cicids_6__seed1104,transformer,cicids,cicids_6,1104,pending,,
grasp_protocol_v3__transformer__cicids__cicids_7__seed1104,transformer,cicids,cicids_7,1104,pending,,
grasp_protocol_v3__mean__cicids__cicids_0__seed1104,mean,cicids,cicids_0,1104,pending,,
grasp_protocol_v3__mean__cicids__cicids_2__seed1104,mean,cicids,cicids_2,1104,pending,,
grasp_protocol_v3__mean__cicids__cicids_3__seed1104,mean,cicids,cicids_3,1104,pending,,
grasp_protocol_v3__mean__cicids__cicids_5__seed1104,mean,cicids,cicids_5,1104,pending,,
grasp_protocol_v3__mean__cicids__cicids_6__seed1104,mean,cicids,cicids_6,1104,pending,,
grasp_protocol_v3__mean__cicids__cicids_7__seed1104,mean,cicids,cicids_7,1104,pending,,
grasp_protocol_v3__er__cicids__cicids_0__seed1104,er,cicids,cicids_0,1104,pending,,
grasp_protocol_v3__er__cicids__cicids_2__seed1104,er,cicids,cicids_2,1104,pending,,
grasp_protocol_v3__er__cicids__cicids_3__seed1104,er,cicids,cicids_3,1104,pending,,
grasp_protocol_v3__er__cicids__cicids_5__seed1104,er,cicids,cicids_5,1104,pending,,
grasp_protocol_v3__er__cicids__cicids_6__seed1104,er,cicids,cicids_6,1104,pending,,
grasp_protocol_v3__er__cicids__cicids_7__seed1104,er,cicids,cicids_7,1104,pending,,
grasp_protocol_v3__lin__cicids__cicids_0__seed1104,lin,cicids,cicids_0,1104,pending,,
grasp_protocol_v3__lin__cicids__cicids_2__seed1104,lin,cicids,cicids_2,1104,pending,,
grasp_protocol_v3__lin__cicids__cicids_3__seed1104,lin,cicids,cicids_3,1104,pending,,
grasp_protocol_v3__lin__cicids__cicids_5__seed1104,lin,cicids,cicids_5,1104,pending,,
grasp_protocol_v3__lin__cicids__cicids_6__seed1104,lin,cicids,cicids_6,1104,pending,,
grasp_protocol_v3__lin__cicids__cicids_7__seed1104,lin,cicids,cicids_7,1104,pending,,
grasp_protocol_v3__tau_0__cicids__cicids_0__seed1104,tau_0,cicids,cicids_0,1104,pending,,
grasp_protocol_v3__tau_0__cicids__cicids_2__seed1104,tau_0,cicids,cicids_2,1104,pending,,
grasp_protocol_v3__tau_0__cicids__cicids_3__seed1104,tau_0,cicids,cicids_3,1104,pending,,
grasp_protocol_v3__tau_0__cicids__cicids_5__seed1104,tau_0,cicids,cicids_5,1104,pending,,
grasp_protocol_v3__tau_0__cicids__cicids_6__seed1104,tau_0,cicids,cicids_6,1104,pending,,
grasp_protocol_v3__tau_0__cicids__cicids_7__seed1104,tau_0,cicids,cicids_7,1104,pending,,
grasp_protocol_v3__tau_0p25__cicids__cicids_0__seed1104,tau_0p25,cicids,cicids_0,1104,pending,,
grasp_protocol_v3__tau_0p25__cicids__cicids_2__seed1104,tau_0p25,cicids,cicids_2,1104,pending,,
grasp_protocol_v3__tau_0p25__cicids__cicids_3__seed1104,tau_0p25,cicids,cicids_3,1104,pending,,
grasp_protocol_v3__tau_0p25__cicids__cicids_5__seed1104,tau_0p25,cicids,cicids_5,1104,pending,,
grasp_protocol_v3__tau_0p25__cicids__cicids_6__seed1104,tau_0p25,cicids,cicids_6,1104,pending,,
grasp_protocol_v3__tau_0p25__cicids__cicids_7__seed1104,tau_0p25,cicids,cicids_7,1104,pending,,
grasp_protocol_v3__tau_0p5__cicids__cicids_0__seed1104,tau_0p5,cicids,cicids_0,1104,pending,,
grasp_protocol_v3__tau_0p5__cicids__cicids_2__seed1104,tau_0p5,cicids,cicids_2,1104,pending,,
grasp_protocol_v3__tau_0p5__cicids__cicids_3__seed1104,tau_0p5,cicids,cicids_3,1104,pending,,
grasp_protocol_v3__tau_0p5__cicids__cicids_5__seed1104,tau_0p5,cicids,cicids_5,1104,pending,,
grasp_protocol_v3__tau_0p5__cicids__cicids_6__seed1104,tau_0p5,cicids,cicids_6,1104,pending,,
grasp_protocol_v3__tau_0p5__cicids__cicids_7__seed1104,tau_0p5,cicids,cicids_7,1104,pending,,
grasp_protocol_v3__tau_1__cicids__cicids_0__seed1104,tau_1,cicids,cicids_0,1104,pending,,
grasp_protocol_v3__tau_1__cicids__cicids_2__seed1104,tau_1,cicids,cicids_2,1104,pending,,
grasp_protocol_v3__tau_1__cicids__cicids_3__seed1104,tau_1,cicids,cicids_3,1104,pending,,
grasp_protocol_v3__tau_1__cicids__cicids_5__seed1104,tau_1,cicids,cicids_5,1104,pending,,
grasp_protocol_v3__tau_1__cicids__cicids_6__seed1104,tau_1,cicids,cicids_6,1104,pending,,
grasp_protocol_v3__tau_1__cicids__cicids_7__seed1104,tau_1,cicids,cicids_7,1104,pending,,
grasp_protocol_v3__tau_4__cicids__cicids_0__seed1104,tau_4,cicids,cicids_0,1104,pending,,
grasp_protocol_v3__tau_4__cicids__cicids_2__seed1104,tau_4,cicids,cicids_2,1104,pending,,
grasp_protocol_v3__tau_4__cicids__cicids_3__seed1104,tau_4,cicids,cicids_3,1104,pending,,
grasp_protocol_v3__tau_4__cicids__cicids_5__seed1104,tau_4,cicids,cicids_5,1104,pending,,
grasp_protocol_v3__tau_4__cicids__cicids_6__seed1104,tau_4,cicids,cicids_6,1104,pending,,
grasp_protocol_v3__tau_4__cicids__cicids_7__seed1104,tau_4,cicids,cicids_7,1104,pending,,
grasp_protocol_v3__tau_8__cicids__cicids_0__seed1104,tau_8,cicids,cicids_0,1104,pending,,
grasp_protocol_v3__tau_8__cicids__cicids_2__seed1104,tau_8,cicids,cicids_2,1104,pending,,
grasp_protocol_v3__tau_8__cicids__cicids_3__seed1104,tau_8,cicids,cicids_3,1104,pending,,
grasp_protocol_v3__tau_8__cicids__cicids_5__seed1104,tau_8,cicids,cicids_5,1104,pending,,
grasp_protocol_v3__tau_8__cicids__cicids_6__seed1104,tau_8,cicids,cicids_6,1104,pending,,
grasp_protocol_v3__tau_8__cicids__cicids_7__seed1104,tau_8,cicids,cicids_7,1104,pending,,
grasp_protocol_v3__gnn__cicids__cicids_0__seed1105,gnn,cicids,cicids_0,1105,pending,,
grasp_protocol_v3__gnn__cicids__cicids_2__seed1105,gnn,cicids,cicids_2,1105,pending,,
grasp_protocol_v3__gnn__cicids__cicids_3__seed1105,gnn,cicids,cicids_3,1105,pending,,
grasp_protocol_v3__gnn__cicids__cicids_5__seed1105,gnn,cicids,cicids_5,1105,pending,,
grasp_protocol_v3__gnn__cicids__cicids_6__seed1105,gnn,cicids,cicids_6,1105,pending,,
grasp_protocol_v3__gnn__cicids__cicids_7__seed1105,gnn,cicids,cicids_7,1105,pending,,
grasp_protocol_v3__main__cicids__cicids_0__seed1105,main,cicids,cicids_0,1105,pending,,
grasp_protocol_v3__main__cicids__cicids_2__seed1105,main,cicids,cicids_2,1105,pending,,
grasp_protocol_v3__main__cicids__cicids_3__seed1105,main,cicids,cicids_3,1105,pending,,
grasp_protocol_v3__main__cicids__cicids_5__seed1105,main,cicids,cicids_5,1105,pending,,
grasp_protocol_v3__main__cicids__cicids_6__seed1105,main,cicids,cicids_6,1105,pending,,
grasp_protocol_v3__main__cicids__cicids_7__seed1105,main,cicids,cicids_7,1105,pending,,
grasp_protocol_v3__transformer__cicids__cicids_0__seed1105,transformer,cicids,cicids_0,1105,pending,,
grasp_protocol_v3__transformer__cicids__cicids_2__seed1105,transformer,cicids,cicids_2,1105,pending,,
grasp_protocol_v3__transformer__cicids__cicids_3__seed1105,transformer,cicids,cicids_3,1105,pending,,
grasp_protocol_v3__transformer__cicids__cicids_5__seed1105,transformer,cicids,cicids_5,1105,pending,,
grasp_protocol_v3__transformer__cicids__cicids_6__seed1105,transformer,cicids,cicids_6,1105,pending,,
grasp_protocol_v3__transformer__cicids__cicids_7__seed1105,transformer,cicids,cicids_7,1105,pending,,
grasp_protocol_v3__mean__cicids__cicids_0__seed1105,mean,cicids,cicids_0,1105,pending,,
grasp_protocol_v3__mean__cicids__cicids_2__seed1105,mean,cicids,cicids_2,1105,pending,,
grasp_protocol_v3__mean__cicids__cicids_3__seed1105,mean,cicids,cicids_3,1105,pending,,
grasp_protocol_v3__mean__cicids__cicids_5__seed1105,mean,cicids,cicids_5,1105,pending,,
grasp_protocol_v3__mean__cicids__cicids_6__seed1105,mean,cicids,cicids_6,1105,pending,,
grasp_protocol_v3__mean__cicids__cicids_7__seed1105,mean,cicids,cicids_7,1105,pending,,
grasp_protocol_v3__er__cicids__cicids_0__seed1105,er,cicids,cicids_0,1105,pending,,
grasp_protocol_v3__er__cicids__cicids_2__seed1105,er,cicids,cicids_2,1105,pending,,
grasp_protocol_v3__er__cicids__cicids_3__seed1105,er,cicids,cicids_3,1105,pending,,
grasp_protocol_v3__er__cicids__cicids_5__seed1105,er,cicids,cicids_5,1105,pending,,
grasp_protocol_v3__er__cicids__cicids_6__seed1105,er,cicids,cicids_6,1105,pending,,
grasp_protocol_v3__er__cicids__cicids_7__seed1105,er,cicids,cicids_7,1105,pending,,
grasp_protocol_v3__lin__cicids__cicids_0__seed1105,lin,cicids,cicids_0,1105,pending,,
grasp_protocol_v3__lin__cicids__cicids_2__seed1105,lin,cicids,cicids_2,1105,pending,,
grasp_protocol_v3__lin__cicids__cicids_3__seed1105,lin,cicids,cicids_3,1105,pending,,
grasp_protocol_v3__lin__cicids__cicids_5__seed1105,lin,cicids,cicids_5,1105,pending,,
grasp_protocol_v3__lin__cicids__cicids_6__seed1105,lin,cicids,cicids_6,1105,pending,,
grasp_protocol_v3__lin__cicids__cicids_7__seed1105,lin,cicids,cicids_7,1105,pending,,
grasp_protocol_v3__tau_0__cicids__cicids_0__seed1105,tau_0,cicids,cicids_0,1105,pending,,
grasp_protocol_v3__tau_0__cicids__cicids_2__seed1105,tau_0,cicids,cicids_2,1105,pending,,
grasp_protocol_v3__tau_0__cicids__cicids_3__seed1105,tau_0,cicids,cicids_3,1105,pending,,
grasp_protocol_v3__tau_0__cicids__cicids_5__seed1105,tau_0,cicids,cicids_5,1105,pending,,
grasp_protocol_v3__tau_0__cicids__cicids_6__seed1105,tau_0,cicids,cicids_6,1105,pending,,
grasp_protocol_v3__tau_0__cicids__cicids_7__seed1105,tau_0,cicids,cicids_7,1105,pending,,
grasp_protocol_v3__tau_0p25__cicids__cicids_0__seed1105,tau_0p25,cicids,cicids_0,1105,pending,,
grasp_protocol_v3__tau_0p25__cicids__cicids_2__seed1105,tau_0p25,cicids,cicids_2,1105,pending,,
grasp_protocol_v3__tau_0p25__cicids__cicids_3__seed1105,tau_0p25,cicids,cicids_3,1105,pending,,
grasp_protocol_v3__tau_0p25__cicids__cicids_5__seed1105,tau_0p25,cicids,cicids_5,1105,pending,,
grasp_protocol_v3__tau_0p25__cicids__cicids_6__seed1105,tau_0p25,cicids,cicids_6,1105,pending,,
grasp_protocol_v3__tau_0p25__cicids__cicids_7__seed1105,tau_0p25,cicids,cicids_7,1105,pending,,
grasp_protocol_v3__tau_0p5__cicids__cicids_0__seed1105,tau_0p5,cicids,cicids_0,1105,pending,,
grasp_protocol_v3__tau_0p5__cicids__cicids_2__seed1105,tau_0p5,cicids,cicids_2,1105,pending,,
grasp_protocol_v3__tau_0p5__cicids__cicids_3__seed1105,tau_0p5,cicids,cicids_3,1105,pending,,
grasp_protocol_v3__tau_0p5__cicids__cicids_5__seed1105,tau_0p5,cicids,cicids_5,1105,pending,,
grasp_protocol_v3__tau_0p5__cicids__cicids_6__seed1105,tau_0p5,cicids,cicids_6,1105,pending,,
grasp_protocol_v3__tau_0p5__cicids__cicids_7__seed1105,tau_0p5,cicids,cicids_7,1105,pending,,
grasp_protocol_v3__tau_1__cicids__cicids_0__seed1105,tau_1,cicids,cicids_0,1105,pending,,
grasp_protocol_v3__tau_1__cicids__cicids_2__seed1105,tau_1,cicids,cicids_2,1105,pending,,
grasp_protocol_v3__tau_1__cicids__cicids_3__seed1105,tau_1,cicids,cicids_3,1105,pending,,
grasp_protocol_v3__tau_1__cicids__cicids_5__seed1105,tau_1,cicids,cicids_5,1105,pending,,
grasp_protocol_v3__tau_1__cicids__cicids_6__seed1105,tau_1,cicids,cicids_6,1105,pending,,
grasp_protocol_v3__tau_1__cicids__cicids_7__seed1105,tau_1,cicids,cicids_7,1105,pending,,
grasp_protocol_v3__tau_4__cicids__cicids_0__seed1105,tau_4,cicids,cicids_0,1105,pending,,
grasp_protocol_v3__tau_4__cicids__cicids_2__seed1105,tau_4,cicids,cicids_2,1105,pending,,
grasp_protocol_v3__tau_4__cicids__cicids_3__seed1105,tau_4,cicids,cicids_3,1105,pending,,
grasp_protocol_v3__tau_4__cicids__cicids_5__seed1105,tau_4,cicids,cicids_5,1105,pending,,
grasp_protocol_v3__tau_4__cicids__cicids_6__seed1105,tau_4,cicids,cicids_6,1105,pending,,
grasp_protocol_v3__tau_4__cicids__cicids_7__seed1105,tau_4,cicids,cicids_7,1105,pending,,
grasp_protocol_v3__tau_8__cicids__cicids_0__seed1105,tau_8,cicids,cicids_0,1105,pending,,
grasp_protocol_v3__tau_8__cicids__cicids_2__seed1105,tau_8,cicids,cicids_2,1105,pending,,
grasp_protocol_v3__tau_8__cicids__cicids_3__seed1105,tau_8,cicids,cicids_3,1105,pending,,
grasp_protocol_v3__tau_8__cicids__cicids_5__seed1105,tau_8,cicids,cicids_5,1105,pending,,
grasp_protocol_v3__tau_8__cicids__cicids_6__seed1105,tau_8,cicids,cicids_6,1105,pending,,
grasp_protocol_v3__tau_8__cicids__cicids_7__seed1105,tau_8,cicids,cicids_7,1105,pending,,
grasp_protocol_v3__gnn__cicids__cicids_0__seed1106,gnn,cicids,cicids_0,1106,pending,,
grasp_protocol_v3__gnn__cicids__cicids_2__seed1106,gnn,cicids,cicids_2,1106,pending,,
grasp_protocol_v3__gnn__cicids__cicids_3__seed1106,gnn,cicids,cicids_3,1106,pending,,
grasp_protocol_v3__gnn__cicids__cicids_5__seed1106,gnn,cicids,cicids_5,1106,pending,,
grasp_protocol_v3__gnn__cicids__cicids_6__seed1106,gnn,cicids,cicids_6,1106,pending,,
grasp_protocol_v3__gnn__cicids__cicids_7__seed1106,gnn,cicids,cicids_7,1106,pending,,
grasp_protocol_v3__main__cicids__cicids_0__seed1106,main,cicids,cicids_0,1106,pending,,
grasp_protocol_v3__main__cicids__cicids_2__seed1106,main,cicids,cicids_2,1106,pending,,
grasp_protocol_v3__main__cicids__cicids_3__seed1106,main,cicids,cicids_3,1106,pending,,
grasp_protocol_v3__main__cicids__cicids_5__seed1106,main,cicids,cicids_5,1106,pending,,
grasp_protocol_v3__main__cicids__cicids_6__seed1106,main,cicids,cicids_6,1106,pending,,
grasp_protocol_v3__main__cicids__cicids_7__seed1106,main,cicids,cicids_7,1106,pending,,
grasp_protocol_v3__transformer__cicids__cicids_0__seed1106,transformer,cicids,cicids_0,1106,pending,,
grasp_protocol_v3__transformer__cicids__cicids_2__seed1106,transformer,cicids,cicids_2,1106,pending,,
grasp_protocol_v3__transformer__cicids__cicids_3__seed1106,transformer,cicids,cicids_3,1106,pending,,
grasp_protocol_v3__transformer__cicids__cicids_5__seed1106,transformer,cicids,cicids_5,1106,pending,,
grasp_protocol_v3__transformer__cicids__cicids_6__seed1106,transformer,cicids,cicids_6,1106,pending,,
grasp_protocol_v3__transformer__cicids__cicids_7__seed1106,transformer,cicids,cicids_7,1106,pending,,
grasp_protocol_v3__mean__cicids__cicids_0__seed1106,mean,cicids,cicids_0,1106,pending,,
grasp_protocol_v3__mean__cicids__cicids_2__seed1106,mean,cicids,cicids_2,1106,pending,,
grasp_protocol_v3__mean__cicids__cicids_3__seed1106,mean,cicids,cicids_3,1106,pending,,
grasp_protocol_v3__mean__cicids__cicids_5__seed1106,mean,cicids,cicids_5,1106,pending,,
grasp_protocol_v3__mean__cicids__cicids_6__seed1106,mean,cicids,cicids_6,1106,pending,,
grasp_protocol_v3__mean__cicids__cicids_7__seed1106,mean,cicids,cicids_7,1106,pending,,
grasp_protocol_v3__er__cicids__cicids_0__seed1106,er,cicids,cicids_0,1106,pending,,
grasp_protocol_v3__er__cicids__cicids_2__seed1106,er,cicids,cicids_2,1106,pending,,
grasp_protocol_v3__er__cicids__cicids_3__seed1106,er,cicids,cicids_3,1106,pending,,
grasp_protocol_v3__er__cicids__cicids_5__seed1106,er,cicids,cicids_5,1106,pending,,
grasp_protocol_v3__er__cicids__cicids_6__seed1106,er,cicids,cicids_6,1106,pending,,
grasp_protocol_v3__er__cicids__cicids_7__seed1106,er,cicids,cicids_7,1106,pending,,
grasp_protocol_v3__lin__cicids__cicids_0__seed1106,lin,cicids,cicids_0,1106,pending,,
grasp_protocol_v3__lin__cicids__cicids_2__seed1106,lin,cicids,cicids_2,1106,pending,,
grasp_protocol_v3__lin__cicids__cicids_3__seed1106,lin,cicids,cicids_3,1106,pending,,
grasp_protocol_v3__lin__cicids__cicids_5__seed1106,lin,cicids,cicids_5,1106,pending,,
grasp_protocol_v3__lin__cicids__cicids_6__seed1106,lin,cicids,cicids_6,1106,pending,,
grasp_protocol_v3__lin__cicids__cicids_7__seed1106,lin,cicids,cicids_7,1106,pending,,
grasp_protocol_v3__tau_0__cicids__cicids_0__seed1106,tau_0,cicids,cicids_0,1106,pending,,
grasp_protocol_v3__tau_0__cicids__cicids_2__seed1106,tau_0,cicids,cicids_2,1106,pending,,
grasp_protocol_v3__tau_0__cicids__cicids_3__seed1106,tau_0,cicids,cicids_3,1106,pending,,
grasp_protocol_v3__tau_0__cicids__cicids_5__seed1106,tau_0,cicids,cicids_5,1106,pending,,
grasp_protocol_v3__tau_0__cicids__cicids_6__seed1106,tau_0,cicids,cicids_6,1106,pending,,
grasp_protocol_v3__tau_0__cicids__cicids_7__seed1106,tau_0,cicids,cicids_7,1106,pending,,
grasp_protocol_v3__tau_0p25__cicids__cicids_0__seed1106,tau_0p25,cicids,cicids_0,1106,pending,,
grasp_protocol_v3__tau_0p25__cicids__cicids_2__seed1106,tau_0p25,cicids,cicids_2,1106,pending,,
grasp_protocol_v3__tau_0p25__cicids__cicids_3__seed1106,tau_0p25,cicids,cicids_3,1106,pending,,
grasp_protocol_v3__tau_0p25__cicids__cicids_5__seed1106,tau_0p25,cicids,cicids_5,1106,pending,,
grasp_protocol_v3__tau_0p25__cicids__cicids_6__seed1106,tau_0p25,cicids,cicids_6,1106,pending,,
grasp_protocol_v3__tau_0p25__cicids__cicids_7__seed1106,tau_0p25,cicids,cicids_7,1106,pending,,
grasp_protocol_v3__tau_0p5__cicids__cicids_0__seed1106,tau_0p5,cicids,cicids_0,1106,pending,,
grasp_protocol_v3__tau_0p5__cicids__cicids_2__seed1106,tau_0p5,cicids,cicids_2,1106,pending,,
grasp_protocol_v3__tau_0p5__cicids__cicids_3__seed1106,tau_0p5,cicids,cicids_3,1106,pending,,
grasp_protocol_v3__tau_0p5__cicids__cicids_5__seed1106,tau_0p5,cicids,cicids_5,1106,pending,,
grasp_protocol_v3__tau_0p5__cicids__cicids_6__seed1106,tau_0p5,cicids,cicids_6,1106,pending,,
grasp_protocol_v3__tau_0p5__cicids__cicids_7__seed1106,tau_0p5,cicids,cicids_7,1106,pending,,
grasp_protocol_v3__tau_1__cicids__cicids_0__seed1106,tau_1,cicids,cicids_0,1106,pending,,
grasp_protocol_v3__tau_1__cicids__cicids_2__seed1106,tau_1,cicids,cicids_2,1106,pending,,
grasp_protocol_v3__tau_1__cicids__cicids_3__seed1106,tau_1,cicids,cicids_3,1106,pending,,
grasp_protocol_v3__tau_1__cicids__cicids_5__seed1106,tau_1,cicids,cicids_5,1106,pending,,
grasp_protocol_v3__tau_1__cicids__cicids_6__seed1106,tau_1,cicids,cicids_6,1106,pending,,
grasp_protocol_v3__tau_1__cicids__cicids_7__seed1106,tau_1,cicids,cicids_7,1106,pending,,
grasp_protocol_v3__tau_4__cicids__cicids_0__seed1106,tau_4,cicids,cicids_0,1106,pending,,
grasp_protocol_v3__tau_4__cicids__cicids_2__seed1106,tau_4,cicids,cicids_2,1106,pending,,
grasp_protocol_v3__tau_4__cicids__cicids_3__seed1106,tau_4,cicids,cicids_3,1106,pending,,
grasp_protocol_v3__tau_4__cicids__cicids_5__seed1106,tau_4,cicids,cicids_5,1106,pending,,
grasp_protocol_v3__tau_4__cicids__cicids_6__seed1106,tau_4,cicids,cicids_6,1106,pending,,
grasp_protocol_v3__tau_4__cicids__cicids_7__seed1106,tau_4,cicids,cicids_7,1106,pending,,
grasp_protocol_v3__tau_8__cicids__cicids_0__seed1106,tau_8,cicids,cicids_0,1106,pending,,
grasp_protocol_v3__tau_8__cicids__cicids_2__seed1106,tau_8,cicids,cicids_2,1106,pending,,
grasp_protocol_v3__tau_8__cicids__cicids_3__seed1106,tau_8,cicids,cicids_3,1106,pending,,
grasp_protocol_v3__tau_8__cicids__cicids_5__seed1106,tau_8,cicids,cicids_5,1106,pending,,
grasp_protocol_v3__tau_8__cicids__cicids_6__seed1106,tau_8,cicids,cicids_6,1106,pending,,
grasp_protocol_v3__tau_8__cicids__cicids_7__seed1106,tau_8,cicids,cicids_7,1106,pending,,
grasp_protocol_v3__gnn__cicids__cicids_0__seed1107,gnn,cicids,cicids_0,1107,pending,,
grasp_protocol_v3__gnn__cicids__cicids_2__seed1107,gnn,cicids,cicids_2,1107,pending,,
grasp_protocol_v3__gnn__cicids__cicids_3__seed1107,gnn,cicids,cicids_3,1107,pending,,
grasp_protocol_v3__gnn__cicids__cicids_5__seed1107,gnn,cicids,cicids_5,1107,pending,,
grasp_protocol_v3__gnn__cicids__cicids_6__seed1107,gnn,cicids,cicids_6,1107,pending,,
grasp_protocol_v3__gnn__cicids__cicids_7__seed1107,gnn,cicids,cicids_7,1107,pending,,
grasp_protocol_v3__main__cicids__cicids_0__seed1107,main,cicids,cicids_0,1107,pending,,
grasp_protocol_v3__main__cicids__cicids_2__seed1107,main,cicids,cicids_2,1107,pending,,
grasp_protocol_v3__main__cicids__cicids_3__seed1107,main,cicids,cicids_3,1107,pending,,
grasp_protocol_v3__main__cicids__cicids_5__seed1107,main,cicids,cicids_5,1107,pending,,
grasp_protocol_v3__main__cicids__cicids_6__seed1107,main,cicids,cicids_6,1107,pending,,
grasp_protocol_v3__main__cicids__cicids_7__seed1107,main,cicids,cicids_7,1107,pending,,
grasp_protocol_v3__transformer__cicids__cicids_0__seed1107,transformer,cicids,cicids_0,1107,pending,,
grasp_protocol_v3__transformer__cicids__cicids_2__seed1107,transformer,cicids,cicids_2,1107,pending,,
grasp_protocol_v3__transformer__cicids__cicids_3__seed1107,transformer,cicids,cicids_3,1107,pending,,
grasp_protocol_v3__transformer__cicids__cicids_5__seed1107,transformer,cicids,cicids_5,1107,pending,,
grasp_protocol_v3__transformer__cicids__cicids_6__seed1107,transformer,cicids,cicids_6,1107,pending,,
grasp_protocol_v3__transformer__cicids__cicids_7__seed1107,transformer,cicids,cicids_7,1107,pending,,
grasp_protocol_v3__mean__cicids__cicids_0__seed1107,mean,cicids,cicids_0,1107,pending,,
grasp_protocol_v3__mean__cicids__cicids_2__seed1107,mean,cicids,cicids_2,1107,pending,,
grasp_protocol_v3__mean__cicids__cicids_3__seed1107,mean,cicids,cicids_3,1107,pending,,
grasp_protocol_v3__mean__cicids__cicids_5__seed1107,mean,cicids,cicids_5,1107,pending,,
grasp_protocol_v3__mean__cicids__cicids_6__seed1107,mean,cicids,cicids_6,1107,pending,,
grasp_protocol_v3__mean__cicids__cicids_7__seed1107,mean,cicids,cicids_7,1107,pending,,
grasp_protocol_v3__er__cicids__cicids_0__seed1107,er,cicids,cicids_0,1107,pending,,
grasp_protocol_v3__er__cicids__cicids_2__seed1107,er,cicids,cicids_2,1107,pending,,
grasp_protocol_v3__er__cicids__cicids_3__seed1107,er,cicids,cicids_3,1107,pending,,
grasp_protocol_v3__er__cicids__cicids_5__seed1107,er,cicids,cicids_5,1107,pending,,
grasp_protocol_v3__er__cicids__cicids_6__seed1107,er,cicids,cicids_6,1107,pending,,
grasp_protocol_v3__er__cicids__cicids_7__seed1107,er,cicids,cicids_7,1107,pending,,
grasp_protocol_v3__lin__cicids__cicids_0__seed1107,lin,cicids,cicids_0,1107,pending,,
grasp_protocol_v3__lin__cicids__cicids_2__seed1107,lin,cicids,cicids_2,1107,pending,,
grasp_protocol_v3__lin__cicids__cicids_3__seed1107,lin,cicids,cicids_3,1107,pending,,
grasp_protocol_v3__lin__cicids__cicids_5__seed1107,lin,cicids,cicids_5,1107,pending,,
grasp_protocol_v3__lin__cicids__cicids_6__seed1107,lin,cicids,cicids_6,1107,pending,,
grasp_protocol_v3__lin__cicids__cicids_7__seed1107,lin,cicids,cicids_7,1107,pending,,
grasp_protocol_v3__tau_0__cicids__cicids_0__seed1107,tau_0,cicids,cicids_0,1107,pending,,
grasp_protocol_v3__tau_0__cicids__cicids_2__seed1107,tau_0,cicids,cicids_2,1107,pending,,
grasp_protocol_v3__tau_0__cicids__cicids_3__seed1107,tau_0,cicids,cicids_3,1107,pending,,
grasp_protocol_v3__tau_0__cicids__cicids_5__seed1107,tau_0,cicids,cicids_5,1107,pending,,
grasp_protocol_v3__tau_0__cicids__cicids_6__seed1107,tau_0,cicids,cicids_6,1107,pending,,
grasp_protocol_v3__tau_0__cicids__cicids_7__seed1107,tau_0,cicids,cicids_7,1107,pending,,
grasp_protocol_v3__tau_0p25__cicids__cicids_0__seed1107,tau_0p25,cicids,cicids_0,1107,pending,,
grasp_protocol_v3__tau_0p25__cicids__cicids_2__seed1107,tau_0p25,cicids,cicids_2,1107,pending,,
grasp_protocol_v3__tau_0p25__cicids__cicids_3__seed1107,tau_0p25,cicids,cicids_3,1107,pending,,
grasp_protocol_v3__tau_0p25__cicids__cicids_5__seed1107,tau_0p25,cicids,cicids_5,1107,pending,,
grasp_protocol_v3__tau_0p25__cicids__cicids_6__seed1107,tau_0p25,cicids,cicids_6,1107,pending,,
grasp_protocol_v3__tau_0p25__cicids__cicids_7__seed1107,tau_0p25,cicids,cicids_7,1107,pending,,
grasp_protocol_v3__tau_0p5__cicids__cicids_0__seed1107,tau_0p5,cicids,cicids_0,1107,pending,,
grasp_protocol_v3__tau_0p5__cicids__cicids_2__seed1107,tau_0p5,cicids,cicids_2,1107,pending,,
grasp_protocol_v3__tau_0p5__cicids__cicids_3__seed1107,tau_0p5,cicids,cicids_3,1107,pending,,
grasp_protocol_v3__tau_0p5__cicids__cicids_5__seed1107,tau_0p5,cicids,cicids_5,1107,pending,,
grasp_protocol_v3__tau_0p5__cicids__cicids_6__seed1107,tau_0p5,cicids,cicids_6,1107,pending,,
grasp_protocol_v3__tau_0p5__cicids__cicids_7__seed1107,tau_0p5,cicids,cicids_7,1107,pending,,
grasp_protocol_v3__tau_1__cicids__cicids_0__seed1107,tau_1,cicids,cicids_0,1107,pending,,
grasp_protocol_v3__tau_1__cicids__cicids_2__seed1107,tau_1,cicids,cicids_2,1107,pending,,
grasp_protocol_v3__tau_1__cicids__cicids_3__seed1107,tau_1,cicids,cicids_3,1107,pending,,
grasp_protocol_v3__tau_1__cicids__cicids_5__seed1107,tau_1,cicids,cicids_5,1107,pending,,
grasp_protocol_v3__tau_1__cicids__cicids_6__seed1107,tau_1,cicids,cicids_6,1107,pending,,
grasp_protocol_v3__tau_1__cicids__cicids_7__seed1107,tau_1,cicids,cicids_7,1107,pending,,
grasp_protocol_v3__tau_4__cicids__cicids_0__seed1107,tau_4,cicids,cicids_0,1107,pending,,
grasp_protocol_v3__tau_4__cicids__cicids_2__seed1107,tau_4,cicids,cicids_2,1107,pending,,
grasp_protocol_v3__tau_4__cicids__cicids_3__seed1107,tau_4,cicids,cicids_3,1107,pending,,
grasp_protocol_v3__tau_4__cicids__cicids_5__seed1107,tau_4,cicids,cicids_5,1107,pending,,
grasp_protocol_v3__tau_4__cicids__cicids_6__seed1107,tau_4,cicids,cicids_6,1107,pending,,
grasp_protocol_v3__tau_4__cicids__cicids_7__seed1107,tau_4,cicids,cicids_7,1107,pending,,
grasp_protocol_v3__tau_8__cicids__cicids_0__seed1107,tau_8,cicids,cicids_0,1107,pending,,
grasp_protocol_v3__tau_8__cicids__cicids_2__seed1107,tau_8,cicids,cicids_2,1107,pending,,
grasp_protocol_v3__tau_8__cicids__cicids_3__seed1107,tau_8,cicids,cicids_3,1107,pending,,
grasp_protocol_v3__tau_8__cicids__cicids_5__seed1107,tau_8,cicids,cicids_5,1107,pending,,
grasp_protocol_v3__tau_8__cicids__cicids_6__seed1107,tau_8,cicids,cicids_6,1107,pending,,
grasp_protocol_v3__tau_8__cicids__cicids_7__seed1107,tau_8,cicids,cicids_7,1107,pending,,
grasp_protocol_v3__gnn__cicids__cicids_0__seed1108,gnn,cicids,cicids_0,1108,pending,,
grasp_protocol_v3__gnn__cicids__cicids_2__seed1108,gnn,cicids,cicids_2,1108,pending,,
grasp_protocol_v3__gnn__cicids__cicids_3__seed1108,gnn,cicids,cicids_3,1108,pending,,
grasp_protocol_v3__gnn__cicids__cicids_5__seed1108,gnn,cicids,cicids_5,1108,pending,,
grasp_protocol_v3__gnn__cicids__cicids_6__seed1108,gnn,cicids,cicids_6,1108,pending,,
grasp_protocol_v3__gnn__cicids__cicids_7__seed1108,gnn,cicids,cicids_7,1108,pending,,
grasp_protocol_v3__main__cicids__cicids_0__seed1108,main,cicids,cicids_0,1108,pending,,
grasp_protocol_v3__main__cicids__cicids_2__seed1108,main,cicids,cicids_2,1108,pending,,
grasp_protocol_v3__main__cicids__cicids_3__seed1108,main,cicids,cicids_3,1108,pending,,
grasp_protocol_v3__main__cicids__cicids_5__seed1108,main,cicids,cicids_5,1108,pending,,
grasp_protocol_v3__main__cicids__cicids_6__seed1108,main,cicids,cicids_6,1108,pending,,
grasp_protocol_v3__main__cicids__cicids_7__seed1108,main,cicids,cicids_7,1108,pending,,
grasp_protocol_v3__transformer__cicids__cicids_0__seed1108,transformer,cicids,cicids_0,1108,pending,,
grasp_protocol_v3__transformer__cicids__cicids_2__seed1108,transformer,cicids,cicids_2,1108,pending,,
grasp_protocol_v3__transformer__cicids__cicids_3__seed1108,transformer,cicids,cicids_3,1108,pending,,
grasp_protocol_v3__transformer__cicids__cicids_5__seed1108,transformer,cicids,cicids_5,1108,pending,,
grasp_protocol_v3__transformer__cicids__cicids_6__seed1108,transformer,cicids,cicids_6,1108,pending,,
grasp_protocol_v3__transformer__cicids__cicids_7__seed1108,transformer,cicids,cicids_7,1108,pending,,
grasp_protocol_v3__mean__cicids__cicids_0__seed1108,mean,cicids,cicids_0,1108,pending,,
grasp_protocol_v3__mean__cicids__cicids_2__seed1108,mean,cicids,cicids_2,1108,pending,,
grasp_protocol_v3__mean__cicids__cicids_3__seed1108,mean,cicids,cicids_3,1108,pending,,
grasp_protocol_v3__mean__cicids__cicids_5__seed1108,mean,cicids,cicids_5,1108,pending,,
grasp_protocol_v3__mean__cicids__cicids_6__seed1108,mean,cicids,cicids_6,1108,pending,,
grasp_protocol_v3__mean__cicids__cicids_7__seed1108,mean,cicids,cicids_7,1108,pending,,
grasp_protocol_v3__er__cicids__cicids_0__seed1108,er,cicids,cicids_0,1108,pending,,
grasp_protocol_v3__er__cicids__cicids_2__seed1108,er,cicids,cicids_2,1108,pending,,
grasp_protocol_v3__er__cicids__cicids_3__seed1108,er,cicids,cicids_3,1108,pending,,
grasp_protocol_v3__er__cicids__cicids_5__seed1108,er,cicids,cicids_5,1108,pending,,
grasp_protocol_v3__er__cicids__cicids_6__seed1108,er,cicids,cicids_6,1108,pending,,
grasp_protocol_v3__er__cicids__cicids_7__seed1108,er,cicids,cicids_7,1108,pending,,
grasp_protocol_v3__lin__cicids__cicids_0__seed1108,lin,cicids,cicids_0,1108,pending,,
grasp_protocol_v3__lin__cicids__cicids_2__seed1108,lin,cicids,cicids_2,1108,pending,,
grasp_protocol_v3__lin__cicids__cicids_3__seed1108,lin,cicids,cicids_3,1108,pending,,
grasp_protocol_v3__lin__cicids__cicids_5__seed1108,lin,cicids,cicids_5,1108,pending,,
grasp_protocol_v3__lin__cicids__cicids_6__seed1108,lin,cicids,cicids_6,1108,pending,,
grasp_protocol_v3__lin__cicids__cicids_7__seed1108,lin,cicids,cicids_7,1108,pending,,
grasp_protocol_v3__tau_0__cicids__cicids_0__seed1108,tau_0,cicids,cicids_0,1108,pending,,
grasp_protocol_v3__tau_0__cicids__cicids_2__seed1108,tau_0,cicids,cicids_2,1108,pending,,
grasp_protocol_v3__tau_0__cicids__cicids_3__seed1108,tau_0,cicids,cicids_3,1108,pending,,
grasp_protocol_v3__tau_0__cicids__cicids_5__seed1108,tau_0,cicids,cicids_5,1108,pending,,
grasp_protocol_v3__tau_0__cicids__cicids_6__seed1108,tau_0,cicids,cicids_6,1108,pending,,
grasp_protocol_v3__tau_0__cicids__cicids_7__seed1108,tau_0,cicids,cicids_7,1108,pending,,
grasp_protocol_v3__tau_0p25__cicids__cicids_0__seed1108,tau_0p25,cicids,cicids_0,1108,pending,,
grasp_protocol_v3__tau_0p25__cicids__cicids_2__seed1108,tau_0p25,cicids,cicids_2,1108,pending,,
grasp_protocol_v3__tau_0p25__cicids__cicids_3__seed1108,tau_0p25,cicids,cicids_3,1108,pending,,
grasp_protocol_v3__tau_0p25__cicids__cicids_5__seed1108,tau_0p25,cicids,cicids_5,1108,pending,,
grasp_protocol_v3__tau_0p25__cicids__cicids_6__seed1108,tau_0p25,cicids,cicids_6,1108,pending,,
grasp_protocol_v3__tau_0p25__cicids__cicids_7__seed1108,tau_0p25,cicids,cicids_7,1108,pending,,
grasp_protocol_v3__tau_0p5__cicids__cicids_0__seed1108,tau_0p5,cicids,cicids_0,1108,pending,,
grasp_protocol_v3__tau_0p5__cicids__cicids_2__seed1108,tau_0p5,cicids,cicids_2,1108,pending,,
grasp_protocol_v3__tau_0p5__cicids__cicids_3__seed1108,tau_0p5,cicids,cicids_3,1108,pending,,
grasp_protocol_v3__tau_0p5__cicids__cicids_5__seed1108,tau_0p5,cicids,cicids_5,1108,pending,,
grasp_protocol_v3__tau_0p5__cicids__cicids_6__seed1108,tau_0p5,cicids,cicids_6,1108,pending,,
grasp_protocol_v3__tau_0p5__cicids__cicids_7__seed1108,tau_0p5,cicids,cicids_7,1108,pending,,
grasp_protocol_v3__tau_1__cicids__cicids_0__seed1108,tau_1,cicids,cicids_0,1108,pending,,
grasp_protocol_v3__tau_1__cicids__cicids_2__seed1108,tau_1,cicids,cicids_2,1108,pending,,
grasp_protocol_v3__tau_1__cicids__cicids_3__seed1108,tau_1,cicids,cicids_3,1108,pending,,
grasp_protocol_v3__tau_1__cicids__cicids_5__seed1108,tau_1,cicids,cicids_5,1108,pending,,
grasp_protocol_v3__tau_1__cicids__cicids_6__seed1108,tau_1,cicids,cicids_6,1108,pending,,
grasp_protocol_v3__tau_1__cicids__cicids_7__seed1108,tau_1,cicids,cicids_7,1108,pending,,
grasp_protocol_v3__tau_4__cicids__cicids_0__seed1108,tau_4,cicids,cicids_0,1108,pending,,
grasp_protocol_v3__tau_4__cicids__cicids_2__seed1108,tau_4,cicids,cicids_2,1108,pending,,
grasp_protocol_v3__tau_4__cicids__cicids_3__seed1108,tau_4,cicids,cicids_3,1108,pending,,
grasp_protocol_v3__tau_4__cicids__cicids_5__seed1108,tau_4,cicids,cicids_5,1108,pending,,
grasp_protocol_v3__tau_4__cicids__cicids_6__seed1108,tau_4,cicids,cicids_6,1108,pending,,
grasp_protocol_v3__tau_4__cicids__cicids_7__seed1108,tau_4,cicids,cicids_7,1108,pending,,
grasp_protocol_v3__tau_8__cicids__cicids_0__seed1108,tau_8,cicids,cicids_0,1108,pending,,
grasp_protocol_v3__tau_8__cicids__cicids_2__seed1108,tau_8,cicids,cicids_2,1108,pending,,
grasp_protocol_v3__tau_8__cicids__cicids_3__seed1108,tau_8,cicids,cicids_3,1108,pending,,
grasp_protocol_v3__tau_8__cicids__cicids_5__seed1108,tau_8,cicids,cicids_5,1108,pending,,
grasp_protocol_v3__tau_8__cicids__cicids_6__seed1108,tau_8,cicids,cicids_6,1108,pending,,
grasp_protocol_v3__tau_8__cicids__cicids_7__seed1108,tau_8,cicids,cicids_7,1108,pending,,
grasp_protocol_v3__gnn__cicids__cicids_0__seed1109,gnn,cicids,cicids_0,1109,pending,,
grasp_protocol_v3__gnn__cicids__cicids_2__seed1109,gnn,cicids,cicids_2,1109,pending,,
grasp_protocol_v3__gnn__cicids__cicids_3__seed1109,gnn,cicids,cicids_3,1109,pending,,
grasp_protocol_v3__gnn__cicids__cicids_5__seed1109,gnn,cicids,cicids_5,1109,pending,,
grasp_protocol_v3__gnn__cicids__cicids_6__seed1109,gnn,cicids,cicids_6,1109,pending,,
grasp_protocol_v3__gnn__cicids__cicids_7__seed1109,gnn,cicids,cicids_7,1109,pending,,
grasp_protocol_v3__main__cicids__cicids_0__seed1109,main,cicids,cicids_0,1109,pending,,
grasp_protocol_v3__main__cicids__cicids_2__seed1109,main,cicids,cicids_2,1109,pending,,
grasp_protocol_v3__main__cicids__cicids_3__seed1109,main,cicids,cicids_3,1109,pending,,
grasp_protocol_v3__main__cicids__cicids_5__seed1109,main,cicids,cicids_5,1109,pending,,
grasp_protocol_v3__main__cicids__cicids_6__seed1109,main,cicids,cicids_6,1109,pending,,
grasp_protocol_v3__main__cicids__cicids_7__seed1109,main,cicids,cicids_7,1109,pending,,
grasp_protocol_v3__transformer__cicids__cicids_0__seed1109,transformer,cicids,cicids_0,1109,pending,,
grasp_protocol_v3__transformer__cicids__cicids_2__seed1109,transformer,cicids,cicids_2,1109,pending,,
grasp_protocol_v3__transformer__cicids__cicids_3__seed1109,transformer,cicids,cicids_3,1109,pending,,
grasp_protocol_v3__transformer__cicids__cicids_5__seed1109,transformer,cicids,cicids_5,1109,pending,,
grasp_protocol_v3__transformer__cicids__cicids_6__seed1109,transformer,cicids,cicids_6,1109,pending,,
grasp_protocol_v3__transformer__cicids__cicids_7__seed1109,transformer,cicids,cicids_7,1109,pending,,
grasp_protocol_v3__mean__cicids__cicids_0__seed1109,mean,cicids,cicids_0,1109,pending,,
grasp_protocol_v3__mean__cicids__cicids_2__seed1109,mean,cicids,cicids_2,1109,pending,,
grasp_protocol_v3__mean__cicids__cicids_3__seed1109,mean,cicids,cicids_3,1109,pending,,
grasp_protocol_v3__mean__cicids__cicids_5__seed1109,mean,cicids,cicids_5,1109,pending,,
grasp_protocol_v3__mean__cicids__cicids_6__seed1109,mean,cicids,cicids_6,1109,pending,,
grasp_protocol_v3__mean__cicids__cicids_7__seed1109,mean,cicids,cicids_7,1109,pending,,
grasp_protocol_v3__er__cicids__cicids_0__seed1109,er,cicids,cicids_0,1109,pending,,
grasp_protocol_v3__er__cicids__cicids_2__seed1109,er,cicids,cicids_2,1109,pending,,
grasp_protocol_v3__er__cicids__cicids_3__seed1109,er,cicids,cicids_3,1109,pending,,
grasp_protocol_v3__er__cicids__cicids_5__seed1109,er,cicids,cicids_5,1109,pending,,
grasp_protocol_v3__er__cicids__cicids_6__seed1109,er,cicids,cicids_6,1109,pending,,
grasp_protocol_v3__er__cicids__cicids_7__seed1109,er,cicids,cicids_7,1109,pending,,
grasp_protocol_v3__lin__cicids__cicids_0__seed1109,lin,cicids,cicids_0,1109,pending,,
grasp_protocol_v3__lin__cicids__cicids_2__seed1109,lin,cicids,cicids_2,1109,pending,,
grasp_protocol_v3__lin__cicids__cicids_3__seed1109,lin,cicids,cicids_3,1109,pending,,
grasp_protocol_v3__lin__cicids__cicids_5__seed1109,lin,cicids,cicids_5,1109,pending,,
grasp_protocol_v3__lin__cicids__cicids_6__seed1109,lin,cicids,cicids_6,1109,pending,,
grasp_protocol_v3__lin__cicids__cicids_7__seed1109,lin,cicids,cicids_7,1109,pending,,
grasp_protocol_v3__tau_0__cicids__cicids_0__seed1109,tau_0,cicids,cicids_0,1109,pending,,
grasp_protocol_v3__tau_0__cicids__cicids_2__seed1109,tau_0,cicids,cicids_2,1109,pending,,
grasp_protocol_v3__tau_0__cicids__cicids_3__seed1109,tau_0,cicids,cicids_3,1109,pending,,
grasp_protocol_v3__tau_0__cicids__cicids_5__seed1109,tau_0,cicids,cicids_5,1109,pending,,
grasp_protocol_v3__tau_0__cicids__cicids_6__seed1109,tau_0,cicids,cicids_6,1109,pending,,
grasp_protocol_v3__tau_0__cicids__cicids_7__seed1109,tau_0,cicids,cicids_7,1109,pending,,
grasp_protocol_v3__tau_0p25__cicids__cicids_0__seed1109,tau_0p25,cicids,cicids_0,1109,pending,,
grasp_protocol_v3__tau_0p25__cicids__cicids_2__seed1109,tau_0p25,cicids,cicids_2,1109,pending,,
grasp_protocol_v3__tau_0p25__cicids__cicids_3__seed1109,tau_0p25,cicids,cicids_3,1109,pending,,
grasp_protocol_v3__tau_0p25__cicids__cicids_5__seed1109,tau_0p25,cicids,cicids_5,1109,pending,,
grasp_protocol_v3__tau_0p25__cicids__cicids_6__seed1109,tau_0p25,cicids,cicids_6,1109,pending,,
grasp_protocol_v3__tau_0p25__cicids__cicids_7__seed1109,tau_0p25,cicids,cicids_7,1109,pending,,
grasp_protocol_v3__tau_0p5__cicids__cicids_0__seed1109,tau_0p5,cicids,cicids_0,1109,pending,,
grasp_protocol_v3__tau_0p5__cicids__cicids_2__seed1109,tau_0p5,cicids,cicids_2,1109,pending,,
grasp_protocol_v3__tau_0p5__cicids__cicids_3__seed1109,tau_0p5,cicids,cicids_3,1109,pending,,
grasp_protocol_v3__tau_0p5__cicids__cicids_5__seed1109,tau_0p5,cicids,cicids_5,1109,pending,,
grasp_protocol_v3__tau_0p5__cicids__cicids_6__seed1109,tau_0p5,cicids,cicids_6,1109,pending,,
grasp_protocol_v3__tau_0p5__cicids__cicids_7__seed1109,tau_0p5,cicids,cicids_7,1109,pending,,
grasp_protocol_v3__tau_1__cicids__cicids_0__seed1109,tau_1,cicids,cicids_0,1109,pending,,
grasp_protocol_v3__tau_1__cicids__cicids_2__seed1109,tau_1,cicids,cicids_2,1109,pending,,
grasp_protocol_v3__tau_1__cicids__cicids_3__seed1109,tau_1,cicids,cicids_3,1109,pending,,
grasp_protocol_v3__tau_1__cicids__cicids_5__seed1109,tau_1,cicids,cicids_5,1109,pending,,
grasp_protocol_v3__tau_1__cicids__cicids_6__seed1109,tau_1,cicids,cicids_6,1109,pending,,
grasp_protocol_v3__tau_1__cicids__cicids_7__seed1109,tau_1,cicids,cicids_7,1109,pending,,
grasp_protocol_v3__tau_4__cicids__cicids_0__seed1109,tau_4,cicids,cicids_0,1109,pending,,
grasp_protocol_v3__tau_4__cicids__cicids_2__seed1109,tau_4,cicids,cicids_2,1109,pending,,
grasp_protocol_v3__tau_4__cicids__cicids_3__seed1109,tau_4,cicids,cicids_3,1109,pending,,
grasp_protocol_v3__tau_4__cicids__cicids_5__seed1109,tau_4,cicids,cicids_5,1109,pending,,
grasp_protocol_v3__tau_4__cicids__cicids_6__seed1109,tau_4,cicids,cicids_6,1109,pending,,
grasp_protocol_v3__tau_4__cicids__cicids_7__seed1109,tau_4,cicids,cicids_7,1109,pending,,
grasp_protocol_v3__tau_8__cicids__cicids_0__seed1109,tau_8,cicids,cicids_0,1109,pending,,
grasp_protocol_v3__tau_8__cicids__cicids_2__seed1109,tau_8,cicids,cicids_2,1109,pending,,
grasp_protocol_v3__tau_8__cicids__cicids_3__seed1109,tau_8,cicids,cicids_3,1109,pending,,
grasp_protocol_v3__tau_8__cicids__cicids_5__seed1109,tau_8,cicids,cicids_5,1109,pending,,
grasp_protocol_v3__tau_8__cicids__cicids_6__seed1109,tau_8,cicids,cicids_6,1109,pending,,
grasp_protocol_v3__tau_8__cicids__cicids_7__seed1109,tau_8,cicids,cicids_7,1109,pending,,
grasp_protocol_v3__gnn__cicids__cicids_0__seed1110,gnn,cicids,cicids_0,1110,pending,,
grasp_protocol_v3__gnn__cicids__cicids_2__seed1110,gnn,cicids,cicids_2,1110,pending,,
grasp_protocol_v3__gnn__cicids__cicids_3__seed1110,gnn,cicids,cicids_3,1110,pending,,
grasp_protocol_v3__gnn__cicids__cicids_5__seed1110,gnn,cicids,cicids_5,1110,pending,,
grasp_protocol_v3__gnn__cicids__cicids_6__seed1110,gnn,cicids,cicids_6,1110,pending,,
grasp_protocol_v3__gnn__cicids__cicids_7__seed1110,gnn,cicids,cicids_7,1110,pending,,
grasp_protocol_v3__main__cicids__cicids_0__seed1110,main,cicids,cicids_0,1110,pending,,
grasp_protocol_v3__main__cicids__cicids_2__seed1110,main,cicids,cicids_2,1110,pending,,
grasp_protocol_v3__main__cicids__cicids_3__seed1110,main,cicids,cicids_3,1110,pending,,
grasp_protocol_v3__main__cicids__cicids_5__seed1110,main,cicids,cicids_5,1110,pending,,
grasp_protocol_v3__main__cicids__cicids_6__seed1110,main,cicids,cicids_6,1110,pending,,
grasp_protocol_v3__main__cicids__cicids_7__seed1110,main,cicids,cicids_7,1110,pending,,
grasp_protocol_v3__transformer__cicids__cicids_0__seed1110,transformer,cicids,cicids_0,1110,pending,,
grasp_protocol_v3__transformer__cicids__cicids_2__seed1110,transformer,cicids,cicids_2,1110,pending,,
grasp_protocol_v3__transformer__cicids__cicids_3__seed1110,transformer,cicids,cicids_3,1110,pending,,
grasp_protocol_v3__transformer__cicids__cicids_5__seed1110,transformer,cicids,cicids_5,1110,pending,,
grasp_protocol_v3__transformer__cicids__cicids_6__seed1110,transformer,cicids,cicids_6,1110,pending,,
grasp_protocol_v3__transformer__cicids__cicids_7__seed1110,transformer,cicids,cicids_7,1110,pending,,
grasp_protocol_v3__mean__cicids__cicids_0__seed1110,mean,cicids,cicids_0,1110,pending,,
grasp_protocol_v3__mean__cicids__cicids_2__seed1110,mean,cicids,cicids_2,1110,pending,,
grasp_protocol_v3__mean__cicids__cicids_3__seed1110,mean,cicids,cicids_3,1110,pending,,
grasp_protocol_v3__mean__cicids__cicids_5__seed1110,mean,cicids,cicids_5,1110,pending,,
grasp_protocol_v3__mean__cicids__cicids_6__seed1110,mean,cicids,cicids_6,1110,pending,,
grasp_protocol_v3__mean__cicids__cicids_7__seed1110,mean,cicids,cicids_7,1110,pending,,
grasp_protocol_v3__er__cicids__cicids_0__seed1110,er,cicids,cicids_0,1110,pending,,
grasp_protocol_v3__er__cicids__cicids_2__seed1110,er,cicids,cicids_2,1110,pending,,
grasp_protocol_v3__er__cicids__cicids_3__seed1110,er,cicids,cicids_3,1110,pending,,
grasp_protocol_v3__er__cicids__cicids_5__seed1110,er,cicids,cicids_5,1110,pending,,
grasp_protocol_v3__er__cicids__cicids_6__seed1110,er,cicids,cicids_6,1110,pending,,
grasp_protocol_v3__er__cicids__cicids_7__seed1110,er,cicids,cicids_7,1110,pending,,
grasp_protocol_v3__lin__cicids__cicids_0__seed1110,lin,cicids,cicids_0,1110,pending,,
grasp_protocol_v3__lin__cicids__cicids_2__seed1110,lin,cicids,cicids_2,1110,pending,,
grasp_protocol_v3__lin__cicids__cicids_3__seed1110,lin,cicids,cicids_3,1110,pending,,
grasp_protocol_v3__lin__cicids__cicids_5__seed1110,lin,cicids,cicids_5,1110,pending,,
grasp_protocol_v3__lin__cicids__cicids_6__seed1110,lin,cicids,cicids_6,1110,pending,,
grasp_protocol_v3__lin__cicids__cicids_7__seed1110,lin,cicids,cicids_7,1110,pending,,
grasp_protocol_v3__tau_0__cicids__cicids_0__seed1110,tau_0,cicids,cicids_0,1110,pending,,
grasp_protocol_v3__tau_0__cicids__cicids_2__seed1110,tau_0,cicids,cicids_2,1110,pending,,
grasp_protocol_v3__tau_0__cicids__cicids_3__seed1110,tau_0,cicids,cicids_3,1110,pending,,
grasp_protocol_v3__tau_0__cicids__cicids_5__seed1110,tau_0,cicids,cicids_5,1110,pending,,
grasp_protocol_v3__tau_0__cicids__cicids_6__seed1110,tau_0,cicids,cicids_6,1110,pending,,
grasp_protocol_v3__tau_0__cicids__cicids_7__seed1110,tau_0,cicids,cicids_7,1110,pending,,
grasp_protocol_v3__tau_0p25__cicids__cicids_0__seed1110,tau_0p25,cicids,cicids_0,1110,pending,,
grasp_protocol_v3__tau_0p25__cicids__cicids_2__seed1110,tau_0p25,cicids,cicids_2,1110,pending,,
grasp_protocol_v3__tau_0p25__cicids__cicids_3__seed1110,tau_0p25,cicids,cicids_3,1110,pending,,
grasp_protocol_v3__tau_0p25__cicids__cicids_5__seed1110,tau_0p25,cicids,cicids_5,1110,pending,,
grasp_protocol_v3__tau_0p25__cicids__cicids_6__seed1110,tau_0p25,cicids,cicids_6,1110,pending,,
grasp_protocol_v3__tau_0p25__cicids__cicids_7__seed1110,tau_0p25,cicids,cicids_7,1110,pending,,
grasp_protocol_v3__tau_0p5__cicids__cicids_0__seed1110,tau_0p5,cicids,cicids_0,1110,pending,,
grasp_protocol_v3__tau_0p5__cicids__cicids_2__seed1110,tau_0p5,cicids,cicids_2,1110,pending,,
grasp_protocol_v3__tau_0p5__cicids__cicids_3__seed1110,tau_0p5,cicids,cicids_3,1110,pending,,
grasp_protocol_v3__tau_0p5__cicids__cicids_5__seed1110,tau_0p5,cicids,cicids_5,1110,pending,,
grasp_protocol_v3__tau_0p5__cicids__cicids_6__seed1110,tau_0p5,cicids,cicids_6,1110,pending,,
grasp_protocol_v3__tau_0p5__cicids__cicids_7__seed1110,tau_0p5,cicids,cicids_7,1110,pending,,
grasp_protocol_v3__tau_1__cicids__cicids_0__seed1110,tau_1,cicids,cicids_0,1110,pending,,
grasp_protocol_v3__tau_1__cicids__cicids_2__seed1110,tau_1,cicids,cicids_2,1110,pending,,
grasp_protocol_v3__tau_1__cicids__cicids_3__seed1110,tau_1,cicids,cicids_3,1110,pending,,
grasp_protocol_v3__tau_1__cicids__cicids_5__seed1110,tau_1,cicids,cicids_5,1110,pending,,
grasp_protocol_v3__tau_1__cicids__cicids_6__seed1110,tau_1,cicids,cicids_6,1110,pending,,
grasp_protocol_v3__tau_1__cicids__cicids_7__seed1110,tau_1,cicids,cicids_7,1110,pending,,
grasp_protocol_v3__tau_4__cicids__cicids_0__seed1110,tau_4,cicids,cicids_0,1110,pending,,
grasp_protocol_v3__tau_4__cicids__cicids_2__seed1110,tau_4,cicids,cicids_2,1110,pending,,
grasp_protocol_v3__tau_4__cicids__cicids_3__seed1110,tau_4,cicids,cicids_3,1110,pending,,
grasp_protocol_v3__tau_4__cicids__cicids_5__seed1110,tau_4,cicids,cicids_5,1110,pending,,
grasp_protocol_v3__tau_4__cicids__cicids_6__seed1110,tau_4,cicids,cicids_6,1110,pending,,
grasp_protocol_v3__tau_4__cicids__cicids_7__seed1110,tau_4,cicids,cicids_7,1110,pending,,
grasp_protocol_v3__tau_8__cicids__cicids_0__seed1110,tau_8,cicids,cicids_0,1110,pending,,
grasp_protocol_v3__tau_8__cicids__cicids_2__seed1110,tau_8,cicids,cicids_2,1110,pending,,
grasp_protocol_v3__tau_8__cicids__cicids_3__seed1110,tau_8,cicids,cicids_3,1110,pending,,
grasp_protocol_v3__tau_8__cicids__cicids_5__seed1110,tau_8,cicids,cicids_5,1110,pending,,
grasp_protocol_v3__tau_8__cicids__cicids_6__seed1110,tau_8,cicids,cicids_6,1110,pending,,
grasp_protocol_v3__tau_8__cicids__cicids_7__seed1110,tau_8,cicids,cicids_7,1110,pending,,
grasp_protocol_v3__gnn__cicids__cicids_0__seed1111,gnn,cicids,cicids_0,1111,pending,,
grasp_protocol_v3__gnn__cicids__cicids_2__seed1111,gnn,cicids,cicids_2,1111,pending,,
grasp_protocol_v3__gnn__cicids__cicids_3__seed1111,gnn,cicids,cicids_3,1111,pending,,
grasp_protocol_v3__gnn__cicids__cicids_5__seed1111,gnn,cicids,cicids_5,1111,pending,,
grasp_protocol_v3__gnn__cicids__cicids_6__seed1111,gnn,cicids,cicids_6,1111,pending,,
grasp_protocol_v3__gnn__cicids__cicids_7__seed1111,gnn,cicids,cicids_7,1111,pending,,
grasp_protocol_v3__main__cicids__cicids_0__seed1111,main,cicids,cicids_0,1111,pending,,
grasp_protocol_v3__main__cicids__cicids_2__seed1111,main,cicids,cicids_2,1111,pending,,
grasp_protocol_v3__main__cicids__cicids_3__seed1111,main,cicids,cicids_3,1111,pending,,
grasp_protocol_v3__main__cicids__cicids_5__seed1111,main,cicids,cicids_5,1111,pending,,
grasp_protocol_v3__main__cicids__cicids_6__seed1111,main,cicids,cicids_6,1111,pending,,
grasp_protocol_v3__main__cicids__cicids_7__seed1111,main,cicids,cicids_7,1111,pending,,
grasp_protocol_v3__transformer__cicids__cicids_0__seed1111,transformer,cicids,cicids_0,1111,pending,,
grasp_protocol_v3__transformer__cicids__cicids_2__seed1111,transformer,cicids,cicids_2,1111,pending,,
grasp_protocol_v3__transformer__cicids__cicids_3__seed1111,transformer,cicids,cicids_3,1111,pending,,
grasp_protocol_v3__transformer__cicids__cicids_5__seed1111,transformer,cicids,cicids_5,1111,pending,,
grasp_protocol_v3__transformer__cicids__cicids_6__seed1111,transformer,cicids,cicids_6,1111,pending,,
grasp_protocol_v3__transformer__cicids__cicids_7__seed1111,transformer,cicids,cicids_7,1111,pending,,
grasp_protocol_v3__mean__cicids__cicids_0__seed1111,mean,cicids,cicids_0,1111,pending,,
grasp_protocol_v3__mean__cicids__cicids_2__seed1111,mean,cicids,cicids_2,1111,pending,,
grasp_protocol_v3__mean__cicids__cicids_3__seed1111,mean,cicids,cicids_3,1111,pending,,
grasp_protocol_v3__mean__cicids__cicids_5__seed1111,mean,cicids,cicids_5,1111,pending,,
grasp_protocol_v3__mean__cicids__cicids_6__seed1111,mean,cicids,cicids_6,1111,pending,,
grasp_protocol_v3__mean__cicids__cicids_7__seed1111,mean,cicids,cicids_7,1111,pending,,
grasp_protocol_v3__er__cicids__cicids_0__seed1111,er,cicids,cicids_0,1111,pending,,
grasp_protocol_v3__er__cicids__cicids_2__seed1111,er,cicids,cicids_2,1111,pending,,
grasp_protocol_v3__er__cicids__cicids_3__seed1111,er,cicids,cicids_3,1111,pending,,
grasp_protocol_v3__er__cicids__cicids_5__seed1111,er,cicids,cicids_5,1111,pending,,
grasp_protocol_v3__er__cicids__cicids_6__seed1111,er,cicids,cicids_6,1111,pending,,
grasp_protocol_v3__er__cicids__cicids_7__seed1111,er,cicids,cicids_7,1111,pending,,
grasp_protocol_v3__lin__cicids__cicids_0__seed1111,lin,cicids,cicids_0,1111,pending,,
grasp_protocol_v3__lin__cicids__cicids_2__seed1111,lin,cicids,cicids_2,1111,pending,,
grasp_protocol_v3__lin__cicids__cicids_3__seed1111,lin,cicids,cicids_3,1111,pending,,
grasp_protocol_v3__lin__cicids__cicids_5__seed1111,lin,cicids,cicids_5,1111,pending,,
grasp_protocol_v3__lin__cicids__cicids_6__seed1111,lin,cicids,cicids_6,1111,pending,,
grasp_protocol_v3__lin__cicids__cicids_7__seed1111,lin,cicids,cicids_7,1111,pending,,
grasp_protocol_v3__tau_0__cicids__cicids_0__seed1111,tau_0,cicids,cicids_0,1111,pending,,
grasp_protocol_v3__tau_0__cicids__cicids_2__seed1111,tau_0,cicids,cicids_2,1111,pending,,
grasp_protocol_v3__tau_0__cicids__cicids_3__seed1111,tau_0,cicids,cicids_3,1111,pending,,
grasp_protocol_v3__tau_0__cicids__cicids_5__seed1111,tau_0,cicids,cicids_5,1111,pending,,
grasp_protocol_v3__tau_0__cicids__cicids_6__seed1111,tau_0,cicids,cicids_6,1111,pending,,
grasp_protocol_v3__tau_0__cicids__cicids_7__seed1111,tau_0,cicids,cicids_7,1111,pending,,
grasp_protocol_v3__tau_0p25__cicids__cicids_0__seed1111,tau_0p25,cicids,cicids_0,1111,pending,,
grasp_protocol_v3__tau_0p25__cicids__cicids_2__seed1111,tau_0p25,cicids,cicids_2,1111,pending,,
grasp_protocol_v3__tau_0p25__cicids__cicids_3__seed1111,tau_0p25,cicids,cicids_3,1111,pending,,
grasp_protocol_v3__tau_0p25__cicids__cicids_5__seed1111,tau_0p25,cicids,cicids_5,1111,pending,,
grasp_protocol_v3__tau_0p25__cicids__cicids_6__seed1111,tau_0p25,cicids,cicids_6,1111,pending,,
grasp_protocol_v3__tau_0p25__cicids__cicids_7__seed1111,tau_0p25,cicids,cicids_7,1111,pending,,
grasp_protocol_v3__tau_0p5__cicids__cicids_0__seed1111,tau_0p5,cicids,cicids_0,1111,pending,,
grasp_protocol_v3__tau_0p5__cicids__cicids_2__seed1111,tau_0p5,cicids,cicids_2,1111,pending,,
grasp_protocol_v3__tau_0p5__cicids__cicids_3__seed1111,tau_0p5,cicids,cicids_3,1111,pending,,
grasp_protocol_v3__tau_0p5__cicids__cicids_5__seed1111,tau_0p5,cicids,cicids_5,1111,pending,,
grasp_protocol_v3__tau_0p5__cicids__cicids_6__seed1111,tau_0p5,cicids,cicids_6,1111,pending,,
grasp_protocol_v3__tau_0p5__cicids__cicids_7__seed1111,tau_0p5,cicids,cicids_7,1111,pending,,
grasp_protocol_v3__tau_1__cicids__cicids_0__seed1111,tau_1,cicids,cicids_0,1111,pending,,
grasp_protocol_v3__tau_1__cicids__cicids_2__seed1111,tau_1,cicids,cicids_2,1111,pending,,
grasp_protocol_v3__tau_1__cicids__cicids_3__seed1111,tau_1,cicids,cicids_3,1111,pending,,
grasp_protocol_v3__tau_1__cicids__cicids_5__seed1111,tau_1,cicids,cicids_5,1111,pending,,
grasp_protocol_v3__tau_1__cicids__cicids_6__seed1111,tau_1,cicids,cicids_6,1111,pending,,
grasp_protocol_v3__tau_1__cicids__cicids_7__seed1111,tau_1,cicids,cicids_7,1111,pending,,
grasp_protocol_v3__tau_4__cicids__cicids_0__seed1111,tau_4,cicids,cicids_0,1111,pending,,
grasp_protocol_v3__tau_4__cicids__cicids_2__seed1111,tau_4,cicids,cicids_2,1111,pending,,
grasp_protocol_v3__tau_4__cicids__cicids_3__seed1111,tau_4,cicids,cicids_3,1111,pending,,
grasp_protocol_v3__tau_4__cicids__cicids_5__seed1111,tau_4,cicids,cicids_5,1111,pending,,
grasp_protocol_v3__tau_4__cicids__cicids_6__seed1111,tau_4,cicids,cicids_6,1111,pending,,
grasp_protocol_v3__tau_4__cicids__cicids_7__seed1111,tau_4,cicids,cicids_7,1111,pending,,
grasp_protocol_v3__tau_8__cicids__cicids_0__seed1111,tau_8,cicids,cicids_0,1111,pending,,
grasp_protocol_v3__tau_8__cicids__cicids_2__seed1111,tau_8,cicids,cicids_2,1111,pending,,
grasp_protocol_v3__tau_8__cicids__cicids_3__seed1111,tau_8,cicids,cicids_3,1111,pending,,
grasp_protocol_v3__tau_8__cicids__cicids_5__seed1111,tau_8,cicids,cicids_5,1111,pending,,
grasp_protocol_v3__tau_8__cicids__cicids_6__seed1111,tau_8,cicids,cicids_6,1111,pending,,
grasp_protocol_v3__tau_8__cicids__cicids_7__seed1111,tau_8,cicids,cicids_7,1111,pending,,
grasp_protocol_v3__gnn__cicids__cicids_0__seed1112,gnn,cicids,cicids_0,1112,pending,,
grasp_protocol_v3__gnn__cicids__cicids_2__seed1112,gnn,cicids,cicids_2,1112,pending,,
grasp_protocol_v3__gnn__cicids__cicids_3__seed1112,gnn,cicids,cicids_3,1112,pending,,
grasp_protocol_v3__gnn__cicids__cicids_5__seed1112,gnn,cicids,cicids_5,1112,pending,,
grasp_protocol_v3__gnn__cicids__cicids_6__seed1112,gnn,cicids,cicids_6,1112,pending,,
grasp_protocol_v3__gnn__cicids__cicids_7__seed1112,gnn,cicids,cicids_7,1112,pending,,
grasp_protocol_v3__main__cicids__cicids_0__seed1112,main,cicids,cicids_0,1112,pending,,
grasp_protocol_v3__main__cicids__cicids_2__seed1112,main,cicids,cicids_2,1112,pending,,
grasp_protocol_v3__main__cicids__cicids_3__seed1112,main,cicids,cicids_3,1112,pending,,
grasp_protocol_v3__main__cicids__cicids_5__seed1112,main,cicids,cicids_5,1112,pending,,
grasp_protocol_v3__main__cicids__cicids_6__seed1112,main,cicids,cicids_6,1112,pending,,
grasp_protocol_v3__main__cicids__cicids_7__seed1112,main,cicids,cicids_7,1112,pending,,
grasp_protocol_v3__transformer__cicids__cicids_0__seed1112,transformer,cicids,cicids_0,1112,pending,,
grasp_protocol_v3__transformer__cicids__cicids_2__seed1112,transformer,cicids,cicids_2,1112,pending,,
grasp_protocol_v3__transformer__cicids__cicids_3__seed1112,transformer,cicids,cicids_3,1112,pending,,
grasp_protocol_v3__transformer__cicids__cicids_5__seed1112,transformer,cicids,cicids_5,1112,pending,,
grasp_protocol_v3__transformer__cicids__cicids_6__seed1112,transformer,cicids,cicids_6,1112,pending,,
grasp_protocol_v3__transformer__cicids__cicids_7__seed1112,transformer,cicids,cicids_7,1112,pending,,
grasp_protocol_v3__mean__cicids__cicids_0__seed1112,mean,cicids,cicids_0,1112,pending,,
grasp_protocol_v3__mean__cicids__cicids_2__seed1112,mean,cicids,cicids_2,1112,pending,,
grasp_protocol_v3__mean__cicids__cicids_3__seed1112,mean,cicids,cicids_3,1112,pending,,
grasp_protocol_v3__mean__cicids__cicids_5__seed1112,mean,cicids,cicids_5,1112,pending,,
grasp_protocol_v3__mean__cicids__cicids_6__seed1112,mean,cicids,cicids_6,1112,pending,,
grasp_protocol_v3__mean__cicids__cicids_7__seed1112,mean,cicids,cicids_7,1112,pending,,
grasp_protocol_v3__er__cicids__cicids_0__seed1112,er,cicids,cicids_0,1112,pending,,
grasp_protocol_v3__er__cicids__cicids_2__seed1112,er,cicids,cicids_2,1112,pending,,
grasp_protocol_v3__er__cicids__cicids_3__seed1112,er,cicids,cicids_3,1112,pending,,
grasp_protocol_v3__er__cicids__cicids_5__seed1112,er,cicids,cicids_5,1112,pending,,
grasp_protocol_v3__er__cicids__cicids_6__seed1112,er,cicids,cicids_6,1112,pending,,
grasp_protocol_v3__er__cicids__cicids_7__seed1112,er,cicids,cicids_7,1112,pending,,
grasp_protocol_v3__lin__cicids__cicids_0__seed1112,lin,cicids,cicids_0,1112,pending,,
grasp_protocol_v3__lin__cicids__cicids_2__seed1112,lin,cicids,cicids_2,1112,pending,,
grasp_protocol_v3__lin__cicids__cicids_3__seed1112,lin,cicids,cicids_3,1112,pending,,
grasp_protocol_v3__lin__cicids__cicids_5__seed1112,lin,cicids,cicids_5,1112,pending,,
grasp_protocol_v3__lin__cicids__cicids_6__seed1112,lin,cicids,cicids_6,1112,pending,,
grasp_protocol_v3__lin__cicids__cicids_7__seed1112,lin,cicids,cicids_7,1112,pending,,
grasp_protocol_v3__tau_0__cicids__cicids_0__seed1112,tau_0,cicids,cicids_0,1112,pending,,
grasp_protocol_v3__tau_0__cicids__cicids_2__seed1112,tau_0,cicids,cicids_2,1112,pending,,
grasp_protocol_v3__tau_0__cicids__cicids_3__seed1112,tau_0,cicids,cicids_3,1112,pending,,
grasp_protocol_v3__tau_0__cicids__cicids_5__seed1112,tau_0,cicids,cicids_5,1112,pending,,
grasp_protocol_v3__tau_0__cicids__cicids_6__seed1112,tau_0,cicids,cicids_6,1112,pending,,
grasp_protocol_v3__tau_0__cicids__cicids_7__seed1112,tau_0,cicids,cicids_7,1112,pending,,
grasp_protocol_v3__tau_0p25__cicids__cicids_0__seed1112,tau_0p25,cicids,cicids_0,1112,pending,,
grasp_protocol_v3__tau_0p25__cicids__cicids_2__seed1112,tau_0p25,cicids,cicids_2,1112,pending,,
grasp_protocol_v3__tau_0p25__cicids__cicids_3__seed1112,tau_0p25,cicids,cicids_3,1112,pending,,
grasp_protocol_v3__tau_0p25__cicids__cicids_5__seed1112,tau_0p25,cicids,cicids_5,1112,pending,,
grasp_protocol_v3__tau_0p25__cicids__cicids_6__seed1112,tau_0p25,cicids,cicids_6,1112,pending,,
grasp_protocol_v3__tau_0p25__cicids__cicids_7__seed1112,tau_0p25,cicids,cicids_7,1112,pending,,
grasp_protocol_v3__tau_0p5__cicids__cicids_0__seed1112,tau_0p5,cicids,cicids_0,1112,pending,,
grasp_protocol_v3__tau_0p5__cicids__cicids_2__seed1112,tau_0p5,cicids,cicids_2,1112,pending,,
grasp_protocol_v3__tau_0p5__cicids__cicids_3__seed1112,tau_0p5,cicids,cicids_3,1112,pending,,
grasp_protocol_v3__tau_0p5__cicids__cicids_5__seed1112,tau_0p5,cicids,cicids_5,1112,pending,,
grasp_protocol_v3__tau_0p5__cicids__cicids_6__seed1112,tau_0p5,cicids,cicids_6,1112,pending,,
grasp_protocol_v3__tau_0p5__cicids__cicids_7__seed1112,tau_0p5,cicids,cicids_7,1112,pending,,
grasp_protocol_v3__tau_1__cicids__cicids_0__seed1112,tau_1,cicids,cicids_0,1112,pending,,
grasp_protocol_v3__tau_1__cicids__cicids_2__seed1112,tau_1,cicids,cicids_2,1112,pending,,
grasp_protocol_v3__tau_1__cicids__cicids_3__seed1112,tau_1,cicids,cicids_3,1112,pending,,
grasp_protocol_v3__tau_1__cicids__cicids_5__seed1112,tau_1,cicids,cicids_5,1112,pending,,
grasp_protocol_v3__tau_1__cicids__cicids_6__seed1112,tau_1,cicids,cicids_6,1112,pending,,
grasp_protocol_v3__tau_1__cicids__cicids_7__seed1112,tau_1,cicids,cicids_7,1112,pending,,
grasp_protocol_v3__tau_4__cicids__cicids_0__seed1112,tau_4,cicids,cicids_0,1112,pending,,
grasp_protocol_v3__tau_4__cicids__cicids_2__seed1112,tau_4,cicids,cicids_2,1112,pending,,
grasp_protocol_v3__tau_4__cicids__cicids_3__seed1112,tau_4,cicids,cicids_3,1112,pending,,
grasp_protocol_v3__tau_4__cicids__cicids_5__seed1112,tau_4,cicids,cicids_5,1112,pending,,
grasp_protocol_v3__tau_4__cicids__cicids_6__seed1112,tau_4,cicids,cicids_6,1112,pending,,
grasp_protocol_v3__tau_4__cicids__cicids_7__seed1112,tau_4,cicids,cicids_7,1112,pending,,
grasp_protocol_v3__tau_8__cicids__cicids_0__seed1112,tau_8,cicids,cicids_0,1112,pending,,
grasp_protocol_v3__tau_8__cicids__cicids_2__seed1112,tau_8,cicids,cicids_2,1112,pending,,
grasp_protocol_v3__tau_8__cicids__cicids_3__seed1112,tau_8,cicids,cicids_3,1112,pending,,
grasp_protocol_v3__tau_8__cicids__cicids_5__seed1112,tau_8,cicids,cicids_5,1112,pending,,
grasp_protocol_v3__tau_8__cicids__cicids_6__seed1112,tau_8,cicids,cicids_6,1112,pending,,
grasp_protocol_v3__tau_8__cicids__cicids_7__seed1112,tau_8,cicids,cicids_7,1112,pending,,
