id,model,dataset,data_track,seed,model_config,author_yaml,training_updates,gradient_accumulate_every,data_shape,frozen_samples,data_sha256,reference_path,reference_sha256,generation_batch_size,generation_field_chunk_size,expected_parameters,output_directory,artifact_directory,paper_reported_parameters,status,result_path,result_sha256,method,stages,data,queue,model_config_sha256,preflight_artifact_directory,original_canonical_id
spectral_original__spectral_flow__stocks__released_author_data__seed42,spectral_flow,stocks,released_author_data,42,configs/models/fm_spectral_author__spectral_flow__stocks__released_author_data.json,experiments/runs/fm_project_acquisition/sources/spectral_mean_flow/original/src_base/configs/spectral_flow/stocks.yaml,10000,1,"[3662, 24, 6]",data/public_datasets/flow_matching/spectral_mean_flow_original_v2/released_author_data/stocks/frozen_training_samples.npy,dca508bf449c5feb6427fe0c1442da244cfee2b5775bfee9765bafc88b0642f7,data/public_datasets/flow_matching/spectral_mean_flow_original_v2/released_author_data/stocks/samples/stock_norm_truth_24_train.npy,ad947258d6e03060365b17b247749ada34e9f51ff7b40376077b9bbd645abd97,2001,,356800,experiments/runs/fm_spectral_mean_flow_original_v1/jobs/spectral_original__spectral_flow__stocks__released_author_data__seed42,F:/aicoding/IIA_Data/experiments/spectral_mean_flow_original_v1/spectral_original__spectral_flow__stocks__released_author_data__seed42,356800,no_complete_result,,,,,,,,,
spectral_original__spectral_flow__stocks__released_author_data__seed43,spectral_flow,stocks,released_author_data,43,configs/models/fm_spectral_author__spectral_flow__stocks__released_author_data.json,experiments/runs/fm_project_acquisition/sources/spectral_mean_flow/original/src_base/configs/spectral_flow/stocks.yaml,10000,1,"[3662, 24, 6]",data/public_datasets/flow_matching/spectral_mean_flow_original_v2/released_author_data/stocks/frozen_training_samples.npy,dca508bf449c5feb6427fe0c1442da244cfee2b5775bfee9765bafc88b0642f7,data/public_datasets/flow_matching/spectral_mean_flow_original_v2/released_author_data/stocks/samples/stock_norm_truth_24_train.npy,ad947258d6e03060365b17b247749ada34e9f51ff7b40376077b9bbd645abd97,2001,,356800,experiments/runs/fm_spectral_mean_flow_original_v1/jobs/spectral_original__spectral_flow__stocks__released_author_data__seed43,F:/aicoding/IIA_Data/experiments/spectral_mean_flow_original_v1/spectral_original__spectral_flow__stocks__released_author_data__seed43,356800,no_complete_result,,,,,,,,,
spectral_original__spectral_flow__stocks__released_author_data__seed44,spectral_flow,stocks,released_author_data,44,configs/models/fm_spectral_author__spectral_flow__stocks__released_author_data.json,experiments/runs/fm_project_acquisition/sources/spectral_mean_flow/original/src_base/configs/spectral_flow/stocks.yaml,10000,1,"[3662, 24, 6]",data/public_datasets/flow_matching/spectral_mean_flow_original_v2/released_author_data/stocks/frozen_training_samples.npy,dca508bf449c5feb6427fe0c1442da244cfee2b5775bfee9765bafc88b0642f7,data/public_datasets/flow_matching/spectral_mean_flow_original_v2/released_author_data/stocks/samples/stock_norm_truth_24_train.npy,ad947258d6e03060365b17b247749ada34e9f51ff7b40376077b9bbd645abd97,2001,,356800,experiments/runs/fm_spectral_mean_flow_original_v1/jobs/spectral_original__spectral_flow__stocks__released_author_data__seed44,F:/aicoding/IIA_Data/experiments/spectral_mean_flow_original_v1/spectral_original__spectral_flow__stocks__released_author_data__seed44,356800,no_complete_result,,,,,,,,,
spectral_original__spectral_flow__stocks__released_author_data__seed45,spectral_flow,stocks,released_author_data,45,configs/models/fm_spectral_author__spectral_flow__stocks__released_author_data.json,experiments/runs/fm_project_acquisition/sources/spectral_mean_flow/original/src_base/configs/spectral_flow/stocks.yaml,10000,1,"[3662, 24, 6]",data/public_datasets/flow_matching/spectral_mean_flow_original_v2/released_author_data/stocks/frozen_training_samples.npy,dca508bf449c5feb6427fe0c1442da244cfee2b5775bfee9765bafc88b0642f7,data/public_datasets/flow_matching/spectral_mean_flow_original_v2/released_author_data/stocks/samples/stock_norm_truth_24_train.npy,ad947258d6e03060365b17b247749ada34e9f51ff7b40376077b9bbd645abd97,2001,,356800,experiments/runs/fm_spectral_mean_flow_original_v1/jobs/spectral_original__spectral_flow__stocks__released_author_data__seed45,F:/aicoding/IIA_Data/experiments/spectral_mean_flow_original_v1/spectral_original__spectral_flow__stocks__released_author_data__seed45,356800,no_complete_result,,,,,,,,,
spectral_original__spectral_flow__stocks__released_author_data__seed46,spectral_flow,stocks,released_author_data,46,configs/models/fm_spectral_author__spectral_flow__stocks__released_author_data.json,experiments/runs/fm_project_acquisition/sources/spectral_mean_flow/original/src_base/configs/spectral_flow/stocks.yaml,10000,1,"[3662, 24, 6]",data/public_datasets/flow_matching/spectral_mean_flow_original_v2/released_author_data/stocks/frozen_training_samples.npy,dca508bf449c5feb6427fe0c1442da244cfee2b5775bfee9765bafc88b0642f7,data/public_datasets/flow_matching/spectral_mean_flow_original_v2/released_author_data/stocks/samples/stock_norm_truth_24_train.npy,ad947258d6e03060365b17b247749ada34e9f51ff7b40376077b9bbd645abd97,2001,,356800,experiments/runs/fm_spectral_mean_flow_original_v1/jobs/spectral_original__spectral_flow__stocks__released_author_data__seed46,F:/aicoding/IIA_Data/experiments/spectral_mean_flow_original_v1/spectral_original__spectral_flow__stocks__released_author_data__seed46,356800,no_complete_result,,,,,,,,,
spectral_original__diffusion_ts__stocks__released_author_data__seed42,diffusion_ts,stocks,released_author_data,42,configs/models/fm_spectral_author__diffusion_ts__stocks__released_author_data.json,experiments/runs/fm_project_acquisition/sources/spectral_mean_flow/original/src_base/configs/diffusion_ts/stocks.yaml,10000,2,"[3662, 24, 6]",data/public_datasets/flow_matching/spectral_mean_flow_original_v2/released_author_data/stocks/frozen_training_samples.npy,dca508bf449c5feb6427fe0c1442da244cfee2b5775bfee9765bafc88b0642f7,data/public_datasets/flow_matching/spectral_mean_flow_original_v2/released_author_data/stocks/samples/stock_norm_truth_24_train.npy,ad947258d6e03060365b17b247749ada34e9f51ff7b40376077b9bbd645abd97,2001,,294390,experiments/runs/fm_spectral_mean_flow_original_v1/jobs/spectral_original__diffusion_ts__stocks__released_author_data__seed42,F:/aicoding/IIA_Data/experiments/spectral_mean_flow_original_v1/spectral_original__diffusion_ts__stocks__released_author_data__seed42,291318,no_complete_result,,,,,,,,,
spectral_original__diffusion_ts__stocks__released_author_data__seed43,diffusion_ts,stocks,released_author_data,43,configs/models/fm_spectral_author__diffusion_ts__stocks__released_author_data.json,experiments/runs/fm_project_acquisition/sources/spectral_mean_flow/original/src_base/configs/diffusion_ts/stocks.yaml,10000,2,"[3662, 24, 6]",data/public_datasets/flow_matching/spectral_mean_flow_original_v2/released_author_data/stocks/frozen_training_samples.npy,dca508bf449c5feb6427fe0c1442da244cfee2b5775bfee9765bafc88b0642f7,data/public_datasets/flow_matching/spectral_mean_flow_original_v2/released_author_data/stocks/samples/stock_norm_truth_24_train.npy,ad947258d6e03060365b17b247749ada34e9f51ff7b40376077b9bbd645abd97,2001,,294390,experiments/runs/fm_spectral_mean_flow_original_v1/jobs/spectral_original__diffusion_ts__stocks__released_author_data__seed43,F:/aicoding/IIA_Data/experiments/spectral_mean_flow_original_v1/spectral_original__diffusion_ts__stocks__released_author_data__seed43,291318,no_complete_result,,,,,,,,,
spectral_original__diffusion_ts__stocks__released_author_data__seed44,diffusion_ts,stocks,released_author_data,44,configs/models/fm_spectral_author__diffusion_ts__stocks__released_author_data.json,experiments/runs/fm_project_acquisition/sources/spectral_mean_flow/original/src_base/configs/diffusion_ts/stocks.yaml,10000,2,"[3662, 24, 6]",data/public_datasets/flow_matching/spectral_mean_flow_original_v2/released_author_data/stocks/frozen_training_samples.npy,dca508bf449c5feb6427fe0c1442da244cfee2b5775bfee9765bafc88b0642f7,data/public_datasets/flow_matching/spectral_mean_flow_original_v2/released_author_data/stocks/samples/stock_norm_truth_24_train.npy,ad947258d6e03060365b17b247749ada34e9f51ff7b40376077b9bbd645abd97,2001,,294390,experiments/runs/fm_spectral_mean_flow_original_v1/jobs/spectral_original__diffusion_ts__stocks__released_author_data__seed44,F:/aicoding/IIA_Data/experiments/spectral_mean_flow_original_v1/spectral_original__diffusion_ts__stocks__released_author_data__seed44,291318,no_complete_result,,,,,,,,,
spectral_original__diffusion_ts__stocks__released_author_data__seed45,diffusion_ts,stocks,released_author_data,45,configs/models/fm_spectral_author__diffusion_ts__stocks__released_author_data.json,experiments/runs/fm_project_acquisition/sources/spectral_mean_flow/original/src_base/configs/diffusion_ts/stocks.yaml,10000,2,"[3662, 24, 6]",data/public_datasets/flow_matching/spectral_mean_flow_original_v2/released_author_data/stocks/frozen_training_samples.npy,dca508bf449c5feb6427fe0c1442da244cfee2b5775bfee9765bafc88b0642f7,data/public_datasets/flow_matching/spectral_mean_flow_original_v2/released_author_data/stocks/samples/stock_norm_truth_24_train.npy,ad947258d6e03060365b17b247749ada34e9f51ff7b40376077b9bbd645abd97,2001,,294390,experiments/runs/fm_spectral_mean_flow_original_v1/jobs/spectral_original__diffusion_ts__stocks__released_author_data__seed45,F:/aicoding/IIA_Data/experiments/spectral_mean_flow_original_v1/spectral_original__diffusion_ts__stocks__released_author_data__seed45,291318,no_complete_result,,,,,,,,,
spectral_original__diffusion_ts__stocks__released_author_data__seed46,diffusion_ts,stocks,released_author_data,46,configs/models/fm_spectral_author__diffusion_ts__stocks__released_author_data.json,experiments/runs/fm_project_acquisition/sources/spectral_mean_flow/original/src_base/configs/diffusion_ts/stocks.yaml,10000,2,"[3662, 24, 6]",data/public_datasets/flow_matching/spectral_mean_flow_original_v2/released_author_data/stocks/frozen_training_samples.npy,dca508bf449c5feb6427fe0c1442da244cfee2b5775bfee9765bafc88b0642f7,data/public_datasets/flow_matching/spectral_mean_flow_original_v2/released_author_data/stocks/samples/stock_norm_truth_24_train.npy,ad947258d6e03060365b17b247749ada34e9f51ff7b40376077b9bbd645abd97,2001,,294390,experiments/runs/fm_spectral_mean_flow_original_v1/jobs/spectral_original__diffusion_ts__stocks__released_author_data__seed46,F:/aicoding/IIA_Data/experiments/spectral_mean_flow_original_v1/spectral_original__diffusion_ts__stocks__released_author_data__seed46,291318,no_complete_result,,,,,,,,,
spectral_original__spectral_flow__energy__released_author_data__seed42,spectral_flow,energy,released_author_data,42,configs/models/fm_spectral_author__spectral_flow__energy__released_author_data.json,experiments/runs/fm_project_acquisition/sources/spectral_mean_flow/original/src_base/configs/spectral_flow/energy.yaml,25000,1,"[19712, 24, 28]",data/public_datasets/flow_matching/spectral_mean_flow_original_v2/released_author_data/energy/frozen_training_samples.npy,c4b593e66baa82bd02897af504e85dc08953f39a2ddf45153ecec624d6e804f6,data/public_datasets/flow_matching/spectral_mean_flow_original_v2/released_author_data/energy/samples/energy_norm_truth_24_train.npy,6bf3a6b45f82c8430cfd41b8f5af2ff5f713ae1567766c30d6ab5533681816e0,2001,,1086432,experiments/runs/fm_spectral_mean_flow_original_v1/jobs/spectral_original__spectral_flow__energy__released_author_data__seed42,F:/aicoding/IIA_Data/experiments/spectral_mean_flow_original_v1/spectral_original__spectral_flow__energy__released_author_data__seed42,1086432,no_complete_result,,,,,,,,,
spectral_original__spectral_flow__energy__released_author_data__seed43,spectral_flow,energy,released_author_data,43,configs/models/fm_spectral_author__spectral_flow__energy__released_author_data.json,experiments/runs/fm_project_acquisition/sources/spectral_mean_flow/original/src_base/configs/spectral_flow/energy.yaml,25000,1,"[19712, 24, 28]",data/public_datasets/flow_matching/spectral_mean_flow_original_v2/released_author_data/energy/frozen_training_samples.npy,c4b593e66baa82bd02897af504e85dc08953f39a2ddf45153ecec624d6e804f6,data/public_datasets/flow_matching/spectral_mean_flow_original_v2/released_author_data/energy/samples/energy_norm_truth_24_train.npy,6bf3a6b45f82c8430cfd41b8f5af2ff5f713ae1567766c30d6ab5533681816e0,2001,,1086432,experiments/runs/fm_spectral_mean_flow_original_v1/jobs/spectral_original__spectral_flow__energy__released_author_data__seed43,F:/aicoding/IIA_Data/experiments/spectral_mean_flow_original_v1/spectral_original__spectral_flow__energy__released_author_data__seed43,1086432,no_complete_result,,,,,,,,,
spectral_original__spectral_flow__energy__released_author_data__seed44,spectral_flow,energy,released_author_data,44,configs/models/fm_spectral_author__spectral_flow__energy__released_author_data.json,experiments/runs/fm_project_acquisition/sources/spectral_mean_flow/original/src_base/configs/spectral_flow/energy.yaml,25000,1,"[19712, 24, 28]",data/public_datasets/flow_matching/spectral_mean_flow_original_v2/released_author_data/energy/frozen_training_samples.npy,c4b593e66baa82bd02897af504e85dc08953f39a2ddf45153ecec624d6e804f6,data/public_datasets/flow_matching/spectral_mean_flow_original_v2/released_author_data/energy/samples/energy_norm_truth_24_train.npy,6bf3a6b45f82c8430cfd41b8f5af2ff5f713ae1567766c30d6ab5533681816e0,2001,,1086432,experiments/runs/fm_spectral_mean_flow_original_v1/jobs/spectral_original__spectral_flow__energy__released_author_data__seed44,F:/aicoding/IIA_Data/experiments/spectral_mean_flow_original_v1/spectral_original__spectral_flow__energy__released_author_data__seed44,1086432,no_complete_result,,,,,,,,,
spectral_original__spectral_flow__energy__released_author_data__seed45,spectral_flow,energy,released_author_data,45,configs/models/fm_spectral_author__spectral_flow__energy__released_author_data.json,experiments/runs/fm_project_acquisition/sources/spectral_mean_flow/original/src_base/configs/spectral_flow/energy.yaml,25000,1,"[19712, 24, 28]",data/public_datasets/flow_matching/spectral_mean_flow_original_v2/released_author_data/energy/frozen_training_samples.npy,c4b593e66baa82bd02897af504e85dc08953f39a2ddf45153ecec624d6e804f6,data/public_datasets/flow_matching/spectral_mean_flow_original_v2/released_author_data/energy/samples/energy_norm_truth_24_train.npy,6bf3a6b45f82c8430cfd41b8f5af2ff5f713ae1567766c30d6ab5533681816e0,2001,,1086432,experiments/runs/fm_spectral_mean_flow_original_v1/jobs/spectral_original__spectral_flow__energy__released_author_data__seed45,F:/aicoding/IIA_Data/experiments/spectral_mean_flow_original_v1/spectral_original__spectral_flow__energy__released_author_data__seed45,1086432,no_complete_result,,,,,,,,,
spectral_original__spectral_flow__energy__released_author_data__seed46,spectral_flow,energy,released_author_data,46,configs/models/fm_spectral_author__spectral_flow__energy__released_author_data.json,experiments/runs/fm_project_acquisition/sources/spectral_mean_flow/original/src_base/configs/spectral_flow/energy.yaml,25000,1,"[19712, 24, 28]",data/public_datasets/flow_matching/spectral_mean_flow_original_v2/released_author_data/energy/frozen_training_samples.npy,c4b593e66baa82bd02897af504e85dc08953f39a2ddf45153ecec624d6e804f6,data/public_datasets/flow_matching/spectral_mean_flow_original_v2/released_author_data/energy/samples/energy_norm_truth_24_train.npy,6bf3a6b45f82c8430cfd41b8f5af2ff5f713ae1567766c30d6ab5533681816e0,2001,,1086432,experiments/runs/fm_spectral_mean_flow_original_v1/jobs/spectral_original__spectral_flow__energy__released_author_data__seed46,F:/aicoding/IIA_Data/experiments/spectral_mean_flow_original_v1/spectral_original__spectral_flow__energy__released_author_data__seed46,1086432,no_complete_result,,,,,,,,,
spectral_original__spectral_flow__etth__released_author_data__seed42,spectral_flow,etth,released_author_data,42,configs/models/fm_spectral_author__spectral_flow__etth__released_author_data.json,experiments/runs/fm_project_acquisition/sources/spectral_mean_flow/original/src_base/configs/spectral_flow/etth.yaml,18000,1,"[17397, 24, 7]",data/public_datasets/flow_matching/spectral_mean_flow_original_v2/released_author_data/etth/frozen_training_samples.npy,4f98e4dcdb2f62b21584f278e99c7c965bb2b156ce5b3544e1e8e186130b11cc,data/public_datasets/flow_matching/spectral_mean_flow_original_v2/released_author_data/etth/samples/etth_norm_truth_24_train.npy,315285190830456ba85a52c9ededec1f509fa127333c03c5f89b64a0d302b01f,2001,,356864,experiments/runs/fm_spectral_mean_flow_original_v1/jobs/spectral_original__spectral_flow__etth__released_author_data__seed42,F:/aicoding/IIA_Data/experiments/spectral_mean_flow_original_v1/spectral_original__spectral_flow__etth__released_author_data__seed42,,no_complete_result,,,,,,,,,
spectral_original__spectral_flow__etth__released_author_data__seed43,spectral_flow,etth,released_author_data,43,configs/models/fm_spectral_author__spectral_flow__etth__released_author_data.json,experiments/runs/fm_project_acquisition/sources/spectral_mean_flow/original/src_base/configs/spectral_flow/etth.yaml,18000,1,"[17397, 24, 7]",data/public_datasets/flow_matching/spectral_mean_flow_original_v2/released_author_data/etth/frozen_training_samples.npy,4f98e4dcdb2f62b21584f278e99c7c965bb2b156ce5b3544e1e8e186130b11cc,data/public_datasets/flow_matching/spectral_mean_flow_original_v2/released_author_data/etth/samples/etth_norm_truth_24_train.npy,315285190830456ba85a52c9ededec1f509fa127333c03c5f89b64a0d302b01f,2001,,356864,experiments/runs/fm_spectral_mean_flow_original_v1/jobs/spectral_original__spectral_flow__etth__released_author_data__seed43,F:/aicoding/IIA_Data/experiments/spectral_mean_flow_original_v1/spectral_original__spectral_flow__etth__released_author_data__seed43,,no_complete_result,,,,,,,,,
spectral_original__spectral_flow__etth__released_author_data__seed44,spectral_flow,etth,released_author_data,44,configs/models/fm_spectral_author__spectral_flow__etth__released_author_data.json,experiments/runs/fm_project_acquisition/sources/spectral_mean_flow/original/src_base/configs/spectral_flow/etth.yaml,18000,1,"[17397, 24, 7]",data/public_datasets/flow_matching/spectral_mean_flow_original_v2/released_author_data/etth/frozen_training_samples.npy,4f98e4dcdb2f62b21584f278e99c7c965bb2b156ce5b3544e1e8e186130b11cc,data/public_datasets/flow_matching/spectral_mean_flow_original_v2/released_author_data/etth/samples/etth_norm_truth_24_train.npy,315285190830456ba85a52c9ededec1f509fa127333c03c5f89b64a0d302b01f,2001,,356864,experiments/runs/fm_spectral_mean_flow_original_v1/jobs/spectral_original__spectral_flow__etth__released_author_data__seed44,F:/aicoding/IIA_Data/experiments/spectral_mean_flow_original_v1/spectral_original__spectral_flow__etth__released_author_data__seed44,,no_complete_result,,,,,,,,,
spectral_original__spectral_flow__etth__released_author_data__seed45,spectral_flow,etth,released_author_data,45,configs/models/fm_spectral_author__spectral_flow__etth__released_author_data.json,experiments/runs/fm_project_acquisition/sources/spectral_mean_flow/original/src_base/configs/spectral_flow/etth.yaml,18000,1,"[17397, 24, 7]",data/public_datasets/flow_matching/spectral_mean_flow_original_v2/released_author_data/etth/frozen_training_samples.npy,4f98e4dcdb2f62b21584f278e99c7c965bb2b156ce5b3544e1e8e186130b11cc,data/public_datasets/flow_matching/spectral_mean_flow_original_v2/released_author_data/etth/samples/etth_norm_truth_24_train.npy,315285190830456ba85a52c9ededec1f509fa127333c03c5f89b64a0d302b01f,2001,,356864,experiments/runs/fm_spectral_mean_flow_original_v1/jobs/spectral_original__spectral_flow__etth__released_author_data__seed45,F:/aicoding/IIA_Data/experiments/spectral_mean_flow_original_v1/spectral_original__spectral_flow__etth__released_author_data__seed45,,no_complete_result,,,,,,,,,
spectral_original__spectral_flow__etth__released_author_data__seed46,spectral_flow,etth,released_author_data,46,configs/models/fm_spectral_author__spectral_flow__etth__released_author_data.json,experiments/runs/fm_project_acquisition/sources/spectral_mean_flow/original/src_base/configs/spectral_flow/etth.yaml,18000,1,"[17397, 24, 7]",data/public_datasets/flow_matching/spectral_mean_flow_original_v2/released_author_data/etth/frozen_training_samples.npy,4f98e4dcdb2f62b21584f278e99c7c965bb2b156ce5b3544e1e8e186130b11cc,data/public_datasets/flow_matching/spectral_mean_flow_original_v2/released_author_data/etth/samples/etth_norm_truth_24_train.npy,315285190830456ba85a52c9ededec1f509fa127333c03c5f89b64a0d302b01f,2001,,356864,experiments/runs/fm_spectral_mean_flow_original_v1/jobs/spectral_original__spectral_flow__etth__released_author_data__seed46,F:/aicoding/IIA_Data/experiments/spectral_mean_flow_original_v1/spectral_original__spectral_flow__etth__released_author_data__seed46,,no_complete_result,,,,,,,,,
spectral_original__spectral_flow__fmri__released_author_data__seed42,spectral_flow,fmri,released_author_data,42,configs/models/fm_spectral_author__spectral_flow__fmri__released_author_data.json,experiments/runs/fm_project_acquisition/sources/spectral_mean_flow/original/src_base/configs/spectral_flow/fmri.yaml,15000,1,"[9977, 24, 50]",data/public_datasets/flow_matching/spectral_mean_flow_original_v2/released_author_data/fmri/frozen_training_samples.npy,fb5bdc3146875a988ff4f7b2d554350b38876f906caa6f0def5259cd38ac37ac,data/public_datasets/flow_matching/spectral_mean_flow_original_v2/released_author_data/fmri/samples/fMRI_norm_truth_24_train.npy,8d7960f397d2d6c38814afdab187e6c83f312d2918a308aac6e682aa6c2425ec,2001,,1237152,experiments/runs/fm_spectral_mean_flow_original_v1/jobs/spectral_original__spectral_flow__fmri__released_author_data__seed42,F:/aicoding/IIA_Data/experiments/spectral_mean_flow_original_v1/spectral_original__spectral_flow__fmri__released_author_data__seed42,,no_complete_result,,,,,,,,,
spectral_original__spectral_flow__fmri__released_author_data__seed43,spectral_flow,fmri,released_author_data,43,configs/models/fm_spectral_author__spectral_flow__fmri__released_author_data.json,experiments/runs/fm_project_acquisition/sources/spectral_mean_flow/original/src_base/configs/spectral_flow/fmri.yaml,15000,1,"[9977, 24, 50]",data/public_datasets/flow_matching/spectral_mean_flow_original_v2/released_author_data/fmri/frozen_training_samples.npy,fb5bdc3146875a988ff4f7b2d554350b38876f906caa6f0def5259cd38ac37ac,data/public_datasets/flow_matching/spectral_mean_flow_original_v2/released_author_data/fmri/samples/fMRI_norm_truth_24_train.npy,8d7960f397d2d6c38814afdab187e6c83f312d2918a308aac6e682aa6c2425ec,2001,,1237152,experiments/runs/fm_spectral_mean_flow_original_v1/jobs/spectral_original__spectral_flow__fmri__released_author_data__seed43,F:/aicoding/IIA_Data/experiments/spectral_mean_flow_original_v1/spectral_original__spectral_flow__fmri__released_author_data__seed43,,no_complete_result,,,,,,,,,
spectral_original__spectral_flow__fmri__released_author_data__seed44,spectral_flow,fmri,released_author_data,44,configs/models/fm_spectral_author__spectral_flow__fmri__released_author_data.json,experiments/runs/fm_project_acquisition/sources/spectral_mean_flow/original/src_base/configs/spectral_flow/fmri.yaml,15000,1,"[9977, 24, 50]",data/public_datasets/flow_matching/spectral_mean_flow_original_v2/released_author_data/fmri/frozen_training_samples.npy,fb5bdc3146875a988ff4f7b2d554350b38876f906caa6f0def5259cd38ac37ac,data/public_datasets/flow_matching/spectral_mean_flow_original_v2/released_author_data/fmri/samples/fMRI_norm_truth_24_train.npy,8d7960f397d2d6c38814afdab187e6c83f312d2918a308aac6e682aa6c2425ec,2001,,1237152,experiments/runs/fm_spectral_mean_flow_original_v1/jobs/spectral_original__spectral_flow__fmri__released_author_data__seed44,F:/aicoding/IIA_Data/experiments/spectral_mean_flow_original_v1/spectral_original__spectral_flow__fmri__released_author_data__seed44,,no_complete_result,,,,,,,,,
spectral_original__spectral_flow__fmri__released_author_data__seed45,spectral_flow,fmri,released_author_data,45,configs/models/fm_spectral_author__spectral_flow__fmri__released_author_data.json,experiments/runs/fm_project_acquisition/sources/spectral_mean_flow/original/src_base/configs/spectral_flow/fmri.yaml,15000,1,"[9977, 24, 50]",data/public_datasets/flow_matching/spectral_mean_flow_original_v2/released_author_data/fmri/frozen_training_samples.npy,fb5bdc3146875a988ff4f7b2d554350b38876f906caa6f0def5259cd38ac37ac,data/public_datasets/flow_matching/spectral_mean_flow_original_v2/released_author_data/fmri/samples/fMRI_norm_truth_24_train.npy,8d7960f397d2d6c38814afdab187e6c83f312d2918a308aac6e682aa6c2425ec,2001,,1237152,experiments/runs/fm_spectral_mean_flow_original_v1/jobs/spectral_original__spectral_flow__fmri__released_author_data__seed45,F:/aicoding/IIA_Data/experiments/spectral_mean_flow_original_v1/spectral_original__spectral_flow__fmri__released_author_data__seed45,,no_complete_result,,,,,,,,,
spectral_original__spectral_flow__fmri__released_author_data__seed46,spectral_flow,fmri,released_author_data,46,configs/models/fm_spectral_author__spectral_flow__fmri__released_author_data.json,experiments/runs/fm_project_acquisition/sources/spectral_mean_flow/original/src_base/configs/spectral_flow/fmri.yaml,15000,1,"[9977, 24, 50]",data/public_datasets/flow_matching/spectral_mean_flow_original_v2/released_author_data/fmri/frozen_training_samples.npy,fb5bdc3146875a988ff4f7b2d554350b38876f906caa6f0def5259cd38ac37ac,data/public_datasets/flow_matching/spectral_mean_flow_original_v2/released_author_data/fmri/samples/fMRI_norm_truth_24_train.npy,8d7960f397d2d6c38814afdab187e6c83f312d2918a308aac6e682aa6c2425ec,2001,,1237152,experiments/runs/fm_spectral_mean_flow_original_v1/jobs/spectral_original__spectral_flow__fmri__released_author_data__seed46,F:/aicoding/IIA_Data/experiments/spectral_mean_flow_original_v1/spectral_original__spectral_flow__fmri__released_author_data__seed46,,no_complete_result,,,,,,,,,
spectral_original__spectral_flow__mujoco__released_author_data__seed42,spectral_flow,mujoco,released_author_data,42,configs/models/fm_spectral_author__spectral_flow__mujoco__released_author_data.json,experiments/runs/fm_project_acquisition/sources/spectral_mean_flow/original/src_base/configs/spectral_flow/mujoco.yaml,28000,1,"[10000, 24, 14]",data/public_datasets/flow_matching/spectral_mean_flow_original_v2/released_author_data/mujoco/frozen_training_samples.npy,ca2ed5aba5828f3e229a5a081fb3d9cd756458aca97aaadef2bfb1a02c3aadb7,data/public_datasets/flow_matching/spectral_mean_flow_original_v2/released_author_data/mujoco/samples/mujoco_norm_truth_24_train.npy,1d55a16a9078d6fa1fe71ef82c050976aae57da318549b7c4e6c4e85e79cff08,2001,,1233696,experiments/runs/fm_spectral_mean_flow_original_v1/jobs/spectral_original__spectral_flow__mujoco__released_author_data__seed42,F:/aicoding/IIA_Data/experiments/spectral_mean_flow_original_v1/spectral_original__spectral_flow__mujoco__released_author_data__seed42,,no_complete_result,,,,,,,,,
spectral_original__spectral_flow__mujoco__released_author_data__seed43,spectral_flow,mujoco,released_author_data,43,configs/models/fm_spectral_author__spectral_flow__mujoco__released_author_data.json,experiments/runs/fm_project_acquisition/sources/spectral_mean_flow/original/src_base/configs/spectral_flow/mujoco.yaml,28000,1,"[10000, 24, 14]",data/public_datasets/flow_matching/spectral_mean_flow_original_v2/released_author_data/mujoco/frozen_training_samples.npy,ca2ed5aba5828f3e229a5a081fb3d9cd756458aca97aaadef2bfb1a02c3aadb7,data/public_datasets/flow_matching/spectral_mean_flow_original_v2/released_author_data/mujoco/samples/mujoco_norm_truth_24_train.npy,1d55a16a9078d6fa1fe71ef82c050976aae57da318549b7c4e6c4e85e79cff08,2001,,1233696,experiments/runs/fm_spectral_mean_flow_original_v1/jobs/spectral_original__spectral_flow__mujoco__released_author_data__seed43,F:/aicoding/IIA_Data/experiments/spectral_mean_flow_original_v1/spectral_original__spectral_flow__mujoco__released_author_data__seed43,,no_complete_result,,,,,,,,,
spectral_original__spectral_flow__mujoco__released_author_data__seed44,spectral_flow,mujoco,released_author_data,44,configs/models/fm_spectral_author__spectral_flow__mujoco__released_author_data.json,experiments/runs/fm_project_acquisition/sources/spectral_mean_flow/original/src_base/configs/spectral_flow/mujoco.yaml,28000,1,"[10000, 24, 14]",data/public_datasets/flow_matching/spectral_mean_flow_original_v2/released_author_data/mujoco/frozen_training_samples.npy,ca2ed5aba5828f3e229a5a081fb3d9cd756458aca97aaadef2bfb1a02c3aadb7,data/public_datasets/flow_matching/spectral_mean_flow_original_v2/released_author_data/mujoco/samples/mujoco_norm_truth_24_train.npy,1d55a16a9078d6fa1fe71ef82c050976aae57da318549b7c4e6c4e85e79cff08,2001,,1233696,experiments/runs/fm_spectral_mean_flow_original_v1/jobs/spectral_original__spectral_flow__mujoco__released_author_data__seed44,F:/aicoding/IIA_Data/experiments/spectral_mean_flow_original_v1/spectral_original__spectral_flow__mujoco__released_author_data__seed44,,no_complete_result,,,,,,,,,
spectral_original__spectral_flow__mujoco__released_author_data__seed45,spectral_flow,mujoco,released_author_data,45,configs/models/fm_spectral_author__spectral_flow__mujoco__released_author_data.json,experiments/runs/fm_project_acquisition/sources/spectral_mean_flow/original/src_base/configs/spectral_flow/mujoco.yaml,28000,1,"[10000, 24, 14]",data/public_datasets/flow_matching/spectral_mean_flow_original_v2/released_author_data/mujoco/frozen_training_samples.npy,ca2ed5aba5828f3e229a5a081fb3d9cd756458aca97aaadef2bfb1a02c3aadb7,data/public_datasets/flow_matching/spectral_mean_flow_original_v2/released_author_data/mujoco/samples/mujoco_norm_truth_24_train.npy,1d55a16a9078d6fa1fe71ef82c050976aae57da318549b7c4e6c4e85e79cff08,2001,,1233696,experiments/runs/fm_spectral_mean_flow_original_v1/jobs/spectral_original__spectral_flow__mujoco__released_author_data__seed45,F:/aicoding/IIA_Data/experiments/spectral_mean_flow_original_v1/spectral_original__spectral_flow__mujoco__released_author_data__seed45,,no_complete_result,,,,,,,,,
spectral_original__spectral_flow__mujoco__released_author_data__seed46,spectral_flow,mujoco,released_author_data,46,configs/models/fm_spectral_author__spectral_flow__mujoco__released_author_data.json,experiments/runs/fm_project_acquisition/sources/spectral_mean_flow/original/src_base/configs/spectral_flow/mujoco.yaml,28000,1,"[10000, 24, 14]",data/public_datasets/flow_matching/spectral_mean_flow_original_v2/released_author_data/mujoco/frozen_training_samples.npy,ca2ed5aba5828f3e229a5a081fb3d9cd756458aca97aaadef2bfb1a02c3aadb7,data/public_datasets/flow_matching/spectral_mean_flow_original_v2/released_author_data/mujoco/samples/mujoco_norm_truth_24_train.npy,1d55a16a9078d6fa1fe71ef82c050976aae57da318549b7c4e6c4e85e79cff08,2001,,1233696,experiments/runs/fm_spectral_mean_flow_original_v1/jobs/spectral_original__spectral_flow__mujoco__released_author_data__seed46,F:/aicoding/IIA_Data/experiments/spectral_mean_flow_original_v1/spectral_original__spectral_flow__mujoco__released_author_data__seed46,,no_complete_result,,,,,,,,,
spectral_original__spectral_flow__sines__released_author_data__seed42,spectral_flow,sines,released_author_data,42,configs/models/fm_spectral_author__spectral_flow__sines__released_author_data.json,experiments/runs/fm_project_acquisition/sources/spectral_mean_flow/original/src_base/configs/spectral_flow/sines.yaml,12000,1,"[10000, 24, 5]",data/public_datasets/flow_matching/spectral_mean_flow_original_v2/released_author_data/sines/frozen_training_samples.npy,4c5be1b9ad92767708fd9f870d87add2902bb51378a0ad900721289070357700,data/public_datasets/flow_matching/spectral_mean_flow_original_v2/released_author_data/sines/samples/sine_ground_truth_24_train.npy,7d6286e6d2e3ad4b6a1d8a6bc300b9cc6963203b55a03172f4656e5b92bf376f,2001,,356736,experiments/runs/fm_spectral_mean_flow_original_v1/jobs/spectral_original__spectral_flow__sines__released_author_data__seed42,F:/aicoding/IIA_Data/experiments/spectral_mean_flow_original_v1/spectral_original__spectral_flow__sines__released_author_data__seed42,356736,no_complete_result,,,,,,,,,
spectral_original__spectral_flow__sines__released_author_data__seed43,spectral_flow,sines,released_author_data,43,configs/models/fm_spectral_author__spectral_flow__sines__released_author_data.json,experiments/runs/fm_project_acquisition/sources/spectral_mean_flow/original/src_base/configs/spectral_flow/sines.yaml,12000,1,"[10000, 24, 5]",data/public_datasets/flow_matching/spectral_mean_flow_original_v2/released_author_data/sines/frozen_training_samples.npy,4c5be1b9ad92767708fd9f870d87add2902bb51378a0ad900721289070357700,data/public_datasets/flow_matching/spectral_mean_flow_original_v2/released_author_data/sines/samples/sine_ground_truth_24_train.npy,7d6286e6d2e3ad4b6a1d8a6bc300b9cc6963203b55a03172f4656e5b92bf376f,2001,,356736,experiments/runs/fm_spectral_mean_flow_original_v1/jobs/spectral_original__spectral_flow__sines__released_author_data__seed43,F:/aicoding/IIA_Data/experiments/spectral_mean_flow_original_v1/spectral_original__spectral_flow__sines__released_author_data__seed43,356736,no_complete_result,,,,,,,,,
spectral_original__spectral_flow__sines__released_author_data__seed44,spectral_flow,sines,released_author_data,44,configs/models/fm_spectral_author__spectral_flow__sines__released_author_data.json,experiments/runs/fm_project_acquisition/sources/spectral_mean_flow/original/src_base/configs/spectral_flow/sines.yaml,12000,1,"[10000, 24, 5]",data/public_datasets/flow_matching/spectral_mean_flow_original_v2/released_author_data/sines/frozen_training_samples.npy,4c5be1b9ad92767708fd9f870d87add2902bb51378a0ad900721289070357700,data/public_datasets/flow_matching/spectral_mean_flow_original_v2/released_author_data/sines/samples/sine_ground_truth_24_train.npy,7d6286e6d2e3ad4b6a1d8a6bc300b9cc6963203b55a03172f4656e5b92bf376f,2001,,356736,experiments/runs/fm_spectral_mean_flow_original_v1/jobs/spectral_original__spectral_flow__sines__released_author_data__seed44,F:/aicoding/IIA_Data/experiments/spectral_mean_flow_original_v1/spectral_original__spectral_flow__sines__released_author_data__seed44,356736,no_complete_result,,,,,,,,,
spectral_original__spectral_flow__sines__released_author_data__seed45,spectral_flow,sines,released_author_data,45,configs/models/fm_spectral_author__spectral_flow__sines__released_author_data.json,experiments/runs/fm_project_acquisition/sources/spectral_mean_flow/original/src_base/configs/spectral_flow/sines.yaml,12000,1,"[10000, 24, 5]",data/public_datasets/flow_matching/spectral_mean_flow_original_v2/released_author_data/sines/frozen_training_samples.npy,4c5be1b9ad92767708fd9f870d87add2902bb51378a0ad900721289070357700,data/public_datasets/flow_matching/spectral_mean_flow_original_v2/released_author_data/sines/samples/sine_ground_truth_24_train.npy,7d6286e6d2e3ad4b6a1d8a6bc300b9cc6963203b55a03172f4656e5b92bf376f,2001,,356736,experiments/runs/fm_spectral_mean_flow_original_v1/jobs/spectral_original__spectral_flow__sines__released_author_data__seed45,F:/aicoding/IIA_Data/experiments/spectral_mean_flow_original_v1/spectral_original__spectral_flow__sines__released_author_data__seed45,356736,no_complete_result,,,,,,,,,
spectral_original__spectral_flow__sines__released_author_data__seed46,spectral_flow,sines,released_author_data,46,configs/models/fm_spectral_author__spectral_flow__sines__released_author_data.json,experiments/runs/fm_project_acquisition/sources/spectral_mean_flow/original/src_base/configs/spectral_flow/sines.yaml,12000,1,"[10000, 24, 5]",data/public_datasets/flow_matching/spectral_mean_flow_original_v2/released_author_data/sines/frozen_training_samples.npy,4c5be1b9ad92767708fd9f870d87add2902bb51378a0ad900721289070357700,data/public_datasets/flow_matching/spectral_mean_flow_original_v2/released_author_data/sines/samples/sine_ground_truth_24_train.npy,7d6286e6d2e3ad4b6a1d8a6bc300b9cc6963203b55a03172f4656e5b92bf376f,2001,,356736,experiments/runs/fm_spectral_mean_flow_original_v1/jobs/spectral_original__spectral_flow__sines__released_author_data__seed46,F:/aicoding/IIA_Data/experiments/spectral_mean_flow_original_v1/spectral_original__spectral_flow__sines__released_author_data__seed46,356736,no_complete_result,,,,,,,,,
spectral_original__spectral_flow__sines__paper_sines_distribution__seed42,spectral_flow,sines,paper_sines_distribution,42,configs/models/fm_spectral_author__spectral_flow__sines__paper_sines_distribution.json,experiments/runs/fm_project_acquisition/sources/spectral_mean_flow/original/src_base/configs/spectral_flow/sines.yaml,12000,1,"[10000, 24, 5]",data/public_datasets/flow_matching/spectral_mean_flow_original_v2/paper_sines_distribution/sines/frozen_training_samples.npy,556e69b1ed520b736b25accc6b4f00e0fabb1bec6a906a33adabac4db57b448b,data/public_datasets/flow_matching/spectral_mean_flow_original_v2/paper_sines_distribution/sines/sine_ground_truth_24_train.npy,0548514488bd40dc5d1d1f4ce3d196d8560df35eaeaa3ddb6da5b7b11ad63e32,2001,,356736,experiments/runs/fm_spectral_mean_flow_original_v1/jobs/spectral_original__spectral_flow__sines__paper_sines_distribution__seed42,F:/aicoding/IIA_Data/experiments/spectral_mean_flow_original_v1/spectral_original__spectral_flow__sines__paper_sines_distribution__seed42,356736,no_complete_result,,,,,,,,,
spectral_original__spectral_flow__sines__paper_sines_distribution__seed43,spectral_flow,sines,paper_sines_distribution,43,configs/models/fm_spectral_author__spectral_flow__sines__paper_sines_distribution.json,experiments/runs/fm_project_acquisition/sources/spectral_mean_flow/original/src_base/configs/spectral_flow/sines.yaml,12000,1,"[10000, 24, 5]",data/public_datasets/flow_matching/spectral_mean_flow_original_v2/paper_sines_distribution/sines/frozen_training_samples.npy,556e69b1ed520b736b25accc6b4f00e0fabb1bec6a906a33adabac4db57b448b,data/public_datasets/flow_matching/spectral_mean_flow_original_v2/paper_sines_distribution/sines/sine_ground_truth_24_train.npy,0548514488bd40dc5d1d1f4ce3d196d8560df35eaeaa3ddb6da5b7b11ad63e32,2001,,356736,experiments/runs/fm_spectral_mean_flow_original_v1/jobs/spectral_original__spectral_flow__sines__paper_sines_distribution__seed43,F:/aicoding/IIA_Data/experiments/spectral_mean_flow_original_v1/spectral_original__spectral_flow__sines__paper_sines_distribution__seed43,356736,no_complete_result,,,,,,,,,
spectral_original__spectral_flow__sines__paper_sines_distribution__seed44,spectral_flow,sines,paper_sines_distribution,44,configs/models/fm_spectral_author__spectral_flow__sines__paper_sines_distribution.json,experiments/runs/fm_project_acquisition/sources/spectral_mean_flow/original/src_base/configs/spectral_flow/sines.yaml,12000,1,"[10000, 24, 5]",data/public_datasets/flow_matching/spectral_mean_flow_original_v2/paper_sines_distribution/sines/frozen_training_samples.npy,556e69b1ed520b736b25accc6b4f00e0fabb1bec6a906a33adabac4db57b448b,data/public_datasets/flow_matching/spectral_mean_flow_original_v2/paper_sines_distribution/sines/sine_ground_truth_24_train.npy,0548514488bd40dc5d1d1f4ce3d196d8560df35eaeaa3ddb6da5b7b11ad63e32,2001,,356736,experiments/runs/fm_spectral_mean_flow_original_v1/jobs/spectral_original__spectral_flow__sines__paper_sines_distribution__seed44,F:/aicoding/IIA_Data/experiments/spectral_mean_flow_original_v1/spectral_original__spectral_flow__sines__paper_sines_distribution__seed44,356736,no_complete_result,,,,,,,,,
spectral_original__spectral_flow__sines__paper_sines_distribution__seed45,spectral_flow,sines,paper_sines_distribution,45,configs/models/fm_spectral_author__spectral_flow__sines__paper_sines_distribution.json,experiments/runs/fm_project_acquisition/sources/spectral_mean_flow/original/src_base/configs/spectral_flow/sines.yaml,12000,1,"[10000, 24, 5]",data/public_datasets/flow_matching/spectral_mean_flow_original_v2/paper_sines_distribution/sines/frozen_training_samples.npy,556e69b1ed520b736b25accc6b4f00e0fabb1bec6a906a33adabac4db57b448b,data/public_datasets/flow_matching/spectral_mean_flow_original_v2/paper_sines_distribution/sines/sine_ground_truth_24_train.npy,0548514488bd40dc5d1d1f4ce3d196d8560df35eaeaa3ddb6da5b7b11ad63e32,2001,,356736,experiments/runs/fm_spectral_mean_flow_original_v1/jobs/spectral_original__spectral_flow__sines__paper_sines_distribution__seed45,F:/aicoding/IIA_Data/experiments/spectral_mean_flow_original_v1/spectral_original__spectral_flow__sines__paper_sines_distribution__seed45,356736,no_complete_result,,,,,,,,,
spectral_original__spectral_flow__sines__paper_sines_distribution__seed46,spectral_flow,sines,paper_sines_distribution,46,configs/models/fm_spectral_author__spectral_flow__sines__paper_sines_distribution.json,experiments/runs/fm_project_acquisition/sources/spectral_mean_flow/original/src_base/configs/spectral_flow/sines.yaml,12000,1,"[10000, 24, 5]",data/public_datasets/flow_matching/spectral_mean_flow_original_v2/paper_sines_distribution/sines/frozen_training_samples.npy,556e69b1ed520b736b25accc6b4f00e0fabb1bec6a906a33adabac4db57b448b,data/public_datasets/flow_matching/spectral_mean_flow_original_v2/paper_sines_distribution/sines/sine_ground_truth_24_train.npy,0548514488bd40dc5d1d1f4ce3d196d8560df35eaeaa3ddb6da5b7b11ad63e32,2001,,356736,experiments/runs/fm_spectral_mean_flow_original_v1/jobs/spectral_original__spectral_flow__sines__paper_sines_distribution__seed46,F:/aicoding/IIA_Data/experiments/spectral_mean_flow_original_v1/spectral_original__spectral_flow__sines__paper_sines_distribution__seed46,356736,no_complete_result,,,,,,,,,
spectral_original__diffusion_ts__energy__released_author_data__seed42,diffusion_ts,energy,released_author_data,42,configs/models/fm_spectral_author__diffusion_ts__energy__released_author_data.json,experiments/runs/fm_project_acquisition/sources/spectral_mean_flow/original/src_base/configs/diffusion_ts/energy.yaml,25000,2,"[19712, 24, 28]",data/public_datasets/flow_matching/spectral_mean_flow_original_v2/released_author_data/energy/frozen_training_samples.npy,c4b593e66baa82bd02897af504e85dc08953f39a2ddf45153ecec624d6e804f6,data/public_datasets/flow_matching/spectral_mean_flow_original_v2/released_author_data/energy/samples/energy_norm_truth_24_train.npy,6bf3a6b45f82c8430cfd41b8f5af2ff5f713ae1567766c30d6ab5533681816e0,2001,,1139752,experiments/runs/fm_spectral_mean_flow_original_v1/jobs/spectral_original__diffusion_ts__energy__released_author_data__seed42,F:/aicoding/IIA_Data/experiments/spectral_mean_flow_original_v1/spectral_original__diffusion_ts__energy__released_author_data__seed42,1135144,no_complete_result,,,,,,,,,
spectral_original__diffusion_ts__energy__released_author_data__seed43,diffusion_ts,energy,released_author_data,43,configs/models/fm_spectral_author__diffusion_ts__energy__released_author_data.json,experiments/runs/fm_project_acquisition/sources/spectral_mean_flow/original/src_base/configs/diffusion_ts/energy.yaml,25000,2,"[19712, 24, 28]",data/public_datasets/flow_matching/spectral_mean_flow_original_v2/released_author_data/energy/frozen_training_samples.npy,c4b593e66baa82bd02897af504e85dc08953f39a2ddf45153ecec624d6e804f6,data/public_datasets/flow_matching/spectral_mean_flow_original_v2/released_author_data/energy/samples/energy_norm_truth_24_train.npy,6bf3a6b45f82c8430cfd41b8f5af2ff5f713ae1567766c30d6ab5533681816e0,2001,,1139752,experiments/runs/fm_spectral_mean_flow_original_v1/jobs/spectral_original__diffusion_ts__energy__released_author_data__seed43,F:/aicoding/IIA_Data/experiments/spectral_mean_flow_original_v1/spectral_original__diffusion_ts__energy__released_author_data__seed43,1135144,no_complete_result,,,,,,,,,
spectral_original__diffusion_ts__energy__released_author_data__seed44,diffusion_ts,energy,released_author_data,44,configs/models/fm_spectral_author__diffusion_ts__energy__released_author_data.json,experiments/runs/fm_project_acquisition/sources/spectral_mean_flow/original/src_base/configs/diffusion_ts/energy.yaml,25000,2,"[19712, 24, 28]",data/public_datasets/flow_matching/spectral_mean_flow_original_v2/released_author_data/energy/frozen_training_samples.npy,c4b593e66baa82bd02897af504e85dc08953f39a2ddf45153ecec624d6e804f6,data/public_datasets/flow_matching/spectral_mean_flow_original_v2/released_author_data/energy/samples/energy_norm_truth_24_train.npy,6bf3a6b45f82c8430cfd41b8f5af2ff5f713ae1567766c30d6ab5533681816e0,2001,,1139752,experiments/runs/fm_spectral_mean_flow_original_v1/jobs/spectral_original__diffusion_ts__energy__released_author_data__seed44,F:/aicoding/IIA_Data/experiments/spectral_mean_flow_original_v1/spectral_original__diffusion_ts__energy__released_author_data__seed44,1135144,no_complete_result,,,,,,,,,
spectral_original__diffusion_ts__energy__released_author_data__seed45,diffusion_ts,energy,released_author_data,45,configs/models/fm_spectral_author__diffusion_ts__energy__released_author_data.json,experiments/runs/fm_project_acquisition/sources/spectral_mean_flow/original/src_base/configs/diffusion_ts/energy.yaml,25000,2,"[19712, 24, 28]",data/public_datasets/flow_matching/spectral_mean_flow_original_v2/released_author_data/energy/frozen_training_samples.npy,c4b593e66baa82bd02897af504e85dc08953f39a2ddf45153ecec624d6e804f6,data/public_datasets/flow_matching/spectral_mean_flow_original_v2/released_author_data/energy/samples/energy_norm_truth_24_train.npy,6bf3a6b45f82c8430cfd41b8f5af2ff5f713ae1567766c30d6ab5533681816e0,2001,,1139752,experiments/runs/fm_spectral_mean_flow_original_v1/jobs/spectral_original__diffusion_ts__energy__released_author_data__seed45,F:/aicoding/IIA_Data/experiments/spectral_mean_flow_original_v1/spectral_original__diffusion_ts__energy__released_author_data__seed45,1135144,no_complete_result,,,,,,,,,
spectral_original__diffusion_ts__energy__released_author_data__seed46,diffusion_ts,energy,released_author_data,46,configs/models/fm_spectral_author__diffusion_ts__energy__released_author_data.json,experiments/runs/fm_project_acquisition/sources/spectral_mean_flow/original/src_base/configs/diffusion_ts/energy.yaml,25000,2,"[19712, 24, 28]",data/public_datasets/flow_matching/spectral_mean_flow_original_v2/released_author_data/energy/frozen_training_samples.npy,c4b593e66baa82bd02897af504e85dc08953f39a2ddf45153ecec624d6e804f6,data/public_datasets/flow_matching/spectral_mean_flow_original_v2/released_author_data/energy/samples/energy_norm_truth_24_train.npy,6bf3a6b45f82c8430cfd41b8f5af2ff5f713ae1567766c30d6ab5533681816e0,2001,,1139752,experiments/runs/fm_spectral_mean_flow_original_v1/jobs/spectral_original__diffusion_ts__energy__released_author_data__seed46,F:/aicoding/IIA_Data/experiments/spectral_mean_flow_original_v1/spectral_original__diffusion_ts__energy__released_author_data__seed46,1135144,no_complete_result,,,,,,,,,
spectral_original__diffusion_ts__etth__released_author_data__seed42,diffusion_ts,etth,released_author_data,42,configs/models/fm_spectral_author__diffusion_ts__etth__released_author_data.json,experiments/runs/fm_project_acquisition/sources/spectral_mean_flow/original/src_base/configs/diffusion_ts/etth.yaml,18000,2,"[17397, 24, 7]",data/public_datasets/flow_matching/spectral_mean_flow_original_v2/released_author_data/etth/frozen_training_samples.npy,4f98e4dcdb2f62b21584f278e99c7c965bb2b156ce5b3544e1e8e186130b11cc,data/public_datasets/flow_matching/spectral_mean_flow_original_v2/released_author_data/etth/samples/etth_norm_truth_24_train.npy,315285190830456ba85a52c9ededec1f509fa127333c03c5f89b64a0d302b01f,2001,,353531,experiments/runs/fm_spectral_mean_flow_original_v1/jobs/spectral_original__diffusion_ts__etth__released_author_data__seed42,F:/aicoding/IIA_Data/experiments/spectral_mean_flow_original_v1/spectral_original__diffusion_ts__etth__released_author_data__seed42,,no_complete_result,,,,,,,,,
spectral_original__diffusion_ts__etth__released_author_data__seed43,diffusion_ts,etth,released_author_data,43,configs/models/fm_spectral_author__diffusion_ts__etth__released_author_data.json,experiments/runs/fm_project_acquisition/sources/spectral_mean_flow/original/src_base/configs/diffusion_ts/etth.yaml,18000,2,"[17397, 24, 7]",data/public_datasets/flow_matching/spectral_mean_flow_original_v2/released_author_data/etth/frozen_training_samples.npy,4f98e4dcdb2f62b21584f278e99c7c965bb2b156ce5b3544e1e8e186130b11cc,data/public_datasets/flow_matching/spectral_mean_flow_original_v2/released_author_data/etth/samples/etth_norm_truth_24_train.npy,315285190830456ba85a52c9ededec1f509fa127333c03c5f89b64a0d302b01f,2001,,353531,experiments/runs/fm_spectral_mean_flow_original_v1/jobs/spectral_original__diffusion_ts__etth__released_author_data__seed43,F:/aicoding/IIA_Data/experiments/spectral_mean_flow_original_v1/spectral_original__diffusion_ts__etth__released_author_data__seed43,,no_complete_result,,,,,,,,,
spectral_original__diffusion_ts__etth__released_author_data__seed44,diffusion_ts,etth,released_author_data,44,configs/models/fm_spectral_author__diffusion_ts__etth__released_author_data.json,experiments/runs/fm_project_acquisition/sources/spectral_mean_flow/original/src_base/configs/diffusion_ts/etth.yaml,18000,2,"[17397, 24, 7]",data/public_datasets/flow_matching/spectral_mean_flow_original_v2/released_author_data/etth/frozen_training_samples.npy,4f98e4dcdb2f62b21584f278e99c7c965bb2b156ce5b3544e1e8e186130b11cc,data/public_datasets/flow_matching/spectral_mean_flow_original_v2/released_author_data/etth/samples/etth_norm_truth_24_train.npy,315285190830456ba85a52c9ededec1f509fa127333c03c5f89b64a0d302b01f,2001,,353531,experiments/runs/fm_spectral_mean_flow_original_v1/jobs/spectral_original__diffusion_ts__etth__released_author_data__seed44,F:/aicoding/IIA_Data/experiments/spectral_mean_flow_original_v1/spectral_original__diffusion_ts__etth__released_author_data__seed44,,no_complete_result,,,,,,,,,
spectral_original__diffusion_ts__etth__released_author_data__seed45,diffusion_ts,etth,released_author_data,45,configs/models/fm_spectral_author__diffusion_ts__etth__released_author_data.json,experiments/runs/fm_project_acquisition/sources/spectral_mean_flow/original/src_base/configs/diffusion_ts/etth.yaml,18000,2,"[17397, 24, 7]",data/public_datasets/flow_matching/spectral_mean_flow_original_v2/released_author_data/etth/frozen_training_samples.npy,4f98e4dcdb2f62b21584f278e99c7c965bb2b156ce5b3544e1e8e186130b11cc,data/public_datasets/flow_matching/spectral_mean_flow_original_v2/released_author_data/etth/samples/etth_norm_truth_24_train.npy,315285190830456ba85a52c9ededec1f509fa127333c03c5f89b64a0d302b01f,2001,,353531,experiments/runs/fm_spectral_mean_flow_original_v1/jobs/spectral_original__diffusion_ts__etth__released_author_data__seed45,F:/aicoding/IIA_Data/experiments/spectral_mean_flow_original_v1/spectral_original__diffusion_ts__etth__released_author_data__seed45,,no_complete_result,,,,,,,,,
spectral_original__diffusion_ts__etth__released_author_data__seed46,diffusion_ts,etth,released_author_data,46,configs/models/fm_spectral_author__diffusion_ts__etth__released_author_data.json,experiments/runs/fm_project_acquisition/sources/spectral_mean_flow/original/src_base/configs/diffusion_ts/etth.yaml,18000,2,"[17397, 24, 7]",data/public_datasets/flow_matching/spectral_mean_flow_original_v2/released_author_data/etth/frozen_training_samples.npy,4f98e4dcdb2f62b21584f278e99c7c965bb2b156ce5b3544e1e8e186130b11cc,data/public_datasets/flow_matching/spectral_mean_flow_original_v2/released_author_data/etth/samples/etth_norm_truth_24_train.npy,315285190830456ba85a52c9ededec1f509fa127333c03c5f89b64a0d302b01f,2001,,353531,experiments/runs/fm_spectral_mean_flow_original_v1/jobs/spectral_original__diffusion_ts__etth__released_author_data__seed46,F:/aicoding/IIA_Data/experiments/spectral_mean_flow_original_v1/spectral_original__diffusion_ts__etth__released_author_data__seed46,,no_complete_result,,,,,,,,,
spectral_original__diffusion_ts__fmri__released_author_data__seed42,diffusion_ts,fmri,released_author_data,42,configs/models/fm_spectral_author__diffusion_ts__fmri__released_author_data.json,experiments/runs/fm_project_acquisition/sources/spectral_mean_flow/original/src_base/configs/diffusion_ts/fmri.yaml,15000,2,"[9977, 24, 50]",data/public_datasets/flow_matching/spectral_mean_flow_original_v2/released_author_data/fmri/frozen_training_samples.npy,fb5bdc3146875a988ff4f7b2d554350b38876f906caa6f0def5259cd38ac37ac,data/public_datasets/flow_matching/spectral_mean_flow_original_v2/released_author_data/fmri/samples/fMRI_norm_truth_24_train.npy,8d7960f397d2d6c38814afdab187e6c83f312d2918a308aac6e682aa6c2425ec,2001,,1406098,experiments/runs/fm_spectral_mean_flow_original_v1/jobs/spectral_original__diffusion_ts__fmri__released_author_data__seed42,F:/aicoding/IIA_Data/experiments/spectral_mean_flow_original_v1/spectral_original__diffusion_ts__fmri__released_author_data__seed42,,no_complete_result,,,,,,,,,
spectral_original__diffusion_ts__fmri__released_author_data__seed43,diffusion_ts,fmri,released_author_data,43,configs/models/fm_spectral_author__diffusion_ts__fmri__released_author_data.json,experiments/runs/fm_project_acquisition/sources/spectral_mean_flow/original/src_base/configs/diffusion_ts/fmri.yaml,15000,2,"[9977, 24, 50]",data/public_datasets/flow_matching/spectral_mean_flow_original_v2/released_author_data/fmri/frozen_training_samples.npy,fb5bdc3146875a988ff4f7b2d554350b38876f906caa6f0def5259cd38ac37ac,data/public_datasets/flow_matching/spectral_mean_flow_original_v2/released_author_data/fmri/samples/fMRI_norm_truth_24_train.npy,8d7960f397d2d6c38814afdab187e6c83f312d2918a308aac6e682aa6c2425ec,2001,,1406098,experiments/runs/fm_spectral_mean_flow_original_v1/jobs/spectral_original__diffusion_ts__fmri__released_author_data__seed43,F:/aicoding/IIA_Data/experiments/spectral_mean_flow_original_v1/spectral_original__diffusion_ts__fmri__released_author_data__seed43,,no_complete_result,,,,,,,,,
spectral_original__diffusion_ts__fmri__released_author_data__seed44,diffusion_ts,fmri,released_author_data,44,configs/models/fm_spectral_author__diffusion_ts__fmri__released_author_data.json,experiments/runs/fm_project_acquisition/sources/spectral_mean_flow/original/src_base/configs/diffusion_ts/fmri.yaml,15000,2,"[9977, 24, 50]",data/public_datasets/flow_matching/spectral_mean_flow_original_v2/released_author_data/fmri/frozen_training_samples.npy,fb5bdc3146875a988ff4f7b2d554350b38876f906caa6f0def5259cd38ac37ac,data/public_datasets/flow_matching/spectral_mean_flow_original_v2/released_author_data/fmri/samples/fMRI_norm_truth_24_train.npy,8d7960f397d2d6c38814afdab187e6c83f312d2918a308aac6e682aa6c2425ec,2001,,1406098,experiments/runs/fm_spectral_mean_flow_original_v1/jobs/spectral_original__diffusion_ts__fmri__released_author_data__seed44,F:/aicoding/IIA_Data/experiments/spectral_mean_flow_original_v1/spectral_original__diffusion_ts__fmri__released_author_data__seed44,,no_complete_result,,,,,,,,,
spectral_original__diffusion_ts__fmri__released_author_data__seed45,diffusion_ts,fmri,released_author_data,45,configs/models/fm_spectral_author__diffusion_ts__fmri__released_author_data.json,experiments/runs/fm_project_acquisition/sources/spectral_mean_flow/original/src_base/configs/diffusion_ts/fmri.yaml,15000,2,"[9977, 24, 50]",data/public_datasets/flow_matching/spectral_mean_flow_original_v2/released_author_data/fmri/frozen_training_samples.npy,fb5bdc3146875a988ff4f7b2d554350b38876f906caa6f0def5259cd38ac37ac,data/public_datasets/flow_matching/spectral_mean_flow_original_v2/released_author_data/fmri/samples/fMRI_norm_truth_24_train.npy,8d7960f397d2d6c38814afdab187e6c83f312d2918a308aac6e682aa6c2425ec,2001,,1406098,experiments/runs/fm_spectral_mean_flow_original_v1/jobs/spectral_original__diffusion_ts__fmri__released_author_data__seed45,F:/aicoding/IIA_Data/experiments/spectral_mean_flow_original_v1/spectral_original__diffusion_ts__fmri__released_author_data__seed45,,no_complete_result,,,,,,,,,
spectral_original__diffusion_ts__fmri__released_author_data__seed46,diffusion_ts,fmri,released_author_data,46,configs/models/fm_spectral_author__diffusion_ts__fmri__released_author_data.json,experiments/runs/fm_project_acquisition/sources/spectral_mean_flow/original/src_base/configs/diffusion_ts/fmri.yaml,15000,2,"[9977, 24, 50]",data/public_datasets/flow_matching/spectral_mean_flow_original_v2/released_author_data/fmri/frozen_training_samples.npy,fb5bdc3146875a988ff4f7b2d554350b38876f906caa6f0def5259cd38ac37ac,data/public_datasets/flow_matching/spectral_mean_flow_original_v2/released_author_data/fmri/samples/fMRI_norm_truth_24_train.npy,8d7960f397d2d6c38814afdab187e6c83f312d2918a308aac6e682aa6c2425ec,2001,,1406098,experiments/runs/fm_spectral_mean_flow_original_v1/jobs/spectral_original__diffusion_ts__fmri__released_author_data__seed46,F:/aicoding/IIA_Data/experiments/spectral_mean_flow_original_v1/spectral_original__diffusion_ts__fmri__released_author_data__seed46,,no_complete_result,,,,,,,,,
spectral_original__diffusion_ts__mujoco__released_author_data__seed42,diffusion_ts,mujoco,released_author_data,42,configs/models/fm_spectral_author__diffusion_ts__mujoco__released_author_data.json,experiments/runs/fm_project_acquisition/sources/spectral_mean_flow/original/src_base/configs/diffusion_ts/mujoco.yaml,14000,2,"[10000, 24, 14]",data/public_datasets/flow_matching/spectral_mean_flow_original_v2/released_author_data/mujoco/frozen_training_samples.npy,ca2ed5aba5828f3e229a5a081fb3d9cd756458aca97aaadef2bfb1a02c3aadb7,data/public_datasets/flow_matching/spectral_mean_flow_original_v2/released_author_data/mujoco/samples/mujoco_norm_truth_24_train.npy,1d55a16a9078d6fa1fe71ef82c050976aae57da318549b7c4e6c4e85e79cff08,2001,,360286,experiments/runs/fm_spectral_mean_flow_original_v1/jobs/spectral_original__diffusion_ts__mujoco__released_author_data__seed42,F:/aicoding/IIA_Data/experiments/spectral_mean_flow_original_v1/spectral_original__diffusion_ts__mujoco__released_author_data__seed42,,no_complete_result,,,,,,,,,
spectral_original__diffusion_ts__mujoco__released_author_data__seed43,diffusion_ts,mujoco,released_author_data,43,configs/models/fm_spectral_author__diffusion_ts__mujoco__released_author_data.json,experiments/runs/fm_project_acquisition/sources/spectral_mean_flow/original/src_base/configs/diffusion_ts/mujoco.yaml,14000,2,"[10000, 24, 14]",data/public_datasets/flow_matching/spectral_mean_flow_original_v2/released_author_data/mujoco/frozen_training_samples.npy,ca2ed5aba5828f3e229a5a081fb3d9cd756458aca97aaadef2bfb1a02c3aadb7,data/public_datasets/flow_matching/spectral_mean_flow_original_v2/released_author_data/mujoco/samples/mujoco_norm_truth_24_train.npy,1d55a16a9078d6fa1fe71ef82c050976aae57da318549b7c4e6c4e85e79cff08,2001,,360286,experiments/runs/fm_spectral_mean_flow_original_v1/jobs/spectral_original__diffusion_ts__mujoco__released_author_data__seed43,F:/aicoding/IIA_Data/experiments/spectral_mean_flow_original_v1/spectral_original__diffusion_ts__mujoco__released_author_data__seed43,,no_complete_result,,,,,,,,,
spectral_original__diffusion_ts__mujoco__released_author_data__seed44,diffusion_ts,mujoco,released_author_data,44,configs/models/fm_spectral_author__diffusion_ts__mujoco__released_author_data.json,experiments/runs/fm_project_acquisition/sources/spectral_mean_flow/original/src_base/configs/diffusion_ts/mujoco.yaml,14000,2,"[10000, 24, 14]",data/public_datasets/flow_matching/spectral_mean_flow_original_v2/released_author_data/mujoco/frozen_training_samples.npy,ca2ed5aba5828f3e229a5a081fb3d9cd756458aca97aaadef2bfb1a02c3aadb7,data/public_datasets/flow_matching/spectral_mean_flow_original_v2/released_author_data/mujoco/samples/mujoco_norm_truth_24_train.npy,1d55a16a9078d6fa1fe71ef82c050976aae57da318549b7c4e6c4e85e79cff08,2001,,360286,experiments/runs/fm_spectral_mean_flow_original_v1/jobs/spectral_original__diffusion_ts__mujoco__released_author_data__seed44,F:/aicoding/IIA_Data/experiments/spectral_mean_flow_original_v1/spectral_original__diffusion_ts__mujoco__released_author_data__seed44,,no_complete_result,,,,,,,,,
spectral_original__diffusion_ts__mujoco__released_author_data__seed45,diffusion_ts,mujoco,released_author_data,45,configs/models/fm_spectral_author__diffusion_ts__mujoco__released_author_data.json,experiments/runs/fm_project_acquisition/sources/spectral_mean_flow/original/src_base/configs/diffusion_ts/mujoco.yaml,14000,2,"[10000, 24, 14]",data/public_datasets/flow_matching/spectral_mean_flow_original_v2/released_author_data/mujoco/frozen_training_samples.npy,ca2ed5aba5828f3e229a5a081fb3d9cd756458aca97aaadef2bfb1a02c3aadb7,data/public_datasets/flow_matching/spectral_mean_flow_original_v2/released_author_data/mujoco/samples/mujoco_norm_truth_24_train.npy,1d55a16a9078d6fa1fe71ef82c050976aae57da318549b7c4e6c4e85e79cff08,2001,,360286,experiments/runs/fm_spectral_mean_flow_original_v1/jobs/spectral_original__diffusion_ts__mujoco__released_author_data__seed45,F:/aicoding/IIA_Data/experiments/spectral_mean_flow_original_v1/spectral_original__diffusion_ts__mujoco__released_author_data__seed45,,no_complete_result,,,,,,,,,
spectral_original__diffusion_ts__mujoco__released_author_data__seed46,diffusion_ts,mujoco,released_author_data,46,configs/models/fm_spectral_author__diffusion_ts__mujoco__released_author_data.json,experiments/runs/fm_project_acquisition/sources/spectral_mean_flow/original/src_base/configs/diffusion_ts/mujoco.yaml,14000,2,"[10000, 24, 14]",data/public_datasets/flow_matching/spectral_mean_flow_original_v2/released_author_data/mujoco/frozen_training_samples.npy,ca2ed5aba5828f3e229a5a081fb3d9cd756458aca97aaadef2bfb1a02c3aadb7,data/public_datasets/flow_matching/spectral_mean_flow_original_v2/released_author_data/mujoco/samples/mujoco_norm_truth_24_train.npy,1d55a16a9078d6fa1fe71ef82c050976aae57da318549b7c4e6c4e85e79cff08,2001,,360286,experiments/runs/fm_spectral_mean_flow_original_v1/jobs/spectral_original__diffusion_ts__mujoco__released_author_data__seed46,F:/aicoding/IIA_Data/experiments/spectral_mean_flow_original_v1/spectral_original__diffusion_ts__mujoco__released_author_data__seed46,,no_complete_result,,,,,,,,,
spectral_original__diffusion_ts__sines__released_author_data__seed42,diffusion_ts,sines,released_author_data,42,configs/models/fm_spectral_author__diffusion_ts__sines__released_author_data.json,experiments/runs/fm_project_acquisition/sources/spectral_mean_flow/original/src_base/configs/diffusion_ts/sines.yaml,12000,2,"[10000, 24, 5]",data/public_datasets/flow_matching/spectral_mean_flow_original_v2/released_author_data/sines/frozen_training_samples.npy,4c5be1b9ad92767708fd9f870d87add2902bb51378a0ad900721289070357700,data/public_datasets/flow_matching/spectral_mean_flow_original_v2/released_author_data/sines/samples/sine_ground_truth_24_train.npy,7d6286e6d2e3ad4b6a1d8a6bc300b9cc6963203b55a03172f4656e5b92bf376f,2001,,235249,experiments/runs/fm_spectral_mean_flow_original_v1/jobs/spectral_original__diffusion_ts__sines__released_author_data__seed42,F:/aicoding/IIA_Data/experiments/spectral_mean_flow_original_v1/spectral_original__diffusion_ts__sines__released_author_data__seed42,232177,no_complete_result,,,,,,,,,
spectral_original__diffusion_ts__sines__released_author_data__seed43,diffusion_ts,sines,released_author_data,43,configs/models/fm_spectral_author__diffusion_ts__sines__released_author_data.json,experiments/runs/fm_project_acquisition/sources/spectral_mean_flow/original/src_base/configs/diffusion_ts/sines.yaml,12000,2,"[10000, 24, 5]",data/public_datasets/flow_matching/spectral_mean_flow_original_v2/released_author_data/sines/frozen_training_samples.npy,4c5be1b9ad92767708fd9f870d87add2902bb51378a0ad900721289070357700,data/public_datasets/flow_matching/spectral_mean_flow_original_v2/released_author_data/sines/samples/sine_ground_truth_24_train.npy,7d6286e6d2e3ad4b6a1d8a6bc300b9cc6963203b55a03172f4656e5b92bf376f,2001,,235249,experiments/runs/fm_spectral_mean_flow_original_v1/jobs/spectral_original__diffusion_ts__sines__released_author_data__seed43,F:/aicoding/IIA_Data/experiments/spectral_mean_flow_original_v1/spectral_original__diffusion_ts__sines__released_author_data__seed43,232177,no_complete_result,,,,,,,,,
spectral_original__diffusion_ts__sines__released_author_data__seed44,diffusion_ts,sines,released_author_data,44,configs/models/fm_spectral_author__diffusion_ts__sines__released_author_data.json,experiments/runs/fm_project_acquisition/sources/spectral_mean_flow/original/src_base/configs/diffusion_ts/sines.yaml,12000,2,"[10000, 24, 5]",data/public_datasets/flow_matching/spectral_mean_flow_original_v2/released_author_data/sines/frozen_training_samples.npy,4c5be1b9ad92767708fd9f870d87add2902bb51378a0ad900721289070357700,data/public_datasets/flow_matching/spectral_mean_flow_original_v2/released_author_data/sines/samples/sine_ground_truth_24_train.npy,7d6286e6d2e3ad4b6a1d8a6bc300b9cc6963203b55a03172f4656e5b92bf376f,2001,,235249,experiments/runs/fm_spectral_mean_flow_original_v1/jobs/spectral_original__diffusion_ts__sines__released_author_data__seed44,F:/aicoding/IIA_Data/experiments/spectral_mean_flow_original_v1/spectral_original__diffusion_ts__sines__released_author_data__seed44,232177,no_complete_result,,,,,,,,,
spectral_original__diffusion_ts__sines__released_author_data__seed45,diffusion_ts,sines,released_author_data,45,configs/models/fm_spectral_author__diffusion_ts__sines__released_author_data.json,experiments/runs/fm_project_acquisition/sources/spectral_mean_flow/original/src_base/configs/diffusion_ts/sines.yaml,12000,2,"[10000, 24, 5]",data/public_datasets/flow_matching/spectral_mean_flow_original_v2/released_author_data/sines/frozen_training_samples.npy,4c5be1b9ad92767708fd9f870d87add2902bb51378a0ad900721289070357700,data/public_datasets/flow_matching/spectral_mean_flow_original_v2/released_author_data/sines/samples/sine_ground_truth_24_train.npy,7d6286e6d2e3ad4b6a1d8a6bc300b9cc6963203b55a03172f4656e5b92bf376f,2001,,235249,experiments/runs/fm_spectral_mean_flow_original_v1/jobs/spectral_original__diffusion_ts__sines__released_author_data__seed45,F:/aicoding/IIA_Data/experiments/spectral_mean_flow_original_v1/spectral_original__diffusion_ts__sines__released_author_data__seed45,232177,no_complete_result,,,,,,,,,
spectral_original__diffusion_ts__sines__released_author_data__seed46,diffusion_ts,sines,released_author_data,46,configs/models/fm_spectral_author__diffusion_ts__sines__released_author_data.json,experiments/runs/fm_project_acquisition/sources/spectral_mean_flow/original/src_base/configs/diffusion_ts/sines.yaml,12000,2,"[10000, 24, 5]",data/public_datasets/flow_matching/spectral_mean_flow_original_v2/released_author_data/sines/frozen_training_samples.npy,4c5be1b9ad92767708fd9f870d87add2902bb51378a0ad900721289070357700,data/public_datasets/flow_matching/spectral_mean_flow_original_v2/released_author_data/sines/samples/sine_ground_truth_24_train.npy,7d6286e6d2e3ad4b6a1d8a6bc300b9cc6963203b55a03172f4656e5b92bf376f,2001,,235249,experiments/runs/fm_spectral_mean_flow_original_v1/jobs/spectral_original__diffusion_ts__sines__released_author_data__seed46,F:/aicoding/IIA_Data/experiments/spectral_mean_flow_original_v1/spectral_original__diffusion_ts__sines__released_author_data__seed46,232177,no_complete_result,,,,,,,,,
spectral_original__diffusion_ts__sines__paper_sines_distribution__seed42,diffusion_ts,sines,paper_sines_distribution,42,configs/models/fm_spectral_author__diffusion_ts__sines__paper_sines_distribution.json,experiments/runs/fm_project_acquisition/sources/spectral_mean_flow/original/src_base/configs/diffusion_ts/sines.yaml,12000,2,"[10000, 24, 5]",data/public_datasets/flow_matching/spectral_mean_flow_original_v2/paper_sines_distribution/sines/frozen_training_samples.npy,556e69b1ed520b736b25accc6b4f00e0fabb1bec6a906a33adabac4db57b448b,data/public_datasets/flow_matching/spectral_mean_flow_original_v2/paper_sines_distribution/sines/sine_ground_truth_24_train.npy,0548514488bd40dc5d1d1f4ce3d196d8560df35eaeaa3ddb6da5b7b11ad63e32,2001,,235249,experiments/runs/fm_spectral_mean_flow_original_v1/jobs/spectral_original__diffusion_ts__sines__paper_sines_distribution__seed42,F:/aicoding/IIA_Data/experiments/spectral_mean_flow_original_v1/spectral_original__diffusion_ts__sines__paper_sines_distribution__seed42,232177,no_complete_result,,,,,,,,,
spectral_original__diffusion_ts__sines__paper_sines_distribution__seed43,diffusion_ts,sines,paper_sines_distribution,43,configs/models/fm_spectral_author__diffusion_ts__sines__paper_sines_distribution.json,experiments/runs/fm_project_acquisition/sources/spectral_mean_flow/original/src_base/configs/diffusion_ts/sines.yaml,12000,2,"[10000, 24, 5]",data/public_datasets/flow_matching/spectral_mean_flow_original_v2/paper_sines_distribution/sines/frozen_training_samples.npy,556e69b1ed520b736b25accc6b4f00e0fabb1bec6a906a33adabac4db57b448b,data/public_datasets/flow_matching/spectral_mean_flow_original_v2/paper_sines_distribution/sines/sine_ground_truth_24_train.npy,0548514488bd40dc5d1d1f4ce3d196d8560df35eaeaa3ddb6da5b7b11ad63e32,2001,,235249,experiments/runs/fm_spectral_mean_flow_original_v1/jobs/spectral_original__diffusion_ts__sines__paper_sines_distribution__seed43,F:/aicoding/IIA_Data/experiments/spectral_mean_flow_original_v1/spectral_original__diffusion_ts__sines__paper_sines_distribution__seed43,232177,no_complete_result,,,,,,,,,
spectral_original__diffusion_ts__sines__paper_sines_distribution__seed44,diffusion_ts,sines,paper_sines_distribution,44,configs/models/fm_spectral_author__diffusion_ts__sines__paper_sines_distribution.json,experiments/runs/fm_project_acquisition/sources/spectral_mean_flow/original/src_base/configs/diffusion_ts/sines.yaml,12000,2,"[10000, 24, 5]",data/public_datasets/flow_matching/spectral_mean_flow_original_v2/paper_sines_distribution/sines/frozen_training_samples.npy,556e69b1ed520b736b25accc6b4f00e0fabb1bec6a906a33adabac4db57b448b,data/public_datasets/flow_matching/spectral_mean_flow_original_v2/paper_sines_distribution/sines/sine_ground_truth_24_train.npy,0548514488bd40dc5d1d1f4ce3d196d8560df35eaeaa3ddb6da5b7b11ad63e32,2001,,235249,experiments/runs/fm_spectral_mean_flow_original_v1/jobs/spectral_original__diffusion_ts__sines__paper_sines_distribution__seed44,F:/aicoding/IIA_Data/experiments/spectral_mean_flow_original_v1/spectral_original__diffusion_ts__sines__paper_sines_distribution__seed44,232177,no_complete_result,,,,,,,,,
spectral_original__diffusion_ts__sines__paper_sines_distribution__seed45,diffusion_ts,sines,paper_sines_distribution,45,configs/models/fm_spectral_author__diffusion_ts__sines__paper_sines_distribution.json,experiments/runs/fm_project_acquisition/sources/spectral_mean_flow/original/src_base/configs/diffusion_ts/sines.yaml,12000,2,"[10000, 24, 5]",data/public_datasets/flow_matching/spectral_mean_flow_original_v2/paper_sines_distribution/sines/frozen_training_samples.npy,556e69b1ed520b736b25accc6b4f00e0fabb1bec6a906a33adabac4db57b448b,data/public_datasets/flow_matching/spectral_mean_flow_original_v2/paper_sines_distribution/sines/sine_ground_truth_24_train.npy,0548514488bd40dc5d1d1f4ce3d196d8560df35eaeaa3ddb6da5b7b11ad63e32,2001,,235249,experiments/runs/fm_spectral_mean_flow_original_v1/jobs/spectral_original__diffusion_ts__sines__paper_sines_distribution__seed45,F:/aicoding/IIA_Data/experiments/spectral_mean_flow_original_v1/spectral_original__diffusion_ts__sines__paper_sines_distribution__seed45,232177,no_complete_result,,,,,,,,,
spectral_original__diffusion_ts__sines__paper_sines_distribution__seed46,diffusion_ts,sines,paper_sines_distribution,46,configs/models/fm_spectral_author__diffusion_ts__sines__paper_sines_distribution.json,experiments/runs/fm_project_acquisition/sources/spectral_mean_flow/original/src_base/configs/diffusion_ts/sines.yaml,12000,2,"[10000, 24, 5]",data/public_datasets/flow_matching/spectral_mean_flow_original_v2/paper_sines_distribution/sines/frozen_training_samples.npy,556e69b1ed520b736b25accc6b4f00e0fabb1bec6a906a33adabac4db57b448b,data/public_datasets/flow_matching/spectral_mean_flow_original_v2/paper_sines_distribution/sines/sine_ground_truth_24_train.npy,0548514488bd40dc5d1d1f4ce3d196d8560df35eaeaa3ddb6da5b7b11ad63e32,2001,,235249,experiments/runs/fm_spectral_mean_flow_original_v1/jobs/spectral_original__diffusion_ts__sines__paper_sines_distribution__seed46,F:/aicoding/IIA_Data/experiments/spectral_mean_flow_original_v1/spectral_original__diffusion_ts__sines__paper_sines_distribution__seed46,232177,no_complete_result,,,,,,,,,
spectral_table2__spectral_flow__sine__seed42,,sine,,42,configs/models/fm_spectral_table2__spectral_flow__sine.json,,,,,,,,,,,,experiments/runs/fm_spectral_table2_original_v1/jobs/spectral_table2__spectral_flow__sine__seed42,F:\aicoding\IIA_Data\experiments\spectral_table2_original_v1\spectral_table2__spectral_flow__sine__seed42,,no_complete_result,,,spectral_flow,"[{'stage': 'training', 'entry': 'train.py', 'original_arguments': ['--data-dim', '5', '--d-model', '512', '--mlp-hidden-times', '2', '--n-layers', '12', '--sampling-timesteps', '100', '--exp-name', 'train', '--batch-size', '512', '--out-dir', 'experiments/spectral_flow/sine/', '--total-iter', '100000', '--lr-scheduler', '200000', '--lr', '0.0001', '--dataname', 'sine', '--eval-iter', '2500', '--print-iter', '500', '--gpu', '3', '--seed', '42'], 'optimizer_updates': 100000, 'main_optimizer_updates': 100000, 'warmup_updates': 0, 'periodic_eval_interval': 2500, 'discriminator_repeats': 5, 'model_keys': ['model', 'ema'], 'selected_checkpoint': 'experiments\\spectral_flow\\sine\\train\\net_best_ds.pth'}, {'stage': 'sampling', 'entry': 'train.py', 'original_arguments': ['--data-dim', '5', '--d-model', '512', '--mlp-hidden-times', '2', '--n-layers', '12', '--sampling-timesteps', '500', '--exp-name', 'test', '--if-test', '--resume-pth', 'experiments/spectral_flow/sine/train/net_best_ds.pth', '--batch-size', '512', '--out-dir', 'experiments/spectral_flow/sine/', '--total-iter', '100000', '--lr-scheduler', '200000', '--lr', '0.0001', '--dataname', 'sine', '--eval-iter', '2500', '--print-iter', '500', '--gpu', '3', '--seed', '42'], 'optimizer_updates': 0, 'main_optimizer_updates': 0, 'warmup_updates': 0, 'periodic_eval_interval': 2500, 'discriminator_repeats': 5, 'model_keys': ['model', 'ema'], 'selected_checkpoint': None}, {'stage': 'evaluation', 'entry': 'eval.py', 'original_arguments': ['--dir', 'experiments/spectral_flow/sine/test', '--seed', '0'], 'optimizer_updates': 0, 'main_optimizer_updates': 0, 'warmup_updates': 0, 'periodic_eval_interval': 0, 'discriminator_repeats': 5, 'model_keys': ['model', 'ema'], 'selected_checkpoint': None}]","{'path': 'data/public_datasets/flow_matching/spectral_additional_original_assets_v1/raw/sine_ground_truth_24_train.npy', 'sha256': '230b811cded82c76d7365e8531df235ecbadf1ebb6a97b117be69c37c8c09f1e', 'workspace_path': 'dataset/sine_ground_truth_24_train.npy', 'shape': [10000, 24, 5], 'preprocessing': 'released_NPY_unchanged'}",configs/experiments/fm_spectral_table2_original_queue.v1.json,,,
spectral_table2__spectral_flow__sine__seed1103,,sine,,1103,configs/models/fm_spectral_table2__spectral_flow__sine.json,,,,,,,,,,,,experiments/runs/fm_spectral_table2_original_v1/jobs/spectral_table2__spectral_flow__sine__seed1103,F:\aicoding\IIA_Data\experiments\spectral_table2_original_v1\spectral_table2__spectral_flow__sine__seed1103,,no_complete_result,,,spectral_flow,"[{'stage': 'training', 'entry': 'train.py', 'original_arguments': ['--data-dim', '5', '--d-model', '512', '--mlp-hidden-times', '2', '--n-layers', '12', '--sampling-timesteps', '100', '--exp-name', 'train', '--batch-size', '512', '--out-dir', 'experiments/spectral_flow/sine/', '--total-iter', '100000', '--lr-scheduler', '200000', '--lr', '0.0001', '--dataname', 'sine', '--eval-iter', '2500', '--print-iter', '500', '--gpu', '3', '--seed', '42'], 'optimizer_updates': 100000, 'main_optimizer_updates': 100000, 'warmup_updates': 0, 'periodic_eval_interval': 2500, 'discriminator_repeats': 5, 'model_keys': ['model', 'ema'], 'selected_checkpoint': 'experiments\\spectral_flow\\sine\\train\\net_best_ds.pth'}, {'stage': 'sampling', 'entry': 'train.py', 'original_arguments': ['--data-dim', '5', '--d-model', '512', '--mlp-hidden-times', '2', '--n-layers', '12', '--sampling-timesteps', '500', '--exp-name', 'test', '--if-test', '--resume-pth', 'experiments/spectral_flow/sine/train/net_best_ds.pth', '--batch-size', '512', '--out-dir', 'experiments/spectral_flow/sine/', '--total-iter', '100000', '--lr-scheduler', '200000', '--lr', '0.0001', '--dataname', 'sine', '--eval-iter', '2500', '--print-iter', '500', '--gpu', '3', '--seed', '42'], 'optimizer_updates': 0, 'main_optimizer_updates': 0, 'warmup_updates': 0, 'periodic_eval_interval': 2500, 'discriminator_repeats': 5, 'model_keys': ['model', 'ema'], 'selected_checkpoint': None}, {'stage': 'evaluation', 'entry': 'eval.py', 'original_arguments': ['--dir', 'experiments/spectral_flow/sine/test', '--seed', '0'], 'optimizer_updates': 0, 'main_optimizer_updates': 0, 'warmup_updates': 0, 'periodic_eval_interval': 0, 'discriminator_repeats': 5, 'model_keys': ['model', 'ema'], 'selected_checkpoint': None}]","{'path': 'data/public_datasets/flow_matching/spectral_additional_original_assets_v1/raw/sine_ground_truth_24_train.npy', 'sha256': '230b811cded82c76d7365e8531df235ecbadf1ebb6a97b117be69c37c8c09f1e', 'workspace_path': 'dataset/sine_ground_truth_24_train.npy', 'shape': [10000, 24, 5], 'preprocessing': 'released_NPY_unchanged'}",configs/experiments/fm_spectral_table2_original_queue.v1.json,,,
spectral_table2__spectral_flow__sine__seed1104,,sine,,1104,configs/models/fm_spectral_table2__spectral_flow__sine.json,,,,,,,,,,,,experiments/runs/fm_spectral_table2_original_v1/jobs/spectral_table2__spectral_flow__sine__seed1104,F:\aicoding\IIA_Data\experiments\spectral_table2_original_v1\spectral_table2__spectral_flow__sine__seed1104,,no_complete_result,,,spectral_flow,"[{'stage': 'training', 'entry': 'train.py', 'original_arguments': ['--data-dim', '5', '--d-model', '512', '--mlp-hidden-times', '2', '--n-layers', '12', '--sampling-timesteps', '100', '--exp-name', 'train', '--batch-size', '512', '--out-dir', 'experiments/spectral_flow/sine/', '--total-iter', '100000', '--lr-scheduler', '200000', '--lr', '0.0001', '--dataname', 'sine', '--eval-iter', '2500', '--print-iter', '500', '--gpu', '3', '--seed', '42'], 'optimizer_updates': 100000, 'main_optimizer_updates': 100000, 'warmup_updates': 0, 'periodic_eval_interval': 2500, 'discriminator_repeats': 5, 'model_keys': ['model', 'ema'], 'selected_checkpoint': 'experiments\\spectral_flow\\sine\\train\\net_best_ds.pth'}, {'stage': 'sampling', 'entry': 'train.py', 'original_arguments': ['--data-dim', '5', '--d-model', '512', '--mlp-hidden-times', '2', '--n-layers', '12', '--sampling-timesteps', '500', '--exp-name', 'test', '--if-test', '--resume-pth', 'experiments/spectral_flow/sine/train/net_best_ds.pth', '--batch-size', '512', '--out-dir', 'experiments/spectral_flow/sine/', '--total-iter', '100000', '--lr-scheduler', '200000', '--lr', '0.0001', '--dataname', 'sine', '--eval-iter', '2500', '--print-iter', '500', '--gpu', '3', '--seed', '42'], 'optimizer_updates': 0, 'main_optimizer_updates': 0, 'warmup_updates': 0, 'periodic_eval_interval': 2500, 'discriminator_repeats': 5, 'model_keys': ['model', 'ema'], 'selected_checkpoint': None}, {'stage': 'evaluation', 'entry': 'eval.py', 'original_arguments': ['--dir', 'experiments/spectral_flow/sine/test', '--seed', '0'], 'optimizer_updates': 0, 'main_optimizer_updates': 0, 'warmup_updates': 0, 'periodic_eval_interval': 0, 'discriminator_repeats': 5, 'model_keys': ['model', 'ema'], 'selected_checkpoint': None}]","{'path': 'data/public_datasets/flow_matching/spectral_additional_original_assets_v1/raw/sine_ground_truth_24_train.npy', 'sha256': '230b811cded82c76d7365e8531df235ecbadf1ebb6a97b117be69c37c8c09f1e', 'workspace_path': 'dataset/sine_ground_truth_24_train.npy', 'shape': [10000, 24, 5], 'preprocessing': 'released_NPY_unchanged'}",configs/experiments/fm_spectral_table2_original_queue.v1.json,,,
spectral_table2__spectral_flow__sine__seed1105,,sine,,1105,configs/models/fm_spectral_table2__spectral_flow__sine.json,,,,,,,,,,,,experiments/runs/fm_spectral_table2_original_v1/jobs/spectral_table2__spectral_flow__sine__seed1105,F:\aicoding\IIA_Data\experiments\spectral_table2_original_v1\spectral_table2__spectral_flow__sine__seed1105,,no_complete_result,,,spectral_flow,"[{'stage': 'training', 'entry': 'train.py', 'original_arguments': ['--data-dim', '5', '--d-model', '512', '--mlp-hidden-times', '2', '--n-layers', '12', '--sampling-timesteps', '100', '--exp-name', 'train', '--batch-size', '512', '--out-dir', 'experiments/spectral_flow/sine/', '--total-iter', '100000', '--lr-scheduler', '200000', '--lr', '0.0001', '--dataname', 'sine', '--eval-iter', '2500', '--print-iter', '500', '--gpu', '3', '--seed', '42'], 'optimizer_updates': 100000, 'main_optimizer_updates': 100000, 'warmup_updates': 0, 'periodic_eval_interval': 2500, 'discriminator_repeats': 5, 'model_keys': ['model', 'ema'], 'selected_checkpoint': 'experiments\\spectral_flow\\sine\\train\\net_best_ds.pth'}, {'stage': 'sampling', 'entry': 'train.py', 'original_arguments': ['--data-dim', '5', '--d-model', '512', '--mlp-hidden-times', '2', '--n-layers', '12', '--sampling-timesteps', '500', '--exp-name', 'test', '--if-test', '--resume-pth', 'experiments/spectral_flow/sine/train/net_best_ds.pth', '--batch-size', '512', '--out-dir', 'experiments/spectral_flow/sine/', '--total-iter', '100000', '--lr-scheduler', '200000', '--lr', '0.0001', '--dataname', 'sine', '--eval-iter', '2500', '--print-iter', '500', '--gpu', '3', '--seed', '42'], 'optimizer_updates': 0, 'main_optimizer_updates': 0, 'warmup_updates': 0, 'periodic_eval_interval': 2500, 'discriminator_repeats': 5, 'model_keys': ['model', 'ema'], 'selected_checkpoint': None}, {'stage': 'evaluation', 'entry': 'eval.py', 'original_arguments': ['--dir', 'experiments/spectral_flow/sine/test', '--seed', '0'], 'optimizer_updates': 0, 'main_optimizer_updates': 0, 'warmup_updates': 0, 'periodic_eval_interval': 0, 'discriminator_repeats': 5, 'model_keys': ['model', 'ema'], 'selected_checkpoint': None}]","{'path': 'data/public_datasets/flow_matching/spectral_additional_original_assets_v1/raw/sine_ground_truth_24_train.npy', 'sha256': '230b811cded82c76d7365e8531df235ecbadf1ebb6a97b117be69c37c8c09f1e', 'workspace_path': 'dataset/sine_ground_truth_24_train.npy', 'shape': [10000, 24, 5], 'preprocessing': 'released_NPY_unchanged'}",configs/experiments/fm_spectral_table2_original_queue.v1.json,,,
spectral_table2__spectral_flow__sine__seed1106,,sine,,1106,configs/models/fm_spectral_table2__spectral_flow__sine.json,,,,,,,,,,,,experiments/runs/fm_spectral_table2_original_v1/jobs/spectral_table2__spectral_flow__sine__seed1106,F:\aicoding\IIA_Data\experiments\spectral_table2_original_v1\spectral_table2__spectral_flow__sine__seed1106,,no_complete_result,,,spectral_flow,"[{'stage': 'training', 'entry': 'train.py', 'original_arguments': ['--data-dim', '5', '--d-model', '512', '--mlp-hidden-times', '2', '--n-layers', '12', '--sampling-timesteps', '100', '--exp-name', 'train', '--batch-size', '512', '--out-dir', 'experiments/spectral_flow/sine/', '--total-iter', '100000', '--lr-scheduler', '200000', '--lr', '0.0001', '--dataname', 'sine', '--eval-iter', '2500', '--print-iter', '500', '--gpu', '3', '--seed', '42'], 'optimizer_updates': 100000, 'main_optimizer_updates': 100000, 'warmup_updates': 0, 'periodic_eval_interval': 2500, 'discriminator_repeats': 5, 'model_keys': ['model', 'ema'], 'selected_checkpoint': 'experiments\\spectral_flow\\sine\\train\\net_best_ds.pth'}, {'stage': 'sampling', 'entry': 'train.py', 'original_arguments': ['--data-dim', '5', '--d-model', '512', '--mlp-hidden-times', '2', '--n-layers', '12', '--sampling-timesteps', '500', '--exp-name', 'test', '--if-test', '--resume-pth', 'experiments/spectral_flow/sine/train/net_best_ds.pth', '--batch-size', '512', '--out-dir', 'experiments/spectral_flow/sine/', '--total-iter', '100000', '--lr-scheduler', '200000', '--lr', '0.0001', '--dataname', 'sine', '--eval-iter', '2500', '--print-iter', '500', '--gpu', '3', '--seed', '42'], 'optimizer_updates': 0, 'main_optimizer_updates': 0, 'warmup_updates': 0, 'periodic_eval_interval': 2500, 'discriminator_repeats': 5, 'model_keys': ['model', 'ema'], 'selected_checkpoint': None}, {'stage': 'evaluation', 'entry': 'eval.py', 'original_arguments': ['--dir', 'experiments/spectral_flow/sine/test', '--seed', '0'], 'optimizer_updates': 0, 'main_optimizer_updates': 0, 'warmup_updates': 0, 'periodic_eval_interval': 0, 'discriminator_repeats': 5, 'model_keys': ['model', 'ema'], 'selected_checkpoint': None}]","{'path': 'data/public_datasets/flow_matching/spectral_additional_original_assets_v1/raw/sine_ground_truth_24_train.npy', 'sha256': '230b811cded82c76d7365e8531df235ecbadf1ebb6a97b117be69c37c8c09f1e', 'workspace_path': 'dataset/sine_ground_truth_24_train.npy', 'shape': [10000, 24, 5], 'preprocessing': 'released_NPY_unchanged'}",configs/experiments/fm_spectral_table2_original_queue.v1.json,,,
spectral_table2__spectral_flow__stock__seed42,,stock,,42,configs/models/fm_spectral_table2__spectral_flow__stock.json,,,,,,,,,,,,experiments/runs/fm_spectral_table2_original_v1/jobs/spectral_table2__spectral_flow__stock__seed42,F:\aicoding\IIA_Data\experiments\spectral_table2_original_v1\spectral_table2__spectral_flow__stock__seed42,,no_complete_result,,,spectral_flow,"[{'stage': 'training', 'entry': 'train.py', 'original_arguments': ['--data-dim', '6', '--d-model', '512', '--mlp-hidden-times', '2', '--n-layers', '12', '--sampling-timesteps', '100', '--exp-name', 'train', '--batch-size', '512', '--out-dir', 'experiments/spectral_flow/stock/', '--total-iter', '100000', '--lr-scheduler', '200000', '--lr', '0.0001', '--dataname', 'stock', '--eval-iter', '2500', '--print-iter', '500', '--gpu', '4', '--seed', '42'], 'optimizer_updates': 100000, 'main_optimizer_updates': 100000, 'warmup_updates': 0, 'periodic_eval_interval': 2500, 'discriminator_repeats': 5, 'model_keys': ['model', 'ema'], 'selected_checkpoint': 'experiments\\spectral_flow\\stock\\train\\net_best_ds.pth'}, {'stage': 'sampling', 'entry': 'train.py', 'original_arguments': ['--data-dim', '6', '--d-model', '512', '--mlp-hidden-times', '2', '--n-layers', '12', '--sampling-timesteps', '500', '--exp-name', 'test', '--if-test', '--resume-pth', 'experiments/spectral_flow/stock/train/net_best_ds.pth', '--batch-size', '512', '--out-dir', 'experiments/spectral_flow/stock/', '--total-iter', '100000', '--lr-scheduler', '200000', '--lr', '0.0001', '--dataname', 'stock', '--eval-iter', '2500', '--print-iter', '500', '--gpu', '4', '--seed', '42'], 'optimizer_updates': 0, 'main_optimizer_updates': 0, 'warmup_updates': 0, 'periodic_eval_interval': 2500, 'discriminator_repeats': 5, 'model_keys': ['model', 'ema'], 'selected_checkpoint': None}, {'stage': 'evaluation', 'entry': 'eval.py', 'original_arguments': ['--dir', 'experiments/spectral_flow/stock/test', '--seed', '0'], 'optimizer_updates': 0, 'main_optimizer_updates': 0, 'warmup_updates': 0, 'periodic_eval_interval': 0, 'discriminator_repeats': 5, 'model_keys': ['model', 'ema'], 'selected_checkpoint': None}]","{'path': 'data/public_datasets/flow_matching/spectral_additional_original_assets_v1/raw/stock_data.csv', 'sha256': '134b8a00eb4eefa3242dd7ae85144082da80dedf75a1a656d5d08f97cd95277a', 'workspace_path': 'dataset/stock_data.csv', 'shape': [3662, 24, 6], 'preprocessing': 'author_TSDataset_full_series_feature_minmax_no_epsilon_stride1'}",configs/experiments/fm_spectral_table2_original_queue.v1.json,,,
spectral_table2__spectral_flow__stock__seed1103,,stock,,1103,configs/models/fm_spectral_table2__spectral_flow__stock.json,,,,,,,,,,,,experiments/runs/fm_spectral_table2_original_v1/jobs/spectral_table2__spectral_flow__stock__seed1103,F:\aicoding\IIA_Data\experiments\spectral_table2_original_v1\spectral_table2__spectral_flow__stock__seed1103,,no_complete_result,,,spectral_flow,"[{'stage': 'training', 'entry': 'train.py', 'original_arguments': ['--data-dim', '6', '--d-model', '512', '--mlp-hidden-times', '2', '--n-layers', '12', '--sampling-timesteps', '100', '--exp-name', 'train', '--batch-size', '512', '--out-dir', 'experiments/spectral_flow/stock/', '--total-iter', '100000', '--lr-scheduler', '200000', '--lr', '0.0001', '--dataname', 'stock', '--eval-iter', '2500', '--print-iter', '500', '--gpu', '4', '--seed', '42'], 'optimizer_updates': 100000, 'main_optimizer_updates': 100000, 'warmup_updates': 0, 'periodic_eval_interval': 2500, 'discriminator_repeats': 5, 'model_keys': ['model', 'ema'], 'selected_checkpoint': 'experiments\\spectral_flow\\stock\\train\\net_best_ds.pth'}, {'stage': 'sampling', 'entry': 'train.py', 'original_arguments': ['--data-dim', '6', '--d-model', '512', '--mlp-hidden-times', '2', '--n-layers', '12', '--sampling-timesteps', '500', '--exp-name', 'test', '--if-test', '--resume-pth', 'experiments/spectral_flow/stock/train/net_best_ds.pth', '--batch-size', '512', '--out-dir', 'experiments/spectral_flow/stock/', '--total-iter', '100000', '--lr-scheduler', '200000', '--lr', '0.0001', '--dataname', 'stock', '--eval-iter', '2500', '--print-iter', '500', '--gpu', '4', '--seed', '42'], 'optimizer_updates': 0, 'main_optimizer_updates': 0, 'warmup_updates': 0, 'periodic_eval_interval': 2500, 'discriminator_repeats': 5, 'model_keys': ['model', 'ema'], 'selected_checkpoint': None}, {'stage': 'evaluation', 'entry': 'eval.py', 'original_arguments': ['--dir', 'experiments/spectral_flow/stock/test', '--seed', '0'], 'optimizer_updates': 0, 'main_optimizer_updates': 0, 'warmup_updates': 0, 'periodic_eval_interval': 0, 'discriminator_repeats': 5, 'model_keys': ['model', 'ema'], 'selected_checkpoint': None}]","{'path': 'data/public_datasets/flow_matching/spectral_additional_original_assets_v1/raw/stock_data.csv', 'sha256': '134b8a00eb4eefa3242dd7ae85144082da80dedf75a1a656d5d08f97cd95277a', 'workspace_path': 'dataset/stock_data.csv', 'shape': [3662, 24, 6], 'preprocessing': 'author_TSDataset_full_series_feature_minmax_no_epsilon_stride1'}",configs/experiments/fm_spectral_table2_original_queue.v1.json,,,
spectral_table2__spectral_flow__stock__seed1104,,stock,,1104,configs/models/fm_spectral_table2__spectral_flow__stock.json,,,,,,,,,,,,experiments/runs/fm_spectral_table2_original_v1/jobs/spectral_table2__spectral_flow__stock__seed1104,F:\aicoding\IIA_Data\experiments\spectral_table2_original_v1\spectral_table2__spectral_flow__stock__seed1104,,no_complete_result,,,spectral_flow,"[{'stage': 'training', 'entry': 'train.py', 'original_arguments': ['--data-dim', '6', '--d-model', '512', '--mlp-hidden-times', '2', '--n-layers', '12', '--sampling-timesteps', '100', '--exp-name', 'train', '--batch-size', '512', '--out-dir', 'experiments/spectral_flow/stock/', '--total-iter', '100000', '--lr-scheduler', '200000', '--lr', '0.0001', '--dataname', 'stock', '--eval-iter', '2500', '--print-iter', '500', '--gpu', '4', '--seed', '42'], 'optimizer_updates': 100000, 'main_optimizer_updates': 100000, 'warmup_updates': 0, 'periodic_eval_interval': 2500, 'discriminator_repeats': 5, 'model_keys': ['model', 'ema'], 'selected_checkpoint': 'experiments\\spectral_flow\\stock\\train\\net_best_ds.pth'}, {'stage': 'sampling', 'entry': 'train.py', 'original_arguments': ['--data-dim', '6', '--d-model', '512', '--mlp-hidden-times', '2', '--n-layers', '12', '--sampling-timesteps', '500', '--exp-name', 'test', '--if-test', '--resume-pth', 'experiments/spectral_flow/stock/train/net_best_ds.pth', '--batch-size', '512', '--out-dir', 'experiments/spectral_flow/stock/', '--total-iter', '100000', '--lr-scheduler', '200000', '--lr', '0.0001', '--dataname', 'stock', '--eval-iter', '2500', '--print-iter', '500', '--gpu', '4', '--seed', '42'], 'optimizer_updates': 0, 'main_optimizer_updates': 0, 'warmup_updates': 0, 'periodic_eval_interval': 2500, 'discriminator_repeats': 5, 'model_keys': ['model', 'ema'], 'selected_checkpoint': None}, {'stage': 'evaluation', 'entry': 'eval.py', 'original_arguments': ['--dir', 'experiments/spectral_flow/stock/test', '--seed', '0'], 'optimizer_updates': 0, 'main_optimizer_updates': 0, 'warmup_updates': 0, 'periodic_eval_interval': 0, 'discriminator_repeats': 5, 'model_keys': ['model', 'ema'], 'selected_checkpoint': None}]","{'path': 'data/public_datasets/flow_matching/spectral_additional_original_assets_v1/raw/stock_data.csv', 'sha256': '134b8a00eb4eefa3242dd7ae85144082da80dedf75a1a656d5d08f97cd95277a', 'workspace_path': 'dataset/stock_data.csv', 'shape': [3662, 24, 6], 'preprocessing': 'author_TSDataset_full_series_feature_minmax_no_epsilon_stride1'}",configs/experiments/fm_spectral_table2_original_queue.v1.json,,,
spectral_table2__spectral_flow__stock__seed1105,,stock,,1105,configs/models/fm_spectral_table2__spectral_flow__stock.json,,,,,,,,,,,,experiments/runs/fm_spectral_table2_original_v1/jobs/spectral_table2__spectral_flow__stock__seed1105,F:\aicoding\IIA_Data\experiments\spectral_table2_original_v1\spectral_table2__spectral_flow__stock__seed1105,,no_complete_result,,,spectral_flow,"[{'stage': 'training', 'entry': 'train.py', 'original_arguments': ['--data-dim', '6', '--d-model', '512', '--mlp-hidden-times', '2', '--n-layers', '12', '--sampling-timesteps', '100', '--exp-name', 'train', '--batch-size', '512', '--out-dir', 'experiments/spectral_flow/stock/', '--total-iter', '100000', '--lr-scheduler', '200000', '--lr', '0.0001', '--dataname', 'stock', '--eval-iter', '2500', '--print-iter', '500', '--gpu', '4', '--seed', '42'], 'optimizer_updates': 100000, 'main_optimizer_updates': 100000, 'warmup_updates': 0, 'periodic_eval_interval': 2500, 'discriminator_repeats': 5, 'model_keys': ['model', 'ema'], 'selected_checkpoint': 'experiments\\spectral_flow\\stock\\train\\net_best_ds.pth'}, {'stage': 'sampling', 'entry': 'train.py', 'original_arguments': ['--data-dim', '6', '--d-model', '512', '--mlp-hidden-times', '2', '--n-layers', '12', '--sampling-timesteps', '500', '--exp-name', 'test', '--if-test', '--resume-pth', 'experiments/spectral_flow/stock/train/net_best_ds.pth', '--batch-size', '512', '--out-dir', 'experiments/spectral_flow/stock/', '--total-iter', '100000', '--lr-scheduler', '200000', '--lr', '0.0001', '--dataname', 'stock', '--eval-iter', '2500', '--print-iter', '500', '--gpu', '4', '--seed', '42'], 'optimizer_updates': 0, 'main_optimizer_updates': 0, 'warmup_updates': 0, 'periodic_eval_interval': 2500, 'discriminator_repeats': 5, 'model_keys': ['model', 'ema'], 'selected_checkpoint': None}, {'stage': 'evaluation', 'entry': 'eval.py', 'original_arguments': ['--dir', 'experiments/spectral_flow/stock/test', '--seed', '0'], 'optimizer_updates': 0, 'main_optimizer_updates': 0, 'warmup_updates': 0, 'periodic_eval_interval': 0, 'discriminator_repeats': 5, 'model_keys': ['model', 'ema'], 'selected_checkpoint': None}]","{'path': 'data/public_datasets/flow_matching/spectral_additional_original_assets_v1/raw/stock_data.csv', 'sha256': '134b8a00eb4eefa3242dd7ae85144082da80dedf75a1a656d5d08f97cd95277a', 'workspace_path': 'dataset/stock_data.csv', 'shape': [3662, 24, 6], 'preprocessing': 'author_TSDataset_full_series_feature_minmax_no_epsilon_stride1'}",configs/experiments/fm_spectral_table2_original_queue.v1.json,,,
spectral_table2__spectral_flow__stock__seed1106,,stock,,1106,configs/models/fm_spectral_table2__spectral_flow__stock.json,,,,,,,,,,,,experiments/runs/fm_spectral_table2_original_v1/jobs/spectral_table2__spectral_flow__stock__seed1106,F:\aicoding\IIA_Data\experiments\spectral_table2_original_v1\spectral_table2__spectral_flow__stock__seed1106,,no_complete_result,,,spectral_flow,"[{'stage': 'training', 'entry': 'train.py', 'original_arguments': ['--data-dim', '6', '--d-model', '512', '--mlp-hidden-times', '2', '--n-layers', '12', '--sampling-timesteps', '100', '--exp-name', 'train', '--batch-size', '512', '--out-dir', 'experiments/spectral_flow/stock/', '--total-iter', '100000', '--lr-scheduler', '200000', '--lr', '0.0001', '--dataname', 'stock', '--eval-iter', '2500', '--print-iter', '500', '--gpu', '4', '--seed', '42'], 'optimizer_updates': 100000, 'main_optimizer_updates': 100000, 'warmup_updates': 0, 'periodic_eval_interval': 2500, 'discriminator_repeats': 5, 'model_keys': ['model', 'ema'], 'selected_checkpoint': 'experiments\\spectral_flow\\stock\\train\\net_best_ds.pth'}, {'stage': 'sampling', 'entry': 'train.py', 'original_arguments': ['--data-dim', '6', '--d-model', '512', '--mlp-hidden-times', '2', '--n-layers', '12', '--sampling-timesteps', '500', '--exp-name', 'test', '--if-test', '--resume-pth', 'experiments/spectral_flow/stock/train/net_best_ds.pth', '--batch-size', '512', '--out-dir', 'experiments/spectral_flow/stock/', '--total-iter', '100000', '--lr-scheduler', '200000', '--lr', '0.0001', '--dataname', 'stock', '--eval-iter', '2500', '--print-iter', '500', '--gpu', '4', '--seed', '42'], 'optimizer_updates': 0, 'main_optimizer_updates': 0, 'warmup_updates': 0, 'periodic_eval_interval': 2500, 'discriminator_repeats': 5, 'model_keys': ['model', 'ema'], 'selected_checkpoint': None}, {'stage': 'evaluation', 'entry': 'eval.py', 'original_arguments': ['--dir', 'experiments/spectral_flow/stock/test', '--seed', '0'], 'optimizer_updates': 0, 'main_optimizer_updates': 0, 'warmup_updates': 0, 'periodic_eval_interval': 0, 'discriminator_repeats': 5, 'model_keys': ['model', 'ema'], 'selected_checkpoint': None}]","{'path': 'data/public_datasets/flow_matching/spectral_additional_original_assets_v1/raw/stock_data.csv', 'sha256': '134b8a00eb4eefa3242dd7ae85144082da80dedf75a1a656d5d08f97cd95277a', 'workspace_path': 'dataset/stock_data.csv', 'shape': [3662, 24, 6], 'preprocessing': 'author_TSDataset_full_series_feature_minmax_no_epsilon_stride1'}",configs/experiments/fm_spectral_table2_original_queue.v1.json,,,
spectral_table2__spectral_flow__mujoco__seed42,,mujoco,,42,configs/models/fm_spectral_table2__spectral_flow__mujoco.json,,,,,,,,,,,,experiments/runs/fm_spectral_table2_original_v1/jobs/spectral_table2__spectral_flow__mujoco__seed42,F:\aicoding\IIA_Data\experiments\spectral_table2_original_v1\spectral_table2__spectral_flow__mujoco__seed42,,no_complete_result,,,spectral_flow,"[{'stage': 'training', 'entry': 'train.py', 'original_arguments': ['--data-dim', '14', '--d-model', '512', '--mlp-hidden-times', '2', '--n-layers', '12', '--sampling-timesteps', '100', '--exp-name', 'train', '--batch-size', '512', '--out-dir', 'experiments/spectral_flow/mujoco/', '--total-iter', '100000', '--lr-scheduler', '200000', '--lr', '0.0001', '--dataname', 'mujoco', '--eval-iter', '2500', '--print-iter', '500', '--gpu', '7', '--seed', '42'], 'optimizer_updates': 100000, 'main_optimizer_updates': 100000, 'warmup_updates': 0, 'periodic_eval_interval': 2500, 'discriminator_repeats': 5, 'model_keys': ['model', 'ema'], 'selected_checkpoint': 'experiments\\spectral_flow\\mujoco\\train\\net_best_ds.pth'}, {'stage': 'sampling', 'entry': 'train.py', 'original_arguments': ['--data-dim', '14', '--d-model', '512', '--mlp-hidden-times', '2', '--n-layers', '12', '--sampling-timesteps', '500', '--exp-name', 'test', '--if-test', '--resume-pth', 'experiments/spectral_flow/mujoco/train/net_best_ds.pth', '--batch-size', '512', '--out-dir', 'experiments/spectral_flow/mujoco/', '--total-iter', '100000', '--lr-scheduler', '200000', '--lr', '0.0001', '--dataname', 'mujoco', '--eval-iter', '2500', '--print-iter', '500', '--gpu', '7', '--seed', '42'], 'optimizer_updates': 0, 'main_optimizer_updates': 0, 'warmup_updates': 0, 'periodic_eval_interval': 2500, 'discriminator_repeats': 5, 'model_keys': ['model', 'ema'], 'selected_checkpoint': None}, {'stage': 'evaluation', 'entry': 'eval.py', 'original_arguments': ['--dir', 'experiments/spectral_flow/mujoco/test', '--seed', '0'], 'optimizer_updates': 0, 'main_optimizer_updates': 0, 'warmup_updates': 0, 'periodic_eval_interval': 0, 'discriminator_repeats': 5, 'model_keys': ['model', 'ema'], 'selected_checkpoint': None}]","{'path': 'data/public_datasets/flow_matching/spectral_additional_original_assets_v1/raw/mujoco_norm_truth_24_train.npy', 'sha256': '39f95f3650d045591d14f4b2a49c2d425c075d0a31848f4cb9094f62cb9e2e55', 'workspace_path': 'dataset/mujoco_norm_truth_24_train.npy', 'shape': [10000, 24, 14], 'preprocessing': 'released_NPY_unchanged'}",configs/experiments/fm_spectral_table2_original_queue.v1.json,,,
spectral_table2__spectral_flow__mujoco__seed1103,,mujoco,,1103,configs/models/fm_spectral_table2__spectral_flow__mujoco.json,,,,,,,,,,,,experiments/runs/fm_spectral_table2_original_v1/jobs/spectral_table2__spectral_flow__mujoco__seed1103,F:\aicoding\IIA_Data\experiments\spectral_table2_original_v1\spectral_table2__spectral_flow__mujoco__seed1103,,no_complete_result,,,spectral_flow,"[{'stage': 'training', 'entry': 'train.py', 'original_arguments': ['--data-dim', '14', '--d-model', '512', '--mlp-hidden-times', '2', '--n-layers', '12', '--sampling-timesteps', '100', '--exp-name', 'train', '--batch-size', '512', '--out-dir', 'experiments/spectral_flow/mujoco/', '--total-iter', '100000', '--lr-scheduler', '200000', '--lr', '0.0001', '--dataname', 'mujoco', '--eval-iter', '2500', '--print-iter', '500', '--gpu', '7', '--seed', '42'], 'optimizer_updates': 100000, 'main_optimizer_updates': 100000, 'warmup_updates': 0, 'periodic_eval_interval': 2500, 'discriminator_repeats': 5, 'model_keys': ['model', 'ema'], 'selected_checkpoint': 'experiments\\spectral_flow\\mujoco\\train\\net_best_ds.pth'}, {'stage': 'sampling', 'entry': 'train.py', 'original_arguments': ['--data-dim', '14', '--d-model', '512', '--mlp-hidden-times', '2', '--n-layers', '12', '--sampling-timesteps', '500', '--exp-name', 'test', '--if-test', '--resume-pth', 'experiments/spectral_flow/mujoco/train/net_best_ds.pth', '--batch-size', '512', '--out-dir', 'experiments/spectral_flow/mujoco/', '--total-iter', '100000', '--lr-scheduler', '200000', '--lr', '0.0001', '--dataname', 'mujoco', '--eval-iter', '2500', '--print-iter', '500', '--gpu', '7', '--seed', '42'], 'optimizer_updates': 0, 'main_optimizer_updates': 0, 'warmup_updates': 0, 'periodic_eval_interval': 2500, 'discriminator_repeats': 5, 'model_keys': ['model', 'ema'], 'selected_checkpoint': None}, {'stage': 'evaluation', 'entry': 'eval.py', 'original_arguments': ['--dir', 'experiments/spectral_flow/mujoco/test', '--seed', '0'], 'optimizer_updates': 0, 'main_optimizer_updates': 0, 'warmup_updates': 0, 'periodic_eval_interval': 0, 'discriminator_repeats': 5, 'model_keys': ['model', 'ema'], 'selected_checkpoint': None}]","{'path': 'data/public_datasets/flow_matching/spectral_additional_original_assets_v1/raw/mujoco_norm_truth_24_train.npy', 'sha256': '39f95f3650d045591d14f4b2a49c2d425c075d0a31848f4cb9094f62cb9e2e55', 'workspace_path': 'dataset/mujoco_norm_truth_24_train.npy', 'shape': [10000, 24, 14], 'preprocessing': 'released_NPY_unchanged'}",configs/experiments/fm_spectral_table2_original_queue.v1.json,,,
spectral_table2__spectral_flow__mujoco__seed1104,,mujoco,,1104,configs/models/fm_spectral_table2__spectral_flow__mujoco.json,,,,,,,,,,,,experiments/runs/fm_spectral_table2_original_v1/jobs/spectral_table2__spectral_flow__mujoco__seed1104,F:\aicoding\IIA_Data\experiments\spectral_table2_original_v1\spectral_table2__spectral_flow__mujoco__seed1104,,no_complete_result,,,spectral_flow,"[{'stage': 'training', 'entry': 'train.py', 'original_arguments': ['--data-dim', '14', '--d-model', '512', '--mlp-hidden-times', '2', '--n-layers', '12', '--sampling-timesteps', '100', '--exp-name', 'train', '--batch-size', '512', '--out-dir', 'experiments/spectral_flow/mujoco/', '--total-iter', '100000', '--lr-scheduler', '200000', '--lr', '0.0001', '--dataname', 'mujoco', '--eval-iter', '2500', '--print-iter', '500', '--gpu', '7', '--seed', '42'], 'optimizer_updates': 100000, 'main_optimizer_updates': 100000, 'warmup_updates': 0, 'periodic_eval_interval': 2500, 'discriminator_repeats': 5, 'model_keys': ['model', 'ema'], 'selected_checkpoint': 'experiments\\spectral_flow\\mujoco\\train\\net_best_ds.pth'}, {'stage': 'sampling', 'entry': 'train.py', 'original_arguments': ['--data-dim', '14', '--d-model', '512', '--mlp-hidden-times', '2', '--n-layers', '12', '--sampling-timesteps', '500', '--exp-name', 'test', '--if-test', '--resume-pth', 'experiments/spectral_flow/mujoco/train/net_best_ds.pth', '--batch-size', '512', '--out-dir', 'experiments/spectral_flow/mujoco/', '--total-iter', '100000', '--lr-scheduler', '200000', '--lr', '0.0001', '--dataname', 'mujoco', '--eval-iter', '2500', '--print-iter', '500', '--gpu', '7', '--seed', '42'], 'optimizer_updates': 0, 'main_optimizer_updates': 0, 'warmup_updates': 0, 'periodic_eval_interval': 2500, 'discriminator_repeats': 5, 'model_keys': ['model', 'ema'], 'selected_checkpoint': None}, {'stage': 'evaluation', 'entry': 'eval.py', 'original_arguments': ['--dir', 'experiments/spectral_flow/mujoco/test', '--seed', '0'], 'optimizer_updates': 0, 'main_optimizer_updates': 0, 'warmup_updates': 0, 'periodic_eval_interval': 0, 'discriminator_repeats': 5, 'model_keys': ['model', 'ema'], 'selected_checkpoint': None}]","{'path': 'data/public_datasets/flow_matching/spectral_additional_original_assets_v1/raw/mujoco_norm_truth_24_train.npy', 'sha256': '39f95f3650d045591d14f4b2a49c2d425c075d0a31848f4cb9094f62cb9e2e55', 'workspace_path': 'dataset/mujoco_norm_truth_24_train.npy', 'shape': [10000, 24, 14], 'preprocessing': 'released_NPY_unchanged'}",configs/experiments/fm_spectral_table2_original_queue.v1.json,,,
spectral_table2__spectral_flow__mujoco__seed1105,,mujoco,,1105,configs/models/fm_spectral_table2__spectral_flow__mujoco.json,,,,,,,,,,,,experiments/runs/fm_spectral_table2_original_v1/jobs/spectral_table2__spectral_flow__mujoco__seed1105,F:\aicoding\IIA_Data\experiments\spectral_table2_original_v1\spectral_table2__spectral_flow__mujoco__seed1105,,no_complete_result,,,spectral_flow,"[{'stage': 'training', 'entry': 'train.py', 'original_arguments': ['--data-dim', '14', '--d-model', '512', '--mlp-hidden-times', '2', '--n-layers', '12', '--sampling-timesteps', '100', '--exp-name', 'train', '--batch-size', '512', '--out-dir', 'experiments/spectral_flow/mujoco/', '--total-iter', '100000', '--lr-scheduler', '200000', '--lr', '0.0001', '--dataname', 'mujoco', '--eval-iter', '2500', '--print-iter', '500', '--gpu', '7', '--seed', '42'], 'optimizer_updates': 100000, 'main_optimizer_updates': 100000, 'warmup_updates': 0, 'periodic_eval_interval': 2500, 'discriminator_repeats': 5, 'model_keys': ['model', 'ema'], 'selected_checkpoint': 'experiments\\spectral_flow\\mujoco\\train\\net_best_ds.pth'}, {'stage': 'sampling', 'entry': 'train.py', 'original_arguments': ['--data-dim', '14', '--d-model', '512', '--mlp-hidden-times', '2', '--n-layers', '12', '--sampling-timesteps', '500', '--exp-name', 'test', '--if-test', '--resume-pth', 'experiments/spectral_flow/mujoco/train/net_best_ds.pth', '--batch-size', '512', '--out-dir', 'experiments/spectral_flow/mujoco/', '--total-iter', '100000', '--lr-scheduler', '200000', '--lr', '0.0001', '--dataname', 'mujoco', '--eval-iter', '2500', '--print-iter', '500', '--gpu', '7', '--seed', '42'], 'optimizer_updates': 0, 'main_optimizer_updates': 0, 'warmup_updates': 0, 'periodic_eval_interval': 2500, 'discriminator_repeats': 5, 'model_keys': ['model', 'ema'], 'selected_checkpoint': None}, {'stage': 'evaluation', 'entry': 'eval.py', 'original_arguments': ['--dir', 'experiments/spectral_flow/mujoco/test', '--seed', '0'], 'optimizer_updates': 0, 'main_optimizer_updates': 0, 'warmup_updates': 0, 'periodic_eval_interval': 0, 'discriminator_repeats': 5, 'model_keys': ['model', 'ema'], 'selected_checkpoint': None}]","{'path': 'data/public_datasets/flow_matching/spectral_additional_original_assets_v1/raw/mujoco_norm_truth_24_train.npy', 'sha256': '39f95f3650d045591d14f4b2a49c2d425c075d0a31848f4cb9094f62cb9e2e55', 'workspace_path': 'dataset/mujoco_norm_truth_24_train.npy', 'shape': [10000, 24, 14], 'preprocessing': 'released_NPY_unchanged'}",configs/experiments/fm_spectral_table2_original_queue.v1.json,,,
spectral_table2__spectral_flow__mujoco__seed1106,,mujoco,,1106,configs/models/fm_spectral_table2__spectral_flow__mujoco.json,,,,,,,,,,,,experiments/runs/fm_spectral_table2_original_v1/jobs/spectral_table2__spectral_flow__mujoco__seed1106,F:\aicoding\IIA_Data\experiments\spectral_table2_original_v1\spectral_table2__spectral_flow__mujoco__seed1106,,no_complete_result,,,spectral_flow,"[{'stage': 'training', 'entry': 'train.py', 'original_arguments': ['--data-dim', '14', '--d-model', '512', '--mlp-hidden-times', '2', '--n-layers', '12', '--sampling-timesteps', '100', '--exp-name', 'train', '--batch-size', '512', '--out-dir', 'experiments/spectral_flow/mujoco/', '--total-iter', '100000', '--lr-scheduler', '200000', '--lr', '0.0001', '--dataname', 'mujoco', '--eval-iter', '2500', '--print-iter', '500', '--gpu', '7', '--seed', '42'], 'optimizer_updates': 100000, 'main_optimizer_updates': 100000, 'warmup_updates': 0, 'periodic_eval_interval': 2500, 'discriminator_repeats': 5, 'model_keys': ['model', 'ema'], 'selected_checkpoint': 'experiments\\spectral_flow\\mujoco\\train\\net_best_ds.pth'}, {'stage': 'sampling', 'entry': 'train.py', 'original_arguments': ['--data-dim', '14', '--d-model', '512', '--mlp-hidden-times', '2', '--n-layers', '12', '--sampling-timesteps', '500', '--exp-name', 'test', '--if-test', '--resume-pth', 'experiments/spectral_flow/mujoco/train/net_best_ds.pth', '--batch-size', '512', '--out-dir', 'experiments/spectral_flow/mujoco/', '--total-iter', '100000', '--lr-scheduler', '200000', '--lr', '0.0001', '--dataname', 'mujoco', '--eval-iter', '2500', '--print-iter', '500', '--gpu', '7', '--seed', '42'], 'optimizer_updates': 0, 'main_optimizer_updates': 0, 'warmup_updates': 0, 'periodic_eval_interval': 2500, 'discriminator_repeats': 5, 'model_keys': ['model', 'ema'], 'selected_checkpoint': None}, {'stage': 'evaluation', 'entry': 'eval.py', 'original_arguments': ['--dir', 'experiments/spectral_flow/mujoco/test', '--seed', '0'], 'optimizer_updates': 0, 'main_optimizer_updates': 0, 'warmup_updates': 0, 'periodic_eval_interval': 0, 'discriminator_repeats': 5, 'model_keys': ['model', 'ema'], 'selected_checkpoint': None}]","{'path': 'data/public_datasets/flow_matching/spectral_additional_original_assets_v1/raw/mujoco_norm_truth_24_train.npy', 'sha256': '39f95f3650d045591d14f4b2a49c2d425c075d0a31848f4cb9094f62cb9e2e55', 'workspace_path': 'dataset/mujoco_norm_truth_24_train.npy', 'shape': [10000, 24, 14], 'preprocessing': 'released_NPY_unchanged'}",configs/experiments/fm_spectral_table2_original_queue.v1.json,,,
spectral_table2__sdformer_ar__sine__seed42,,sine,,42,configs/models/fm_spectral_table2__sdformer_ar__sine.json,,,,,,,,,,,,experiments/runs/fm_spectral_table2_original_v1/jobs/spectral_table2__sdformer_ar__sine__seed42,F:\aicoding\IIA_Data\experiments\spectral_table2_original_v1\spectral_table2__sdformer_ar__sine__seed42,,no_complete_result,,,sdformer_ar,"[{'stage': 'vq_training', 'entry': 'train_vq.py', 'original_arguments': ['--batch-size', '64', '--width', '512', '--lr', '1e-4', '--total-iter', '100000', '--lr-scheduler', '200000', '--code-dim', '512', '--nb-code', '1024', '--down-t', '2', '--depth', '3', '--dilation-growth-rate', '3', '--out-dir', 'experiments/sdformer_ar/sine', '--dataname', 'sine', '--vq-act', 'relu', '--quantizer', 'ema_reset_sim', '--exp-name', 'VQVAE', '--window-size', '24', '--commit', '0.5', '--gpu', '0', '--seed', '42'], 'optimizer_updates': 100999, 'main_optimizer_updates': 100000, 'warmup_updates': 999, 'periodic_eval_interval': 2000, 'discriminator_repeats': 3, 'model_keys': ['net'], 'selected_checkpoint': 'experiments\\sdformer_ar\\sine\\VQVAE\\net_best_ds.pth'}, {'stage': 'training', 'entry': 'train_sdformer_ar.py', 'original_arguments': ['--exp-name', 'AR', '--batch-size', '1024', '--num-layers', '1', '--embed-dim-gpt', '1024', '--width', '512', '--code-dim', '512', '--nb-code', '1024', '--n-head-gpt', '16', '--block-size', '6', '--ff-rate', '4', '--drop-out-rate', '0.1', '--resume-pth', 'experiments/sdformer_ar/sine/VQVAE/net_best_ds.pth', '--vq-name', 'VQVAE', '--out-dir', 'experiments/sdformer_ar/sine', '--total-iter', '20000', '--lr-scheduler', '150000', '--lr', '0.0008', '--dataname', 'sine', '--down-t', '2', '--depth', '3', '--quantizer', 'ema_reset_sim', '--eval-iter', '2500', '--print-iter', '500', '--pkeep', '0.7', '--dilation-growth-rate', '3', '--vq-act', 'relu', '--window-size', '24', '--gpu', '0', '--seed', '42'], 'optimizer_updates': 20000, 'main_optimizer_updates': 20000, 'warmup_updates': 0, 'periodic_eval_interval': 2500, 'discriminator_repeats': 5, 'model_keys': ['net', 'trans_encoder'], 'selected_checkpoint': 'experiments\\sdformer_ar\\sine\\AR\\net_best_ds.pth'}, {'stage': 'sampling', 'entry': 'train_sdformer_ar.py', 'original_arguments': ['--exp-name', 'AR_test', '--if-test', '--resume-trans', 'experiments/sdformer_ar/sine/AR/net_best_ds.pth', '--batch-size', '1024', '--num-layers', '1', '--embed-dim-gpt', '1024', '--width', '512', '--code-dim', '512', '--nb-code', '1024', '--n-head-gpt', '16', '--block-size', '6', '--ff-rate', '4', '--drop-out-rate', '0.1', '--resume-pth', 'experiments/sdformer_ar/sine/VQVAE/net_best_ds.pth', '--vq-name', 'VQVAE', '--out-dir', 'experiments/sdformer_ar/sine/', '--total-iter', '62500', '--lr-scheduler', '150000', '--lr', '0.0008', '--dataname', 'sine', '--down-t', '2', '--depth', '3', '--quantizer', 'ema_reset_sim', '--eval-iter', '2500', '--print-iter', '500', '--pkeep', '0.7', '--dilation-growth-rate', '3', '--vq-act', 'relu', '--window-size', '24', '--gpu', '0', '--seed', '42'], 'optimizer_updates': 0, 'main_optimizer_updates': 0, 'warmup_updates': 0, 'periodic_eval_interval': 2500, 'discriminator_repeats': 5, 'model_keys': ['net', 'trans_encoder'], 'selected_checkpoint': None}, {'stage': 'evaluation', 'entry': 'eval_sdformer.py', 'original_arguments': ['--dir', 'experiments/sdformer_ar/sine/AR_test', '--seed', '0'], 'optimizer_updates': 0, 'main_optimizer_updates': 0, 'warmup_updates': 0, 'periodic_eval_interval': 0, 'discriminator_repeats': 5, 'model_keys': ['net', 'trans_encoder'], 'selected_checkpoint': None}]","{'path': 'data/public_datasets/flow_matching/spectral_additional_original_assets_v1/raw/sine_ground_truth_24_train.npy', 'sha256': '230b811cded82c76d7365e8531df235ecbadf1ebb6a97b117be69c37c8c09f1e', 'workspace_path': 'dataset/sine_ground_truth_24_train.npy', 'shape': [10000, 24, 5], 'preprocessing': 'released_NPY_unchanged'}",configs/experiments/fm_spectral_table2_original_queue.v1.json,,,
spectral_table2__sdformer_ar__sine__seed1103,,sine,,1103,configs/models/fm_spectral_table2__sdformer_ar__sine.json,,,,,,,,,,,,experiments/runs/fm_spectral_table2_original_v1/jobs/spectral_table2__sdformer_ar__sine__seed1103,F:\aicoding\IIA_Data\experiments\spectral_table2_original_v1\spectral_table2__sdformer_ar__sine__seed1103,,no_complete_result,,,sdformer_ar,"[{'stage': 'vq_training', 'entry': 'train_vq.py', 'original_arguments': ['--batch-size', '64', '--width', '512', '--lr', '1e-4', '--total-iter', '100000', '--lr-scheduler', '200000', '--code-dim', '512', '--nb-code', '1024', '--down-t', '2', '--depth', '3', '--dilation-growth-rate', '3', '--out-dir', 'experiments/sdformer_ar/sine', '--dataname', 'sine', '--vq-act', 'relu', '--quantizer', 'ema_reset_sim', '--exp-name', 'VQVAE', '--window-size', '24', '--commit', '0.5', '--gpu', '0', '--seed', '42'], 'optimizer_updates': 100999, 'main_optimizer_updates': 100000, 'warmup_updates': 999, 'periodic_eval_interval': 2000, 'discriminator_repeats': 3, 'model_keys': ['net'], 'selected_checkpoint': 'experiments\\sdformer_ar\\sine\\VQVAE\\net_best_ds.pth'}, {'stage': 'training', 'entry': 'train_sdformer_ar.py', 'original_arguments': ['--exp-name', 'AR', '--batch-size', '1024', '--num-layers', '1', '--embed-dim-gpt', '1024', '--width', '512', '--code-dim', '512', '--nb-code', '1024', '--n-head-gpt', '16', '--block-size', '6', '--ff-rate', '4', '--drop-out-rate', '0.1', '--resume-pth', 'experiments/sdformer_ar/sine/VQVAE/net_best_ds.pth', '--vq-name', 'VQVAE', '--out-dir', 'experiments/sdformer_ar/sine', '--total-iter', '20000', '--lr-scheduler', '150000', '--lr', '0.0008', '--dataname', 'sine', '--down-t', '2', '--depth', '3', '--quantizer', 'ema_reset_sim', '--eval-iter', '2500', '--print-iter', '500', '--pkeep', '0.7', '--dilation-growth-rate', '3', '--vq-act', 'relu', '--window-size', '24', '--gpu', '0', '--seed', '42'], 'optimizer_updates': 20000, 'main_optimizer_updates': 20000, 'warmup_updates': 0, 'periodic_eval_interval': 2500, 'discriminator_repeats': 5, 'model_keys': ['net', 'trans_encoder'], 'selected_checkpoint': 'experiments\\sdformer_ar\\sine\\AR\\net_best_ds.pth'}, {'stage': 'sampling', 'entry': 'train_sdformer_ar.py', 'original_arguments': ['--exp-name', 'AR_test', '--if-test', '--resume-trans', 'experiments/sdformer_ar/sine/AR/net_best_ds.pth', '--batch-size', '1024', '--num-layers', '1', '--embed-dim-gpt', '1024', '--width', '512', '--code-dim', '512', '--nb-code', '1024', '--n-head-gpt', '16', '--block-size', '6', '--ff-rate', '4', '--drop-out-rate', '0.1', '--resume-pth', 'experiments/sdformer_ar/sine/VQVAE/net_best_ds.pth', '--vq-name', 'VQVAE', '--out-dir', 'experiments/sdformer_ar/sine/', '--total-iter', '62500', '--lr-scheduler', '150000', '--lr', '0.0008', '--dataname', 'sine', '--down-t', '2', '--depth', '3', '--quantizer', 'ema_reset_sim', '--eval-iter', '2500', '--print-iter', '500', '--pkeep', '0.7', '--dilation-growth-rate', '3', '--vq-act', 'relu', '--window-size', '24', '--gpu', '0', '--seed', '42'], 'optimizer_updates': 0, 'main_optimizer_updates': 0, 'warmup_updates': 0, 'periodic_eval_interval': 2500, 'discriminator_repeats': 5, 'model_keys': ['net', 'trans_encoder'], 'selected_checkpoint': None}, {'stage': 'evaluation', 'entry': 'eval_sdformer.py', 'original_arguments': ['--dir', 'experiments/sdformer_ar/sine/AR_test', '--seed', '0'], 'optimizer_updates': 0, 'main_optimizer_updates': 0, 'warmup_updates': 0, 'periodic_eval_interval': 0, 'discriminator_repeats': 5, 'model_keys': ['net', 'trans_encoder'], 'selected_checkpoint': None}]","{'path': 'data/public_datasets/flow_matching/spectral_additional_original_assets_v1/raw/sine_ground_truth_24_train.npy', 'sha256': '230b811cded82c76d7365e8531df235ecbadf1ebb6a97b117be69c37c8c09f1e', 'workspace_path': 'dataset/sine_ground_truth_24_train.npy', 'shape': [10000, 24, 5], 'preprocessing': 'released_NPY_unchanged'}",configs/experiments/fm_spectral_table2_original_queue.v1.json,,,
spectral_table2__sdformer_ar__sine__seed1104,,sine,,1104,configs/models/fm_spectral_table2__sdformer_ar__sine.json,,,,,,,,,,,,experiments/runs/fm_spectral_table2_original_v1/jobs/spectral_table2__sdformer_ar__sine__seed1104,F:\aicoding\IIA_Data\experiments\spectral_table2_original_v1\spectral_table2__sdformer_ar__sine__seed1104,,no_complete_result,,,sdformer_ar,"[{'stage': 'vq_training', 'entry': 'train_vq.py', 'original_arguments': ['--batch-size', '64', '--width', '512', '--lr', '1e-4', '--total-iter', '100000', '--lr-scheduler', '200000', '--code-dim', '512', '--nb-code', '1024', '--down-t', '2', '--depth', '3', '--dilation-growth-rate', '3', '--out-dir', 'experiments/sdformer_ar/sine', '--dataname', 'sine', '--vq-act', 'relu', '--quantizer', 'ema_reset_sim', '--exp-name', 'VQVAE', '--window-size', '24', '--commit', '0.5', '--gpu', '0', '--seed', '42'], 'optimizer_updates': 100999, 'main_optimizer_updates': 100000, 'warmup_updates': 999, 'periodic_eval_interval': 2000, 'discriminator_repeats': 3, 'model_keys': ['net'], 'selected_checkpoint': 'experiments\\sdformer_ar\\sine\\VQVAE\\net_best_ds.pth'}, {'stage': 'training', 'entry': 'train_sdformer_ar.py', 'original_arguments': ['--exp-name', 'AR', '--batch-size', '1024', '--num-layers', '1', '--embed-dim-gpt', '1024', '--width', '512', '--code-dim', '512', '--nb-code', '1024', '--n-head-gpt', '16', '--block-size', '6', '--ff-rate', '4', '--drop-out-rate', '0.1', '--resume-pth', 'experiments/sdformer_ar/sine/VQVAE/net_best_ds.pth', '--vq-name', 'VQVAE', '--out-dir', 'experiments/sdformer_ar/sine', '--total-iter', '20000', '--lr-scheduler', '150000', '--lr', '0.0008', '--dataname', 'sine', '--down-t', '2', '--depth', '3', '--quantizer', 'ema_reset_sim', '--eval-iter', '2500', '--print-iter', '500', '--pkeep', '0.7', '--dilation-growth-rate', '3', '--vq-act', 'relu', '--window-size', '24', '--gpu', '0', '--seed', '42'], 'optimizer_updates': 20000, 'main_optimizer_updates': 20000, 'warmup_updates': 0, 'periodic_eval_interval': 2500, 'discriminator_repeats': 5, 'model_keys': ['net', 'trans_encoder'], 'selected_checkpoint': 'experiments\\sdformer_ar\\sine\\AR\\net_best_ds.pth'}, {'stage': 'sampling', 'entry': 'train_sdformer_ar.py', 'original_arguments': ['--exp-name', 'AR_test', '--if-test', '--resume-trans', 'experiments/sdformer_ar/sine/AR/net_best_ds.pth', '--batch-size', '1024', '--num-layers', '1', '--embed-dim-gpt', '1024', '--width', '512', '--code-dim', '512', '--nb-code', '1024', '--n-head-gpt', '16', '--block-size', '6', '--ff-rate', '4', '--drop-out-rate', '0.1', '--resume-pth', 'experiments/sdformer_ar/sine/VQVAE/net_best_ds.pth', '--vq-name', 'VQVAE', '--out-dir', 'experiments/sdformer_ar/sine/', '--total-iter', '62500', '--lr-scheduler', '150000', '--lr', '0.0008', '--dataname', 'sine', '--down-t', '2', '--depth', '3', '--quantizer', 'ema_reset_sim', '--eval-iter', '2500', '--print-iter', '500', '--pkeep', '0.7', '--dilation-growth-rate', '3', '--vq-act', 'relu', '--window-size', '24', '--gpu', '0', '--seed', '42'], 'optimizer_updates': 0, 'main_optimizer_updates': 0, 'warmup_updates': 0, 'periodic_eval_interval': 2500, 'discriminator_repeats': 5, 'model_keys': ['net', 'trans_encoder'], 'selected_checkpoint': None}, {'stage': 'evaluation', 'entry': 'eval_sdformer.py', 'original_arguments': ['--dir', 'experiments/sdformer_ar/sine/AR_test', '--seed', '0'], 'optimizer_updates': 0, 'main_optimizer_updates': 0, 'warmup_updates': 0, 'periodic_eval_interval': 0, 'discriminator_repeats': 5, 'model_keys': ['net', 'trans_encoder'], 'selected_checkpoint': None}]","{'path': 'data/public_datasets/flow_matching/spectral_additional_original_assets_v1/raw/sine_ground_truth_24_train.npy', 'sha256': '230b811cded82c76d7365e8531df235ecbadf1ebb6a97b117be69c37c8c09f1e', 'workspace_path': 'dataset/sine_ground_truth_24_train.npy', 'shape': [10000, 24, 5], 'preprocessing': 'released_NPY_unchanged'}",configs/experiments/fm_spectral_table2_original_queue.v1.json,,,
spectral_table2__sdformer_ar__sine__seed1105,,sine,,1105,configs/models/fm_spectral_table2__sdformer_ar__sine.json,,,,,,,,,,,,experiments/runs/fm_spectral_table2_original_v1/jobs/spectral_table2__sdformer_ar__sine__seed1105,F:\aicoding\IIA_Data\experiments\spectral_table2_original_v1\spectral_table2__sdformer_ar__sine__seed1105,,no_complete_result,,,sdformer_ar,"[{'stage': 'vq_training', 'entry': 'train_vq.py', 'original_arguments': ['--batch-size', '64', '--width', '512', '--lr', '1e-4', '--total-iter', '100000', '--lr-scheduler', '200000', '--code-dim', '512', '--nb-code', '1024', '--down-t', '2', '--depth', '3', '--dilation-growth-rate', '3', '--out-dir', 'experiments/sdformer_ar/sine', '--dataname', 'sine', '--vq-act', 'relu', '--quantizer', 'ema_reset_sim', '--exp-name', 'VQVAE', '--window-size', '24', '--commit', '0.5', '--gpu', '0', '--seed', '42'], 'optimizer_updates': 100999, 'main_optimizer_updates': 100000, 'warmup_updates': 999, 'periodic_eval_interval': 2000, 'discriminator_repeats': 3, 'model_keys': ['net'], 'selected_checkpoint': 'experiments\\sdformer_ar\\sine\\VQVAE\\net_best_ds.pth'}, {'stage': 'training', 'entry': 'train_sdformer_ar.py', 'original_arguments': ['--exp-name', 'AR', '--batch-size', '1024', '--num-layers', '1', '--embed-dim-gpt', '1024', '--width', '512', '--code-dim', '512', '--nb-code', '1024', '--n-head-gpt', '16', '--block-size', '6', '--ff-rate', '4', '--drop-out-rate', '0.1', '--resume-pth', 'experiments/sdformer_ar/sine/VQVAE/net_best_ds.pth', '--vq-name', 'VQVAE', '--out-dir', 'experiments/sdformer_ar/sine', '--total-iter', '20000', '--lr-scheduler', '150000', '--lr', '0.0008', '--dataname', 'sine', '--down-t', '2', '--depth', '3', '--quantizer', 'ema_reset_sim', '--eval-iter', '2500', '--print-iter', '500', '--pkeep', '0.7', '--dilation-growth-rate', '3', '--vq-act', 'relu', '--window-size', '24', '--gpu', '0', '--seed', '42'], 'optimizer_updates': 20000, 'main_optimizer_updates': 20000, 'warmup_updates': 0, 'periodic_eval_interval': 2500, 'discriminator_repeats': 5, 'model_keys': ['net', 'trans_encoder'], 'selected_checkpoint': 'experiments\\sdformer_ar\\sine\\AR\\net_best_ds.pth'}, {'stage': 'sampling', 'entry': 'train_sdformer_ar.py', 'original_arguments': ['--exp-name', 'AR_test', '--if-test', '--resume-trans', 'experiments/sdformer_ar/sine/AR/net_best_ds.pth', '--batch-size', '1024', '--num-layers', '1', '--embed-dim-gpt', '1024', '--width', '512', '--code-dim', '512', '--nb-code', '1024', '--n-head-gpt', '16', '--block-size', '6', '--ff-rate', '4', '--drop-out-rate', '0.1', '--resume-pth', 'experiments/sdformer_ar/sine/VQVAE/net_best_ds.pth', '--vq-name', 'VQVAE', '--out-dir', 'experiments/sdformer_ar/sine/', '--total-iter', '62500', '--lr-scheduler', '150000', '--lr', '0.0008', '--dataname', 'sine', '--down-t', '2', '--depth', '3', '--quantizer', 'ema_reset_sim', '--eval-iter', '2500', '--print-iter', '500', '--pkeep', '0.7', '--dilation-growth-rate', '3', '--vq-act', 'relu', '--window-size', '24', '--gpu', '0', '--seed', '42'], 'optimizer_updates': 0, 'main_optimizer_updates': 0, 'warmup_updates': 0, 'periodic_eval_interval': 2500, 'discriminator_repeats': 5, 'model_keys': ['net', 'trans_encoder'], 'selected_checkpoint': None}, {'stage': 'evaluation', 'entry': 'eval_sdformer.py', 'original_arguments': ['--dir', 'experiments/sdformer_ar/sine/AR_test', '--seed', '0'], 'optimizer_updates': 0, 'main_optimizer_updates': 0, 'warmup_updates': 0, 'periodic_eval_interval': 0, 'discriminator_repeats': 5, 'model_keys': ['net', 'trans_encoder'], 'selected_checkpoint': None}]","{'path': 'data/public_datasets/flow_matching/spectral_additional_original_assets_v1/raw/sine_ground_truth_24_train.npy', 'sha256': '230b811cded82c76d7365e8531df235ecbadf1ebb6a97b117be69c37c8c09f1e', 'workspace_path': 'dataset/sine_ground_truth_24_train.npy', 'shape': [10000, 24, 5], 'preprocessing': 'released_NPY_unchanged'}",configs/experiments/fm_spectral_table2_original_queue.v1.json,,,
spectral_table2__sdformer_ar__sine__seed1106,,sine,,1106,configs/models/fm_spectral_table2__sdformer_ar__sine.json,,,,,,,,,,,,experiments/runs/fm_spectral_table2_original_v1/jobs/spectral_table2__sdformer_ar__sine__seed1106,F:\aicoding\IIA_Data\experiments\spectral_table2_original_v1\spectral_table2__sdformer_ar__sine__seed1106,,no_complete_result,,,sdformer_ar,"[{'stage': 'vq_training', 'entry': 'train_vq.py', 'original_arguments': ['--batch-size', '64', '--width', '512', '--lr', '1e-4', '--total-iter', '100000', '--lr-scheduler', '200000', '--code-dim', '512', '--nb-code', '1024', '--down-t', '2', '--depth', '3', '--dilation-growth-rate', '3', '--out-dir', 'experiments/sdformer_ar/sine', '--dataname', 'sine', '--vq-act', 'relu', '--quantizer', 'ema_reset_sim', '--exp-name', 'VQVAE', '--window-size', '24', '--commit', '0.5', '--gpu', '0', '--seed', '42'], 'optimizer_updates': 100999, 'main_optimizer_updates': 100000, 'warmup_updates': 999, 'periodic_eval_interval': 2000, 'discriminator_repeats': 3, 'model_keys': ['net'], 'selected_checkpoint': 'experiments\\sdformer_ar\\sine\\VQVAE\\net_best_ds.pth'}, {'stage': 'training', 'entry': 'train_sdformer_ar.py', 'original_arguments': ['--exp-name', 'AR', '--batch-size', '1024', '--num-layers', '1', '--embed-dim-gpt', '1024', '--width', '512', '--code-dim', '512', '--nb-code', '1024', '--n-head-gpt', '16', '--block-size', '6', '--ff-rate', '4', '--drop-out-rate', '0.1', '--resume-pth', 'experiments/sdformer_ar/sine/VQVAE/net_best_ds.pth', '--vq-name', 'VQVAE', '--out-dir', 'experiments/sdformer_ar/sine', '--total-iter', '20000', '--lr-scheduler', '150000', '--lr', '0.0008', '--dataname', 'sine', '--down-t', '2', '--depth', '3', '--quantizer', 'ema_reset_sim', '--eval-iter', '2500', '--print-iter', '500', '--pkeep', '0.7', '--dilation-growth-rate', '3', '--vq-act', 'relu', '--window-size', '24', '--gpu', '0', '--seed', '42'], 'optimizer_updates': 20000, 'main_optimizer_updates': 20000, 'warmup_updates': 0, 'periodic_eval_interval': 2500, 'discriminator_repeats': 5, 'model_keys': ['net', 'trans_encoder'], 'selected_checkpoint': 'experiments\\sdformer_ar\\sine\\AR\\net_best_ds.pth'}, {'stage': 'sampling', 'entry': 'train_sdformer_ar.py', 'original_arguments': ['--exp-name', 'AR_test', '--if-test', '--resume-trans', 'experiments/sdformer_ar/sine/AR/net_best_ds.pth', '--batch-size', '1024', '--num-layers', '1', '--embed-dim-gpt', '1024', '--width', '512', '--code-dim', '512', '--nb-code', '1024', '--n-head-gpt', '16', '--block-size', '6', '--ff-rate', '4', '--drop-out-rate', '0.1', '--resume-pth', 'experiments/sdformer_ar/sine/VQVAE/net_best_ds.pth', '--vq-name', 'VQVAE', '--out-dir', 'experiments/sdformer_ar/sine/', '--total-iter', '62500', '--lr-scheduler', '150000', '--lr', '0.0008', '--dataname', 'sine', '--down-t', '2', '--depth', '3', '--quantizer', 'ema_reset_sim', '--eval-iter', '2500', '--print-iter', '500', '--pkeep', '0.7', '--dilation-growth-rate', '3', '--vq-act', 'relu', '--window-size', '24', '--gpu', '0', '--seed', '42'], 'optimizer_updates': 0, 'main_optimizer_updates': 0, 'warmup_updates': 0, 'periodic_eval_interval': 2500, 'discriminator_repeats': 5, 'model_keys': ['net', 'trans_encoder'], 'selected_checkpoint': None}, {'stage': 'evaluation', 'entry': 'eval_sdformer.py', 'original_arguments': ['--dir', 'experiments/sdformer_ar/sine/AR_test', '--seed', '0'], 'optimizer_updates': 0, 'main_optimizer_updates': 0, 'warmup_updates': 0, 'periodic_eval_interval': 0, 'discriminator_repeats': 5, 'model_keys': ['net', 'trans_encoder'], 'selected_checkpoint': None}]","{'path': 'data/public_datasets/flow_matching/spectral_additional_original_assets_v1/raw/sine_ground_truth_24_train.npy', 'sha256': '230b811cded82c76d7365e8531df235ecbadf1ebb6a97b117be69c37c8c09f1e', 'workspace_path': 'dataset/sine_ground_truth_24_train.npy', 'shape': [10000, 24, 5], 'preprocessing': 'released_NPY_unchanged'}",configs/experiments/fm_spectral_table2_original_queue.v1.json,,,
spectral_table2__sdformer_ar__stock__seed42,,stock,,42,configs/models/fm_spectral_table2__sdformer_ar__stock.json,,,,,,,,,,,,experiments/runs/fm_spectral_table2_original_v1/jobs/spectral_table2__sdformer_ar__stock__seed42,F:\aicoding\IIA_Data\experiments\spectral_table2_original_v1\spectral_table2__sdformer_ar__stock__seed42,,no_complete_result,,,sdformer_ar,"[{'stage': 'vq_training', 'entry': 'train_vq.py', 'original_arguments': ['--batch-size', '64', '--width', '512', '--lr', '1e-4', '--total-iter', '100000', '--lr-scheduler', '200000', '--code-dim', '256', '--nb-code', '512', '--down-t', '2', '--depth', '3', '--dilation-growth-rate', '3', '--out-dir', 'experiments/sdformer_ar/stock', '--dataname', 'stock', '--vq-act', 'relu', '--quantizer', 'ema_reset_sim', '--exp-name', 'VQVAE', '--window-size', '24', '--commit', '2.0', '--gpu', '1', '--seed', '42'], 'optimizer_updates': 100999, 'main_optimizer_updates': 100000, 'warmup_updates': 999, 'periodic_eval_interval': 2000, 'discriminator_repeats': 3, 'model_keys': ['net'], 'selected_checkpoint': 'experiments\\sdformer_ar\\stock\\VQVAE\\net_best_ds.pth'}, {'stage': 'training', 'entry': 'train_sdformer_ar.py', 'original_arguments': ['--exp-name', 'AR', '--batch-size', '1024', '--num-layers', '1', '--embed-dim-gpt', '1024', '--width', '512', '--code-dim', '256', '--nb-code', '512', '--n-head-gpt', '16', '--block-size', '6', '--ff-rate', '4', '--drop-out-rate', '0.1', '--resume-pth', 'experiments/sdformer_ar/stock/VQVAE/net_best_ds.pth', '--vq-name', 'VQVAE', '--out-dir', 'experiments/sdformer_ar/stock/', '--total-iter', '20000', '--lr-scheduler', '150000', '--lr', '0.0008', '--dataname', 'stock', '--down-t', '2', '--depth', '3', '--quantizer', 'ema_reset_sim', '--eval-iter', '2500', '--print-iter', '500', '--pkeep', '0.7', '--dilation-growth-rate', '3', '--vq-act', 'relu', '--window-size', '24', '--gpu', '1', '--seed', '42'], 'optimizer_updates': 20000, 'main_optimizer_updates': 20000, 'warmup_updates': 0, 'periodic_eval_interval': 2500, 'discriminator_repeats': 5, 'model_keys': ['net', 'trans_encoder'], 'selected_checkpoint': 'experiments\\sdformer_ar\\stock\\AR\\net_best_ds.pth'}, {'stage': 'sampling', 'entry': 'train_sdformer_ar.py', 'original_arguments': ['--exp-name', 'AR_test', '--if-test', '--resume-trans', 'experiments/sdformer_ar/stock/AR/net_best_ds.pth', '--batch-size', '1024', '--num-layers', '1', '--embed-dim-gpt', '1024', '--width', '512', '--code-dim', '256', '--nb-code', '512', '--n-head-gpt', '16', '--block-size', '6', '--ff-rate', '4', '--drop-out-rate', '0.1', '--resume-pth', 'experiments/sdformer_ar/stock/VQVAE/net_best_ds.pth', '--vq-name', 'VQVAE', '--out-dir', 'experiments/sdformer_ar/stock/', '--total-iter', '20000', '--lr-scheduler', '150000', '--lr', '0.0008', '--dataname', 'stock', '--down-t', '2', '--depth', '3', '--quantizer', 'ema_reset_sim', '--eval-iter', '2500', '--print-iter', '500', '--pkeep', '0.7', '--dilation-growth-rate', '3', '--vq-act', 'relu', '--window-size', '24', '--gpu', '1', '--seed', '42'], 'optimizer_updates': 0, 'main_optimizer_updates': 0, 'warmup_updates': 0, 'periodic_eval_interval': 2500, 'discriminator_repeats': 5, 'model_keys': ['net', 'trans_encoder'], 'selected_checkpoint': None}, {'stage': 'evaluation', 'entry': 'eval_sdformer.py', 'original_arguments': ['--dir', 'experiments/sdformer_ar/stock/AR_test', '--seed', '0'], 'optimizer_updates': 0, 'main_optimizer_updates': 0, 'warmup_updates': 0, 'periodic_eval_interval': 0, 'discriminator_repeats': 5, 'model_keys': ['net', 'trans_encoder'], 'selected_checkpoint': None}]","{'path': 'data/public_datasets/flow_matching/spectral_additional_original_assets_v1/raw/stock_data.csv', 'sha256': '134b8a00eb4eefa3242dd7ae85144082da80dedf75a1a656d5d08f97cd95277a', 'workspace_path': 'dataset/stock_data.csv', 'shape': [3662, 24, 6], 'preprocessing': 'author_TSDataset_full_series_feature_minmax_no_epsilon_stride1'}",configs/experiments/fm_spectral_table2_original_queue.v1.json,,,
spectral_table2__sdformer_ar__stock__seed1103,,stock,,1103,configs/models/fm_spectral_table2__sdformer_ar__stock.json,,,,,,,,,,,,experiments/runs/fm_spectral_table2_original_v1/jobs/spectral_table2__sdformer_ar__stock__seed1103,F:\aicoding\IIA_Data\experiments\spectral_table2_original_v1\spectral_table2__sdformer_ar__stock__seed1103,,no_complete_result,,,sdformer_ar,"[{'stage': 'vq_training', 'entry': 'train_vq.py', 'original_arguments': ['--batch-size', '64', '--width', '512', '--lr', '1e-4', '--total-iter', '100000', '--lr-scheduler', '200000', '--code-dim', '256', '--nb-code', '512', '--down-t', '2', '--depth', '3', '--dilation-growth-rate', '3', '--out-dir', 'experiments/sdformer_ar/stock', '--dataname', 'stock', '--vq-act', 'relu', '--quantizer', 'ema_reset_sim', '--exp-name', 'VQVAE', '--window-size', '24', '--commit', '2.0', '--gpu', '1', '--seed', '42'], 'optimizer_updates': 100999, 'main_optimizer_updates': 100000, 'warmup_updates': 999, 'periodic_eval_interval': 2000, 'discriminator_repeats': 3, 'model_keys': ['net'], 'selected_checkpoint': 'experiments\\sdformer_ar\\stock\\VQVAE\\net_best_ds.pth'}, {'stage': 'training', 'entry': 'train_sdformer_ar.py', 'original_arguments': ['--exp-name', 'AR', '--batch-size', '1024', '--num-layers', '1', '--embed-dim-gpt', '1024', '--width', '512', '--code-dim', '256', '--nb-code', '512', '--n-head-gpt', '16', '--block-size', '6', '--ff-rate', '4', '--drop-out-rate', '0.1', '--resume-pth', 'experiments/sdformer_ar/stock/VQVAE/net_best_ds.pth', '--vq-name', 'VQVAE', '--out-dir', 'experiments/sdformer_ar/stock/', '--total-iter', '20000', '--lr-scheduler', '150000', '--lr', '0.0008', '--dataname', 'stock', '--down-t', '2', '--depth', '3', '--quantizer', 'ema_reset_sim', '--eval-iter', '2500', '--print-iter', '500', '--pkeep', '0.7', '--dilation-growth-rate', '3', '--vq-act', 'relu', '--window-size', '24', '--gpu', '1', '--seed', '42'], 'optimizer_updates': 20000, 'main_optimizer_updates': 20000, 'warmup_updates': 0, 'periodic_eval_interval': 2500, 'discriminator_repeats': 5, 'model_keys': ['net', 'trans_encoder'], 'selected_checkpoint': 'experiments\\sdformer_ar\\stock\\AR\\net_best_ds.pth'}, {'stage': 'sampling', 'entry': 'train_sdformer_ar.py', 'original_arguments': ['--exp-name', 'AR_test', '--if-test', '--resume-trans', 'experiments/sdformer_ar/stock/AR/net_best_ds.pth', '--batch-size', '1024', '--num-layers', '1', '--embed-dim-gpt', '1024', '--width', '512', '--code-dim', '256', '--nb-code', '512', '--n-head-gpt', '16', '--block-size', '6', '--ff-rate', '4', '--drop-out-rate', '0.1', '--resume-pth', 'experiments/sdformer_ar/stock/VQVAE/net_best_ds.pth', '--vq-name', 'VQVAE', '--out-dir', 'experiments/sdformer_ar/stock/', '--total-iter', '20000', '--lr-scheduler', '150000', '--lr', '0.0008', '--dataname', 'stock', '--down-t', '2', '--depth', '3', '--quantizer', 'ema_reset_sim', '--eval-iter', '2500', '--print-iter', '500', '--pkeep', '0.7', '--dilation-growth-rate', '3', '--vq-act', 'relu', '--window-size', '24', '--gpu', '1', '--seed', '42'], 'optimizer_updates': 0, 'main_optimizer_updates': 0, 'warmup_updates': 0, 'periodic_eval_interval': 2500, 'discriminator_repeats': 5, 'model_keys': ['net', 'trans_encoder'], 'selected_checkpoint': None}, {'stage': 'evaluation', 'entry': 'eval_sdformer.py', 'original_arguments': ['--dir', 'experiments/sdformer_ar/stock/AR_test', '--seed', '0'], 'optimizer_updates': 0, 'main_optimizer_updates': 0, 'warmup_updates': 0, 'periodic_eval_interval': 0, 'discriminator_repeats': 5, 'model_keys': ['net', 'trans_encoder'], 'selected_checkpoint': None}]","{'path': 'data/public_datasets/flow_matching/spectral_additional_original_assets_v1/raw/stock_data.csv', 'sha256': '134b8a00eb4eefa3242dd7ae85144082da80dedf75a1a656d5d08f97cd95277a', 'workspace_path': 'dataset/stock_data.csv', 'shape': [3662, 24, 6], 'preprocessing': 'author_TSDataset_full_series_feature_minmax_no_epsilon_stride1'}",configs/experiments/fm_spectral_table2_original_queue.v1.json,,,
spectral_table2__sdformer_ar__stock__seed1104,,stock,,1104,configs/models/fm_spectral_table2__sdformer_ar__stock.json,,,,,,,,,,,,experiments/runs/fm_spectral_table2_original_v1/jobs/spectral_table2__sdformer_ar__stock__seed1104,F:\aicoding\IIA_Data\experiments\spectral_table2_original_v1\spectral_table2__sdformer_ar__stock__seed1104,,no_complete_result,,,sdformer_ar,"[{'stage': 'vq_training', 'entry': 'train_vq.py', 'original_arguments': ['--batch-size', '64', '--width', '512', '--lr', '1e-4', '--total-iter', '100000', '--lr-scheduler', '200000', '--code-dim', '256', '--nb-code', '512', '--down-t', '2', '--depth', '3', '--dilation-growth-rate', '3', '--out-dir', 'experiments/sdformer_ar/stock', '--dataname', 'stock', '--vq-act', 'relu', '--quantizer', 'ema_reset_sim', '--exp-name', 'VQVAE', '--window-size', '24', '--commit', '2.0', '--gpu', '1', '--seed', '42'], 'optimizer_updates': 100999, 'main_optimizer_updates': 100000, 'warmup_updates': 999, 'periodic_eval_interval': 2000, 'discriminator_repeats': 3, 'model_keys': ['net'], 'selected_checkpoint': 'experiments\\sdformer_ar\\stock\\VQVAE\\net_best_ds.pth'}, {'stage': 'training', 'entry': 'train_sdformer_ar.py', 'original_arguments': ['--exp-name', 'AR', '--batch-size', '1024', '--num-layers', '1', '--embed-dim-gpt', '1024', '--width', '512', '--code-dim', '256', '--nb-code', '512', '--n-head-gpt', '16', '--block-size', '6', '--ff-rate', '4', '--drop-out-rate', '0.1', '--resume-pth', 'experiments/sdformer_ar/stock/VQVAE/net_best_ds.pth', '--vq-name', 'VQVAE', '--out-dir', 'experiments/sdformer_ar/stock/', '--total-iter', '20000', '--lr-scheduler', '150000', '--lr', '0.0008', '--dataname', 'stock', '--down-t', '2', '--depth', '3', '--quantizer', 'ema_reset_sim', '--eval-iter', '2500', '--print-iter', '500', '--pkeep', '0.7', '--dilation-growth-rate', '3', '--vq-act', 'relu', '--window-size', '24', '--gpu', '1', '--seed', '42'], 'optimizer_updates': 20000, 'main_optimizer_updates': 20000, 'warmup_updates': 0, 'periodic_eval_interval': 2500, 'discriminator_repeats': 5, 'model_keys': ['net', 'trans_encoder'], 'selected_checkpoint': 'experiments\\sdformer_ar\\stock\\AR\\net_best_ds.pth'}, {'stage': 'sampling', 'entry': 'train_sdformer_ar.py', 'original_arguments': ['--exp-name', 'AR_test', '--if-test', '--resume-trans', 'experiments/sdformer_ar/stock/AR/net_best_ds.pth', '--batch-size', '1024', '--num-layers', '1', '--embed-dim-gpt', '1024', '--width', '512', '--code-dim', '256', '--nb-code', '512', '--n-head-gpt', '16', '--block-size', '6', '--ff-rate', '4', '--drop-out-rate', '0.1', '--resume-pth', 'experiments/sdformer_ar/stock/VQVAE/net_best_ds.pth', '--vq-name', 'VQVAE', '--out-dir', 'experiments/sdformer_ar/stock/', '--total-iter', '20000', '--lr-scheduler', '150000', '--lr', '0.0008', '--dataname', 'stock', '--down-t', '2', '--depth', '3', '--quantizer', 'ema_reset_sim', '--eval-iter', '2500', '--print-iter', '500', '--pkeep', '0.7', '--dilation-growth-rate', '3', '--vq-act', 'relu', '--window-size', '24', '--gpu', '1', '--seed', '42'], 'optimizer_updates': 0, 'main_optimizer_updates': 0, 'warmup_updates': 0, 'periodic_eval_interval': 2500, 'discriminator_repeats': 5, 'model_keys': ['net', 'trans_encoder'], 'selected_checkpoint': None}, {'stage': 'evaluation', 'entry': 'eval_sdformer.py', 'original_arguments': ['--dir', 'experiments/sdformer_ar/stock/AR_test', '--seed', '0'], 'optimizer_updates': 0, 'main_optimizer_updates': 0, 'warmup_updates': 0, 'periodic_eval_interval': 0, 'discriminator_repeats': 5, 'model_keys': ['net', 'trans_encoder'], 'selected_checkpoint': None}]","{'path': 'data/public_datasets/flow_matching/spectral_additional_original_assets_v1/raw/stock_data.csv', 'sha256': '134b8a00eb4eefa3242dd7ae85144082da80dedf75a1a656d5d08f97cd95277a', 'workspace_path': 'dataset/stock_data.csv', 'shape': [3662, 24, 6], 'preprocessing': 'author_TSDataset_full_series_feature_minmax_no_epsilon_stride1'}",configs/experiments/fm_spectral_table2_original_queue.v1.json,,,
spectral_table2__sdformer_ar__stock__seed1105,,stock,,1105,configs/models/fm_spectral_table2__sdformer_ar__stock.json,,,,,,,,,,,,experiments/runs/fm_spectral_table2_original_v1/jobs/spectral_table2__sdformer_ar__stock__seed1105,F:\aicoding\IIA_Data\experiments\spectral_table2_original_v1\spectral_table2__sdformer_ar__stock__seed1105,,no_complete_result,,,sdformer_ar,"[{'stage': 'vq_training', 'entry': 'train_vq.py', 'original_arguments': ['--batch-size', '64', '--width', '512', '--lr', '1e-4', '--total-iter', '100000', '--lr-scheduler', '200000', '--code-dim', '256', '--nb-code', '512', '--down-t', '2', '--depth', '3', '--dilation-growth-rate', '3', '--out-dir', 'experiments/sdformer_ar/stock', '--dataname', 'stock', '--vq-act', 'relu', '--quantizer', 'ema_reset_sim', '--exp-name', 'VQVAE', '--window-size', '24', '--commit', '2.0', '--gpu', '1', '--seed', '42'], 'optimizer_updates': 100999, 'main_optimizer_updates': 100000, 'warmup_updates': 999, 'periodic_eval_interval': 2000, 'discriminator_repeats': 3, 'model_keys': ['net'], 'selected_checkpoint': 'experiments\\sdformer_ar\\stock\\VQVAE\\net_best_ds.pth'}, {'stage': 'training', 'entry': 'train_sdformer_ar.py', 'original_arguments': ['--exp-name', 'AR', '--batch-size', '1024', '--num-layers', '1', '--embed-dim-gpt', '1024', '--width', '512', '--code-dim', '256', '--nb-code', '512', '--n-head-gpt', '16', '--block-size', '6', '--ff-rate', '4', '--drop-out-rate', '0.1', '--resume-pth', 'experiments/sdformer_ar/stock/VQVAE/net_best_ds.pth', '--vq-name', 'VQVAE', '--out-dir', 'experiments/sdformer_ar/stock/', '--total-iter', '20000', '--lr-scheduler', '150000', '--lr', '0.0008', '--dataname', 'stock', '--down-t', '2', '--depth', '3', '--quantizer', 'ema_reset_sim', '--eval-iter', '2500', '--print-iter', '500', '--pkeep', '0.7', '--dilation-growth-rate', '3', '--vq-act', 'relu', '--window-size', '24', '--gpu', '1', '--seed', '42'], 'optimizer_updates': 20000, 'main_optimizer_updates': 20000, 'warmup_updates': 0, 'periodic_eval_interval': 2500, 'discriminator_repeats': 5, 'model_keys': ['net', 'trans_encoder'], 'selected_checkpoint': 'experiments\\sdformer_ar\\stock\\AR\\net_best_ds.pth'}, {'stage': 'sampling', 'entry': 'train_sdformer_ar.py', 'original_arguments': ['--exp-name', 'AR_test', '--if-test', '--resume-trans', 'experiments/sdformer_ar/stock/AR/net_best_ds.pth', '--batch-size', '1024', '--num-layers', '1', '--embed-dim-gpt', '1024', '--width', '512', '--code-dim', '256', '--nb-code', '512', '--n-head-gpt', '16', '--block-size', '6', '--ff-rate', '4', '--drop-out-rate', '0.1', '--resume-pth', 'experiments/sdformer_ar/stock/VQVAE/net_best_ds.pth', '--vq-name', 'VQVAE', '--out-dir', 'experiments/sdformer_ar/stock/', '--total-iter', '20000', '--lr-scheduler', '150000', '--lr', '0.0008', '--dataname', 'stock', '--down-t', '2', '--depth', '3', '--quantizer', 'ema_reset_sim', '--eval-iter', '2500', '--print-iter', '500', '--pkeep', '0.7', '--dilation-growth-rate', '3', '--vq-act', 'relu', '--window-size', '24', '--gpu', '1', '--seed', '42'], 'optimizer_updates': 0, 'main_optimizer_updates': 0, 'warmup_updates': 0, 'periodic_eval_interval': 2500, 'discriminator_repeats': 5, 'model_keys': ['net', 'trans_encoder'], 'selected_checkpoint': None}, {'stage': 'evaluation', 'entry': 'eval_sdformer.py', 'original_arguments': ['--dir', 'experiments/sdformer_ar/stock/AR_test', '--seed', '0'], 'optimizer_updates': 0, 'main_optimizer_updates': 0, 'warmup_updates': 0, 'periodic_eval_interval': 0, 'discriminator_repeats': 5, 'model_keys': ['net', 'trans_encoder'], 'selected_checkpoint': None}]","{'path': 'data/public_datasets/flow_matching/spectral_additional_original_assets_v1/raw/stock_data.csv', 'sha256': '134b8a00eb4eefa3242dd7ae85144082da80dedf75a1a656d5d08f97cd95277a', 'workspace_path': 'dataset/stock_data.csv', 'shape': [3662, 24, 6], 'preprocessing': 'author_TSDataset_full_series_feature_minmax_no_epsilon_stride1'}",configs/experiments/fm_spectral_table2_original_queue.v1.json,,,
spectral_table2__sdformer_ar__stock__seed1106,,stock,,1106,configs/models/fm_spectral_table2__sdformer_ar__stock.json,,,,,,,,,,,,experiments/runs/fm_spectral_table2_original_v1/jobs/spectral_table2__sdformer_ar__stock__seed1106,F:\aicoding\IIA_Data\experiments\spectral_table2_original_v1\spectral_table2__sdformer_ar__stock__seed1106,,no_complete_result,,,sdformer_ar,"[{'stage': 'vq_training', 'entry': 'train_vq.py', 'original_arguments': ['--batch-size', '64', '--width', '512', '--lr', '1e-4', '--total-iter', '100000', '--lr-scheduler', '200000', '--code-dim', '256', '--nb-code', '512', '--down-t', '2', '--depth', '3', '--dilation-growth-rate', '3', '--out-dir', 'experiments/sdformer_ar/stock', '--dataname', 'stock', '--vq-act', 'relu', '--quantizer', 'ema_reset_sim', '--exp-name', 'VQVAE', '--window-size', '24', '--commit', '2.0', '--gpu', '1', '--seed', '42'], 'optimizer_updates': 100999, 'main_optimizer_updates': 100000, 'warmup_updates': 999, 'periodic_eval_interval': 2000, 'discriminator_repeats': 3, 'model_keys': ['net'], 'selected_checkpoint': 'experiments\\sdformer_ar\\stock\\VQVAE\\net_best_ds.pth'}, {'stage': 'training', 'entry': 'train_sdformer_ar.py', 'original_arguments': ['--exp-name', 'AR', '--batch-size', '1024', '--num-layers', '1', '--embed-dim-gpt', '1024', '--width', '512', '--code-dim', '256', '--nb-code', '512', '--n-head-gpt', '16', '--block-size', '6', '--ff-rate', '4', '--drop-out-rate', '0.1', '--resume-pth', 'experiments/sdformer_ar/stock/VQVAE/net_best_ds.pth', '--vq-name', 'VQVAE', '--out-dir', 'experiments/sdformer_ar/stock/', '--total-iter', '20000', '--lr-scheduler', '150000', '--lr', '0.0008', '--dataname', 'stock', '--down-t', '2', '--depth', '3', '--quantizer', 'ema_reset_sim', '--eval-iter', '2500', '--print-iter', '500', '--pkeep', '0.7', '--dilation-growth-rate', '3', '--vq-act', 'relu', '--window-size', '24', '--gpu', '1', '--seed', '42'], 'optimizer_updates': 20000, 'main_optimizer_updates': 20000, 'warmup_updates': 0, 'periodic_eval_interval': 2500, 'discriminator_repeats': 5, 'model_keys': ['net', 'trans_encoder'], 'selected_checkpoint': 'experiments\\sdformer_ar\\stock\\AR\\net_best_ds.pth'}, {'stage': 'sampling', 'entry': 'train_sdformer_ar.py', 'original_arguments': ['--exp-name', 'AR_test', '--if-test', '--resume-trans', 'experiments/sdformer_ar/stock/AR/net_best_ds.pth', '--batch-size', '1024', '--num-layers', '1', '--embed-dim-gpt', '1024', '--width', '512', '--code-dim', '256', '--nb-code', '512', '--n-head-gpt', '16', '--block-size', '6', '--ff-rate', '4', '--drop-out-rate', '0.1', '--resume-pth', 'experiments/sdformer_ar/stock/VQVAE/net_best_ds.pth', '--vq-name', 'VQVAE', '--out-dir', 'experiments/sdformer_ar/stock/', '--total-iter', '20000', '--lr-scheduler', '150000', '--lr', '0.0008', '--dataname', 'stock', '--down-t', '2', '--depth', '3', '--quantizer', 'ema_reset_sim', '--eval-iter', '2500', '--print-iter', '500', '--pkeep', '0.7', '--dilation-growth-rate', '3', '--vq-act', 'relu', '--window-size', '24', '--gpu', '1', '--seed', '42'], 'optimizer_updates': 0, 'main_optimizer_updates': 0, 'warmup_updates': 0, 'periodic_eval_interval': 2500, 'discriminator_repeats': 5, 'model_keys': ['net', 'trans_encoder'], 'selected_checkpoint': None}, {'stage': 'evaluation', 'entry': 'eval_sdformer.py', 'original_arguments': ['--dir', 'experiments/sdformer_ar/stock/AR_test', '--seed', '0'], 'optimizer_updates': 0, 'main_optimizer_updates': 0, 'warmup_updates': 0, 'periodic_eval_interval': 0, 'discriminator_repeats': 5, 'model_keys': ['net', 'trans_encoder'], 'selected_checkpoint': None}]","{'path': 'data/public_datasets/flow_matching/spectral_additional_original_assets_v1/raw/stock_data.csv', 'sha256': '134b8a00eb4eefa3242dd7ae85144082da80dedf75a1a656d5d08f97cd95277a', 'workspace_path': 'dataset/stock_data.csv', 'shape': [3662, 24, 6], 'preprocessing': 'author_TSDataset_full_series_feature_minmax_no_epsilon_stride1'}",configs/experiments/fm_spectral_table2_original_queue.v1.json,,,
spectral_table2__sdformer_ar__mujoco__seed42,,mujoco,,42,configs/models/fm_spectral_table2__sdformer_ar__mujoco.json,,,,,,,,,,,,experiments/runs/fm_spectral_table2_original_v1/jobs/spectral_table2__sdformer_ar__mujoco__seed42,F:\aicoding\IIA_Data\experiments\spectral_table2_original_v1\spectral_table2__sdformer_ar__mujoco__seed42,,no_complete_result,,,sdformer_ar,"[{'stage': 'vq_training', 'entry': 'train_vq.py', 'original_arguments': ['--batch-size', '128', '--width', '512', '--lr', '1e-4', '--total-iter', '200000', '--lr-scheduler', '200000', '--code-dim', '512', '--nb-code', '512', '--down-t', '2', '--depth', '3', '--dilation-growth-rate', '3', '--out-dir', 'experiments/sdformer_ar/mujoco', '--dataname', 'mujoco', '--vq-act', 'relu', '--quantizer', 'ema_reset_sim', '--exp-name', 'VQVAE', '--window-size', '24', '--commit', '0.5', '--gpu', '2', '--seed', '42'], 'optimizer_updates': 200999, 'main_optimizer_updates': 200000, 'warmup_updates': 999, 'periodic_eval_interval': 2000, 'discriminator_repeats': 3, 'model_keys': ['net'], 'selected_checkpoint': 'experiments\\sdformer_ar\\mujoco\\VQVAE\\net_best_ds.pth'}, {'stage': 'training', 'entry': 'train_sdformer_ar.py', 'original_arguments': ['--exp-name', 'AR', '--batch-size', '1024', '--num-layers', '1', '--embed-dim-gpt', '1024', '--width', '512', '--code-dim', '512', '--nb-code', '512', '--n-head-gpt', '16', '--block-size', '6', '--ff-rate', '4', '--drop-out-rate', '0.1', '--resume-pth', 'experiments/sdformer_ar/mujoco/VQVAE/net_best_ds.pth', '--vq-name', 'VQVAE', '--out-dir', 'experiments/sdformer_ar/mujoco/', '--total-iter', '62500', '--lr-scheduler', '150000', '--lr', '0.0008', '--dataname', 'mujoco', '--down-t', '2', '--depth', '3', '--quantizer', 'ema_reset_sim', '--eval-iter', '2500', '--print-iter', '500', '--pkeep', '0.9', '--dilation-growth-rate', '3', '--vq-act', 'relu', '--window-size', '24', '--gpu', '2', '--seed', '42'], 'optimizer_updates': 62500, 'main_optimizer_updates': 62500, 'warmup_updates': 0, 'periodic_eval_interval': 2500, 'discriminator_repeats': 5, 'model_keys': ['net', 'trans_encoder'], 'selected_checkpoint': 'experiments\\sdformer_ar\\mujoco\\AR\\net_best_ds.pth'}, {'stage': 'sampling', 'entry': 'train_sdformer_ar.py', 'original_arguments': ['--exp-name', 'AR_test', '--if-test', '--resume-trans', 'experiments/sdformer_ar/mujoco/AR/net_best_ds.pth', '--batch-size', '1024', '--num-layers', '1', '--embed-dim-gpt', '1024', '--width', '512', '--code-dim', '512', '--nb-code', '512', '--n-head-gpt', '16', '--block-size', '6', '--ff-rate', '4', '--drop-out-rate', '0.1', '--resume-pth', 'experiments/sdformer_ar/mujoco/VQVAE/net_best_ds.pth', '--vq-name', 'VQVAE', '--out-dir', 'experiments/sdformer_ar/mujoco/', '--total-iter', '62500', '--lr-scheduler', '150000', '--lr', '0.0008', '--dataname', 'mujoco', '--down-t', '2', '--depth', '3', '--quantizer', 'ema_reset_sim', '--eval-iter', '2500', '--print-iter', '500', '--pkeep', '0.9', '--dilation-growth-rate', '3', '--vq-act', 'relu', '--window-size', '24', '--gpu', '2', '--seed', '42'], 'optimizer_updates': 0, 'main_optimizer_updates': 0, 'warmup_updates': 0, 'periodic_eval_interval': 2500, 'discriminator_repeats': 5, 'model_keys': ['net', 'trans_encoder'], 'selected_checkpoint': None}, {'stage': 'evaluation', 'entry': 'eval_sdformer.py', 'original_arguments': ['--dir', 'experiments/sdformer_ar/mujoco/AR_test', '--seed', '0'], 'optimizer_updates': 0, 'main_optimizer_updates': 0, 'warmup_updates': 0, 'periodic_eval_interval': 0, 'discriminator_repeats': 5, 'model_keys': ['net', 'trans_encoder'], 'selected_checkpoint': None}]","{'path': 'data/public_datasets/flow_matching/spectral_additional_original_assets_v1/raw/mujoco_norm_truth_24_train.npy', 'sha256': '39f95f3650d045591d14f4b2a49c2d425c075d0a31848f4cb9094f62cb9e2e55', 'workspace_path': 'dataset/mujoco_norm_truth_24_train.npy', 'shape': [10000, 24, 14], 'preprocessing': 'released_NPY_unchanged'}",configs/experiments/fm_spectral_table2_original_queue.v1.json,,,
spectral_table2__sdformer_ar__mujoco__seed1103,,mujoco,,1103,configs/models/fm_spectral_table2__sdformer_ar__mujoco.json,,,,,,,,,,,,experiments/runs/fm_spectral_table2_original_v1/jobs/spectral_table2__sdformer_ar__mujoco__seed1103,F:\aicoding\IIA_Data\experiments\spectral_table2_original_v1\spectral_table2__sdformer_ar__mujoco__seed1103,,no_complete_result,,,sdformer_ar,"[{'stage': 'vq_training', 'entry': 'train_vq.py', 'original_arguments': ['--batch-size', '128', '--width', '512', '--lr', '1e-4', '--total-iter', '200000', '--lr-scheduler', '200000', '--code-dim', '512', '--nb-code', '512', '--down-t', '2', '--depth', '3', '--dilation-growth-rate', '3', '--out-dir', 'experiments/sdformer_ar/mujoco', '--dataname', 'mujoco', '--vq-act', 'relu', '--quantizer', 'ema_reset_sim', '--exp-name', 'VQVAE', '--window-size', '24', '--commit', '0.5', '--gpu', '2', '--seed', '42'], 'optimizer_updates': 200999, 'main_optimizer_updates': 200000, 'warmup_updates': 999, 'periodic_eval_interval': 2000, 'discriminator_repeats': 3, 'model_keys': ['net'], 'selected_checkpoint': 'experiments\\sdformer_ar\\mujoco\\VQVAE\\net_best_ds.pth'}, {'stage': 'training', 'entry': 'train_sdformer_ar.py', 'original_arguments': ['--exp-name', 'AR', '--batch-size', '1024', '--num-layers', '1', '--embed-dim-gpt', '1024', '--width', '512', '--code-dim', '512', '--nb-code', '512', '--n-head-gpt', '16', '--block-size', '6', '--ff-rate', '4', '--drop-out-rate', '0.1', '--resume-pth', 'experiments/sdformer_ar/mujoco/VQVAE/net_best_ds.pth', '--vq-name', 'VQVAE', '--out-dir', 'experiments/sdformer_ar/mujoco/', '--total-iter', '62500', '--lr-scheduler', '150000', '--lr', '0.0008', '--dataname', 'mujoco', '--down-t', '2', '--depth', '3', '--quantizer', 'ema_reset_sim', '--eval-iter', '2500', '--print-iter', '500', '--pkeep', '0.9', '--dilation-growth-rate', '3', '--vq-act', 'relu', '--window-size', '24', '--gpu', '2', '--seed', '42'], 'optimizer_updates': 62500, 'main_optimizer_updates': 62500, 'warmup_updates': 0, 'periodic_eval_interval': 2500, 'discriminator_repeats': 5, 'model_keys': ['net', 'trans_encoder'], 'selected_checkpoint': 'experiments\\sdformer_ar\\mujoco\\AR\\net_best_ds.pth'}, {'stage': 'sampling', 'entry': 'train_sdformer_ar.py', 'original_arguments': ['--exp-name', 'AR_test', '--if-test', '--resume-trans', 'experiments/sdformer_ar/mujoco/AR/net_best_ds.pth', '--batch-size', '1024', '--num-layers', '1', '--embed-dim-gpt', '1024', '--width', '512', '--code-dim', '512', '--nb-code', '512', '--n-head-gpt', '16', '--block-size', '6', '--ff-rate', '4', '--drop-out-rate', '0.1', '--resume-pth', 'experiments/sdformer_ar/mujoco/VQVAE/net_best_ds.pth', '--vq-name', 'VQVAE', '--out-dir', 'experiments/sdformer_ar/mujoco/', '--total-iter', '62500', '--lr-scheduler', '150000', '--lr', '0.0008', '--dataname', 'mujoco', '--down-t', '2', '--depth', '3', '--quantizer', 'ema_reset_sim', '--eval-iter', '2500', '--print-iter', '500', '--pkeep', '0.9', '--dilation-growth-rate', '3', '--vq-act', 'relu', '--window-size', '24', '--gpu', '2', '--seed', '42'], 'optimizer_updates': 0, 'main_optimizer_updates': 0, 'warmup_updates': 0, 'periodic_eval_interval': 2500, 'discriminator_repeats': 5, 'model_keys': ['net', 'trans_encoder'], 'selected_checkpoint': None}, {'stage': 'evaluation', 'entry': 'eval_sdformer.py', 'original_arguments': ['--dir', 'experiments/sdformer_ar/mujoco/AR_test', '--seed', '0'], 'optimizer_updates': 0, 'main_optimizer_updates': 0, 'warmup_updates': 0, 'periodic_eval_interval': 0, 'discriminator_repeats': 5, 'model_keys': ['net', 'trans_encoder'], 'selected_checkpoint': None}]","{'path': 'data/public_datasets/flow_matching/spectral_additional_original_assets_v1/raw/mujoco_norm_truth_24_train.npy', 'sha256': '39f95f3650d045591d14f4b2a49c2d425c075d0a31848f4cb9094f62cb9e2e55', 'workspace_path': 'dataset/mujoco_norm_truth_24_train.npy', 'shape': [10000, 24, 14], 'preprocessing': 'released_NPY_unchanged'}",configs/experiments/fm_spectral_table2_original_queue.v1.json,,,
spectral_table2__sdformer_ar__mujoco__seed1104,,mujoco,,1104,configs/models/fm_spectral_table2__sdformer_ar__mujoco.json,,,,,,,,,,,,experiments/runs/fm_spectral_table2_original_v1/jobs/spectral_table2__sdformer_ar__mujoco__seed1104,F:\aicoding\IIA_Data\experiments\spectral_table2_original_v1\spectral_table2__sdformer_ar__mujoco__seed1104,,no_complete_result,,,sdformer_ar,"[{'stage': 'vq_training', 'entry': 'train_vq.py', 'original_arguments': ['--batch-size', '128', '--width', '512', '--lr', '1e-4', '--total-iter', '200000', '--lr-scheduler', '200000', '--code-dim', '512', '--nb-code', '512', '--down-t', '2', '--depth', '3', '--dilation-growth-rate', '3', '--out-dir', 'experiments/sdformer_ar/mujoco', '--dataname', 'mujoco', '--vq-act', 'relu', '--quantizer', 'ema_reset_sim', '--exp-name', 'VQVAE', '--window-size', '24', '--commit', '0.5', '--gpu', '2', '--seed', '42'], 'optimizer_updates': 200999, 'main_optimizer_updates': 200000, 'warmup_updates': 999, 'periodic_eval_interval': 2000, 'discriminator_repeats': 3, 'model_keys': ['net'], 'selected_checkpoint': 'experiments\\sdformer_ar\\mujoco\\VQVAE\\net_best_ds.pth'}, {'stage': 'training', 'entry': 'train_sdformer_ar.py', 'original_arguments': ['--exp-name', 'AR', '--batch-size', '1024', '--num-layers', '1', '--embed-dim-gpt', '1024', '--width', '512', '--code-dim', '512', '--nb-code', '512', '--n-head-gpt', '16', '--block-size', '6', '--ff-rate', '4', '--drop-out-rate', '0.1', '--resume-pth', 'experiments/sdformer_ar/mujoco/VQVAE/net_best_ds.pth', '--vq-name', 'VQVAE', '--out-dir', 'experiments/sdformer_ar/mujoco/', '--total-iter', '62500', '--lr-scheduler', '150000', '--lr', '0.0008', '--dataname', 'mujoco', '--down-t', '2', '--depth', '3', '--quantizer', 'ema_reset_sim', '--eval-iter', '2500', '--print-iter', '500', '--pkeep', '0.9', '--dilation-growth-rate', '3', '--vq-act', 'relu', '--window-size', '24', '--gpu', '2', '--seed', '42'], 'optimizer_updates': 62500, 'main_optimizer_updates': 62500, 'warmup_updates': 0, 'periodic_eval_interval': 2500, 'discriminator_repeats': 5, 'model_keys': ['net', 'trans_encoder'], 'selected_checkpoint': 'experiments\\sdformer_ar\\mujoco\\AR\\net_best_ds.pth'}, {'stage': 'sampling', 'entry': 'train_sdformer_ar.py', 'original_arguments': ['--exp-name', 'AR_test', '--if-test', '--resume-trans', 'experiments/sdformer_ar/mujoco/AR/net_best_ds.pth', '--batch-size', '1024', '--num-layers', '1', '--embed-dim-gpt', '1024', '--width', '512', '--code-dim', '512', '--nb-code', '512', '--n-head-gpt', '16', '--block-size', '6', '--ff-rate', '4', '--drop-out-rate', '0.1', '--resume-pth', 'experiments/sdformer_ar/mujoco/VQVAE/net_best_ds.pth', '--vq-name', 'VQVAE', '--out-dir', 'experiments/sdformer_ar/mujoco/', '--total-iter', '62500', '--lr-scheduler', '150000', '--lr', '0.0008', '--dataname', 'mujoco', '--down-t', '2', '--depth', '3', '--quantizer', 'ema_reset_sim', '--eval-iter', '2500', '--print-iter', '500', '--pkeep', '0.9', '--dilation-growth-rate', '3', '--vq-act', 'relu', '--window-size', '24', '--gpu', '2', '--seed', '42'], 'optimizer_updates': 0, 'main_optimizer_updates': 0, 'warmup_updates': 0, 'periodic_eval_interval': 2500, 'discriminator_repeats': 5, 'model_keys': ['net', 'trans_encoder'], 'selected_checkpoint': None}, {'stage': 'evaluation', 'entry': 'eval_sdformer.py', 'original_arguments': ['--dir', 'experiments/sdformer_ar/mujoco/AR_test', '--seed', '0'], 'optimizer_updates': 0, 'main_optimizer_updates': 0, 'warmup_updates': 0, 'periodic_eval_interval': 0, 'discriminator_repeats': 5, 'model_keys': ['net', 'trans_encoder'], 'selected_checkpoint': None}]","{'path': 'data/public_datasets/flow_matching/spectral_additional_original_assets_v1/raw/mujoco_norm_truth_24_train.npy', 'sha256': '39f95f3650d045591d14f4b2a49c2d425c075d0a31848f4cb9094f62cb9e2e55', 'workspace_path': 'dataset/mujoco_norm_truth_24_train.npy', 'shape': [10000, 24, 14], 'preprocessing': 'released_NPY_unchanged'}",configs/experiments/fm_spectral_table2_original_queue.v1.json,,,
spectral_table2__sdformer_ar__mujoco__seed1105,,mujoco,,1105,configs/models/fm_spectral_table2__sdformer_ar__mujoco.json,,,,,,,,,,,,experiments/runs/fm_spectral_table2_original_v1/jobs/spectral_table2__sdformer_ar__mujoco__seed1105,F:\aicoding\IIA_Data\experiments\spectral_table2_original_v1\spectral_table2__sdformer_ar__mujoco__seed1105,,no_complete_result,,,sdformer_ar,"[{'stage': 'vq_training', 'entry': 'train_vq.py', 'original_arguments': ['--batch-size', '128', '--width', '512', '--lr', '1e-4', '--total-iter', '200000', '--lr-scheduler', '200000', '--code-dim', '512', '--nb-code', '512', '--down-t', '2', '--depth', '3', '--dilation-growth-rate', '3', '--out-dir', 'experiments/sdformer_ar/mujoco', '--dataname', 'mujoco', '--vq-act', 'relu', '--quantizer', 'ema_reset_sim', '--exp-name', 'VQVAE', '--window-size', '24', '--commit', '0.5', '--gpu', '2', '--seed', '42'], 'optimizer_updates': 200999, 'main_optimizer_updates': 200000, 'warmup_updates': 999, 'periodic_eval_interval': 2000, 'discriminator_repeats': 3, 'model_keys': ['net'], 'selected_checkpoint': 'experiments\\sdformer_ar\\mujoco\\VQVAE\\net_best_ds.pth'}, {'stage': 'training', 'entry': 'train_sdformer_ar.py', 'original_arguments': ['--exp-name', 'AR', '--batch-size', '1024', '--num-layers', '1', '--embed-dim-gpt', '1024', '--width', '512', '--code-dim', '512', '--nb-code', '512', '--n-head-gpt', '16', '--block-size', '6', '--ff-rate', '4', '--drop-out-rate', '0.1', '--resume-pth', 'experiments/sdformer_ar/mujoco/VQVAE/net_best_ds.pth', '--vq-name', 'VQVAE', '--out-dir', 'experiments/sdformer_ar/mujoco/', '--total-iter', '62500', '--lr-scheduler', '150000', '--lr', '0.0008', '--dataname', 'mujoco', '--down-t', '2', '--depth', '3', '--quantizer', 'ema_reset_sim', '--eval-iter', '2500', '--print-iter', '500', '--pkeep', '0.9', '--dilation-growth-rate', '3', '--vq-act', 'relu', '--window-size', '24', '--gpu', '2', '--seed', '42'], 'optimizer_updates': 62500, 'main_optimizer_updates': 62500, 'warmup_updates': 0, 'periodic_eval_interval': 2500, 'discriminator_repeats': 5, 'model_keys': ['net', 'trans_encoder'], 'selected_checkpoint': 'experiments\\sdformer_ar\\mujoco\\AR\\net_best_ds.pth'}, {'stage': 'sampling', 'entry': 'train_sdformer_ar.py', 'original_arguments': ['--exp-name', 'AR_test', '--if-test', '--resume-trans', 'experiments/sdformer_ar/mujoco/AR/net_best_ds.pth', '--batch-size', '1024', '--num-layers', '1', '--embed-dim-gpt', '1024', '--width', '512', '--code-dim', '512', '--nb-code', '512', '--n-head-gpt', '16', '--block-size', '6', '--ff-rate', '4', '--drop-out-rate', '0.1', '--resume-pth', 'experiments/sdformer_ar/mujoco/VQVAE/net_best_ds.pth', '--vq-name', 'VQVAE', '--out-dir', 'experiments/sdformer_ar/mujoco/', '--total-iter', '62500', '--lr-scheduler', '150000', '--lr', '0.0008', '--dataname', 'mujoco', '--down-t', '2', '--depth', '3', '--quantizer', 'ema_reset_sim', '--eval-iter', '2500', '--print-iter', '500', '--pkeep', '0.9', '--dilation-growth-rate', '3', '--vq-act', 'relu', '--window-size', '24', '--gpu', '2', '--seed', '42'], 'optimizer_updates': 0, 'main_optimizer_updates': 0, 'warmup_updates': 0, 'periodic_eval_interval': 2500, 'discriminator_repeats': 5, 'model_keys': ['net', 'trans_encoder'], 'selected_checkpoint': None}, {'stage': 'evaluation', 'entry': 'eval_sdformer.py', 'original_arguments': ['--dir', 'experiments/sdformer_ar/mujoco/AR_test', '--seed', '0'], 'optimizer_updates': 0, 'main_optimizer_updates': 0, 'warmup_updates': 0, 'periodic_eval_interval': 0, 'discriminator_repeats': 5, 'model_keys': ['net', 'trans_encoder'], 'selected_checkpoint': None}]","{'path': 'data/public_datasets/flow_matching/spectral_additional_original_assets_v1/raw/mujoco_norm_truth_24_train.npy', 'sha256': '39f95f3650d045591d14f4b2a49c2d425c075d0a31848f4cb9094f62cb9e2e55', 'workspace_path': 'dataset/mujoco_norm_truth_24_train.npy', 'shape': [10000, 24, 14], 'preprocessing': 'released_NPY_unchanged'}",configs/experiments/fm_spectral_table2_original_queue.v1.json,,,
spectral_table2__sdformer_ar__mujoco__seed1106,,mujoco,,1106,configs/models/fm_spectral_table2__sdformer_ar__mujoco.json,,,,,,,,,,,,experiments/runs/fm_spectral_table2_original_v1/jobs/spectral_table2__sdformer_ar__mujoco__seed1106,F:\aicoding\IIA_Data\experiments\spectral_table2_original_v1\spectral_table2__sdformer_ar__mujoco__seed1106,,no_complete_result,,,sdformer_ar,"[{'stage': 'vq_training', 'entry': 'train_vq.py', 'original_arguments': ['--batch-size', '128', '--width', '512', '--lr', '1e-4', '--total-iter', '200000', '--lr-scheduler', '200000', '--code-dim', '512', '--nb-code', '512', '--down-t', '2', '--depth', '3', '--dilation-growth-rate', '3', '--out-dir', 'experiments/sdformer_ar/mujoco', '--dataname', 'mujoco', '--vq-act', 'relu', '--quantizer', 'ema_reset_sim', '--exp-name', 'VQVAE', '--window-size', '24', '--commit', '0.5', '--gpu', '2', '--seed', '42'], 'optimizer_updates': 200999, 'main_optimizer_updates': 200000, 'warmup_updates': 999, 'periodic_eval_interval': 2000, 'discriminator_repeats': 3, 'model_keys': ['net'], 'selected_checkpoint': 'experiments\\sdformer_ar\\mujoco\\VQVAE\\net_best_ds.pth'}, {'stage': 'training', 'entry': 'train_sdformer_ar.py', 'original_arguments': ['--exp-name', 'AR', '--batch-size', '1024', '--num-layers', '1', '--embed-dim-gpt', '1024', '--width', '512', '--code-dim', '512', '--nb-code', '512', '--n-head-gpt', '16', '--block-size', '6', '--ff-rate', '4', '--drop-out-rate', '0.1', '--resume-pth', 'experiments/sdformer_ar/mujoco/VQVAE/net_best_ds.pth', '--vq-name', 'VQVAE', '--out-dir', 'experiments/sdformer_ar/mujoco/', '--total-iter', '62500', '--lr-scheduler', '150000', '--lr', '0.0008', '--dataname', 'mujoco', '--down-t', '2', '--depth', '3', '--quantizer', 'ema_reset_sim', '--eval-iter', '2500', '--print-iter', '500', '--pkeep', '0.9', '--dilation-growth-rate', '3', '--vq-act', 'relu', '--window-size', '24', '--gpu', '2', '--seed', '42'], 'optimizer_updates': 62500, 'main_optimizer_updates': 62500, 'warmup_updates': 0, 'periodic_eval_interval': 2500, 'discriminator_repeats': 5, 'model_keys': ['net', 'trans_encoder'], 'selected_checkpoint': 'experiments\\sdformer_ar\\mujoco\\AR\\net_best_ds.pth'}, {'stage': 'sampling', 'entry': 'train_sdformer_ar.py', 'original_arguments': ['--exp-name', 'AR_test', '--if-test', '--resume-trans', 'experiments/sdformer_ar/mujoco/AR/net_best_ds.pth', '--batch-size', '1024', '--num-layers', '1', '--embed-dim-gpt', '1024', '--width', '512', '--code-dim', '512', '--nb-code', '512', '--n-head-gpt', '16', '--block-size', '6', '--ff-rate', '4', '--drop-out-rate', '0.1', '--resume-pth', 'experiments/sdformer_ar/mujoco/VQVAE/net_best_ds.pth', '--vq-name', 'VQVAE', '--out-dir', 'experiments/sdformer_ar/mujoco/', '--total-iter', '62500', '--lr-scheduler', '150000', '--lr', '0.0008', '--dataname', 'mujoco', '--down-t', '2', '--depth', '3', '--quantizer', 'ema_reset_sim', '--eval-iter', '2500', '--print-iter', '500', '--pkeep', '0.9', '--dilation-growth-rate', '3', '--vq-act', 'relu', '--window-size', '24', '--gpu', '2', '--seed', '42'], 'optimizer_updates': 0, 'main_optimizer_updates': 0, 'warmup_updates': 0, 'periodic_eval_interval': 2500, 'discriminator_repeats': 5, 'model_keys': ['net', 'trans_encoder'], 'selected_checkpoint': None}, {'stage': 'evaluation', 'entry': 'eval_sdformer.py', 'original_arguments': ['--dir', 'experiments/sdformer_ar/mujoco/AR_test', '--seed', '0'], 'optimizer_updates': 0, 'main_optimizer_updates': 0, 'warmup_updates': 0, 'periodic_eval_interval': 0, 'discriminator_repeats': 5, 'model_keys': ['net', 'trans_encoder'], 'selected_checkpoint': None}]","{'path': 'data/public_datasets/flow_matching/spectral_additional_original_assets_v1/raw/mujoco_norm_truth_24_train.npy', 'sha256': '39f95f3650d045591d14f4b2a49c2d425c075d0a31848f4cb9094f62cb9e2e55', 'workspace_path': 'dataset/mujoco_norm_truth_24_train.npy', 'shape': [10000, 24, 14], 'preprocessing': 'released_NPY_unchanged'}",configs/experiments/fm_spectral_table2_original_queue.v1.json,,,
spectral_table3__spectral_flow__fred_md__seed42__source_scope_fix_v2,,fred_md,,,configs/models/fm_spectral_table3__spectral_flow__fred_md__seed42__source_scope_fix_v2.json,,,,,,,,,,,,experiments/runs/fm_spectral_table3_original_v2/jobs/spectral_table3__spectral_flow__fred_md__seed42__source_scope_fix_v2,F:\aicoding\IIA_Data\experiments\spectral_table3_original_v2\spectral_table3__spectral_flow__fred_md__seed42__source_scope_fix_v2,,no_complete_result,,,spectral_flow,,,configs/experiments/fm_spectral_table3_original_queue.v2.json,9a6a0f86bbcfc35ec7bdddc81435ecf3ea47fc332ea2cba306742505f05091db,F:\aicoding\IIA_Data\experiments\spectral_table3_original_v2\preflight_spectral_table3__spectral_flow__fred_md__seed42__source_scope_fix_v2,spectral_table3__spectral_flow__fred_md__seed42
spectral_table3__spectral_flow__nn5_daily__seed42__source_scope_fix_v2,,nn5_daily,,,configs/models/fm_spectral_table3__spectral_flow__nn5_daily__seed42__source_scope_fix_v2.json,,,,,,,,,,,,experiments/runs/fm_spectral_table3_original_v2/jobs/spectral_table3__spectral_flow__nn5_daily__seed42__source_scope_fix_v2,F:\aicoding\IIA_Data\experiments\spectral_table3_original_v2\spectral_table3__spectral_flow__nn5_daily__seed42__source_scope_fix_v2,,no_complete_result,,,spectral_flow,,,configs/experiments/fm_spectral_table3_original_queue.v2.json,455e77b20c712726b0f143efccd788afc71e8ba3540c8d7546d9fd9f8f5d71c4,F:\aicoding\IIA_Data\experiments\spectral_table3_original_v2\preflight_spectral_table3__spectral_flow__nn5_daily__seed42__source_scope_fix_v2,spectral_table3__spectral_flow__nn5_daily__seed42
spectral_table3__imagentime__fred_md__seed42__source_scope_fix_v2,,fred_md,,,configs/models/fm_spectral_table3__imagentime__fred_md__seed42__source_scope_fix_v2.json,,,,,,,,,,,,experiments/runs/fm_spectral_table3_original_v2/jobs/spectral_table3__imagentime__fred_md__seed42__source_scope_fix_v2,F:\aicoding\IIA_Data\experiments\spectral_table3_original_v2\spectral_table3__imagentime__fred_md__seed42__source_scope_fix_v2,,no_complete_result,,,imagentime,,,configs/experiments/fm_spectral_table3_original_queue.v2.json,210e8a025f89fd16c435f850b9f18df24793596ef41d03a2fc65be41320b5f22,F:\aicoding\IIA_Data\experiments\spectral_table3_original_v2\preflight_spectral_table3__imagentime__fred_md__seed42__source_scope_fix_v2,spectral_table3__imagentime__fred_md__seed42
spectral_table3__imagentime__nn5_daily__seed42__source_scope_fix_v2,,nn5_daily,,,configs/models/fm_spectral_table3__imagentime__nn5_daily__seed42__source_scope_fix_v2.json,,,,,,,,,,,,experiments/runs/fm_spectral_table3_original_v2/jobs/spectral_table3__imagentime__nn5_daily__seed42__source_scope_fix_v2,F:\aicoding\IIA_Data\experiments\spectral_table3_original_v2\spectral_table3__imagentime__nn5_daily__seed42__source_scope_fix_v2,,no_complete_result,,,imagentime,,,configs/experiments/fm_spectral_table3_original_queue.v2.json,019b5276f8609b2bb5817bb4c1bad4f03aea464cf931fe9b33bc5b9c4ea7bb16,F:\aicoding\IIA_Data\experiments\spectral_table3_original_v2\preflight_spectral_table3__imagentime__nn5_daily__seed42__source_scope_fix_v2,spectral_table3__imagentime__nn5_daily__seed42
spectral_table5__spectral_flow__pendulum_eig0p0__seed10,,pendulum,,,configs/models/fm_spectral_table5__spectral_flow__pendulum_eig0p0__seed10.json,,,,,,,,,,,,experiments/runs/fm_spectral_table45_original_v1/jobs/spectral_table5__spectral_flow__pendulum_eig0p0__seed10,F:\aicoding\IIA_Data\experiments\spectral_table45_original_v1\spectral_table5__spectral_flow__pendulum_eig0p0__seed10,,no_complete_result,,,spectral_flow,,,configs/experiments/fm_spectral_table45_original_queue.v1.json,cfc6fbfd8d7f43bd78e9c48c5aa1e4c02803a4621ab6a77681a49f8d99fdbd8c,,
spectral_table5__spectral_flow__pendulum_eig1p0__seed10,,pendulum,,,configs/models/fm_spectral_table5__spectral_flow__pendulum_eig1p0__seed10.json,,,,,,,,,,,,experiments/runs/fm_spectral_table45_original_v1/jobs/spectral_table5__spectral_flow__pendulum_eig1p0__seed10,F:\aicoding\IIA_Data\experiments\spectral_table45_original_v1\spectral_table5__spectral_flow__pendulum_eig1p0__seed10,,no_complete_result,,,spectral_flow,,,configs/experiments/fm_spectral_table45_original_queue.v1.json,2c15aafc47ef91bb4a3226999a0f3ba7fc505450c37b9b5112478d84f12a643a,,
spectral_table5__kovae__pendulum_eig0p0__seed10,,pendulum,,,configs/models/fm_spectral_table5__kovae__pendulum_eig0p0__seed10.json,,,,,,,,,,,,experiments/runs/fm_spectral_table45_original_v1/jobs/spectral_table5__kovae__pendulum_eig0p0__seed10,F:\aicoding\IIA_Data\experiments\spectral_table45_original_v1\spectral_table5__kovae__pendulum_eig0p0__seed10,,no_complete_result,,,kovae,,,configs/experiments/fm_spectral_table45_original_queue.v1.json,66dda5696ef2414b78954ba56aa2cc44a9b326c8f4899c460c4b188ceebe07a3,,
spectral_table5__kovae__pendulum_eig1p0__seed10,,pendulum,,,configs/models/fm_spectral_table5__kovae__pendulum_eig1p0__seed10.json,,,,,,,,,,,,experiments/runs/fm_spectral_table45_original_v1/jobs/spectral_table5__kovae__pendulum_eig1p0__seed10,F:\aicoding\IIA_Data\experiments\spectral_table45_original_v1\spectral_table5__kovae__pendulum_eig1p0__seed10,,no_complete_result,,,kovae,,,configs/experiments/fm_spectral_table45_original_queue.v1.json,b65b27bc135fce1f8af9c77236db2baae74c705e4273759328b978e789ff374a,,
spectral_table4__spectral_flow__regular__seed10,,stock,,,configs/models/fm_spectral_table4__spectral_flow__regular__seed10.json,,,,,,,,,,,,experiments/runs/fm_spectral_table45_original_v1/jobs/spectral_table4__spectral_flow__regular__seed10,F:\aicoding\IIA_Data\experiments\spectral_table45_original_v1\spectral_table4__spectral_flow__regular__seed10,,no_complete_result,,,spectral_flow,,,configs/experiments/fm_spectral_table45_original_queue.v1.json,faa4b4ab33f6bf98a88bda5a72cf903e7d90d430014b01d2383d17ccc5129154,,
spectral_table4__spectral_flow__interpolate_0p3__seed10,,stock,,,configs/models/fm_spectral_table4__spectral_flow__interpolate_0p3__seed10.json,,,,,,,,,,,,experiments/runs/fm_spectral_table45_original_v1/jobs/spectral_table4__spectral_flow__interpolate_0p3__seed10,F:\aicoding\IIA_Data\experiments\spectral_table45_original_v1\spectral_table4__spectral_flow__interpolate_0p3__seed10,,no_complete_result,,,spectral_flow,,,configs/experiments/fm_spectral_table45_original_queue.v1.json,0dc69c462dff101a0cea0c13bdf5fefd70294dfbeb38b94988310f32cd2ad270,,
spectral_table4__spectral_flow__interpolate_0p5__seed10,,stock,,,configs/models/fm_spectral_table4__spectral_flow__interpolate_0p5__seed10.json,,,,,,,,,,,,experiments/runs/fm_spectral_table45_original_v1/jobs/spectral_table4__spectral_flow__interpolate_0p5__seed10,F:\aicoding\IIA_Data\experiments\spectral_table45_original_v1\spectral_table4__spectral_flow__interpolate_0p5__seed10,,no_complete_result,,,spectral_flow,,,configs/experiments/fm_spectral_table45_original_queue.v1.json,33ad30764075214e707c37441a8fbfaa96008801327f6b06120ef80ebfa12abc,,
spectral_table4__spectral_flow__interpolate_0p7__seed10,,stock,,,configs/models/fm_spectral_table4__spectral_flow__interpolate_0p7__seed10.json,,,,,,,,,,,,experiments/runs/fm_spectral_table45_original_v1/jobs/spectral_table4__spectral_flow__interpolate_0p7__seed10,F:\aicoding\IIA_Data\experiments\spectral_table45_original_v1\spectral_table4__spectral_flow__interpolate_0p7__seed10,,no_complete_result,,,spectral_flow,,,configs/experiments/fm_spectral_table45_original_queue.v1.json,3952957407a21b19935b0200c8c9665ad982b799f72f94b9f549357e67478b05,,
spectral_table4__spectral_flow__joint_0p3__seed10,,stock,,,configs/models/fm_spectral_table4__spectral_flow__joint_0p3__seed10.json,,,,,,,,,,,,experiments/runs/fm_spectral_table45_original_v1/jobs/spectral_table4__spectral_flow__joint_0p3__seed10,F:\aicoding\IIA_Data\experiments\spectral_table45_original_v1\spectral_table4__spectral_flow__joint_0p3__seed10,,no_complete_result,,,spectral_flow,,,configs/experiments/fm_spectral_table45_original_queue.v1.json,c274b730f79b13ca42b4afb7c126c3ff03b472fb86b585c8a3f6b68f56c1d909,,
spectral_table4__spectral_flow__joint_0p5__seed10,,stock,,,configs/models/fm_spectral_table4__spectral_flow__joint_0p5__seed10.json,,,,,,,,,,,,experiments/runs/fm_spectral_table45_original_v1/jobs/spectral_table4__spectral_flow__joint_0p5__seed10,F:\aicoding\IIA_Data\experiments\spectral_table45_original_v1\spectral_table4__spectral_flow__joint_0p5__seed10,,no_complete_result,,,spectral_flow,,,configs/experiments/fm_spectral_table45_original_queue.v1.json,91e6b3617d238c09b53545fbaca9d4db6eda14f5527981cd4cff82d423e0507b,,
spectral_table4__spectral_flow__joint_0p7__seed10,,stock,,,configs/models/fm_spectral_table4__spectral_flow__joint_0p7__seed10.json,,,,,,,,,,,,experiments/runs/fm_spectral_table45_original_v1/jobs/spectral_table4__spectral_flow__joint_0p7__seed10,F:\aicoding\IIA_Data\experiments\spectral_table45_original_v1\spectral_table4__spectral_flow__joint_0p7__seed10,,no_complete_result,,,spectral_flow,,,configs/experiments/fm_spectral_table45_original_queue.v1.json,dbc89f52e8d2d60f2925a93289ca9d8d1781f5cbd6a81177b9016f91fae78bf5,,
spectral_table4__kovae__regular__seed10,,stock,,,configs/models/fm_spectral_table4__kovae__regular__seed10.json,,,,,,,,,,,,experiments/runs/fm_spectral_table45_original_v1/jobs/spectral_table4__kovae__regular__seed10,F:\aicoding\IIA_Data\experiments\spectral_table45_original_v1\spectral_table4__kovae__regular__seed10,,no_complete_result,,,kovae,,,configs/experiments/fm_spectral_table45_original_queue.v1.json,243998853022bd363661566f0d06ea14aee635a6f9a4505d54e4eff5875ea2ff,,
spectral_table4__kovae__interpolate_0p3__seed10,,stock,,,configs/models/fm_spectral_table4__kovae__interpolate_0p3__seed10.json,,,,,,,,,,,,experiments/runs/fm_spectral_table45_original_v1/jobs/spectral_table4__kovae__interpolate_0p3__seed10,F:\aicoding\IIA_Data\experiments\spectral_table45_original_v1\spectral_table4__kovae__interpolate_0p3__seed10,,no_complete_result,,,kovae,,,configs/experiments/fm_spectral_table45_original_queue.v1.json,f47c44c9d42048caf1d7a65122f9c302690a5bea4727a4791199952b7c2ac6fc,,
spectral_table4__kovae__interpolate_0p5__seed10,,stock,,,configs/models/fm_spectral_table4__kovae__interpolate_0p5__seed10.json,,,,,,,,,,,,experiments/runs/fm_spectral_table45_original_v1/jobs/spectral_table4__kovae__interpolate_0p5__seed10,F:\aicoding\IIA_Data\experiments\spectral_table45_original_v1\spectral_table4__kovae__interpolate_0p5__seed10,,no_complete_result,,,kovae,,,configs/experiments/fm_spectral_table45_original_queue.v1.json,3b03d2cd8d5eb157d416dcab1e1ccf3016cbe9535b6a7a33fecaf89ca56e1646,,
spectral_table4__kovae__interpolate_0p7__seed10,,stock,,,configs/models/fm_spectral_table4__kovae__interpolate_0p7__seed10.json,,,,,,,,,,,,experiments/runs/fm_spectral_table45_original_v1/jobs/spectral_table4__kovae__interpolate_0p7__seed10,F:\aicoding\IIA_Data\experiments\spectral_table45_original_v1\spectral_table4__kovae__interpolate_0p7__seed10,,no_complete_result,,,kovae,,,configs/experiments/fm_spectral_table45_original_queue.v1.json,575ac97d2fc701fee9228193e406c1bdbcf688107efdc6594b302d7998d04f61,,
spectral_table4__kovae__joint_0p3__seed10,,stock,,,configs/models/fm_spectral_table4__kovae__joint_0p3__seed10.json,,,,,,,,,,,,experiments/runs/fm_spectral_table45_original_v1/jobs/spectral_table4__kovae__joint_0p3__seed10,F:\aicoding\IIA_Data\experiments\spectral_table45_original_v1\spectral_table4__kovae__joint_0p3__seed10,,no_complete_result,,,kovae,,,configs/experiments/fm_spectral_table45_original_queue.v1.json,6553eff93d94c9674c50a973fd422b5483d815a17507c8535148bd4590c28fd0,,
spectral_table4__kovae__joint_0p5__seed10,,stock,,,configs/models/fm_spectral_table4__kovae__joint_0p5__seed10.json,,,,,,,,,,,,experiments/runs/fm_spectral_table45_original_v1/jobs/spectral_table4__kovae__joint_0p5__seed10,F:\aicoding\IIA_Data\experiments\spectral_table45_original_v1\spectral_table4__kovae__joint_0p5__seed10,,no_complete_result,,,kovae,,,configs/experiments/fm_spectral_table45_original_queue.v1.json,e4fe6ff7ad09a0901fe1533420aab11c6baa465d69ba508d2e84b9add071b61e,,
spectral_table4__kovae__joint_0p7__seed10,,stock,,,configs/models/fm_spectral_table4__kovae__joint_0p7__seed10.json,,,,,,,,,,,,experiments/runs/fm_spectral_table45_original_v1/jobs/spectral_table4__kovae__joint_0p7__seed10,F:\aicoding\IIA_Data\experiments\spectral_table45_original_v1\spectral_table4__kovae__joint_0p7__seed10,,no_complete_result,,,kovae,,,configs/experiments/fm_spectral_table45_original_queue.v1.json,96d045526663fa9290b94159402018d7b837fc067f56e8ecf0177d64c8e1ab53,,
