id,profile,dataset,entity,seed,status,result_path,result_sha256,metric_path,value
grasp_protocol_v3__gnn__swan__swan_sf__seed1103,gnn,swan,swan_sf,1103,completed,experiments/runs/fm_grasp_protocol_v3/jobs/grasp_protocol_v3__gnn__swan__swan_sf__seed1103/result.json,e41868a7b88e66b864bba147648e724ae579c0d5d12485af475e2657624df7be,job.seed,1103
grasp_protocol_v3__gnn__swan__swan_sf__seed1103,gnn,swan,swan_sf,1103,completed,experiments/runs/fm_grasp_protocol_v3/jobs/grasp_protocol_v3__gnn__swan__swan_sf__seed1103/result.json,e41868a7b88e66b864bba147648e724ae579c0d5d12485af475e2657624df7be,job.expected_optimizer_updates,93000
grasp_protocol_v3__gnn__swan__swan_sf__seed1103,gnn,swan,swan_sf,1103,completed,experiments/runs/fm_grasp_protocol_v3/jobs/grasp_protocol_v3__gnn__swan__swan_sf__seed1103/result.json,e41868a7b88e66b864bba147648e724ae579c0d5d12485af475e2657624df7be,job.test_points,72000
grasp_protocol_v3__gnn__swan__swan_sf__seed1103,gnn,swan,swan_sf,1103,completed,experiments/runs/fm_grasp_protocol_v3/jobs/grasp_protocol_v3__gnn__swan__swan_sf__seed1103/result.json,e41868a7b88e66b864bba147648e724ae579c0d5d12485af475e2657624df7be,job.validation_points,3935
grasp_protocol_v3__gnn__swan__swan_sf__seed1103,gnn,swan,swan_sf,1103,completed,experiments/runs/fm_grasp_protocol_v3/jobs/grasp_protocol_v3__gnn__swan__swan_sf__seed1103/result.json,e41868a7b88e66b864bba147648e724ae579c0d5d12485af475e2657624df7be,job.score_recipes[0].source_samples,5
grasp_protocol_v3__gnn__swan__swan_sf__seed1103,gnn,swan,swan_sf,1103,completed,experiments/runs/fm_grasp_protocol_v3/jobs/grasp_protocol_v3__gnn__swan__swan_sf__seed1103/result.json,e41868a7b88e66b864bba147648e724ae579c0d5d12485af475e2657624df7be,job.score_recipes[0].flow_evaluations,10
grasp_protocol_v3__gnn__swan__swan_sf__seed1103,gnn,swan,swan_sf,1103,completed,experiments/runs/fm_grasp_protocol_v3/jobs/grasp_protocol_v3__gnn__swan__swan_sf__seed1103/result.json,e41868a7b88e66b864bba147648e724ae579c0d5d12485af475e2657624df7be,epochs_completed,1500
grasp_protocol_v3__gnn__swan__swan_sf__seed1103,gnn,swan,swan_sf,1103,completed,experiments/runs/fm_grasp_protocol_v3/jobs/grasp_protocol_v3__gnn__swan__swan_sf__seed1103/result.json,e41868a7b88e66b864bba147648e724ae579c0d5d12485af475e2657624df7be,optimizer_updates,93000
grasp_protocol_v3__gnn__swan__swan_sf__seed1103,gnn,swan,swan_sf,1103,completed,experiments/runs/fm_grasp_protocol_v3/jobs/grasp_protocol_v3__gnn__swan__swan_sf__seed1103/result.json,e41868a7b88e66b864bba147648e724ae579c0d5d12485af475e2657624df7be,scored_points,72000
grasp_protocol_v3__gnn__swan__swan_sf__seed1103,gnn,swan,swan_sf,1103,completed,experiments/runs/fm_grasp_protocol_v3/jobs/grasp_protocol_v3__gnn__swan__swan_sf__seed1103/result.json,e41868a7b88e66b864bba147648e724ae579c0d5d12485af475e2657624df7be,validation_points,3935
grasp_protocol_v3__gnn__swan__swan_sf__seed1103,gnn,swan,swan_sf,1103,completed,experiments/runs/fm_grasp_protocol_v3/jobs/grasp_protocol_v3__gnn__swan__swan_sf__seed1103/result.json,e41868a7b88e66b864bba147648e724ae579c0d5d12485af475e2657624df7be,score_recipes[0].source_samples,5
grasp_protocol_v3__gnn__swan__swan_sf__seed1103,gnn,swan,swan_sf,1103,completed,experiments/runs/fm_grasp_protocol_v3/jobs/grasp_protocol_v3__gnn__swan__swan_sf__seed1103/result.json,e41868a7b88e66b864bba147648e724ae579c0d5d12485af475e2657624df7be,score_recipes[0].flow_evaluations,10
grasp_protocol_v3__gnn__swan__swan_sf__seed1103,gnn,swan,swan_sf,1103,completed,experiments/runs/fm_grasp_protocol_v3/jobs/grasp_protocol_v3__gnn__swan__swan_sf__seed1103/result.json,e41868a7b88e66b864bba147648e724ae579c0d5d12485af475e2657624df7be,parameter_count,54706
grasp_protocol_v3__gnn__swan__swan_sf__seed1103,gnn,swan,swan_sf,1103,completed,experiments/runs/fm_grasp_protocol_v3/jobs/grasp_protocol_v3__gnn__swan__swan_sf__seed1103/result.json,e41868a7b88e66b864bba147648e724ae579c0d5d12485af475e2657624df7be,training_seconds,1732.4290981001686
grasp_protocol_v3__gnn__swan__swan_sf__seed1103,gnn,swan,swan_sf,1103,completed,experiments/runs/fm_grasp_protocol_v3/jobs/grasp_protocol_v3__gnn__swan__swan_sf__seed1103/result.json,e41868a7b88e66b864bba147648e724ae579c0d5d12485af475e2657624df7be,peak_cuda_allocated_bytes,133625856
grasp_protocol_v3__gnn__swan__swan_sf__seed1103,gnn,swan,swan_sf,1103,completed,experiments/runs/fm_grasp_protocol_v3/jobs/grasp_protocol_v3__gnn__swan__swan_sf__seed1103/result.json,e41868a7b88e66b864bba147648e724ae579c0d5d12485af475e2657624df7be,peak_cuda_reserved_bytes,161480704
grasp_protocol_v3__gnn__swan__swan_sf__seed1103,gnn,swan,swan_sf,1103,completed,experiments/runs/fm_grasp_protocol_v3/jobs/grasp_protocol_v3__gnn__swan__swan_sf__seed1103/result.json,e41868a7b88e66b864bba147648e724ae579c0d5d12485af475e2657624df7be,cpu_threads,2
grasp_protocol_v3__gnn__swan__swan_sf__seed1103,gnn,swan,swan_sf,1103,completed,experiments/runs/fm_grasp_protocol_v3/jobs/grasp_protocol_v3__gnn__swan__swan_sf__seed1103/result.json,e41868a7b88e66b864bba147648e724ae579c0d5d12485af475e2657624df7be,metrics[0].recipe.source_samples,5
grasp_protocol_v3__gnn__swan__swan_sf__seed1103,gnn,swan,swan_sf,1103,completed,experiments/runs/fm_grasp_protocol_v3/jobs/grasp_protocol_v3__gnn__swan__swan_sf__seed1103/result.json,e41868a7b88e66b864bba147648e724ae579c0d5d12485af475e2657624df7be,metrics[0].recipe.flow_evaluations,10
grasp_protocol_v3__gnn__swan__swan_sf__seed1103,gnn,swan,swan_sf,1103,completed,experiments/runs/fm_grasp_protocol_v3/jobs/grasp_protocol_v3__gnn__swan__swan_sf__seed1103/result.json,e41868a7b88e66b864bba147648e724ae579c0d5d12485af475e2657624df7be,metrics[0].metrics.paper_retrospective.AP,0.4120569090206635
grasp_protocol_v3__gnn__swan__swan_sf__seed1103,gnn,swan,swan_sf,1103,completed,experiments/runs/fm_grasp_protocol_v3/jobs/grasp_protocol_v3__gnn__swan__swan_sf__seed1103/result.json,e41868a7b88e66b864bba147648e724ae579c0d5d12485af475e2657624df7be,metrics[0].metrics.paper_retrospective.ROC,0.6049448230907122
grasp_protocol_v3__gnn__swan__swan_sf__seed1103,gnn,swan,swan_sf,1103,completed,experiments/runs/fm_grasp_protocol_v3/jobs/grasp_protocol_v3__gnn__swan__swan_sf__seed1103/result.json,e41868a7b88e66b864bba147648e724ae579c0d5d12485af475e2657624df7be,metrics[0].metrics.paper_retrospective.Best_F1,0.46551041433458495
grasp_protocol_v3__gnn__swan__swan_sf__seed1103,gnn,swan,swan_sf,1103,completed,experiments/runs/fm_grasp_protocol_v3/jobs/grasp_protocol_v3__gnn__swan__swan_sf__seed1103/result.json,e41868a7b88e66b864bba147648e724ae579c0d5d12485af475e2657624df7be,metrics[0].metrics.validation_only_control.precision,0.36773093614383134
grasp_protocol_v3__gnn__swan__swan_sf__seed1103,gnn,swan,swan_sf,1103,completed,experiments/runs/fm_grasp_protocol_v3/jobs/grasp_protocol_v3__gnn__swan__swan_sf__seed1103/result.json,e41868a7b88e66b864bba147648e724ae579c0d5d12485af475e2657624df7be,metrics[0].metrics.validation_only_control.recall,0.5901990049751243
grasp_protocol_v3__gnn__swan__swan_sf__seed1103,gnn,swan,swan_sf,1103,completed,experiments/runs/fm_grasp_protocol_v3/jobs/grasp_protocol_v3__gnn__swan__swan_sf__seed1103/result.json,e41868a7b88e66b864bba147648e724ae579c0d5d12485af475e2657624df7be,metrics[0].metrics.validation_only_control.f1,0.4531321619556914
grasp_protocol_v3__gnn__swan__swan_sf__seed1103,gnn,swan,swan_sf,1103,completed,experiments/runs/fm_grasp_protocol_v3/jobs/grasp_protocol_v3__gnn__swan__swan_sf__seed1103/result.json,e41868a7b88e66b864bba147648e724ae579c0d5d12485af475e2657624df7be,metrics[0].metrics.validation_only_control.threshold,19915.414651562478
grasp_protocol_v3__gnn__swan__swan_sf__seed1103,gnn,swan,swan_sf,1103,completed,experiments/runs/fm_grasp_protocol_v3/jobs/grasp_protocol_v3__gnn__swan__swan_sf__seed1103/result.json,e41868a7b88e66b864bba147648e724ae579c0d5d12485af475e2657624df7be,metrics[0].metrics.validation_only_control.quantile,0.99
grasp_protocol_v3__gnn__swan__swan_sf__seed1103,gnn,swan,swan_sf,1103,completed,experiments/runs/fm_grasp_protocol_v3/jobs/grasp_protocol_v3__gnn__swan__swan_sf__seed1103/result.json,e41868a7b88e66b864bba147648e724ae579c0d5d12485af475e2657624df7be,metrics[0].validation_score_seconds,4.965675699990243
grasp_protocol_v3__gnn__swan__swan_sf__seed1103,gnn,swan,swan_sf,1103,completed,experiments/runs/fm_grasp_protocol_v3/jobs/grasp_protocol_v3__gnn__swan__swan_sf__seed1103/result.json,e41868a7b88e66b864bba147648e724ae579c0d5d12485af475e2657624df7be,metrics[0].test_score_seconds,85.80595349986106
grasp_protocol_v3__gnn__swan__swan_sf__seed1103,gnn,swan,swan_sf,1103,completed,experiments/runs/fm_grasp_protocol_v3/jobs/grasp_protocol_v3__gnn__swan__swan_sf__seed1103/result.json,e41868a7b88e66b864bba147648e724ae579c0d5d12485af475e2657624df7be,metrics[0].window_evaluations,71951
grasp_protocol_v3__gnn__swan__swan_sf__seed1103,gnn,swan,swan_sf,1103,completed,experiments/runs/fm_grasp_protocol_v3/jobs/grasp_protocol_v3__gnn__swan__swan_sf__seed1103/result.json,e41868a7b88e66b864bba147648e724ae579c0d5d12485af475e2657624df7be,data_audit.raw_train_points,19672
grasp_protocol_v3__gnn__swan__swan_sf__seed1103,gnn,swan,swan_sf,1103,completed,experiments/runs/fm_grasp_protocol_v3/jobs/grasp_protocol_v3__gnn__swan__swan_sf__seed1103/result.json,e41868a7b88e66b864bba147648e724ae579c0d5d12485af475e2657624df7be,data_audit.split_cut,15737
grasp_protocol_v3__gnn__swan__swan_sf__seed1103,gnn,swan,swan_sf,1103,completed,experiments/runs/fm_grasp_protocol_v3/jobs/grasp_protocol_v3__gnn__swan__swan_sf__seed1103/result.json,e41868a7b88e66b864bba147648e724ae579c0d5d12485af475e2657624df7be,data_audit.fit_points,15737
grasp_protocol_v3__gnn__swan__swan_sf__seed1103,gnn,swan,swan_sf,1103,completed,experiments/runs/fm_grasp_protocol_v3/jobs/grasp_protocol_v3__gnn__swan__swan_sf__seed1103/result.json,e41868a7b88e66b864bba147648e724ae579c0d5d12485af475e2657624df7be,data_audit.validation_points,3935
grasp_protocol_v3__gnn__swan__swan_sf__seed1103,gnn,swan,swan_sf,1103,completed,experiments/runs/fm_grasp_protocol_v3/jobs/grasp_protocol_v3__gnn__swan__swan_sf__seed1103/result.json,e41868a7b88e66b864bba147648e724ae579c0d5d12485af475e2657624df7be,data_audit.test_points,72000
grasp_protocol_v3__gnn__swan__swan_sf__seed1103,gnn,swan,swan_sf,1103,completed,experiments/runs/fm_grasp_protocol_v3/jobs/grasp_protocol_v3__gnn__swan__swan_sf__seed1103/result.json,e41868a7b88e66b864bba147648e724ae579c0d5d12485af475e2657624df7be,data_audit.test_anomaly_points,20100
grasp_protocol_v3__gnn__swan__swan_sf__seed1103,gnn,swan,swan_sf,1103,completed,experiments/runs/fm_grasp_protocol_v3/jobs/grasp_protocol_v3__gnn__swan__swan_sf__seed1103/result.json,e41868a7b88e66b864bba147648e724ae579c0d5d12485af475e2657624df7be,data_audit.features,38
grasp_protocol_v3__gnn__swan__swan_sf__seed1103,gnn,swan,swan_sf,1103,completed,experiments/runs/fm_grasp_protocol_v3/jobs/grasp_protocol_v3__gnn__swan__swan_sf__seed1103/result.json,e41868a7b88e66b864bba147648e724ae579c0d5d12485af475e2657624df7be,data_audit.paper_variables,39
grasp_protocol_v3__gnn__swan__swan_sf__seed1103,gnn,swan,swan_sf,1103,completed,experiments/runs/fm_grasp_protocol_v3/jobs/grasp_protocol_v3__gnn__swan__swan_sf__seed1103/result.json,e41868a7b88e66b864bba147648e724ae579c0d5d12485af475e2657624df7be,data_audit.fit_window_count,15688
grasp_protocol_v3__gnn__swan__swan_sf__seed1103,gnn,swan,swan_sf,1103,completed,experiments/runs/fm_grasp_protocol_v3/jobs/grasp_protocol_v3__gnn__swan__swan_sf__seed1103/result.json,e41868a7b88e66b864bba147648e724ae579c0d5d12485af475e2657624df7be,data_audit.validation_window_count,3886
grasp_protocol_v3__gnn__swan__swan_sf__seed1103,gnn,swan,swan_sf,1103,completed,experiments/runs/fm_grasp_protocol_v3/jobs/grasp_protocol_v3__gnn__swan__swan_sf__seed1103/result.json,e41868a7b88e66b864bba147648e724ae579c0d5d12485af475e2657624df7be,data_audit.test_window_count,71951
grasp_protocol_v3__gnn__swan__swan_sf__seed1103,gnn,swan,swan_sf,1103,completed,experiments/runs/fm_grasp_protocol_v3/jobs/grasp_protocol_v3__gnn__swan__swan_sf__seed1103/result.json,e41868a7b88e66b864bba147648e724ae579c0d5d12485af475e2657624df7be,data_audit.source_audit.training_anomaly_points,0
grasp_protocol_v3__gnn__swan__swan_sf__seed1103,gnn,swan,swan_sf,1103,completed,experiments/runs/fm_grasp_protocol_v3/jobs/grasp_protocol_v3__gnn__swan__swan_sf__seed1103/result.json,e41868a7b88e66b864bba147648e724ae579c0d5d12485af475e2657624df7be,data_audit.train_only_scaler.median[0],109.79161766427605
grasp_protocol_v3__gnn__swan__swan_sf__seed1103,gnn,swan,swan_sf,1103,completed,experiments/runs/fm_grasp_protocol_v3/jobs/grasp_protocol_v3__gnn__swan__swan_sf__seed1103/result.json,e41868a7b88e66b864bba147648e724ae579c0d5d12485af475e2657624df7be,data_audit.train_only_scaler.median[1],902576622.3893
grasp_protocol_v3__gnn__swan__swan_sf__seed1103,gnn,swan,swan_sf,1103,completed,experiments/runs/fm_grasp_protocol_v3/jobs/grasp_protocol_v3__gnn__swan__swan_sf__seed1103/result.json,e41868a7b88e66b864bba147648e724ae579c0d5d12485af475e2657624df7be,data_audit.train_only_scaler.median[2],7.167510432855177e+21
grasp_protocol_v3__gnn__swan__swan_sf__seed1103,gnn,swan,swan_sf,1103,completed,experiments/runs/fm_grasp_protocol_v3/jobs/grasp_protocol_v3__gnn__swan__swan_sf__seed1103/result.json,e41868a7b88e66b864bba147648e724ae579c0d5d12485af475e2657624df7be,data_audit.train_only_scaler.median[3],2295775301630.038
grasp_protocol_v3__gnn__swan__swan_sf__seed1103,gnn,swan,swan_sf,1103,completed,experiments/runs/fm_grasp_protocol_v3/jobs/grasp_protocol_v3__gnn__swan__swan_sf__seed1103/result.json,e41868a7b88e66b864bba147648e724ae579c0d5d12485af475e2657624df7be,data_audit.train_only_scaler.median[4],7.525211717955138
grasp_protocol_v3__gnn__swan__swan_sf__seed1103,gnn,swan,swan_sf,1103,completed,experiments/runs/fm_grasp_protocol_v3/jobs/grasp_protocol_v3__gnn__swan__swan_sf__seed1103/result.json,e41868a7b88e66b864bba147648e724ae579c0d5d12485af475e2657624df7be,data_audit.train_only_scaler.median[5],644965299185.6748
grasp_protocol_v3__gnn__swan__swan_sf__seed1103,gnn,swan,swan_sf,1103,completed,experiments/runs/fm_grasp_protocol_v3/jobs/grasp_protocol_v3__gnn__swan__swan_sf__seed1103/result.json,e41868a7b88e66b864bba147648e724ae579c0d5d12485af475e2657624df7be,data_audit.train_only_scaler.median[6],1.5930829208471184e+21
grasp_protocol_v3__gnn__swan__swan_sf__seed1103,gnn,swan,swan_sf,1103,completed,experiments/runs/fm_grasp_protocol_v3/jobs/grasp_protocol_v3__gnn__swan__swan_sf__seed1103/result.json,e41868a7b88e66b864bba147648e724ae579c0d5d12485af475e2657624df7be,data_audit.train_only_scaler.median[7],-6.896515213991394e+23
grasp_protocol_v3__gnn__swan__swan_sf__seed1103,gnn,swan,swan_sf,1103,completed,experiments/runs/fm_grasp_protocol_v3/jobs/grasp_protocol_v3__gnn__swan__swan_sf__seed1103/result.json,e41868a7b88e66b864bba147648e724ae579c0d5d12485af475e2657624df7be,data_audit.train_only_scaler.median[8],1881.226580056299
grasp_protocol_v3__gnn__swan__swan_sf__seed1103,gnn,swan,swan_sf,1103,completed,experiments/runs/fm_grasp_protocol_v3/jobs/grasp_protocol_v3__gnn__swan__swan_sf__seed1103/result.json,e41868a7b88e66b864bba147648e724ae579c0d5d12485af475e2657624df7be,data_audit.train_only_scaler.median[9],-0.5826949720780651
grasp_protocol_v3__gnn__swan__swan_sf__seed1103,gnn,swan,swan_sf,1103,completed,experiments/runs/fm_grasp_protocol_v3/jobs/grasp_protocol_v3__gnn__swan__swan_sf__seed1103/result.json,e41868a7b88e66b864bba147648e724ae579c0d5d12485af475e2657624df7be,data_audit.train_only_scaler.median[10],23.2614382342434
grasp_protocol_v3__gnn__swan__swan_sf__seed1103,gnn,swan,swan_sf,1103,completed,experiments/runs/fm_grasp_protocol_v3/jobs/grasp_protocol_v3__gnn__swan__swan_sf__seed1103/result.json,e41868a7b88e66b864bba147648e724ae579c0d5d12485af475e2657624df7be,data_audit.train_only_scaler.median[11],4.1031652989449015
grasp_protocol_v3__gnn__swan__swan_sf__seed1103,gnn,swan,swan_sf,1103,completed,experiments/runs/fm_grasp_protocol_v3/jobs/grasp_protocol_v3__gnn__swan__swan_sf__seed1103/result.json,e41868a7b88e66b864bba147648e724ae579c0d5d12485af475e2657624df7be,data_audit.train_only_scaler.median[12],30.334544652596342
grasp_protocol_v3__gnn__swan__swan_sf__seed1103,gnn,swan,swan_sf,1103,completed,experiments/runs/fm_grasp_protocol_v3/jobs/grasp_protocol_v3__gnn__swan__swan_sf__seed1103/result.json,e41868a7b88e66b864bba147648e724ae579c0d5d12485af475e2657624df7be,data_audit.train_only_scaler.median[13],123.55687630744043
grasp_protocol_v3__gnn__swan__swan_sf__seed1103,gnn,swan,swan_sf,1103,completed,experiments/runs/fm_grasp_protocol_v3/jobs/grasp_protocol_v3__gnn__swan__swan_sf__seed1103/result.json,e41868a7b88e66b864bba147648e724ae579c0d5d12485af475e2657624df7be,data_audit.train_only_scaler.median[14],124.10909511835108
grasp_protocol_v3__gnn__swan__swan_sf__seed1103,gnn,swan,swan_sf,1103,completed,experiments/runs/fm_grasp_protocol_v3/jobs/grasp_protocol_v3__gnn__swan__swan_sf__seed1103/result.json,e41868a7b88e66b864bba147648e724ae579c0d5d12485af475e2657624df7be,data_audit.train_only_scaler.median[15],53.50452393957681
grasp_protocol_v3__gnn__swan__swan_sf__seed1103,gnn,swan,swan_sf,1103,completed,experiments/runs/fm_grasp_protocol_v3/jobs/grasp_protocol_v3__gnn__swan__swan_sf__seed1103/result.json,e41868a7b88e66b864bba147648e724ae579c0d5d12485af475e2657624df7be,data_audit.train_only_scaler.median[16],0.0007316367027569
grasp_protocol_v3__gnn__swan__swan_sf__seed1103,gnn,swan,swan_sf,1103,completed,experiments/runs/fm_grasp_protocol_v3/jobs/grasp_protocol_v3__gnn__swan__swan_sf__seed1103/result.json,e41868a7b88e66b864bba147648e724ae579c0d5d12485af475e2657624df7be,data_audit.train_only_scaler.median[17],-1.612043362204535e+22
grasp_protocol_v3__gnn__swan__swan_sf__seed1103,gnn,swan,swan_sf,1103,completed,experiments/runs/fm_grasp_protocol_v3/jobs/grasp_protocol_v3__gnn__swan__swan_sf__seed1103/result.json,e41868a7b88e66b864bba147648e724ae579c0d5d12485af475e2657624df7be,data_audit.train_only_scaler.median[18],0.1806838037433196
grasp_protocol_v3__gnn__swan__swan_sf__seed1103,gnn,swan,swan_sf,1103,completed,experiments/runs/fm_grasp_protocol_v3/jobs/grasp_protocol_v3__gnn__swan__swan_sf__seed1103/result.json,e41868a7b88e66b864bba147648e724ae579c0d5d12485af475e2657624df7be,data_audit.train_only_scaler.median[19],0.0024643825097276
grasp_protocol_v3__gnn__swan__swan_sf__seed1103,gnn,swan,swan_sf,1103,completed,experiments/runs/fm_grasp_protocol_v3/jobs/grasp_protocol_v3__gnn__swan__swan_sf__seed1103/result.json,e41868a7b88e66b864bba147648e724ae579c0d5d12485af475e2657624df7be,data_audit.train_only_scaler.median[20],-1.7582466676047812e+22
grasp_protocol_v3__gnn__swan__swan_sf__seed1103,gnn,swan,swan_sf,1103,completed,experiments/runs/fm_grasp_protocol_v3/jobs/grasp_protocol_v3__gnn__swan__swan_sf__seed1103/result.json,e41868a7b88e66b864bba147648e724ae579c0d5d12485af475e2657624df7be,data_audit.train_only_scaler.median[21],0.0248835927535584
grasp_protocol_v3__gnn__swan__swan_sf__seed1103,gnn,swan,swan_sf,1103,completed,experiments/runs/fm_grasp_protocol_v3/jobs/grasp_protocol_v3__gnn__swan__swan_sf__seed1103/result.json,e41868a7b88e66b864bba147648e724ae579c0d5d12485af475e2657624df7be,data_audit.train_only_scaler.median[22],0.0411580664279638
grasp_protocol_v3__gnn__swan__swan_sf__seed1103,gnn,swan,swan_sf,1103,completed,experiments/runs/fm_grasp_protocol_v3/jobs/grasp_protocol_v3__gnn__swan__swan_sf__seed1103/result.json,e41868a7b88e66b864bba147648e724ae579c0d5d12485af475e2657624df7be,data_audit.train_only_scaler.median[23],0.0
grasp_protocol_v3__gnn__swan__swan_sf__seed1103,gnn,swan,swan_sf,1103,completed,experiments/runs/fm_grasp_protocol_v3/jobs/grasp_protocol_v3__gnn__swan__swan_sf__seed1103/result.json,e41868a7b88e66b864bba147648e724ae579c0d5d12485af475e2657624df7be,data_audit.train_only_scaler.median[24],223.862839
grasp_protocol_v3__gnn__swan__swan_sf__seed1103,gnn,swan,swan_sf,1103,completed,experiments/runs/fm_grasp_protocol_v3/jobs/grasp_protocol_v3__gnn__swan__swan_sf__seed1103/result.json,e41868a7b88e66b864bba147648e724ae579c0d5d12485af475e2657624df7be,data_audit.train_only_scaler.median[25],263.178192
grasp_protocol_v3__gnn__swan__swan_sf__seed1103,gnn,swan,swan_sf,1103,completed,experiments/runs/fm_grasp_protocol_v3/jobs/grasp_protocol_v3__gnn__swan__swan_sf__seed1103/result.json,e41868a7b88e66b864bba147648e724ae579c0d5d12485af475e2657624df7be,data_audit.train_only_scaler.median[26],3.667938
grasp_protocol_v3__gnn__swan__swan_sf__seed1103,gnn,swan,swan_sf,1103,completed,experiments/runs/fm_grasp_protocol_v3/jobs/grasp_protocol_v3__gnn__swan__swan_sf__seed1103/result.json,e41868a7b88e66b864bba147648e724ae579c0d5d12485af475e2657624df7be,data_audit.train_only_scaler.median[27],-2.074256
grasp_protocol_v3__gnn__swan__swan_sf__seed1103,gnn,swan,swan_sf,1103,completed,experiments/runs/fm_grasp_protocol_v3/jobs/grasp_protocol_v3__gnn__swan__swan_sf__seed1103/result.json,e41868a7b88e66b864bba147648e724ae579c0d5d12485af475e2657624df7be,data_audit.train_only_scaler.median[28],6.692411
grasp_protocol_v3__gnn__swan__swan_sf__seed1103,gnn,swan,swan_sf,1103,completed,experiments/runs/fm_grasp_protocol_v3/jobs/grasp_protocol_v3__gnn__swan__swan_sf__seed1103/result.json,e41868a7b88e66b864bba147648e724ae579c0d5d12485af475e2657624df7be,data_audit.train_only_scaler.median[29],10.207301
grasp_protocol_v3__gnn__swan__swan_sf__seed1103,gnn,swan,swan_sf,1103,completed,experiments/runs/fm_grasp_protocol_v3/jobs/grasp_protocol_v3__gnn__swan__swan_sf__seed1103/result.json,e41868a7b88e66b864bba147648e724ae579c0d5d12485af475e2657624df7be,data_audit.train_only_scaler.median[30],0.0
grasp_protocol_v3__gnn__swan__swan_sf__seed1103,gnn,swan,swan_sf,1103,completed,experiments/runs/fm_grasp_protocol_v3/jobs/grasp_protocol_v3__gnn__swan__swan_sf__seed1103/result.json,e41868a7b88e66b864bba147648e724ae579c0d5d12485af475e2657624df7be,data_audit.train_only_scaler.median[31],1.0
grasp_protocol_v3__gnn__swan__swan_sf__seed1103,gnn,swan,swan_sf,1103,completed,experiments/runs/fm_grasp_protocol_v3/jobs/grasp_protocol_v3__gnn__swan__swan_sf__seed1103/result.json,e41868a7b88e66b864bba147648e724ae579c0d5d12485af475e2657624df7be,data_audit.train_only_scaler.median[32],0.0
grasp_protocol_v3__gnn__swan__swan_sf__seed1103,gnn,swan,swan_sf,1103,completed,experiments/runs/fm_grasp_protocol_v3/jobs/grasp_protocol_v3__gnn__swan__swan_sf__seed1103/result.json,e41868a7b88e66b864bba147648e724ae579c0d5d12485af475e2657624df7be,data_audit.train_only_scaler.median[33],0.0
grasp_protocol_v3__gnn__swan__swan_sf__seed1103,gnn,swan,swan_sf,1103,completed,experiments/runs/fm_grasp_protocol_v3/jobs/grasp_protocol_v3__gnn__swan__swan_sf__seed1103/result.json,e41868a7b88e66b864bba147648e724ae579c0d5d12485af475e2657624df7be,data_audit.train_only_scaler.median[34],0.0
grasp_protocol_v3__gnn__swan__swan_sf__seed1103,gnn,swan,swan_sf,1103,completed,experiments/runs/fm_grasp_protocol_v3/jobs/grasp_protocol_v3__gnn__swan__swan_sf__seed1103/result.json,e41868a7b88e66b864bba147648e724ae579c0d5d12485af475e2657624df7be,data_audit.train_only_scaler.median[35],0.0
grasp_protocol_v3__gnn__swan__swan_sf__seed1103,gnn,swan,swan_sf,1103,completed,experiments/runs/fm_grasp_protocol_v3/jobs/grasp_protocol_v3__gnn__swan__swan_sf__seed1103/result.json,e41868a7b88e66b864bba147648e724ae579c0d5d12485af475e2657624df7be,data_audit.train_only_scaler.median[36],1.23e-06
grasp_protocol_v3__gnn__swan__swan_sf__seed1103,gnn,swan,swan_sf,1103,completed,experiments/runs/fm_grasp_protocol_v3/jobs/grasp_protocol_v3__gnn__swan__swan_sf__seed1103/result.json,e41868a7b88e66b864bba147648e724ae579c0d5d12485af475e2657624df7be,data_audit.train_only_scaler.median[37],12.0
grasp_protocol_v3__gnn__swan__swan_sf__seed1103,gnn,swan,swan_sf,1103,completed,experiments/runs/fm_grasp_protocol_v3/jobs/grasp_protocol_v3__gnn__swan__swan_sf__seed1103/result.json,e41868a7b88e66b864bba147648e724ae579c0d5d12485af475e2657624df7be,data_audit.train_only_scaler.mean[0],305.1626169607622
grasp_protocol_v3__gnn__swan__swan_sf__seed1103,gnn,swan,swan_sf,1103,completed,experiments/runs/fm_grasp_protocol_v3/jobs/grasp_protocol_v3__gnn__swan__swan_sf__seed1103/result.json,e41868a7b88e66b864bba147648e724ae579c0d5d12485af475e2657624df7be,data_audit.train_only_scaler.mean[1],3891992090.7515807
grasp_protocol_v3__gnn__swan__swan_sf__seed1103,gnn,swan,swan_sf,1103,completed,experiments/runs/fm_grasp_protocol_v3/jobs/grasp_protocol_v3__gnn__swan__swan_sf__seed1103/result.json,e41868a7b88e66b864bba147648e724ae579c0d5d12485af475e2657624df7be,data_audit.train_only_scaler.mean[2],1.0852574129680566e+23
grasp_protocol_v3__gnn__swan__swan_sf__seed1103,gnn,swan,swan_sf,1103,completed,experiments/runs/fm_grasp_protocol_v3/jobs/grasp_protocol_v3__gnn__swan__swan_sf__seed1103/result.json,e41868a7b88e66b864bba147648e724ae579c0d5d12485af475e2657624df7be,data_audit.train_only_scaler.mean[3],6278208406547.6875
grasp_protocol_v3__gnn__swan__swan_sf__seed1103,gnn,swan,swan_sf,1103,completed,experiments/runs/fm_grasp_protocol_v3/jobs/grasp_protocol_v3__gnn__swan__swan_sf__seed1103/result.json,e41868a7b88e66b864bba147648e724ae579c0d5d12485af475e2657624df7be,data_audit.train_only_scaler.mean[4],41.4241013709116
grasp_protocol_v3__gnn__swan__swan_sf__seed1103,gnn,swan,swan_sf,1103,completed,experiments/runs/fm_grasp_protocol_v3/jobs/grasp_protocol_v3__gnn__swan__swan_sf__seed1103/result.json,e41868a7b88e66b864bba147648e724ae579c0d5d12485af475e2657624df7be,data_audit.train_only_scaler.mean[5],2144531812602.708
grasp_protocol_v3__gnn__swan__swan_sf__seed1103,gnn,swan,swan_sf,1103,completed,experiments/runs/fm_grasp_protocol_v3/jobs/grasp_protocol_v3__gnn__swan__swan_sf__seed1103/result.json,e41868a7b88e66b864bba147648e724ae579c0d5d12485af475e2657624df7be,data_audit.train_only_scaler.mean[6],4.5793002135186697e+21
grasp_protocol_v3__gnn__swan__swan_sf__seed1103,gnn,swan,swan_sf,1103,completed,experiments/runs/fm_grasp_protocol_v3/jobs/grasp_protocol_v3__gnn__swan__swan_sf__seed1103/result.json,e41868a7b88e66b864bba147648e724ae579c0d5d12485af475e2657624df7be,data_audit.train_only_scaler.mean[7],-1.8388628813093173e+24
grasp_protocol_v3__gnn__swan__swan_sf__seed1103,gnn,swan,swan_sf,1103,completed,experiments/runs/fm_grasp_protocol_v3/jobs/grasp_protocol_v3__gnn__swan__swan_sf__seed1103/result.json,e41868a7b88e66b864bba147648e724ae579c0d5d12485af475e2657624df7be,data_audit.train_only_scaler.mean[8],436248.2433815505
grasp_protocol_v3__gnn__swan__swan_sf__seed1103,gnn,swan,swan_sf,1103,completed,experiments/runs/fm_grasp_protocol_v3/jobs/grasp_protocol_v3__gnn__swan__swan_sf__seed1103/result.json,e41868a7b88e66b864bba147648e724ae579c0d5d12485af475e2657624df7be,data_audit.train_only_scaler.mean[9],-0.5304256504971101
grasp_protocol_v3__gnn__swan__swan_sf__seed1103,gnn,swan,swan_sf,1103,completed,experiments/runs/fm_grasp_protocol_v3/jobs/grasp_protocol_v3__gnn__swan__swan_sf__seed1103/result.json,e41868a7b88e66b864bba147648e724ae579c0d5d12485af475e2657624df7be,data_audit.train_only_scaler.mean[10],26.18927621491827
grasp_protocol_v3__gnn__swan__swan_sf__seed1103,gnn,swan,swan_sf,1103,completed,experiments/runs/fm_grasp_protocol_v3/jobs/grasp_protocol_v3__gnn__swan__swan_sf__seed1103/result.json,e41868a7b88e66b864bba147648e724ae579c0d5d12485af475e2657624df7be,data_audit.train_only_scaler.mean[11],11.104307795097283
grasp_protocol_v3__gnn__swan__swan_sf__seed1103,gnn,swan,swan_sf,1103,completed,experiments/runs/fm_grasp_protocol_v3/jobs/grasp_protocol_v3__gnn__swan__swan_sf__seed1103/result.json,e41868a7b88e66b864bba147648e724ae579c0d5d12485af475e2657624df7be,data_audit.train_only_scaler.mean[12],34.1471406854236
grasp_protocol_v3__gnn__swan__swan_sf__seed1103,gnn,swan,swan_sf,1103,completed,experiments/runs/fm_grasp_protocol_v3/jobs/grasp_protocol_v3__gnn__swan__swan_sf__seed1103/result.json,e41868a7b88e66b864bba147648e724ae579c0d5d12485af475e2657624df7be,data_audit.train_only_scaler.mean[13],121.46471916884391
grasp_protocol_v3__gnn__swan__swan_sf__seed1103,gnn,swan,swan_sf,1103,completed,experiments/runs/fm_grasp_protocol_v3/jobs/grasp_protocol_v3__gnn__swan__swan_sf__seed1103/result.json,e41868a7b88e66b864bba147648e724ae579c0d5d12485af475e2657624df7be,data_audit.train_only_scaler.mean[14],122.77046639364936
grasp_protocol_v3__gnn__swan__swan_sf__seed1103,gnn,swan,swan_sf,1103,completed,experiments/runs/fm_grasp_protocol_v3/jobs/grasp_protocol_v3__gnn__swan__swan_sf__seed1103/result.json,e41868a7b88e66b864bba147648e724ae579c0d5d12485af475e2657624df7be,data_audit.train_only_scaler.mean[15],54.72076190157697
grasp_protocol_v3__gnn__swan__swan_sf__seed1103,gnn,swan,swan_sf,1103,completed,experiments/runs/fm_grasp_protocol_v3/jobs/grasp_protocol_v3__gnn__swan__swan_sf__seed1103/result.json,e41868a7b88e66b864bba147648e724ae579c0d5d12485af475e2657624df7be,data_audit.train_only_scaler.mean[16],0.0004028268090018369
grasp_protocol_v3__gnn__swan__swan_sf__seed1103,gnn,swan,swan_sf,1103,completed,experiments/runs/fm_grasp_protocol_v3/jobs/grasp_protocol_v3__gnn__swan__swan_sf__seed1103/result.json,e41868a7b88e66b864bba147648e724ae579c0d5d12485af475e2657624df7be,data_audit.train_only_scaler.mean[17],-1.085305984839892e+23
grasp_protocol_v3__gnn__swan__swan_sf__seed1103,gnn,swan,swan_sf,1103,completed,experiments/runs/fm_grasp_protocol_v3/jobs/grasp_protocol_v3__gnn__swan__swan_sf__seed1103/result.json,e41868a7b88e66b864bba147648e724ae579c0d5d12485af475e2657624df7be,data_audit.train_only_scaler.mean[18],0.3314377587114313
grasp_protocol_v3__gnn__swan__swan_sf__seed1103,gnn,swan,swan_sf,1103,completed,experiments/runs/fm_grasp_protocol_v3/jobs/grasp_protocol_v3__gnn__swan__swan_sf__seed1103/result.json,e41868a7b88e66b864bba147648e724ae579c0d5d12485af475e2657624df7be,data_audit.train_only_scaler.mean[19],0.0017608309675426538
grasp_protocol_v3__gnn__swan__swan_sf__seed1103,gnn,swan,swan_sf,1103,completed,experiments/runs/fm_grasp_protocol_v3/jobs/grasp_protocol_v3__gnn__swan__swan_sf__seed1103/result.json,e41868a7b88e66b864bba147648e724ae579c0d5d12485af475e2657624df7be,data_audit.train_only_scaler.mean[20],-6.4804778061874636e+22
grasp_protocol_v3__gnn__swan__swan_sf__seed1103,gnn,swan,swan_sf,1103,completed,experiments/runs/fm_grasp_protocol_v3/jobs/grasp_protocol_v3__gnn__swan__swan_sf__seed1103/result.json,e41868a7b88e66b864bba147648e724ae579c0d5d12485af475e2657624df7be,data_audit.train_only_scaler.mean[21],0.012395267187078311
grasp_protocol_v3__gnn__swan__swan_sf__seed1103,gnn,swan,swan_sf,1103,completed,experiments/runs/fm_grasp_protocol_v3/jobs/grasp_protocol_v3__gnn__swan__swan_sf__seed1103/result.json,e41868a7b88e66b864bba147648e724ae579c0d5d12485af475e2657624df7be,data_audit.train_only_scaler.mean[22],0.018506858863011996
grasp_protocol_v3__gnn__swan__swan_sf__seed1103,gnn,swan,swan_sf,1103,completed,experiments/runs/fm_grasp_protocol_v3/jobs/grasp_protocol_v3__gnn__swan__swan_sf__seed1103/result.json,e41868a7b88e66b864bba147648e724ae579c0d5d12485af475e2657624df7be,data_audit.train_only_scaler.mean[23],1.418514473790745
grasp_protocol_v3__gnn__swan__swan_sf__seed1103,gnn,swan,swan_sf,1103,completed,experiments/runs/fm_grasp_protocol_v3/jobs/grasp_protocol_v3__gnn__swan__swan_sf__seed1103/result.json,e41868a7b88e66b864bba147648e724ae579c0d5d12485af475e2657624df7be,data_audit.train_only_scaler.mean[24],201.065698432738
grasp_protocol_v3__gnn__swan__swan_sf__seed1103,gnn,swan,swan_sf,1103,completed,experiments/runs/fm_grasp_protocol_v3/jobs/grasp_protocol_v3__gnn__swan__swan_sf__seed1103/result.json,e41868a7b88e66b864bba147648e724ae579c0d5d12485af475e2657624df7be,data_audit.train_only_scaler.mean[25],198.70728841208506
grasp_protocol_v3__gnn__swan__swan_sf__seed1103,gnn,swan,swan_sf,1103,completed,experiments/runs/fm_grasp_protocol_v3/jobs/grasp_protocol_v3__gnn__swan__swan_sf__seed1103/result.json,e41868a7b88e66b864bba147648e724ae579c0d5d12485af475e2657624df7be,data_audit.train_only_scaler.mean[26],-0.722098970705977
grasp_protocol_v3__gnn__swan__swan_sf__seed1103,gnn,swan,swan_sf,1103,completed,experiments/runs/fm_grasp_protocol_v3/jobs/grasp_protocol_v3__gnn__swan__swan_sf__seed1103/result.json,e41868a7b88e66b864bba147648e724ae579c0d5d12485af475e2657624df7be,data_audit.train_only_scaler.mean[27],-3.9825264890385723
grasp_protocol_v3__gnn__swan__swan_sf__seed1103,gnn,swan,swan_sf,1103,completed,experiments/runs/fm_grasp_protocol_v3/jobs/grasp_protocol_v3__gnn__swan__swan_sf__seed1103/result.json,e41868a7b88e66b864bba147648e724ae579c0d5d12485af475e2657624df7be,data_audit.train_only_scaler.mean[28],4.580065097159533
grasp_protocol_v3__gnn__swan__swan_sf__seed1103,gnn,swan,swan_sf,1103,completed,experiments/runs/fm_grasp_protocol_v3/jobs/grasp_protocol_v3__gnn__swan__swan_sf__seed1103/result.json,e41868a7b88e66b864bba147648e724ae579c0d5d12485af475e2657624df7be,data_audit.train_only_scaler.mean[29],7.682772539747129
grasp_protocol_v3__gnn__swan__swan_sf__seed1103,gnn,swan,swan_sf,1103,completed,experiments/runs/fm_grasp_protocol_v3/jobs/grasp_protocol_v3__gnn__swan__swan_sf__seed1103/result.json,e41868a7b88e66b864bba147648e724ae579c0d5d12485af475e2657624df7be,data_audit.train_only_scaler.mean[30],2556.974264472263
grasp_protocol_v3__gnn__swan__swan_sf__seed1103,gnn,swan,swan_sf,1103,completed,experiments/runs/fm_grasp_protocol_v3/jobs/grasp_protocol_v3__gnn__swan__swan_sf__seed1103/result.json,e41868a7b88e66b864bba147648e724ae579c0d5d12485af475e2657624df7be,data_audit.train_only_scaler.mean[31],0.9601575903920696
grasp_protocol_v3__gnn__swan__swan_sf__seed1103,gnn,swan,swan_sf,1103,completed,experiments/runs/fm_grasp_protocol_v3/jobs/grasp_protocol_v3__gnn__swan__swan_sf__seed1103/result.json,e41868a7b88e66b864bba147648e724ae579c0d5d12485af475e2657624df7be,data_audit.train_only_scaler.mean[32],0.0
grasp_protocol_v3__gnn__swan__swan_sf__seed1103,gnn,swan,swan_sf,1103,completed,experiments/runs/fm_grasp_protocol_v3/jobs/grasp_protocol_v3__gnn__swan__swan_sf__seed1103/result.json,e41868a7b88e66b864bba147648e724ae579c0d5d12485af475e2657624df7be,data_audit.train_only_scaler.mean[33],0.001143801232763551
grasp_protocol_v3__gnn__swan__swan_sf__seed1103,gnn,swan,swan_sf,1103,completed,experiments/runs/fm_grasp_protocol_v3/jobs/grasp_protocol_v3__gnn__swan__swan_sf__seed1103/result.json,e41868a7b88e66b864bba147648e724ae579c0d5d12485af475e2657624df7be,data_audit.train_only_scaler.mean[34],0.0005719006163817755
grasp_protocol_v3__gnn__swan__swan_sf__seed1103,gnn,swan,swan_sf,1103,completed,experiments/runs/fm_grasp_protocol_v3/jobs/grasp_protocol_v3__gnn__swan__swan_sf__seed1103/result.json,e41868a7b88e66b864bba147648e724ae579c0d5d12485af475e2657624df7be,data_audit.train_only_scaler.mean[35],0.0
grasp_protocol_v3__gnn__swan__swan_sf__seed1103,gnn,swan,swan_sf,1103,completed,experiments/runs/fm_grasp_protocol_v3/jobs/grasp_protocol_v3__gnn__swan__swan_sf__seed1103/result.json,e41868a7b88e66b864bba147648e724ae579c0d5d12485af475e2657624df7be,data_audit.train_only_scaler.mean[36],-235.11234360995348
grasp_protocol_v3__gnn__swan__swan_sf__seed1103,gnn,swan,swan_sf,1103,completed,experiments/runs/fm_grasp_protocol_v3/jobs/grasp_protocol_v3__gnn__swan__swan_sf__seed1103/result.json,e41868a7b88e66b864bba147648e724ae579c0d5d12485af475e2657624df7be,data_audit.train_only_scaler.mean[37],11.944843362775625
grasp_protocol_v3__gnn__swan__swan_sf__seed1103,gnn,swan,swan_sf,1103,completed,experiments/runs/fm_grasp_protocol_v3/jobs/grasp_protocol_v3__gnn__swan__swan_sf__seed1103/result.json,e41868a7b88e66b864bba147648e724ae579c0d5d12485af475e2657624df7be,data_audit.train_only_scaler.scale[0],521.570342257543
grasp_protocol_v3__gnn__swan__swan_sf__seed1103,gnn,swan,swan_sf,1103,completed,experiments/runs/fm_grasp_protocol_v3/jobs/grasp_protocol_v3__gnn__swan__swan_sf__seed1103/result.json,e41868a7b88e66b864bba147648e724ae579c0d5d12485af475e2657624df7be,data_audit.train_only_scaler.scale[1],8127773323.662388
grasp_protocol_v3__gnn__swan__swan_sf__seed1103,gnn,swan,swan_sf,1103,completed,experiments/runs/fm_grasp_protocol_v3/jobs/grasp_protocol_v3__gnn__swan__swan_sf__seed1103/result.json,e41868a7b88e66b864bba147648e724ae579c0d5d12485af475e2657624df7be,data_audit.train_only_scaler.scale[2],1.6057244166730386e+24
grasp_protocol_v3__gnn__swan__swan_sf__seed1103,gnn,swan,swan_sf,1103,completed,experiments/runs/fm_grasp_protocol_v3/jobs/grasp_protocol_v3__gnn__swan__swan_sf__seed1103/result.json,e41868a7b88e66b864bba147648e724ae579c0d5d12485af475e2657624df7be,data_audit.train_only_scaler.scale[3],10484165665143.857
grasp_protocol_v3__gnn__swan__swan_sf__seed1103,gnn,swan,swan_sf,1103,completed,experiments/runs/fm_grasp_protocol_v3/jobs/grasp_protocol_v3__gnn__swan__swan_sf__seed1103/result.json,e41868a7b88e66b864bba147648e724ae579c0d5d12485af475e2657624df7be,data_audit.train_only_scaler.scale[4],112.13325347975933
grasp_protocol_v3__gnn__swan__swan_sf__seed1103,gnn,swan,swan_sf,1103,completed,experiments/runs/fm_grasp_protocol_v3/jobs/grasp_protocol_v3__gnn__swan__swan_sf__seed1103/result.json,e41868a7b88e66b864bba147648e724ae579c0d5d12485af475e2657624df7be,data_audit.train_only_scaler.scale[5],4786566349698.902
grasp_protocol_v3__gnn__swan__swan_sf__seed1103,gnn,swan,swan_sf,1103,completed,experiments/runs/fm_grasp_protocol_v3/jobs/grasp_protocol_v3__gnn__swan__swan_sf__seed1103/result.json,e41868a7b88e66b864bba147648e724ae579c0d5d12485af475e2657624df7be,data_audit.train_only_scaler.scale[6],8.160999960406271e+21
grasp_protocol_v3__gnn__swan__swan_sf__seed1103,gnn,swan,swan_sf,1103,completed,experiments/runs/fm_grasp_protocol_v3/jobs/grasp_protocol_v3__gnn__swan__swan_sf__seed1103/result.json,e41868a7b88e66b864bba147648e724ae579c0d5d12485af475e2657624df7be,data_audit.train_only_scaler.scale[7],3.2446255976209476e+24
grasp_protocol_v3__gnn__swan__swan_sf__seed1103,gnn,swan,swan_sf,1103,completed,experiments/runs/fm_grasp_protocol_v3/jobs/grasp_protocol_v3__gnn__swan__swan_sf__seed1103/result.json,e41868a7b88e66b864bba147648e724ae579c0d5d12485af475e2657624df7be,data_audit.train_only_scaler.scale[8],12700705.083050588
grasp_protocol_v3__gnn__swan__swan_sf__seed1103,gnn,swan,swan_sf,1103,completed,experiments/runs/fm_grasp_protocol_v3/jobs/grasp_protocol_v3__gnn__swan__swan_sf__seed1103/result.json,e41868a7b88e66b864bba147648e724ae579c0d5d12485af475e2657624df7be,data_audit.train_only_scaler.scale[9],0.15764267201891288
grasp_protocol_v3__gnn__swan__swan_sf__seed1103,gnn,swan,swan_sf,1103,completed,experiments/runs/fm_grasp_protocol_v3/jobs/grasp_protocol_v3__gnn__swan__swan_sf__seed1103/result.json,e41868a7b88e66b864bba147648e724ae579c0d5d12485af475e2657624df7be,data_audit.train_only_scaler.scale[10],7.998840992094515
grasp_protocol_v3__gnn__swan__swan_sf__seed1103,gnn,swan,swan_sf,1103,completed,experiments/runs/fm_grasp_protocol_v3/jobs/grasp_protocol_v3__gnn__swan__swan_sf__seed1103/result.json,e41868a7b88e66b864bba147648e724ae579c0d5d12485af475e2657624df7be,data_audit.train_only_scaler.scale[11],14.517086710445161
grasp_protocol_v3__gnn__swan__swan_sf__seed1103,gnn,swan,swan_sf,1103,completed,experiments/runs/fm_grasp_protocol_v3/jobs/grasp_protocol_v3__gnn__swan__swan_sf__seed1103/result.json,e41868a7b88e66b864bba147648e724ae579c0d5d12485af475e2657624df7be,data_audit.train_only_scaler.scale[12],9.164958630701037
grasp_protocol_v3__gnn__swan__swan_sf__seed1103,gnn,swan,swan_sf,1103,completed,experiments/runs/fm_grasp_protocol_v3/jobs/grasp_protocol_v3__gnn__swan__swan_sf__seed1103/result.json,e41868a7b88e66b864bba147648e724ae579c0d5d12485af475e2657624df7be,data_audit.train_only_scaler.scale[13],22.663966001612895
grasp_protocol_v3__gnn__swan__swan_sf__seed1103,gnn,swan,swan_sf,1103,completed,experiments/runs/fm_grasp_protocol_v3/jobs/grasp_protocol_v3__gnn__swan__swan_sf__seed1103/result.json,e41868a7b88e66b864bba147648e724ae579c0d5d12485af475e2657624df7be,data_audit.train_only_scaler.scale[14],22.83698851922826
grasp_protocol_v3__gnn__swan__swan_sf__seed1103,gnn,swan,swan_sf,1103,completed,experiments/runs/fm_grasp_protocol_v3/jobs/grasp_protocol_v3__gnn__swan__swan_sf__seed1103/result.json,e41868a7b88e66b864bba147648e724ae579c0d5d12485af475e2657624df7be,data_audit.train_only_scaler.scale[15],14.49123627720488
grasp_protocol_v3__gnn__swan__swan_sf__seed1103,gnn,swan,swan_sf,1103,completed,experiments/runs/fm_grasp_protocol_v3/jobs/grasp_protocol_v3__gnn__swan__swan_sf__seed1103/result.json,e41868a7b88e66b864bba147648e724ae579c0d5d12485af475e2657624df7be,data_audit.train_only_scaler.scale[16],0.007446704694027152
grasp_protocol_v3__gnn__swan__swan_sf__seed1103,gnn,swan,swan_sf,1103,completed,experiments/runs/fm_grasp_protocol_v3/jobs/grasp_protocol_v3__gnn__swan__swan_sf__seed1103/result.json,e41868a7b88e66b864bba147648e724ae579c0d5d12485af475e2657624df7be,data_audit.train_only_scaler.scale[17],5.067548212998718e+23
grasp_protocol_v3__gnn__swan__swan_sf__seed1103,gnn,swan,swan_sf,1103,completed,experiments/runs/fm_grasp_protocol_v3/jobs/grasp_protocol_v3__gnn__swan__swan_sf__seed1103/result.json,e41868a7b88e66b864bba147648e724ae579c0d5d12485af475e2657624df7be,data_audit.train_only_scaler.scale[18],0.7491082918156635
grasp_protocol_v3__gnn__swan__swan_sf__seed1103,gnn,swan,swan_sf,1103,completed,experiments/runs/fm_grasp_protocol_v3/jobs/grasp_protocol_v3__gnn__swan__swan_sf__seed1103/result.json,e41868a7b88e66b864bba147648e724ae579c0d5d12485af475e2657624df7be,data_audit.train_only_scaler.scale[19],0.02580423934918983
grasp_protocol_v3__gnn__swan__swan_sf__seed1103,gnn,swan,swan_sf,1103,completed,experiments/runs/fm_grasp_protocol_v3/jobs/grasp_protocol_v3__gnn__swan__swan_sf__seed1103/result.json,e41868a7b88e66b864bba147648e724ae579c0d5d12485af475e2657624df7be,data_audit.train_only_scaler.scale[20],1.1825085057623071e+24
grasp_protocol_v3__gnn__swan__swan_sf__seed1103,gnn,swan,swan_sf,1103,completed,experiments/runs/fm_grasp_protocol_v3/jobs/grasp_protocol_v3__gnn__swan__swan_sf__seed1103/result.json,e41868a7b88e66b864bba147648e724ae579c0d5d12485af475e2657624df7be,data_audit.train_only_scaler.scale[21],0.13926497457575512
grasp_protocol_v3__gnn__swan__swan_sf__seed1103,gnn,swan,swan_sf,1103,completed,experiments/runs/fm_grasp_protocol_v3/jobs/grasp_protocol_v3__gnn__swan__swan_sf__seed1103/result.json,e41868a7b88e66b864bba147648e724ae579c0d5d12485af475e2657624df7be,data_audit.train_only_scaler.scale[22],0.18539980134319797
grasp_protocol_v3__gnn__swan__swan_sf__seed1103,gnn,swan,swan_sf,1103,completed,experiments/runs/fm_grasp_protocol_v3/jobs/grasp_protocol_v3__gnn__swan__swan_sf__seed1103/result.json,e41868a7b88e66b864bba147648e724ae579c0d5d12485af475e2657624df7be,data_audit.train_only_scaler.scale[23],1.712261267510182
grasp_protocol_v3__gnn__swan__swan_sf__seed1103,gnn,swan,swan_sf,1103,completed,experiments/runs/fm_grasp_protocol_v3/jobs/grasp_protocol_v3__gnn__swan__swan_sf__seed1103/result.json,e41868a7b88e66b864bba147648e724ae579c0d5d12485af475e2657624df7be,data_audit.train_only_scaler.scale[24],122.48048173928221
grasp_protocol_v3__gnn__swan__swan_sf__seed1103,gnn,swan,swan_sf,1103,completed,experiments/runs/fm_grasp_protocol_v3/jobs/grasp_protocol_v3__gnn__swan__swan_sf__seed1103/result.json,e41868a7b88e66b864bba147648e724ae579c0d5d12485af475e2657624df7be,data_audit.train_only_scaler.scale[25],118.53868905344714
grasp_protocol_v3__gnn__swan__swan_sf__seed1103,gnn,swan,swan_sf,1103,completed,experiments/runs/fm_grasp_protocol_v3/jobs/grasp_protocol_v3__gnn__swan__swan_sf__seed1103/result.json,e41868a7b88e66b864bba147648e724ae579c0d5d12485af475e2657624df7be,data_audit.train_only_scaler.scale[26],15.8413429430375
grasp_protocol_v3__gnn__swan__swan_sf__seed1103,gnn,swan,swan_sf,1103,completed,experiments/runs/fm_grasp_protocol_v3/jobs/grasp_protocol_v3__gnn__swan__swan_sf__seed1103/result.json,e41868a7b88e66b864bba147648e724ae579c0d5d12485af475e2657624df7be,data_audit.train_only_scaler.scale[27],33.25478901460059
grasp_protocol_v3__gnn__swan__swan_sf__seed1103,gnn,swan,swan_sf,1103,completed,experiments/runs/fm_grasp_protocol_v3/jobs/grasp_protocol_v3__gnn__swan__swan_sf__seed1103/result.json,e41868a7b88e66b864bba147648e724ae579c0d5d12485af475e2657624df7be,data_audit.train_only_scaler.scale[28],16.466208780244486
grasp_protocol_v3__gnn__swan__swan_sf__seed1103,gnn,swan,swan_sf,1103,completed,experiments/runs/fm_grasp_protocol_v3/jobs/grasp_protocol_v3__gnn__swan__swan_sf__seed1103/result.json,e41868a7b88e66b864bba147648e724ae579c0d5d12485af475e2657624df7be,data_audit.train_only_scaler.scale[29],33.90595903667634
grasp_protocol_v3__gnn__swan__swan_sf__seed1103,gnn,swan,swan_sf,1103,completed,experiments/runs/fm_grasp_protocol_v3/jobs/grasp_protocol_v3__gnn__swan__swan_sf__seed1103/result.json,e41868a7b88e66b864bba147648e724ae579c0d5d12485af475e2657624df7be,data_audit.train_only_scaler.scale[30],12719.09410671598
grasp_protocol_v3__gnn__swan__swan_sf__seed1103,gnn,swan,swan_sf,1103,completed,experiments/runs/fm_grasp_protocol_v3/jobs/grasp_protocol_v3__gnn__swan__swan_sf__seed1103/result.json,e41868a7b88e66b864bba147648e724ae579c0d5d12485af475e2657624df7be,data_audit.train_only_scaler.scale[31],0.19558883404879554
grasp_protocol_v3__gnn__swan__swan_sf__seed1103,gnn,swan,swan_sf,1103,completed,experiments/runs/fm_grasp_protocol_v3/jobs/grasp_protocol_v3__gnn__swan__swan_sf__seed1103/result.json,e41868a7b88e66b864bba147648e724ae579c0d5d12485af475e2657624df7be,data_audit.train_only_scaler.scale[32],1.0
grasp_protocol_v3__gnn__swan__swan_sf__seed1103,gnn,swan,swan_sf,1103,completed,experiments/runs/fm_grasp_protocol_v3/jobs/grasp_protocol_v3__gnn__swan__swan_sf__seed1103/result.json,e41868a7b88e66b864bba147648e724ae579c0d5d12485af475e2657624df7be,data_audit.train_only_scaler.scale[33],0.03380078329718015
grasp_protocol_v3__gnn__swan__swan_sf__seed1103,gnn,swan,swan_sf,1103,completed,experiments/runs/fm_grasp_protocol_v3/jobs/grasp_protocol_v3__gnn__swan__swan_sf__seed1103/result.json,e41868a7b88e66b864bba147648e724ae579c0d5d12485af475e2657624df7be,data_audit.train_only_scaler.scale[34],0.02390760435650135
grasp_protocol_v3__gnn__swan__swan_sf__seed1103,gnn,swan,swan_sf,1103,completed,experiments/runs/fm_grasp_protocol_v3/jobs/grasp_protocol_v3__gnn__swan__swan_sf__seed1103/result.json,e41868a7b88e66b864bba147648e724ae579c0d5d12485af475e2657624df7be,data_audit.train_only_scaler.scale[35],1.0
grasp_protocol_v3__gnn__swan__swan_sf__seed1103,gnn,swan,swan_sf,1103,completed,experiments/runs/fm_grasp_protocol_v3/jobs/grasp_protocol_v3__gnn__swan__swan_sf__seed1103/result.json,e41868a7b88e66b864bba147648e724ae579c0d5d12485af475e2657624df7be,data_audit.train_only_scaler.scale[36],4843.110750687241
grasp_protocol_v3__gnn__swan__swan_sf__seed1103,gnn,swan,swan_sf,1103,completed,experiments/runs/fm_grasp_protocol_v3/jobs/grasp_protocol_v3__gnn__swan__swan_sf__seed1103/result.json,e41868a7b88e66b864bba147648e724ae579c0d5d12485af475e2657624df7be,data_audit.train_only_scaler.scale[37],0.7110330701676929
grasp_protocol_v3__gnn__swan__swan_sf__seed1103,gnn,swan,swan_sf,1103,completed,experiments/runs/fm_grasp_protocol_v3/jobs/grasp_protocol_v3__gnn__swan__swan_sf__seed1103/result.json,e41868a7b88e66b864bba147648e724ae579c0d5d12485af475e2657624df7be,data_audit.train_only_scaler.constant_channels[0],32
grasp_protocol_v3__gnn__swan__swan_sf__seed1103,gnn,swan,swan_sf,1103,completed,experiments/runs/fm_grasp_protocol_v3/jobs/grasp_protocol_v3__gnn__swan__swan_sf__seed1103/result.json,e41868a7b88e66b864bba147648e724ae579c0d5d12485af475e2657624df7be,data_audit.train_only_scaler.constant_channels[1],35
grasp_protocol_v3__gnn__swan__swan_sf__seed1103,gnn,swan,swan_sf,1103,completed,experiments/runs/fm_grasp_protocol_v3/jobs/grasp_protocol_v3__gnn__swan__swan_sf__seed1103/result.json,e41868a7b88e66b864bba147648e724ae579c0d5d12485af475e2657624df7be,data_audit.train_only_scaler.repairs[0],0
grasp_protocol_v3__gnn__swan__swan_sf__seed1103,gnn,swan,swan_sf,1103,completed,experiments/runs/fm_grasp_protocol_v3/jobs/grasp_protocol_v3__gnn__swan__swan_sf__seed1103/result.json,e41868a7b88e66b864bba147648e724ae579c0d5d12485af475e2657624df7be,data_audit.train_only_scaler.repairs[1],0
grasp_protocol_v3__mean__swan__swan_sf__seed1103,mean,swan,swan_sf,1103,completed,experiments/runs/fm_grasp_protocol_v3/jobs/grasp_protocol_v3__mean__swan__swan_sf__seed1103/result.json,729d45d7471e87003fde69ea67fafaeb213433c93427216bde4b740f4afeaf4e,job.seed,1103
grasp_protocol_v3__mean__swan__swan_sf__seed1103,mean,swan,swan_sf,1103,completed,experiments/runs/fm_grasp_protocol_v3/jobs/grasp_protocol_v3__mean__swan__swan_sf__seed1103/result.json,729d45d7471e87003fde69ea67fafaeb213433c93427216bde4b740f4afeaf4e,job.expected_optimizer_updates,93000
grasp_protocol_v3__mean__swan__swan_sf__seed1103,mean,swan,swan_sf,1103,completed,experiments/runs/fm_grasp_protocol_v3/jobs/grasp_protocol_v3__mean__swan__swan_sf__seed1103/result.json,729d45d7471e87003fde69ea67fafaeb213433c93427216bde4b740f4afeaf4e,job.test_points,72000
grasp_protocol_v3__mean__swan__swan_sf__seed1103,mean,swan,swan_sf,1103,completed,experiments/runs/fm_grasp_protocol_v3/jobs/grasp_protocol_v3__mean__swan__swan_sf__seed1103/result.json,729d45d7471e87003fde69ea67fafaeb213433c93427216bde4b740f4afeaf4e,job.validation_points,3935
grasp_protocol_v3__mean__swan__swan_sf__seed1103,mean,swan,swan_sf,1103,completed,experiments/runs/fm_grasp_protocol_v3/jobs/grasp_protocol_v3__mean__swan__swan_sf__seed1103/result.json,729d45d7471e87003fde69ea67fafaeb213433c93427216bde4b740f4afeaf4e,job.score_recipes[0].source_samples,5
grasp_protocol_v3__mean__swan__swan_sf__seed1103,mean,swan,swan_sf,1103,completed,experiments/runs/fm_grasp_protocol_v3/jobs/grasp_protocol_v3__mean__swan__swan_sf__seed1103/result.json,729d45d7471e87003fde69ea67fafaeb213433c93427216bde4b740f4afeaf4e,job.score_recipes[0].flow_evaluations,10
grasp_protocol_v3__mean__swan__swan_sf__seed1103,mean,swan,swan_sf,1103,completed,experiments/runs/fm_grasp_protocol_v3/jobs/grasp_protocol_v3__mean__swan__swan_sf__seed1103/result.json,729d45d7471e87003fde69ea67fafaeb213433c93427216bde4b740f4afeaf4e,epochs_completed,1500
grasp_protocol_v3__mean__swan__swan_sf__seed1103,mean,swan,swan_sf,1103,completed,experiments/runs/fm_grasp_protocol_v3/jobs/grasp_protocol_v3__mean__swan__swan_sf__seed1103/result.json,729d45d7471e87003fde69ea67fafaeb213433c93427216bde4b740f4afeaf4e,optimizer_updates,93000
grasp_protocol_v3__mean__swan__swan_sf__seed1103,mean,swan,swan_sf,1103,completed,experiments/runs/fm_grasp_protocol_v3/jobs/grasp_protocol_v3__mean__swan__swan_sf__seed1103/result.json,729d45d7471e87003fde69ea67fafaeb213433c93427216bde4b740f4afeaf4e,scored_points,72000
grasp_protocol_v3__mean__swan__swan_sf__seed1103,mean,swan,swan_sf,1103,completed,experiments/runs/fm_grasp_protocol_v3/jobs/grasp_protocol_v3__mean__swan__swan_sf__seed1103/result.json,729d45d7471e87003fde69ea67fafaeb213433c93427216bde4b740f4afeaf4e,validation_points,3935
grasp_protocol_v3__mean__swan__swan_sf__seed1103,mean,swan,swan_sf,1103,completed,experiments/runs/fm_grasp_protocol_v3/jobs/grasp_protocol_v3__mean__swan__swan_sf__seed1103/result.json,729d45d7471e87003fde69ea67fafaeb213433c93427216bde4b740f4afeaf4e,score_recipes[0].source_samples,5
grasp_protocol_v3__mean__swan__swan_sf__seed1103,mean,swan,swan_sf,1103,completed,experiments/runs/fm_grasp_protocol_v3/jobs/grasp_protocol_v3__mean__swan__swan_sf__seed1103/result.json,729d45d7471e87003fde69ea67fafaeb213433c93427216bde4b740f4afeaf4e,score_recipes[0].flow_evaluations,10
grasp_protocol_v3__mean__swan__swan_sf__seed1103,mean,swan,swan_sf,1103,completed,experiments/runs/fm_grasp_protocol_v3/jobs/grasp_protocol_v3__mean__swan__swan_sf__seed1103/result.json,729d45d7471e87003fde69ea67fafaeb213433c93427216bde4b740f4afeaf4e,parameter_count,69244
grasp_protocol_v3__mean__swan__swan_sf__seed1103,mean,swan,swan_sf,1103,completed,experiments/runs/fm_grasp_protocol_v3/jobs/grasp_protocol_v3__mean__swan__swan_sf__seed1103/result.json,729d45d7471e87003fde69ea67fafaeb213433c93427216bde4b740f4afeaf4e,training_seconds,1830.3602822001558
grasp_protocol_v3__mean__swan__swan_sf__seed1103,mean,swan,swan_sf,1103,completed,experiments/runs/fm_grasp_protocol_v3/jobs/grasp_protocol_v3__mean__swan__swan_sf__seed1103/result.json,729d45d7471e87003fde69ea67fafaeb213433c93427216bde4b740f4afeaf4e,peak_cuda_allocated_bytes,163084288
grasp_protocol_v3__mean__swan__swan_sf__seed1103,mean,swan,swan_sf,1103,completed,experiments/runs/fm_grasp_protocol_v3/jobs/grasp_protocol_v3__mean__swan__swan_sf__seed1103/result.json,729d45d7471e87003fde69ea67fafaeb213433c93427216bde4b740f4afeaf4e,peak_cuda_reserved_bytes,201326592
grasp_protocol_v3__mean__swan__swan_sf__seed1103,mean,swan,swan_sf,1103,completed,experiments/runs/fm_grasp_protocol_v3/jobs/grasp_protocol_v3__mean__swan__swan_sf__seed1103/result.json,729d45d7471e87003fde69ea67fafaeb213433c93427216bde4b740f4afeaf4e,cpu_threads,2
grasp_protocol_v3__mean__swan__swan_sf__seed1103,mean,swan,swan_sf,1103,completed,experiments/runs/fm_grasp_protocol_v3/jobs/grasp_protocol_v3__mean__swan__swan_sf__seed1103/result.json,729d45d7471e87003fde69ea67fafaeb213433c93427216bde4b740f4afeaf4e,metrics[0].recipe.source_samples,5
grasp_protocol_v3__mean__swan__swan_sf__seed1103,mean,swan,swan_sf,1103,completed,experiments/runs/fm_grasp_protocol_v3/jobs/grasp_protocol_v3__mean__swan__swan_sf__seed1103/result.json,729d45d7471e87003fde69ea67fafaeb213433c93427216bde4b740f4afeaf4e,metrics[0].recipe.flow_evaluations,10
grasp_protocol_v3__mean__swan__swan_sf__seed1103,mean,swan,swan_sf,1103,completed,experiments/runs/fm_grasp_protocol_v3/jobs/grasp_protocol_v3__mean__swan__swan_sf__seed1103/result.json,729d45d7471e87003fde69ea67fafaeb213433c93427216bde4b740f4afeaf4e,metrics[0].metrics.paper_retrospective.AP,0.5082205856268546
grasp_protocol_v3__mean__swan__swan_sf__seed1103,mean,swan,swan_sf,1103,completed,experiments/runs/fm_grasp_protocol_v3/jobs/grasp_protocol_v3__mean__swan__swan_sf__seed1103/result.json,729d45d7471e87003fde69ea67fafaeb213433c93427216bde4b740f4afeaf4e,metrics[0].metrics.paper_retrospective.ROC,0.6815555133772372
grasp_protocol_v3__mean__swan__swan_sf__seed1103,mean,swan,swan_sf,1103,completed,experiments/runs/fm_grasp_protocol_v3/jobs/grasp_protocol_v3__mean__swan__swan_sf__seed1103/result.json,729d45d7471e87003fde69ea67fafaeb213433c93427216bde4b740f4afeaf4e,metrics[0].metrics.paper_retrospective.Best_F1,0.49500875233098257
grasp_protocol_v3__mean__swan__swan_sf__seed1103,mean,swan,swan_sf,1103,completed,experiments/runs/fm_grasp_protocol_v3/jobs/grasp_protocol_v3__mean__swan__swan_sf__seed1103/result.json,729d45d7471e87003fde69ea67fafaeb213433c93427216bde4b740f4afeaf4e,metrics[0].metrics.validation_only_control.precision,0.3653125148308101
grasp_protocol_v3__mean__swan__swan_sf__seed1103,mean,swan,swan_sf,1103,completed,experiments/runs/fm_grasp_protocol_v3/jobs/grasp_protocol_v3__mean__swan__swan_sf__seed1103/result.json,729d45d7471e87003fde69ea67fafaeb213433c93427216bde4b740f4afeaf4e,metrics[0].metrics.validation_only_control.recall,0.7659203980099503
grasp_protocol_v3__mean__swan__swan_sf__seed1103,mean,swan,swan_sf,1103,completed,experiments/runs/fm_grasp_protocol_v3/jobs/grasp_protocol_v3__mean__swan__swan_sf__seed1103/result.json,729d45d7471e87003fde69ea67fafaeb213433c93427216bde4b740f4afeaf4e,metrics[0].metrics.validation_only_control.f1,0.4946820474920472
grasp_protocol_v3__mean__swan__swan_sf__seed1103,mean,swan,swan_sf,1103,completed,experiments/runs/fm_grasp_protocol_v3/jobs/grasp_protocol_v3__mean__swan__swan_sf__seed1103/result.json,729d45d7471e87003fde69ea67fafaeb213433c93427216bde4b740f4afeaf4e,metrics[0].metrics.validation_only_control.threshold,16240.297524999996
grasp_protocol_v3__mean__swan__swan_sf__seed1103,mean,swan,swan_sf,1103,completed,experiments/runs/fm_grasp_protocol_v3/jobs/grasp_protocol_v3__mean__swan__swan_sf__seed1103/result.json,729d45d7471e87003fde69ea67fafaeb213433c93427216bde4b740f4afeaf4e,metrics[0].metrics.validation_only_control.quantile,0.99
grasp_protocol_v3__mean__swan__swan_sf__seed1103,mean,swan,swan_sf,1103,completed,experiments/runs/fm_grasp_protocol_v3/jobs/grasp_protocol_v3__mean__swan__swan_sf__seed1103/result.json,729d45d7471e87003fde69ea67fafaeb213433c93427216bde4b740f4afeaf4e,metrics[0].validation_score_seconds,4.010884300107136
grasp_protocol_v3__mean__swan__swan_sf__seed1103,mean,swan,swan_sf,1103,completed,experiments/runs/fm_grasp_protocol_v3/jobs/grasp_protocol_v3__mean__swan__swan_sf__seed1103/result.json,729d45d7471e87003fde69ea67fafaeb213433c93427216bde4b740f4afeaf4e,metrics[0].test_score_seconds,64.31752460007556
grasp_protocol_v3__mean__swan__swan_sf__seed1103,mean,swan,swan_sf,1103,completed,experiments/runs/fm_grasp_protocol_v3/jobs/grasp_protocol_v3__mean__swan__swan_sf__seed1103/result.json,729d45d7471e87003fde69ea67fafaeb213433c93427216bde4b740f4afeaf4e,metrics[0].window_evaluations,71951
grasp_protocol_v3__mean__swan__swan_sf__seed1103,mean,swan,swan_sf,1103,completed,experiments/runs/fm_grasp_protocol_v3/jobs/grasp_protocol_v3__mean__swan__swan_sf__seed1103/result.json,729d45d7471e87003fde69ea67fafaeb213433c93427216bde4b740f4afeaf4e,data_audit.raw_train_points,19672
grasp_protocol_v3__mean__swan__swan_sf__seed1103,mean,swan,swan_sf,1103,completed,experiments/runs/fm_grasp_protocol_v3/jobs/grasp_protocol_v3__mean__swan__swan_sf__seed1103/result.json,729d45d7471e87003fde69ea67fafaeb213433c93427216bde4b740f4afeaf4e,data_audit.split_cut,15737
grasp_protocol_v3__mean__swan__swan_sf__seed1103,mean,swan,swan_sf,1103,completed,experiments/runs/fm_grasp_protocol_v3/jobs/grasp_protocol_v3__mean__swan__swan_sf__seed1103/result.json,729d45d7471e87003fde69ea67fafaeb213433c93427216bde4b740f4afeaf4e,data_audit.fit_points,15737
grasp_protocol_v3__mean__swan__swan_sf__seed1103,mean,swan,swan_sf,1103,completed,experiments/runs/fm_grasp_protocol_v3/jobs/grasp_protocol_v3__mean__swan__swan_sf__seed1103/result.json,729d45d7471e87003fde69ea67fafaeb213433c93427216bde4b740f4afeaf4e,data_audit.validation_points,3935
grasp_protocol_v3__mean__swan__swan_sf__seed1103,mean,swan,swan_sf,1103,completed,experiments/runs/fm_grasp_protocol_v3/jobs/grasp_protocol_v3__mean__swan__swan_sf__seed1103/result.json,729d45d7471e87003fde69ea67fafaeb213433c93427216bde4b740f4afeaf4e,data_audit.test_points,72000
grasp_protocol_v3__mean__swan__swan_sf__seed1103,mean,swan,swan_sf,1103,completed,experiments/runs/fm_grasp_protocol_v3/jobs/grasp_protocol_v3__mean__swan__swan_sf__seed1103/result.json,729d45d7471e87003fde69ea67fafaeb213433c93427216bde4b740f4afeaf4e,data_audit.test_anomaly_points,20100
grasp_protocol_v3__mean__swan__swan_sf__seed1103,mean,swan,swan_sf,1103,completed,experiments/runs/fm_grasp_protocol_v3/jobs/grasp_protocol_v3__mean__swan__swan_sf__seed1103/result.json,729d45d7471e87003fde69ea67fafaeb213433c93427216bde4b740f4afeaf4e,data_audit.features,38
grasp_protocol_v3__mean__swan__swan_sf__seed1103,mean,swan,swan_sf,1103,completed,experiments/runs/fm_grasp_protocol_v3/jobs/grasp_protocol_v3__mean__swan__swan_sf__seed1103/result.json,729d45d7471e87003fde69ea67fafaeb213433c93427216bde4b740f4afeaf4e,data_audit.paper_variables,39
grasp_protocol_v3__mean__swan__swan_sf__seed1103,mean,swan,swan_sf,1103,completed,experiments/runs/fm_grasp_protocol_v3/jobs/grasp_protocol_v3__mean__swan__swan_sf__seed1103/result.json,729d45d7471e87003fde69ea67fafaeb213433c93427216bde4b740f4afeaf4e,data_audit.fit_window_count,15688
grasp_protocol_v3__mean__swan__swan_sf__seed1103,mean,swan,swan_sf,1103,completed,experiments/runs/fm_grasp_protocol_v3/jobs/grasp_protocol_v3__mean__swan__swan_sf__seed1103/result.json,729d45d7471e87003fde69ea67fafaeb213433c93427216bde4b740f4afeaf4e,data_audit.validation_window_count,3886
grasp_protocol_v3__mean__swan__swan_sf__seed1103,mean,swan,swan_sf,1103,completed,experiments/runs/fm_grasp_protocol_v3/jobs/grasp_protocol_v3__mean__swan__swan_sf__seed1103/result.json,729d45d7471e87003fde69ea67fafaeb213433c93427216bde4b740f4afeaf4e,data_audit.test_window_count,71951
grasp_protocol_v3__mean__swan__swan_sf__seed1103,mean,swan,swan_sf,1103,completed,experiments/runs/fm_grasp_protocol_v3/jobs/grasp_protocol_v3__mean__swan__swan_sf__seed1103/result.json,729d45d7471e87003fde69ea67fafaeb213433c93427216bde4b740f4afeaf4e,data_audit.source_audit.training_anomaly_points,0
grasp_protocol_v3__mean__swan__swan_sf__seed1103,mean,swan,swan_sf,1103,completed,experiments/runs/fm_grasp_protocol_v3/jobs/grasp_protocol_v3__mean__swan__swan_sf__seed1103/result.json,729d45d7471e87003fde69ea67fafaeb213433c93427216bde4b740f4afeaf4e,data_audit.train_only_scaler.median[0],109.79161766427605
grasp_protocol_v3__mean__swan__swan_sf__seed1103,mean,swan,swan_sf,1103,completed,experiments/runs/fm_grasp_protocol_v3/jobs/grasp_protocol_v3__mean__swan__swan_sf__seed1103/result.json,729d45d7471e87003fde69ea67fafaeb213433c93427216bde4b740f4afeaf4e,data_audit.train_only_scaler.median[1],902576622.3893
grasp_protocol_v3__mean__swan__swan_sf__seed1103,mean,swan,swan_sf,1103,completed,experiments/runs/fm_grasp_protocol_v3/jobs/grasp_protocol_v3__mean__swan__swan_sf__seed1103/result.json,729d45d7471e87003fde69ea67fafaeb213433c93427216bde4b740f4afeaf4e,data_audit.train_only_scaler.median[2],7.167510432855177e+21
grasp_protocol_v3__mean__swan__swan_sf__seed1103,mean,swan,swan_sf,1103,completed,experiments/runs/fm_grasp_protocol_v3/jobs/grasp_protocol_v3__mean__swan__swan_sf__seed1103/result.json,729d45d7471e87003fde69ea67fafaeb213433c93427216bde4b740f4afeaf4e,data_audit.train_only_scaler.median[3],2295775301630.038
grasp_protocol_v3__mean__swan__swan_sf__seed1103,mean,swan,swan_sf,1103,completed,experiments/runs/fm_grasp_protocol_v3/jobs/grasp_protocol_v3__mean__swan__swan_sf__seed1103/result.json,729d45d7471e87003fde69ea67fafaeb213433c93427216bde4b740f4afeaf4e,data_audit.train_only_scaler.median[4],7.525211717955138
grasp_protocol_v3__mean__swan__swan_sf__seed1103,mean,swan,swan_sf,1103,completed,experiments/runs/fm_grasp_protocol_v3/jobs/grasp_protocol_v3__mean__swan__swan_sf__seed1103/result.json,729d45d7471e87003fde69ea67fafaeb213433c93427216bde4b740f4afeaf4e,data_audit.train_only_scaler.median[5],644965299185.6748
grasp_protocol_v3__mean__swan__swan_sf__seed1103,mean,swan,swan_sf,1103,completed,experiments/runs/fm_grasp_protocol_v3/jobs/grasp_protocol_v3__mean__swan__swan_sf__seed1103/result.json,729d45d7471e87003fde69ea67fafaeb213433c93427216bde4b740f4afeaf4e,data_audit.train_only_scaler.median[6],1.5930829208471184e+21
grasp_protocol_v3__mean__swan__swan_sf__seed1103,mean,swan,swan_sf,1103,completed,experiments/runs/fm_grasp_protocol_v3/jobs/grasp_protocol_v3__mean__swan__swan_sf__seed1103/result.json,729d45d7471e87003fde69ea67fafaeb213433c93427216bde4b740f4afeaf4e,data_audit.train_only_scaler.median[7],-6.896515213991394e+23
grasp_protocol_v3__mean__swan__swan_sf__seed1103,mean,swan,swan_sf,1103,completed,experiments/runs/fm_grasp_protocol_v3/jobs/grasp_protocol_v3__mean__swan__swan_sf__seed1103/result.json,729d45d7471e87003fde69ea67fafaeb213433c93427216bde4b740f4afeaf4e,data_audit.train_only_scaler.median[8],1881.226580056299
grasp_protocol_v3__mean__swan__swan_sf__seed1103,mean,swan,swan_sf,1103,completed,experiments/runs/fm_grasp_protocol_v3/jobs/grasp_protocol_v3__mean__swan__swan_sf__seed1103/result.json,729d45d7471e87003fde69ea67fafaeb213433c93427216bde4b740f4afeaf4e,data_audit.train_only_scaler.median[9],-0.5826949720780651
grasp_protocol_v3__mean__swan__swan_sf__seed1103,mean,swan,swan_sf,1103,completed,experiments/runs/fm_grasp_protocol_v3/jobs/grasp_protocol_v3__mean__swan__swan_sf__seed1103/result.json,729d45d7471e87003fde69ea67fafaeb213433c93427216bde4b740f4afeaf4e,data_audit.train_only_scaler.median[10],23.2614382342434
grasp_protocol_v3__mean__swan__swan_sf__seed1103,mean,swan,swan_sf,1103,completed,experiments/runs/fm_grasp_protocol_v3/jobs/grasp_protocol_v3__mean__swan__swan_sf__seed1103/result.json,729d45d7471e87003fde69ea67fafaeb213433c93427216bde4b740f4afeaf4e,data_audit.train_only_scaler.median[11],4.1031652989449015
grasp_protocol_v3__mean__swan__swan_sf__seed1103,mean,swan,swan_sf,1103,completed,experiments/runs/fm_grasp_protocol_v3/jobs/grasp_protocol_v3__mean__swan__swan_sf__seed1103/result.json,729d45d7471e87003fde69ea67fafaeb213433c93427216bde4b740f4afeaf4e,data_audit.train_only_scaler.median[12],30.334544652596342
grasp_protocol_v3__mean__swan__swan_sf__seed1103,mean,swan,swan_sf,1103,completed,experiments/runs/fm_grasp_protocol_v3/jobs/grasp_protocol_v3__mean__swan__swan_sf__seed1103/result.json,729d45d7471e87003fde69ea67fafaeb213433c93427216bde4b740f4afeaf4e,data_audit.train_only_scaler.median[13],123.55687630744043
grasp_protocol_v3__mean__swan__swan_sf__seed1103,mean,swan,swan_sf,1103,completed,experiments/runs/fm_grasp_protocol_v3/jobs/grasp_protocol_v3__mean__swan__swan_sf__seed1103/result.json,729d45d7471e87003fde69ea67fafaeb213433c93427216bde4b740f4afeaf4e,data_audit.train_only_scaler.median[14],124.10909511835108
grasp_protocol_v3__mean__swan__swan_sf__seed1103,mean,swan,swan_sf,1103,completed,experiments/runs/fm_grasp_protocol_v3/jobs/grasp_protocol_v3__mean__swan__swan_sf__seed1103/result.json,729d45d7471e87003fde69ea67fafaeb213433c93427216bde4b740f4afeaf4e,data_audit.train_only_scaler.median[15],53.50452393957681
grasp_protocol_v3__mean__swan__swan_sf__seed1103,mean,swan,swan_sf,1103,completed,experiments/runs/fm_grasp_protocol_v3/jobs/grasp_protocol_v3__mean__swan__swan_sf__seed1103/result.json,729d45d7471e87003fde69ea67fafaeb213433c93427216bde4b740f4afeaf4e,data_audit.train_only_scaler.median[16],0.0007316367027569
grasp_protocol_v3__mean__swan__swan_sf__seed1103,mean,swan,swan_sf,1103,completed,experiments/runs/fm_grasp_protocol_v3/jobs/grasp_protocol_v3__mean__swan__swan_sf__seed1103/result.json,729d45d7471e87003fde69ea67fafaeb213433c93427216bde4b740f4afeaf4e,data_audit.train_only_scaler.median[17],-1.612043362204535e+22
grasp_protocol_v3__mean__swan__swan_sf__seed1103,mean,swan,swan_sf,1103,completed,experiments/runs/fm_grasp_protocol_v3/jobs/grasp_protocol_v3__mean__swan__swan_sf__seed1103/result.json,729d45d7471e87003fde69ea67fafaeb213433c93427216bde4b740f4afeaf4e,data_audit.train_only_scaler.median[18],0.1806838037433196
grasp_protocol_v3__mean__swan__swan_sf__seed1103,mean,swan,swan_sf,1103,completed,experiments/runs/fm_grasp_protocol_v3/jobs/grasp_protocol_v3__mean__swan__swan_sf__seed1103/result.json,729d45d7471e87003fde69ea67fafaeb213433c93427216bde4b740f4afeaf4e,data_audit.train_only_scaler.median[19],0.0024643825097276
grasp_protocol_v3__mean__swan__swan_sf__seed1103,mean,swan,swan_sf,1103,completed,experiments/runs/fm_grasp_protocol_v3/jobs/grasp_protocol_v3__mean__swan__swan_sf__seed1103/result.json,729d45d7471e87003fde69ea67fafaeb213433c93427216bde4b740f4afeaf4e,data_audit.train_only_scaler.median[20],-1.7582466676047812e+22
grasp_protocol_v3__mean__swan__swan_sf__seed1103,mean,swan,swan_sf,1103,completed,experiments/runs/fm_grasp_protocol_v3/jobs/grasp_protocol_v3__mean__swan__swan_sf__seed1103/result.json,729d45d7471e87003fde69ea67fafaeb213433c93427216bde4b740f4afeaf4e,data_audit.train_only_scaler.median[21],0.0248835927535584
grasp_protocol_v3__mean__swan__swan_sf__seed1103,mean,swan,swan_sf,1103,completed,experiments/runs/fm_grasp_protocol_v3/jobs/grasp_protocol_v3__mean__swan__swan_sf__seed1103/result.json,729d45d7471e87003fde69ea67fafaeb213433c93427216bde4b740f4afeaf4e,data_audit.train_only_scaler.median[22],0.0411580664279638
grasp_protocol_v3__mean__swan__swan_sf__seed1103,mean,swan,swan_sf,1103,completed,experiments/runs/fm_grasp_protocol_v3/jobs/grasp_protocol_v3__mean__swan__swan_sf__seed1103/result.json,729d45d7471e87003fde69ea67fafaeb213433c93427216bde4b740f4afeaf4e,data_audit.train_only_scaler.median[23],0.0
grasp_protocol_v3__mean__swan__swan_sf__seed1103,mean,swan,swan_sf,1103,completed,experiments/runs/fm_grasp_protocol_v3/jobs/grasp_protocol_v3__mean__swan__swan_sf__seed1103/result.json,729d45d7471e87003fde69ea67fafaeb213433c93427216bde4b740f4afeaf4e,data_audit.train_only_scaler.median[24],223.862839
grasp_protocol_v3__mean__swan__swan_sf__seed1103,mean,swan,swan_sf,1103,completed,experiments/runs/fm_grasp_protocol_v3/jobs/grasp_protocol_v3__mean__swan__swan_sf__seed1103/result.json,729d45d7471e87003fde69ea67fafaeb213433c93427216bde4b740f4afeaf4e,data_audit.train_only_scaler.median[25],263.178192
grasp_protocol_v3__mean__swan__swan_sf__seed1103,mean,swan,swan_sf,1103,completed,experiments/runs/fm_grasp_protocol_v3/jobs/grasp_protocol_v3__mean__swan__swan_sf__seed1103/result.json,729d45d7471e87003fde69ea67fafaeb213433c93427216bde4b740f4afeaf4e,data_audit.train_only_scaler.median[26],3.667938
grasp_protocol_v3__mean__swan__swan_sf__seed1103,mean,swan,swan_sf,1103,completed,experiments/runs/fm_grasp_protocol_v3/jobs/grasp_protocol_v3__mean__swan__swan_sf__seed1103/result.json,729d45d7471e87003fde69ea67fafaeb213433c93427216bde4b740f4afeaf4e,data_audit.train_only_scaler.median[27],-2.074256
grasp_protocol_v3__mean__swan__swan_sf__seed1103,mean,swan,swan_sf,1103,completed,experiments/runs/fm_grasp_protocol_v3/jobs/grasp_protocol_v3__mean__swan__swan_sf__seed1103/result.json,729d45d7471e87003fde69ea67fafaeb213433c93427216bde4b740f4afeaf4e,data_audit.train_only_scaler.median[28],6.692411
grasp_protocol_v3__mean__swan__swan_sf__seed1103,mean,swan,swan_sf,1103,completed,experiments/runs/fm_grasp_protocol_v3/jobs/grasp_protocol_v3__mean__swan__swan_sf__seed1103/result.json,729d45d7471e87003fde69ea67fafaeb213433c93427216bde4b740f4afeaf4e,data_audit.train_only_scaler.median[29],10.207301
grasp_protocol_v3__mean__swan__swan_sf__seed1103,mean,swan,swan_sf,1103,completed,experiments/runs/fm_grasp_protocol_v3/jobs/grasp_protocol_v3__mean__swan__swan_sf__seed1103/result.json,729d45d7471e87003fde69ea67fafaeb213433c93427216bde4b740f4afeaf4e,data_audit.train_only_scaler.median[30],0.0
grasp_protocol_v3__mean__swan__swan_sf__seed1103,mean,swan,swan_sf,1103,completed,experiments/runs/fm_grasp_protocol_v3/jobs/grasp_protocol_v3__mean__swan__swan_sf__seed1103/result.json,729d45d7471e87003fde69ea67fafaeb213433c93427216bde4b740f4afeaf4e,data_audit.train_only_scaler.median[31],1.0
grasp_protocol_v3__mean__swan__swan_sf__seed1103,mean,swan,swan_sf,1103,completed,experiments/runs/fm_grasp_protocol_v3/jobs/grasp_protocol_v3__mean__swan__swan_sf__seed1103/result.json,729d45d7471e87003fde69ea67fafaeb213433c93427216bde4b740f4afeaf4e,data_audit.train_only_scaler.median[32],0.0
grasp_protocol_v3__mean__swan__swan_sf__seed1103,mean,swan,swan_sf,1103,completed,experiments/runs/fm_grasp_protocol_v3/jobs/grasp_protocol_v3__mean__swan__swan_sf__seed1103/result.json,729d45d7471e87003fde69ea67fafaeb213433c93427216bde4b740f4afeaf4e,data_audit.train_only_scaler.median[33],0.0
grasp_protocol_v3__mean__swan__swan_sf__seed1103,mean,swan,swan_sf,1103,completed,experiments/runs/fm_grasp_protocol_v3/jobs/grasp_protocol_v3__mean__swan__swan_sf__seed1103/result.json,729d45d7471e87003fde69ea67fafaeb213433c93427216bde4b740f4afeaf4e,data_audit.train_only_scaler.median[34],0.0
grasp_protocol_v3__mean__swan__swan_sf__seed1103,mean,swan,swan_sf,1103,completed,experiments/runs/fm_grasp_protocol_v3/jobs/grasp_protocol_v3__mean__swan__swan_sf__seed1103/result.json,729d45d7471e87003fde69ea67fafaeb213433c93427216bde4b740f4afeaf4e,data_audit.train_only_scaler.median[35],0.0
grasp_protocol_v3__mean__swan__swan_sf__seed1103,mean,swan,swan_sf,1103,completed,experiments/runs/fm_grasp_protocol_v3/jobs/grasp_protocol_v3__mean__swan__swan_sf__seed1103/result.json,729d45d7471e87003fde69ea67fafaeb213433c93427216bde4b740f4afeaf4e,data_audit.train_only_scaler.median[36],1.23e-06
grasp_protocol_v3__mean__swan__swan_sf__seed1103,mean,swan,swan_sf,1103,completed,experiments/runs/fm_grasp_protocol_v3/jobs/grasp_protocol_v3__mean__swan__swan_sf__seed1103/result.json,729d45d7471e87003fde69ea67fafaeb213433c93427216bde4b740f4afeaf4e,data_audit.train_only_scaler.median[37],12.0
grasp_protocol_v3__mean__swan__swan_sf__seed1103,mean,swan,swan_sf,1103,completed,experiments/runs/fm_grasp_protocol_v3/jobs/grasp_protocol_v3__mean__swan__swan_sf__seed1103/result.json,729d45d7471e87003fde69ea67fafaeb213433c93427216bde4b740f4afeaf4e,data_audit.train_only_scaler.mean[0],305.1626169607622
grasp_protocol_v3__mean__swan__swan_sf__seed1103,mean,swan,swan_sf,1103,completed,experiments/runs/fm_grasp_protocol_v3/jobs/grasp_protocol_v3__mean__swan__swan_sf__seed1103/result.json,729d45d7471e87003fde69ea67fafaeb213433c93427216bde4b740f4afeaf4e,data_audit.train_only_scaler.mean[1],3891992090.7515807
grasp_protocol_v3__mean__swan__swan_sf__seed1103,mean,swan,swan_sf,1103,completed,experiments/runs/fm_grasp_protocol_v3/jobs/grasp_protocol_v3__mean__swan__swan_sf__seed1103/result.json,729d45d7471e87003fde69ea67fafaeb213433c93427216bde4b740f4afeaf4e,data_audit.train_only_scaler.mean[2],1.0852574129680566e+23
grasp_protocol_v3__mean__swan__swan_sf__seed1103,mean,swan,swan_sf,1103,completed,experiments/runs/fm_grasp_protocol_v3/jobs/grasp_protocol_v3__mean__swan__swan_sf__seed1103/result.json,729d45d7471e87003fde69ea67fafaeb213433c93427216bde4b740f4afeaf4e,data_audit.train_only_scaler.mean[3],6278208406547.6875
grasp_protocol_v3__mean__swan__swan_sf__seed1103,mean,swan,swan_sf,1103,completed,experiments/runs/fm_grasp_protocol_v3/jobs/grasp_protocol_v3__mean__swan__swan_sf__seed1103/result.json,729d45d7471e87003fde69ea67fafaeb213433c93427216bde4b740f4afeaf4e,data_audit.train_only_scaler.mean[4],41.4241013709116
grasp_protocol_v3__mean__swan__swan_sf__seed1103,mean,swan,swan_sf,1103,completed,experiments/runs/fm_grasp_protocol_v3/jobs/grasp_protocol_v3__mean__swan__swan_sf__seed1103/result.json,729d45d7471e87003fde69ea67fafaeb213433c93427216bde4b740f4afeaf4e,data_audit.train_only_scaler.mean[5],2144531812602.708
grasp_protocol_v3__mean__swan__swan_sf__seed1103,mean,swan,swan_sf,1103,completed,experiments/runs/fm_grasp_protocol_v3/jobs/grasp_protocol_v3__mean__swan__swan_sf__seed1103/result.json,729d45d7471e87003fde69ea67fafaeb213433c93427216bde4b740f4afeaf4e,data_audit.train_only_scaler.mean[6],4.5793002135186697e+21
grasp_protocol_v3__mean__swan__swan_sf__seed1103,mean,swan,swan_sf,1103,completed,experiments/runs/fm_grasp_protocol_v3/jobs/grasp_protocol_v3__mean__swan__swan_sf__seed1103/result.json,729d45d7471e87003fde69ea67fafaeb213433c93427216bde4b740f4afeaf4e,data_audit.train_only_scaler.mean[7],-1.8388628813093173e+24
grasp_protocol_v3__mean__swan__swan_sf__seed1103,mean,swan,swan_sf,1103,completed,experiments/runs/fm_grasp_protocol_v3/jobs/grasp_protocol_v3__mean__swan__swan_sf__seed1103/result.json,729d45d7471e87003fde69ea67fafaeb213433c93427216bde4b740f4afeaf4e,data_audit.train_only_scaler.mean[8],436248.2433815505
grasp_protocol_v3__mean__swan__swan_sf__seed1103,mean,swan,swan_sf,1103,completed,experiments/runs/fm_grasp_protocol_v3/jobs/grasp_protocol_v3__mean__swan__swan_sf__seed1103/result.json,729d45d7471e87003fde69ea67fafaeb213433c93427216bde4b740f4afeaf4e,data_audit.train_only_scaler.mean[9],-0.5304256504971101
grasp_protocol_v3__mean__swan__swan_sf__seed1103,mean,swan,swan_sf,1103,completed,experiments/runs/fm_grasp_protocol_v3/jobs/grasp_protocol_v3__mean__swan__swan_sf__seed1103/result.json,729d45d7471e87003fde69ea67fafaeb213433c93427216bde4b740f4afeaf4e,data_audit.train_only_scaler.mean[10],26.18927621491827
grasp_protocol_v3__mean__swan__swan_sf__seed1103,mean,swan,swan_sf,1103,completed,experiments/runs/fm_grasp_protocol_v3/jobs/grasp_protocol_v3__mean__swan__swan_sf__seed1103/result.json,729d45d7471e87003fde69ea67fafaeb213433c93427216bde4b740f4afeaf4e,data_audit.train_only_scaler.mean[11],11.104307795097283
grasp_protocol_v3__mean__swan__swan_sf__seed1103,mean,swan,swan_sf,1103,completed,experiments/runs/fm_grasp_protocol_v3/jobs/grasp_protocol_v3__mean__swan__swan_sf__seed1103/result.json,729d45d7471e87003fde69ea67fafaeb213433c93427216bde4b740f4afeaf4e,data_audit.train_only_scaler.mean[12],34.1471406854236
grasp_protocol_v3__mean__swan__swan_sf__seed1103,mean,swan,swan_sf,1103,completed,experiments/runs/fm_grasp_protocol_v3/jobs/grasp_protocol_v3__mean__swan__swan_sf__seed1103/result.json,729d45d7471e87003fde69ea67fafaeb213433c93427216bde4b740f4afeaf4e,data_audit.train_only_scaler.mean[13],121.46471916884391
grasp_protocol_v3__mean__swan__swan_sf__seed1103,mean,swan,swan_sf,1103,completed,experiments/runs/fm_grasp_protocol_v3/jobs/grasp_protocol_v3__mean__swan__swan_sf__seed1103/result.json,729d45d7471e87003fde69ea67fafaeb213433c93427216bde4b740f4afeaf4e,data_audit.train_only_scaler.mean[14],122.77046639364936
grasp_protocol_v3__mean__swan__swan_sf__seed1103,mean,swan,swan_sf,1103,completed,experiments/runs/fm_grasp_protocol_v3/jobs/grasp_protocol_v3__mean__swan__swan_sf__seed1103/result.json,729d45d7471e87003fde69ea67fafaeb213433c93427216bde4b740f4afeaf4e,data_audit.train_only_scaler.mean[15],54.72076190157697
grasp_protocol_v3__mean__swan__swan_sf__seed1103,mean,swan,swan_sf,1103,completed,experiments/runs/fm_grasp_protocol_v3/jobs/grasp_protocol_v3__mean__swan__swan_sf__seed1103/result.json,729d45d7471e87003fde69ea67fafaeb213433c93427216bde4b740f4afeaf4e,data_audit.train_only_scaler.mean[16],0.0004028268090018369
grasp_protocol_v3__mean__swan__swan_sf__seed1103,mean,swan,swan_sf,1103,completed,experiments/runs/fm_grasp_protocol_v3/jobs/grasp_protocol_v3__mean__swan__swan_sf__seed1103/result.json,729d45d7471e87003fde69ea67fafaeb213433c93427216bde4b740f4afeaf4e,data_audit.train_only_scaler.mean[17],-1.085305984839892e+23
grasp_protocol_v3__mean__swan__swan_sf__seed1103,mean,swan,swan_sf,1103,completed,experiments/runs/fm_grasp_protocol_v3/jobs/grasp_protocol_v3__mean__swan__swan_sf__seed1103/result.json,729d45d7471e87003fde69ea67fafaeb213433c93427216bde4b740f4afeaf4e,data_audit.train_only_scaler.mean[18],0.3314377587114313
grasp_protocol_v3__mean__swan__swan_sf__seed1103,mean,swan,swan_sf,1103,completed,experiments/runs/fm_grasp_protocol_v3/jobs/grasp_protocol_v3__mean__swan__swan_sf__seed1103/result.json,729d45d7471e87003fde69ea67fafaeb213433c93427216bde4b740f4afeaf4e,data_audit.train_only_scaler.mean[19],0.0017608309675426538
grasp_protocol_v3__mean__swan__swan_sf__seed1103,mean,swan,swan_sf,1103,completed,experiments/runs/fm_grasp_protocol_v3/jobs/grasp_protocol_v3__mean__swan__swan_sf__seed1103/result.json,729d45d7471e87003fde69ea67fafaeb213433c93427216bde4b740f4afeaf4e,data_audit.train_only_scaler.mean[20],-6.4804778061874636e+22
grasp_protocol_v3__mean__swan__swan_sf__seed1103,mean,swan,swan_sf,1103,completed,experiments/runs/fm_grasp_protocol_v3/jobs/grasp_protocol_v3__mean__swan__swan_sf__seed1103/result.json,729d45d7471e87003fde69ea67fafaeb213433c93427216bde4b740f4afeaf4e,data_audit.train_only_scaler.mean[21],0.012395267187078311
grasp_protocol_v3__mean__swan__swan_sf__seed1103,mean,swan,swan_sf,1103,completed,experiments/runs/fm_grasp_protocol_v3/jobs/grasp_protocol_v3__mean__swan__swan_sf__seed1103/result.json,729d45d7471e87003fde69ea67fafaeb213433c93427216bde4b740f4afeaf4e,data_audit.train_only_scaler.mean[22],0.018506858863011996
grasp_protocol_v3__mean__swan__swan_sf__seed1103,mean,swan,swan_sf,1103,completed,experiments/runs/fm_grasp_protocol_v3/jobs/grasp_protocol_v3__mean__swan__swan_sf__seed1103/result.json,729d45d7471e87003fde69ea67fafaeb213433c93427216bde4b740f4afeaf4e,data_audit.train_only_scaler.mean[23],1.418514473790745
grasp_protocol_v3__mean__swan__swan_sf__seed1103,mean,swan,swan_sf,1103,completed,experiments/runs/fm_grasp_protocol_v3/jobs/grasp_protocol_v3__mean__swan__swan_sf__seed1103/result.json,729d45d7471e87003fde69ea67fafaeb213433c93427216bde4b740f4afeaf4e,data_audit.train_only_scaler.mean[24],201.065698432738
grasp_protocol_v3__mean__swan__swan_sf__seed1103,mean,swan,swan_sf,1103,completed,experiments/runs/fm_grasp_protocol_v3/jobs/grasp_protocol_v3__mean__swan__swan_sf__seed1103/result.json,729d45d7471e87003fde69ea67fafaeb213433c93427216bde4b740f4afeaf4e,data_audit.train_only_scaler.mean[25],198.70728841208506
grasp_protocol_v3__mean__swan__swan_sf__seed1103,mean,swan,swan_sf,1103,completed,experiments/runs/fm_grasp_protocol_v3/jobs/grasp_protocol_v3__mean__swan__swan_sf__seed1103/result.json,729d45d7471e87003fde69ea67fafaeb213433c93427216bde4b740f4afeaf4e,data_audit.train_only_scaler.mean[26],-0.722098970705977
grasp_protocol_v3__mean__swan__swan_sf__seed1103,mean,swan,swan_sf,1103,completed,experiments/runs/fm_grasp_protocol_v3/jobs/grasp_protocol_v3__mean__swan__swan_sf__seed1103/result.json,729d45d7471e87003fde69ea67fafaeb213433c93427216bde4b740f4afeaf4e,data_audit.train_only_scaler.mean[27],-3.9825264890385723
grasp_protocol_v3__mean__swan__swan_sf__seed1103,mean,swan,swan_sf,1103,completed,experiments/runs/fm_grasp_protocol_v3/jobs/grasp_protocol_v3__mean__swan__swan_sf__seed1103/result.json,729d45d7471e87003fde69ea67fafaeb213433c93427216bde4b740f4afeaf4e,data_audit.train_only_scaler.mean[28],4.580065097159533
grasp_protocol_v3__mean__swan__swan_sf__seed1103,mean,swan,swan_sf,1103,completed,experiments/runs/fm_grasp_protocol_v3/jobs/grasp_protocol_v3__mean__swan__swan_sf__seed1103/result.json,729d45d7471e87003fde69ea67fafaeb213433c93427216bde4b740f4afeaf4e,data_audit.train_only_scaler.mean[29],7.682772539747129
grasp_protocol_v3__mean__swan__swan_sf__seed1103,mean,swan,swan_sf,1103,completed,experiments/runs/fm_grasp_protocol_v3/jobs/grasp_protocol_v3__mean__swan__swan_sf__seed1103/result.json,729d45d7471e87003fde69ea67fafaeb213433c93427216bde4b740f4afeaf4e,data_audit.train_only_scaler.mean[30],2556.974264472263
grasp_protocol_v3__mean__swan__swan_sf__seed1103,mean,swan,swan_sf,1103,completed,experiments/runs/fm_grasp_protocol_v3/jobs/grasp_protocol_v3__mean__swan__swan_sf__seed1103/result.json,729d45d7471e87003fde69ea67fafaeb213433c93427216bde4b740f4afeaf4e,data_audit.train_only_scaler.mean[31],0.9601575903920696
grasp_protocol_v3__mean__swan__swan_sf__seed1103,mean,swan,swan_sf,1103,completed,experiments/runs/fm_grasp_protocol_v3/jobs/grasp_protocol_v3__mean__swan__swan_sf__seed1103/result.json,729d45d7471e87003fde69ea67fafaeb213433c93427216bde4b740f4afeaf4e,data_audit.train_only_scaler.mean[32],0.0
grasp_protocol_v3__mean__swan__swan_sf__seed1103,mean,swan,swan_sf,1103,completed,experiments/runs/fm_grasp_protocol_v3/jobs/grasp_protocol_v3__mean__swan__swan_sf__seed1103/result.json,729d45d7471e87003fde69ea67fafaeb213433c93427216bde4b740f4afeaf4e,data_audit.train_only_scaler.mean[33],0.001143801232763551
grasp_protocol_v3__mean__swan__swan_sf__seed1103,mean,swan,swan_sf,1103,completed,experiments/runs/fm_grasp_protocol_v3/jobs/grasp_protocol_v3__mean__swan__swan_sf__seed1103/result.json,729d45d7471e87003fde69ea67fafaeb213433c93427216bde4b740f4afeaf4e,data_audit.train_only_scaler.mean[34],0.0005719006163817755
grasp_protocol_v3__mean__swan__swan_sf__seed1103,mean,swan,swan_sf,1103,completed,experiments/runs/fm_grasp_protocol_v3/jobs/grasp_protocol_v3__mean__swan__swan_sf__seed1103/result.json,729d45d7471e87003fde69ea67fafaeb213433c93427216bde4b740f4afeaf4e,data_audit.train_only_scaler.mean[35],0.0
grasp_protocol_v3__mean__swan__swan_sf__seed1103,mean,swan,swan_sf,1103,completed,experiments/runs/fm_grasp_protocol_v3/jobs/grasp_protocol_v3__mean__swan__swan_sf__seed1103/result.json,729d45d7471e87003fde69ea67fafaeb213433c93427216bde4b740f4afeaf4e,data_audit.train_only_scaler.mean[36],-235.11234360995348
grasp_protocol_v3__mean__swan__swan_sf__seed1103,mean,swan,swan_sf,1103,completed,experiments/runs/fm_grasp_protocol_v3/jobs/grasp_protocol_v3__mean__swan__swan_sf__seed1103/result.json,729d45d7471e87003fde69ea67fafaeb213433c93427216bde4b740f4afeaf4e,data_audit.train_only_scaler.mean[37],11.944843362775625
grasp_protocol_v3__mean__swan__swan_sf__seed1103,mean,swan,swan_sf,1103,completed,experiments/runs/fm_grasp_protocol_v3/jobs/grasp_protocol_v3__mean__swan__swan_sf__seed1103/result.json,729d45d7471e87003fde69ea67fafaeb213433c93427216bde4b740f4afeaf4e,data_audit.train_only_scaler.scale[0],521.570342257543
grasp_protocol_v3__mean__swan__swan_sf__seed1103,mean,swan,swan_sf,1103,completed,experiments/runs/fm_grasp_protocol_v3/jobs/grasp_protocol_v3__mean__swan__swan_sf__seed1103/result.json,729d45d7471e87003fde69ea67fafaeb213433c93427216bde4b740f4afeaf4e,data_audit.train_only_scaler.scale[1],8127773323.662388
grasp_protocol_v3__mean__swan__swan_sf__seed1103,mean,swan,swan_sf,1103,completed,experiments/runs/fm_grasp_protocol_v3/jobs/grasp_protocol_v3__mean__swan__swan_sf__seed1103/result.json,729d45d7471e87003fde69ea67fafaeb213433c93427216bde4b740f4afeaf4e,data_audit.train_only_scaler.scale[2],1.6057244166730386e+24
grasp_protocol_v3__mean__swan__swan_sf__seed1103,mean,swan,swan_sf,1103,completed,experiments/runs/fm_grasp_protocol_v3/jobs/grasp_protocol_v3__mean__swan__swan_sf__seed1103/result.json,729d45d7471e87003fde69ea67fafaeb213433c93427216bde4b740f4afeaf4e,data_audit.train_only_scaler.scale[3],10484165665143.857
grasp_protocol_v3__mean__swan__swan_sf__seed1103,mean,swan,swan_sf,1103,completed,experiments/runs/fm_grasp_protocol_v3/jobs/grasp_protocol_v3__mean__swan__swan_sf__seed1103/result.json,729d45d7471e87003fde69ea67fafaeb213433c93427216bde4b740f4afeaf4e,data_audit.train_only_scaler.scale[4],112.13325347975933
grasp_protocol_v3__mean__swan__swan_sf__seed1103,mean,swan,swan_sf,1103,completed,experiments/runs/fm_grasp_protocol_v3/jobs/grasp_protocol_v3__mean__swan__swan_sf__seed1103/result.json,729d45d7471e87003fde69ea67fafaeb213433c93427216bde4b740f4afeaf4e,data_audit.train_only_scaler.scale[5],4786566349698.902
grasp_protocol_v3__mean__swan__swan_sf__seed1103,mean,swan,swan_sf,1103,completed,experiments/runs/fm_grasp_protocol_v3/jobs/grasp_protocol_v3__mean__swan__swan_sf__seed1103/result.json,729d45d7471e87003fde69ea67fafaeb213433c93427216bde4b740f4afeaf4e,data_audit.train_only_scaler.scale[6],8.160999960406271e+21
grasp_protocol_v3__mean__swan__swan_sf__seed1103,mean,swan,swan_sf,1103,completed,experiments/runs/fm_grasp_protocol_v3/jobs/grasp_protocol_v3__mean__swan__swan_sf__seed1103/result.json,729d45d7471e87003fde69ea67fafaeb213433c93427216bde4b740f4afeaf4e,data_audit.train_only_scaler.scale[7],3.2446255976209476e+24
grasp_protocol_v3__mean__swan__swan_sf__seed1103,mean,swan,swan_sf,1103,completed,experiments/runs/fm_grasp_protocol_v3/jobs/grasp_protocol_v3__mean__swan__swan_sf__seed1103/result.json,729d45d7471e87003fde69ea67fafaeb213433c93427216bde4b740f4afeaf4e,data_audit.train_only_scaler.scale[8],12700705.083050588
grasp_protocol_v3__mean__swan__swan_sf__seed1103,mean,swan,swan_sf,1103,completed,experiments/runs/fm_grasp_protocol_v3/jobs/grasp_protocol_v3__mean__swan__swan_sf__seed1103/result.json,729d45d7471e87003fde69ea67fafaeb213433c93427216bde4b740f4afeaf4e,data_audit.train_only_scaler.scale[9],0.15764267201891288
grasp_protocol_v3__mean__swan__swan_sf__seed1103,mean,swan,swan_sf,1103,completed,experiments/runs/fm_grasp_protocol_v3/jobs/grasp_protocol_v3__mean__swan__swan_sf__seed1103/result.json,729d45d7471e87003fde69ea67fafaeb213433c93427216bde4b740f4afeaf4e,data_audit.train_only_scaler.scale[10],7.998840992094515
grasp_protocol_v3__mean__swan__swan_sf__seed1103,mean,swan,swan_sf,1103,completed,experiments/runs/fm_grasp_protocol_v3/jobs/grasp_protocol_v3__mean__swan__swan_sf__seed1103/result.json,729d45d7471e87003fde69ea67fafaeb213433c93427216bde4b740f4afeaf4e,data_audit.train_only_scaler.scale[11],14.517086710445161
grasp_protocol_v3__mean__swan__swan_sf__seed1103,mean,swan,swan_sf,1103,completed,experiments/runs/fm_grasp_protocol_v3/jobs/grasp_protocol_v3__mean__swan__swan_sf__seed1103/result.json,729d45d7471e87003fde69ea67fafaeb213433c93427216bde4b740f4afeaf4e,data_audit.train_only_scaler.scale[12],9.164958630701037
grasp_protocol_v3__mean__swan__swan_sf__seed1103,mean,swan,swan_sf,1103,completed,experiments/runs/fm_grasp_protocol_v3/jobs/grasp_protocol_v3__mean__swan__swan_sf__seed1103/result.json,729d45d7471e87003fde69ea67fafaeb213433c93427216bde4b740f4afeaf4e,data_audit.train_only_scaler.scale[13],22.663966001612895
grasp_protocol_v3__mean__swan__swan_sf__seed1103,mean,swan,swan_sf,1103,completed,experiments/runs/fm_grasp_protocol_v3/jobs/grasp_protocol_v3__mean__swan__swan_sf__seed1103/result.json,729d45d7471e87003fde69ea67fafaeb213433c93427216bde4b740f4afeaf4e,data_audit.train_only_scaler.scale[14],22.83698851922826
grasp_protocol_v3__mean__swan__swan_sf__seed1103,mean,swan,swan_sf,1103,completed,experiments/runs/fm_grasp_protocol_v3/jobs/grasp_protocol_v3__mean__swan__swan_sf__seed1103/result.json,729d45d7471e87003fde69ea67fafaeb213433c93427216bde4b740f4afeaf4e,data_audit.train_only_scaler.scale[15],14.49123627720488
grasp_protocol_v3__mean__swan__swan_sf__seed1103,mean,swan,swan_sf,1103,completed,experiments/runs/fm_grasp_protocol_v3/jobs/grasp_protocol_v3__mean__swan__swan_sf__seed1103/result.json,729d45d7471e87003fde69ea67fafaeb213433c93427216bde4b740f4afeaf4e,data_audit.train_only_scaler.scale[16],0.007446704694027152
grasp_protocol_v3__mean__swan__swan_sf__seed1103,mean,swan,swan_sf,1103,completed,experiments/runs/fm_grasp_protocol_v3/jobs/grasp_protocol_v3__mean__swan__swan_sf__seed1103/result.json,729d45d7471e87003fde69ea67fafaeb213433c93427216bde4b740f4afeaf4e,data_audit.train_only_scaler.scale[17],5.067548212998718e+23
grasp_protocol_v3__mean__swan__swan_sf__seed1103,mean,swan,swan_sf,1103,completed,experiments/runs/fm_grasp_protocol_v3/jobs/grasp_protocol_v3__mean__swan__swan_sf__seed1103/result.json,729d45d7471e87003fde69ea67fafaeb213433c93427216bde4b740f4afeaf4e,data_audit.train_only_scaler.scale[18],0.7491082918156635
grasp_protocol_v3__mean__swan__swan_sf__seed1103,mean,swan,swan_sf,1103,completed,experiments/runs/fm_grasp_protocol_v3/jobs/grasp_protocol_v3__mean__swan__swan_sf__seed1103/result.json,729d45d7471e87003fde69ea67fafaeb213433c93427216bde4b740f4afeaf4e,data_audit.train_only_scaler.scale[19],0.02580423934918983
grasp_protocol_v3__mean__swan__swan_sf__seed1103,mean,swan,swan_sf,1103,completed,experiments/runs/fm_grasp_protocol_v3/jobs/grasp_protocol_v3__mean__swan__swan_sf__seed1103/result.json,729d45d7471e87003fde69ea67fafaeb213433c93427216bde4b740f4afeaf4e,data_audit.train_only_scaler.scale[20],1.1825085057623071e+24
grasp_protocol_v3__mean__swan__swan_sf__seed1103,mean,swan,swan_sf,1103,completed,experiments/runs/fm_grasp_protocol_v3/jobs/grasp_protocol_v3__mean__swan__swan_sf__seed1103/result.json,729d45d7471e87003fde69ea67fafaeb213433c93427216bde4b740f4afeaf4e,data_audit.train_only_scaler.scale[21],0.13926497457575512
grasp_protocol_v3__mean__swan__swan_sf__seed1103,mean,swan,swan_sf,1103,completed,experiments/runs/fm_grasp_protocol_v3/jobs/grasp_protocol_v3__mean__swan__swan_sf__seed1103/result.json,729d45d7471e87003fde69ea67fafaeb213433c93427216bde4b740f4afeaf4e,data_audit.train_only_scaler.scale[22],0.18539980134319797
grasp_protocol_v3__mean__swan__swan_sf__seed1103,mean,swan,swan_sf,1103,completed,experiments/runs/fm_grasp_protocol_v3/jobs/grasp_protocol_v3__mean__swan__swan_sf__seed1103/result.json,729d45d7471e87003fde69ea67fafaeb213433c93427216bde4b740f4afeaf4e,data_audit.train_only_scaler.scale[23],1.712261267510182
grasp_protocol_v3__mean__swan__swan_sf__seed1103,mean,swan,swan_sf,1103,completed,experiments/runs/fm_grasp_protocol_v3/jobs/grasp_protocol_v3__mean__swan__swan_sf__seed1103/result.json,729d45d7471e87003fde69ea67fafaeb213433c93427216bde4b740f4afeaf4e,data_audit.train_only_scaler.scale[24],122.48048173928221
grasp_protocol_v3__mean__swan__swan_sf__seed1103,mean,swan,swan_sf,1103,completed,experiments/runs/fm_grasp_protocol_v3/jobs/grasp_protocol_v3__mean__swan__swan_sf__seed1103/result.json,729d45d7471e87003fde69ea67fafaeb213433c93427216bde4b740f4afeaf4e,data_audit.train_only_scaler.scale[25],118.53868905344714
grasp_protocol_v3__mean__swan__swan_sf__seed1103,mean,swan,swan_sf,1103,completed,experiments/runs/fm_grasp_protocol_v3/jobs/grasp_protocol_v3__mean__swan__swan_sf__seed1103/result.json,729d45d7471e87003fde69ea67fafaeb213433c93427216bde4b740f4afeaf4e,data_audit.train_only_scaler.scale[26],15.8413429430375
grasp_protocol_v3__mean__swan__swan_sf__seed1103,mean,swan,swan_sf,1103,completed,experiments/runs/fm_grasp_protocol_v3/jobs/grasp_protocol_v3__mean__swan__swan_sf__seed1103/result.json,729d45d7471e87003fde69ea67fafaeb213433c93427216bde4b740f4afeaf4e,data_audit.train_only_scaler.scale[27],33.25478901460059
grasp_protocol_v3__mean__swan__swan_sf__seed1103,mean,swan,swan_sf,1103,completed,experiments/runs/fm_grasp_protocol_v3/jobs/grasp_protocol_v3__mean__swan__swan_sf__seed1103/result.json,729d45d7471e87003fde69ea67fafaeb213433c93427216bde4b740f4afeaf4e,data_audit.train_only_scaler.scale[28],16.466208780244486
grasp_protocol_v3__mean__swan__swan_sf__seed1103,mean,swan,swan_sf,1103,completed,experiments/runs/fm_grasp_protocol_v3/jobs/grasp_protocol_v3__mean__swan__swan_sf__seed1103/result.json,729d45d7471e87003fde69ea67fafaeb213433c93427216bde4b740f4afeaf4e,data_audit.train_only_scaler.scale[29],33.90595903667634
grasp_protocol_v3__mean__swan__swan_sf__seed1103,mean,swan,swan_sf,1103,completed,experiments/runs/fm_grasp_protocol_v3/jobs/grasp_protocol_v3__mean__swan__swan_sf__seed1103/result.json,729d45d7471e87003fde69ea67fafaeb213433c93427216bde4b740f4afeaf4e,data_audit.train_only_scaler.scale[30],12719.09410671598
grasp_protocol_v3__mean__swan__swan_sf__seed1103,mean,swan,swan_sf,1103,completed,experiments/runs/fm_grasp_protocol_v3/jobs/grasp_protocol_v3__mean__swan__swan_sf__seed1103/result.json,729d45d7471e87003fde69ea67fafaeb213433c93427216bde4b740f4afeaf4e,data_audit.train_only_scaler.scale[31],0.19558883404879554
grasp_protocol_v3__mean__swan__swan_sf__seed1103,mean,swan,swan_sf,1103,completed,experiments/runs/fm_grasp_protocol_v3/jobs/grasp_protocol_v3__mean__swan__swan_sf__seed1103/result.json,729d45d7471e87003fde69ea67fafaeb213433c93427216bde4b740f4afeaf4e,data_audit.train_only_scaler.scale[32],1.0
grasp_protocol_v3__mean__swan__swan_sf__seed1103,mean,swan,swan_sf,1103,completed,experiments/runs/fm_grasp_protocol_v3/jobs/grasp_protocol_v3__mean__swan__swan_sf__seed1103/result.json,729d45d7471e87003fde69ea67fafaeb213433c93427216bde4b740f4afeaf4e,data_audit.train_only_scaler.scale[33],0.03380078329718015
grasp_protocol_v3__mean__swan__swan_sf__seed1103,mean,swan,swan_sf,1103,completed,experiments/runs/fm_grasp_protocol_v3/jobs/grasp_protocol_v3__mean__swan__swan_sf__seed1103/result.json,729d45d7471e87003fde69ea67fafaeb213433c93427216bde4b740f4afeaf4e,data_audit.train_only_scaler.scale[34],0.02390760435650135
grasp_protocol_v3__mean__swan__swan_sf__seed1103,mean,swan,swan_sf,1103,completed,experiments/runs/fm_grasp_protocol_v3/jobs/grasp_protocol_v3__mean__swan__swan_sf__seed1103/result.json,729d45d7471e87003fde69ea67fafaeb213433c93427216bde4b740f4afeaf4e,data_audit.train_only_scaler.scale[35],1.0
grasp_protocol_v3__mean__swan__swan_sf__seed1103,mean,swan,swan_sf,1103,completed,experiments/runs/fm_grasp_protocol_v3/jobs/grasp_protocol_v3__mean__swan__swan_sf__seed1103/result.json,729d45d7471e87003fde69ea67fafaeb213433c93427216bde4b740f4afeaf4e,data_audit.train_only_scaler.scale[36],4843.110750687241
grasp_protocol_v3__mean__swan__swan_sf__seed1103,mean,swan,swan_sf,1103,completed,experiments/runs/fm_grasp_protocol_v3/jobs/grasp_protocol_v3__mean__swan__swan_sf__seed1103/result.json,729d45d7471e87003fde69ea67fafaeb213433c93427216bde4b740f4afeaf4e,data_audit.train_only_scaler.scale[37],0.7110330701676929
grasp_protocol_v3__mean__swan__swan_sf__seed1103,mean,swan,swan_sf,1103,completed,experiments/runs/fm_grasp_protocol_v3/jobs/grasp_protocol_v3__mean__swan__swan_sf__seed1103/result.json,729d45d7471e87003fde69ea67fafaeb213433c93427216bde4b740f4afeaf4e,data_audit.train_only_scaler.constant_channels[0],32
grasp_protocol_v3__mean__swan__swan_sf__seed1103,mean,swan,swan_sf,1103,completed,experiments/runs/fm_grasp_protocol_v3/jobs/grasp_protocol_v3__mean__swan__swan_sf__seed1103/result.json,729d45d7471e87003fde69ea67fafaeb213433c93427216bde4b740f4afeaf4e,data_audit.train_only_scaler.constant_channels[1],35
grasp_protocol_v3__mean__swan__swan_sf__seed1103,mean,swan,swan_sf,1103,completed,experiments/runs/fm_grasp_protocol_v3/jobs/grasp_protocol_v3__mean__swan__swan_sf__seed1103/result.json,729d45d7471e87003fde69ea67fafaeb213433c93427216bde4b740f4afeaf4e,data_audit.train_only_scaler.repairs[0],0
grasp_protocol_v3__mean__swan__swan_sf__seed1103,mean,swan,swan_sf,1103,completed,experiments/runs/fm_grasp_protocol_v3/jobs/grasp_protocol_v3__mean__swan__swan_sf__seed1103/result.json,729d45d7471e87003fde69ea67fafaeb213433c93427216bde4b740f4afeaf4e,data_audit.train_only_scaler.repairs[1],0
grasp_protocol_v3__er__swan__swan_sf__seed1103,er,swan,swan_sf,1103,completed,experiments/runs/fm_grasp_protocol_v3/jobs/grasp_protocol_v3__er__swan__swan_sf__seed1103/result.json,b0fef8de4718e438911198b57f9ce49e2a0670900c734a5c37a99bacb1441589,job.seed,1103
grasp_protocol_v3__er__swan__swan_sf__seed1103,er,swan,swan_sf,1103,completed,experiments/runs/fm_grasp_protocol_v3/jobs/grasp_protocol_v3__er__swan__swan_sf__seed1103/result.json,b0fef8de4718e438911198b57f9ce49e2a0670900c734a5c37a99bacb1441589,job.expected_optimizer_updates,93000
grasp_protocol_v3__er__swan__swan_sf__seed1103,er,swan,swan_sf,1103,completed,experiments/runs/fm_grasp_protocol_v3/jobs/grasp_protocol_v3__er__swan__swan_sf__seed1103/result.json,b0fef8de4718e438911198b57f9ce49e2a0670900c734a5c37a99bacb1441589,job.test_points,72000
grasp_protocol_v3__er__swan__swan_sf__seed1103,er,swan,swan_sf,1103,completed,experiments/runs/fm_grasp_protocol_v3/jobs/grasp_protocol_v3__er__swan__swan_sf__seed1103/result.json,b0fef8de4718e438911198b57f9ce49e2a0670900c734a5c37a99bacb1441589,job.validation_points,3935
grasp_protocol_v3__er__swan__swan_sf__seed1103,er,swan,swan_sf,1103,completed,experiments/runs/fm_grasp_protocol_v3/jobs/grasp_protocol_v3__er__swan__swan_sf__seed1103/result.json,b0fef8de4718e438911198b57f9ce49e2a0670900c734a5c37a99bacb1441589,job.score_recipes[0].source_samples,5
grasp_protocol_v3__er__swan__swan_sf__seed1103,er,swan,swan_sf,1103,completed,experiments/runs/fm_grasp_protocol_v3/jobs/grasp_protocol_v3__er__swan__swan_sf__seed1103/result.json,b0fef8de4718e438911198b57f9ce49e2a0670900c734a5c37a99bacb1441589,job.score_recipes[0].flow_evaluations,10
grasp_protocol_v3__er__swan__swan_sf__seed1103,er,swan,swan_sf,1103,completed,experiments/runs/fm_grasp_protocol_v3/jobs/grasp_protocol_v3__er__swan__swan_sf__seed1103/result.json,b0fef8de4718e438911198b57f9ce49e2a0670900c734a5c37a99bacb1441589,epochs_completed,1500
grasp_protocol_v3__er__swan__swan_sf__seed1103,er,swan,swan_sf,1103,completed,experiments/runs/fm_grasp_protocol_v3/jobs/grasp_protocol_v3__er__swan__swan_sf__seed1103/result.json,b0fef8de4718e438911198b57f9ce49e2a0670900c734a5c37a99bacb1441589,optimizer_updates,93000
grasp_protocol_v3__er__swan__swan_sf__seed1103,er,swan,swan_sf,1103,completed,experiments/runs/fm_grasp_protocol_v3/jobs/grasp_protocol_v3__er__swan__swan_sf__seed1103/result.json,b0fef8de4718e438911198b57f9ce49e2a0670900c734a5c37a99bacb1441589,scored_points,72000
grasp_protocol_v3__er__swan__swan_sf__seed1103,er,swan,swan_sf,1103,completed,experiments/runs/fm_grasp_protocol_v3/jobs/grasp_protocol_v3__er__swan__swan_sf__seed1103/result.json,b0fef8de4718e438911198b57f9ce49e2a0670900c734a5c37a99bacb1441589,validation_points,3935
grasp_protocol_v3__er__swan__swan_sf__seed1103,er,swan,swan_sf,1103,completed,experiments/runs/fm_grasp_protocol_v3/jobs/grasp_protocol_v3__er__swan__swan_sf__seed1103/result.json,b0fef8de4718e438911198b57f9ce49e2a0670900c734a5c37a99bacb1441589,score_recipes[0].source_samples,5
grasp_protocol_v3__er__swan__swan_sf__seed1103,er,swan,swan_sf,1103,completed,experiments/runs/fm_grasp_protocol_v3/jobs/grasp_protocol_v3__er__swan__swan_sf__seed1103/result.json,b0fef8de4718e438911198b57f9ce49e2a0670900c734a5c37a99bacb1441589,score_recipes[0].flow_evaluations,10
grasp_protocol_v3__er__swan__swan_sf__seed1103,er,swan,swan_sf,1103,completed,experiments/runs/fm_grasp_protocol_v3/jobs/grasp_protocol_v3__er__swan__swan_sf__seed1103/result.json,b0fef8de4718e438911198b57f9ce49e2a0670900c734a5c37a99bacb1441589,parameter_count,69244
grasp_protocol_v3__er__swan__swan_sf__seed1103,er,swan,swan_sf,1103,completed,experiments/runs/fm_grasp_protocol_v3/jobs/grasp_protocol_v3__er__swan__swan_sf__seed1103/result.json,b0fef8de4718e438911198b57f9ce49e2a0670900c734a5c37a99bacb1441589,training_seconds,1865.8171508000232
grasp_protocol_v3__er__swan__swan_sf__seed1103,er,swan,swan_sf,1103,completed,experiments/runs/fm_grasp_protocol_v3/jobs/grasp_protocol_v3__er__swan__swan_sf__seed1103/result.json,b0fef8de4718e438911198b57f9ce49e2a0670900c734a5c37a99bacb1441589,peak_cuda_allocated_bytes,163084288
grasp_protocol_v3__er__swan__swan_sf__seed1103,er,swan,swan_sf,1103,completed,experiments/runs/fm_grasp_protocol_v3/jobs/grasp_protocol_v3__er__swan__swan_sf__seed1103/result.json,b0fef8de4718e438911198b57f9ce49e2a0670900c734a5c37a99bacb1441589,peak_cuda_reserved_bytes,201326592
grasp_protocol_v3__er__swan__swan_sf__seed1103,er,swan,swan_sf,1103,completed,experiments/runs/fm_grasp_protocol_v3/jobs/grasp_protocol_v3__er__swan__swan_sf__seed1103/result.json,b0fef8de4718e438911198b57f9ce49e2a0670900c734a5c37a99bacb1441589,cpu_threads,2
grasp_protocol_v3__er__swan__swan_sf__seed1103,er,swan,swan_sf,1103,completed,experiments/runs/fm_grasp_protocol_v3/jobs/grasp_protocol_v3__er__swan__swan_sf__seed1103/result.json,b0fef8de4718e438911198b57f9ce49e2a0670900c734a5c37a99bacb1441589,metrics[0].recipe.source_samples,5
grasp_protocol_v3__er__swan__swan_sf__seed1103,er,swan,swan_sf,1103,completed,experiments/runs/fm_grasp_protocol_v3/jobs/grasp_protocol_v3__er__swan__swan_sf__seed1103/result.json,b0fef8de4718e438911198b57f9ce49e2a0670900c734a5c37a99bacb1441589,metrics[0].recipe.flow_evaluations,10
grasp_protocol_v3__er__swan__swan_sf__seed1103,er,swan,swan_sf,1103,completed,experiments/runs/fm_grasp_protocol_v3/jobs/grasp_protocol_v3__er__swan__swan_sf__seed1103/result.json,b0fef8de4718e438911198b57f9ce49e2a0670900c734a5c37a99bacb1441589,metrics[0].metrics.paper_retrospective.AP,0.5227724180914376
grasp_protocol_v3__er__swan__swan_sf__seed1103,er,swan,swan_sf,1103,completed,experiments/runs/fm_grasp_protocol_v3/jobs/grasp_protocol_v3__er__swan__swan_sf__seed1103/result.json,b0fef8de4718e438911198b57f9ce49e2a0670900c734a5c37a99bacb1441589,metrics[0].metrics.paper_retrospective.ROC,0.6968221992158667
grasp_protocol_v3__er__swan__swan_sf__seed1103,er,swan,swan_sf,1103,completed,experiments/runs/fm_grasp_protocol_v3/jobs/grasp_protocol_v3__er__swan__swan_sf__seed1103/result.json,b0fef8de4718e438911198b57f9ce49e2a0670900c734a5c37a99bacb1441589,metrics[0].metrics.paper_retrospective.Best_F1,0.5111948665456033
grasp_protocol_v3__er__swan__swan_sf__seed1103,er,swan,swan_sf,1103,completed,experiments/runs/fm_grasp_protocol_v3/jobs/grasp_protocol_v3__er__swan__swan_sf__seed1103/result.json,b0fef8de4718e438911198b57f9ce49e2a0670900c734a5c37a99bacb1441589,metrics[0].metrics.validation_only_control.precision,0.37578054765896446
grasp_protocol_v3__er__swan__swan_sf__seed1103,er,swan,swan_sf,1103,completed,experiments/runs/fm_grasp_protocol_v3/jobs/grasp_protocol_v3__er__swan__swan_sf__seed1103/result.json,b0fef8de4718e438911198b57f9ce49e2a0670900c734a5c37a99bacb1441589,metrics[0].metrics.validation_only_control.recall,0.7694527363184079
grasp_protocol_v3__er__swan__swan_sf__seed1103,er,swan,swan_sf,1103,completed,experiments/runs/fm_grasp_protocol_v3/jobs/grasp_protocol_v3__er__swan__swan_sf__seed1103/result.json,b0fef8de4718e438911198b57f9ce49e2a0670900c734a5c37a99bacb1441589,metrics[0].metrics.validation_only_control.f1,0.5049545358081525
grasp_protocol_v3__er__swan__swan_sf__seed1103,er,swan,swan_sf,1103,completed,experiments/runs/fm_grasp_protocol_v3/jobs/grasp_protocol_v3__er__swan__swan_sf__seed1103/result.json,b0fef8de4718e438911198b57f9ce49e2a0670900c734a5c37a99bacb1441589,metrics[0].metrics.validation_only_control.threshold,15931.694114062497
grasp_protocol_v3__er__swan__swan_sf__seed1103,er,swan,swan_sf,1103,completed,experiments/runs/fm_grasp_protocol_v3/jobs/grasp_protocol_v3__er__swan__swan_sf__seed1103/result.json,b0fef8de4718e438911198b57f9ce49e2a0670900c734a5c37a99bacb1441589,metrics[0].metrics.validation_only_control.quantile,0.99
grasp_protocol_v3__er__swan__swan_sf__seed1103,er,swan,swan_sf,1103,completed,experiments/runs/fm_grasp_protocol_v3/jobs/grasp_protocol_v3__er__swan__swan_sf__seed1103/result.json,b0fef8de4718e438911198b57f9ce49e2a0670900c734a5c37a99bacb1441589,metrics[0].validation_score_seconds,3.7431503999978304
grasp_protocol_v3__er__swan__swan_sf__seed1103,er,swan,swan_sf,1103,completed,experiments/runs/fm_grasp_protocol_v3/jobs/grasp_protocol_v3__er__swan__swan_sf__seed1103/result.json,b0fef8de4718e438911198b57f9ce49e2a0670900c734a5c37a99bacb1441589,metrics[0].test_score_seconds,66.03331919992343
grasp_protocol_v3__er__swan__swan_sf__seed1103,er,swan,swan_sf,1103,completed,experiments/runs/fm_grasp_protocol_v3/jobs/grasp_protocol_v3__er__swan__swan_sf__seed1103/result.json,b0fef8de4718e438911198b57f9ce49e2a0670900c734a5c37a99bacb1441589,metrics[0].window_evaluations,71951
grasp_protocol_v3__er__swan__swan_sf__seed1103,er,swan,swan_sf,1103,completed,experiments/runs/fm_grasp_protocol_v3/jobs/grasp_protocol_v3__er__swan__swan_sf__seed1103/result.json,b0fef8de4718e438911198b57f9ce49e2a0670900c734a5c37a99bacb1441589,data_audit.raw_train_points,19672
grasp_protocol_v3__er__swan__swan_sf__seed1103,er,swan,swan_sf,1103,completed,experiments/runs/fm_grasp_protocol_v3/jobs/grasp_protocol_v3__er__swan__swan_sf__seed1103/result.json,b0fef8de4718e438911198b57f9ce49e2a0670900c734a5c37a99bacb1441589,data_audit.split_cut,15737
grasp_protocol_v3__er__swan__swan_sf__seed1103,er,swan,swan_sf,1103,completed,experiments/runs/fm_grasp_protocol_v3/jobs/grasp_protocol_v3__er__swan__swan_sf__seed1103/result.json,b0fef8de4718e438911198b57f9ce49e2a0670900c734a5c37a99bacb1441589,data_audit.fit_points,15737
grasp_protocol_v3__er__swan__swan_sf__seed1103,er,swan,swan_sf,1103,completed,experiments/runs/fm_grasp_protocol_v3/jobs/grasp_protocol_v3__er__swan__swan_sf__seed1103/result.json,b0fef8de4718e438911198b57f9ce49e2a0670900c734a5c37a99bacb1441589,data_audit.validation_points,3935
grasp_protocol_v3__er__swan__swan_sf__seed1103,er,swan,swan_sf,1103,completed,experiments/runs/fm_grasp_protocol_v3/jobs/grasp_protocol_v3__er__swan__swan_sf__seed1103/result.json,b0fef8de4718e438911198b57f9ce49e2a0670900c734a5c37a99bacb1441589,data_audit.test_points,72000
grasp_protocol_v3__er__swan__swan_sf__seed1103,er,swan,swan_sf,1103,completed,experiments/runs/fm_grasp_protocol_v3/jobs/grasp_protocol_v3__er__swan__swan_sf__seed1103/result.json,b0fef8de4718e438911198b57f9ce49e2a0670900c734a5c37a99bacb1441589,data_audit.test_anomaly_points,20100
grasp_protocol_v3__er__swan__swan_sf__seed1103,er,swan,swan_sf,1103,completed,experiments/runs/fm_grasp_protocol_v3/jobs/grasp_protocol_v3__er__swan__swan_sf__seed1103/result.json,b0fef8de4718e438911198b57f9ce49e2a0670900c734a5c37a99bacb1441589,data_audit.features,38
grasp_protocol_v3__er__swan__swan_sf__seed1103,er,swan,swan_sf,1103,completed,experiments/runs/fm_grasp_protocol_v3/jobs/grasp_protocol_v3__er__swan__swan_sf__seed1103/result.json,b0fef8de4718e438911198b57f9ce49e2a0670900c734a5c37a99bacb1441589,data_audit.paper_variables,39
grasp_protocol_v3__er__swan__swan_sf__seed1103,er,swan,swan_sf,1103,completed,experiments/runs/fm_grasp_protocol_v3/jobs/grasp_protocol_v3__er__swan__swan_sf__seed1103/result.json,b0fef8de4718e438911198b57f9ce49e2a0670900c734a5c37a99bacb1441589,data_audit.fit_window_count,15688
grasp_protocol_v3__er__swan__swan_sf__seed1103,er,swan,swan_sf,1103,completed,experiments/runs/fm_grasp_protocol_v3/jobs/grasp_protocol_v3__er__swan__swan_sf__seed1103/result.json,b0fef8de4718e438911198b57f9ce49e2a0670900c734a5c37a99bacb1441589,data_audit.validation_window_count,3886
grasp_protocol_v3__er__swan__swan_sf__seed1103,er,swan,swan_sf,1103,completed,experiments/runs/fm_grasp_protocol_v3/jobs/grasp_protocol_v3__er__swan__swan_sf__seed1103/result.json,b0fef8de4718e438911198b57f9ce49e2a0670900c734a5c37a99bacb1441589,data_audit.test_window_count,71951
grasp_protocol_v3__er__swan__swan_sf__seed1103,er,swan,swan_sf,1103,completed,experiments/runs/fm_grasp_protocol_v3/jobs/grasp_protocol_v3__er__swan__swan_sf__seed1103/result.json,b0fef8de4718e438911198b57f9ce49e2a0670900c734a5c37a99bacb1441589,data_audit.source_audit.training_anomaly_points,0
grasp_protocol_v3__er__swan__swan_sf__seed1103,er,swan,swan_sf,1103,completed,experiments/runs/fm_grasp_protocol_v3/jobs/grasp_protocol_v3__er__swan__swan_sf__seed1103/result.json,b0fef8de4718e438911198b57f9ce49e2a0670900c734a5c37a99bacb1441589,data_audit.train_only_scaler.median[0],109.79161766427605
grasp_protocol_v3__er__swan__swan_sf__seed1103,er,swan,swan_sf,1103,completed,experiments/runs/fm_grasp_protocol_v3/jobs/grasp_protocol_v3__er__swan__swan_sf__seed1103/result.json,b0fef8de4718e438911198b57f9ce49e2a0670900c734a5c37a99bacb1441589,data_audit.train_only_scaler.median[1],902576622.3893
grasp_protocol_v3__er__swan__swan_sf__seed1103,er,swan,swan_sf,1103,completed,experiments/runs/fm_grasp_protocol_v3/jobs/grasp_protocol_v3__er__swan__swan_sf__seed1103/result.json,b0fef8de4718e438911198b57f9ce49e2a0670900c734a5c37a99bacb1441589,data_audit.train_only_scaler.median[2],7.167510432855177e+21
grasp_protocol_v3__er__swan__swan_sf__seed1103,er,swan,swan_sf,1103,completed,experiments/runs/fm_grasp_protocol_v3/jobs/grasp_protocol_v3__er__swan__swan_sf__seed1103/result.json,b0fef8de4718e438911198b57f9ce49e2a0670900c734a5c37a99bacb1441589,data_audit.train_only_scaler.median[3],2295775301630.038
grasp_protocol_v3__er__swan__swan_sf__seed1103,er,swan,swan_sf,1103,completed,experiments/runs/fm_grasp_protocol_v3/jobs/grasp_protocol_v3__er__swan__swan_sf__seed1103/result.json,b0fef8de4718e438911198b57f9ce49e2a0670900c734a5c37a99bacb1441589,data_audit.train_only_scaler.median[4],7.525211717955138
grasp_protocol_v3__er__swan__swan_sf__seed1103,er,swan,swan_sf,1103,completed,experiments/runs/fm_grasp_protocol_v3/jobs/grasp_protocol_v3__er__swan__swan_sf__seed1103/result.json,b0fef8de4718e438911198b57f9ce49e2a0670900c734a5c37a99bacb1441589,data_audit.train_only_scaler.median[5],644965299185.6748
grasp_protocol_v3__er__swan__swan_sf__seed1103,er,swan,swan_sf,1103,completed,experiments/runs/fm_grasp_protocol_v3/jobs/grasp_protocol_v3__er__swan__swan_sf__seed1103/result.json,b0fef8de4718e438911198b57f9ce49e2a0670900c734a5c37a99bacb1441589,data_audit.train_only_scaler.median[6],1.5930829208471184e+21
grasp_protocol_v3__er__swan__swan_sf__seed1103,er,swan,swan_sf,1103,completed,experiments/runs/fm_grasp_protocol_v3/jobs/grasp_protocol_v3__er__swan__swan_sf__seed1103/result.json,b0fef8de4718e438911198b57f9ce49e2a0670900c734a5c37a99bacb1441589,data_audit.train_only_scaler.median[7],-6.896515213991394e+23
grasp_protocol_v3__er__swan__swan_sf__seed1103,er,swan,swan_sf,1103,completed,experiments/runs/fm_grasp_protocol_v3/jobs/grasp_protocol_v3__er__swan__swan_sf__seed1103/result.json,b0fef8de4718e438911198b57f9ce49e2a0670900c734a5c37a99bacb1441589,data_audit.train_only_scaler.median[8],1881.226580056299
grasp_protocol_v3__er__swan__swan_sf__seed1103,er,swan,swan_sf,1103,completed,experiments/runs/fm_grasp_protocol_v3/jobs/grasp_protocol_v3__er__swan__swan_sf__seed1103/result.json,b0fef8de4718e438911198b57f9ce49e2a0670900c734a5c37a99bacb1441589,data_audit.train_only_scaler.median[9],-0.5826949720780651
grasp_protocol_v3__er__swan__swan_sf__seed1103,er,swan,swan_sf,1103,completed,experiments/runs/fm_grasp_protocol_v3/jobs/grasp_protocol_v3__er__swan__swan_sf__seed1103/result.json,b0fef8de4718e438911198b57f9ce49e2a0670900c734a5c37a99bacb1441589,data_audit.train_only_scaler.median[10],23.2614382342434
grasp_protocol_v3__er__swan__swan_sf__seed1103,er,swan,swan_sf,1103,completed,experiments/runs/fm_grasp_protocol_v3/jobs/grasp_protocol_v3__er__swan__swan_sf__seed1103/result.json,b0fef8de4718e438911198b57f9ce49e2a0670900c734a5c37a99bacb1441589,data_audit.train_only_scaler.median[11],4.1031652989449015
grasp_protocol_v3__er__swan__swan_sf__seed1103,er,swan,swan_sf,1103,completed,experiments/runs/fm_grasp_protocol_v3/jobs/grasp_protocol_v3__er__swan__swan_sf__seed1103/result.json,b0fef8de4718e438911198b57f9ce49e2a0670900c734a5c37a99bacb1441589,data_audit.train_only_scaler.median[12],30.334544652596342
grasp_protocol_v3__er__swan__swan_sf__seed1103,er,swan,swan_sf,1103,completed,experiments/runs/fm_grasp_protocol_v3/jobs/grasp_protocol_v3__er__swan__swan_sf__seed1103/result.json,b0fef8de4718e438911198b57f9ce49e2a0670900c734a5c37a99bacb1441589,data_audit.train_only_scaler.median[13],123.55687630744043
grasp_protocol_v3__er__swan__swan_sf__seed1103,er,swan,swan_sf,1103,completed,experiments/runs/fm_grasp_protocol_v3/jobs/grasp_protocol_v3__er__swan__swan_sf__seed1103/result.json,b0fef8de4718e438911198b57f9ce49e2a0670900c734a5c37a99bacb1441589,data_audit.train_only_scaler.median[14],124.10909511835108
grasp_protocol_v3__er__swan__swan_sf__seed1103,er,swan,swan_sf,1103,completed,experiments/runs/fm_grasp_protocol_v3/jobs/grasp_protocol_v3__er__swan__swan_sf__seed1103/result.json,b0fef8de4718e438911198b57f9ce49e2a0670900c734a5c37a99bacb1441589,data_audit.train_only_scaler.median[15],53.50452393957681
grasp_protocol_v3__er__swan__swan_sf__seed1103,er,swan,swan_sf,1103,completed,experiments/runs/fm_grasp_protocol_v3/jobs/grasp_protocol_v3__er__swan__swan_sf__seed1103/result.json,b0fef8de4718e438911198b57f9ce49e2a0670900c734a5c37a99bacb1441589,data_audit.train_only_scaler.median[16],0.0007316367027569
grasp_protocol_v3__er__swan__swan_sf__seed1103,er,swan,swan_sf,1103,completed,experiments/runs/fm_grasp_protocol_v3/jobs/grasp_protocol_v3__er__swan__swan_sf__seed1103/result.json,b0fef8de4718e438911198b57f9ce49e2a0670900c734a5c37a99bacb1441589,data_audit.train_only_scaler.median[17],-1.612043362204535e+22
grasp_protocol_v3__er__swan__swan_sf__seed1103,er,swan,swan_sf,1103,completed,experiments/runs/fm_grasp_protocol_v3/jobs/grasp_protocol_v3__er__swan__swan_sf__seed1103/result.json,b0fef8de4718e438911198b57f9ce49e2a0670900c734a5c37a99bacb1441589,data_audit.train_only_scaler.median[18],0.1806838037433196
grasp_protocol_v3__er__swan__swan_sf__seed1103,er,swan,swan_sf,1103,completed,experiments/runs/fm_grasp_protocol_v3/jobs/grasp_protocol_v3__er__swan__swan_sf__seed1103/result.json,b0fef8de4718e438911198b57f9ce49e2a0670900c734a5c37a99bacb1441589,data_audit.train_only_scaler.median[19],0.0024643825097276
grasp_protocol_v3__er__swan__swan_sf__seed1103,er,swan,swan_sf,1103,completed,experiments/runs/fm_grasp_protocol_v3/jobs/grasp_protocol_v3__er__swan__swan_sf__seed1103/result.json,b0fef8de4718e438911198b57f9ce49e2a0670900c734a5c37a99bacb1441589,data_audit.train_only_scaler.median[20],-1.7582466676047812e+22
grasp_protocol_v3__er__swan__swan_sf__seed1103,er,swan,swan_sf,1103,completed,experiments/runs/fm_grasp_protocol_v3/jobs/grasp_protocol_v3__er__swan__swan_sf__seed1103/result.json,b0fef8de4718e438911198b57f9ce49e2a0670900c734a5c37a99bacb1441589,data_audit.train_only_scaler.median[21],0.0248835927535584
grasp_protocol_v3__er__swan__swan_sf__seed1103,er,swan,swan_sf,1103,completed,experiments/runs/fm_grasp_protocol_v3/jobs/grasp_protocol_v3__er__swan__swan_sf__seed1103/result.json,b0fef8de4718e438911198b57f9ce49e2a0670900c734a5c37a99bacb1441589,data_audit.train_only_scaler.median[22],0.0411580664279638
grasp_protocol_v3__er__swan__swan_sf__seed1103,er,swan,swan_sf,1103,completed,experiments/runs/fm_grasp_protocol_v3/jobs/grasp_protocol_v3__er__swan__swan_sf__seed1103/result.json,b0fef8de4718e438911198b57f9ce49e2a0670900c734a5c37a99bacb1441589,data_audit.train_only_scaler.median[23],0.0
grasp_protocol_v3__er__swan__swan_sf__seed1103,er,swan,swan_sf,1103,completed,experiments/runs/fm_grasp_protocol_v3/jobs/grasp_protocol_v3__er__swan__swan_sf__seed1103/result.json,b0fef8de4718e438911198b57f9ce49e2a0670900c734a5c37a99bacb1441589,data_audit.train_only_scaler.median[24],223.862839
grasp_protocol_v3__er__swan__swan_sf__seed1103,er,swan,swan_sf,1103,completed,experiments/runs/fm_grasp_protocol_v3/jobs/grasp_protocol_v3__er__swan__swan_sf__seed1103/result.json,b0fef8de4718e438911198b57f9ce49e2a0670900c734a5c37a99bacb1441589,data_audit.train_only_scaler.median[25],263.178192
grasp_protocol_v3__er__swan__swan_sf__seed1103,er,swan,swan_sf,1103,completed,experiments/runs/fm_grasp_protocol_v3/jobs/grasp_protocol_v3__er__swan__swan_sf__seed1103/result.json,b0fef8de4718e438911198b57f9ce49e2a0670900c734a5c37a99bacb1441589,data_audit.train_only_scaler.median[26],3.667938
grasp_protocol_v3__er__swan__swan_sf__seed1103,er,swan,swan_sf,1103,completed,experiments/runs/fm_grasp_protocol_v3/jobs/grasp_protocol_v3__er__swan__swan_sf__seed1103/result.json,b0fef8de4718e438911198b57f9ce49e2a0670900c734a5c37a99bacb1441589,data_audit.train_only_scaler.median[27],-2.074256
grasp_protocol_v3__er__swan__swan_sf__seed1103,er,swan,swan_sf,1103,completed,experiments/runs/fm_grasp_protocol_v3/jobs/grasp_protocol_v3__er__swan__swan_sf__seed1103/result.json,b0fef8de4718e438911198b57f9ce49e2a0670900c734a5c37a99bacb1441589,data_audit.train_only_scaler.median[28],6.692411
grasp_protocol_v3__er__swan__swan_sf__seed1103,er,swan,swan_sf,1103,completed,experiments/runs/fm_grasp_protocol_v3/jobs/grasp_protocol_v3__er__swan__swan_sf__seed1103/result.json,b0fef8de4718e438911198b57f9ce49e2a0670900c734a5c37a99bacb1441589,data_audit.train_only_scaler.median[29],10.207301
grasp_protocol_v3__er__swan__swan_sf__seed1103,er,swan,swan_sf,1103,completed,experiments/runs/fm_grasp_protocol_v3/jobs/grasp_protocol_v3__er__swan__swan_sf__seed1103/result.json,b0fef8de4718e438911198b57f9ce49e2a0670900c734a5c37a99bacb1441589,data_audit.train_only_scaler.median[30],0.0
grasp_protocol_v3__er__swan__swan_sf__seed1103,er,swan,swan_sf,1103,completed,experiments/runs/fm_grasp_protocol_v3/jobs/grasp_protocol_v3__er__swan__swan_sf__seed1103/result.json,b0fef8de4718e438911198b57f9ce49e2a0670900c734a5c37a99bacb1441589,data_audit.train_only_scaler.median[31],1.0
grasp_protocol_v3__er__swan__swan_sf__seed1103,er,swan,swan_sf,1103,completed,experiments/runs/fm_grasp_protocol_v3/jobs/grasp_protocol_v3__er__swan__swan_sf__seed1103/result.json,b0fef8de4718e438911198b57f9ce49e2a0670900c734a5c37a99bacb1441589,data_audit.train_only_scaler.median[32],0.0
grasp_protocol_v3__er__swan__swan_sf__seed1103,er,swan,swan_sf,1103,completed,experiments/runs/fm_grasp_protocol_v3/jobs/grasp_protocol_v3__er__swan__swan_sf__seed1103/result.json,b0fef8de4718e438911198b57f9ce49e2a0670900c734a5c37a99bacb1441589,data_audit.train_only_scaler.median[33],0.0
grasp_protocol_v3__er__swan__swan_sf__seed1103,er,swan,swan_sf,1103,completed,experiments/runs/fm_grasp_protocol_v3/jobs/grasp_protocol_v3__er__swan__swan_sf__seed1103/result.json,b0fef8de4718e438911198b57f9ce49e2a0670900c734a5c37a99bacb1441589,data_audit.train_only_scaler.median[34],0.0
grasp_protocol_v3__er__swan__swan_sf__seed1103,er,swan,swan_sf,1103,completed,experiments/runs/fm_grasp_protocol_v3/jobs/grasp_protocol_v3__er__swan__swan_sf__seed1103/result.json,b0fef8de4718e438911198b57f9ce49e2a0670900c734a5c37a99bacb1441589,data_audit.train_only_scaler.median[35],0.0
grasp_protocol_v3__er__swan__swan_sf__seed1103,er,swan,swan_sf,1103,completed,experiments/runs/fm_grasp_protocol_v3/jobs/grasp_protocol_v3__er__swan__swan_sf__seed1103/result.json,b0fef8de4718e438911198b57f9ce49e2a0670900c734a5c37a99bacb1441589,data_audit.train_only_scaler.median[36],1.23e-06
grasp_protocol_v3__er__swan__swan_sf__seed1103,er,swan,swan_sf,1103,completed,experiments/runs/fm_grasp_protocol_v3/jobs/grasp_protocol_v3__er__swan__swan_sf__seed1103/result.json,b0fef8de4718e438911198b57f9ce49e2a0670900c734a5c37a99bacb1441589,data_audit.train_only_scaler.median[37],12.0
grasp_protocol_v3__er__swan__swan_sf__seed1103,er,swan,swan_sf,1103,completed,experiments/runs/fm_grasp_protocol_v3/jobs/grasp_protocol_v3__er__swan__swan_sf__seed1103/result.json,b0fef8de4718e438911198b57f9ce49e2a0670900c734a5c37a99bacb1441589,data_audit.train_only_scaler.mean[0],305.1626169607622
grasp_protocol_v3__er__swan__swan_sf__seed1103,er,swan,swan_sf,1103,completed,experiments/runs/fm_grasp_protocol_v3/jobs/grasp_protocol_v3__er__swan__swan_sf__seed1103/result.json,b0fef8de4718e438911198b57f9ce49e2a0670900c734a5c37a99bacb1441589,data_audit.train_only_scaler.mean[1],3891992090.7515807
grasp_protocol_v3__er__swan__swan_sf__seed1103,er,swan,swan_sf,1103,completed,experiments/runs/fm_grasp_protocol_v3/jobs/grasp_protocol_v3__er__swan__swan_sf__seed1103/result.json,b0fef8de4718e438911198b57f9ce49e2a0670900c734a5c37a99bacb1441589,data_audit.train_only_scaler.mean[2],1.0852574129680566e+23
grasp_protocol_v3__er__swan__swan_sf__seed1103,er,swan,swan_sf,1103,completed,experiments/runs/fm_grasp_protocol_v3/jobs/grasp_protocol_v3__er__swan__swan_sf__seed1103/result.json,b0fef8de4718e438911198b57f9ce49e2a0670900c734a5c37a99bacb1441589,data_audit.train_only_scaler.mean[3],6278208406547.6875
grasp_protocol_v3__er__swan__swan_sf__seed1103,er,swan,swan_sf,1103,completed,experiments/runs/fm_grasp_protocol_v3/jobs/grasp_protocol_v3__er__swan__swan_sf__seed1103/result.json,b0fef8de4718e438911198b57f9ce49e2a0670900c734a5c37a99bacb1441589,data_audit.train_only_scaler.mean[4],41.4241013709116
grasp_protocol_v3__er__swan__swan_sf__seed1103,er,swan,swan_sf,1103,completed,experiments/runs/fm_grasp_protocol_v3/jobs/grasp_protocol_v3__er__swan__swan_sf__seed1103/result.json,b0fef8de4718e438911198b57f9ce49e2a0670900c734a5c37a99bacb1441589,data_audit.train_only_scaler.mean[5],2144531812602.708
grasp_protocol_v3__er__swan__swan_sf__seed1103,er,swan,swan_sf,1103,completed,experiments/runs/fm_grasp_protocol_v3/jobs/grasp_protocol_v3__er__swan__swan_sf__seed1103/result.json,b0fef8de4718e438911198b57f9ce49e2a0670900c734a5c37a99bacb1441589,data_audit.train_only_scaler.mean[6],4.5793002135186697e+21
grasp_protocol_v3__er__swan__swan_sf__seed1103,er,swan,swan_sf,1103,completed,experiments/runs/fm_grasp_protocol_v3/jobs/grasp_protocol_v3__er__swan__swan_sf__seed1103/result.json,b0fef8de4718e438911198b57f9ce49e2a0670900c734a5c37a99bacb1441589,data_audit.train_only_scaler.mean[7],-1.8388628813093173e+24
grasp_protocol_v3__er__swan__swan_sf__seed1103,er,swan,swan_sf,1103,completed,experiments/runs/fm_grasp_protocol_v3/jobs/grasp_protocol_v3__er__swan__swan_sf__seed1103/result.json,b0fef8de4718e438911198b57f9ce49e2a0670900c734a5c37a99bacb1441589,data_audit.train_only_scaler.mean[8],436248.2433815505
grasp_protocol_v3__er__swan__swan_sf__seed1103,er,swan,swan_sf,1103,completed,experiments/runs/fm_grasp_protocol_v3/jobs/grasp_protocol_v3__er__swan__swan_sf__seed1103/result.json,b0fef8de4718e438911198b57f9ce49e2a0670900c734a5c37a99bacb1441589,data_audit.train_only_scaler.mean[9],-0.5304256504971101
grasp_protocol_v3__er__swan__swan_sf__seed1103,er,swan,swan_sf,1103,completed,experiments/runs/fm_grasp_protocol_v3/jobs/grasp_protocol_v3__er__swan__swan_sf__seed1103/result.json,b0fef8de4718e438911198b57f9ce49e2a0670900c734a5c37a99bacb1441589,data_audit.train_only_scaler.mean[10],26.18927621491827
grasp_protocol_v3__er__swan__swan_sf__seed1103,er,swan,swan_sf,1103,completed,experiments/runs/fm_grasp_protocol_v3/jobs/grasp_protocol_v3__er__swan__swan_sf__seed1103/result.json,b0fef8de4718e438911198b57f9ce49e2a0670900c734a5c37a99bacb1441589,data_audit.train_only_scaler.mean[11],11.104307795097283
grasp_protocol_v3__er__swan__swan_sf__seed1103,er,swan,swan_sf,1103,completed,experiments/runs/fm_grasp_protocol_v3/jobs/grasp_protocol_v3__er__swan__swan_sf__seed1103/result.json,b0fef8de4718e438911198b57f9ce49e2a0670900c734a5c37a99bacb1441589,data_audit.train_only_scaler.mean[12],34.1471406854236
grasp_protocol_v3__er__swan__swan_sf__seed1103,er,swan,swan_sf,1103,completed,experiments/runs/fm_grasp_protocol_v3/jobs/grasp_protocol_v3__er__swan__swan_sf__seed1103/result.json,b0fef8de4718e438911198b57f9ce49e2a0670900c734a5c37a99bacb1441589,data_audit.train_only_scaler.mean[13],121.46471916884391
grasp_protocol_v3__er__swan__swan_sf__seed1103,er,swan,swan_sf,1103,completed,experiments/runs/fm_grasp_protocol_v3/jobs/grasp_protocol_v3__er__swan__swan_sf__seed1103/result.json,b0fef8de4718e438911198b57f9ce49e2a0670900c734a5c37a99bacb1441589,data_audit.train_only_scaler.mean[14],122.77046639364936
grasp_protocol_v3__er__swan__swan_sf__seed1103,er,swan,swan_sf,1103,completed,experiments/runs/fm_grasp_protocol_v3/jobs/grasp_protocol_v3__er__swan__swan_sf__seed1103/result.json,b0fef8de4718e438911198b57f9ce49e2a0670900c734a5c37a99bacb1441589,data_audit.train_only_scaler.mean[15],54.72076190157697
grasp_protocol_v3__er__swan__swan_sf__seed1103,er,swan,swan_sf,1103,completed,experiments/runs/fm_grasp_protocol_v3/jobs/grasp_protocol_v3__er__swan__swan_sf__seed1103/result.json,b0fef8de4718e438911198b57f9ce49e2a0670900c734a5c37a99bacb1441589,data_audit.train_only_scaler.mean[16],0.0004028268090018369
grasp_protocol_v3__er__swan__swan_sf__seed1103,er,swan,swan_sf,1103,completed,experiments/runs/fm_grasp_protocol_v3/jobs/grasp_protocol_v3__er__swan__swan_sf__seed1103/result.json,b0fef8de4718e438911198b57f9ce49e2a0670900c734a5c37a99bacb1441589,data_audit.train_only_scaler.mean[17],-1.085305984839892e+23
grasp_protocol_v3__er__swan__swan_sf__seed1103,er,swan,swan_sf,1103,completed,experiments/runs/fm_grasp_protocol_v3/jobs/grasp_protocol_v3__er__swan__swan_sf__seed1103/result.json,b0fef8de4718e438911198b57f9ce49e2a0670900c734a5c37a99bacb1441589,data_audit.train_only_scaler.mean[18],0.3314377587114313
grasp_protocol_v3__er__swan__swan_sf__seed1103,er,swan,swan_sf,1103,completed,experiments/runs/fm_grasp_protocol_v3/jobs/grasp_protocol_v3__er__swan__swan_sf__seed1103/result.json,b0fef8de4718e438911198b57f9ce49e2a0670900c734a5c37a99bacb1441589,data_audit.train_only_scaler.mean[19],0.0017608309675426538
grasp_protocol_v3__er__swan__swan_sf__seed1103,er,swan,swan_sf,1103,completed,experiments/runs/fm_grasp_protocol_v3/jobs/grasp_protocol_v3__er__swan__swan_sf__seed1103/result.json,b0fef8de4718e438911198b57f9ce49e2a0670900c734a5c37a99bacb1441589,data_audit.train_only_scaler.mean[20],-6.4804778061874636e+22
grasp_protocol_v3__er__swan__swan_sf__seed1103,er,swan,swan_sf,1103,completed,experiments/runs/fm_grasp_protocol_v3/jobs/grasp_protocol_v3__er__swan__swan_sf__seed1103/result.json,b0fef8de4718e438911198b57f9ce49e2a0670900c734a5c37a99bacb1441589,data_audit.train_only_scaler.mean[21],0.012395267187078311
grasp_protocol_v3__er__swan__swan_sf__seed1103,er,swan,swan_sf,1103,completed,experiments/runs/fm_grasp_protocol_v3/jobs/grasp_protocol_v3__er__swan__swan_sf__seed1103/result.json,b0fef8de4718e438911198b57f9ce49e2a0670900c734a5c37a99bacb1441589,data_audit.train_only_scaler.mean[22],0.018506858863011996
grasp_protocol_v3__er__swan__swan_sf__seed1103,er,swan,swan_sf,1103,completed,experiments/runs/fm_grasp_protocol_v3/jobs/grasp_protocol_v3__er__swan__swan_sf__seed1103/result.json,b0fef8de4718e438911198b57f9ce49e2a0670900c734a5c37a99bacb1441589,data_audit.train_only_scaler.mean[23],1.418514473790745
grasp_protocol_v3__er__swan__swan_sf__seed1103,er,swan,swan_sf,1103,completed,experiments/runs/fm_grasp_protocol_v3/jobs/grasp_protocol_v3__er__swan__swan_sf__seed1103/result.json,b0fef8de4718e438911198b57f9ce49e2a0670900c734a5c37a99bacb1441589,data_audit.train_only_scaler.mean[24],201.065698432738
grasp_protocol_v3__er__swan__swan_sf__seed1103,er,swan,swan_sf,1103,completed,experiments/runs/fm_grasp_protocol_v3/jobs/grasp_protocol_v3__er__swan__swan_sf__seed1103/result.json,b0fef8de4718e438911198b57f9ce49e2a0670900c734a5c37a99bacb1441589,data_audit.train_only_scaler.mean[25],198.70728841208506
grasp_protocol_v3__er__swan__swan_sf__seed1103,er,swan,swan_sf,1103,completed,experiments/runs/fm_grasp_protocol_v3/jobs/grasp_protocol_v3__er__swan__swan_sf__seed1103/result.json,b0fef8de4718e438911198b57f9ce49e2a0670900c734a5c37a99bacb1441589,data_audit.train_only_scaler.mean[26],-0.722098970705977
grasp_protocol_v3__er__swan__swan_sf__seed1103,er,swan,swan_sf,1103,completed,experiments/runs/fm_grasp_protocol_v3/jobs/grasp_protocol_v3__er__swan__swan_sf__seed1103/result.json,b0fef8de4718e438911198b57f9ce49e2a0670900c734a5c37a99bacb1441589,data_audit.train_only_scaler.mean[27],-3.9825264890385723
grasp_protocol_v3__er__swan__swan_sf__seed1103,er,swan,swan_sf,1103,completed,experiments/runs/fm_grasp_protocol_v3/jobs/grasp_protocol_v3__er__swan__swan_sf__seed1103/result.json,b0fef8de4718e438911198b57f9ce49e2a0670900c734a5c37a99bacb1441589,data_audit.train_only_scaler.mean[28],4.580065097159533
grasp_protocol_v3__er__swan__swan_sf__seed1103,er,swan,swan_sf,1103,completed,experiments/runs/fm_grasp_protocol_v3/jobs/grasp_protocol_v3__er__swan__swan_sf__seed1103/result.json,b0fef8de4718e438911198b57f9ce49e2a0670900c734a5c37a99bacb1441589,data_audit.train_only_scaler.mean[29],7.682772539747129
grasp_protocol_v3__er__swan__swan_sf__seed1103,er,swan,swan_sf,1103,completed,experiments/runs/fm_grasp_protocol_v3/jobs/grasp_protocol_v3__er__swan__swan_sf__seed1103/result.json,b0fef8de4718e438911198b57f9ce49e2a0670900c734a5c37a99bacb1441589,data_audit.train_only_scaler.mean[30],2556.974264472263
grasp_protocol_v3__er__swan__swan_sf__seed1103,er,swan,swan_sf,1103,completed,experiments/runs/fm_grasp_protocol_v3/jobs/grasp_protocol_v3__er__swan__swan_sf__seed1103/result.json,b0fef8de4718e438911198b57f9ce49e2a0670900c734a5c37a99bacb1441589,data_audit.train_only_scaler.mean[31],0.9601575903920696
grasp_protocol_v3__er__swan__swan_sf__seed1103,er,swan,swan_sf,1103,completed,experiments/runs/fm_grasp_protocol_v3/jobs/grasp_protocol_v3__er__swan__swan_sf__seed1103/result.json,b0fef8de4718e438911198b57f9ce49e2a0670900c734a5c37a99bacb1441589,data_audit.train_only_scaler.mean[32],0.0
grasp_protocol_v3__er__swan__swan_sf__seed1103,er,swan,swan_sf,1103,completed,experiments/runs/fm_grasp_protocol_v3/jobs/grasp_protocol_v3__er__swan__swan_sf__seed1103/result.json,b0fef8de4718e438911198b57f9ce49e2a0670900c734a5c37a99bacb1441589,data_audit.train_only_scaler.mean[33],0.001143801232763551
grasp_protocol_v3__er__swan__swan_sf__seed1103,er,swan,swan_sf,1103,completed,experiments/runs/fm_grasp_protocol_v3/jobs/grasp_protocol_v3__er__swan__swan_sf__seed1103/result.json,b0fef8de4718e438911198b57f9ce49e2a0670900c734a5c37a99bacb1441589,data_audit.train_only_scaler.mean[34],0.0005719006163817755
grasp_protocol_v3__er__swan__swan_sf__seed1103,er,swan,swan_sf,1103,completed,experiments/runs/fm_grasp_protocol_v3/jobs/grasp_protocol_v3__er__swan__swan_sf__seed1103/result.json,b0fef8de4718e438911198b57f9ce49e2a0670900c734a5c37a99bacb1441589,data_audit.train_only_scaler.mean[35],0.0
grasp_protocol_v3__er__swan__swan_sf__seed1103,er,swan,swan_sf,1103,completed,experiments/runs/fm_grasp_protocol_v3/jobs/grasp_protocol_v3__er__swan__swan_sf__seed1103/result.json,b0fef8de4718e438911198b57f9ce49e2a0670900c734a5c37a99bacb1441589,data_audit.train_only_scaler.mean[36],-235.11234360995348
grasp_protocol_v3__er__swan__swan_sf__seed1103,er,swan,swan_sf,1103,completed,experiments/runs/fm_grasp_protocol_v3/jobs/grasp_protocol_v3__er__swan__swan_sf__seed1103/result.json,b0fef8de4718e438911198b57f9ce49e2a0670900c734a5c37a99bacb1441589,data_audit.train_only_scaler.mean[37],11.944843362775625
grasp_protocol_v3__er__swan__swan_sf__seed1103,er,swan,swan_sf,1103,completed,experiments/runs/fm_grasp_protocol_v3/jobs/grasp_protocol_v3__er__swan__swan_sf__seed1103/result.json,b0fef8de4718e438911198b57f9ce49e2a0670900c734a5c37a99bacb1441589,data_audit.train_only_scaler.scale[0],521.570342257543
grasp_protocol_v3__er__swan__swan_sf__seed1103,er,swan,swan_sf,1103,completed,experiments/runs/fm_grasp_protocol_v3/jobs/grasp_protocol_v3__er__swan__swan_sf__seed1103/result.json,b0fef8de4718e438911198b57f9ce49e2a0670900c734a5c37a99bacb1441589,data_audit.train_only_scaler.scale[1],8127773323.662388
grasp_protocol_v3__er__swan__swan_sf__seed1103,er,swan,swan_sf,1103,completed,experiments/runs/fm_grasp_protocol_v3/jobs/grasp_protocol_v3__er__swan__swan_sf__seed1103/result.json,b0fef8de4718e438911198b57f9ce49e2a0670900c734a5c37a99bacb1441589,data_audit.train_only_scaler.scale[2],1.6057244166730386e+24
grasp_protocol_v3__er__swan__swan_sf__seed1103,er,swan,swan_sf,1103,completed,experiments/runs/fm_grasp_protocol_v3/jobs/grasp_protocol_v3__er__swan__swan_sf__seed1103/result.json,b0fef8de4718e438911198b57f9ce49e2a0670900c734a5c37a99bacb1441589,data_audit.train_only_scaler.scale[3],10484165665143.857
grasp_protocol_v3__er__swan__swan_sf__seed1103,er,swan,swan_sf,1103,completed,experiments/runs/fm_grasp_protocol_v3/jobs/grasp_protocol_v3__er__swan__swan_sf__seed1103/result.json,b0fef8de4718e438911198b57f9ce49e2a0670900c734a5c37a99bacb1441589,data_audit.train_only_scaler.scale[4],112.13325347975933
grasp_protocol_v3__er__swan__swan_sf__seed1103,er,swan,swan_sf,1103,completed,experiments/runs/fm_grasp_protocol_v3/jobs/grasp_protocol_v3__er__swan__swan_sf__seed1103/result.json,b0fef8de4718e438911198b57f9ce49e2a0670900c734a5c37a99bacb1441589,data_audit.train_only_scaler.scale[5],4786566349698.902
grasp_protocol_v3__er__swan__swan_sf__seed1103,er,swan,swan_sf,1103,completed,experiments/runs/fm_grasp_protocol_v3/jobs/grasp_protocol_v3__er__swan__swan_sf__seed1103/result.json,b0fef8de4718e438911198b57f9ce49e2a0670900c734a5c37a99bacb1441589,data_audit.train_only_scaler.scale[6],8.160999960406271e+21
grasp_protocol_v3__er__swan__swan_sf__seed1103,er,swan,swan_sf,1103,completed,experiments/runs/fm_grasp_protocol_v3/jobs/grasp_protocol_v3__er__swan__swan_sf__seed1103/result.json,b0fef8de4718e438911198b57f9ce49e2a0670900c734a5c37a99bacb1441589,data_audit.train_only_scaler.scale[7],3.2446255976209476e+24
grasp_protocol_v3__er__swan__swan_sf__seed1103,er,swan,swan_sf,1103,completed,experiments/runs/fm_grasp_protocol_v3/jobs/grasp_protocol_v3__er__swan__swan_sf__seed1103/result.json,b0fef8de4718e438911198b57f9ce49e2a0670900c734a5c37a99bacb1441589,data_audit.train_only_scaler.scale[8],12700705.083050588
grasp_protocol_v3__er__swan__swan_sf__seed1103,er,swan,swan_sf,1103,completed,experiments/runs/fm_grasp_protocol_v3/jobs/grasp_protocol_v3__er__swan__swan_sf__seed1103/result.json,b0fef8de4718e438911198b57f9ce49e2a0670900c734a5c37a99bacb1441589,data_audit.train_only_scaler.scale[9],0.15764267201891288
grasp_protocol_v3__er__swan__swan_sf__seed1103,er,swan,swan_sf,1103,completed,experiments/runs/fm_grasp_protocol_v3/jobs/grasp_protocol_v3__er__swan__swan_sf__seed1103/result.json,b0fef8de4718e438911198b57f9ce49e2a0670900c734a5c37a99bacb1441589,data_audit.train_only_scaler.scale[10],7.998840992094515
grasp_protocol_v3__er__swan__swan_sf__seed1103,er,swan,swan_sf,1103,completed,experiments/runs/fm_grasp_protocol_v3/jobs/grasp_protocol_v3__er__swan__swan_sf__seed1103/result.json,b0fef8de4718e438911198b57f9ce49e2a0670900c734a5c37a99bacb1441589,data_audit.train_only_scaler.scale[11],14.517086710445161
grasp_protocol_v3__er__swan__swan_sf__seed1103,er,swan,swan_sf,1103,completed,experiments/runs/fm_grasp_protocol_v3/jobs/grasp_protocol_v3__er__swan__swan_sf__seed1103/result.json,b0fef8de4718e438911198b57f9ce49e2a0670900c734a5c37a99bacb1441589,data_audit.train_only_scaler.scale[12],9.164958630701037
grasp_protocol_v3__er__swan__swan_sf__seed1103,er,swan,swan_sf,1103,completed,experiments/runs/fm_grasp_protocol_v3/jobs/grasp_protocol_v3__er__swan__swan_sf__seed1103/result.json,b0fef8de4718e438911198b57f9ce49e2a0670900c734a5c37a99bacb1441589,data_audit.train_only_scaler.scale[13],22.663966001612895
grasp_protocol_v3__er__swan__swan_sf__seed1103,er,swan,swan_sf,1103,completed,experiments/runs/fm_grasp_protocol_v3/jobs/grasp_protocol_v3__er__swan__swan_sf__seed1103/result.json,b0fef8de4718e438911198b57f9ce49e2a0670900c734a5c37a99bacb1441589,data_audit.train_only_scaler.scale[14],22.83698851922826
grasp_protocol_v3__er__swan__swan_sf__seed1103,er,swan,swan_sf,1103,completed,experiments/runs/fm_grasp_protocol_v3/jobs/grasp_protocol_v3__er__swan__swan_sf__seed1103/result.json,b0fef8de4718e438911198b57f9ce49e2a0670900c734a5c37a99bacb1441589,data_audit.train_only_scaler.scale[15],14.49123627720488
grasp_protocol_v3__er__swan__swan_sf__seed1103,er,swan,swan_sf,1103,completed,experiments/runs/fm_grasp_protocol_v3/jobs/grasp_protocol_v3__er__swan__swan_sf__seed1103/result.json,b0fef8de4718e438911198b57f9ce49e2a0670900c734a5c37a99bacb1441589,data_audit.train_only_scaler.scale[16],0.007446704694027152
grasp_protocol_v3__er__swan__swan_sf__seed1103,er,swan,swan_sf,1103,completed,experiments/runs/fm_grasp_protocol_v3/jobs/grasp_protocol_v3__er__swan__swan_sf__seed1103/result.json,b0fef8de4718e438911198b57f9ce49e2a0670900c734a5c37a99bacb1441589,data_audit.train_only_scaler.scale[17],5.067548212998718e+23
grasp_protocol_v3__er__swan__swan_sf__seed1103,er,swan,swan_sf,1103,completed,experiments/runs/fm_grasp_protocol_v3/jobs/grasp_protocol_v3__er__swan__swan_sf__seed1103/result.json,b0fef8de4718e438911198b57f9ce49e2a0670900c734a5c37a99bacb1441589,data_audit.train_only_scaler.scale[18],0.7491082918156635
grasp_protocol_v3__er__swan__swan_sf__seed1103,er,swan,swan_sf,1103,completed,experiments/runs/fm_grasp_protocol_v3/jobs/grasp_protocol_v3__er__swan__swan_sf__seed1103/result.json,b0fef8de4718e438911198b57f9ce49e2a0670900c734a5c37a99bacb1441589,data_audit.train_only_scaler.scale[19],0.02580423934918983
grasp_protocol_v3__er__swan__swan_sf__seed1103,er,swan,swan_sf,1103,completed,experiments/runs/fm_grasp_protocol_v3/jobs/grasp_protocol_v3__er__swan__swan_sf__seed1103/result.json,b0fef8de4718e438911198b57f9ce49e2a0670900c734a5c37a99bacb1441589,data_audit.train_only_scaler.scale[20],1.1825085057623071e+24
grasp_protocol_v3__er__swan__swan_sf__seed1103,er,swan,swan_sf,1103,completed,experiments/runs/fm_grasp_protocol_v3/jobs/grasp_protocol_v3__er__swan__swan_sf__seed1103/result.json,b0fef8de4718e438911198b57f9ce49e2a0670900c734a5c37a99bacb1441589,data_audit.train_only_scaler.scale[21],0.13926497457575512
grasp_protocol_v3__er__swan__swan_sf__seed1103,er,swan,swan_sf,1103,completed,experiments/runs/fm_grasp_protocol_v3/jobs/grasp_protocol_v3__er__swan__swan_sf__seed1103/result.json,b0fef8de4718e438911198b57f9ce49e2a0670900c734a5c37a99bacb1441589,data_audit.train_only_scaler.scale[22],0.18539980134319797
grasp_protocol_v3__er__swan__swan_sf__seed1103,er,swan,swan_sf,1103,completed,experiments/runs/fm_grasp_protocol_v3/jobs/grasp_protocol_v3__er__swan__swan_sf__seed1103/result.json,b0fef8de4718e438911198b57f9ce49e2a0670900c734a5c37a99bacb1441589,data_audit.train_only_scaler.scale[23],1.712261267510182
grasp_protocol_v3__er__swan__swan_sf__seed1103,er,swan,swan_sf,1103,completed,experiments/runs/fm_grasp_protocol_v3/jobs/grasp_protocol_v3__er__swan__swan_sf__seed1103/result.json,b0fef8de4718e438911198b57f9ce49e2a0670900c734a5c37a99bacb1441589,data_audit.train_only_scaler.scale[24],122.48048173928221
grasp_protocol_v3__er__swan__swan_sf__seed1103,er,swan,swan_sf,1103,completed,experiments/runs/fm_grasp_protocol_v3/jobs/grasp_protocol_v3__er__swan__swan_sf__seed1103/result.json,b0fef8de4718e438911198b57f9ce49e2a0670900c734a5c37a99bacb1441589,data_audit.train_only_scaler.scale[25],118.53868905344714
grasp_protocol_v3__er__swan__swan_sf__seed1103,er,swan,swan_sf,1103,completed,experiments/runs/fm_grasp_protocol_v3/jobs/grasp_protocol_v3__er__swan__swan_sf__seed1103/result.json,b0fef8de4718e438911198b57f9ce49e2a0670900c734a5c37a99bacb1441589,data_audit.train_only_scaler.scale[26],15.8413429430375
grasp_protocol_v3__er__swan__swan_sf__seed1103,er,swan,swan_sf,1103,completed,experiments/runs/fm_grasp_protocol_v3/jobs/grasp_protocol_v3__er__swan__swan_sf__seed1103/result.json,b0fef8de4718e438911198b57f9ce49e2a0670900c734a5c37a99bacb1441589,data_audit.train_only_scaler.scale[27],33.25478901460059
grasp_protocol_v3__er__swan__swan_sf__seed1103,er,swan,swan_sf,1103,completed,experiments/runs/fm_grasp_protocol_v3/jobs/grasp_protocol_v3__er__swan__swan_sf__seed1103/result.json,b0fef8de4718e438911198b57f9ce49e2a0670900c734a5c37a99bacb1441589,data_audit.train_only_scaler.scale[28],16.466208780244486
grasp_protocol_v3__er__swan__swan_sf__seed1103,er,swan,swan_sf,1103,completed,experiments/runs/fm_grasp_protocol_v3/jobs/grasp_protocol_v3__er__swan__swan_sf__seed1103/result.json,b0fef8de4718e438911198b57f9ce49e2a0670900c734a5c37a99bacb1441589,data_audit.train_only_scaler.scale[29],33.90595903667634
grasp_protocol_v3__er__swan__swan_sf__seed1103,er,swan,swan_sf,1103,completed,experiments/runs/fm_grasp_protocol_v3/jobs/grasp_protocol_v3__er__swan__swan_sf__seed1103/result.json,b0fef8de4718e438911198b57f9ce49e2a0670900c734a5c37a99bacb1441589,data_audit.train_only_scaler.scale[30],12719.09410671598
grasp_protocol_v3__er__swan__swan_sf__seed1103,er,swan,swan_sf,1103,completed,experiments/runs/fm_grasp_protocol_v3/jobs/grasp_protocol_v3__er__swan__swan_sf__seed1103/result.json,b0fef8de4718e438911198b57f9ce49e2a0670900c734a5c37a99bacb1441589,data_audit.train_only_scaler.scale[31],0.19558883404879554
grasp_protocol_v3__er__swan__swan_sf__seed1103,er,swan,swan_sf,1103,completed,experiments/runs/fm_grasp_protocol_v3/jobs/grasp_protocol_v3__er__swan__swan_sf__seed1103/result.json,b0fef8de4718e438911198b57f9ce49e2a0670900c734a5c37a99bacb1441589,data_audit.train_only_scaler.scale[32],1.0
grasp_protocol_v3__er__swan__swan_sf__seed1103,er,swan,swan_sf,1103,completed,experiments/runs/fm_grasp_protocol_v3/jobs/grasp_protocol_v3__er__swan__swan_sf__seed1103/result.json,b0fef8de4718e438911198b57f9ce49e2a0670900c734a5c37a99bacb1441589,data_audit.train_only_scaler.scale[33],0.03380078329718015
grasp_protocol_v3__er__swan__swan_sf__seed1103,er,swan,swan_sf,1103,completed,experiments/runs/fm_grasp_protocol_v3/jobs/grasp_protocol_v3__er__swan__swan_sf__seed1103/result.json,b0fef8de4718e438911198b57f9ce49e2a0670900c734a5c37a99bacb1441589,data_audit.train_only_scaler.scale[34],0.02390760435650135
grasp_protocol_v3__er__swan__swan_sf__seed1103,er,swan,swan_sf,1103,completed,experiments/runs/fm_grasp_protocol_v3/jobs/grasp_protocol_v3__er__swan__swan_sf__seed1103/result.json,b0fef8de4718e438911198b57f9ce49e2a0670900c734a5c37a99bacb1441589,data_audit.train_only_scaler.scale[35],1.0
grasp_protocol_v3__er__swan__swan_sf__seed1103,er,swan,swan_sf,1103,completed,experiments/runs/fm_grasp_protocol_v3/jobs/grasp_protocol_v3__er__swan__swan_sf__seed1103/result.json,b0fef8de4718e438911198b57f9ce49e2a0670900c734a5c37a99bacb1441589,data_audit.train_only_scaler.scale[36],4843.110750687241
grasp_protocol_v3__er__swan__swan_sf__seed1103,er,swan,swan_sf,1103,completed,experiments/runs/fm_grasp_protocol_v3/jobs/grasp_protocol_v3__er__swan__swan_sf__seed1103/result.json,b0fef8de4718e438911198b57f9ce49e2a0670900c734a5c37a99bacb1441589,data_audit.train_only_scaler.scale[37],0.7110330701676929
grasp_protocol_v3__er__swan__swan_sf__seed1103,er,swan,swan_sf,1103,completed,experiments/runs/fm_grasp_protocol_v3/jobs/grasp_protocol_v3__er__swan__swan_sf__seed1103/result.json,b0fef8de4718e438911198b57f9ce49e2a0670900c734a5c37a99bacb1441589,data_audit.train_only_scaler.constant_channels[0],32
grasp_protocol_v3__er__swan__swan_sf__seed1103,er,swan,swan_sf,1103,completed,experiments/runs/fm_grasp_protocol_v3/jobs/grasp_protocol_v3__er__swan__swan_sf__seed1103/result.json,b0fef8de4718e438911198b57f9ce49e2a0670900c734a5c37a99bacb1441589,data_audit.train_only_scaler.constant_channels[1],35
grasp_protocol_v3__er__swan__swan_sf__seed1103,er,swan,swan_sf,1103,completed,experiments/runs/fm_grasp_protocol_v3/jobs/grasp_protocol_v3__er__swan__swan_sf__seed1103/result.json,b0fef8de4718e438911198b57f9ce49e2a0670900c734a5c37a99bacb1441589,data_audit.train_only_scaler.repairs[0],0
grasp_protocol_v3__er__swan__swan_sf__seed1103,er,swan,swan_sf,1103,completed,experiments/runs/fm_grasp_protocol_v3/jobs/grasp_protocol_v3__er__swan__swan_sf__seed1103/result.json,b0fef8de4718e438911198b57f9ce49e2a0670900c734a5c37a99bacb1441589,data_audit.train_only_scaler.repairs[1],0
grasp_protocol_v3__lin__swan__swan_sf__seed1103,lin,swan,swan_sf,1103,completed,experiments/runs/fm_grasp_protocol_v3/jobs/grasp_protocol_v3__lin__swan__swan_sf__seed1103/result.json,d91927b0f3f7ad946a7aaeceab2eaaf2a7538506abb7e4483a610c4823308850,job.seed,1103
grasp_protocol_v3__lin__swan__swan_sf__seed1103,lin,swan,swan_sf,1103,completed,experiments/runs/fm_grasp_protocol_v3/jobs/grasp_protocol_v3__lin__swan__swan_sf__seed1103/result.json,d91927b0f3f7ad946a7aaeceab2eaaf2a7538506abb7e4483a610c4823308850,job.expected_optimizer_updates,93000
grasp_protocol_v3__lin__swan__swan_sf__seed1103,lin,swan,swan_sf,1103,completed,experiments/runs/fm_grasp_protocol_v3/jobs/grasp_protocol_v3__lin__swan__swan_sf__seed1103/result.json,d91927b0f3f7ad946a7aaeceab2eaaf2a7538506abb7e4483a610c4823308850,job.test_points,72000
grasp_protocol_v3__lin__swan__swan_sf__seed1103,lin,swan,swan_sf,1103,completed,experiments/runs/fm_grasp_protocol_v3/jobs/grasp_protocol_v3__lin__swan__swan_sf__seed1103/result.json,d91927b0f3f7ad946a7aaeceab2eaaf2a7538506abb7e4483a610c4823308850,job.validation_points,3935
grasp_protocol_v3__lin__swan__swan_sf__seed1103,lin,swan,swan_sf,1103,completed,experiments/runs/fm_grasp_protocol_v3/jobs/grasp_protocol_v3__lin__swan__swan_sf__seed1103/result.json,d91927b0f3f7ad946a7aaeceab2eaaf2a7538506abb7e4483a610c4823308850,job.score_recipes[0].source_samples,5
grasp_protocol_v3__lin__swan__swan_sf__seed1103,lin,swan,swan_sf,1103,completed,experiments/runs/fm_grasp_protocol_v3/jobs/grasp_protocol_v3__lin__swan__swan_sf__seed1103/result.json,d91927b0f3f7ad946a7aaeceab2eaaf2a7538506abb7e4483a610c4823308850,job.score_recipes[0].flow_evaluations,10
grasp_protocol_v3__lin__swan__swan_sf__seed1103,lin,swan,swan_sf,1103,completed,experiments/runs/fm_grasp_protocol_v3/jobs/grasp_protocol_v3__lin__swan__swan_sf__seed1103/result.json,d91927b0f3f7ad946a7aaeceab2eaaf2a7538506abb7e4483a610c4823308850,epochs_completed,1500
grasp_protocol_v3__lin__swan__swan_sf__seed1103,lin,swan,swan_sf,1103,completed,experiments/runs/fm_grasp_protocol_v3/jobs/grasp_protocol_v3__lin__swan__swan_sf__seed1103/result.json,d91927b0f3f7ad946a7aaeceab2eaaf2a7538506abb7e4483a610c4823308850,optimizer_updates,93000
grasp_protocol_v3__lin__swan__swan_sf__seed1103,lin,swan,swan_sf,1103,completed,experiments/runs/fm_grasp_protocol_v3/jobs/grasp_protocol_v3__lin__swan__swan_sf__seed1103/result.json,d91927b0f3f7ad946a7aaeceab2eaaf2a7538506abb7e4483a610c4823308850,scored_points,72000
grasp_protocol_v3__lin__swan__swan_sf__seed1103,lin,swan,swan_sf,1103,completed,experiments/runs/fm_grasp_protocol_v3/jobs/grasp_protocol_v3__lin__swan__swan_sf__seed1103/result.json,d91927b0f3f7ad946a7aaeceab2eaaf2a7538506abb7e4483a610c4823308850,validation_points,3935
grasp_protocol_v3__lin__swan__swan_sf__seed1103,lin,swan,swan_sf,1103,completed,experiments/runs/fm_grasp_protocol_v3/jobs/grasp_protocol_v3__lin__swan__swan_sf__seed1103/result.json,d91927b0f3f7ad946a7aaeceab2eaaf2a7538506abb7e4483a610c4823308850,score_recipes[0].source_samples,5
grasp_protocol_v3__lin__swan__swan_sf__seed1103,lin,swan,swan_sf,1103,completed,experiments/runs/fm_grasp_protocol_v3/jobs/grasp_protocol_v3__lin__swan__swan_sf__seed1103/result.json,d91927b0f3f7ad946a7aaeceab2eaaf2a7538506abb7e4483a610c4823308850,score_recipes[0].flow_evaluations,10
grasp_protocol_v3__lin__swan__swan_sf__seed1103,lin,swan,swan_sf,1103,completed,experiments/runs/fm_grasp_protocol_v3/jobs/grasp_protocol_v3__lin__swan__swan_sf__seed1103/result.json,d91927b0f3f7ad946a7aaeceab2eaaf2a7538506abb7e4483a610c4823308850,parameter_count,69244
grasp_protocol_v3__lin__swan__swan_sf__seed1103,lin,swan,swan_sf,1103,completed,experiments/runs/fm_grasp_protocol_v3/jobs/grasp_protocol_v3__lin__swan__swan_sf__seed1103/result.json,d91927b0f3f7ad946a7aaeceab2eaaf2a7538506abb7e4483a610c4823308850,training_seconds,1907.8574820000213
grasp_protocol_v3__lin__swan__swan_sf__seed1103,lin,swan,swan_sf,1103,completed,experiments/runs/fm_grasp_protocol_v3/jobs/grasp_protocol_v3__lin__swan__swan_sf__seed1103/result.json,d91927b0f3f7ad946a7aaeceab2eaaf2a7538506abb7e4483a610c4823308850,peak_cuda_allocated_bytes,163084288
grasp_protocol_v3__lin__swan__swan_sf__seed1103,lin,swan,swan_sf,1103,completed,experiments/runs/fm_grasp_protocol_v3/jobs/grasp_protocol_v3__lin__swan__swan_sf__seed1103/result.json,d91927b0f3f7ad946a7aaeceab2eaaf2a7538506abb7e4483a610c4823308850,peak_cuda_reserved_bytes,201326592
grasp_protocol_v3__lin__swan__swan_sf__seed1103,lin,swan,swan_sf,1103,completed,experiments/runs/fm_grasp_protocol_v3/jobs/grasp_protocol_v3__lin__swan__swan_sf__seed1103/result.json,d91927b0f3f7ad946a7aaeceab2eaaf2a7538506abb7e4483a610c4823308850,cpu_threads,2
grasp_protocol_v3__lin__swan__swan_sf__seed1103,lin,swan,swan_sf,1103,completed,experiments/runs/fm_grasp_protocol_v3/jobs/grasp_protocol_v3__lin__swan__swan_sf__seed1103/result.json,d91927b0f3f7ad946a7aaeceab2eaaf2a7538506abb7e4483a610c4823308850,metrics[0].recipe.source_samples,5
grasp_protocol_v3__lin__swan__swan_sf__seed1103,lin,swan,swan_sf,1103,completed,experiments/runs/fm_grasp_protocol_v3/jobs/grasp_protocol_v3__lin__swan__swan_sf__seed1103/result.json,d91927b0f3f7ad946a7aaeceab2eaaf2a7538506abb7e4483a610c4823308850,metrics[0].recipe.flow_evaluations,10
grasp_protocol_v3__lin__swan__swan_sf__seed1103,lin,swan,swan_sf,1103,completed,experiments/runs/fm_grasp_protocol_v3/jobs/grasp_protocol_v3__lin__swan__swan_sf__seed1103/result.json,d91927b0f3f7ad946a7aaeceab2eaaf2a7538506abb7e4483a610c4823308850,metrics[0].metrics.paper_retrospective.AP,0.5294639469418696
grasp_protocol_v3__lin__swan__swan_sf__seed1103,lin,swan,swan_sf,1103,completed,experiments/runs/fm_grasp_protocol_v3/jobs/grasp_protocol_v3__lin__swan__swan_sf__seed1103/result.json,d91927b0f3f7ad946a7aaeceab2eaaf2a7538506abb7e4483a610c4823308850,metrics[0].metrics.paper_retrospective.ROC,0.7261230887949462
grasp_protocol_v3__lin__swan__swan_sf__seed1103,lin,swan,swan_sf,1103,completed,experiments/runs/fm_grasp_protocol_v3/jobs/grasp_protocol_v3__lin__swan__swan_sf__seed1103/result.json,d91927b0f3f7ad946a7aaeceab2eaaf2a7538506abb7e4483a610c4823308850,metrics[0].metrics.paper_retrospective.Best_F1,0.5434632072154923
grasp_protocol_v3__lin__swan__swan_sf__seed1103,lin,swan,swan_sf,1103,completed,experiments/runs/fm_grasp_protocol_v3/jobs/grasp_protocol_v3__lin__swan__swan_sf__seed1103/result.json,d91927b0f3f7ad946a7aaeceab2eaaf2a7538506abb7e4483a610c4823308850,metrics[0].metrics.validation_only_control.precision,0.39855344495332484
grasp_protocol_v3__lin__swan__swan_sf__seed1103,lin,swan,swan_sf,1103,completed,experiments/runs/fm_grasp_protocol_v3/jobs/grasp_protocol_v3__lin__swan__swan_sf__seed1103/result.json,d91927b0f3f7ad946a7aaeceab2eaaf2a7538506abb7e4483a610c4823308850,metrics[0].metrics.validation_only_control.recall,0.7922885572139303
grasp_protocol_v3__lin__swan__swan_sf__seed1103,lin,swan,swan_sf,1103,completed,experiments/runs/fm_grasp_protocol_v3/jobs/grasp_protocol_v3__lin__swan__swan_sf__seed1103/result.json,d91927b0f3f7ad946a7aaeceab2eaaf2a7538506abb7e4483a610c4823308850,metrics[0].metrics.validation_only_control.f1,0.5303295202890588
grasp_protocol_v3__lin__swan__swan_sf__seed1103,lin,swan,swan_sf,1103,completed,experiments/runs/fm_grasp_protocol_v3/jobs/grasp_protocol_v3__lin__swan__swan_sf__seed1103/result.json,d91927b0f3f7ad946a7aaeceab2eaaf2a7538506abb7e4483a610c4823308850,metrics[0].metrics.validation_only_control.threshold,18587.06887109375
grasp_protocol_v3__lin__swan__swan_sf__seed1103,lin,swan,swan_sf,1103,completed,experiments/runs/fm_grasp_protocol_v3/jobs/grasp_protocol_v3__lin__swan__swan_sf__seed1103/result.json,d91927b0f3f7ad946a7aaeceab2eaaf2a7538506abb7e4483a610c4823308850,metrics[0].metrics.validation_only_control.quantile,0.99
grasp_protocol_v3__lin__swan__swan_sf__seed1103,lin,swan,swan_sf,1103,completed,experiments/runs/fm_grasp_protocol_v3/jobs/grasp_protocol_v3__lin__swan__swan_sf__seed1103/result.json,d91927b0f3f7ad946a7aaeceab2eaaf2a7538506abb7e4483a610c4823308850,metrics[0].validation_score_seconds,3.965777900069952
grasp_protocol_v3__lin__swan__swan_sf__seed1103,lin,swan,swan_sf,1103,completed,experiments/runs/fm_grasp_protocol_v3/jobs/grasp_protocol_v3__lin__swan__swan_sf__seed1103/result.json,d91927b0f3f7ad946a7aaeceab2eaaf2a7538506abb7e4483a610c4823308850,metrics[0].test_score_seconds,71.15967509988695
grasp_protocol_v3__lin__swan__swan_sf__seed1103,lin,swan,swan_sf,1103,completed,experiments/runs/fm_grasp_protocol_v3/jobs/grasp_protocol_v3__lin__swan__swan_sf__seed1103/result.json,d91927b0f3f7ad946a7aaeceab2eaaf2a7538506abb7e4483a610c4823308850,metrics[0].window_evaluations,71951
grasp_protocol_v3__lin__swan__swan_sf__seed1103,lin,swan,swan_sf,1103,completed,experiments/runs/fm_grasp_protocol_v3/jobs/grasp_protocol_v3__lin__swan__swan_sf__seed1103/result.json,d91927b0f3f7ad946a7aaeceab2eaaf2a7538506abb7e4483a610c4823308850,data_audit.raw_train_points,19672
grasp_protocol_v3__lin__swan__swan_sf__seed1103,lin,swan,swan_sf,1103,completed,experiments/runs/fm_grasp_protocol_v3/jobs/grasp_protocol_v3__lin__swan__swan_sf__seed1103/result.json,d91927b0f3f7ad946a7aaeceab2eaaf2a7538506abb7e4483a610c4823308850,data_audit.split_cut,15737
grasp_protocol_v3__lin__swan__swan_sf__seed1103,lin,swan,swan_sf,1103,completed,experiments/runs/fm_grasp_protocol_v3/jobs/grasp_protocol_v3__lin__swan__swan_sf__seed1103/result.json,d91927b0f3f7ad946a7aaeceab2eaaf2a7538506abb7e4483a610c4823308850,data_audit.fit_points,15737
grasp_protocol_v3__lin__swan__swan_sf__seed1103,lin,swan,swan_sf,1103,completed,experiments/runs/fm_grasp_protocol_v3/jobs/grasp_protocol_v3__lin__swan__swan_sf__seed1103/result.json,d91927b0f3f7ad946a7aaeceab2eaaf2a7538506abb7e4483a610c4823308850,data_audit.validation_points,3935
grasp_protocol_v3__lin__swan__swan_sf__seed1103,lin,swan,swan_sf,1103,completed,experiments/runs/fm_grasp_protocol_v3/jobs/grasp_protocol_v3__lin__swan__swan_sf__seed1103/result.json,d91927b0f3f7ad946a7aaeceab2eaaf2a7538506abb7e4483a610c4823308850,data_audit.test_points,72000
grasp_protocol_v3__lin__swan__swan_sf__seed1103,lin,swan,swan_sf,1103,completed,experiments/runs/fm_grasp_protocol_v3/jobs/grasp_protocol_v3__lin__swan__swan_sf__seed1103/result.json,d91927b0f3f7ad946a7aaeceab2eaaf2a7538506abb7e4483a610c4823308850,data_audit.test_anomaly_points,20100
grasp_protocol_v3__lin__swan__swan_sf__seed1103,lin,swan,swan_sf,1103,completed,experiments/runs/fm_grasp_protocol_v3/jobs/grasp_protocol_v3__lin__swan__swan_sf__seed1103/result.json,d91927b0f3f7ad946a7aaeceab2eaaf2a7538506abb7e4483a610c4823308850,data_audit.features,38
grasp_protocol_v3__lin__swan__swan_sf__seed1103,lin,swan,swan_sf,1103,completed,experiments/runs/fm_grasp_protocol_v3/jobs/grasp_protocol_v3__lin__swan__swan_sf__seed1103/result.json,d91927b0f3f7ad946a7aaeceab2eaaf2a7538506abb7e4483a610c4823308850,data_audit.paper_variables,39
grasp_protocol_v3__lin__swan__swan_sf__seed1103,lin,swan,swan_sf,1103,completed,experiments/runs/fm_grasp_protocol_v3/jobs/grasp_protocol_v3__lin__swan__swan_sf__seed1103/result.json,d91927b0f3f7ad946a7aaeceab2eaaf2a7538506abb7e4483a610c4823308850,data_audit.fit_window_count,15688
grasp_protocol_v3__lin__swan__swan_sf__seed1103,lin,swan,swan_sf,1103,completed,experiments/runs/fm_grasp_protocol_v3/jobs/grasp_protocol_v3__lin__swan__swan_sf__seed1103/result.json,d91927b0f3f7ad946a7aaeceab2eaaf2a7538506abb7e4483a610c4823308850,data_audit.validation_window_count,3886
grasp_protocol_v3__lin__swan__swan_sf__seed1103,lin,swan,swan_sf,1103,completed,experiments/runs/fm_grasp_protocol_v3/jobs/grasp_protocol_v3__lin__swan__swan_sf__seed1103/result.json,d91927b0f3f7ad946a7aaeceab2eaaf2a7538506abb7e4483a610c4823308850,data_audit.test_window_count,71951
grasp_protocol_v3__lin__swan__swan_sf__seed1103,lin,swan,swan_sf,1103,completed,experiments/runs/fm_grasp_protocol_v3/jobs/grasp_protocol_v3__lin__swan__swan_sf__seed1103/result.json,d91927b0f3f7ad946a7aaeceab2eaaf2a7538506abb7e4483a610c4823308850,data_audit.source_audit.training_anomaly_points,0
grasp_protocol_v3__lin__swan__swan_sf__seed1103,lin,swan,swan_sf,1103,completed,experiments/runs/fm_grasp_protocol_v3/jobs/grasp_protocol_v3__lin__swan__swan_sf__seed1103/result.json,d91927b0f3f7ad946a7aaeceab2eaaf2a7538506abb7e4483a610c4823308850,data_audit.train_only_scaler.median[0],109.79161766427605
grasp_protocol_v3__lin__swan__swan_sf__seed1103,lin,swan,swan_sf,1103,completed,experiments/runs/fm_grasp_protocol_v3/jobs/grasp_protocol_v3__lin__swan__swan_sf__seed1103/result.json,d91927b0f3f7ad946a7aaeceab2eaaf2a7538506abb7e4483a610c4823308850,data_audit.train_only_scaler.median[1],902576622.3893
grasp_protocol_v3__lin__swan__swan_sf__seed1103,lin,swan,swan_sf,1103,completed,experiments/runs/fm_grasp_protocol_v3/jobs/grasp_protocol_v3__lin__swan__swan_sf__seed1103/result.json,d91927b0f3f7ad946a7aaeceab2eaaf2a7538506abb7e4483a610c4823308850,data_audit.train_only_scaler.median[2],7.167510432855177e+21
grasp_protocol_v3__lin__swan__swan_sf__seed1103,lin,swan,swan_sf,1103,completed,experiments/runs/fm_grasp_protocol_v3/jobs/grasp_protocol_v3__lin__swan__swan_sf__seed1103/result.json,d91927b0f3f7ad946a7aaeceab2eaaf2a7538506abb7e4483a610c4823308850,data_audit.train_only_scaler.median[3],2295775301630.038
grasp_protocol_v3__lin__swan__swan_sf__seed1103,lin,swan,swan_sf,1103,completed,experiments/runs/fm_grasp_protocol_v3/jobs/grasp_protocol_v3__lin__swan__swan_sf__seed1103/result.json,d91927b0f3f7ad946a7aaeceab2eaaf2a7538506abb7e4483a610c4823308850,data_audit.train_only_scaler.median[4],7.525211717955138
grasp_protocol_v3__lin__swan__swan_sf__seed1103,lin,swan,swan_sf,1103,completed,experiments/runs/fm_grasp_protocol_v3/jobs/grasp_protocol_v3__lin__swan__swan_sf__seed1103/result.json,d91927b0f3f7ad946a7aaeceab2eaaf2a7538506abb7e4483a610c4823308850,data_audit.train_only_scaler.median[5],644965299185.6748
grasp_protocol_v3__lin__swan__swan_sf__seed1103,lin,swan,swan_sf,1103,completed,experiments/runs/fm_grasp_protocol_v3/jobs/grasp_protocol_v3__lin__swan__swan_sf__seed1103/result.json,d91927b0f3f7ad946a7aaeceab2eaaf2a7538506abb7e4483a610c4823308850,data_audit.train_only_scaler.median[6],1.5930829208471184e+21
grasp_protocol_v3__lin__swan__swan_sf__seed1103,lin,swan,swan_sf,1103,completed,experiments/runs/fm_grasp_protocol_v3/jobs/grasp_protocol_v3__lin__swan__swan_sf__seed1103/result.json,d91927b0f3f7ad946a7aaeceab2eaaf2a7538506abb7e4483a610c4823308850,data_audit.train_only_scaler.median[7],-6.896515213991394e+23
grasp_protocol_v3__lin__swan__swan_sf__seed1103,lin,swan,swan_sf,1103,completed,experiments/runs/fm_grasp_protocol_v3/jobs/grasp_protocol_v3__lin__swan__swan_sf__seed1103/result.json,d91927b0f3f7ad946a7aaeceab2eaaf2a7538506abb7e4483a610c4823308850,data_audit.train_only_scaler.median[8],1881.226580056299
grasp_protocol_v3__lin__swan__swan_sf__seed1103,lin,swan,swan_sf,1103,completed,experiments/runs/fm_grasp_protocol_v3/jobs/grasp_protocol_v3__lin__swan__swan_sf__seed1103/result.json,d91927b0f3f7ad946a7aaeceab2eaaf2a7538506abb7e4483a610c4823308850,data_audit.train_only_scaler.median[9],-0.5826949720780651
grasp_protocol_v3__lin__swan__swan_sf__seed1103,lin,swan,swan_sf,1103,completed,experiments/runs/fm_grasp_protocol_v3/jobs/grasp_protocol_v3__lin__swan__swan_sf__seed1103/result.json,d91927b0f3f7ad946a7aaeceab2eaaf2a7538506abb7e4483a610c4823308850,data_audit.train_only_scaler.median[10],23.2614382342434
grasp_protocol_v3__lin__swan__swan_sf__seed1103,lin,swan,swan_sf,1103,completed,experiments/runs/fm_grasp_protocol_v3/jobs/grasp_protocol_v3__lin__swan__swan_sf__seed1103/result.json,d91927b0f3f7ad946a7aaeceab2eaaf2a7538506abb7e4483a610c4823308850,data_audit.train_only_scaler.median[11],4.1031652989449015
grasp_protocol_v3__lin__swan__swan_sf__seed1103,lin,swan,swan_sf,1103,completed,experiments/runs/fm_grasp_protocol_v3/jobs/grasp_protocol_v3__lin__swan__swan_sf__seed1103/result.json,d91927b0f3f7ad946a7aaeceab2eaaf2a7538506abb7e4483a610c4823308850,data_audit.train_only_scaler.median[12],30.334544652596342
grasp_protocol_v3__lin__swan__swan_sf__seed1103,lin,swan,swan_sf,1103,completed,experiments/runs/fm_grasp_protocol_v3/jobs/grasp_protocol_v3__lin__swan__swan_sf__seed1103/result.json,d91927b0f3f7ad946a7aaeceab2eaaf2a7538506abb7e4483a610c4823308850,data_audit.train_only_scaler.median[13],123.55687630744043
grasp_protocol_v3__lin__swan__swan_sf__seed1103,lin,swan,swan_sf,1103,completed,experiments/runs/fm_grasp_protocol_v3/jobs/grasp_protocol_v3__lin__swan__swan_sf__seed1103/result.json,d91927b0f3f7ad946a7aaeceab2eaaf2a7538506abb7e4483a610c4823308850,data_audit.train_only_scaler.median[14],124.10909511835108
grasp_protocol_v3__lin__swan__swan_sf__seed1103,lin,swan,swan_sf,1103,completed,experiments/runs/fm_grasp_protocol_v3/jobs/grasp_protocol_v3__lin__swan__swan_sf__seed1103/result.json,d91927b0f3f7ad946a7aaeceab2eaaf2a7538506abb7e4483a610c4823308850,data_audit.train_only_scaler.median[15],53.50452393957681
grasp_protocol_v3__lin__swan__swan_sf__seed1103,lin,swan,swan_sf,1103,completed,experiments/runs/fm_grasp_protocol_v3/jobs/grasp_protocol_v3__lin__swan__swan_sf__seed1103/result.json,d91927b0f3f7ad946a7aaeceab2eaaf2a7538506abb7e4483a610c4823308850,data_audit.train_only_scaler.median[16],0.0007316367027569
grasp_protocol_v3__lin__swan__swan_sf__seed1103,lin,swan,swan_sf,1103,completed,experiments/runs/fm_grasp_protocol_v3/jobs/grasp_protocol_v3__lin__swan__swan_sf__seed1103/result.json,d91927b0f3f7ad946a7aaeceab2eaaf2a7538506abb7e4483a610c4823308850,data_audit.train_only_scaler.median[17],-1.612043362204535e+22
grasp_protocol_v3__lin__swan__swan_sf__seed1103,lin,swan,swan_sf,1103,completed,experiments/runs/fm_grasp_protocol_v3/jobs/grasp_protocol_v3__lin__swan__swan_sf__seed1103/result.json,d91927b0f3f7ad946a7aaeceab2eaaf2a7538506abb7e4483a610c4823308850,data_audit.train_only_scaler.median[18],0.1806838037433196
grasp_protocol_v3__lin__swan__swan_sf__seed1103,lin,swan,swan_sf,1103,completed,experiments/runs/fm_grasp_protocol_v3/jobs/grasp_protocol_v3__lin__swan__swan_sf__seed1103/result.json,d91927b0f3f7ad946a7aaeceab2eaaf2a7538506abb7e4483a610c4823308850,data_audit.train_only_scaler.median[19],0.0024643825097276
grasp_protocol_v3__lin__swan__swan_sf__seed1103,lin,swan,swan_sf,1103,completed,experiments/runs/fm_grasp_protocol_v3/jobs/grasp_protocol_v3__lin__swan__swan_sf__seed1103/result.json,d91927b0f3f7ad946a7aaeceab2eaaf2a7538506abb7e4483a610c4823308850,data_audit.train_only_scaler.median[20],-1.7582466676047812e+22
grasp_protocol_v3__lin__swan__swan_sf__seed1103,lin,swan,swan_sf,1103,completed,experiments/runs/fm_grasp_protocol_v3/jobs/grasp_protocol_v3__lin__swan__swan_sf__seed1103/result.json,d91927b0f3f7ad946a7aaeceab2eaaf2a7538506abb7e4483a610c4823308850,data_audit.train_only_scaler.median[21],0.0248835927535584
grasp_protocol_v3__lin__swan__swan_sf__seed1103,lin,swan,swan_sf,1103,completed,experiments/runs/fm_grasp_protocol_v3/jobs/grasp_protocol_v3__lin__swan__swan_sf__seed1103/result.json,d91927b0f3f7ad946a7aaeceab2eaaf2a7538506abb7e4483a610c4823308850,data_audit.train_only_scaler.median[22],0.0411580664279638
grasp_protocol_v3__lin__swan__swan_sf__seed1103,lin,swan,swan_sf,1103,completed,experiments/runs/fm_grasp_protocol_v3/jobs/grasp_protocol_v3__lin__swan__swan_sf__seed1103/result.json,d91927b0f3f7ad946a7aaeceab2eaaf2a7538506abb7e4483a610c4823308850,data_audit.train_only_scaler.median[23],0.0
grasp_protocol_v3__lin__swan__swan_sf__seed1103,lin,swan,swan_sf,1103,completed,experiments/runs/fm_grasp_protocol_v3/jobs/grasp_protocol_v3__lin__swan__swan_sf__seed1103/result.json,d91927b0f3f7ad946a7aaeceab2eaaf2a7538506abb7e4483a610c4823308850,data_audit.train_only_scaler.median[24],223.862839
grasp_protocol_v3__lin__swan__swan_sf__seed1103,lin,swan,swan_sf,1103,completed,experiments/runs/fm_grasp_protocol_v3/jobs/grasp_protocol_v3__lin__swan__swan_sf__seed1103/result.json,d91927b0f3f7ad946a7aaeceab2eaaf2a7538506abb7e4483a610c4823308850,data_audit.train_only_scaler.median[25],263.178192
grasp_protocol_v3__lin__swan__swan_sf__seed1103,lin,swan,swan_sf,1103,completed,experiments/runs/fm_grasp_protocol_v3/jobs/grasp_protocol_v3__lin__swan__swan_sf__seed1103/result.json,d91927b0f3f7ad946a7aaeceab2eaaf2a7538506abb7e4483a610c4823308850,data_audit.train_only_scaler.median[26],3.667938
grasp_protocol_v3__lin__swan__swan_sf__seed1103,lin,swan,swan_sf,1103,completed,experiments/runs/fm_grasp_protocol_v3/jobs/grasp_protocol_v3__lin__swan__swan_sf__seed1103/result.json,d91927b0f3f7ad946a7aaeceab2eaaf2a7538506abb7e4483a610c4823308850,data_audit.train_only_scaler.median[27],-2.074256
grasp_protocol_v3__lin__swan__swan_sf__seed1103,lin,swan,swan_sf,1103,completed,experiments/runs/fm_grasp_protocol_v3/jobs/grasp_protocol_v3__lin__swan__swan_sf__seed1103/result.json,d91927b0f3f7ad946a7aaeceab2eaaf2a7538506abb7e4483a610c4823308850,data_audit.train_only_scaler.median[28],6.692411
grasp_protocol_v3__lin__swan__swan_sf__seed1103,lin,swan,swan_sf,1103,completed,experiments/runs/fm_grasp_protocol_v3/jobs/grasp_protocol_v3__lin__swan__swan_sf__seed1103/result.json,d91927b0f3f7ad946a7aaeceab2eaaf2a7538506abb7e4483a610c4823308850,data_audit.train_only_scaler.median[29],10.207301
grasp_protocol_v3__lin__swan__swan_sf__seed1103,lin,swan,swan_sf,1103,completed,experiments/runs/fm_grasp_protocol_v3/jobs/grasp_protocol_v3__lin__swan__swan_sf__seed1103/result.json,d91927b0f3f7ad946a7aaeceab2eaaf2a7538506abb7e4483a610c4823308850,data_audit.train_only_scaler.median[30],0.0
grasp_protocol_v3__lin__swan__swan_sf__seed1103,lin,swan,swan_sf,1103,completed,experiments/runs/fm_grasp_protocol_v3/jobs/grasp_protocol_v3__lin__swan__swan_sf__seed1103/result.json,d91927b0f3f7ad946a7aaeceab2eaaf2a7538506abb7e4483a610c4823308850,data_audit.train_only_scaler.median[31],1.0
grasp_protocol_v3__lin__swan__swan_sf__seed1103,lin,swan,swan_sf,1103,completed,experiments/runs/fm_grasp_protocol_v3/jobs/grasp_protocol_v3__lin__swan__swan_sf__seed1103/result.json,d91927b0f3f7ad946a7aaeceab2eaaf2a7538506abb7e4483a610c4823308850,data_audit.train_only_scaler.median[32],0.0
grasp_protocol_v3__lin__swan__swan_sf__seed1103,lin,swan,swan_sf,1103,completed,experiments/runs/fm_grasp_protocol_v3/jobs/grasp_protocol_v3__lin__swan__swan_sf__seed1103/result.json,d91927b0f3f7ad946a7aaeceab2eaaf2a7538506abb7e4483a610c4823308850,data_audit.train_only_scaler.median[33],0.0
grasp_protocol_v3__lin__swan__swan_sf__seed1103,lin,swan,swan_sf,1103,completed,experiments/runs/fm_grasp_protocol_v3/jobs/grasp_protocol_v3__lin__swan__swan_sf__seed1103/result.json,d91927b0f3f7ad946a7aaeceab2eaaf2a7538506abb7e4483a610c4823308850,data_audit.train_only_scaler.median[34],0.0
grasp_protocol_v3__lin__swan__swan_sf__seed1103,lin,swan,swan_sf,1103,completed,experiments/runs/fm_grasp_protocol_v3/jobs/grasp_protocol_v3__lin__swan__swan_sf__seed1103/result.json,d91927b0f3f7ad946a7aaeceab2eaaf2a7538506abb7e4483a610c4823308850,data_audit.train_only_scaler.median[35],0.0
grasp_protocol_v3__lin__swan__swan_sf__seed1103,lin,swan,swan_sf,1103,completed,experiments/runs/fm_grasp_protocol_v3/jobs/grasp_protocol_v3__lin__swan__swan_sf__seed1103/result.json,d91927b0f3f7ad946a7aaeceab2eaaf2a7538506abb7e4483a610c4823308850,data_audit.train_only_scaler.median[36],1.23e-06
grasp_protocol_v3__lin__swan__swan_sf__seed1103,lin,swan,swan_sf,1103,completed,experiments/runs/fm_grasp_protocol_v3/jobs/grasp_protocol_v3__lin__swan__swan_sf__seed1103/result.json,d91927b0f3f7ad946a7aaeceab2eaaf2a7538506abb7e4483a610c4823308850,data_audit.train_only_scaler.median[37],12.0
grasp_protocol_v3__lin__swan__swan_sf__seed1103,lin,swan,swan_sf,1103,completed,experiments/runs/fm_grasp_protocol_v3/jobs/grasp_protocol_v3__lin__swan__swan_sf__seed1103/result.json,d91927b0f3f7ad946a7aaeceab2eaaf2a7538506abb7e4483a610c4823308850,data_audit.train_only_scaler.mean[0],305.1626169607622
grasp_protocol_v3__lin__swan__swan_sf__seed1103,lin,swan,swan_sf,1103,completed,experiments/runs/fm_grasp_protocol_v3/jobs/grasp_protocol_v3__lin__swan__swan_sf__seed1103/result.json,d91927b0f3f7ad946a7aaeceab2eaaf2a7538506abb7e4483a610c4823308850,data_audit.train_only_scaler.mean[1],3891992090.7515807
grasp_protocol_v3__lin__swan__swan_sf__seed1103,lin,swan,swan_sf,1103,completed,experiments/runs/fm_grasp_protocol_v3/jobs/grasp_protocol_v3__lin__swan__swan_sf__seed1103/result.json,d91927b0f3f7ad946a7aaeceab2eaaf2a7538506abb7e4483a610c4823308850,data_audit.train_only_scaler.mean[2],1.0852574129680566e+23
grasp_protocol_v3__lin__swan__swan_sf__seed1103,lin,swan,swan_sf,1103,completed,experiments/runs/fm_grasp_protocol_v3/jobs/grasp_protocol_v3__lin__swan__swan_sf__seed1103/result.json,d91927b0f3f7ad946a7aaeceab2eaaf2a7538506abb7e4483a610c4823308850,data_audit.train_only_scaler.mean[3],6278208406547.6875
grasp_protocol_v3__lin__swan__swan_sf__seed1103,lin,swan,swan_sf,1103,completed,experiments/runs/fm_grasp_protocol_v3/jobs/grasp_protocol_v3__lin__swan__swan_sf__seed1103/result.json,d91927b0f3f7ad946a7aaeceab2eaaf2a7538506abb7e4483a610c4823308850,data_audit.train_only_scaler.mean[4],41.4241013709116
grasp_protocol_v3__lin__swan__swan_sf__seed1103,lin,swan,swan_sf,1103,completed,experiments/runs/fm_grasp_protocol_v3/jobs/grasp_protocol_v3__lin__swan__swan_sf__seed1103/result.json,d91927b0f3f7ad946a7aaeceab2eaaf2a7538506abb7e4483a610c4823308850,data_audit.train_only_scaler.mean[5],2144531812602.708
grasp_protocol_v3__lin__swan__swan_sf__seed1103,lin,swan,swan_sf,1103,completed,experiments/runs/fm_grasp_protocol_v3/jobs/grasp_protocol_v3__lin__swan__swan_sf__seed1103/result.json,d91927b0f3f7ad946a7aaeceab2eaaf2a7538506abb7e4483a610c4823308850,data_audit.train_only_scaler.mean[6],4.5793002135186697e+21
grasp_protocol_v3__lin__swan__swan_sf__seed1103,lin,swan,swan_sf,1103,completed,experiments/runs/fm_grasp_protocol_v3/jobs/grasp_protocol_v3__lin__swan__swan_sf__seed1103/result.json,d91927b0f3f7ad946a7aaeceab2eaaf2a7538506abb7e4483a610c4823308850,data_audit.train_only_scaler.mean[7],-1.8388628813093173e+24
grasp_protocol_v3__lin__swan__swan_sf__seed1103,lin,swan,swan_sf,1103,completed,experiments/runs/fm_grasp_protocol_v3/jobs/grasp_protocol_v3__lin__swan__swan_sf__seed1103/result.json,d91927b0f3f7ad946a7aaeceab2eaaf2a7538506abb7e4483a610c4823308850,data_audit.train_only_scaler.mean[8],436248.2433815505
grasp_protocol_v3__lin__swan__swan_sf__seed1103,lin,swan,swan_sf,1103,completed,experiments/runs/fm_grasp_protocol_v3/jobs/grasp_protocol_v3__lin__swan__swan_sf__seed1103/result.json,d91927b0f3f7ad946a7aaeceab2eaaf2a7538506abb7e4483a610c4823308850,data_audit.train_only_scaler.mean[9],-0.5304256504971101
grasp_protocol_v3__lin__swan__swan_sf__seed1103,lin,swan,swan_sf,1103,completed,experiments/runs/fm_grasp_protocol_v3/jobs/grasp_protocol_v3__lin__swan__swan_sf__seed1103/result.json,d91927b0f3f7ad946a7aaeceab2eaaf2a7538506abb7e4483a610c4823308850,data_audit.train_only_scaler.mean[10],26.18927621491827
grasp_protocol_v3__lin__swan__swan_sf__seed1103,lin,swan,swan_sf,1103,completed,experiments/runs/fm_grasp_protocol_v3/jobs/grasp_protocol_v3__lin__swan__swan_sf__seed1103/result.json,d91927b0f3f7ad946a7aaeceab2eaaf2a7538506abb7e4483a610c4823308850,data_audit.train_only_scaler.mean[11],11.104307795097283
grasp_protocol_v3__lin__swan__swan_sf__seed1103,lin,swan,swan_sf,1103,completed,experiments/runs/fm_grasp_protocol_v3/jobs/grasp_protocol_v3__lin__swan__swan_sf__seed1103/result.json,d91927b0f3f7ad946a7aaeceab2eaaf2a7538506abb7e4483a610c4823308850,data_audit.train_only_scaler.mean[12],34.1471406854236
grasp_protocol_v3__lin__swan__swan_sf__seed1103,lin,swan,swan_sf,1103,completed,experiments/runs/fm_grasp_protocol_v3/jobs/grasp_protocol_v3__lin__swan__swan_sf__seed1103/result.json,d91927b0f3f7ad946a7aaeceab2eaaf2a7538506abb7e4483a610c4823308850,data_audit.train_only_scaler.mean[13],121.46471916884391
grasp_protocol_v3__lin__swan__swan_sf__seed1103,lin,swan,swan_sf,1103,completed,experiments/runs/fm_grasp_protocol_v3/jobs/grasp_protocol_v3__lin__swan__swan_sf__seed1103/result.json,d91927b0f3f7ad946a7aaeceab2eaaf2a7538506abb7e4483a610c4823308850,data_audit.train_only_scaler.mean[14],122.77046639364936
grasp_protocol_v3__lin__swan__swan_sf__seed1103,lin,swan,swan_sf,1103,completed,experiments/runs/fm_grasp_protocol_v3/jobs/grasp_protocol_v3__lin__swan__swan_sf__seed1103/result.json,d91927b0f3f7ad946a7aaeceab2eaaf2a7538506abb7e4483a610c4823308850,data_audit.train_only_scaler.mean[15],54.72076190157697
grasp_protocol_v3__lin__swan__swan_sf__seed1103,lin,swan,swan_sf,1103,completed,experiments/runs/fm_grasp_protocol_v3/jobs/grasp_protocol_v3__lin__swan__swan_sf__seed1103/result.json,d91927b0f3f7ad946a7aaeceab2eaaf2a7538506abb7e4483a610c4823308850,data_audit.train_only_scaler.mean[16],0.0004028268090018369
grasp_protocol_v3__lin__swan__swan_sf__seed1103,lin,swan,swan_sf,1103,completed,experiments/runs/fm_grasp_protocol_v3/jobs/grasp_protocol_v3__lin__swan__swan_sf__seed1103/result.json,d91927b0f3f7ad946a7aaeceab2eaaf2a7538506abb7e4483a610c4823308850,data_audit.train_only_scaler.mean[17],-1.085305984839892e+23
grasp_protocol_v3__lin__swan__swan_sf__seed1103,lin,swan,swan_sf,1103,completed,experiments/runs/fm_grasp_protocol_v3/jobs/grasp_protocol_v3__lin__swan__swan_sf__seed1103/result.json,d91927b0f3f7ad946a7aaeceab2eaaf2a7538506abb7e4483a610c4823308850,data_audit.train_only_scaler.mean[18],0.3314377587114313
grasp_protocol_v3__lin__swan__swan_sf__seed1103,lin,swan,swan_sf,1103,completed,experiments/runs/fm_grasp_protocol_v3/jobs/grasp_protocol_v3__lin__swan__swan_sf__seed1103/result.json,d91927b0f3f7ad946a7aaeceab2eaaf2a7538506abb7e4483a610c4823308850,data_audit.train_only_scaler.mean[19],0.0017608309675426538
grasp_protocol_v3__lin__swan__swan_sf__seed1103,lin,swan,swan_sf,1103,completed,experiments/runs/fm_grasp_protocol_v3/jobs/grasp_protocol_v3__lin__swan__swan_sf__seed1103/result.json,d91927b0f3f7ad946a7aaeceab2eaaf2a7538506abb7e4483a610c4823308850,data_audit.train_only_scaler.mean[20],-6.4804778061874636e+22
grasp_protocol_v3__lin__swan__swan_sf__seed1103,lin,swan,swan_sf,1103,completed,experiments/runs/fm_grasp_protocol_v3/jobs/grasp_protocol_v3__lin__swan__swan_sf__seed1103/result.json,d91927b0f3f7ad946a7aaeceab2eaaf2a7538506abb7e4483a610c4823308850,data_audit.train_only_scaler.mean[21],0.012395267187078311
grasp_protocol_v3__lin__swan__swan_sf__seed1103,lin,swan,swan_sf,1103,completed,experiments/runs/fm_grasp_protocol_v3/jobs/grasp_protocol_v3__lin__swan__swan_sf__seed1103/result.json,d91927b0f3f7ad946a7aaeceab2eaaf2a7538506abb7e4483a610c4823308850,data_audit.train_only_scaler.mean[22],0.018506858863011996
grasp_protocol_v3__lin__swan__swan_sf__seed1103,lin,swan,swan_sf,1103,completed,experiments/runs/fm_grasp_protocol_v3/jobs/grasp_protocol_v3__lin__swan__swan_sf__seed1103/result.json,d91927b0f3f7ad946a7aaeceab2eaaf2a7538506abb7e4483a610c4823308850,data_audit.train_only_scaler.mean[23],1.418514473790745
grasp_protocol_v3__lin__swan__swan_sf__seed1103,lin,swan,swan_sf,1103,completed,experiments/runs/fm_grasp_protocol_v3/jobs/grasp_protocol_v3__lin__swan__swan_sf__seed1103/result.json,d91927b0f3f7ad946a7aaeceab2eaaf2a7538506abb7e4483a610c4823308850,data_audit.train_only_scaler.mean[24],201.065698432738
grasp_protocol_v3__lin__swan__swan_sf__seed1103,lin,swan,swan_sf,1103,completed,experiments/runs/fm_grasp_protocol_v3/jobs/grasp_protocol_v3__lin__swan__swan_sf__seed1103/result.json,d91927b0f3f7ad946a7aaeceab2eaaf2a7538506abb7e4483a610c4823308850,data_audit.train_only_scaler.mean[25],198.70728841208506
grasp_protocol_v3__lin__swan__swan_sf__seed1103,lin,swan,swan_sf,1103,completed,experiments/runs/fm_grasp_protocol_v3/jobs/grasp_protocol_v3__lin__swan__swan_sf__seed1103/result.json,d91927b0f3f7ad946a7aaeceab2eaaf2a7538506abb7e4483a610c4823308850,data_audit.train_only_scaler.mean[26],-0.722098970705977
grasp_protocol_v3__lin__swan__swan_sf__seed1103,lin,swan,swan_sf,1103,completed,experiments/runs/fm_grasp_protocol_v3/jobs/grasp_protocol_v3__lin__swan__swan_sf__seed1103/result.json,d91927b0f3f7ad946a7aaeceab2eaaf2a7538506abb7e4483a610c4823308850,data_audit.train_only_scaler.mean[27],-3.9825264890385723
grasp_protocol_v3__lin__swan__swan_sf__seed1103,lin,swan,swan_sf,1103,completed,experiments/runs/fm_grasp_protocol_v3/jobs/grasp_protocol_v3__lin__swan__swan_sf__seed1103/result.json,d91927b0f3f7ad946a7aaeceab2eaaf2a7538506abb7e4483a610c4823308850,data_audit.train_only_scaler.mean[28],4.580065097159533
grasp_protocol_v3__lin__swan__swan_sf__seed1103,lin,swan,swan_sf,1103,completed,experiments/runs/fm_grasp_protocol_v3/jobs/grasp_protocol_v3__lin__swan__swan_sf__seed1103/result.json,d91927b0f3f7ad946a7aaeceab2eaaf2a7538506abb7e4483a610c4823308850,data_audit.train_only_scaler.mean[29],7.682772539747129
grasp_protocol_v3__lin__swan__swan_sf__seed1103,lin,swan,swan_sf,1103,completed,experiments/runs/fm_grasp_protocol_v3/jobs/grasp_protocol_v3__lin__swan__swan_sf__seed1103/result.json,d91927b0f3f7ad946a7aaeceab2eaaf2a7538506abb7e4483a610c4823308850,data_audit.train_only_scaler.mean[30],2556.974264472263
grasp_protocol_v3__lin__swan__swan_sf__seed1103,lin,swan,swan_sf,1103,completed,experiments/runs/fm_grasp_protocol_v3/jobs/grasp_protocol_v3__lin__swan__swan_sf__seed1103/result.json,d91927b0f3f7ad946a7aaeceab2eaaf2a7538506abb7e4483a610c4823308850,data_audit.train_only_scaler.mean[31],0.9601575903920696
grasp_protocol_v3__lin__swan__swan_sf__seed1103,lin,swan,swan_sf,1103,completed,experiments/runs/fm_grasp_protocol_v3/jobs/grasp_protocol_v3__lin__swan__swan_sf__seed1103/result.json,d91927b0f3f7ad946a7aaeceab2eaaf2a7538506abb7e4483a610c4823308850,data_audit.train_only_scaler.mean[32],0.0
grasp_protocol_v3__lin__swan__swan_sf__seed1103,lin,swan,swan_sf,1103,completed,experiments/runs/fm_grasp_protocol_v3/jobs/grasp_protocol_v3__lin__swan__swan_sf__seed1103/result.json,d91927b0f3f7ad946a7aaeceab2eaaf2a7538506abb7e4483a610c4823308850,data_audit.train_only_scaler.mean[33],0.001143801232763551
grasp_protocol_v3__lin__swan__swan_sf__seed1103,lin,swan,swan_sf,1103,completed,experiments/runs/fm_grasp_protocol_v3/jobs/grasp_protocol_v3__lin__swan__swan_sf__seed1103/result.json,d91927b0f3f7ad946a7aaeceab2eaaf2a7538506abb7e4483a610c4823308850,data_audit.train_only_scaler.mean[34],0.0005719006163817755
grasp_protocol_v3__lin__swan__swan_sf__seed1103,lin,swan,swan_sf,1103,completed,experiments/runs/fm_grasp_protocol_v3/jobs/grasp_protocol_v3__lin__swan__swan_sf__seed1103/result.json,d91927b0f3f7ad946a7aaeceab2eaaf2a7538506abb7e4483a610c4823308850,data_audit.train_only_scaler.mean[35],0.0
grasp_protocol_v3__lin__swan__swan_sf__seed1103,lin,swan,swan_sf,1103,completed,experiments/runs/fm_grasp_protocol_v3/jobs/grasp_protocol_v3__lin__swan__swan_sf__seed1103/result.json,d91927b0f3f7ad946a7aaeceab2eaaf2a7538506abb7e4483a610c4823308850,data_audit.train_only_scaler.mean[36],-235.11234360995348
grasp_protocol_v3__lin__swan__swan_sf__seed1103,lin,swan,swan_sf,1103,completed,experiments/runs/fm_grasp_protocol_v3/jobs/grasp_protocol_v3__lin__swan__swan_sf__seed1103/result.json,d91927b0f3f7ad946a7aaeceab2eaaf2a7538506abb7e4483a610c4823308850,data_audit.train_only_scaler.mean[37],11.944843362775625
grasp_protocol_v3__lin__swan__swan_sf__seed1103,lin,swan,swan_sf,1103,completed,experiments/runs/fm_grasp_protocol_v3/jobs/grasp_protocol_v3__lin__swan__swan_sf__seed1103/result.json,d91927b0f3f7ad946a7aaeceab2eaaf2a7538506abb7e4483a610c4823308850,data_audit.train_only_scaler.scale[0],521.570342257543
grasp_protocol_v3__lin__swan__swan_sf__seed1103,lin,swan,swan_sf,1103,completed,experiments/runs/fm_grasp_protocol_v3/jobs/grasp_protocol_v3__lin__swan__swan_sf__seed1103/result.json,d91927b0f3f7ad946a7aaeceab2eaaf2a7538506abb7e4483a610c4823308850,data_audit.train_only_scaler.scale[1],8127773323.662388
grasp_protocol_v3__lin__swan__swan_sf__seed1103,lin,swan,swan_sf,1103,completed,experiments/runs/fm_grasp_protocol_v3/jobs/grasp_protocol_v3__lin__swan__swan_sf__seed1103/result.json,d91927b0f3f7ad946a7aaeceab2eaaf2a7538506abb7e4483a610c4823308850,data_audit.train_only_scaler.scale[2],1.6057244166730386e+24
grasp_protocol_v3__lin__swan__swan_sf__seed1103,lin,swan,swan_sf,1103,completed,experiments/runs/fm_grasp_protocol_v3/jobs/grasp_protocol_v3__lin__swan__swan_sf__seed1103/result.json,d91927b0f3f7ad946a7aaeceab2eaaf2a7538506abb7e4483a610c4823308850,data_audit.train_only_scaler.scale[3],10484165665143.857
grasp_protocol_v3__lin__swan__swan_sf__seed1103,lin,swan,swan_sf,1103,completed,experiments/runs/fm_grasp_protocol_v3/jobs/grasp_protocol_v3__lin__swan__swan_sf__seed1103/result.json,d91927b0f3f7ad946a7aaeceab2eaaf2a7538506abb7e4483a610c4823308850,data_audit.train_only_scaler.scale[4],112.13325347975933
grasp_protocol_v3__lin__swan__swan_sf__seed1103,lin,swan,swan_sf,1103,completed,experiments/runs/fm_grasp_protocol_v3/jobs/grasp_protocol_v3__lin__swan__swan_sf__seed1103/result.json,d91927b0f3f7ad946a7aaeceab2eaaf2a7538506abb7e4483a610c4823308850,data_audit.train_only_scaler.scale[5],4786566349698.902
grasp_protocol_v3__lin__swan__swan_sf__seed1103,lin,swan,swan_sf,1103,completed,experiments/runs/fm_grasp_protocol_v3/jobs/grasp_protocol_v3__lin__swan__swan_sf__seed1103/result.json,d91927b0f3f7ad946a7aaeceab2eaaf2a7538506abb7e4483a610c4823308850,data_audit.train_only_scaler.scale[6],8.160999960406271e+21
grasp_protocol_v3__lin__swan__swan_sf__seed1103,lin,swan,swan_sf,1103,completed,experiments/runs/fm_grasp_protocol_v3/jobs/grasp_protocol_v3__lin__swan__swan_sf__seed1103/result.json,d91927b0f3f7ad946a7aaeceab2eaaf2a7538506abb7e4483a610c4823308850,data_audit.train_only_scaler.scale[7],3.2446255976209476e+24
grasp_protocol_v3__lin__swan__swan_sf__seed1103,lin,swan,swan_sf,1103,completed,experiments/runs/fm_grasp_protocol_v3/jobs/grasp_protocol_v3__lin__swan__swan_sf__seed1103/result.json,d91927b0f3f7ad946a7aaeceab2eaaf2a7538506abb7e4483a610c4823308850,data_audit.train_only_scaler.scale[8],12700705.083050588
grasp_protocol_v3__lin__swan__swan_sf__seed1103,lin,swan,swan_sf,1103,completed,experiments/runs/fm_grasp_protocol_v3/jobs/grasp_protocol_v3__lin__swan__swan_sf__seed1103/result.json,d91927b0f3f7ad946a7aaeceab2eaaf2a7538506abb7e4483a610c4823308850,data_audit.train_only_scaler.scale[9],0.15764267201891288
grasp_protocol_v3__lin__swan__swan_sf__seed1103,lin,swan,swan_sf,1103,completed,experiments/runs/fm_grasp_protocol_v3/jobs/grasp_protocol_v3__lin__swan__swan_sf__seed1103/result.json,d91927b0f3f7ad946a7aaeceab2eaaf2a7538506abb7e4483a610c4823308850,data_audit.train_only_scaler.scale[10],7.998840992094515
grasp_protocol_v3__lin__swan__swan_sf__seed1103,lin,swan,swan_sf,1103,completed,experiments/runs/fm_grasp_protocol_v3/jobs/grasp_protocol_v3__lin__swan__swan_sf__seed1103/result.json,d91927b0f3f7ad946a7aaeceab2eaaf2a7538506abb7e4483a610c4823308850,data_audit.train_only_scaler.scale[11],14.517086710445161
grasp_protocol_v3__lin__swan__swan_sf__seed1103,lin,swan,swan_sf,1103,completed,experiments/runs/fm_grasp_protocol_v3/jobs/grasp_protocol_v3__lin__swan__swan_sf__seed1103/result.json,d91927b0f3f7ad946a7aaeceab2eaaf2a7538506abb7e4483a610c4823308850,data_audit.train_only_scaler.scale[12],9.164958630701037
grasp_protocol_v3__lin__swan__swan_sf__seed1103,lin,swan,swan_sf,1103,completed,experiments/runs/fm_grasp_protocol_v3/jobs/grasp_protocol_v3__lin__swan__swan_sf__seed1103/result.json,d91927b0f3f7ad946a7aaeceab2eaaf2a7538506abb7e4483a610c4823308850,data_audit.train_only_scaler.scale[13],22.663966001612895
grasp_protocol_v3__lin__swan__swan_sf__seed1103,lin,swan,swan_sf,1103,completed,experiments/runs/fm_grasp_protocol_v3/jobs/grasp_protocol_v3__lin__swan__swan_sf__seed1103/result.json,d91927b0f3f7ad946a7aaeceab2eaaf2a7538506abb7e4483a610c4823308850,data_audit.train_only_scaler.scale[14],22.83698851922826
grasp_protocol_v3__lin__swan__swan_sf__seed1103,lin,swan,swan_sf,1103,completed,experiments/runs/fm_grasp_protocol_v3/jobs/grasp_protocol_v3__lin__swan__swan_sf__seed1103/result.json,d91927b0f3f7ad946a7aaeceab2eaaf2a7538506abb7e4483a610c4823308850,data_audit.train_only_scaler.scale[15],14.49123627720488
grasp_protocol_v3__lin__swan__swan_sf__seed1103,lin,swan,swan_sf,1103,completed,experiments/runs/fm_grasp_protocol_v3/jobs/grasp_protocol_v3__lin__swan__swan_sf__seed1103/result.json,d91927b0f3f7ad946a7aaeceab2eaaf2a7538506abb7e4483a610c4823308850,data_audit.train_only_scaler.scale[16],0.007446704694027152
grasp_protocol_v3__lin__swan__swan_sf__seed1103,lin,swan,swan_sf,1103,completed,experiments/runs/fm_grasp_protocol_v3/jobs/grasp_protocol_v3__lin__swan__swan_sf__seed1103/result.json,d91927b0f3f7ad946a7aaeceab2eaaf2a7538506abb7e4483a610c4823308850,data_audit.train_only_scaler.scale[17],5.067548212998718e+23
grasp_protocol_v3__lin__swan__swan_sf__seed1103,lin,swan,swan_sf,1103,completed,experiments/runs/fm_grasp_protocol_v3/jobs/grasp_protocol_v3__lin__swan__swan_sf__seed1103/result.json,d91927b0f3f7ad946a7aaeceab2eaaf2a7538506abb7e4483a610c4823308850,data_audit.train_only_scaler.scale[18],0.7491082918156635
grasp_protocol_v3__lin__swan__swan_sf__seed1103,lin,swan,swan_sf,1103,completed,experiments/runs/fm_grasp_protocol_v3/jobs/grasp_protocol_v3__lin__swan__swan_sf__seed1103/result.json,d91927b0f3f7ad946a7aaeceab2eaaf2a7538506abb7e4483a610c4823308850,data_audit.train_only_scaler.scale[19],0.02580423934918983
grasp_protocol_v3__lin__swan__swan_sf__seed1103,lin,swan,swan_sf,1103,completed,experiments/runs/fm_grasp_protocol_v3/jobs/grasp_protocol_v3__lin__swan__swan_sf__seed1103/result.json,d91927b0f3f7ad946a7aaeceab2eaaf2a7538506abb7e4483a610c4823308850,data_audit.train_only_scaler.scale[20],1.1825085057623071e+24
grasp_protocol_v3__lin__swan__swan_sf__seed1103,lin,swan,swan_sf,1103,completed,experiments/runs/fm_grasp_protocol_v3/jobs/grasp_protocol_v3__lin__swan__swan_sf__seed1103/result.json,d91927b0f3f7ad946a7aaeceab2eaaf2a7538506abb7e4483a610c4823308850,data_audit.train_only_scaler.scale[21],0.13926497457575512
grasp_protocol_v3__lin__swan__swan_sf__seed1103,lin,swan,swan_sf,1103,completed,experiments/runs/fm_grasp_protocol_v3/jobs/grasp_protocol_v3__lin__swan__swan_sf__seed1103/result.json,d91927b0f3f7ad946a7aaeceab2eaaf2a7538506abb7e4483a610c4823308850,data_audit.train_only_scaler.scale[22],0.18539980134319797
grasp_protocol_v3__lin__swan__swan_sf__seed1103,lin,swan,swan_sf,1103,completed,experiments/runs/fm_grasp_protocol_v3/jobs/grasp_protocol_v3__lin__swan__swan_sf__seed1103/result.json,d91927b0f3f7ad946a7aaeceab2eaaf2a7538506abb7e4483a610c4823308850,data_audit.train_only_scaler.scale[23],1.712261267510182
grasp_protocol_v3__lin__swan__swan_sf__seed1103,lin,swan,swan_sf,1103,completed,experiments/runs/fm_grasp_protocol_v3/jobs/grasp_protocol_v3__lin__swan__swan_sf__seed1103/result.json,d91927b0f3f7ad946a7aaeceab2eaaf2a7538506abb7e4483a610c4823308850,data_audit.train_only_scaler.scale[24],122.48048173928221
grasp_protocol_v3__lin__swan__swan_sf__seed1103,lin,swan,swan_sf,1103,completed,experiments/runs/fm_grasp_protocol_v3/jobs/grasp_protocol_v3__lin__swan__swan_sf__seed1103/result.json,d91927b0f3f7ad946a7aaeceab2eaaf2a7538506abb7e4483a610c4823308850,data_audit.train_only_scaler.scale[25],118.53868905344714
grasp_protocol_v3__lin__swan__swan_sf__seed1103,lin,swan,swan_sf,1103,completed,experiments/runs/fm_grasp_protocol_v3/jobs/grasp_protocol_v3__lin__swan__swan_sf__seed1103/result.json,d91927b0f3f7ad946a7aaeceab2eaaf2a7538506abb7e4483a610c4823308850,data_audit.train_only_scaler.scale[26],15.8413429430375
grasp_protocol_v3__lin__swan__swan_sf__seed1103,lin,swan,swan_sf,1103,completed,experiments/runs/fm_grasp_protocol_v3/jobs/grasp_protocol_v3__lin__swan__swan_sf__seed1103/result.json,d91927b0f3f7ad946a7aaeceab2eaaf2a7538506abb7e4483a610c4823308850,data_audit.train_only_scaler.scale[27],33.25478901460059
grasp_protocol_v3__lin__swan__swan_sf__seed1103,lin,swan,swan_sf,1103,completed,experiments/runs/fm_grasp_protocol_v3/jobs/grasp_protocol_v3__lin__swan__swan_sf__seed1103/result.json,d91927b0f3f7ad946a7aaeceab2eaaf2a7538506abb7e4483a610c4823308850,data_audit.train_only_scaler.scale[28],16.466208780244486
grasp_protocol_v3__lin__swan__swan_sf__seed1103,lin,swan,swan_sf,1103,completed,experiments/runs/fm_grasp_protocol_v3/jobs/grasp_protocol_v3__lin__swan__swan_sf__seed1103/result.json,d91927b0f3f7ad946a7aaeceab2eaaf2a7538506abb7e4483a610c4823308850,data_audit.train_only_scaler.scale[29],33.90595903667634
grasp_protocol_v3__lin__swan__swan_sf__seed1103,lin,swan,swan_sf,1103,completed,experiments/runs/fm_grasp_protocol_v3/jobs/grasp_protocol_v3__lin__swan__swan_sf__seed1103/result.json,d91927b0f3f7ad946a7aaeceab2eaaf2a7538506abb7e4483a610c4823308850,data_audit.train_only_scaler.scale[30],12719.09410671598
grasp_protocol_v3__lin__swan__swan_sf__seed1103,lin,swan,swan_sf,1103,completed,experiments/runs/fm_grasp_protocol_v3/jobs/grasp_protocol_v3__lin__swan__swan_sf__seed1103/result.json,d91927b0f3f7ad946a7aaeceab2eaaf2a7538506abb7e4483a610c4823308850,data_audit.train_only_scaler.scale[31],0.19558883404879554
grasp_protocol_v3__lin__swan__swan_sf__seed1103,lin,swan,swan_sf,1103,completed,experiments/runs/fm_grasp_protocol_v3/jobs/grasp_protocol_v3__lin__swan__swan_sf__seed1103/result.json,d91927b0f3f7ad946a7aaeceab2eaaf2a7538506abb7e4483a610c4823308850,data_audit.train_only_scaler.scale[32],1.0
grasp_protocol_v3__lin__swan__swan_sf__seed1103,lin,swan,swan_sf,1103,completed,experiments/runs/fm_grasp_protocol_v3/jobs/grasp_protocol_v3__lin__swan__swan_sf__seed1103/result.json,d91927b0f3f7ad946a7aaeceab2eaaf2a7538506abb7e4483a610c4823308850,data_audit.train_only_scaler.scale[33],0.03380078329718015
grasp_protocol_v3__lin__swan__swan_sf__seed1103,lin,swan,swan_sf,1103,completed,experiments/runs/fm_grasp_protocol_v3/jobs/grasp_protocol_v3__lin__swan__swan_sf__seed1103/result.json,d91927b0f3f7ad946a7aaeceab2eaaf2a7538506abb7e4483a610c4823308850,data_audit.train_only_scaler.scale[34],0.02390760435650135
grasp_protocol_v3__lin__swan__swan_sf__seed1103,lin,swan,swan_sf,1103,completed,experiments/runs/fm_grasp_protocol_v3/jobs/grasp_protocol_v3__lin__swan__swan_sf__seed1103/result.json,d91927b0f3f7ad946a7aaeceab2eaaf2a7538506abb7e4483a610c4823308850,data_audit.train_only_scaler.scale[35],1.0
grasp_protocol_v3__lin__swan__swan_sf__seed1103,lin,swan,swan_sf,1103,completed,experiments/runs/fm_grasp_protocol_v3/jobs/grasp_protocol_v3__lin__swan__swan_sf__seed1103/result.json,d91927b0f3f7ad946a7aaeceab2eaaf2a7538506abb7e4483a610c4823308850,data_audit.train_only_scaler.scale[36],4843.110750687241
grasp_protocol_v3__lin__swan__swan_sf__seed1103,lin,swan,swan_sf,1103,completed,experiments/runs/fm_grasp_protocol_v3/jobs/grasp_protocol_v3__lin__swan__swan_sf__seed1103/result.json,d91927b0f3f7ad946a7aaeceab2eaaf2a7538506abb7e4483a610c4823308850,data_audit.train_only_scaler.scale[37],0.7110330701676929
grasp_protocol_v3__lin__swan__swan_sf__seed1103,lin,swan,swan_sf,1103,completed,experiments/runs/fm_grasp_protocol_v3/jobs/grasp_protocol_v3__lin__swan__swan_sf__seed1103/result.json,d91927b0f3f7ad946a7aaeceab2eaaf2a7538506abb7e4483a610c4823308850,data_audit.train_only_scaler.constant_channels[0],32
grasp_protocol_v3__lin__swan__swan_sf__seed1103,lin,swan,swan_sf,1103,completed,experiments/runs/fm_grasp_protocol_v3/jobs/grasp_protocol_v3__lin__swan__swan_sf__seed1103/result.json,d91927b0f3f7ad946a7aaeceab2eaaf2a7538506abb7e4483a610c4823308850,data_audit.train_only_scaler.constant_channels[1],35
grasp_protocol_v3__lin__swan__swan_sf__seed1103,lin,swan,swan_sf,1103,completed,experiments/runs/fm_grasp_protocol_v3/jobs/grasp_protocol_v3__lin__swan__swan_sf__seed1103/result.json,d91927b0f3f7ad946a7aaeceab2eaaf2a7538506abb7e4483a610c4823308850,data_audit.train_only_scaler.repairs[0],0
grasp_protocol_v3__lin__swan__swan_sf__seed1103,lin,swan,swan_sf,1103,completed,experiments/runs/fm_grasp_protocol_v3/jobs/grasp_protocol_v3__lin__swan__swan_sf__seed1103/result.json,d91927b0f3f7ad946a7aaeceab2eaaf2a7538506abb7e4483a610c4823308850,data_audit.train_only_scaler.repairs[1],0
grasp_protocol_v3__tau_0__swan__swan_sf__seed1103,tau_0,swan,swan_sf,1103,completed,experiments/runs/fm_grasp_protocol_v3/jobs/grasp_protocol_v3__tau_0__swan__swan_sf__seed1103/result.json,5a942a3602207aba8f4e311e2080199f5d6a09b2dadb0e565f1c578520193248,job.seed,1103
grasp_protocol_v3__tau_0__swan__swan_sf__seed1103,tau_0,swan,swan_sf,1103,completed,experiments/runs/fm_grasp_protocol_v3/jobs/grasp_protocol_v3__tau_0__swan__swan_sf__seed1103/result.json,5a942a3602207aba8f4e311e2080199f5d6a09b2dadb0e565f1c578520193248,job.expected_optimizer_updates,93000
grasp_protocol_v3__tau_0__swan__swan_sf__seed1103,tau_0,swan,swan_sf,1103,completed,experiments/runs/fm_grasp_protocol_v3/jobs/grasp_protocol_v3__tau_0__swan__swan_sf__seed1103/result.json,5a942a3602207aba8f4e311e2080199f5d6a09b2dadb0e565f1c578520193248,job.test_points,72000
grasp_protocol_v3__tau_0__swan__swan_sf__seed1103,tau_0,swan,swan_sf,1103,completed,experiments/runs/fm_grasp_protocol_v3/jobs/grasp_protocol_v3__tau_0__swan__swan_sf__seed1103/result.json,5a942a3602207aba8f4e311e2080199f5d6a09b2dadb0e565f1c578520193248,job.validation_points,3935
grasp_protocol_v3__tau_0__swan__swan_sf__seed1103,tau_0,swan,swan_sf,1103,completed,experiments/runs/fm_grasp_protocol_v3/jobs/grasp_protocol_v3__tau_0__swan__swan_sf__seed1103/result.json,5a942a3602207aba8f4e311e2080199f5d6a09b2dadb0e565f1c578520193248,job.score_recipes[0].source_samples,5
grasp_protocol_v3__tau_0__swan__swan_sf__seed1103,tau_0,swan,swan_sf,1103,completed,experiments/runs/fm_grasp_protocol_v3/jobs/grasp_protocol_v3__tau_0__swan__swan_sf__seed1103/result.json,5a942a3602207aba8f4e311e2080199f5d6a09b2dadb0e565f1c578520193248,job.score_recipes[0].flow_evaluations,10
grasp_protocol_v3__tau_0__swan__swan_sf__seed1103,tau_0,swan,swan_sf,1103,completed,experiments/runs/fm_grasp_protocol_v3/jobs/grasp_protocol_v3__tau_0__swan__swan_sf__seed1103/result.json,5a942a3602207aba8f4e311e2080199f5d6a09b2dadb0e565f1c578520193248,epochs_completed,1500
grasp_protocol_v3__tau_0__swan__swan_sf__seed1103,tau_0,swan,swan_sf,1103,completed,experiments/runs/fm_grasp_protocol_v3/jobs/grasp_protocol_v3__tau_0__swan__swan_sf__seed1103/result.json,5a942a3602207aba8f4e311e2080199f5d6a09b2dadb0e565f1c578520193248,optimizer_updates,93000
grasp_protocol_v3__tau_0__swan__swan_sf__seed1103,tau_0,swan,swan_sf,1103,completed,experiments/runs/fm_grasp_protocol_v3/jobs/grasp_protocol_v3__tau_0__swan__swan_sf__seed1103/result.json,5a942a3602207aba8f4e311e2080199f5d6a09b2dadb0e565f1c578520193248,scored_points,72000
grasp_protocol_v3__tau_0__swan__swan_sf__seed1103,tau_0,swan,swan_sf,1103,completed,experiments/runs/fm_grasp_protocol_v3/jobs/grasp_protocol_v3__tau_0__swan__swan_sf__seed1103/result.json,5a942a3602207aba8f4e311e2080199f5d6a09b2dadb0e565f1c578520193248,validation_points,3935
grasp_protocol_v3__tau_0__swan__swan_sf__seed1103,tau_0,swan,swan_sf,1103,completed,experiments/runs/fm_grasp_protocol_v3/jobs/grasp_protocol_v3__tau_0__swan__swan_sf__seed1103/result.json,5a942a3602207aba8f4e311e2080199f5d6a09b2dadb0e565f1c578520193248,score_recipes[0].source_samples,5
grasp_protocol_v3__tau_0__swan__swan_sf__seed1103,tau_0,swan,swan_sf,1103,completed,experiments/runs/fm_grasp_protocol_v3/jobs/grasp_protocol_v3__tau_0__swan__swan_sf__seed1103/result.json,5a942a3602207aba8f4e311e2080199f5d6a09b2dadb0e565f1c578520193248,score_recipes[0].flow_evaluations,10
grasp_protocol_v3__tau_0__swan__swan_sf__seed1103,tau_0,swan,swan_sf,1103,completed,experiments/runs/fm_grasp_protocol_v3/jobs/grasp_protocol_v3__tau_0__swan__swan_sf__seed1103/result.json,5a942a3602207aba8f4e311e2080199f5d6a09b2dadb0e565f1c578520193248,parameter_count,69244
grasp_protocol_v3__tau_0__swan__swan_sf__seed1103,tau_0,swan,swan_sf,1103,completed,experiments/runs/fm_grasp_protocol_v3/jobs/grasp_protocol_v3__tau_0__swan__swan_sf__seed1103/result.json,5a942a3602207aba8f4e311e2080199f5d6a09b2dadb0e565f1c578520193248,training_seconds,1991.1151104001328
grasp_protocol_v3__tau_0__swan__swan_sf__seed1103,tau_0,swan,swan_sf,1103,completed,experiments/runs/fm_grasp_protocol_v3/jobs/grasp_protocol_v3__tau_0__swan__swan_sf__seed1103/result.json,5a942a3602207aba8f4e311e2080199f5d6a09b2dadb0e565f1c578520193248,peak_cuda_allocated_bytes,163084288
grasp_protocol_v3__tau_0__swan__swan_sf__seed1103,tau_0,swan,swan_sf,1103,completed,experiments/runs/fm_grasp_protocol_v3/jobs/grasp_protocol_v3__tau_0__swan__swan_sf__seed1103/result.json,5a942a3602207aba8f4e311e2080199f5d6a09b2dadb0e565f1c578520193248,peak_cuda_reserved_bytes,201326592
grasp_protocol_v3__tau_0__swan__swan_sf__seed1103,tau_0,swan,swan_sf,1103,completed,experiments/runs/fm_grasp_protocol_v3/jobs/grasp_protocol_v3__tau_0__swan__swan_sf__seed1103/result.json,5a942a3602207aba8f4e311e2080199f5d6a09b2dadb0e565f1c578520193248,cpu_threads,2
grasp_protocol_v3__tau_0__swan__swan_sf__seed1103,tau_0,swan,swan_sf,1103,completed,experiments/runs/fm_grasp_protocol_v3/jobs/grasp_protocol_v3__tau_0__swan__swan_sf__seed1103/result.json,5a942a3602207aba8f4e311e2080199f5d6a09b2dadb0e565f1c578520193248,metrics[0].recipe.source_samples,5
grasp_protocol_v3__tau_0__swan__swan_sf__seed1103,tau_0,swan,swan_sf,1103,completed,experiments/runs/fm_grasp_protocol_v3/jobs/grasp_protocol_v3__tau_0__swan__swan_sf__seed1103/result.json,5a942a3602207aba8f4e311e2080199f5d6a09b2dadb0e565f1c578520193248,metrics[0].recipe.flow_evaluations,10
grasp_protocol_v3__tau_0__swan__swan_sf__seed1103,tau_0,swan,swan_sf,1103,completed,experiments/runs/fm_grasp_protocol_v3/jobs/grasp_protocol_v3__tau_0__swan__swan_sf__seed1103/result.json,5a942a3602207aba8f4e311e2080199f5d6a09b2dadb0e565f1c578520193248,metrics[0].metrics.paper_retrospective.AP,0.5213382119247435
grasp_protocol_v3__tau_0__swan__swan_sf__seed1103,tau_0,swan,swan_sf,1103,completed,experiments/runs/fm_grasp_protocol_v3/jobs/grasp_protocol_v3__tau_0__swan__swan_sf__seed1103/result.json,5a942a3602207aba8f4e311e2080199f5d6a09b2dadb0e565f1c578520193248,metrics[0].metrics.paper_retrospective.ROC,0.7271889272328147
grasp_protocol_v3__tau_0__swan__swan_sf__seed1103,tau_0,swan,swan_sf,1103,completed,experiments/runs/fm_grasp_protocol_v3/jobs/grasp_protocol_v3__tau_0__swan__swan_sf__seed1103/result.json,5a942a3602207aba8f4e311e2080199f5d6a09b2dadb0e565f1c578520193248,metrics[0].metrics.paper_retrospective.Best_F1,0.5429175574112106
grasp_protocol_v3__tau_0__swan__swan_sf__seed1103,tau_0,swan,swan_sf,1103,completed,experiments/runs/fm_grasp_protocol_v3/jobs/grasp_protocol_v3__tau_0__swan__swan_sf__seed1103/result.json,5a942a3602207aba8f4e311e2080199f5d6a09b2dadb0e565f1c578520193248,metrics[0].metrics.validation_only_control.precision,0.395109023009276
grasp_protocol_v3__tau_0__swan__swan_sf__seed1103,tau_0,swan,swan_sf,1103,completed,experiments/runs/fm_grasp_protocol_v3/jobs/grasp_protocol_v3__tau_0__swan__swan_sf__seed1103/result.json,5a942a3602207aba8f4e311e2080199f5d6a09b2dadb0e565f1c578520193248,metrics[0].metrics.validation_only_control.recall,0.8158706467661692
grasp_protocol_v3__tau_0__swan__swan_sf__seed1103,tau_0,swan,swan_sf,1103,completed,experiments/runs/fm_grasp_protocol_v3/jobs/grasp_protocol_v3__tau_0__swan__swan_sf__seed1103/result.json,5a942a3602207aba8f4e311e2080199f5d6a09b2dadb0e565f1c578520193248,metrics[0].metrics.validation_only_control.f1,0.5323918513107703
grasp_protocol_v3__tau_0__swan__swan_sf__seed1103,tau_0,swan,swan_sf,1103,completed,experiments/runs/fm_grasp_protocol_v3/jobs/grasp_protocol_v3__tau_0__swan__swan_sf__seed1103/result.json,5a942a3602207aba8f4e311e2080199f5d6a09b2dadb0e565f1c578520193248,metrics[0].metrics.validation_only_control.threshold,5627.103506640624
grasp_protocol_v3__tau_0__swan__swan_sf__seed1103,tau_0,swan,swan_sf,1103,completed,experiments/runs/fm_grasp_protocol_v3/jobs/grasp_protocol_v3__tau_0__swan__swan_sf__seed1103/result.json,5a942a3602207aba8f4e311e2080199f5d6a09b2dadb0e565f1c578520193248,metrics[0].metrics.validation_only_control.quantile,0.99
grasp_protocol_v3__tau_0__swan__swan_sf__seed1103,tau_0,swan,swan_sf,1103,completed,experiments/runs/fm_grasp_protocol_v3/jobs/grasp_protocol_v3__tau_0__swan__swan_sf__seed1103/result.json,5a942a3602207aba8f4e311e2080199f5d6a09b2dadb0e565f1c578520193248,metrics[0].validation_score_seconds,4.360354300122708
grasp_protocol_v3__tau_0__swan__swan_sf__seed1103,tau_0,swan,swan_sf,1103,completed,experiments/runs/fm_grasp_protocol_v3/jobs/grasp_protocol_v3__tau_0__swan__swan_sf__seed1103/result.json,5a942a3602207aba8f4e311e2080199f5d6a09b2dadb0e565f1c578520193248,metrics[0].test_score_seconds,76.53631259989925
grasp_protocol_v3__tau_0__swan__swan_sf__seed1103,tau_0,swan,swan_sf,1103,completed,experiments/runs/fm_grasp_protocol_v3/jobs/grasp_protocol_v3__tau_0__swan__swan_sf__seed1103/result.json,5a942a3602207aba8f4e311e2080199f5d6a09b2dadb0e565f1c578520193248,metrics[0].window_evaluations,71951
grasp_protocol_v3__tau_0__swan__swan_sf__seed1103,tau_0,swan,swan_sf,1103,completed,experiments/runs/fm_grasp_protocol_v3/jobs/grasp_protocol_v3__tau_0__swan__swan_sf__seed1103/result.json,5a942a3602207aba8f4e311e2080199f5d6a09b2dadb0e565f1c578520193248,data_audit.raw_train_points,19672
grasp_protocol_v3__tau_0__swan__swan_sf__seed1103,tau_0,swan,swan_sf,1103,completed,experiments/runs/fm_grasp_protocol_v3/jobs/grasp_protocol_v3__tau_0__swan__swan_sf__seed1103/result.json,5a942a3602207aba8f4e311e2080199f5d6a09b2dadb0e565f1c578520193248,data_audit.split_cut,15737
grasp_protocol_v3__tau_0__swan__swan_sf__seed1103,tau_0,swan,swan_sf,1103,completed,experiments/runs/fm_grasp_protocol_v3/jobs/grasp_protocol_v3__tau_0__swan__swan_sf__seed1103/result.json,5a942a3602207aba8f4e311e2080199f5d6a09b2dadb0e565f1c578520193248,data_audit.fit_points,15737
grasp_protocol_v3__tau_0__swan__swan_sf__seed1103,tau_0,swan,swan_sf,1103,completed,experiments/runs/fm_grasp_protocol_v3/jobs/grasp_protocol_v3__tau_0__swan__swan_sf__seed1103/result.json,5a942a3602207aba8f4e311e2080199f5d6a09b2dadb0e565f1c578520193248,data_audit.validation_points,3935
grasp_protocol_v3__tau_0__swan__swan_sf__seed1103,tau_0,swan,swan_sf,1103,completed,experiments/runs/fm_grasp_protocol_v3/jobs/grasp_protocol_v3__tau_0__swan__swan_sf__seed1103/result.json,5a942a3602207aba8f4e311e2080199f5d6a09b2dadb0e565f1c578520193248,data_audit.test_points,72000
grasp_protocol_v3__tau_0__swan__swan_sf__seed1103,tau_0,swan,swan_sf,1103,completed,experiments/runs/fm_grasp_protocol_v3/jobs/grasp_protocol_v3__tau_0__swan__swan_sf__seed1103/result.json,5a942a3602207aba8f4e311e2080199f5d6a09b2dadb0e565f1c578520193248,data_audit.test_anomaly_points,20100
grasp_protocol_v3__tau_0__swan__swan_sf__seed1103,tau_0,swan,swan_sf,1103,completed,experiments/runs/fm_grasp_protocol_v3/jobs/grasp_protocol_v3__tau_0__swan__swan_sf__seed1103/result.json,5a942a3602207aba8f4e311e2080199f5d6a09b2dadb0e565f1c578520193248,data_audit.features,38
grasp_protocol_v3__tau_0__swan__swan_sf__seed1103,tau_0,swan,swan_sf,1103,completed,experiments/runs/fm_grasp_protocol_v3/jobs/grasp_protocol_v3__tau_0__swan__swan_sf__seed1103/result.json,5a942a3602207aba8f4e311e2080199f5d6a09b2dadb0e565f1c578520193248,data_audit.paper_variables,39
grasp_protocol_v3__tau_0__swan__swan_sf__seed1103,tau_0,swan,swan_sf,1103,completed,experiments/runs/fm_grasp_protocol_v3/jobs/grasp_protocol_v3__tau_0__swan__swan_sf__seed1103/result.json,5a942a3602207aba8f4e311e2080199f5d6a09b2dadb0e565f1c578520193248,data_audit.fit_window_count,15688
grasp_protocol_v3__tau_0__swan__swan_sf__seed1103,tau_0,swan,swan_sf,1103,completed,experiments/runs/fm_grasp_protocol_v3/jobs/grasp_protocol_v3__tau_0__swan__swan_sf__seed1103/result.json,5a942a3602207aba8f4e311e2080199f5d6a09b2dadb0e565f1c578520193248,data_audit.validation_window_count,3886
grasp_protocol_v3__tau_0__swan__swan_sf__seed1103,tau_0,swan,swan_sf,1103,completed,experiments/runs/fm_grasp_protocol_v3/jobs/grasp_protocol_v3__tau_0__swan__swan_sf__seed1103/result.json,5a942a3602207aba8f4e311e2080199f5d6a09b2dadb0e565f1c578520193248,data_audit.test_window_count,71951
grasp_protocol_v3__tau_0__swan__swan_sf__seed1103,tau_0,swan,swan_sf,1103,completed,experiments/runs/fm_grasp_protocol_v3/jobs/grasp_protocol_v3__tau_0__swan__swan_sf__seed1103/result.json,5a942a3602207aba8f4e311e2080199f5d6a09b2dadb0e565f1c578520193248,data_audit.source_audit.training_anomaly_points,0
grasp_protocol_v3__tau_0__swan__swan_sf__seed1103,tau_0,swan,swan_sf,1103,completed,experiments/runs/fm_grasp_protocol_v3/jobs/grasp_protocol_v3__tau_0__swan__swan_sf__seed1103/result.json,5a942a3602207aba8f4e311e2080199f5d6a09b2dadb0e565f1c578520193248,data_audit.train_only_scaler.median[0],109.79161766427605
grasp_protocol_v3__tau_0__swan__swan_sf__seed1103,tau_0,swan,swan_sf,1103,completed,experiments/runs/fm_grasp_protocol_v3/jobs/grasp_protocol_v3__tau_0__swan__swan_sf__seed1103/result.json,5a942a3602207aba8f4e311e2080199f5d6a09b2dadb0e565f1c578520193248,data_audit.train_only_scaler.median[1],902576622.3893
grasp_protocol_v3__tau_0__swan__swan_sf__seed1103,tau_0,swan,swan_sf,1103,completed,experiments/runs/fm_grasp_protocol_v3/jobs/grasp_protocol_v3__tau_0__swan__swan_sf__seed1103/result.json,5a942a3602207aba8f4e311e2080199f5d6a09b2dadb0e565f1c578520193248,data_audit.train_only_scaler.median[2],7.167510432855177e+21
grasp_protocol_v3__tau_0__swan__swan_sf__seed1103,tau_0,swan,swan_sf,1103,completed,experiments/runs/fm_grasp_protocol_v3/jobs/grasp_protocol_v3__tau_0__swan__swan_sf__seed1103/result.json,5a942a3602207aba8f4e311e2080199f5d6a09b2dadb0e565f1c578520193248,data_audit.train_only_scaler.median[3],2295775301630.038
grasp_protocol_v3__tau_0__swan__swan_sf__seed1103,tau_0,swan,swan_sf,1103,completed,experiments/runs/fm_grasp_protocol_v3/jobs/grasp_protocol_v3__tau_0__swan__swan_sf__seed1103/result.json,5a942a3602207aba8f4e311e2080199f5d6a09b2dadb0e565f1c578520193248,data_audit.train_only_scaler.median[4],7.525211717955138
grasp_protocol_v3__tau_0__swan__swan_sf__seed1103,tau_0,swan,swan_sf,1103,completed,experiments/runs/fm_grasp_protocol_v3/jobs/grasp_protocol_v3__tau_0__swan__swan_sf__seed1103/result.json,5a942a3602207aba8f4e311e2080199f5d6a09b2dadb0e565f1c578520193248,data_audit.train_only_scaler.median[5],644965299185.6748
grasp_protocol_v3__tau_0__swan__swan_sf__seed1103,tau_0,swan,swan_sf,1103,completed,experiments/runs/fm_grasp_protocol_v3/jobs/grasp_protocol_v3__tau_0__swan__swan_sf__seed1103/result.json,5a942a3602207aba8f4e311e2080199f5d6a09b2dadb0e565f1c578520193248,data_audit.train_only_scaler.median[6],1.5930829208471184e+21
grasp_protocol_v3__tau_0__swan__swan_sf__seed1103,tau_0,swan,swan_sf,1103,completed,experiments/runs/fm_grasp_protocol_v3/jobs/grasp_protocol_v3__tau_0__swan__swan_sf__seed1103/result.json,5a942a3602207aba8f4e311e2080199f5d6a09b2dadb0e565f1c578520193248,data_audit.train_only_scaler.median[7],-6.896515213991394e+23
grasp_protocol_v3__tau_0__swan__swan_sf__seed1103,tau_0,swan,swan_sf,1103,completed,experiments/runs/fm_grasp_protocol_v3/jobs/grasp_protocol_v3__tau_0__swan__swan_sf__seed1103/result.json,5a942a3602207aba8f4e311e2080199f5d6a09b2dadb0e565f1c578520193248,data_audit.train_only_scaler.median[8],1881.226580056299
grasp_protocol_v3__tau_0__swan__swan_sf__seed1103,tau_0,swan,swan_sf,1103,completed,experiments/runs/fm_grasp_protocol_v3/jobs/grasp_protocol_v3__tau_0__swan__swan_sf__seed1103/result.json,5a942a3602207aba8f4e311e2080199f5d6a09b2dadb0e565f1c578520193248,data_audit.train_only_scaler.median[9],-0.5826949720780651
grasp_protocol_v3__tau_0__swan__swan_sf__seed1103,tau_0,swan,swan_sf,1103,completed,experiments/runs/fm_grasp_protocol_v3/jobs/grasp_protocol_v3__tau_0__swan__swan_sf__seed1103/result.json,5a942a3602207aba8f4e311e2080199f5d6a09b2dadb0e565f1c578520193248,data_audit.train_only_scaler.median[10],23.2614382342434
grasp_protocol_v3__tau_0__swan__swan_sf__seed1103,tau_0,swan,swan_sf,1103,completed,experiments/runs/fm_grasp_protocol_v3/jobs/grasp_protocol_v3__tau_0__swan__swan_sf__seed1103/result.json,5a942a3602207aba8f4e311e2080199f5d6a09b2dadb0e565f1c578520193248,data_audit.train_only_scaler.median[11],4.1031652989449015
grasp_protocol_v3__tau_0__swan__swan_sf__seed1103,tau_0,swan,swan_sf,1103,completed,experiments/runs/fm_grasp_protocol_v3/jobs/grasp_protocol_v3__tau_0__swan__swan_sf__seed1103/result.json,5a942a3602207aba8f4e311e2080199f5d6a09b2dadb0e565f1c578520193248,data_audit.train_only_scaler.median[12],30.334544652596342
grasp_protocol_v3__tau_0__swan__swan_sf__seed1103,tau_0,swan,swan_sf,1103,completed,experiments/runs/fm_grasp_protocol_v3/jobs/grasp_protocol_v3__tau_0__swan__swan_sf__seed1103/result.json,5a942a3602207aba8f4e311e2080199f5d6a09b2dadb0e565f1c578520193248,data_audit.train_only_scaler.median[13],123.55687630744043
grasp_protocol_v3__tau_0__swan__swan_sf__seed1103,tau_0,swan,swan_sf,1103,completed,experiments/runs/fm_grasp_protocol_v3/jobs/grasp_protocol_v3__tau_0__swan__swan_sf__seed1103/result.json,5a942a3602207aba8f4e311e2080199f5d6a09b2dadb0e565f1c578520193248,data_audit.train_only_scaler.median[14],124.10909511835108
grasp_protocol_v3__tau_0__swan__swan_sf__seed1103,tau_0,swan,swan_sf,1103,completed,experiments/runs/fm_grasp_protocol_v3/jobs/grasp_protocol_v3__tau_0__swan__swan_sf__seed1103/result.json,5a942a3602207aba8f4e311e2080199f5d6a09b2dadb0e565f1c578520193248,data_audit.train_only_scaler.median[15],53.50452393957681
grasp_protocol_v3__tau_0__swan__swan_sf__seed1103,tau_0,swan,swan_sf,1103,completed,experiments/runs/fm_grasp_protocol_v3/jobs/grasp_protocol_v3__tau_0__swan__swan_sf__seed1103/result.json,5a942a3602207aba8f4e311e2080199f5d6a09b2dadb0e565f1c578520193248,data_audit.train_only_scaler.median[16],0.0007316367027569
grasp_protocol_v3__tau_0__swan__swan_sf__seed1103,tau_0,swan,swan_sf,1103,completed,experiments/runs/fm_grasp_protocol_v3/jobs/grasp_protocol_v3__tau_0__swan__swan_sf__seed1103/result.json,5a942a3602207aba8f4e311e2080199f5d6a09b2dadb0e565f1c578520193248,data_audit.train_only_scaler.median[17],-1.612043362204535e+22
grasp_protocol_v3__tau_0__swan__swan_sf__seed1103,tau_0,swan,swan_sf,1103,completed,experiments/runs/fm_grasp_protocol_v3/jobs/grasp_protocol_v3__tau_0__swan__swan_sf__seed1103/result.json,5a942a3602207aba8f4e311e2080199f5d6a09b2dadb0e565f1c578520193248,data_audit.train_only_scaler.median[18],0.1806838037433196
grasp_protocol_v3__tau_0__swan__swan_sf__seed1103,tau_0,swan,swan_sf,1103,completed,experiments/runs/fm_grasp_protocol_v3/jobs/grasp_protocol_v3__tau_0__swan__swan_sf__seed1103/result.json,5a942a3602207aba8f4e311e2080199f5d6a09b2dadb0e565f1c578520193248,data_audit.train_only_scaler.median[19],0.0024643825097276
grasp_protocol_v3__tau_0__swan__swan_sf__seed1103,tau_0,swan,swan_sf,1103,completed,experiments/runs/fm_grasp_protocol_v3/jobs/grasp_protocol_v3__tau_0__swan__swan_sf__seed1103/result.json,5a942a3602207aba8f4e311e2080199f5d6a09b2dadb0e565f1c578520193248,data_audit.train_only_scaler.median[20],-1.7582466676047812e+22
grasp_protocol_v3__tau_0__swan__swan_sf__seed1103,tau_0,swan,swan_sf,1103,completed,experiments/runs/fm_grasp_protocol_v3/jobs/grasp_protocol_v3__tau_0__swan__swan_sf__seed1103/result.json,5a942a3602207aba8f4e311e2080199f5d6a09b2dadb0e565f1c578520193248,data_audit.train_only_scaler.median[21],0.0248835927535584
grasp_protocol_v3__tau_0__swan__swan_sf__seed1103,tau_0,swan,swan_sf,1103,completed,experiments/runs/fm_grasp_protocol_v3/jobs/grasp_protocol_v3__tau_0__swan__swan_sf__seed1103/result.json,5a942a3602207aba8f4e311e2080199f5d6a09b2dadb0e565f1c578520193248,data_audit.train_only_scaler.median[22],0.0411580664279638
grasp_protocol_v3__tau_0__swan__swan_sf__seed1103,tau_0,swan,swan_sf,1103,completed,experiments/runs/fm_grasp_protocol_v3/jobs/grasp_protocol_v3__tau_0__swan__swan_sf__seed1103/result.json,5a942a3602207aba8f4e311e2080199f5d6a09b2dadb0e565f1c578520193248,data_audit.train_only_scaler.median[23],0.0
grasp_protocol_v3__tau_0__swan__swan_sf__seed1103,tau_0,swan,swan_sf,1103,completed,experiments/runs/fm_grasp_protocol_v3/jobs/grasp_protocol_v3__tau_0__swan__swan_sf__seed1103/result.json,5a942a3602207aba8f4e311e2080199f5d6a09b2dadb0e565f1c578520193248,data_audit.train_only_scaler.median[24],223.862839
grasp_protocol_v3__tau_0__swan__swan_sf__seed1103,tau_0,swan,swan_sf,1103,completed,experiments/runs/fm_grasp_protocol_v3/jobs/grasp_protocol_v3__tau_0__swan__swan_sf__seed1103/result.json,5a942a3602207aba8f4e311e2080199f5d6a09b2dadb0e565f1c578520193248,data_audit.train_only_scaler.median[25],263.178192
grasp_protocol_v3__tau_0__swan__swan_sf__seed1103,tau_0,swan,swan_sf,1103,completed,experiments/runs/fm_grasp_protocol_v3/jobs/grasp_protocol_v3__tau_0__swan__swan_sf__seed1103/result.json,5a942a3602207aba8f4e311e2080199f5d6a09b2dadb0e565f1c578520193248,data_audit.train_only_scaler.median[26],3.667938
grasp_protocol_v3__tau_0__swan__swan_sf__seed1103,tau_0,swan,swan_sf,1103,completed,experiments/runs/fm_grasp_protocol_v3/jobs/grasp_protocol_v3__tau_0__swan__swan_sf__seed1103/result.json,5a942a3602207aba8f4e311e2080199f5d6a09b2dadb0e565f1c578520193248,data_audit.train_only_scaler.median[27],-2.074256
grasp_protocol_v3__tau_0__swan__swan_sf__seed1103,tau_0,swan,swan_sf,1103,completed,experiments/runs/fm_grasp_protocol_v3/jobs/grasp_protocol_v3__tau_0__swan__swan_sf__seed1103/result.json,5a942a3602207aba8f4e311e2080199f5d6a09b2dadb0e565f1c578520193248,data_audit.train_only_scaler.median[28],6.692411
grasp_protocol_v3__tau_0__swan__swan_sf__seed1103,tau_0,swan,swan_sf,1103,completed,experiments/runs/fm_grasp_protocol_v3/jobs/grasp_protocol_v3__tau_0__swan__swan_sf__seed1103/result.json,5a942a3602207aba8f4e311e2080199f5d6a09b2dadb0e565f1c578520193248,data_audit.train_only_scaler.median[29],10.207301
grasp_protocol_v3__tau_0__swan__swan_sf__seed1103,tau_0,swan,swan_sf,1103,completed,experiments/runs/fm_grasp_protocol_v3/jobs/grasp_protocol_v3__tau_0__swan__swan_sf__seed1103/result.json,5a942a3602207aba8f4e311e2080199f5d6a09b2dadb0e565f1c578520193248,data_audit.train_only_scaler.median[30],0.0
grasp_protocol_v3__tau_0__swan__swan_sf__seed1103,tau_0,swan,swan_sf,1103,completed,experiments/runs/fm_grasp_protocol_v3/jobs/grasp_protocol_v3__tau_0__swan__swan_sf__seed1103/result.json,5a942a3602207aba8f4e311e2080199f5d6a09b2dadb0e565f1c578520193248,data_audit.train_only_scaler.median[31],1.0
grasp_protocol_v3__tau_0__swan__swan_sf__seed1103,tau_0,swan,swan_sf,1103,completed,experiments/runs/fm_grasp_protocol_v3/jobs/grasp_protocol_v3__tau_0__swan__swan_sf__seed1103/result.json,5a942a3602207aba8f4e311e2080199f5d6a09b2dadb0e565f1c578520193248,data_audit.train_only_scaler.median[32],0.0
grasp_protocol_v3__tau_0__swan__swan_sf__seed1103,tau_0,swan,swan_sf,1103,completed,experiments/runs/fm_grasp_protocol_v3/jobs/grasp_protocol_v3__tau_0__swan__swan_sf__seed1103/result.json,5a942a3602207aba8f4e311e2080199f5d6a09b2dadb0e565f1c578520193248,data_audit.train_only_scaler.median[33],0.0
grasp_protocol_v3__tau_0__swan__swan_sf__seed1103,tau_0,swan,swan_sf,1103,completed,experiments/runs/fm_grasp_protocol_v3/jobs/grasp_protocol_v3__tau_0__swan__swan_sf__seed1103/result.json,5a942a3602207aba8f4e311e2080199f5d6a09b2dadb0e565f1c578520193248,data_audit.train_only_scaler.median[34],0.0
grasp_protocol_v3__tau_0__swan__swan_sf__seed1103,tau_0,swan,swan_sf,1103,completed,experiments/runs/fm_grasp_protocol_v3/jobs/grasp_protocol_v3__tau_0__swan__swan_sf__seed1103/result.json,5a942a3602207aba8f4e311e2080199f5d6a09b2dadb0e565f1c578520193248,data_audit.train_only_scaler.median[35],0.0
grasp_protocol_v3__tau_0__swan__swan_sf__seed1103,tau_0,swan,swan_sf,1103,completed,experiments/runs/fm_grasp_protocol_v3/jobs/grasp_protocol_v3__tau_0__swan__swan_sf__seed1103/result.json,5a942a3602207aba8f4e311e2080199f5d6a09b2dadb0e565f1c578520193248,data_audit.train_only_scaler.median[36],1.23e-06
grasp_protocol_v3__tau_0__swan__swan_sf__seed1103,tau_0,swan,swan_sf,1103,completed,experiments/runs/fm_grasp_protocol_v3/jobs/grasp_protocol_v3__tau_0__swan__swan_sf__seed1103/result.json,5a942a3602207aba8f4e311e2080199f5d6a09b2dadb0e565f1c578520193248,data_audit.train_only_scaler.median[37],12.0
grasp_protocol_v3__tau_0__swan__swan_sf__seed1103,tau_0,swan,swan_sf,1103,completed,experiments/runs/fm_grasp_protocol_v3/jobs/grasp_protocol_v3__tau_0__swan__swan_sf__seed1103/result.json,5a942a3602207aba8f4e311e2080199f5d6a09b2dadb0e565f1c578520193248,data_audit.train_only_scaler.mean[0],305.1626169607622
grasp_protocol_v3__tau_0__swan__swan_sf__seed1103,tau_0,swan,swan_sf,1103,completed,experiments/runs/fm_grasp_protocol_v3/jobs/grasp_protocol_v3__tau_0__swan__swan_sf__seed1103/result.json,5a942a3602207aba8f4e311e2080199f5d6a09b2dadb0e565f1c578520193248,data_audit.train_only_scaler.mean[1],3891992090.7515807
grasp_protocol_v3__tau_0__swan__swan_sf__seed1103,tau_0,swan,swan_sf,1103,completed,experiments/runs/fm_grasp_protocol_v3/jobs/grasp_protocol_v3__tau_0__swan__swan_sf__seed1103/result.json,5a942a3602207aba8f4e311e2080199f5d6a09b2dadb0e565f1c578520193248,data_audit.train_only_scaler.mean[2],1.0852574129680566e+23
grasp_protocol_v3__tau_0__swan__swan_sf__seed1103,tau_0,swan,swan_sf,1103,completed,experiments/runs/fm_grasp_protocol_v3/jobs/grasp_protocol_v3__tau_0__swan__swan_sf__seed1103/result.json,5a942a3602207aba8f4e311e2080199f5d6a09b2dadb0e565f1c578520193248,data_audit.train_only_scaler.mean[3],6278208406547.6875
grasp_protocol_v3__tau_0__swan__swan_sf__seed1103,tau_0,swan,swan_sf,1103,completed,experiments/runs/fm_grasp_protocol_v3/jobs/grasp_protocol_v3__tau_0__swan__swan_sf__seed1103/result.json,5a942a3602207aba8f4e311e2080199f5d6a09b2dadb0e565f1c578520193248,data_audit.train_only_scaler.mean[4],41.4241013709116
grasp_protocol_v3__tau_0__swan__swan_sf__seed1103,tau_0,swan,swan_sf,1103,completed,experiments/runs/fm_grasp_protocol_v3/jobs/grasp_protocol_v3__tau_0__swan__swan_sf__seed1103/result.json,5a942a3602207aba8f4e311e2080199f5d6a09b2dadb0e565f1c578520193248,data_audit.train_only_scaler.mean[5],2144531812602.708
grasp_protocol_v3__tau_0__swan__swan_sf__seed1103,tau_0,swan,swan_sf,1103,completed,experiments/runs/fm_grasp_protocol_v3/jobs/grasp_protocol_v3__tau_0__swan__swan_sf__seed1103/result.json,5a942a3602207aba8f4e311e2080199f5d6a09b2dadb0e565f1c578520193248,data_audit.train_only_scaler.mean[6],4.5793002135186697e+21
grasp_protocol_v3__tau_0__swan__swan_sf__seed1103,tau_0,swan,swan_sf,1103,completed,experiments/runs/fm_grasp_protocol_v3/jobs/grasp_protocol_v3__tau_0__swan__swan_sf__seed1103/result.json,5a942a3602207aba8f4e311e2080199f5d6a09b2dadb0e565f1c578520193248,data_audit.train_only_scaler.mean[7],-1.8388628813093173e+24
grasp_protocol_v3__tau_0__swan__swan_sf__seed1103,tau_0,swan,swan_sf,1103,completed,experiments/runs/fm_grasp_protocol_v3/jobs/grasp_protocol_v3__tau_0__swan__swan_sf__seed1103/result.json,5a942a3602207aba8f4e311e2080199f5d6a09b2dadb0e565f1c578520193248,data_audit.train_only_scaler.mean[8],436248.2433815505
grasp_protocol_v3__tau_0__swan__swan_sf__seed1103,tau_0,swan,swan_sf,1103,completed,experiments/runs/fm_grasp_protocol_v3/jobs/grasp_protocol_v3__tau_0__swan__swan_sf__seed1103/result.json,5a942a3602207aba8f4e311e2080199f5d6a09b2dadb0e565f1c578520193248,data_audit.train_only_scaler.mean[9],-0.5304256504971101
grasp_protocol_v3__tau_0__swan__swan_sf__seed1103,tau_0,swan,swan_sf,1103,completed,experiments/runs/fm_grasp_protocol_v3/jobs/grasp_protocol_v3__tau_0__swan__swan_sf__seed1103/result.json,5a942a3602207aba8f4e311e2080199f5d6a09b2dadb0e565f1c578520193248,data_audit.train_only_scaler.mean[10],26.18927621491827
grasp_protocol_v3__tau_0__swan__swan_sf__seed1103,tau_0,swan,swan_sf,1103,completed,experiments/runs/fm_grasp_protocol_v3/jobs/grasp_protocol_v3__tau_0__swan__swan_sf__seed1103/result.json,5a942a3602207aba8f4e311e2080199f5d6a09b2dadb0e565f1c578520193248,data_audit.train_only_scaler.mean[11],11.104307795097283
grasp_protocol_v3__tau_0__swan__swan_sf__seed1103,tau_0,swan,swan_sf,1103,completed,experiments/runs/fm_grasp_protocol_v3/jobs/grasp_protocol_v3__tau_0__swan__swan_sf__seed1103/result.json,5a942a3602207aba8f4e311e2080199f5d6a09b2dadb0e565f1c578520193248,data_audit.train_only_scaler.mean[12],34.1471406854236
grasp_protocol_v3__tau_0__swan__swan_sf__seed1103,tau_0,swan,swan_sf,1103,completed,experiments/runs/fm_grasp_protocol_v3/jobs/grasp_protocol_v3__tau_0__swan__swan_sf__seed1103/result.json,5a942a3602207aba8f4e311e2080199f5d6a09b2dadb0e565f1c578520193248,data_audit.train_only_scaler.mean[13],121.46471916884391
grasp_protocol_v3__tau_0__swan__swan_sf__seed1103,tau_0,swan,swan_sf,1103,completed,experiments/runs/fm_grasp_protocol_v3/jobs/grasp_protocol_v3__tau_0__swan__swan_sf__seed1103/result.json,5a942a3602207aba8f4e311e2080199f5d6a09b2dadb0e565f1c578520193248,data_audit.train_only_scaler.mean[14],122.77046639364936
grasp_protocol_v3__tau_0__swan__swan_sf__seed1103,tau_0,swan,swan_sf,1103,completed,experiments/runs/fm_grasp_protocol_v3/jobs/grasp_protocol_v3__tau_0__swan__swan_sf__seed1103/result.json,5a942a3602207aba8f4e311e2080199f5d6a09b2dadb0e565f1c578520193248,data_audit.train_only_scaler.mean[15],54.72076190157697
grasp_protocol_v3__tau_0__swan__swan_sf__seed1103,tau_0,swan,swan_sf,1103,completed,experiments/runs/fm_grasp_protocol_v3/jobs/grasp_protocol_v3__tau_0__swan__swan_sf__seed1103/result.json,5a942a3602207aba8f4e311e2080199f5d6a09b2dadb0e565f1c578520193248,data_audit.train_only_scaler.mean[16],0.0004028268090018369
grasp_protocol_v3__tau_0__swan__swan_sf__seed1103,tau_0,swan,swan_sf,1103,completed,experiments/runs/fm_grasp_protocol_v3/jobs/grasp_protocol_v3__tau_0__swan__swan_sf__seed1103/result.json,5a942a3602207aba8f4e311e2080199f5d6a09b2dadb0e565f1c578520193248,data_audit.train_only_scaler.mean[17],-1.085305984839892e+23
grasp_protocol_v3__tau_0__swan__swan_sf__seed1103,tau_0,swan,swan_sf,1103,completed,experiments/runs/fm_grasp_protocol_v3/jobs/grasp_protocol_v3__tau_0__swan__swan_sf__seed1103/result.json,5a942a3602207aba8f4e311e2080199f5d6a09b2dadb0e565f1c578520193248,data_audit.train_only_scaler.mean[18],0.3314377587114313
grasp_protocol_v3__tau_0__swan__swan_sf__seed1103,tau_0,swan,swan_sf,1103,completed,experiments/runs/fm_grasp_protocol_v3/jobs/grasp_protocol_v3__tau_0__swan__swan_sf__seed1103/result.json,5a942a3602207aba8f4e311e2080199f5d6a09b2dadb0e565f1c578520193248,data_audit.train_only_scaler.mean[19],0.0017608309675426538
grasp_protocol_v3__tau_0__swan__swan_sf__seed1103,tau_0,swan,swan_sf,1103,completed,experiments/runs/fm_grasp_protocol_v3/jobs/grasp_protocol_v3__tau_0__swan__swan_sf__seed1103/result.json,5a942a3602207aba8f4e311e2080199f5d6a09b2dadb0e565f1c578520193248,data_audit.train_only_scaler.mean[20],-6.4804778061874636e+22
grasp_protocol_v3__tau_0__swan__swan_sf__seed1103,tau_0,swan,swan_sf,1103,completed,experiments/runs/fm_grasp_protocol_v3/jobs/grasp_protocol_v3__tau_0__swan__swan_sf__seed1103/result.json,5a942a3602207aba8f4e311e2080199f5d6a09b2dadb0e565f1c578520193248,data_audit.train_only_scaler.mean[21],0.012395267187078311
grasp_protocol_v3__tau_0__swan__swan_sf__seed1103,tau_0,swan,swan_sf,1103,completed,experiments/runs/fm_grasp_protocol_v3/jobs/grasp_protocol_v3__tau_0__swan__swan_sf__seed1103/result.json,5a942a3602207aba8f4e311e2080199f5d6a09b2dadb0e565f1c578520193248,data_audit.train_only_scaler.mean[22],0.018506858863011996
grasp_protocol_v3__tau_0__swan__swan_sf__seed1103,tau_0,swan,swan_sf,1103,completed,experiments/runs/fm_grasp_protocol_v3/jobs/grasp_protocol_v3__tau_0__swan__swan_sf__seed1103/result.json,5a942a3602207aba8f4e311e2080199f5d6a09b2dadb0e565f1c578520193248,data_audit.train_only_scaler.mean[23],1.418514473790745
grasp_protocol_v3__tau_0__swan__swan_sf__seed1103,tau_0,swan,swan_sf,1103,completed,experiments/runs/fm_grasp_protocol_v3/jobs/grasp_protocol_v3__tau_0__swan__swan_sf__seed1103/result.json,5a942a3602207aba8f4e311e2080199f5d6a09b2dadb0e565f1c578520193248,data_audit.train_only_scaler.mean[24],201.065698432738
grasp_protocol_v3__tau_0__swan__swan_sf__seed1103,tau_0,swan,swan_sf,1103,completed,experiments/runs/fm_grasp_protocol_v3/jobs/grasp_protocol_v3__tau_0__swan__swan_sf__seed1103/result.json,5a942a3602207aba8f4e311e2080199f5d6a09b2dadb0e565f1c578520193248,data_audit.train_only_scaler.mean[25],198.70728841208506
grasp_protocol_v3__tau_0__swan__swan_sf__seed1103,tau_0,swan,swan_sf,1103,completed,experiments/runs/fm_grasp_protocol_v3/jobs/grasp_protocol_v3__tau_0__swan__swan_sf__seed1103/result.json,5a942a3602207aba8f4e311e2080199f5d6a09b2dadb0e565f1c578520193248,data_audit.train_only_scaler.mean[26],-0.722098970705977
grasp_protocol_v3__tau_0__swan__swan_sf__seed1103,tau_0,swan,swan_sf,1103,completed,experiments/runs/fm_grasp_protocol_v3/jobs/grasp_protocol_v3__tau_0__swan__swan_sf__seed1103/result.json,5a942a3602207aba8f4e311e2080199f5d6a09b2dadb0e565f1c578520193248,data_audit.train_only_scaler.mean[27],-3.9825264890385723
grasp_protocol_v3__tau_0__swan__swan_sf__seed1103,tau_0,swan,swan_sf,1103,completed,experiments/runs/fm_grasp_protocol_v3/jobs/grasp_protocol_v3__tau_0__swan__swan_sf__seed1103/result.json,5a942a3602207aba8f4e311e2080199f5d6a09b2dadb0e565f1c578520193248,data_audit.train_only_scaler.mean[28],4.580065097159533
grasp_protocol_v3__tau_0__swan__swan_sf__seed1103,tau_0,swan,swan_sf,1103,completed,experiments/runs/fm_grasp_protocol_v3/jobs/grasp_protocol_v3__tau_0__swan__swan_sf__seed1103/result.json,5a942a3602207aba8f4e311e2080199f5d6a09b2dadb0e565f1c578520193248,data_audit.train_only_scaler.mean[29],7.682772539747129
grasp_protocol_v3__tau_0__swan__swan_sf__seed1103,tau_0,swan,swan_sf,1103,completed,experiments/runs/fm_grasp_protocol_v3/jobs/grasp_protocol_v3__tau_0__swan__swan_sf__seed1103/result.json,5a942a3602207aba8f4e311e2080199f5d6a09b2dadb0e565f1c578520193248,data_audit.train_only_scaler.mean[30],2556.974264472263
grasp_protocol_v3__tau_0__swan__swan_sf__seed1103,tau_0,swan,swan_sf,1103,completed,experiments/runs/fm_grasp_protocol_v3/jobs/grasp_protocol_v3__tau_0__swan__swan_sf__seed1103/result.json,5a942a3602207aba8f4e311e2080199f5d6a09b2dadb0e565f1c578520193248,data_audit.train_only_scaler.mean[31],0.9601575903920696
grasp_protocol_v3__tau_0__swan__swan_sf__seed1103,tau_0,swan,swan_sf,1103,completed,experiments/runs/fm_grasp_protocol_v3/jobs/grasp_protocol_v3__tau_0__swan__swan_sf__seed1103/result.json,5a942a3602207aba8f4e311e2080199f5d6a09b2dadb0e565f1c578520193248,data_audit.train_only_scaler.mean[32],0.0
grasp_protocol_v3__tau_0__swan__swan_sf__seed1103,tau_0,swan,swan_sf,1103,completed,experiments/runs/fm_grasp_protocol_v3/jobs/grasp_protocol_v3__tau_0__swan__swan_sf__seed1103/result.json,5a942a3602207aba8f4e311e2080199f5d6a09b2dadb0e565f1c578520193248,data_audit.train_only_scaler.mean[33],0.001143801232763551
grasp_protocol_v3__tau_0__swan__swan_sf__seed1103,tau_0,swan,swan_sf,1103,completed,experiments/runs/fm_grasp_protocol_v3/jobs/grasp_protocol_v3__tau_0__swan__swan_sf__seed1103/result.json,5a942a3602207aba8f4e311e2080199f5d6a09b2dadb0e565f1c578520193248,data_audit.train_only_scaler.mean[34],0.0005719006163817755
grasp_protocol_v3__tau_0__swan__swan_sf__seed1103,tau_0,swan,swan_sf,1103,completed,experiments/runs/fm_grasp_protocol_v3/jobs/grasp_protocol_v3__tau_0__swan__swan_sf__seed1103/result.json,5a942a3602207aba8f4e311e2080199f5d6a09b2dadb0e565f1c578520193248,data_audit.train_only_scaler.mean[35],0.0
grasp_protocol_v3__tau_0__swan__swan_sf__seed1103,tau_0,swan,swan_sf,1103,completed,experiments/runs/fm_grasp_protocol_v3/jobs/grasp_protocol_v3__tau_0__swan__swan_sf__seed1103/result.json,5a942a3602207aba8f4e311e2080199f5d6a09b2dadb0e565f1c578520193248,data_audit.train_only_scaler.mean[36],-235.11234360995348
grasp_protocol_v3__tau_0__swan__swan_sf__seed1103,tau_0,swan,swan_sf,1103,completed,experiments/runs/fm_grasp_protocol_v3/jobs/grasp_protocol_v3__tau_0__swan__swan_sf__seed1103/result.json,5a942a3602207aba8f4e311e2080199f5d6a09b2dadb0e565f1c578520193248,data_audit.train_only_scaler.mean[37],11.944843362775625
grasp_protocol_v3__tau_0__swan__swan_sf__seed1103,tau_0,swan,swan_sf,1103,completed,experiments/runs/fm_grasp_protocol_v3/jobs/grasp_protocol_v3__tau_0__swan__swan_sf__seed1103/result.json,5a942a3602207aba8f4e311e2080199f5d6a09b2dadb0e565f1c578520193248,data_audit.train_only_scaler.scale[0],521.570342257543
grasp_protocol_v3__tau_0__swan__swan_sf__seed1103,tau_0,swan,swan_sf,1103,completed,experiments/runs/fm_grasp_protocol_v3/jobs/grasp_protocol_v3__tau_0__swan__swan_sf__seed1103/result.json,5a942a3602207aba8f4e311e2080199f5d6a09b2dadb0e565f1c578520193248,data_audit.train_only_scaler.scale[1],8127773323.662388
grasp_protocol_v3__tau_0__swan__swan_sf__seed1103,tau_0,swan,swan_sf,1103,completed,experiments/runs/fm_grasp_protocol_v3/jobs/grasp_protocol_v3__tau_0__swan__swan_sf__seed1103/result.json,5a942a3602207aba8f4e311e2080199f5d6a09b2dadb0e565f1c578520193248,data_audit.train_only_scaler.scale[2],1.6057244166730386e+24
grasp_protocol_v3__tau_0__swan__swan_sf__seed1103,tau_0,swan,swan_sf,1103,completed,experiments/runs/fm_grasp_protocol_v3/jobs/grasp_protocol_v3__tau_0__swan__swan_sf__seed1103/result.json,5a942a3602207aba8f4e311e2080199f5d6a09b2dadb0e565f1c578520193248,data_audit.train_only_scaler.scale[3],10484165665143.857
grasp_protocol_v3__tau_0__swan__swan_sf__seed1103,tau_0,swan,swan_sf,1103,completed,experiments/runs/fm_grasp_protocol_v3/jobs/grasp_protocol_v3__tau_0__swan__swan_sf__seed1103/result.json,5a942a3602207aba8f4e311e2080199f5d6a09b2dadb0e565f1c578520193248,data_audit.train_only_scaler.scale[4],112.13325347975933
grasp_protocol_v3__tau_0__swan__swan_sf__seed1103,tau_0,swan,swan_sf,1103,completed,experiments/runs/fm_grasp_protocol_v3/jobs/grasp_protocol_v3__tau_0__swan__swan_sf__seed1103/result.json,5a942a3602207aba8f4e311e2080199f5d6a09b2dadb0e565f1c578520193248,data_audit.train_only_scaler.scale[5],4786566349698.902
grasp_protocol_v3__tau_0__swan__swan_sf__seed1103,tau_0,swan,swan_sf,1103,completed,experiments/runs/fm_grasp_protocol_v3/jobs/grasp_protocol_v3__tau_0__swan__swan_sf__seed1103/result.json,5a942a3602207aba8f4e311e2080199f5d6a09b2dadb0e565f1c578520193248,data_audit.train_only_scaler.scale[6],8.160999960406271e+21
grasp_protocol_v3__tau_0__swan__swan_sf__seed1103,tau_0,swan,swan_sf,1103,completed,experiments/runs/fm_grasp_protocol_v3/jobs/grasp_protocol_v3__tau_0__swan__swan_sf__seed1103/result.json,5a942a3602207aba8f4e311e2080199f5d6a09b2dadb0e565f1c578520193248,data_audit.train_only_scaler.scale[7],3.2446255976209476e+24
grasp_protocol_v3__tau_0__swan__swan_sf__seed1103,tau_0,swan,swan_sf,1103,completed,experiments/runs/fm_grasp_protocol_v3/jobs/grasp_protocol_v3__tau_0__swan__swan_sf__seed1103/result.json,5a942a3602207aba8f4e311e2080199f5d6a09b2dadb0e565f1c578520193248,data_audit.train_only_scaler.scale[8],12700705.083050588
grasp_protocol_v3__tau_0__swan__swan_sf__seed1103,tau_0,swan,swan_sf,1103,completed,experiments/runs/fm_grasp_protocol_v3/jobs/grasp_protocol_v3__tau_0__swan__swan_sf__seed1103/result.json,5a942a3602207aba8f4e311e2080199f5d6a09b2dadb0e565f1c578520193248,data_audit.train_only_scaler.scale[9],0.15764267201891288
grasp_protocol_v3__tau_0__swan__swan_sf__seed1103,tau_0,swan,swan_sf,1103,completed,experiments/runs/fm_grasp_protocol_v3/jobs/grasp_protocol_v3__tau_0__swan__swan_sf__seed1103/result.json,5a942a3602207aba8f4e311e2080199f5d6a09b2dadb0e565f1c578520193248,data_audit.train_only_scaler.scale[10],7.998840992094515
grasp_protocol_v3__tau_0__swan__swan_sf__seed1103,tau_0,swan,swan_sf,1103,completed,experiments/runs/fm_grasp_protocol_v3/jobs/grasp_protocol_v3__tau_0__swan__swan_sf__seed1103/result.json,5a942a3602207aba8f4e311e2080199f5d6a09b2dadb0e565f1c578520193248,data_audit.train_only_scaler.scale[11],14.517086710445161
grasp_protocol_v3__tau_0__swan__swan_sf__seed1103,tau_0,swan,swan_sf,1103,completed,experiments/runs/fm_grasp_protocol_v3/jobs/grasp_protocol_v3__tau_0__swan__swan_sf__seed1103/result.json,5a942a3602207aba8f4e311e2080199f5d6a09b2dadb0e565f1c578520193248,data_audit.train_only_scaler.scale[12],9.164958630701037
grasp_protocol_v3__tau_0__swan__swan_sf__seed1103,tau_0,swan,swan_sf,1103,completed,experiments/runs/fm_grasp_protocol_v3/jobs/grasp_protocol_v3__tau_0__swan__swan_sf__seed1103/result.json,5a942a3602207aba8f4e311e2080199f5d6a09b2dadb0e565f1c578520193248,data_audit.train_only_scaler.scale[13],22.663966001612895
grasp_protocol_v3__tau_0__swan__swan_sf__seed1103,tau_0,swan,swan_sf,1103,completed,experiments/runs/fm_grasp_protocol_v3/jobs/grasp_protocol_v3__tau_0__swan__swan_sf__seed1103/result.json,5a942a3602207aba8f4e311e2080199f5d6a09b2dadb0e565f1c578520193248,data_audit.train_only_scaler.scale[14],22.83698851922826
grasp_protocol_v3__tau_0__swan__swan_sf__seed1103,tau_0,swan,swan_sf,1103,completed,experiments/runs/fm_grasp_protocol_v3/jobs/grasp_protocol_v3__tau_0__swan__swan_sf__seed1103/result.json,5a942a3602207aba8f4e311e2080199f5d6a09b2dadb0e565f1c578520193248,data_audit.train_only_scaler.scale[15],14.49123627720488
grasp_protocol_v3__tau_0__swan__swan_sf__seed1103,tau_0,swan,swan_sf,1103,completed,experiments/runs/fm_grasp_protocol_v3/jobs/grasp_protocol_v3__tau_0__swan__swan_sf__seed1103/result.json,5a942a3602207aba8f4e311e2080199f5d6a09b2dadb0e565f1c578520193248,data_audit.train_only_scaler.scale[16],0.007446704694027152
grasp_protocol_v3__tau_0__swan__swan_sf__seed1103,tau_0,swan,swan_sf,1103,completed,experiments/runs/fm_grasp_protocol_v3/jobs/grasp_protocol_v3__tau_0__swan__swan_sf__seed1103/result.json,5a942a3602207aba8f4e311e2080199f5d6a09b2dadb0e565f1c578520193248,data_audit.train_only_scaler.scale[17],5.067548212998718e+23
grasp_protocol_v3__tau_0__swan__swan_sf__seed1103,tau_0,swan,swan_sf,1103,completed,experiments/runs/fm_grasp_protocol_v3/jobs/grasp_protocol_v3__tau_0__swan__swan_sf__seed1103/result.json,5a942a3602207aba8f4e311e2080199f5d6a09b2dadb0e565f1c578520193248,data_audit.train_only_scaler.scale[18],0.7491082918156635
grasp_protocol_v3__tau_0__swan__swan_sf__seed1103,tau_0,swan,swan_sf,1103,completed,experiments/runs/fm_grasp_protocol_v3/jobs/grasp_protocol_v3__tau_0__swan__swan_sf__seed1103/result.json,5a942a3602207aba8f4e311e2080199f5d6a09b2dadb0e565f1c578520193248,data_audit.train_only_scaler.scale[19],0.02580423934918983
grasp_protocol_v3__tau_0__swan__swan_sf__seed1103,tau_0,swan,swan_sf,1103,completed,experiments/runs/fm_grasp_protocol_v3/jobs/grasp_protocol_v3__tau_0__swan__swan_sf__seed1103/result.json,5a942a3602207aba8f4e311e2080199f5d6a09b2dadb0e565f1c578520193248,data_audit.train_only_scaler.scale[20],1.1825085057623071e+24
grasp_protocol_v3__tau_0__swan__swan_sf__seed1103,tau_0,swan,swan_sf,1103,completed,experiments/runs/fm_grasp_protocol_v3/jobs/grasp_protocol_v3__tau_0__swan__swan_sf__seed1103/result.json,5a942a3602207aba8f4e311e2080199f5d6a09b2dadb0e565f1c578520193248,data_audit.train_only_scaler.scale[21],0.13926497457575512
grasp_protocol_v3__tau_0__swan__swan_sf__seed1103,tau_0,swan,swan_sf,1103,completed,experiments/runs/fm_grasp_protocol_v3/jobs/grasp_protocol_v3__tau_0__swan__swan_sf__seed1103/result.json,5a942a3602207aba8f4e311e2080199f5d6a09b2dadb0e565f1c578520193248,data_audit.train_only_scaler.scale[22],0.18539980134319797
grasp_protocol_v3__tau_0__swan__swan_sf__seed1103,tau_0,swan,swan_sf,1103,completed,experiments/runs/fm_grasp_protocol_v3/jobs/grasp_protocol_v3__tau_0__swan__swan_sf__seed1103/result.json,5a942a3602207aba8f4e311e2080199f5d6a09b2dadb0e565f1c578520193248,data_audit.train_only_scaler.scale[23],1.712261267510182
grasp_protocol_v3__tau_0__swan__swan_sf__seed1103,tau_0,swan,swan_sf,1103,completed,experiments/runs/fm_grasp_protocol_v3/jobs/grasp_protocol_v3__tau_0__swan__swan_sf__seed1103/result.json,5a942a3602207aba8f4e311e2080199f5d6a09b2dadb0e565f1c578520193248,data_audit.train_only_scaler.scale[24],122.48048173928221
grasp_protocol_v3__tau_0__swan__swan_sf__seed1103,tau_0,swan,swan_sf,1103,completed,experiments/runs/fm_grasp_protocol_v3/jobs/grasp_protocol_v3__tau_0__swan__swan_sf__seed1103/result.json,5a942a3602207aba8f4e311e2080199f5d6a09b2dadb0e565f1c578520193248,data_audit.train_only_scaler.scale[25],118.53868905344714
grasp_protocol_v3__tau_0__swan__swan_sf__seed1103,tau_0,swan,swan_sf,1103,completed,experiments/runs/fm_grasp_protocol_v3/jobs/grasp_protocol_v3__tau_0__swan__swan_sf__seed1103/result.json,5a942a3602207aba8f4e311e2080199f5d6a09b2dadb0e565f1c578520193248,data_audit.train_only_scaler.scale[26],15.8413429430375
grasp_protocol_v3__tau_0__swan__swan_sf__seed1103,tau_0,swan,swan_sf,1103,completed,experiments/runs/fm_grasp_protocol_v3/jobs/grasp_protocol_v3__tau_0__swan__swan_sf__seed1103/result.json,5a942a3602207aba8f4e311e2080199f5d6a09b2dadb0e565f1c578520193248,data_audit.train_only_scaler.scale[27],33.25478901460059
grasp_protocol_v3__tau_0__swan__swan_sf__seed1103,tau_0,swan,swan_sf,1103,completed,experiments/runs/fm_grasp_protocol_v3/jobs/grasp_protocol_v3__tau_0__swan__swan_sf__seed1103/result.json,5a942a3602207aba8f4e311e2080199f5d6a09b2dadb0e565f1c578520193248,data_audit.train_only_scaler.scale[28],16.466208780244486
grasp_protocol_v3__tau_0__swan__swan_sf__seed1103,tau_0,swan,swan_sf,1103,completed,experiments/runs/fm_grasp_protocol_v3/jobs/grasp_protocol_v3__tau_0__swan__swan_sf__seed1103/result.json,5a942a3602207aba8f4e311e2080199f5d6a09b2dadb0e565f1c578520193248,data_audit.train_only_scaler.scale[29],33.90595903667634
grasp_protocol_v3__tau_0__swan__swan_sf__seed1103,tau_0,swan,swan_sf,1103,completed,experiments/runs/fm_grasp_protocol_v3/jobs/grasp_protocol_v3__tau_0__swan__swan_sf__seed1103/result.json,5a942a3602207aba8f4e311e2080199f5d6a09b2dadb0e565f1c578520193248,data_audit.train_only_scaler.scale[30],12719.09410671598
grasp_protocol_v3__tau_0__swan__swan_sf__seed1103,tau_0,swan,swan_sf,1103,completed,experiments/runs/fm_grasp_protocol_v3/jobs/grasp_protocol_v3__tau_0__swan__swan_sf__seed1103/result.json,5a942a3602207aba8f4e311e2080199f5d6a09b2dadb0e565f1c578520193248,data_audit.train_only_scaler.scale[31],0.19558883404879554
grasp_protocol_v3__tau_0__swan__swan_sf__seed1103,tau_0,swan,swan_sf,1103,completed,experiments/runs/fm_grasp_protocol_v3/jobs/grasp_protocol_v3__tau_0__swan__swan_sf__seed1103/result.json,5a942a3602207aba8f4e311e2080199f5d6a09b2dadb0e565f1c578520193248,data_audit.train_only_scaler.scale[32],1.0
grasp_protocol_v3__tau_0__swan__swan_sf__seed1103,tau_0,swan,swan_sf,1103,completed,experiments/runs/fm_grasp_protocol_v3/jobs/grasp_protocol_v3__tau_0__swan__swan_sf__seed1103/result.json,5a942a3602207aba8f4e311e2080199f5d6a09b2dadb0e565f1c578520193248,data_audit.train_only_scaler.scale[33],0.03380078329718015
grasp_protocol_v3__tau_0__swan__swan_sf__seed1103,tau_0,swan,swan_sf,1103,completed,experiments/runs/fm_grasp_protocol_v3/jobs/grasp_protocol_v3__tau_0__swan__swan_sf__seed1103/result.json,5a942a3602207aba8f4e311e2080199f5d6a09b2dadb0e565f1c578520193248,data_audit.train_only_scaler.scale[34],0.02390760435650135
grasp_protocol_v3__tau_0__swan__swan_sf__seed1103,tau_0,swan,swan_sf,1103,completed,experiments/runs/fm_grasp_protocol_v3/jobs/grasp_protocol_v3__tau_0__swan__swan_sf__seed1103/result.json,5a942a3602207aba8f4e311e2080199f5d6a09b2dadb0e565f1c578520193248,data_audit.train_only_scaler.scale[35],1.0
grasp_protocol_v3__tau_0__swan__swan_sf__seed1103,tau_0,swan,swan_sf,1103,completed,experiments/runs/fm_grasp_protocol_v3/jobs/grasp_protocol_v3__tau_0__swan__swan_sf__seed1103/result.json,5a942a3602207aba8f4e311e2080199f5d6a09b2dadb0e565f1c578520193248,data_audit.train_only_scaler.scale[36],4843.110750687241
grasp_protocol_v3__tau_0__swan__swan_sf__seed1103,tau_0,swan,swan_sf,1103,completed,experiments/runs/fm_grasp_protocol_v3/jobs/grasp_protocol_v3__tau_0__swan__swan_sf__seed1103/result.json,5a942a3602207aba8f4e311e2080199f5d6a09b2dadb0e565f1c578520193248,data_audit.train_only_scaler.scale[37],0.7110330701676929
grasp_protocol_v3__tau_0__swan__swan_sf__seed1103,tau_0,swan,swan_sf,1103,completed,experiments/runs/fm_grasp_protocol_v3/jobs/grasp_protocol_v3__tau_0__swan__swan_sf__seed1103/result.json,5a942a3602207aba8f4e311e2080199f5d6a09b2dadb0e565f1c578520193248,data_audit.train_only_scaler.constant_channels[0],32
grasp_protocol_v3__tau_0__swan__swan_sf__seed1103,tau_0,swan,swan_sf,1103,completed,experiments/runs/fm_grasp_protocol_v3/jobs/grasp_protocol_v3__tau_0__swan__swan_sf__seed1103/result.json,5a942a3602207aba8f4e311e2080199f5d6a09b2dadb0e565f1c578520193248,data_audit.train_only_scaler.constant_channels[1],35
grasp_protocol_v3__tau_0__swan__swan_sf__seed1103,tau_0,swan,swan_sf,1103,completed,experiments/runs/fm_grasp_protocol_v3/jobs/grasp_protocol_v3__tau_0__swan__swan_sf__seed1103/result.json,5a942a3602207aba8f4e311e2080199f5d6a09b2dadb0e565f1c578520193248,data_audit.train_only_scaler.repairs[0],0
grasp_protocol_v3__tau_0__swan__swan_sf__seed1103,tau_0,swan,swan_sf,1103,completed,experiments/runs/fm_grasp_protocol_v3/jobs/grasp_protocol_v3__tau_0__swan__swan_sf__seed1103/result.json,5a942a3602207aba8f4e311e2080199f5d6a09b2dadb0e565f1c578520193248,data_audit.train_only_scaler.repairs[1],0
grasp_protocol_v3__tau_0p5__swan__swan_sf__seed1103,tau_0p5,swan,swan_sf,1103,completed,experiments/runs/fm_grasp_protocol_v3/jobs/grasp_protocol_v3__tau_0p5__swan__swan_sf__seed1103/result.json,a4a1a61967f8dd102f8244b20bd3c60b56a2ac4175c6682adc4270dc6d6f8873,job.seed,1103
grasp_protocol_v3__tau_0p5__swan__swan_sf__seed1103,tau_0p5,swan,swan_sf,1103,completed,experiments/runs/fm_grasp_protocol_v3/jobs/grasp_protocol_v3__tau_0p5__swan__swan_sf__seed1103/result.json,a4a1a61967f8dd102f8244b20bd3c60b56a2ac4175c6682adc4270dc6d6f8873,job.expected_optimizer_updates,93000
grasp_protocol_v3__tau_0p5__swan__swan_sf__seed1103,tau_0p5,swan,swan_sf,1103,completed,experiments/runs/fm_grasp_protocol_v3/jobs/grasp_protocol_v3__tau_0p5__swan__swan_sf__seed1103/result.json,a4a1a61967f8dd102f8244b20bd3c60b56a2ac4175c6682adc4270dc6d6f8873,job.test_points,72000
grasp_protocol_v3__tau_0p5__swan__swan_sf__seed1103,tau_0p5,swan,swan_sf,1103,completed,experiments/runs/fm_grasp_protocol_v3/jobs/grasp_protocol_v3__tau_0p5__swan__swan_sf__seed1103/result.json,a4a1a61967f8dd102f8244b20bd3c60b56a2ac4175c6682adc4270dc6d6f8873,job.validation_points,3935
grasp_protocol_v3__tau_0p5__swan__swan_sf__seed1103,tau_0p5,swan,swan_sf,1103,completed,experiments/runs/fm_grasp_protocol_v3/jobs/grasp_protocol_v3__tau_0p5__swan__swan_sf__seed1103/result.json,a4a1a61967f8dd102f8244b20bd3c60b56a2ac4175c6682adc4270dc6d6f8873,job.score_recipes[0].source_samples,5
grasp_protocol_v3__tau_0p5__swan__swan_sf__seed1103,tau_0p5,swan,swan_sf,1103,completed,experiments/runs/fm_grasp_protocol_v3/jobs/grasp_protocol_v3__tau_0p5__swan__swan_sf__seed1103/result.json,a4a1a61967f8dd102f8244b20bd3c60b56a2ac4175c6682adc4270dc6d6f8873,job.score_recipes[0].flow_evaluations,10
grasp_protocol_v3__tau_0p5__swan__swan_sf__seed1103,tau_0p5,swan,swan_sf,1103,completed,experiments/runs/fm_grasp_protocol_v3/jobs/grasp_protocol_v3__tau_0p5__swan__swan_sf__seed1103/result.json,a4a1a61967f8dd102f8244b20bd3c60b56a2ac4175c6682adc4270dc6d6f8873,epochs_completed,1500
grasp_protocol_v3__tau_0p5__swan__swan_sf__seed1103,tau_0p5,swan,swan_sf,1103,completed,experiments/runs/fm_grasp_protocol_v3/jobs/grasp_protocol_v3__tau_0p5__swan__swan_sf__seed1103/result.json,a4a1a61967f8dd102f8244b20bd3c60b56a2ac4175c6682adc4270dc6d6f8873,optimizer_updates,93000
grasp_protocol_v3__tau_0p5__swan__swan_sf__seed1103,tau_0p5,swan,swan_sf,1103,completed,experiments/runs/fm_grasp_protocol_v3/jobs/grasp_protocol_v3__tau_0p5__swan__swan_sf__seed1103/result.json,a4a1a61967f8dd102f8244b20bd3c60b56a2ac4175c6682adc4270dc6d6f8873,scored_points,72000
grasp_protocol_v3__tau_0p5__swan__swan_sf__seed1103,tau_0p5,swan,swan_sf,1103,completed,experiments/runs/fm_grasp_protocol_v3/jobs/grasp_protocol_v3__tau_0p5__swan__swan_sf__seed1103/result.json,a4a1a61967f8dd102f8244b20bd3c60b56a2ac4175c6682adc4270dc6d6f8873,validation_points,3935
grasp_protocol_v3__tau_0p5__swan__swan_sf__seed1103,tau_0p5,swan,swan_sf,1103,completed,experiments/runs/fm_grasp_protocol_v3/jobs/grasp_protocol_v3__tau_0p5__swan__swan_sf__seed1103/result.json,a4a1a61967f8dd102f8244b20bd3c60b56a2ac4175c6682adc4270dc6d6f8873,score_recipes[0].source_samples,5
grasp_protocol_v3__tau_0p5__swan__swan_sf__seed1103,tau_0p5,swan,swan_sf,1103,completed,experiments/runs/fm_grasp_protocol_v3/jobs/grasp_protocol_v3__tau_0p5__swan__swan_sf__seed1103/result.json,a4a1a61967f8dd102f8244b20bd3c60b56a2ac4175c6682adc4270dc6d6f8873,score_recipes[0].flow_evaluations,10
grasp_protocol_v3__tau_0p5__swan__swan_sf__seed1103,tau_0p5,swan,swan_sf,1103,completed,experiments/runs/fm_grasp_protocol_v3/jobs/grasp_protocol_v3__tau_0p5__swan__swan_sf__seed1103/result.json,a4a1a61967f8dd102f8244b20bd3c60b56a2ac4175c6682adc4270dc6d6f8873,parameter_count,69244
grasp_protocol_v3__tau_0p5__swan__swan_sf__seed1103,tau_0p5,swan,swan_sf,1103,completed,experiments/runs/fm_grasp_protocol_v3/jobs/grasp_protocol_v3__tau_0p5__swan__swan_sf__seed1103/result.json,a4a1a61967f8dd102f8244b20bd3c60b56a2ac4175c6682adc4270dc6d6f8873,training_seconds,682.046969899995
grasp_protocol_v3__tau_0p5__swan__swan_sf__seed1103,tau_0p5,swan,swan_sf,1103,completed,experiments/runs/fm_grasp_protocol_v3/jobs/grasp_protocol_v3__tau_0p5__swan__swan_sf__seed1103/result.json,a4a1a61967f8dd102f8244b20bd3c60b56a2ac4175c6682adc4270dc6d6f8873,peak_cuda_allocated_bytes,163084288
grasp_protocol_v3__tau_0p5__swan__swan_sf__seed1103,tau_0p5,swan,swan_sf,1103,completed,experiments/runs/fm_grasp_protocol_v3/jobs/grasp_protocol_v3__tau_0p5__swan__swan_sf__seed1103/result.json,a4a1a61967f8dd102f8244b20bd3c60b56a2ac4175c6682adc4270dc6d6f8873,peak_cuda_reserved_bytes,201326592
grasp_protocol_v3__tau_0p5__swan__swan_sf__seed1103,tau_0p5,swan,swan_sf,1103,completed,experiments/runs/fm_grasp_protocol_v3/jobs/grasp_protocol_v3__tau_0p5__swan__swan_sf__seed1103/result.json,a4a1a61967f8dd102f8244b20bd3c60b56a2ac4175c6682adc4270dc6d6f8873,cpu_threads,2
grasp_protocol_v3__tau_0p5__swan__swan_sf__seed1103,tau_0p5,swan,swan_sf,1103,completed,experiments/runs/fm_grasp_protocol_v3/jobs/grasp_protocol_v3__tau_0p5__swan__swan_sf__seed1103/result.json,a4a1a61967f8dd102f8244b20bd3c60b56a2ac4175c6682adc4270dc6d6f8873,metrics[0].recipe.source_samples,5
grasp_protocol_v3__tau_0p5__swan__swan_sf__seed1103,tau_0p5,swan,swan_sf,1103,completed,experiments/runs/fm_grasp_protocol_v3/jobs/grasp_protocol_v3__tau_0p5__swan__swan_sf__seed1103/result.json,a4a1a61967f8dd102f8244b20bd3c60b56a2ac4175c6682adc4270dc6d6f8873,metrics[0].recipe.flow_evaluations,10
grasp_protocol_v3__tau_0p5__swan__swan_sf__seed1103,tau_0p5,swan,swan_sf,1103,completed,experiments/runs/fm_grasp_protocol_v3/jobs/grasp_protocol_v3__tau_0p5__swan__swan_sf__seed1103/result.json,a4a1a61967f8dd102f8244b20bd3c60b56a2ac4175c6682adc4270dc6d6f8873,metrics[0].metrics.paper_retrospective.AP,0.5365253965958705
grasp_protocol_v3__tau_0p5__swan__swan_sf__seed1103,tau_0p5,swan,swan_sf,1103,completed,experiments/runs/fm_grasp_protocol_v3/jobs/grasp_protocol_v3__tau_0p5__swan__swan_sf__seed1103/result.json,a4a1a61967f8dd102f8244b20bd3c60b56a2ac4175c6682adc4270dc6d6f8873,metrics[0].metrics.paper_retrospective.ROC,0.7228386391740718
grasp_protocol_v3__tau_0p5__swan__swan_sf__seed1103,tau_0p5,swan,swan_sf,1103,completed,experiments/runs/fm_grasp_protocol_v3/jobs/grasp_protocol_v3__tau_0p5__swan__swan_sf__seed1103/result.json,a4a1a61967f8dd102f8244b20bd3c60b56a2ac4175c6682adc4270dc6d6f8873,metrics[0].metrics.paper_retrospective.Best_F1,0.5316586268380964
grasp_protocol_v3__tau_0p5__swan__swan_sf__seed1103,tau_0p5,swan,swan_sf,1103,completed,experiments/runs/fm_grasp_protocol_v3/jobs/grasp_protocol_v3__tau_0p5__swan__swan_sf__seed1103/result.json,a4a1a61967f8dd102f8244b20bd3c60b56a2ac4175c6682adc4270dc6d6f8873,metrics[0].metrics.validation_only_control.precision,0.38857882003497257
grasp_protocol_v3__tau_0p5__swan__swan_sf__seed1103,tau_0p5,swan,swan_sf,1103,completed,experiments/runs/fm_grasp_protocol_v3/jobs/grasp_protocol_v3__tau_0p5__swan__swan_sf__seed1103/result.json,a4a1a61967f8dd102f8244b20bd3c60b56a2ac4175c6682adc4270dc6d6f8873,metrics[0].metrics.validation_only_control.recall,0.8070646766169154
grasp_protocol_v3__tau_0p5__swan__swan_sf__seed1103,tau_0p5,swan,swan_sf,1103,completed,experiments/runs/fm_grasp_protocol_v3/jobs/grasp_protocol_v3__tau_0p5__swan__swan_sf__seed1103/result.json,a4a1a61967f8dd102f8244b20bd3c60b56a2ac4175c6682adc4270dc6d6f8873,metrics[0].metrics.validation_only_control.f1,0.5245848626449141
grasp_protocol_v3__tau_0p5__swan__swan_sf__seed1103,tau_0p5,swan,swan_sf,1103,completed,experiments/runs/fm_grasp_protocol_v3/jobs/grasp_protocol_v3__tau_0p5__swan__swan_sf__seed1103/result.json,a4a1a61967f8dd102f8244b20bd3c60b56a2ac4175c6682adc4270dc6d6f8873,metrics[0].metrics.validation_only_control.threshold,5452.212638085937
grasp_protocol_v3__tau_0p5__swan__swan_sf__seed1103,tau_0p5,swan,swan_sf,1103,completed,experiments/runs/fm_grasp_protocol_v3/jobs/grasp_protocol_v3__tau_0p5__swan__swan_sf__seed1103/result.json,a4a1a61967f8dd102f8244b20bd3c60b56a2ac4175c6682adc4270dc6d6f8873,metrics[0].metrics.validation_only_control.quantile,0.99
grasp_protocol_v3__tau_0p5__swan__swan_sf__seed1103,tau_0p5,swan,swan_sf,1103,completed,experiments/runs/fm_grasp_protocol_v3/jobs/grasp_protocol_v3__tau_0p5__swan__swan_sf__seed1103/result.json,a4a1a61967f8dd102f8244b20bd3c60b56a2ac4175c6682adc4270dc6d6f8873,metrics[0].validation_score_seconds,1.8787616999907186
grasp_protocol_v3__tau_0p5__swan__swan_sf__seed1103,tau_0p5,swan,swan_sf,1103,completed,experiments/runs/fm_grasp_protocol_v3/jobs/grasp_protocol_v3__tau_0p5__swan__swan_sf__seed1103/result.json,a4a1a61967f8dd102f8244b20bd3c60b56a2ac4175c6682adc4270dc6d6f8873,metrics[0].test_score_seconds,32.84318280000298
grasp_protocol_v3__tau_0p5__swan__swan_sf__seed1103,tau_0p5,swan,swan_sf,1103,completed,experiments/runs/fm_grasp_protocol_v3/jobs/grasp_protocol_v3__tau_0p5__swan__swan_sf__seed1103/result.json,a4a1a61967f8dd102f8244b20bd3c60b56a2ac4175c6682adc4270dc6d6f8873,metrics[0].window_evaluations,71951
grasp_protocol_v3__tau_0p5__swan__swan_sf__seed1103,tau_0p5,swan,swan_sf,1103,completed,experiments/runs/fm_grasp_protocol_v3/jobs/grasp_protocol_v3__tau_0p5__swan__swan_sf__seed1103/result.json,a4a1a61967f8dd102f8244b20bd3c60b56a2ac4175c6682adc4270dc6d6f8873,data_audit.raw_train_points,19672
grasp_protocol_v3__tau_0p5__swan__swan_sf__seed1103,tau_0p5,swan,swan_sf,1103,completed,experiments/runs/fm_grasp_protocol_v3/jobs/grasp_protocol_v3__tau_0p5__swan__swan_sf__seed1103/result.json,a4a1a61967f8dd102f8244b20bd3c60b56a2ac4175c6682adc4270dc6d6f8873,data_audit.split_cut,15737
grasp_protocol_v3__tau_0p5__swan__swan_sf__seed1103,tau_0p5,swan,swan_sf,1103,completed,experiments/runs/fm_grasp_protocol_v3/jobs/grasp_protocol_v3__tau_0p5__swan__swan_sf__seed1103/result.json,a4a1a61967f8dd102f8244b20bd3c60b56a2ac4175c6682adc4270dc6d6f8873,data_audit.fit_points,15737
grasp_protocol_v3__tau_0p5__swan__swan_sf__seed1103,tau_0p5,swan,swan_sf,1103,completed,experiments/runs/fm_grasp_protocol_v3/jobs/grasp_protocol_v3__tau_0p5__swan__swan_sf__seed1103/result.json,a4a1a61967f8dd102f8244b20bd3c60b56a2ac4175c6682adc4270dc6d6f8873,data_audit.validation_points,3935
grasp_protocol_v3__tau_0p5__swan__swan_sf__seed1103,tau_0p5,swan,swan_sf,1103,completed,experiments/runs/fm_grasp_protocol_v3/jobs/grasp_protocol_v3__tau_0p5__swan__swan_sf__seed1103/result.json,a4a1a61967f8dd102f8244b20bd3c60b56a2ac4175c6682adc4270dc6d6f8873,data_audit.test_points,72000
grasp_protocol_v3__tau_0p5__swan__swan_sf__seed1103,tau_0p5,swan,swan_sf,1103,completed,experiments/runs/fm_grasp_protocol_v3/jobs/grasp_protocol_v3__tau_0p5__swan__swan_sf__seed1103/result.json,a4a1a61967f8dd102f8244b20bd3c60b56a2ac4175c6682adc4270dc6d6f8873,data_audit.test_anomaly_points,20100
grasp_protocol_v3__tau_0p5__swan__swan_sf__seed1103,tau_0p5,swan,swan_sf,1103,completed,experiments/runs/fm_grasp_protocol_v3/jobs/grasp_protocol_v3__tau_0p5__swan__swan_sf__seed1103/result.json,a4a1a61967f8dd102f8244b20bd3c60b56a2ac4175c6682adc4270dc6d6f8873,data_audit.features,38
grasp_protocol_v3__tau_0p5__swan__swan_sf__seed1103,tau_0p5,swan,swan_sf,1103,completed,experiments/runs/fm_grasp_protocol_v3/jobs/grasp_protocol_v3__tau_0p5__swan__swan_sf__seed1103/result.json,a4a1a61967f8dd102f8244b20bd3c60b56a2ac4175c6682adc4270dc6d6f8873,data_audit.paper_variables,39
grasp_protocol_v3__tau_0p5__swan__swan_sf__seed1103,tau_0p5,swan,swan_sf,1103,completed,experiments/runs/fm_grasp_protocol_v3/jobs/grasp_protocol_v3__tau_0p5__swan__swan_sf__seed1103/result.json,a4a1a61967f8dd102f8244b20bd3c60b56a2ac4175c6682adc4270dc6d6f8873,data_audit.fit_window_count,15688
grasp_protocol_v3__tau_0p5__swan__swan_sf__seed1103,tau_0p5,swan,swan_sf,1103,completed,experiments/runs/fm_grasp_protocol_v3/jobs/grasp_protocol_v3__tau_0p5__swan__swan_sf__seed1103/result.json,a4a1a61967f8dd102f8244b20bd3c60b56a2ac4175c6682adc4270dc6d6f8873,data_audit.validation_window_count,3886
grasp_protocol_v3__tau_0p5__swan__swan_sf__seed1103,tau_0p5,swan,swan_sf,1103,completed,experiments/runs/fm_grasp_protocol_v3/jobs/grasp_protocol_v3__tau_0p5__swan__swan_sf__seed1103/result.json,a4a1a61967f8dd102f8244b20bd3c60b56a2ac4175c6682adc4270dc6d6f8873,data_audit.test_window_count,71951
grasp_protocol_v3__tau_0p5__swan__swan_sf__seed1103,tau_0p5,swan,swan_sf,1103,completed,experiments/runs/fm_grasp_protocol_v3/jobs/grasp_protocol_v3__tau_0p5__swan__swan_sf__seed1103/result.json,a4a1a61967f8dd102f8244b20bd3c60b56a2ac4175c6682adc4270dc6d6f8873,data_audit.source_audit.training_anomaly_points,0
grasp_protocol_v3__tau_0p5__swan__swan_sf__seed1103,tau_0p5,swan,swan_sf,1103,completed,experiments/runs/fm_grasp_protocol_v3/jobs/grasp_protocol_v3__tau_0p5__swan__swan_sf__seed1103/result.json,a4a1a61967f8dd102f8244b20bd3c60b56a2ac4175c6682adc4270dc6d6f8873,data_audit.train_only_scaler.median[0],109.79161766427605
grasp_protocol_v3__tau_0p5__swan__swan_sf__seed1103,tau_0p5,swan,swan_sf,1103,completed,experiments/runs/fm_grasp_protocol_v3/jobs/grasp_protocol_v3__tau_0p5__swan__swan_sf__seed1103/result.json,a4a1a61967f8dd102f8244b20bd3c60b56a2ac4175c6682adc4270dc6d6f8873,data_audit.train_only_scaler.median[1],902576622.3893
grasp_protocol_v3__tau_0p5__swan__swan_sf__seed1103,tau_0p5,swan,swan_sf,1103,completed,experiments/runs/fm_grasp_protocol_v3/jobs/grasp_protocol_v3__tau_0p5__swan__swan_sf__seed1103/result.json,a4a1a61967f8dd102f8244b20bd3c60b56a2ac4175c6682adc4270dc6d6f8873,data_audit.train_only_scaler.median[2],7.167510432855177e+21
grasp_protocol_v3__tau_0p5__swan__swan_sf__seed1103,tau_0p5,swan,swan_sf,1103,completed,experiments/runs/fm_grasp_protocol_v3/jobs/grasp_protocol_v3__tau_0p5__swan__swan_sf__seed1103/result.json,a4a1a61967f8dd102f8244b20bd3c60b56a2ac4175c6682adc4270dc6d6f8873,data_audit.train_only_scaler.median[3],2295775301630.038
grasp_protocol_v3__tau_0p5__swan__swan_sf__seed1103,tau_0p5,swan,swan_sf,1103,completed,experiments/runs/fm_grasp_protocol_v3/jobs/grasp_protocol_v3__tau_0p5__swan__swan_sf__seed1103/result.json,a4a1a61967f8dd102f8244b20bd3c60b56a2ac4175c6682adc4270dc6d6f8873,data_audit.train_only_scaler.median[4],7.525211717955138
grasp_protocol_v3__tau_0p5__swan__swan_sf__seed1103,tau_0p5,swan,swan_sf,1103,completed,experiments/runs/fm_grasp_protocol_v3/jobs/grasp_protocol_v3__tau_0p5__swan__swan_sf__seed1103/result.json,a4a1a61967f8dd102f8244b20bd3c60b56a2ac4175c6682adc4270dc6d6f8873,data_audit.train_only_scaler.median[5],644965299185.6748
grasp_protocol_v3__tau_0p5__swan__swan_sf__seed1103,tau_0p5,swan,swan_sf,1103,completed,experiments/runs/fm_grasp_protocol_v3/jobs/grasp_protocol_v3__tau_0p5__swan__swan_sf__seed1103/result.json,a4a1a61967f8dd102f8244b20bd3c60b56a2ac4175c6682adc4270dc6d6f8873,data_audit.train_only_scaler.median[6],1.5930829208471184e+21
grasp_protocol_v3__tau_0p5__swan__swan_sf__seed1103,tau_0p5,swan,swan_sf,1103,completed,experiments/runs/fm_grasp_protocol_v3/jobs/grasp_protocol_v3__tau_0p5__swan__swan_sf__seed1103/result.json,a4a1a61967f8dd102f8244b20bd3c60b56a2ac4175c6682adc4270dc6d6f8873,data_audit.train_only_scaler.median[7],-6.896515213991394e+23
grasp_protocol_v3__tau_0p5__swan__swan_sf__seed1103,tau_0p5,swan,swan_sf,1103,completed,experiments/runs/fm_grasp_protocol_v3/jobs/grasp_protocol_v3__tau_0p5__swan__swan_sf__seed1103/result.json,a4a1a61967f8dd102f8244b20bd3c60b56a2ac4175c6682adc4270dc6d6f8873,data_audit.train_only_scaler.median[8],1881.226580056299
grasp_protocol_v3__tau_0p5__swan__swan_sf__seed1103,tau_0p5,swan,swan_sf,1103,completed,experiments/runs/fm_grasp_protocol_v3/jobs/grasp_protocol_v3__tau_0p5__swan__swan_sf__seed1103/result.json,a4a1a61967f8dd102f8244b20bd3c60b56a2ac4175c6682adc4270dc6d6f8873,data_audit.train_only_scaler.median[9],-0.5826949720780651
grasp_protocol_v3__tau_0p5__swan__swan_sf__seed1103,tau_0p5,swan,swan_sf,1103,completed,experiments/runs/fm_grasp_protocol_v3/jobs/grasp_protocol_v3__tau_0p5__swan__swan_sf__seed1103/result.json,a4a1a61967f8dd102f8244b20bd3c60b56a2ac4175c6682adc4270dc6d6f8873,data_audit.train_only_scaler.median[10],23.2614382342434
grasp_protocol_v3__tau_0p5__swan__swan_sf__seed1103,tau_0p5,swan,swan_sf,1103,completed,experiments/runs/fm_grasp_protocol_v3/jobs/grasp_protocol_v3__tau_0p5__swan__swan_sf__seed1103/result.json,a4a1a61967f8dd102f8244b20bd3c60b56a2ac4175c6682adc4270dc6d6f8873,data_audit.train_only_scaler.median[11],4.1031652989449015
grasp_protocol_v3__tau_0p5__swan__swan_sf__seed1103,tau_0p5,swan,swan_sf,1103,completed,experiments/runs/fm_grasp_protocol_v3/jobs/grasp_protocol_v3__tau_0p5__swan__swan_sf__seed1103/result.json,a4a1a61967f8dd102f8244b20bd3c60b56a2ac4175c6682adc4270dc6d6f8873,data_audit.train_only_scaler.median[12],30.334544652596342
grasp_protocol_v3__tau_0p5__swan__swan_sf__seed1103,tau_0p5,swan,swan_sf,1103,completed,experiments/runs/fm_grasp_protocol_v3/jobs/grasp_protocol_v3__tau_0p5__swan__swan_sf__seed1103/result.json,a4a1a61967f8dd102f8244b20bd3c60b56a2ac4175c6682adc4270dc6d6f8873,data_audit.train_only_scaler.median[13],123.55687630744043
grasp_protocol_v3__tau_0p5__swan__swan_sf__seed1103,tau_0p5,swan,swan_sf,1103,completed,experiments/runs/fm_grasp_protocol_v3/jobs/grasp_protocol_v3__tau_0p5__swan__swan_sf__seed1103/result.json,a4a1a61967f8dd102f8244b20bd3c60b56a2ac4175c6682adc4270dc6d6f8873,data_audit.train_only_scaler.median[14],124.10909511835108
grasp_protocol_v3__tau_0p5__swan__swan_sf__seed1103,tau_0p5,swan,swan_sf,1103,completed,experiments/runs/fm_grasp_protocol_v3/jobs/grasp_protocol_v3__tau_0p5__swan__swan_sf__seed1103/result.json,a4a1a61967f8dd102f8244b20bd3c60b56a2ac4175c6682adc4270dc6d6f8873,data_audit.train_only_scaler.median[15],53.50452393957681
grasp_protocol_v3__tau_0p5__swan__swan_sf__seed1103,tau_0p5,swan,swan_sf,1103,completed,experiments/runs/fm_grasp_protocol_v3/jobs/grasp_protocol_v3__tau_0p5__swan__swan_sf__seed1103/result.json,a4a1a61967f8dd102f8244b20bd3c60b56a2ac4175c6682adc4270dc6d6f8873,data_audit.train_only_scaler.median[16],0.0007316367027569
grasp_protocol_v3__tau_0p5__swan__swan_sf__seed1103,tau_0p5,swan,swan_sf,1103,completed,experiments/runs/fm_grasp_protocol_v3/jobs/grasp_protocol_v3__tau_0p5__swan__swan_sf__seed1103/result.json,a4a1a61967f8dd102f8244b20bd3c60b56a2ac4175c6682adc4270dc6d6f8873,data_audit.train_only_scaler.median[17],-1.612043362204535e+22
grasp_protocol_v3__tau_0p5__swan__swan_sf__seed1103,tau_0p5,swan,swan_sf,1103,completed,experiments/runs/fm_grasp_protocol_v3/jobs/grasp_protocol_v3__tau_0p5__swan__swan_sf__seed1103/result.json,a4a1a61967f8dd102f8244b20bd3c60b56a2ac4175c6682adc4270dc6d6f8873,data_audit.train_only_scaler.median[18],0.1806838037433196
grasp_protocol_v3__tau_0p5__swan__swan_sf__seed1103,tau_0p5,swan,swan_sf,1103,completed,experiments/runs/fm_grasp_protocol_v3/jobs/grasp_protocol_v3__tau_0p5__swan__swan_sf__seed1103/result.json,a4a1a61967f8dd102f8244b20bd3c60b56a2ac4175c6682adc4270dc6d6f8873,data_audit.train_only_scaler.median[19],0.0024643825097276
grasp_protocol_v3__tau_0p5__swan__swan_sf__seed1103,tau_0p5,swan,swan_sf,1103,completed,experiments/runs/fm_grasp_protocol_v3/jobs/grasp_protocol_v3__tau_0p5__swan__swan_sf__seed1103/result.json,a4a1a61967f8dd102f8244b20bd3c60b56a2ac4175c6682adc4270dc6d6f8873,data_audit.train_only_scaler.median[20],-1.7582466676047812e+22
grasp_protocol_v3__tau_0p5__swan__swan_sf__seed1103,tau_0p5,swan,swan_sf,1103,completed,experiments/runs/fm_grasp_protocol_v3/jobs/grasp_protocol_v3__tau_0p5__swan__swan_sf__seed1103/result.json,a4a1a61967f8dd102f8244b20bd3c60b56a2ac4175c6682adc4270dc6d6f8873,data_audit.train_only_scaler.median[21],0.0248835927535584
grasp_protocol_v3__tau_0p5__swan__swan_sf__seed1103,tau_0p5,swan,swan_sf,1103,completed,experiments/runs/fm_grasp_protocol_v3/jobs/grasp_protocol_v3__tau_0p5__swan__swan_sf__seed1103/result.json,a4a1a61967f8dd102f8244b20bd3c60b56a2ac4175c6682adc4270dc6d6f8873,data_audit.train_only_scaler.median[22],0.0411580664279638
grasp_protocol_v3__tau_0p5__swan__swan_sf__seed1103,tau_0p5,swan,swan_sf,1103,completed,experiments/runs/fm_grasp_protocol_v3/jobs/grasp_protocol_v3__tau_0p5__swan__swan_sf__seed1103/result.json,a4a1a61967f8dd102f8244b20bd3c60b56a2ac4175c6682adc4270dc6d6f8873,data_audit.train_only_scaler.median[23],0.0
grasp_protocol_v3__tau_0p5__swan__swan_sf__seed1103,tau_0p5,swan,swan_sf,1103,completed,experiments/runs/fm_grasp_protocol_v3/jobs/grasp_protocol_v3__tau_0p5__swan__swan_sf__seed1103/result.json,a4a1a61967f8dd102f8244b20bd3c60b56a2ac4175c6682adc4270dc6d6f8873,data_audit.train_only_scaler.median[24],223.862839
grasp_protocol_v3__tau_0p5__swan__swan_sf__seed1103,tau_0p5,swan,swan_sf,1103,completed,experiments/runs/fm_grasp_protocol_v3/jobs/grasp_protocol_v3__tau_0p5__swan__swan_sf__seed1103/result.json,a4a1a61967f8dd102f8244b20bd3c60b56a2ac4175c6682adc4270dc6d6f8873,data_audit.train_only_scaler.median[25],263.178192
grasp_protocol_v3__tau_0p5__swan__swan_sf__seed1103,tau_0p5,swan,swan_sf,1103,completed,experiments/runs/fm_grasp_protocol_v3/jobs/grasp_protocol_v3__tau_0p5__swan__swan_sf__seed1103/result.json,a4a1a61967f8dd102f8244b20bd3c60b56a2ac4175c6682adc4270dc6d6f8873,data_audit.train_only_scaler.median[26],3.667938
grasp_protocol_v3__tau_0p5__swan__swan_sf__seed1103,tau_0p5,swan,swan_sf,1103,completed,experiments/runs/fm_grasp_protocol_v3/jobs/grasp_protocol_v3__tau_0p5__swan__swan_sf__seed1103/result.json,a4a1a61967f8dd102f8244b20bd3c60b56a2ac4175c6682adc4270dc6d6f8873,data_audit.train_only_scaler.median[27],-2.074256
grasp_protocol_v3__tau_0p5__swan__swan_sf__seed1103,tau_0p5,swan,swan_sf,1103,completed,experiments/runs/fm_grasp_protocol_v3/jobs/grasp_protocol_v3__tau_0p5__swan__swan_sf__seed1103/result.json,a4a1a61967f8dd102f8244b20bd3c60b56a2ac4175c6682adc4270dc6d6f8873,data_audit.train_only_scaler.median[28],6.692411
grasp_protocol_v3__tau_0p5__swan__swan_sf__seed1103,tau_0p5,swan,swan_sf,1103,completed,experiments/runs/fm_grasp_protocol_v3/jobs/grasp_protocol_v3__tau_0p5__swan__swan_sf__seed1103/result.json,a4a1a61967f8dd102f8244b20bd3c60b56a2ac4175c6682adc4270dc6d6f8873,data_audit.train_only_scaler.median[29],10.207301
grasp_protocol_v3__tau_0p5__swan__swan_sf__seed1103,tau_0p5,swan,swan_sf,1103,completed,experiments/runs/fm_grasp_protocol_v3/jobs/grasp_protocol_v3__tau_0p5__swan__swan_sf__seed1103/result.json,a4a1a61967f8dd102f8244b20bd3c60b56a2ac4175c6682adc4270dc6d6f8873,data_audit.train_only_scaler.median[30],0.0
grasp_protocol_v3__tau_0p5__swan__swan_sf__seed1103,tau_0p5,swan,swan_sf,1103,completed,experiments/runs/fm_grasp_protocol_v3/jobs/grasp_protocol_v3__tau_0p5__swan__swan_sf__seed1103/result.json,a4a1a61967f8dd102f8244b20bd3c60b56a2ac4175c6682adc4270dc6d6f8873,data_audit.train_only_scaler.median[31],1.0
grasp_protocol_v3__tau_0p5__swan__swan_sf__seed1103,tau_0p5,swan,swan_sf,1103,completed,experiments/runs/fm_grasp_protocol_v3/jobs/grasp_protocol_v3__tau_0p5__swan__swan_sf__seed1103/result.json,a4a1a61967f8dd102f8244b20bd3c60b56a2ac4175c6682adc4270dc6d6f8873,data_audit.train_only_scaler.median[32],0.0
grasp_protocol_v3__tau_0p5__swan__swan_sf__seed1103,tau_0p5,swan,swan_sf,1103,completed,experiments/runs/fm_grasp_protocol_v3/jobs/grasp_protocol_v3__tau_0p5__swan__swan_sf__seed1103/result.json,a4a1a61967f8dd102f8244b20bd3c60b56a2ac4175c6682adc4270dc6d6f8873,data_audit.train_only_scaler.median[33],0.0
grasp_protocol_v3__tau_0p5__swan__swan_sf__seed1103,tau_0p5,swan,swan_sf,1103,completed,experiments/runs/fm_grasp_protocol_v3/jobs/grasp_protocol_v3__tau_0p5__swan__swan_sf__seed1103/result.json,a4a1a61967f8dd102f8244b20bd3c60b56a2ac4175c6682adc4270dc6d6f8873,data_audit.train_only_scaler.median[34],0.0
grasp_protocol_v3__tau_0p5__swan__swan_sf__seed1103,tau_0p5,swan,swan_sf,1103,completed,experiments/runs/fm_grasp_protocol_v3/jobs/grasp_protocol_v3__tau_0p5__swan__swan_sf__seed1103/result.json,a4a1a61967f8dd102f8244b20bd3c60b56a2ac4175c6682adc4270dc6d6f8873,data_audit.train_only_scaler.median[35],0.0
grasp_protocol_v3__tau_0p5__swan__swan_sf__seed1103,tau_0p5,swan,swan_sf,1103,completed,experiments/runs/fm_grasp_protocol_v3/jobs/grasp_protocol_v3__tau_0p5__swan__swan_sf__seed1103/result.json,a4a1a61967f8dd102f8244b20bd3c60b56a2ac4175c6682adc4270dc6d6f8873,data_audit.train_only_scaler.median[36],1.23e-06
grasp_protocol_v3__tau_0p5__swan__swan_sf__seed1103,tau_0p5,swan,swan_sf,1103,completed,experiments/runs/fm_grasp_protocol_v3/jobs/grasp_protocol_v3__tau_0p5__swan__swan_sf__seed1103/result.json,a4a1a61967f8dd102f8244b20bd3c60b56a2ac4175c6682adc4270dc6d6f8873,data_audit.train_only_scaler.median[37],12.0
grasp_protocol_v3__tau_0p5__swan__swan_sf__seed1103,tau_0p5,swan,swan_sf,1103,completed,experiments/runs/fm_grasp_protocol_v3/jobs/grasp_protocol_v3__tau_0p5__swan__swan_sf__seed1103/result.json,a4a1a61967f8dd102f8244b20bd3c60b56a2ac4175c6682adc4270dc6d6f8873,data_audit.train_only_scaler.mean[0],305.1626169607622
grasp_protocol_v3__tau_0p5__swan__swan_sf__seed1103,tau_0p5,swan,swan_sf,1103,completed,experiments/runs/fm_grasp_protocol_v3/jobs/grasp_protocol_v3__tau_0p5__swan__swan_sf__seed1103/result.json,a4a1a61967f8dd102f8244b20bd3c60b56a2ac4175c6682adc4270dc6d6f8873,data_audit.train_only_scaler.mean[1],3891992090.7515807
grasp_protocol_v3__tau_0p5__swan__swan_sf__seed1103,tau_0p5,swan,swan_sf,1103,completed,experiments/runs/fm_grasp_protocol_v3/jobs/grasp_protocol_v3__tau_0p5__swan__swan_sf__seed1103/result.json,a4a1a61967f8dd102f8244b20bd3c60b56a2ac4175c6682adc4270dc6d6f8873,data_audit.train_only_scaler.mean[2],1.0852574129680566e+23
grasp_protocol_v3__tau_0p5__swan__swan_sf__seed1103,tau_0p5,swan,swan_sf,1103,completed,experiments/runs/fm_grasp_protocol_v3/jobs/grasp_protocol_v3__tau_0p5__swan__swan_sf__seed1103/result.json,a4a1a61967f8dd102f8244b20bd3c60b56a2ac4175c6682adc4270dc6d6f8873,data_audit.train_only_scaler.mean[3],6278208406547.6875
grasp_protocol_v3__tau_0p5__swan__swan_sf__seed1103,tau_0p5,swan,swan_sf,1103,completed,experiments/runs/fm_grasp_protocol_v3/jobs/grasp_protocol_v3__tau_0p5__swan__swan_sf__seed1103/result.json,a4a1a61967f8dd102f8244b20bd3c60b56a2ac4175c6682adc4270dc6d6f8873,data_audit.train_only_scaler.mean[4],41.4241013709116
grasp_protocol_v3__tau_0p5__swan__swan_sf__seed1103,tau_0p5,swan,swan_sf,1103,completed,experiments/runs/fm_grasp_protocol_v3/jobs/grasp_protocol_v3__tau_0p5__swan__swan_sf__seed1103/result.json,a4a1a61967f8dd102f8244b20bd3c60b56a2ac4175c6682adc4270dc6d6f8873,data_audit.train_only_scaler.mean[5],2144531812602.708
grasp_protocol_v3__tau_0p5__swan__swan_sf__seed1103,tau_0p5,swan,swan_sf,1103,completed,experiments/runs/fm_grasp_protocol_v3/jobs/grasp_protocol_v3__tau_0p5__swan__swan_sf__seed1103/result.json,a4a1a61967f8dd102f8244b20bd3c60b56a2ac4175c6682adc4270dc6d6f8873,data_audit.train_only_scaler.mean[6],4.5793002135186697e+21
grasp_protocol_v3__tau_0p5__swan__swan_sf__seed1103,tau_0p5,swan,swan_sf,1103,completed,experiments/runs/fm_grasp_protocol_v3/jobs/grasp_protocol_v3__tau_0p5__swan__swan_sf__seed1103/result.json,a4a1a61967f8dd102f8244b20bd3c60b56a2ac4175c6682adc4270dc6d6f8873,data_audit.train_only_scaler.mean[7],-1.8388628813093173e+24
grasp_protocol_v3__tau_0p5__swan__swan_sf__seed1103,tau_0p5,swan,swan_sf,1103,completed,experiments/runs/fm_grasp_protocol_v3/jobs/grasp_protocol_v3__tau_0p5__swan__swan_sf__seed1103/result.json,a4a1a61967f8dd102f8244b20bd3c60b56a2ac4175c6682adc4270dc6d6f8873,data_audit.train_only_scaler.mean[8],436248.2433815505
grasp_protocol_v3__tau_0p5__swan__swan_sf__seed1103,tau_0p5,swan,swan_sf,1103,completed,experiments/runs/fm_grasp_protocol_v3/jobs/grasp_protocol_v3__tau_0p5__swan__swan_sf__seed1103/result.json,a4a1a61967f8dd102f8244b20bd3c60b56a2ac4175c6682adc4270dc6d6f8873,data_audit.train_only_scaler.mean[9],-0.5304256504971101
grasp_protocol_v3__tau_0p5__swan__swan_sf__seed1103,tau_0p5,swan,swan_sf,1103,completed,experiments/runs/fm_grasp_protocol_v3/jobs/grasp_protocol_v3__tau_0p5__swan__swan_sf__seed1103/result.json,a4a1a61967f8dd102f8244b20bd3c60b56a2ac4175c6682adc4270dc6d6f8873,data_audit.train_only_scaler.mean[10],26.18927621491827
grasp_protocol_v3__tau_0p5__swan__swan_sf__seed1103,tau_0p5,swan,swan_sf,1103,completed,experiments/runs/fm_grasp_protocol_v3/jobs/grasp_protocol_v3__tau_0p5__swan__swan_sf__seed1103/result.json,a4a1a61967f8dd102f8244b20bd3c60b56a2ac4175c6682adc4270dc6d6f8873,data_audit.train_only_scaler.mean[11],11.104307795097283
grasp_protocol_v3__tau_0p5__swan__swan_sf__seed1103,tau_0p5,swan,swan_sf,1103,completed,experiments/runs/fm_grasp_protocol_v3/jobs/grasp_protocol_v3__tau_0p5__swan__swan_sf__seed1103/result.json,a4a1a61967f8dd102f8244b20bd3c60b56a2ac4175c6682adc4270dc6d6f8873,data_audit.train_only_scaler.mean[12],34.1471406854236
grasp_protocol_v3__tau_0p5__swan__swan_sf__seed1103,tau_0p5,swan,swan_sf,1103,completed,experiments/runs/fm_grasp_protocol_v3/jobs/grasp_protocol_v3__tau_0p5__swan__swan_sf__seed1103/result.json,a4a1a61967f8dd102f8244b20bd3c60b56a2ac4175c6682adc4270dc6d6f8873,data_audit.train_only_scaler.mean[13],121.46471916884391
grasp_protocol_v3__tau_0p5__swan__swan_sf__seed1103,tau_0p5,swan,swan_sf,1103,completed,experiments/runs/fm_grasp_protocol_v3/jobs/grasp_protocol_v3__tau_0p5__swan__swan_sf__seed1103/result.json,a4a1a61967f8dd102f8244b20bd3c60b56a2ac4175c6682adc4270dc6d6f8873,data_audit.train_only_scaler.mean[14],122.77046639364936
grasp_protocol_v3__tau_0p5__swan__swan_sf__seed1103,tau_0p5,swan,swan_sf,1103,completed,experiments/runs/fm_grasp_protocol_v3/jobs/grasp_protocol_v3__tau_0p5__swan__swan_sf__seed1103/result.json,a4a1a61967f8dd102f8244b20bd3c60b56a2ac4175c6682adc4270dc6d6f8873,data_audit.train_only_scaler.mean[15],54.72076190157697
grasp_protocol_v3__tau_0p5__swan__swan_sf__seed1103,tau_0p5,swan,swan_sf,1103,completed,experiments/runs/fm_grasp_protocol_v3/jobs/grasp_protocol_v3__tau_0p5__swan__swan_sf__seed1103/result.json,a4a1a61967f8dd102f8244b20bd3c60b56a2ac4175c6682adc4270dc6d6f8873,data_audit.train_only_scaler.mean[16],0.0004028268090018369
grasp_protocol_v3__tau_0p5__swan__swan_sf__seed1103,tau_0p5,swan,swan_sf,1103,completed,experiments/runs/fm_grasp_protocol_v3/jobs/grasp_protocol_v3__tau_0p5__swan__swan_sf__seed1103/result.json,a4a1a61967f8dd102f8244b20bd3c60b56a2ac4175c6682adc4270dc6d6f8873,data_audit.train_only_scaler.mean[17],-1.085305984839892e+23
grasp_protocol_v3__tau_0p5__swan__swan_sf__seed1103,tau_0p5,swan,swan_sf,1103,completed,experiments/runs/fm_grasp_protocol_v3/jobs/grasp_protocol_v3__tau_0p5__swan__swan_sf__seed1103/result.json,a4a1a61967f8dd102f8244b20bd3c60b56a2ac4175c6682adc4270dc6d6f8873,data_audit.train_only_scaler.mean[18],0.3314377587114313
grasp_protocol_v3__tau_0p5__swan__swan_sf__seed1103,tau_0p5,swan,swan_sf,1103,completed,experiments/runs/fm_grasp_protocol_v3/jobs/grasp_protocol_v3__tau_0p5__swan__swan_sf__seed1103/result.json,a4a1a61967f8dd102f8244b20bd3c60b56a2ac4175c6682adc4270dc6d6f8873,data_audit.train_only_scaler.mean[19],0.0017608309675426538
grasp_protocol_v3__tau_0p5__swan__swan_sf__seed1103,tau_0p5,swan,swan_sf,1103,completed,experiments/runs/fm_grasp_protocol_v3/jobs/grasp_protocol_v3__tau_0p5__swan__swan_sf__seed1103/result.json,a4a1a61967f8dd102f8244b20bd3c60b56a2ac4175c6682adc4270dc6d6f8873,data_audit.train_only_scaler.mean[20],-6.4804778061874636e+22
grasp_protocol_v3__tau_0p5__swan__swan_sf__seed1103,tau_0p5,swan,swan_sf,1103,completed,experiments/runs/fm_grasp_protocol_v3/jobs/grasp_protocol_v3__tau_0p5__swan__swan_sf__seed1103/result.json,a4a1a61967f8dd102f8244b20bd3c60b56a2ac4175c6682adc4270dc6d6f8873,data_audit.train_only_scaler.mean[21],0.012395267187078311
grasp_protocol_v3__tau_0p5__swan__swan_sf__seed1103,tau_0p5,swan,swan_sf,1103,completed,experiments/runs/fm_grasp_protocol_v3/jobs/grasp_protocol_v3__tau_0p5__swan__swan_sf__seed1103/result.json,a4a1a61967f8dd102f8244b20bd3c60b56a2ac4175c6682adc4270dc6d6f8873,data_audit.train_only_scaler.mean[22],0.018506858863011996
grasp_protocol_v3__tau_0p5__swan__swan_sf__seed1103,tau_0p5,swan,swan_sf,1103,completed,experiments/runs/fm_grasp_protocol_v3/jobs/grasp_protocol_v3__tau_0p5__swan__swan_sf__seed1103/result.json,a4a1a61967f8dd102f8244b20bd3c60b56a2ac4175c6682adc4270dc6d6f8873,data_audit.train_only_scaler.mean[23],1.418514473790745
grasp_protocol_v3__tau_0p5__swan__swan_sf__seed1103,tau_0p5,swan,swan_sf,1103,completed,experiments/runs/fm_grasp_protocol_v3/jobs/grasp_protocol_v3__tau_0p5__swan__swan_sf__seed1103/result.json,a4a1a61967f8dd102f8244b20bd3c60b56a2ac4175c6682adc4270dc6d6f8873,data_audit.train_only_scaler.mean[24],201.065698432738
grasp_protocol_v3__tau_0p5__swan__swan_sf__seed1103,tau_0p5,swan,swan_sf,1103,completed,experiments/runs/fm_grasp_protocol_v3/jobs/grasp_protocol_v3__tau_0p5__swan__swan_sf__seed1103/result.json,a4a1a61967f8dd102f8244b20bd3c60b56a2ac4175c6682adc4270dc6d6f8873,data_audit.train_only_scaler.mean[25],198.70728841208506
grasp_protocol_v3__tau_0p5__swan__swan_sf__seed1103,tau_0p5,swan,swan_sf,1103,completed,experiments/runs/fm_grasp_protocol_v3/jobs/grasp_protocol_v3__tau_0p5__swan__swan_sf__seed1103/result.json,a4a1a61967f8dd102f8244b20bd3c60b56a2ac4175c6682adc4270dc6d6f8873,data_audit.train_only_scaler.mean[26],-0.722098970705977
grasp_protocol_v3__tau_0p5__swan__swan_sf__seed1103,tau_0p5,swan,swan_sf,1103,completed,experiments/runs/fm_grasp_protocol_v3/jobs/grasp_protocol_v3__tau_0p5__swan__swan_sf__seed1103/result.json,a4a1a61967f8dd102f8244b20bd3c60b56a2ac4175c6682adc4270dc6d6f8873,data_audit.train_only_scaler.mean[27],-3.9825264890385723
grasp_protocol_v3__tau_0p5__swan__swan_sf__seed1103,tau_0p5,swan,swan_sf,1103,completed,experiments/runs/fm_grasp_protocol_v3/jobs/grasp_protocol_v3__tau_0p5__swan__swan_sf__seed1103/result.json,a4a1a61967f8dd102f8244b20bd3c60b56a2ac4175c6682adc4270dc6d6f8873,data_audit.train_only_scaler.mean[28],4.580065097159533
grasp_protocol_v3__tau_0p5__swan__swan_sf__seed1103,tau_0p5,swan,swan_sf,1103,completed,experiments/runs/fm_grasp_protocol_v3/jobs/grasp_protocol_v3__tau_0p5__swan__swan_sf__seed1103/result.json,a4a1a61967f8dd102f8244b20bd3c60b56a2ac4175c6682adc4270dc6d6f8873,data_audit.train_only_scaler.mean[29],7.682772539747129
grasp_protocol_v3__tau_0p5__swan__swan_sf__seed1103,tau_0p5,swan,swan_sf,1103,completed,experiments/runs/fm_grasp_protocol_v3/jobs/grasp_protocol_v3__tau_0p5__swan__swan_sf__seed1103/result.json,a4a1a61967f8dd102f8244b20bd3c60b56a2ac4175c6682adc4270dc6d6f8873,data_audit.train_only_scaler.mean[30],2556.974264472263
grasp_protocol_v3__tau_0p5__swan__swan_sf__seed1103,tau_0p5,swan,swan_sf,1103,completed,experiments/runs/fm_grasp_protocol_v3/jobs/grasp_protocol_v3__tau_0p5__swan__swan_sf__seed1103/result.json,a4a1a61967f8dd102f8244b20bd3c60b56a2ac4175c6682adc4270dc6d6f8873,data_audit.train_only_scaler.mean[31],0.9601575903920696
grasp_protocol_v3__tau_0p5__swan__swan_sf__seed1103,tau_0p5,swan,swan_sf,1103,completed,experiments/runs/fm_grasp_protocol_v3/jobs/grasp_protocol_v3__tau_0p5__swan__swan_sf__seed1103/result.json,a4a1a61967f8dd102f8244b20bd3c60b56a2ac4175c6682adc4270dc6d6f8873,data_audit.train_only_scaler.mean[32],0.0
grasp_protocol_v3__tau_0p5__swan__swan_sf__seed1103,tau_0p5,swan,swan_sf,1103,completed,experiments/runs/fm_grasp_protocol_v3/jobs/grasp_protocol_v3__tau_0p5__swan__swan_sf__seed1103/result.json,a4a1a61967f8dd102f8244b20bd3c60b56a2ac4175c6682adc4270dc6d6f8873,data_audit.train_only_scaler.mean[33],0.001143801232763551
grasp_protocol_v3__tau_0p5__swan__swan_sf__seed1103,tau_0p5,swan,swan_sf,1103,completed,experiments/runs/fm_grasp_protocol_v3/jobs/grasp_protocol_v3__tau_0p5__swan__swan_sf__seed1103/result.json,a4a1a61967f8dd102f8244b20bd3c60b56a2ac4175c6682adc4270dc6d6f8873,data_audit.train_only_scaler.mean[34],0.0005719006163817755
grasp_protocol_v3__tau_0p5__swan__swan_sf__seed1103,tau_0p5,swan,swan_sf,1103,completed,experiments/runs/fm_grasp_protocol_v3/jobs/grasp_protocol_v3__tau_0p5__swan__swan_sf__seed1103/result.json,a4a1a61967f8dd102f8244b20bd3c60b56a2ac4175c6682adc4270dc6d6f8873,data_audit.train_only_scaler.mean[35],0.0
grasp_protocol_v3__tau_0p5__swan__swan_sf__seed1103,tau_0p5,swan,swan_sf,1103,completed,experiments/runs/fm_grasp_protocol_v3/jobs/grasp_protocol_v3__tau_0p5__swan__swan_sf__seed1103/result.json,a4a1a61967f8dd102f8244b20bd3c60b56a2ac4175c6682adc4270dc6d6f8873,data_audit.train_only_scaler.mean[36],-235.11234360995348
grasp_protocol_v3__tau_0p5__swan__swan_sf__seed1103,tau_0p5,swan,swan_sf,1103,completed,experiments/runs/fm_grasp_protocol_v3/jobs/grasp_protocol_v3__tau_0p5__swan__swan_sf__seed1103/result.json,a4a1a61967f8dd102f8244b20bd3c60b56a2ac4175c6682adc4270dc6d6f8873,data_audit.train_only_scaler.mean[37],11.944843362775625
grasp_protocol_v3__tau_0p5__swan__swan_sf__seed1103,tau_0p5,swan,swan_sf,1103,completed,experiments/runs/fm_grasp_protocol_v3/jobs/grasp_protocol_v3__tau_0p5__swan__swan_sf__seed1103/result.json,a4a1a61967f8dd102f8244b20bd3c60b56a2ac4175c6682adc4270dc6d6f8873,data_audit.train_only_scaler.scale[0],521.570342257543
grasp_protocol_v3__tau_0p5__swan__swan_sf__seed1103,tau_0p5,swan,swan_sf,1103,completed,experiments/runs/fm_grasp_protocol_v3/jobs/grasp_protocol_v3__tau_0p5__swan__swan_sf__seed1103/result.json,a4a1a61967f8dd102f8244b20bd3c60b56a2ac4175c6682adc4270dc6d6f8873,data_audit.train_only_scaler.scale[1],8127773323.662388
grasp_protocol_v3__tau_0p5__swan__swan_sf__seed1103,tau_0p5,swan,swan_sf,1103,completed,experiments/runs/fm_grasp_protocol_v3/jobs/grasp_protocol_v3__tau_0p5__swan__swan_sf__seed1103/result.json,a4a1a61967f8dd102f8244b20bd3c60b56a2ac4175c6682adc4270dc6d6f8873,data_audit.train_only_scaler.scale[2],1.6057244166730386e+24
grasp_protocol_v3__tau_0p5__swan__swan_sf__seed1103,tau_0p5,swan,swan_sf,1103,completed,experiments/runs/fm_grasp_protocol_v3/jobs/grasp_protocol_v3__tau_0p5__swan__swan_sf__seed1103/result.json,a4a1a61967f8dd102f8244b20bd3c60b56a2ac4175c6682adc4270dc6d6f8873,data_audit.train_only_scaler.scale[3],10484165665143.857
grasp_protocol_v3__tau_0p5__swan__swan_sf__seed1103,tau_0p5,swan,swan_sf,1103,completed,experiments/runs/fm_grasp_protocol_v3/jobs/grasp_protocol_v3__tau_0p5__swan__swan_sf__seed1103/result.json,a4a1a61967f8dd102f8244b20bd3c60b56a2ac4175c6682adc4270dc6d6f8873,data_audit.train_only_scaler.scale[4],112.13325347975933
grasp_protocol_v3__tau_0p5__swan__swan_sf__seed1103,tau_0p5,swan,swan_sf,1103,completed,experiments/runs/fm_grasp_protocol_v3/jobs/grasp_protocol_v3__tau_0p5__swan__swan_sf__seed1103/result.json,a4a1a61967f8dd102f8244b20bd3c60b56a2ac4175c6682adc4270dc6d6f8873,data_audit.train_only_scaler.scale[5],4786566349698.902
grasp_protocol_v3__tau_0p5__swan__swan_sf__seed1103,tau_0p5,swan,swan_sf,1103,completed,experiments/runs/fm_grasp_protocol_v3/jobs/grasp_protocol_v3__tau_0p5__swan__swan_sf__seed1103/result.json,a4a1a61967f8dd102f8244b20bd3c60b56a2ac4175c6682adc4270dc6d6f8873,data_audit.train_only_scaler.scale[6],8.160999960406271e+21
grasp_protocol_v3__tau_0p5__swan__swan_sf__seed1103,tau_0p5,swan,swan_sf,1103,completed,experiments/runs/fm_grasp_protocol_v3/jobs/grasp_protocol_v3__tau_0p5__swan__swan_sf__seed1103/result.json,a4a1a61967f8dd102f8244b20bd3c60b56a2ac4175c6682adc4270dc6d6f8873,data_audit.train_only_scaler.scale[7],3.2446255976209476e+24
grasp_protocol_v3__tau_0p5__swan__swan_sf__seed1103,tau_0p5,swan,swan_sf,1103,completed,experiments/runs/fm_grasp_protocol_v3/jobs/grasp_protocol_v3__tau_0p5__swan__swan_sf__seed1103/result.json,a4a1a61967f8dd102f8244b20bd3c60b56a2ac4175c6682adc4270dc6d6f8873,data_audit.train_only_scaler.scale[8],12700705.083050588
grasp_protocol_v3__tau_0p5__swan__swan_sf__seed1103,tau_0p5,swan,swan_sf,1103,completed,experiments/runs/fm_grasp_protocol_v3/jobs/grasp_protocol_v3__tau_0p5__swan__swan_sf__seed1103/result.json,a4a1a61967f8dd102f8244b20bd3c60b56a2ac4175c6682adc4270dc6d6f8873,data_audit.train_only_scaler.scale[9],0.15764267201891288
grasp_protocol_v3__tau_0p5__swan__swan_sf__seed1103,tau_0p5,swan,swan_sf,1103,completed,experiments/runs/fm_grasp_protocol_v3/jobs/grasp_protocol_v3__tau_0p5__swan__swan_sf__seed1103/result.json,a4a1a61967f8dd102f8244b20bd3c60b56a2ac4175c6682adc4270dc6d6f8873,data_audit.train_only_scaler.scale[10],7.998840992094515
grasp_protocol_v3__tau_0p5__swan__swan_sf__seed1103,tau_0p5,swan,swan_sf,1103,completed,experiments/runs/fm_grasp_protocol_v3/jobs/grasp_protocol_v3__tau_0p5__swan__swan_sf__seed1103/result.json,a4a1a61967f8dd102f8244b20bd3c60b56a2ac4175c6682adc4270dc6d6f8873,data_audit.train_only_scaler.scale[11],14.517086710445161
grasp_protocol_v3__tau_0p5__swan__swan_sf__seed1103,tau_0p5,swan,swan_sf,1103,completed,experiments/runs/fm_grasp_protocol_v3/jobs/grasp_protocol_v3__tau_0p5__swan__swan_sf__seed1103/result.json,a4a1a61967f8dd102f8244b20bd3c60b56a2ac4175c6682adc4270dc6d6f8873,data_audit.train_only_scaler.scale[12],9.164958630701037
grasp_protocol_v3__tau_0p5__swan__swan_sf__seed1103,tau_0p5,swan,swan_sf,1103,completed,experiments/runs/fm_grasp_protocol_v3/jobs/grasp_protocol_v3__tau_0p5__swan__swan_sf__seed1103/result.json,a4a1a61967f8dd102f8244b20bd3c60b56a2ac4175c6682adc4270dc6d6f8873,data_audit.train_only_scaler.scale[13],22.663966001612895
grasp_protocol_v3__tau_0p5__swan__swan_sf__seed1103,tau_0p5,swan,swan_sf,1103,completed,experiments/runs/fm_grasp_protocol_v3/jobs/grasp_protocol_v3__tau_0p5__swan__swan_sf__seed1103/result.json,a4a1a61967f8dd102f8244b20bd3c60b56a2ac4175c6682adc4270dc6d6f8873,data_audit.train_only_scaler.scale[14],22.83698851922826
grasp_protocol_v3__tau_0p5__swan__swan_sf__seed1103,tau_0p5,swan,swan_sf,1103,completed,experiments/runs/fm_grasp_protocol_v3/jobs/grasp_protocol_v3__tau_0p5__swan__swan_sf__seed1103/result.json,a4a1a61967f8dd102f8244b20bd3c60b56a2ac4175c6682adc4270dc6d6f8873,data_audit.train_only_scaler.scale[15],14.49123627720488
grasp_protocol_v3__tau_0p5__swan__swan_sf__seed1103,tau_0p5,swan,swan_sf,1103,completed,experiments/runs/fm_grasp_protocol_v3/jobs/grasp_protocol_v3__tau_0p5__swan__swan_sf__seed1103/result.json,a4a1a61967f8dd102f8244b20bd3c60b56a2ac4175c6682adc4270dc6d6f8873,data_audit.train_only_scaler.scale[16],0.007446704694027152
grasp_protocol_v3__tau_0p5__swan__swan_sf__seed1103,tau_0p5,swan,swan_sf,1103,completed,experiments/runs/fm_grasp_protocol_v3/jobs/grasp_protocol_v3__tau_0p5__swan__swan_sf__seed1103/result.json,a4a1a61967f8dd102f8244b20bd3c60b56a2ac4175c6682adc4270dc6d6f8873,data_audit.train_only_scaler.scale[17],5.067548212998718e+23
grasp_protocol_v3__tau_0p5__swan__swan_sf__seed1103,tau_0p5,swan,swan_sf,1103,completed,experiments/runs/fm_grasp_protocol_v3/jobs/grasp_protocol_v3__tau_0p5__swan__swan_sf__seed1103/result.json,a4a1a61967f8dd102f8244b20bd3c60b56a2ac4175c6682adc4270dc6d6f8873,data_audit.train_only_scaler.scale[18],0.7491082918156635
grasp_protocol_v3__tau_0p5__swan__swan_sf__seed1103,tau_0p5,swan,swan_sf,1103,completed,experiments/runs/fm_grasp_protocol_v3/jobs/grasp_protocol_v3__tau_0p5__swan__swan_sf__seed1103/result.json,a4a1a61967f8dd102f8244b20bd3c60b56a2ac4175c6682adc4270dc6d6f8873,data_audit.train_only_scaler.scale[19],0.02580423934918983
grasp_protocol_v3__tau_0p5__swan__swan_sf__seed1103,tau_0p5,swan,swan_sf,1103,completed,experiments/runs/fm_grasp_protocol_v3/jobs/grasp_protocol_v3__tau_0p5__swan__swan_sf__seed1103/result.json,a4a1a61967f8dd102f8244b20bd3c60b56a2ac4175c6682adc4270dc6d6f8873,data_audit.train_only_scaler.scale[20],1.1825085057623071e+24
grasp_protocol_v3__tau_0p5__swan__swan_sf__seed1103,tau_0p5,swan,swan_sf,1103,completed,experiments/runs/fm_grasp_protocol_v3/jobs/grasp_protocol_v3__tau_0p5__swan__swan_sf__seed1103/result.json,a4a1a61967f8dd102f8244b20bd3c60b56a2ac4175c6682adc4270dc6d6f8873,data_audit.train_only_scaler.scale[21],0.13926497457575512
grasp_protocol_v3__tau_0p5__swan__swan_sf__seed1103,tau_0p5,swan,swan_sf,1103,completed,experiments/runs/fm_grasp_protocol_v3/jobs/grasp_protocol_v3__tau_0p5__swan__swan_sf__seed1103/result.json,a4a1a61967f8dd102f8244b20bd3c60b56a2ac4175c6682adc4270dc6d6f8873,data_audit.train_only_scaler.scale[22],0.18539980134319797
grasp_protocol_v3__tau_0p5__swan__swan_sf__seed1103,tau_0p5,swan,swan_sf,1103,completed,experiments/runs/fm_grasp_protocol_v3/jobs/grasp_protocol_v3__tau_0p5__swan__swan_sf__seed1103/result.json,a4a1a61967f8dd102f8244b20bd3c60b56a2ac4175c6682adc4270dc6d6f8873,data_audit.train_only_scaler.scale[23],1.712261267510182
grasp_protocol_v3__tau_0p5__swan__swan_sf__seed1103,tau_0p5,swan,swan_sf,1103,completed,experiments/runs/fm_grasp_protocol_v3/jobs/grasp_protocol_v3__tau_0p5__swan__swan_sf__seed1103/result.json,a4a1a61967f8dd102f8244b20bd3c60b56a2ac4175c6682adc4270dc6d6f8873,data_audit.train_only_scaler.scale[24],122.48048173928221
grasp_protocol_v3__tau_0p5__swan__swan_sf__seed1103,tau_0p5,swan,swan_sf,1103,completed,experiments/runs/fm_grasp_protocol_v3/jobs/grasp_protocol_v3__tau_0p5__swan__swan_sf__seed1103/result.json,a4a1a61967f8dd102f8244b20bd3c60b56a2ac4175c6682adc4270dc6d6f8873,data_audit.train_only_scaler.scale[25],118.53868905344714
grasp_protocol_v3__tau_0p5__swan__swan_sf__seed1103,tau_0p5,swan,swan_sf,1103,completed,experiments/runs/fm_grasp_protocol_v3/jobs/grasp_protocol_v3__tau_0p5__swan__swan_sf__seed1103/result.json,a4a1a61967f8dd102f8244b20bd3c60b56a2ac4175c6682adc4270dc6d6f8873,data_audit.train_only_scaler.scale[26],15.8413429430375
grasp_protocol_v3__tau_0p5__swan__swan_sf__seed1103,tau_0p5,swan,swan_sf,1103,completed,experiments/runs/fm_grasp_protocol_v3/jobs/grasp_protocol_v3__tau_0p5__swan__swan_sf__seed1103/result.json,a4a1a61967f8dd102f8244b20bd3c60b56a2ac4175c6682adc4270dc6d6f8873,data_audit.train_only_scaler.scale[27],33.25478901460059
grasp_protocol_v3__tau_0p5__swan__swan_sf__seed1103,tau_0p5,swan,swan_sf,1103,completed,experiments/runs/fm_grasp_protocol_v3/jobs/grasp_protocol_v3__tau_0p5__swan__swan_sf__seed1103/result.json,a4a1a61967f8dd102f8244b20bd3c60b56a2ac4175c6682adc4270dc6d6f8873,data_audit.train_only_scaler.scale[28],16.466208780244486
grasp_protocol_v3__tau_0p5__swan__swan_sf__seed1103,tau_0p5,swan,swan_sf,1103,completed,experiments/runs/fm_grasp_protocol_v3/jobs/grasp_protocol_v3__tau_0p5__swan__swan_sf__seed1103/result.json,a4a1a61967f8dd102f8244b20bd3c60b56a2ac4175c6682adc4270dc6d6f8873,data_audit.train_only_scaler.scale[29],33.90595903667634
grasp_protocol_v3__tau_0p5__swan__swan_sf__seed1103,tau_0p5,swan,swan_sf,1103,completed,experiments/runs/fm_grasp_protocol_v3/jobs/grasp_protocol_v3__tau_0p5__swan__swan_sf__seed1103/result.json,a4a1a61967f8dd102f8244b20bd3c60b56a2ac4175c6682adc4270dc6d6f8873,data_audit.train_only_scaler.scale[30],12719.09410671598
grasp_protocol_v3__tau_0p5__swan__swan_sf__seed1103,tau_0p5,swan,swan_sf,1103,completed,experiments/runs/fm_grasp_protocol_v3/jobs/grasp_protocol_v3__tau_0p5__swan__swan_sf__seed1103/result.json,a4a1a61967f8dd102f8244b20bd3c60b56a2ac4175c6682adc4270dc6d6f8873,data_audit.train_only_scaler.scale[31],0.19558883404879554
grasp_protocol_v3__tau_0p5__swan__swan_sf__seed1103,tau_0p5,swan,swan_sf,1103,completed,experiments/runs/fm_grasp_protocol_v3/jobs/grasp_protocol_v3__tau_0p5__swan__swan_sf__seed1103/result.json,a4a1a61967f8dd102f8244b20bd3c60b56a2ac4175c6682adc4270dc6d6f8873,data_audit.train_only_scaler.scale[32],1.0
grasp_protocol_v3__tau_0p5__swan__swan_sf__seed1103,tau_0p5,swan,swan_sf,1103,completed,experiments/runs/fm_grasp_protocol_v3/jobs/grasp_protocol_v3__tau_0p5__swan__swan_sf__seed1103/result.json,a4a1a61967f8dd102f8244b20bd3c60b56a2ac4175c6682adc4270dc6d6f8873,data_audit.train_only_scaler.scale[33],0.03380078329718015
grasp_protocol_v3__tau_0p5__swan__swan_sf__seed1103,tau_0p5,swan,swan_sf,1103,completed,experiments/runs/fm_grasp_protocol_v3/jobs/grasp_protocol_v3__tau_0p5__swan__swan_sf__seed1103/result.json,a4a1a61967f8dd102f8244b20bd3c60b56a2ac4175c6682adc4270dc6d6f8873,data_audit.train_only_scaler.scale[34],0.02390760435650135
grasp_protocol_v3__tau_0p5__swan__swan_sf__seed1103,tau_0p5,swan,swan_sf,1103,completed,experiments/runs/fm_grasp_protocol_v3/jobs/grasp_protocol_v3__tau_0p5__swan__swan_sf__seed1103/result.json,a4a1a61967f8dd102f8244b20bd3c60b56a2ac4175c6682adc4270dc6d6f8873,data_audit.train_only_scaler.scale[35],1.0
grasp_protocol_v3__tau_0p5__swan__swan_sf__seed1103,tau_0p5,swan,swan_sf,1103,completed,experiments/runs/fm_grasp_protocol_v3/jobs/grasp_protocol_v3__tau_0p5__swan__swan_sf__seed1103/result.json,a4a1a61967f8dd102f8244b20bd3c60b56a2ac4175c6682adc4270dc6d6f8873,data_audit.train_only_scaler.scale[36],4843.110750687241
grasp_protocol_v3__tau_0p5__swan__swan_sf__seed1103,tau_0p5,swan,swan_sf,1103,completed,experiments/runs/fm_grasp_protocol_v3/jobs/grasp_protocol_v3__tau_0p5__swan__swan_sf__seed1103/result.json,a4a1a61967f8dd102f8244b20bd3c60b56a2ac4175c6682adc4270dc6d6f8873,data_audit.train_only_scaler.scale[37],0.7110330701676929
grasp_protocol_v3__tau_0p5__swan__swan_sf__seed1103,tau_0p5,swan,swan_sf,1103,completed,experiments/runs/fm_grasp_protocol_v3/jobs/grasp_protocol_v3__tau_0p5__swan__swan_sf__seed1103/result.json,a4a1a61967f8dd102f8244b20bd3c60b56a2ac4175c6682adc4270dc6d6f8873,data_audit.train_only_scaler.constant_channels[0],32
grasp_protocol_v3__tau_0p5__swan__swan_sf__seed1103,tau_0p5,swan,swan_sf,1103,completed,experiments/runs/fm_grasp_protocol_v3/jobs/grasp_protocol_v3__tau_0p5__swan__swan_sf__seed1103/result.json,a4a1a61967f8dd102f8244b20bd3c60b56a2ac4175c6682adc4270dc6d6f8873,data_audit.train_only_scaler.constant_channels[1],35
grasp_protocol_v3__tau_0p5__swan__swan_sf__seed1103,tau_0p5,swan,swan_sf,1103,completed,experiments/runs/fm_grasp_protocol_v3/jobs/grasp_protocol_v3__tau_0p5__swan__swan_sf__seed1103/result.json,a4a1a61967f8dd102f8244b20bd3c60b56a2ac4175c6682adc4270dc6d6f8873,data_audit.train_only_scaler.repairs[0],0
grasp_protocol_v3__tau_0p5__swan__swan_sf__seed1103,tau_0p5,swan,swan_sf,1103,completed,experiments/runs/fm_grasp_protocol_v3/jobs/grasp_protocol_v3__tau_0p5__swan__swan_sf__seed1103/result.json,a4a1a61967f8dd102f8244b20bd3c60b56a2ac4175c6682adc4270dc6d6f8873,data_audit.train_only_scaler.repairs[1],0
grasp_protocol_v3__tau_1__swan__swan_sf__seed1103,tau_1,swan,swan_sf,1103,completed,experiments/runs/fm_grasp_protocol_v3/jobs/grasp_protocol_v3__tau_1__swan__swan_sf__seed1103/result.json,3e62d9135d5003751fa5385d4a38cd3cbd398c614ea00f12eb6e8cd59b83242a,job.seed,1103
grasp_protocol_v3__tau_1__swan__swan_sf__seed1103,tau_1,swan,swan_sf,1103,completed,experiments/runs/fm_grasp_protocol_v3/jobs/grasp_protocol_v3__tau_1__swan__swan_sf__seed1103/result.json,3e62d9135d5003751fa5385d4a38cd3cbd398c614ea00f12eb6e8cd59b83242a,job.expected_optimizer_updates,93000
grasp_protocol_v3__tau_1__swan__swan_sf__seed1103,tau_1,swan,swan_sf,1103,completed,experiments/runs/fm_grasp_protocol_v3/jobs/grasp_protocol_v3__tau_1__swan__swan_sf__seed1103/result.json,3e62d9135d5003751fa5385d4a38cd3cbd398c614ea00f12eb6e8cd59b83242a,job.test_points,72000
grasp_protocol_v3__tau_1__swan__swan_sf__seed1103,tau_1,swan,swan_sf,1103,completed,experiments/runs/fm_grasp_protocol_v3/jobs/grasp_protocol_v3__tau_1__swan__swan_sf__seed1103/result.json,3e62d9135d5003751fa5385d4a38cd3cbd398c614ea00f12eb6e8cd59b83242a,job.validation_points,3935
grasp_protocol_v3__tau_1__swan__swan_sf__seed1103,tau_1,swan,swan_sf,1103,completed,experiments/runs/fm_grasp_protocol_v3/jobs/grasp_protocol_v3__tau_1__swan__swan_sf__seed1103/result.json,3e62d9135d5003751fa5385d4a38cd3cbd398c614ea00f12eb6e8cd59b83242a,job.score_recipes[0].source_samples,5
grasp_protocol_v3__tau_1__swan__swan_sf__seed1103,tau_1,swan,swan_sf,1103,completed,experiments/runs/fm_grasp_protocol_v3/jobs/grasp_protocol_v3__tau_1__swan__swan_sf__seed1103/result.json,3e62d9135d5003751fa5385d4a38cd3cbd398c614ea00f12eb6e8cd59b83242a,job.score_recipes[0].flow_evaluations,10
grasp_protocol_v3__tau_1__swan__swan_sf__seed1103,tau_1,swan,swan_sf,1103,completed,experiments/runs/fm_grasp_protocol_v3/jobs/grasp_protocol_v3__tau_1__swan__swan_sf__seed1103/result.json,3e62d9135d5003751fa5385d4a38cd3cbd398c614ea00f12eb6e8cd59b83242a,epochs_completed,1500
grasp_protocol_v3__tau_1__swan__swan_sf__seed1103,tau_1,swan,swan_sf,1103,completed,experiments/runs/fm_grasp_protocol_v3/jobs/grasp_protocol_v3__tau_1__swan__swan_sf__seed1103/result.json,3e62d9135d5003751fa5385d4a38cd3cbd398c614ea00f12eb6e8cd59b83242a,optimizer_updates,93000
grasp_protocol_v3__tau_1__swan__swan_sf__seed1103,tau_1,swan,swan_sf,1103,completed,experiments/runs/fm_grasp_protocol_v3/jobs/grasp_protocol_v3__tau_1__swan__swan_sf__seed1103/result.json,3e62d9135d5003751fa5385d4a38cd3cbd398c614ea00f12eb6e8cd59b83242a,scored_points,72000
grasp_protocol_v3__tau_1__swan__swan_sf__seed1103,tau_1,swan,swan_sf,1103,completed,experiments/runs/fm_grasp_protocol_v3/jobs/grasp_protocol_v3__tau_1__swan__swan_sf__seed1103/result.json,3e62d9135d5003751fa5385d4a38cd3cbd398c614ea00f12eb6e8cd59b83242a,validation_points,3935
grasp_protocol_v3__tau_1__swan__swan_sf__seed1103,tau_1,swan,swan_sf,1103,completed,experiments/runs/fm_grasp_protocol_v3/jobs/grasp_protocol_v3__tau_1__swan__swan_sf__seed1103/result.json,3e62d9135d5003751fa5385d4a38cd3cbd398c614ea00f12eb6e8cd59b83242a,score_recipes[0].source_samples,5
grasp_protocol_v3__tau_1__swan__swan_sf__seed1103,tau_1,swan,swan_sf,1103,completed,experiments/runs/fm_grasp_protocol_v3/jobs/grasp_protocol_v3__tau_1__swan__swan_sf__seed1103/result.json,3e62d9135d5003751fa5385d4a38cd3cbd398c614ea00f12eb6e8cd59b83242a,score_recipes[0].flow_evaluations,10
grasp_protocol_v3__tau_1__swan__swan_sf__seed1103,tau_1,swan,swan_sf,1103,completed,experiments/runs/fm_grasp_protocol_v3/jobs/grasp_protocol_v3__tau_1__swan__swan_sf__seed1103/result.json,3e62d9135d5003751fa5385d4a38cd3cbd398c614ea00f12eb6e8cd59b83242a,parameter_count,69244
grasp_protocol_v3__tau_1__swan__swan_sf__seed1103,tau_1,swan,swan_sf,1103,completed,experiments/runs/fm_grasp_protocol_v3/jobs/grasp_protocol_v3__tau_1__swan__swan_sf__seed1103/result.json,3e62d9135d5003751fa5385d4a38cd3cbd398c614ea00f12eb6e8cd59b83242a,training_seconds,696.1622671000077
grasp_protocol_v3__tau_1__swan__swan_sf__seed1103,tau_1,swan,swan_sf,1103,completed,experiments/runs/fm_grasp_protocol_v3/jobs/grasp_protocol_v3__tau_1__swan__swan_sf__seed1103/result.json,3e62d9135d5003751fa5385d4a38cd3cbd398c614ea00f12eb6e8cd59b83242a,peak_cuda_allocated_bytes,163084288
grasp_protocol_v3__tau_1__swan__swan_sf__seed1103,tau_1,swan,swan_sf,1103,completed,experiments/runs/fm_grasp_protocol_v3/jobs/grasp_protocol_v3__tau_1__swan__swan_sf__seed1103/result.json,3e62d9135d5003751fa5385d4a38cd3cbd398c614ea00f12eb6e8cd59b83242a,peak_cuda_reserved_bytes,201326592
grasp_protocol_v3__tau_1__swan__swan_sf__seed1103,tau_1,swan,swan_sf,1103,completed,experiments/runs/fm_grasp_protocol_v3/jobs/grasp_protocol_v3__tau_1__swan__swan_sf__seed1103/result.json,3e62d9135d5003751fa5385d4a38cd3cbd398c614ea00f12eb6e8cd59b83242a,cpu_threads,2
grasp_protocol_v3__tau_1__swan__swan_sf__seed1103,tau_1,swan,swan_sf,1103,completed,experiments/runs/fm_grasp_protocol_v3/jobs/grasp_protocol_v3__tau_1__swan__swan_sf__seed1103/result.json,3e62d9135d5003751fa5385d4a38cd3cbd398c614ea00f12eb6e8cd59b83242a,metrics[0].recipe.source_samples,5
grasp_protocol_v3__tau_1__swan__swan_sf__seed1103,tau_1,swan,swan_sf,1103,completed,experiments/runs/fm_grasp_protocol_v3/jobs/grasp_protocol_v3__tau_1__swan__swan_sf__seed1103/result.json,3e62d9135d5003751fa5385d4a38cd3cbd398c614ea00f12eb6e8cd59b83242a,metrics[0].recipe.flow_evaluations,10
grasp_protocol_v3__tau_1__swan__swan_sf__seed1103,tau_1,swan,swan_sf,1103,completed,experiments/runs/fm_grasp_protocol_v3/jobs/grasp_protocol_v3__tau_1__swan__swan_sf__seed1103/result.json,3e62d9135d5003751fa5385d4a38cd3cbd398c614ea00f12eb6e8cd59b83242a,metrics[0].metrics.paper_retrospective.AP,0.5365589752038928
grasp_protocol_v3__tau_1__swan__swan_sf__seed1103,tau_1,swan,swan_sf,1103,completed,experiments/runs/fm_grasp_protocol_v3/jobs/grasp_protocol_v3__tau_1__swan__swan_sf__seed1103/result.json,3e62d9135d5003751fa5385d4a38cd3cbd398c614ea00f12eb6e8cd59b83242a,metrics[0].metrics.paper_retrospective.ROC,0.7307928493371294
grasp_protocol_v3__tau_1__swan__swan_sf__seed1103,tau_1,swan,swan_sf,1103,completed,experiments/runs/fm_grasp_protocol_v3/jobs/grasp_protocol_v3__tau_1__swan__swan_sf__seed1103/result.json,3e62d9135d5003751fa5385d4a38cd3cbd398c614ea00f12eb6e8cd59b83242a,metrics[0].metrics.paper_retrospective.Best_F1,0.5413884865520378
grasp_protocol_v3__tau_1__swan__swan_sf__seed1103,tau_1,swan,swan_sf,1103,completed,experiments/runs/fm_grasp_protocol_v3/jobs/grasp_protocol_v3__tau_1__swan__swan_sf__seed1103/result.json,3e62d9135d5003751fa5385d4a38cd3cbd398c614ea00f12eb6e8cd59b83242a,metrics[0].metrics.validation_only_control.precision,0.3726746413520072
grasp_protocol_v3__tau_1__swan__swan_sf__seed1103,tau_1,swan,swan_sf,1103,completed,experiments/runs/fm_grasp_protocol_v3/jobs/grasp_protocol_v3__tau_1__swan__swan_sf__seed1103/result.json,3e62d9135d5003751fa5385d4a38cd3cbd398c614ea00f12eb6e8cd59b83242a,metrics[0].metrics.validation_only_control.recall,0.871094527363184
grasp_protocol_v3__tau_1__swan__swan_sf__seed1103,tau_1,swan,swan_sf,1103,completed,experiments/runs/fm_grasp_protocol_v3/jobs/grasp_protocol_v3__tau_1__swan__swan_sf__seed1103/result.json,3e62d9135d5003751fa5385d4a38cd3cbd398c614ea00f12eb6e8cd59b83242a,metrics[0].metrics.validation_only_control.f1,0.5220178289257923
grasp_protocol_v3__tau_1__swan__swan_sf__seed1103,tau_1,swan,swan_sf,1103,completed,experiments/runs/fm_grasp_protocol_v3/jobs/grasp_protocol_v3__tau_1__swan__swan_sf__seed1103/result.json,3e62d9135d5003751fa5385d4a38cd3cbd398c614ea00f12eb6e8cd59b83242a,metrics[0].metrics.validation_only_control.threshold,5669.601565820311
grasp_protocol_v3__tau_1__swan__swan_sf__seed1103,tau_1,swan,swan_sf,1103,completed,experiments/runs/fm_grasp_protocol_v3/jobs/grasp_protocol_v3__tau_1__swan__swan_sf__seed1103/result.json,3e62d9135d5003751fa5385d4a38cd3cbd398c614ea00f12eb6e8cd59b83242a,metrics[0].metrics.validation_only_control.quantile,0.99
grasp_protocol_v3__tau_1__swan__swan_sf__seed1103,tau_1,swan,swan_sf,1103,completed,experiments/runs/fm_grasp_protocol_v3/jobs/grasp_protocol_v3__tau_1__swan__swan_sf__seed1103/result.json,3e62d9135d5003751fa5385d4a38cd3cbd398c614ea00f12eb6e8cd59b83242a,metrics[0].validation_score_seconds,1.9259324000013294
grasp_protocol_v3__tau_1__swan__swan_sf__seed1103,tau_1,swan,swan_sf,1103,completed,experiments/runs/fm_grasp_protocol_v3/jobs/grasp_protocol_v3__tau_1__swan__swan_sf__seed1103/result.json,3e62d9135d5003751fa5385d4a38cd3cbd398c614ea00f12eb6e8cd59b83242a,metrics[0].test_score_seconds,33.75253930001054
grasp_protocol_v3__tau_1__swan__swan_sf__seed1103,tau_1,swan,swan_sf,1103,completed,experiments/runs/fm_grasp_protocol_v3/jobs/grasp_protocol_v3__tau_1__swan__swan_sf__seed1103/result.json,3e62d9135d5003751fa5385d4a38cd3cbd398c614ea00f12eb6e8cd59b83242a,metrics[0].window_evaluations,71951
grasp_protocol_v3__tau_1__swan__swan_sf__seed1103,tau_1,swan,swan_sf,1103,completed,experiments/runs/fm_grasp_protocol_v3/jobs/grasp_protocol_v3__tau_1__swan__swan_sf__seed1103/result.json,3e62d9135d5003751fa5385d4a38cd3cbd398c614ea00f12eb6e8cd59b83242a,data_audit.raw_train_points,19672
grasp_protocol_v3__tau_1__swan__swan_sf__seed1103,tau_1,swan,swan_sf,1103,completed,experiments/runs/fm_grasp_protocol_v3/jobs/grasp_protocol_v3__tau_1__swan__swan_sf__seed1103/result.json,3e62d9135d5003751fa5385d4a38cd3cbd398c614ea00f12eb6e8cd59b83242a,data_audit.split_cut,15737
grasp_protocol_v3__tau_1__swan__swan_sf__seed1103,tau_1,swan,swan_sf,1103,completed,experiments/runs/fm_grasp_protocol_v3/jobs/grasp_protocol_v3__tau_1__swan__swan_sf__seed1103/result.json,3e62d9135d5003751fa5385d4a38cd3cbd398c614ea00f12eb6e8cd59b83242a,data_audit.fit_points,15737
grasp_protocol_v3__tau_1__swan__swan_sf__seed1103,tau_1,swan,swan_sf,1103,completed,experiments/runs/fm_grasp_protocol_v3/jobs/grasp_protocol_v3__tau_1__swan__swan_sf__seed1103/result.json,3e62d9135d5003751fa5385d4a38cd3cbd398c614ea00f12eb6e8cd59b83242a,data_audit.validation_points,3935
grasp_protocol_v3__tau_1__swan__swan_sf__seed1103,tau_1,swan,swan_sf,1103,completed,experiments/runs/fm_grasp_protocol_v3/jobs/grasp_protocol_v3__tau_1__swan__swan_sf__seed1103/result.json,3e62d9135d5003751fa5385d4a38cd3cbd398c614ea00f12eb6e8cd59b83242a,data_audit.test_points,72000
grasp_protocol_v3__tau_1__swan__swan_sf__seed1103,tau_1,swan,swan_sf,1103,completed,experiments/runs/fm_grasp_protocol_v3/jobs/grasp_protocol_v3__tau_1__swan__swan_sf__seed1103/result.json,3e62d9135d5003751fa5385d4a38cd3cbd398c614ea00f12eb6e8cd59b83242a,data_audit.test_anomaly_points,20100
grasp_protocol_v3__tau_1__swan__swan_sf__seed1103,tau_1,swan,swan_sf,1103,completed,experiments/runs/fm_grasp_protocol_v3/jobs/grasp_protocol_v3__tau_1__swan__swan_sf__seed1103/result.json,3e62d9135d5003751fa5385d4a38cd3cbd398c614ea00f12eb6e8cd59b83242a,data_audit.features,38
grasp_protocol_v3__tau_1__swan__swan_sf__seed1103,tau_1,swan,swan_sf,1103,completed,experiments/runs/fm_grasp_protocol_v3/jobs/grasp_protocol_v3__tau_1__swan__swan_sf__seed1103/result.json,3e62d9135d5003751fa5385d4a38cd3cbd398c614ea00f12eb6e8cd59b83242a,data_audit.paper_variables,39
grasp_protocol_v3__tau_1__swan__swan_sf__seed1103,tau_1,swan,swan_sf,1103,completed,experiments/runs/fm_grasp_protocol_v3/jobs/grasp_protocol_v3__tau_1__swan__swan_sf__seed1103/result.json,3e62d9135d5003751fa5385d4a38cd3cbd398c614ea00f12eb6e8cd59b83242a,data_audit.fit_window_count,15688
grasp_protocol_v3__tau_1__swan__swan_sf__seed1103,tau_1,swan,swan_sf,1103,completed,experiments/runs/fm_grasp_protocol_v3/jobs/grasp_protocol_v3__tau_1__swan__swan_sf__seed1103/result.json,3e62d9135d5003751fa5385d4a38cd3cbd398c614ea00f12eb6e8cd59b83242a,data_audit.validation_window_count,3886
grasp_protocol_v3__tau_1__swan__swan_sf__seed1103,tau_1,swan,swan_sf,1103,completed,experiments/runs/fm_grasp_protocol_v3/jobs/grasp_protocol_v3__tau_1__swan__swan_sf__seed1103/result.json,3e62d9135d5003751fa5385d4a38cd3cbd398c614ea00f12eb6e8cd59b83242a,data_audit.test_window_count,71951
grasp_protocol_v3__tau_1__swan__swan_sf__seed1103,tau_1,swan,swan_sf,1103,completed,experiments/runs/fm_grasp_protocol_v3/jobs/grasp_protocol_v3__tau_1__swan__swan_sf__seed1103/result.json,3e62d9135d5003751fa5385d4a38cd3cbd398c614ea00f12eb6e8cd59b83242a,data_audit.source_audit.training_anomaly_points,0
grasp_protocol_v3__tau_1__swan__swan_sf__seed1103,tau_1,swan,swan_sf,1103,completed,experiments/runs/fm_grasp_protocol_v3/jobs/grasp_protocol_v3__tau_1__swan__swan_sf__seed1103/result.json,3e62d9135d5003751fa5385d4a38cd3cbd398c614ea00f12eb6e8cd59b83242a,data_audit.train_only_scaler.median[0],109.79161766427605
grasp_protocol_v3__tau_1__swan__swan_sf__seed1103,tau_1,swan,swan_sf,1103,completed,experiments/runs/fm_grasp_protocol_v3/jobs/grasp_protocol_v3__tau_1__swan__swan_sf__seed1103/result.json,3e62d9135d5003751fa5385d4a38cd3cbd398c614ea00f12eb6e8cd59b83242a,data_audit.train_only_scaler.median[1],902576622.3893
grasp_protocol_v3__tau_1__swan__swan_sf__seed1103,tau_1,swan,swan_sf,1103,completed,experiments/runs/fm_grasp_protocol_v3/jobs/grasp_protocol_v3__tau_1__swan__swan_sf__seed1103/result.json,3e62d9135d5003751fa5385d4a38cd3cbd398c614ea00f12eb6e8cd59b83242a,data_audit.train_only_scaler.median[2],7.167510432855177e+21
grasp_protocol_v3__tau_1__swan__swan_sf__seed1103,tau_1,swan,swan_sf,1103,completed,experiments/runs/fm_grasp_protocol_v3/jobs/grasp_protocol_v3__tau_1__swan__swan_sf__seed1103/result.json,3e62d9135d5003751fa5385d4a38cd3cbd398c614ea00f12eb6e8cd59b83242a,data_audit.train_only_scaler.median[3],2295775301630.038
grasp_protocol_v3__tau_1__swan__swan_sf__seed1103,tau_1,swan,swan_sf,1103,completed,experiments/runs/fm_grasp_protocol_v3/jobs/grasp_protocol_v3__tau_1__swan__swan_sf__seed1103/result.json,3e62d9135d5003751fa5385d4a38cd3cbd398c614ea00f12eb6e8cd59b83242a,data_audit.train_only_scaler.median[4],7.525211717955138
grasp_protocol_v3__tau_1__swan__swan_sf__seed1103,tau_1,swan,swan_sf,1103,completed,experiments/runs/fm_grasp_protocol_v3/jobs/grasp_protocol_v3__tau_1__swan__swan_sf__seed1103/result.json,3e62d9135d5003751fa5385d4a38cd3cbd398c614ea00f12eb6e8cd59b83242a,data_audit.train_only_scaler.median[5],644965299185.6748
grasp_protocol_v3__tau_1__swan__swan_sf__seed1103,tau_1,swan,swan_sf,1103,completed,experiments/runs/fm_grasp_protocol_v3/jobs/grasp_protocol_v3__tau_1__swan__swan_sf__seed1103/result.json,3e62d9135d5003751fa5385d4a38cd3cbd398c614ea00f12eb6e8cd59b83242a,data_audit.train_only_scaler.median[6],1.5930829208471184e+21
grasp_protocol_v3__tau_1__swan__swan_sf__seed1103,tau_1,swan,swan_sf,1103,completed,experiments/runs/fm_grasp_protocol_v3/jobs/grasp_protocol_v3__tau_1__swan__swan_sf__seed1103/result.json,3e62d9135d5003751fa5385d4a38cd3cbd398c614ea00f12eb6e8cd59b83242a,data_audit.train_only_scaler.median[7],-6.896515213991394e+23
grasp_protocol_v3__tau_1__swan__swan_sf__seed1103,tau_1,swan,swan_sf,1103,completed,experiments/runs/fm_grasp_protocol_v3/jobs/grasp_protocol_v3__tau_1__swan__swan_sf__seed1103/result.json,3e62d9135d5003751fa5385d4a38cd3cbd398c614ea00f12eb6e8cd59b83242a,data_audit.train_only_scaler.median[8],1881.226580056299
grasp_protocol_v3__tau_1__swan__swan_sf__seed1103,tau_1,swan,swan_sf,1103,completed,experiments/runs/fm_grasp_protocol_v3/jobs/grasp_protocol_v3__tau_1__swan__swan_sf__seed1103/result.json,3e62d9135d5003751fa5385d4a38cd3cbd398c614ea00f12eb6e8cd59b83242a,data_audit.train_only_scaler.median[9],-0.5826949720780651
grasp_protocol_v3__tau_1__swan__swan_sf__seed1103,tau_1,swan,swan_sf,1103,completed,experiments/runs/fm_grasp_protocol_v3/jobs/grasp_protocol_v3__tau_1__swan__swan_sf__seed1103/result.json,3e62d9135d5003751fa5385d4a38cd3cbd398c614ea00f12eb6e8cd59b83242a,data_audit.train_only_scaler.median[10],23.2614382342434
grasp_protocol_v3__tau_1__swan__swan_sf__seed1103,tau_1,swan,swan_sf,1103,completed,experiments/runs/fm_grasp_protocol_v3/jobs/grasp_protocol_v3__tau_1__swan__swan_sf__seed1103/result.json,3e62d9135d5003751fa5385d4a38cd3cbd398c614ea00f12eb6e8cd59b83242a,data_audit.train_only_scaler.median[11],4.1031652989449015
grasp_protocol_v3__tau_1__swan__swan_sf__seed1103,tau_1,swan,swan_sf,1103,completed,experiments/runs/fm_grasp_protocol_v3/jobs/grasp_protocol_v3__tau_1__swan__swan_sf__seed1103/result.json,3e62d9135d5003751fa5385d4a38cd3cbd398c614ea00f12eb6e8cd59b83242a,data_audit.train_only_scaler.median[12],30.334544652596342
grasp_protocol_v3__tau_1__swan__swan_sf__seed1103,tau_1,swan,swan_sf,1103,completed,experiments/runs/fm_grasp_protocol_v3/jobs/grasp_protocol_v3__tau_1__swan__swan_sf__seed1103/result.json,3e62d9135d5003751fa5385d4a38cd3cbd398c614ea00f12eb6e8cd59b83242a,data_audit.train_only_scaler.median[13],123.55687630744043
grasp_protocol_v3__tau_1__swan__swan_sf__seed1103,tau_1,swan,swan_sf,1103,completed,experiments/runs/fm_grasp_protocol_v3/jobs/grasp_protocol_v3__tau_1__swan__swan_sf__seed1103/result.json,3e62d9135d5003751fa5385d4a38cd3cbd398c614ea00f12eb6e8cd59b83242a,data_audit.train_only_scaler.median[14],124.10909511835108
grasp_protocol_v3__tau_1__swan__swan_sf__seed1103,tau_1,swan,swan_sf,1103,completed,experiments/runs/fm_grasp_protocol_v3/jobs/grasp_protocol_v3__tau_1__swan__swan_sf__seed1103/result.json,3e62d9135d5003751fa5385d4a38cd3cbd398c614ea00f12eb6e8cd59b83242a,data_audit.train_only_scaler.median[15],53.50452393957681
grasp_protocol_v3__tau_1__swan__swan_sf__seed1103,tau_1,swan,swan_sf,1103,completed,experiments/runs/fm_grasp_protocol_v3/jobs/grasp_protocol_v3__tau_1__swan__swan_sf__seed1103/result.json,3e62d9135d5003751fa5385d4a38cd3cbd398c614ea00f12eb6e8cd59b83242a,data_audit.train_only_scaler.median[16],0.0007316367027569
grasp_protocol_v3__tau_1__swan__swan_sf__seed1103,tau_1,swan,swan_sf,1103,completed,experiments/runs/fm_grasp_protocol_v3/jobs/grasp_protocol_v3__tau_1__swan__swan_sf__seed1103/result.json,3e62d9135d5003751fa5385d4a38cd3cbd398c614ea00f12eb6e8cd59b83242a,data_audit.train_only_scaler.median[17],-1.612043362204535e+22
grasp_protocol_v3__tau_1__swan__swan_sf__seed1103,tau_1,swan,swan_sf,1103,completed,experiments/runs/fm_grasp_protocol_v3/jobs/grasp_protocol_v3__tau_1__swan__swan_sf__seed1103/result.json,3e62d9135d5003751fa5385d4a38cd3cbd398c614ea00f12eb6e8cd59b83242a,data_audit.train_only_scaler.median[18],0.1806838037433196
grasp_protocol_v3__tau_1__swan__swan_sf__seed1103,tau_1,swan,swan_sf,1103,completed,experiments/runs/fm_grasp_protocol_v3/jobs/grasp_protocol_v3__tau_1__swan__swan_sf__seed1103/result.json,3e62d9135d5003751fa5385d4a38cd3cbd398c614ea00f12eb6e8cd59b83242a,data_audit.train_only_scaler.median[19],0.0024643825097276
grasp_protocol_v3__tau_1__swan__swan_sf__seed1103,tau_1,swan,swan_sf,1103,completed,experiments/runs/fm_grasp_protocol_v3/jobs/grasp_protocol_v3__tau_1__swan__swan_sf__seed1103/result.json,3e62d9135d5003751fa5385d4a38cd3cbd398c614ea00f12eb6e8cd59b83242a,data_audit.train_only_scaler.median[20],-1.7582466676047812e+22
grasp_protocol_v3__tau_1__swan__swan_sf__seed1103,tau_1,swan,swan_sf,1103,completed,experiments/runs/fm_grasp_protocol_v3/jobs/grasp_protocol_v3__tau_1__swan__swan_sf__seed1103/result.json,3e62d9135d5003751fa5385d4a38cd3cbd398c614ea00f12eb6e8cd59b83242a,data_audit.train_only_scaler.median[21],0.0248835927535584
grasp_protocol_v3__tau_1__swan__swan_sf__seed1103,tau_1,swan,swan_sf,1103,completed,experiments/runs/fm_grasp_protocol_v3/jobs/grasp_protocol_v3__tau_1__swan__swan_sf__seed1103/result.json,3e62d9135d5003751fa5385d4a38cd3cbd398c614ea00f12eb6e8cd59b83242a,data_audit.train_only_scaler.median[22],0.0411580664279638
grasp_protocol_v3__tau_1__swan__swan_sf__seed1103,tau_1,swan,swan_sf,1103,completed,experiments/runs/fm_grasp_protocol_v3/jobs/grasp_protocol_v3__tau_1__swan__swan_sf__seed1103/result.json,3e62d9135d5003751fa5385d4a38cd3cbd398c614ea00f12eb6e8cd59b83242a,data_audit.train_only_scaler.median[23],0.0
grasp_protocol_v3__tau_1__swan__swan_sf__seed1103,tau_1,swan,swan_sf,1103,completed,experiments/runs/fm_grasp_protocol_v3/jobs/grasp_protocol_v3__tau_1__swan__swan_sf__seed1103/result.json,3e62d9135d5003751fa5385d4a38cd3cbd398c614ea00f12eb6e8cd59b83242a,data_audit.train_only_scaler.median[24],223.862839
grasp_protocol_v3__tau_1__swan__swan_sf__seed1103,tau_1,swan,swan_sf,1103,completed,experiments/runs/fm_grasp_protocol_v3/jobs/grasp_protocol_v3__tau_1__swan__swan_sf__seed1103/result.json,3e62d9135d5003751fa5385d4a38cd3cbd398c614ea00f12eb6e8cd59b83242a,data_audit.train_only_scaler.median[25],263.178192
grasp_protocol_v3__tau_1__swan__swan_sf__seed1103,tau_1,swan,swan_sf,1103,completed,experiments/runs/fm_grasp_protocol_v3/jobs/grasp_protocol_v3__tau_1__swan__swan_sf__seed1103/result.json,3e62d9135d5003751fa5385d4a38cd3cbd398c614ea00f12eb6e8cd59b83242a,data_audit.train_only_scaler.median[26],3.667938
grasp_protocol_v3__tau_1__swan__swan_sf__seed1103,tau_1,swan,swan_sf,1103,completed,experiments/runs/fm_grasp_protocol_v3/jobs/grasp_protocol_v3__tau_1__swan__swan_sf__seed1103/result.json,3e62d9135d5003751fa5385d4a38cd3cbd398c614ea00f12eb6e8cd59b83242a,data_audit.train_only_scaler.median[27],-2.074256
grasp_protocol_v3__tau_1__swan__swan_sf__seed1103,tau_1,swan,swan_sf,1103,completed,experiments/runs/fm_grasp_protocol_v3/jobs/grasp_protocol_v3__tau_1__swan__swan_sf__seed1103/result.json,3e62d9135d5003751fa5385d4a38cd3cbd398c614ea00f12eb6e8cd59b83242a,data_audit.train_only_scaler.median[28],6.692411
grasp_protocol_v3__tau_1__swan__swan_sf__seed1103,tau_1,swan,swan_sf,1103,completed,experiments/runs/fm_grasp_protocol_v3/jobs/grasp_protocol_v3__tau_1__swan__swan_sf__seed1103/result.json,3e62d9135d5003751fa5385d4a38cd3cbd398c614ea00f12eb6e8cd59b83242a,data_audit.train_only_scaler.median[29],10.207301
grasp_protocol_v3__tau_1__swan__swan_sf__seed1103,tau_1,swan,swan_sf,1103,completed,experiments/runs/fm_grasp_protocol_v3/jobs/grasp_protocol_v3__tau_1__swan__swan_sf__seed1103/result.json,3e62d9135d5003751fa5385d4a38cd3cbd398c614ea00f12eb6e8cd59b83242a,data_audit.train_only_scaler.median[30],0.0
grasp_protocol_v3__tau_1__swan__swan_sf__seed1103,tau_1,swan,swan_sf,1103,completed,experiments/runs/fm_grasp_protocol_v3/jobs/grasp_protocol_v3__tau_1__swan__swan_sf__seed1103/result.json,3e62d9135d5003751fa5385d4a38cd3cbd398c614ea00f12eb6e8cd59b83242a,data_audit.train_only_scaler.median[31],1.0
grasp_protocol_v3__tau_1__swan__swan_sf__seed1103,tau_1,swan,swan_sf,1103,completed,experiments/runs/fm_grasp_protocol_v3/jobs/grasp_protocol_v3__tau_1__swan__swan_sf__seed1103/result.json,3e62d9135d5003751fa5385d4a38cd3cbd398c614ea00f12eb6e8cd59b83242a,data_audit.train_only_scaler.median[32],0.0
grasp_protocol_v3__tau_1__swan__swan_sf__seed1103,tau_1,swan,swan_sf,1103,completed,experiments/runs/fm_grasp_protocol_v3/jobs/grasp_protocol_v3__tau_1__swan__swan_sf__seed1103/result.json,3e62d9135d5003751fa5385d4a38cd3cbd398c614ea00f12eb6e8cd59b83242a,data_audit.train_only_scaler.median[33],0.0
grasp_protocol_v3__tau_1__swan__swan_sf__seed1103,tau_1,swan,swan_sf,1103,completed,experiments/runs/fm_grasp_protocol_v3/jobs/grasp_protocol_v3__tau_1__swan__swan_sf__seed1103/result.json,3e62d9135d5003751fa5385d4a38cd3cbd398c614ea00f12eb6e8cd59b83242a,data_audit.train_only_scaler.median[34],0.0
grasp_protocol_v3__tau_1__swan__swan_sf__seed1103,tau_1,swan,swan_sf,1103,completed,experiments/runs/fm_grasp_protocol_v3/jobs/grasp_protocol_v3__tau_1__swan__swan_sf__seed1103/result.json,3e62d9135d5003751fa5385d4a38cd3cbd398c614ea00f12eb6e8cd59b83242a,data_audit.train_only_scaler.median[35],0.0
grasp_protocol_v3__tau_1__swan__swan_sf__seed1103,tau_1,swan,swan_sf,1103,completed,experiments/runs/fm_grasp_protocol_v3/jobs/grasp_protocol_v3__tau_1__swan__swan_sf__seed1103/result.json,3e62d9135d5003751fa5385d4a38cd3cbd398c614ea00f12eb6e8cd59b83242a,data_audit.train_only_scaler.median[36],1.23e-06
grasp_protocol_v3__tau_1__swan__swan_sf__seed1103,tau_1,swan,swan_sf,1103,completed,experiments/runs/fm_grasp_protocol_v3/jobs/grasp_protocol_v3__tau_1__swan__swan_sf__seed1103/result.json,3e62d9135d5003751fa5385d4a38cd3cbd398c614ea00f12eb6e8cd59b83242a,data_audit.train_only_scaler.median[37],12.0
grasp_protocol_v3__tau_1__swan__swan_sf__seed1103,tau_1,swan,swan_sf,1103,completed,experiments/runs/fm_grasp_protocol_v3/jobs/grasp_protocol_v3__tau_1__swan__swan_sf__seed1103/result.json,3e62d9135d5003751fa5385d4a38cd3cbd398c614ea00f12eb6e8cd59b83242a,data_audit.train_only_scaler.mean[0],305.1626169607622
grasp_protocol_v3__tau_1__swan__swan_sf__seed1103,tau_1,swan,swan_sf,1103,completed,experiments/runs/fm_grasp_protocol_v3/jobs/grasp_protocol_v3__tau_1__swan__swan_sf__seed1103/result.json,3e62d9135d5003751fa5385d4a38cd3cbd398c614ea00f12eb6e8cd59b83242a,data_audit.train_only_scaler.mean[1],3891992090.7515807
grasp_protocol_v3__tau_1__swan__swan_sf__seed1103,tau_1,swan,swan_sf,1103,completed,experiments/runs/fm_grasp_protocol_v3/jobs/grasp_protocol_v3__tau_1__swan__swan_sf__seed1103/result.json,3e62d9135d5003751fa5385d4a38cd3cbd398c614ea00f12eb6e8cd59b83242a,data_audit.train_only_scaler.mean[2],1.0852574129680566e+23
grasp_protocol_v3__tau_1__swan__swan_sf__seed1103,tau_1,swan,swan_sf,1103,completed,experiments/runs/fm_grasp_protocol_v3/jobs/grasp_protocol_v3__tau_1__swan__swan_sf__seed1103/result.json,3e62d9135d5003751fa5385d4a38cd3cbd398c614ea00f12eb6e8cd59b83242a,data_audit.train_only_scaler.mean[3],6278208406547.6875
grasp_protocol_v3__tau_1__swan__swan_sf__seed1103,tau_1,swan,swan_sf,1103,completed,experiments/runs/fm_grasp_protocol_v3/jobs/grasp_protocol_v3__tau_1__swan__swan_sf__seed1103/result.json,3e62d9135d5003751fa5385d4a38cd3cbd398c614ea00f12eb6e8cd59b83242a,data_audit.train_only_scaler.mean[4],41.4241013709116
grasp_protocol_v3__tau_1__swan__swan_sf__seed1103,tau_1,swan,swan_sf,1103,completed,experiments/runs/fm_grasp_protocol_v3/jobs/grasp_protocol_v3__tau_1__swan__swan_sf__seed1103/result.json,3e62d9135d5003751fa5385d4a38cd3cbd398c614ea00f12eb6e8cd59b83242a,data_audit.train_only_scaler.mean[5],2144531812602.708
grasp_protocol_v3__tau_1__swan__swan_sf__seed1103,tau_1,swan,swan_sf,1103,completed,experiments/runs/fm_grasp_protocol_v3/jobs/grasp_protocol_v3__tau_1__swan__swan_sf__seed1103/result.json,3e62d9135d5003751fa5385d4a38cd3cbd398c614ea00f12eb6e8cd59b83242a,data_audit.train_only_scaler.mean[6],4.5793002135186697e+21
grasp_protocol_v3__tau_1__swan__swan_sf__seed1103,tau_1,swan,swan_sf,1103,completed,experiments/runs/fm_grasp_protocol_v3/jobs/grasp_protocol_v3__tau_1__swan__swan_sf__seed1103/result.json,3e62d9135d5003751fa5385d4a38cd3cbd398c614ea00f12eb6e8cd59b83242a,data_audit.train_only_scaler.mean[7],-1.8388628813093173e+24
grasp_protocol_v3__tau_1__swan__swan_sf__seed1103,tau_1,swan,swan_sf,1103,completed,experiments/runs/fm_grasp_protocol_v3/jobs/grasp_protocol_v3__tau_1__swan__swan_sf__seed1103/result.json,3e62d9135d5003751fa5385d4a38cd3cbd398c614ea00f12eb6e8cd59b83242a,data_audit.train_only_scaler.mean[8],436248.2433815505
grasp_protocol_v3__tau_1__swan__swan_sf__seed1103,tau_1,swan,swan_sf,1103,completed,experiments/runs/fm_grasp_protocol_v3/jobs/grasp_protocol_v3__tau_1__swan__swan_sf__seed1103/result.json,3e62d9135d5003751fa5385d4a38cd3cbd398c614ea00f12eb6e8cd59b83242a,data_audit.train_only_scaler.mean[9],-0.5304256504971101
grasp_protocol_v3__tau_1__swan__swan_sf__seed1103,tau_1,swan,swan_sf,1103,completed,experiments/runs/fm_grasp_protocol_v3/jobs/grasp_protocol_v3__tau_1__swan__swan_sf__seed1103/result.json,3e62d9135d5003751fa5385d4a38cd3cbd398c614ea00f12eb6e8cd59b83242a,data_audit.train_only_scaler.mean[10],26.18927621491827
grasp_protocol_v3__tau_1__swan__swan_sf__seed1103,tau_1,swan,swan_sf,1103,completed,experiments/runs/fm_grasp_protocol_v3/jobs/grasp_protocol_v3__tau_1__swan__swan_sf__seed1103/result.json,3e62d9135d5003751fa5385d4a38cd3cbd398c614ea00f12eb6e8cd59b83242a,data_audit.train_only_scaler.mean[11],11.104307795097283
grasp_protocol_v3__tau_1__swan__swan_sf__seed1103,tau_1,swan,swan_sf,1103,completed,experiments/runs/fm_grasp_protocol_v3/jobs/grasp_protocol_v3__tau_1__swan__swan_sf__seed1103/result.json,3e62d9135d5003751fa5385d4a38cd3cbd398c614ea00f12eb6e8cd59b83242a,data_audit.train_only_scaler.mean[12],34.1471406854236
grasp_protocol_v3__tau_1__swan__swan_sf__seed1103,tau_1,swan,swan_sf,1103,completed,experiments/runs/fm_grasp_protocol_v3/jobs/grasp_protocol_v3__tau_1__swan__swan_sf__seed1103/result.json,3e62d9135d5003751fa5385d4a38cd3cbd398c614ea00f12eb6e8cd59b83242a,data_audit.train_only_scaler.mean[13],121.46471916884391
grasp_protocol_v3__tau_1__swan__swan_sf__seed1103,tau_1,swan,swan_sf,1103,completed,experiments/runs/fm_grasp_protocol_v3/jobs/grasp_protocol_v3__tau_1__swan__swan_sf__seed1103/result.json,3e62d9135d5003751fa5385d4a38cd3cbd398c614ea00f12eb6e8cd59b83242a,data_audit.train_only_scaler.mean[14],122.77046639364936
grasp_protocol_v3__tau_1__swan__swan_sf__seed1103,tau_1,swan,swan_sf,1103,completed,experiments/runs/fm_grasp_protocol_v3/jobs/grasp_protocol_v3__tau_1__swan__swan_sf__seed1103/result.json,3e62d9135d5003751fa5385d4a38cd3cbd398c614ea00f12eb6e8cd59b83242a,data_audit.train_only_scaler.mean[15],54.72076190157697
grasp_protocol_v3__tau_1__swan__swan_sf__seed1103,tau_1,swan,swan_sf,1103,completed,experiments/runs/fm_grasp_protocol_v3/jobs/grasp_protocol_v3__tau_1__swan__swan_sf__seed1103/result.json,3e62d9135d5003751fa5385d4a38cd3cbd398c614ea00f12eb6e8cd59b83242a,data_audit.train_only_scaler.mean[16],0.0004028268090018369
grasp_protocol_v3__tau_1__swan__swan_sf__seed1103,tau_1,swan,swan_sf,1103,completed,experiments/runs/fm_grasp_protocol_v3/jobs/grasp_protocol_v3__tau_1__swan__swan_sf__seed1103/result.json,3e62d9135d5003751fa5385d4a38cd3cbd398c614ea00f12eb6e8cd59b83242a,data_audit.train_only_scaler.mean[17],-1.085305984839892e+23
grasp_protocol_v3__tau_1__swan__swan_sf__seed1103,tau_1,swan,swan_sf,1103,completed,experiments/runs/fm_grasp_protocol_v3/jobs/grasp_protocol_v3__tau_1__swan__swan_sf__seed1103/result.json,3e62d9135d5003751fa5385d4a38cd3cbd398c614ea00f12eb6e8cd59b83242a,data_audit.train_only_scaler.mean[18],0.3314377587114313
grasp_protocol_v3__tau_1__swan__swan_sf__seed1103,tau_1,swan,swan_sf,1103,completed,experiments/runs/fm_grasp_protocol_v3/jobs/grasp_protocol_v3__tau_1__swan__swan_sf__seed1103/result.json,3e62d9135d5003751fa5385d4a38cd3cbd398c614ea00f12eb6e8cd59b83242a,data_audit.train_only_scaler.mean[19],0.0017608309675426538
grasp_protocol_v3__tau_1__swan__swan_sf__seed1103,tau_1,swan,swan_sf,1103,completed,experiments/runs/fm_grasp_protocol_v3/jobs/grasp_protocol_v3__tau_1__swan__swan_sf__seed1103/result.json,3e62d9135d5003751fa5385d4a38cd3cbd398c614ea00f12eb6e8cd59b83242a,data_audit.train_only_scaler.mean[20],-6.4804778061874636e+22
grasp_protocol_v3__tau_1__swan__swan_sf__seed1103,tau_1,swan,swan_sf,1103,completed,experiments/runs/fm_grasp_protocol_v3/jobs/grasp_protocol_v3__tau_1__swan__swan_sf__seed1103/result.json,3e62d9135d5003751fa5385d4a38cd3cbd398c614ea00f12eb6e8cd59b83242a,data_audit.train_only_scaler.mean[21],0.012395267187078311
grasp_protocol_v3__tau_1__swan__swan_sf__seed1103,tau_1,swan,swan_sf,1103,completed,experiments/runs/fm_grasp_protocol_v3/jobs/grasp_protocol_v3__tau_1__swan__swan_sf__seed1103/result.json,3e62d9135d5003751fa5385d4a38cd3cbd398c614ea00f12eb6e8cd59b83242a,data_audit.train_only_scaler.mean[22],0.018506858863011996
grasp_protocol_v3__tau_1__swan__swan_sf__seed1103,tau_1,swan,swan_sf,1103,completed,experiments/runs/fm_grasp_protocol_v3/jobs/grasp_protocol_v3__tau_1__swan__swan_sf__seed1103/result.json,3e62d9135d5003751fa5385d4a38cd3cbd398c614ea00f12eb6e8cd59b83242a,data_audit.train_only_scaler.mean[23],1.418514473790745
grasp_protocol_v3__tau_1__swan__swan_sf__seed1103,tau_1,swan,swan_sf,1103,completed,experiments/runs/fm_grasp_protocol_v3/jobs/grasp_protocol_v3__tau_1__swan__swan_sf__seed1103/result.json,3e62d9135d5003751fa5385d4a38cd3cbd398c614ea00f12eb6e8cd59b83242a,data_audit.train_only_scaler.mean[24],201.065698432738
grasp_protocol_v3__tau_1__swan__swan_sf__seed1103,tau_1,swan,swan_sf,1103,completed,experiments/runs/fm_grasp_protocol_v3/jobs/grasp_protocol_v3__tau_1__swan__swan_sf__seed1103/result.json,3e62d9135d5003751fa5385d4a38cd3cbd398c614ea00f12eb6e8cd59b83242a,data_audit.train_only_scaler.mean[25],198.70728841208506
grasp_protocol_v3__tau_1__swan__swan_sf__seed1103,tau_1,swan,swan_sf,1103,completed,experiments/runs/fm_grasp_protocol_v3/jobs/grasp_protocol_v3__tau_1__swan__swan_sf__seed1103/result.json,3e62d9135d5003751fa5385d4a38cd3cbd398c614ea00f12eb6e8cd59b83242a,data_audit.train_only_scaler.mean[26],-0.722098970705977
grasp_protocol_v3__tau_1__swan__swan_sf__seed1103,tau_1,swan,swan_sf,1103,completed,experiments/runs/fm_grasp_protocol_v3/jobs/grasp_protocol_v3__tau_1__swan__swan_sf__seed1103/result.json,3e62d9135d5003751fa5385d4a38cd3cbd398c614ea00f12eb6e8cd59b83242a,data_audit.train_only_scaler.mean[27],-3.9825264890385723
grasp_protocol_v3__tau_1__swan__swan_sf__seed1103,tau_1,swan,swan_sf,1103,completed,experiments/runs/fm_grasp_protocol_v3/jobs/grasp_protocol_v3__tau_1__swan__swan_sf__seed1103/result.json,3e62d9135d5003751fa5385d4a38cd3cbd398c614ea00f12eb6e8cd59b83242a,data_audit.train_only_scaler.mean[28],4.580065097159533
grasp_protocol_v3__tau_1__swan__swan_sf__seed1103,tau_1,swan,swan_sf,1103,completed,experiments/runs/fm_grasp_protocol_v3/jobs/grasp_protocol_v3__tau_1__swan__swan_sf__seed1103/result.json,3e62d9135d5003751fa5385d4a38cd3cbd398c614ea00f12eb6e8cd59b83242a,data_audit.train_only_scaler.mean[29],7.682772539747129
grasp_protocol_v3__tau_1__swan__swan_sf__seed1103,tau_1,swan,swan_sf,1103,completed,experiments/runs/fm_grasp_protocol_v3/jobs/grasp_protocol_v3__tau_1__swan__swan_sf__seed1103/result.json,3e62d9135d5003751fa5385d4a38cd3cbd398c614ea00f12eb6e8cd59b83242a,data_audit.train_only_scaler.mean[30],2556.974264472263
grasp_protocol_v3__tau_1__swan__swan_sf__seed1103,tau_1,swan,swan_sf,1103,completed,experiments/runs/fm_grasp_protocol_v3/jobs/grasp_protocol_v3__tau_1__swan__swan_sf__seed1103/result.json,3e62d9135d5003751fa5385d4a38cd3cbd398c614ea00f12eb6e8cd59b83242a,data_audit.train_only_scaler.mean[31],0.9601575903920696
grasp_protocol_v3__tau_1__swan__swan_sf__seed1103,tau_1,swan,swan_sf,1103,completed,experiments/runs/fm_grasp_protocol_v3/jobs/grasp_protocol_v3__tau_1__swan__swan_sf__seed1103/result.json,3e62d9135d5003751fa5385d4a38cd3cbd398c614ea00f12eb6e8cd59b83242a,data_audit.train_only_scaler.mean[32],0.0
grasp_protocol_v3__tau_1__swan__swan_sf__seed1103,tau_1,swan,swan_sf,1103,completed,experiments/runs/fm_grasp_protocol_v3/jobs/grasp_protocol_v3__tau_1__swan__swan_sf__seed1103/result.json,3e62d9135d5003751fa5385d4a38cd3cbd398c614ea00f12eb6e8cd59b83242a,data_audit.train_only_scaler.mean[33],0.001143801232763551
grasp_protocol_v3__tau_1__swan__swan_sf__seed1103,tau_1,swan,swan_sf,1103,completed,experiments/runs/fm_grasp_protocol_v3/jobs/grasp_protocol_v3__tau_1__swan__swan_sf__seed1103/result.json,3e62d9135d5003751fa5385d4a38cd3cbd398c614ea00f12eb6e8cd59b83242a,data_audit.train_only_scaler.mean[34],0.0005719006163817755
grasp_protocol_v3__tau_1__swan__swan_sf__seed1103,tau_1,swan,swan_sf,1103,completed,experiments/runs/fm_grasp_protocol_v3/jobs/grasp_protocol_v3__tau_1__swan__swan_sf__seed1103/result.json,3e62d9135d5003751fa5385d4a38cd3cbd398c614ea00f12eb6e8cd59b83242a,data_audit.train_only_scaler.mean[35],0.0
grasp_protocol_v3__tau_1__swan__swan_sf__seed1103,tau_1,swan,swan_sf,1103,completed,experiments/runs/fm_grasp_protocol_v3/jobs/grasp_protocol_v3__tau_1__swan__swan_sf__seed1103/result.json,3e62d9135d5003751fa5385d4a38cd3cbd398c614ea00f12eb6e8cd59b83242a,data_audit.train_only_scaler.mean[36],-235.11234360995348
grasp_protocol_v3__tau_1__swan__swan_sf__seed1103,tau_1,swan,swan_sf,1103,completed,experiments/runs/fm_grasp_protocol_v3/jobs/grasp_protocol_v3__tau_1__swan__swan_sf__seed1103/result.json,3e62d9135d5003751fa5385d4a38cd3cbd398c614ea00f12eb6e8cd59b83242a,data_audit.train_only_scaler.mean[37],11.944843362775625
grasp_protocol_v3__tau_1__swan__swan_sf__seed1103,tau_1,swan,swan_sf,1103,completed,experiments/runs/fm_grasp_protocol_v3/jobs/grasp_protocol_v3__tau_1__swan__swan_sf__seed1103/result.json,3e62d9135d5003751fa5385d4a38cd3cbd398c614ea00f12eb6e8cd59b83242a,data_audit.train_only_scaler.scale[0],521.570342257543
grasp_protocol_v3__tau_1__swan__swan_sf__seed1103,tau_1,swan,swan_sf,1103,completed,experiments/runs/fm_grasp_protocol_v3/jobs/grasp_protocol_v3__tau_1__swan__swan_sf__seed1103/result.json,3e62d9135d5003751fa5385d4a38cd3cbd398c614ea00f12eb6e8cd59b83242a,data_audit.train_only_scaler.scale[1],8127773323.662388
grasp_protocol_v3__tau_1__swan__swan_sf__seed1103,tau_1,swan,swan_sf,1103,completed,experiments/runs/fm_grasp_protocol_v3/jobs/grasp_protocol_v3__tau_1__swan__swan_sf__seed1103/result.json,3e62d9135d5003751fa5385d4a38cd3cbd398c614ea00f12eb6e8cd59b83242a,data_audit.train_only_scaler.scale[2],1.6057244166730386e+24
grasp_protocol_v3__tau_1__swan__swan_sf__seed1103,tau_1,swan,swan_sf,1103,completed,experiments/runs/fm_grasp_protocol_v3/jobs/grasp_protocol_v3__tau_1__swan__swan_sf__seed1103/result.json,3e62d9135d5003751fa5385d4a38cd3cbd398c614ea00f12eb6e8cd59b83242a,data_audit.train_only_scaler.scale[3],10484165665143.857
grasp_protocol_v3__tau_1__swan__swan_sf__seed1103,tau_1,swan,swan_sf,1103,completed,experiments/runs/fm_grasp_protocol_v3/jobs/grasp_protocol_v3__tau_1__swan__swan_sf__seed1103/result.json,3e62d9135d5003751fa5385d4a38cd3cbd398c614ea00f12eb6e8cd59b83242a,data_audit.train_only_scaler.scale[4],112.13325347975933
grasp_protocol_v3__tau_1__swan__swan_sf__seed1103,tau_1,swan,swan_sf,1103,completed,experiments/runs/fm_grasp_protocol_v3/jobs/grasp_protocol_v3__tau_1__swan__swan_sf__seed1103/result.json,3e62d9135d5003751fa5385d4a38cd3cbd398c614ea00f12eb6e8cd59b83242a,data_audit.train_only_scaler.scale[5],4786566349698.902
grasp_protocol_v3__tau_1__swan__swan_sf__seed1103,tau_1,swan,swan_sf,1103,completed,experiments/runs/fm_grasp_protocol_v3/jobs/grasp_protocol_v3__tau_1__swan__swan_sf__seed1103/result.json,3e62d9135d5003751fa5385d4a38cd3cbd398c614ea00f12eb6e8cd59b83242a,data_audit.train_only_scaler.scale[6],8.160999960406271e+21
grasp_protocol_v3__tau_1__swan__swan_sf__seed1103,tau_1,swan,swan_sf,1103,completed,experiments/runs/fm_grasp_protocol_v3/jobs/grasp_protocol_v3__tau_1__swan__swan_sf__seed1103/result.json,3e62d9135d5003751fa5385d4a38cd3cbd398c614ea00f12eb6e8cd59b83242a,data_audit.train_only_scaler.scale[7],3.2446255976209476e+24
grasp_protocol_v3__tau_1__swan__swan_sf__seed1103,tau_1,swan,swan_sf,1103,completed,experiments/runs/fm_grasp_protocol_v3/jobs/grasp_protocol_v3__tau_1__swan__swan_sf__seed1103/result.json,3e62d9135d5003751fa5385d4a38cd3cbd398c614ea00f12eb6e8cd59b83242a,data_audit.train_only_scaler.scale[8],12700705.083050588
grasp_protocol_v3__tau_1__swan__swan_sf__seed1103,tau_1,swan,swan_sf,1103,completed,experiments/runs/fm_grasp_protocol_v3/jobs/grasp_protocol_v3__tau_1__swan__swan_sf__seed1103/result.json,3e62d9135d5003751fa5385d4a38cd3cbd398c614ea00f12eb6e8cd59b83242a,data_audit.train_only_scaler.scale[9],0.15764267201891288
grasp_protocol_v3__tau_1__swan__swan_sf__seed1103,tau_1,swan,swan_sf,1103,completed,experiments/runs/fm_grasp_protocol_v3/jobs/grasp_protocol_v3__tau_1__swan__swan_sf__seed1103/result.json,3e62d9135d5003751fa5385d4a38cd3cbd398c614ea00f12eb6e8cd59b83242a,data_audit.train_only_scaler.scale[10],7.998840992094515
grasp_protocol_v3__tau_1__swan__swan_sf__seed1103,tau_1,swan,swan_sf,1103,completed,experiments/runs/fm_grasp_protocol_v3/jobs/grasp_protocol_v3__tau_1__swan__swan_sf__seed1103/result.json,3e62d9135d5003751fa5385d4a38cd3cbd398c614ea00f12eb6e8cd59b83242a,data_audit.train_only_scaler.scale[11],14.517086710445161
grasp_protocol_v3__tau_1__swan__swan_sf__seed1103,tau_1,swan,swan_sf,1103,completed,experiments/runs/fm_grasp_protocol_v3/jobs/grasp_protocol_v3__tau_1__swan__swan_sf__seed1103/result.json,3e62d9135d5003751fa5385d4a38cd3cbd398c614ea00f12eb6e8cd59b83242a,data_audit.train_only_scaler.scale[12],9.164958630701037
grasp_protocol_v3__tau_1__swan__swan_sf__seed1103,tau_1,swan,swan_sf,1103,completed,experiments/runs/fm_grasp_protocol_v3/jobs/grasp_protocol_v3__tau_1__swan__swan_sf__seed1103/result.json,3e62d9135d5003751fa5385d4a38cd3cbd398c614ea00f12eb6e8cd59b83242a,data_audit.train_only_scaler.scale[13],22.663966001612895
grasp_protocol_v3__tau_1__swan__swan_sf__seed1103,tau_1,swan,swan_sf,1103,completed,experiments/runs/fm_grasp_protocol_v3/jobs/grasp_protocol_v3__tau_1__swan__swan_sf__seed1103/result.json,3e62d9135d5003751fa5385d4a38cd3cbd398c614ea00f12eb6e8cd59b83242a,data_audit.train_only_scaler.scale[14],22.83698851922826
grasp_protocol_v3__tau_1__swan__swan_sf__seed1103,tau_1,swan,swan_sf,1103,completed,experiments/runs/fm_grasp_protocol_v3/jobs/grasp_protocol_v3__tau_1__swan__swan_sf__seed1103/result.json,3e62d9135d5003751fa5385d4a38cd3cbd398c614ea00f12eb6e8cd59b83242a,data_audit.train_only_scaler.scale[15],14.49123627720488
grasp_protocol_v3__tau_1__swan__swan_sf__seed1103,tau_1,swan,swan_sf,1103,completed,experiments/runs/fm_grasp_protocol_v3/jobs/grasp_protocol_v3__tau_1__swan__swan_sf__seed1103/result.json,3e62d9135d5003751fa5385d4a38cd3cbd398c614ea00f12eb6e8cd59b83242a,data_audit.train_only_scaler.scale[16],0.007446704694027152
grasp_protocol_v3__tau_1__swan__swan_sf__seed1103,tau_1,swan,swan_sf,1103,completed,experiments/runs/fm_grasp_protocol_v3/jobs/grasp_protocol_v3__tau_1__swan__swan_sf__seed1103/result.json,3e62d9135d5003751fa5385d4a38cd3cbd398c614ea00f12eb6e8cd59b83242a,data_audit.train_only_scaler.scale[17],5.067548212998718e+23
grasp_protocol_v3__tau_1__swan__swan_sf__seed1103,tau_1,swan,swan_sf,1103,completed,experiments/runs/fm_grasp_protocol_v3/jobs/grasp_protocol_v3__tau_1__swan__swan_sf__seed1103/result.json,3e62d9135d5003751fa5385d4a38cd3cbd398c614ea00f12eb6e8cd59b83242a,data_audit.train_only_scaler.scale[18],0.7491082918156635
grasp_protocol_v3__tau_1__swan__swan_sf__seed1103,tau_1,swan,swan_sf,1103,completed,experiments/runs/fm_grasp_protocol_v3/jobs/grasp_protocol_v3__tau_1__swan__swan_sf__seed1103/result.json,3e62d9135d5003751fa5385d4a38cd3cbd398c614ea00f12eb6e8cd59b83242a,data_audit.train_only_scaler.scale[19],0.02580423934918983
grasp_protocol_v3__tau_1__swan__swan_sf__seed1103,tau_1,swan,swan_sf,1103,completed,experiments/runs/fm_grasp_protocol_v3/jobs/grasp_protocol_v3__tau_1__swan__swan_sf__seed1103/result.json,3e62d9135d5003751fa5385d4a38cd3cbd398c614ea00f12eb6e8cd59b83242a,data_audit.train_only_scaler.scale[20],1.1825085057623071e+24
grasp_protocol_v3__tau_1__swan__swan_sf__seed1103,tau_1,swan,swan_sf,1103,completed,experiments/runs/fm_grasp_protocol_v3/jobs/grasp_protocol_v3__tau_1__swan__swan_sf__seed1103/result.json,3e62d9135d5003751fa5385d4a38cd3cbd398c614ea00f12eb6e8cd59b83242a,data_audit.train_only_scaler.scale[21],0.13926497457575512
grasp_protocol_v3__tau_1__swan__swan_sf__seed1103,tau_1,swan,swan_sf,1103,completed,experiments/runs/fm_grasp_protocol_v3/jobs/grasp_protocol_v3__tau_1__swan__swan_sf__seed1103/result.json,3e62d9135d5003751fa5385d4a38cd3cbd398c614ea00f12eb6e8cd59b83242a,data_audit.train_only_scaler.scale[22],0.18539980134319797
grasp_protocol_v3__tau_1__swan__swan_sf__seed1103,tau_1,swan,swan_sf,1103,completed,experiments/runs/fm_grasp_protocol_v3/jobs/grasp_protocol_v3__tau_1__swan__swan_sf__seed1103/result.json,3e62d9135d5003751fa5385d4a38cd3cbd398c614ea00f12eb6e8cd59b83242a,data_audit.train_only_scaler.scale[23],1.712261267510182
grasp_protocol_v3__tau_1__swan__swan_sf__seed1103,tau_1,swan,swan_sf,1103,completed,experiments/runs/fm_grasp_protocol_v3/jobs/grasp_protocol_v3__tau_1__swan__swan_sf__seed1103/result.json,3e62d9135d5003751fa5385d4a38cd3cbd398c614ea00f12eb6e8cd59b83242a,data_audit.train_only_scaler.scale[24],122.48048173928221
grasp_protocol_v3__tau_1__swan__swan_sf__seed1103,tau_1,swan,swan_sf,1103,completed,experiments/runs/fm_grasp_protocol_v3/jobs/grasp_protocol_v3__tau_1__swan__swan_sf__seed1103/result.json,3e62d9135d5003751fa5385d4a38cd3cbd398c614ea00f12eb6e8cd59b83242a,data_audit.train_only_scaler.scale[25],118.53868905344714
grasp_protocol_v3__tau_1__swan__swan_sf__seed1103,tau_1,swan,swan_sf,1103,completed,experiments/runs/fm_grasp_protocol_v3/jobs/grasp_protocol_v3__tau_1__swan__swan_sf__seed1103/result.json,3e62d9135d5003751fa5385d4a38cd3cbd398c614ea00f12eb6e8cd59b83242a,data_audit.train_only_scaler.scale[26],15.8413429430375
grasp_protocol_v3__tau_1__swan__swan_sf__seed1103,tau_1,swan,swan_sf,1103,completed,experiments/runs/fm_grasp_protocol_v3/jobs/grasp_protocol_v3__tau_1__swan__swan_sf__seed1103/result.json,3e62d9135d5003751fa5385d4a38cd3cbd398c614ea00f12eb6e8cd59b83242a,data_audit.train_only_scaler.scale[27],33.25478901460059
grasp_protocol_v3__tau_1__swan__swan_sf__seed1103,tau_1,swan,swan_sf,1103,completed,experiments/runs/fm_grasp_protocol_v3/jobs/grasp_protocol_v3__tau_1__swan__swan_sf__seed1103/result.json,3e62d9135d5003751fa5385d4a38cd3cbd398c614ea00f12eb6e8cd59b83242a,data_audit.train_only_scaler.scale[28],16.466208780244486
grasp_protocol_v3__tau_1__swan__swan_sf__seed1103,tau_1,swan,swan_sf,1103,completed,experiments/runs/fm_grasp_protocol_v3/jobs/grasp_protocol_v3__tau_1__swan__swan_sf__seed1103/result.json,3e62d9135d5003751fa5385d4a38cd3cbd398c614ea00f12eb6e8cd59b83242a,data_audit.train_only_scaler.scale[29],33.90595903667634
grasp_protocol_v3__tau_1__swan__swan_sf__seed1103,tau_1,swan,swan_sf,1103,completed,experiments/runs/fm_grasp_protocol_v3/jobs/grasp_protocol_v3__tau_1__swan__swan_sf__seed1103/result.json,3e62d9135d5003751fa5385d4a38cd3cbd398c614ea00f12eb6e8cd59b83242a,data_audit.train_only_scaler.scale[30],12719.09410671598
grasp_protocol_v3__tau_1__swan__swan_sf__seed1103,tau_1,swan,swan_sf,1103,completed,experiments/runs/fm_grasp_protocol_v3/jobs/grasp_protocol_v3__tau_1__swan__swan_sf__seed1103/result.json,3e62d9135d5003751fa5385d4a38cd3cbd398c614ea00f12eb6e8cd59b83242a,data_audit.train_only_scaler.scale[31],0.19558883404879554
grasp_protocol_v3__tau_1__swan__swan_sf__seed1103,tau_1,swan,swan_sf,1103,completed,experiments/runs/fm_grasp_protocol_v3/jobs/grasp_protocol_v3__tau_1__swan__swan_sf__seed1103/result.json,3e62d9135d5003751fa5385d4a38cd3cbd398c614ea00f12eb6e8cd59b83242a,data_audit.train_only_scaler.scale[32],1.0
grasp_protocol_v3__tau_1__swan__swan_sf__seed1103,tau_1,swan,swan_sf,1103,completed,experiments/runs/fm_grasp_protocol_v3/jobs/grasp_protocol_v3__tau_1__swan__swan_sf__seed1103/result.json,3e62d9135d5003751fa5385d4a38cd3cbd398c614ea00f12eb6e8cd59b83242a,data_audit.train_only_scaler.scale[33],0.03380078329718015
grasp_protocol_v3__tau_1__swan__swan_sf__seed1103,tau_1,swan,swan_sf,1103,completed,experiments/runs/fm_grasp_protocol_v3/jobs/grasp_protocol_v3__tau_1__swan__swan_sf__seed1103/result.json,3e62d9135d5003751fa5385d4a38cd3cbd398c614ea00f12eb6e8cd59b83242a,data_audit.train_only_scaler.scale[34],0.02390760435650135
grasp_protocol_v3__tau_1__swan__swan_sf__seed1103,tau_1,swan,swan_sf,1103,completed,experiments/runs/fm_grasp_protocol_v3/jobs/grasp_protocol_v3__tau_1__swan__swan_sf__seed1103/result.json,3e62d9135d5003751fa5385d4a38cd3cbd398c614ea00f12eb6e8cd59b83242a,data_audit.train_only_scaler.scale[35],1.0
grasp_protocol_v3__tau_1__swan__swan_sf__seed1103,tau_1,swan,swan_sf,1103,completed,experiments/runs/fm_grasp_protocol_v3/jobs/grasp_protocol_v3__tau_1__swan__swan_sf__seed1103/result.json,3e62d9135d5003751fa5385d4a38cd3cbd398c614ea00f12eb6e8cd59b83242a,data_audit.train_only_scaler.scale[36],4843.110750687241
grasp_protocol_v3__tau_1__swan__swan_sf__seed1103,tau_1,swan,swan_sf,1103,completed,experiments/runs/fm_grasp_protocol_v3/jobs/grasp_protocol_v3__tau_1__swan__swan_sf__seed1103/result.json,3e62d9135d5003751fa5385d4a38cd3cbd398c614ea00f12eb6e8cd59b83242a,data_audit.train_only_scaler.scale[37],0.7110330701676929
grasp_protocol_v3__tau_1__swan__swan_sf__seed1103,tau_1,swan,swan_sf,1103,completed,experiments/runs/fm_grasp_protocol_v3/jobs/grasp_protocol_v3__tau_1__swan__swan_sf__seed1103/result.json,3e62d9135d5003751fa5385d4a38cd3cbd398c614ea00f12eb6e8cd59b83242a,data_audit.train_only_scaler.constant_channels[0],32
grasp_protocol_v3__tau_1__swan__swan_sf__seed1103,tau_1,swan,swan_sf,1103,completed,experiments/runs/fm_grasp_protocol_v3/jobs/grasp_protocol_v3__tau_1__swan__swan_sf__seed1103/result.json,3e62d9135d5003751fa5385d4a38cd3cbd398c614ea00f12eb6e8cd59b83242a,data_audit.train_only_scaler.constant_channels[1],35
grasp_protocol_v3__tau_1__swan__swan_sf__seed1103,tau_1,swan,swan_sf,1103,completed,experiments/runs/fm_grasp_protocol_v3/jobs/grasp_protocol_v3__tau_1__swan__swan_sf__seed1103/result.json,3e62d9135d5003751fa5385d4a38cd3cbd398c614ea00f12eb6e8cd59b83242a,data_audit.train_only_scaler.repairs[0],0
grasp_protocol_v3__tau_1__swan__swan_sf__seed1103,tau_1,swan,swan_sf,1103,completed,experiments/runs/fm_grasp_protocol_v3/jobs/grasp_protocol_v3__tau_1__swan__swan_sf__seed1103/result.json,3e62d9135d5003751fa5385d4a38cd3cbd398c614ea00f12eb6e8cd59b83242a,data_audit.train_only_scaler.repairs[1],0
grasp_protocol_v3__tau_4__swan__swan_sf__seed1103,tau_4,swan,swan_sf,1103,completed,experiments/runs/fm_grasp_protocol_v3/jobs/grasp_protocol_v3__tau_4__swan__swan_sf__seed1103/result.json,03ad32f646e0f5031e525df6c3657dab0e64895dfbc80e2619deb6ea86312a9c,job.seed,1103
grasp_protocol_v3__tau_4__swan__swan_sf__seed1103,tau_4,swan,swan_sf,1103,completed,experiments/runs/fm_grasp_protocol_v3/jobs/grasp_protocol_v3__tau_4__swan__swan_sf__seed1103/result.json,03ad32f646e0f5031e525df6c3657dab0e64895dfbc80e2619deb6ea86312a9c,job.expected_optimizer_updates,93000
grasp_protocol_v3__tau_4__swan__swan_sf__seed1103,tau_4,swan,swan_sf,1103,completed,experiments/runs/fm_grasp_protocol_v3/jobs/grasp_protocol_v3__tau_4__swan__swan_sf__seed1103/result.json,03ad32f646e0f5031e525df6c3657dab0e64895dfbc80e2619deb6ea86312a9c,job.test_points,72000
grasp_protocol_v3__tau_4__swan__swan_sf__seed1103,tau_4,swan,swan_sf,1103,completed,experiments/runs/fm_grasp_protocol_v3/jobs/grasp_protocol_v3__tau_4__swan__swan_sf__seed1103/result.json,03ad32f646e0f5031e525df6c3657dab0e64895dfbc80e2619deb6ea86312a9c,job.validation_points,3935
grasp_protocol_v3__tau_4__swan__swan_sf__seed1103,tau_4,swan,swan_sf,1103,completed,experiments/runs/fm_grasp_protocol_v3/jobs/grasp_protocol_v3__tau_4__swan__swan_sf__seed1103/result.json,03ad32f646e0f5031e525df6c3657dab0e64895dfbc80e2619deb6ea86312a9c,job.score_recipes[0].source_samples,5
grasp_protocol_v3__tau_4__swan__swan_sf__seed1103,tau_4,swan,swan_sf,1103,completed,experiments/runs/fm_grasp_protocol_v3/jobs/grasp_protocol_v3__tau_4__swan__swan_sf__seed1103/result.json,03ad32f646e0f5031e525df6c3657dab0e64895dfbc80e2619deb6ea86312a9c,job.score_recipes[0].flow_evaluations,10
grasp_protocol_v3__tau_4__swan__swan_sf__seed1103,tau_4,swan,swan_sf,1103,completed,experiments/runs/fm_grasp_protocol_v3/jobs/grasp_protocol_v3__tau_4__swan__swan_sf__seed1103/result.json,03ad32f646e0f5031e525df6c3657dab0e64895dfbc80e2619deb6ea86312a9c,epochs_completed,1500
grasp_protocol_v3__tau_4__swan__swan_sf__seed1103,tau_4,swan,swan_sf,1103,completed,experiments/runs/fm_grasp_protocol_v3/jobs/grasp_protocol_v3__tau_4__swan__swan_sf__seed1103/result.json,03ad32f646e0f5031e525df6c3657dab0e64895dfbc80e2619deb6ea86312a9c,optimizer_updates,93000
grasp_protocol_v3__tau_4__swan__swan_sf__seed1103,tau_4,swan,swan_sf,1103,completed,experiments/runs/fm_grasp_protocol_v3/jobs/grasp_protocol_v3__tau_4__swan__swan_sf__seed1103/result.json,03ad32f646e0f5031e525df6c3657dab0e64895dfbc80e2619deb6ea86312a9c,scored_points,72000
grasp_protocol_v3__tau_4__swan__swan_sf__seed1103,tau_4,swan,swan_sf,1103,completed,experiments/runs/fm_grasp_protocol_v3/jobs/grasp_protocol_v3__tau_4__swan__swan_sf__seed1103/result.json,03ad32f646e0f5031e525df6c3657dab0e64895dfbc80e2619deb6ea86312a9c,validation_points,3935
grasp_protocol_v3__tau_4__swan__swan_sf__seed1103,tau_4,swan,swan_sf,1103,completed,experiments/runs/fm_grasp_protocol_v3/jobs/grasp_protocol_v3__tau_4__swan__swan_sf__seed1103/result.json,03ad32f646e0f5031e525df6c3657dab0e64895dfbc80e2619deb6ea86312a9c,score_recipes[0].source_samples,5
grasp_protocol_v3__tau_4__swan__swan_sf__seed1103,tau_4,swan,swan_sf,1103,completed,experiments/runs/fm_grasp_protocol_v3/jobs/grasp_protocol_v3__tau_4__swan__swan_sf__seed1103/result.json,03ad32f646e0f5031e525df6c3657dab0e64895dfbc80e2619deb6ea86312a9c,score_recipes[0].flow_evaluations,10
grasp_protocol_v3__tau_4__swan__swan_sf__seed1103,tau_4,swan,swan_sf,1103,completed,experiments/runs/fm_grasp_protocol_v3/jobs/grasp_protocol_v3__tau_4__swan__swan_sf__seed1103/result.json,03ad32f646e0f5031e525df6c3657dab0e64895dfbc80e2619deb6ea86312a9c,parameter_count,69244
grasp_protocol_v3__tau_4__swan__swan_sf__seed1103,tau_4,swan,swan_sf,1103,completed,experiments/runs/fm_grasp_protocol_v3/jobs/grasp_protocol_v3__tau_4__swan__swan_sf__seed1103/result.json,03ad32f646e0f5031e525df6c3657dab0e64895dfbc80e2619deb6ea86312a9c,training_seconds,710.083286100009
grasp_protocol_v3__tau_4__swan__swan_sf__seed1103,tau_4,swan,swan_sf,1103,completed,experiments/runs/fm_grasp_protocol_v3/jobs/grasp_protocol_v3__tau_4__swan__swan_sf__seed1103/result.json,03ad32f646e0f5031e525df6c3657dab0e64895dfbc80e2619deb6ea86312a9c,peak_cuda_allocated_bytes,163084288
grasp_protocol_v3__tau_4__swan__swan_sf__seed1103,tau_4,swan,swan_sf,1103,completed,experiments/runs/fm_grasp_protocol_v3/jobs/grasp_protocol_v3__tau_4__swan__swan_sf__seed1103/result.json,03ad32f646e0f5031e525df6c3657dab0e64895dfbc80e2619deb6ea86312a9c,peak_cuda_reserved_bytes,201326592
grasp_protocol_v3__tau_4__swan__swan_sf__seed1103,tau_4,swan,swan_sf,1103,completed,experiments/runs/fm_grasp_protocol_v3/jobs/grasp_protocol_v3__tau_4__swan__swan_sf__seed1103/result.json,03ad32f646e0f5031e525df6c3657dab0e64895dfbc80e2619deb6ea86312a9c,cpu_threads,2
grasp_protocol_v3__tau_4__swan__swan_sf__seed1103,tau_4,swan,swan_sf,1103,completed,experiments/runs/fm_grasp_protocol_v3/jobs/grasp_protocol_v3__tau_4__swan__swan_sf__seed1103/result.json,03ad32f646e0f5031e525df6c3657dab0e64895dfbc80e2619deb6ea86312a9c,metrics[0].recipe.source_samples,5
grasp_protocol_v3__tau_4__swan__swan_sf__seed1103,tau_4,swan,swan_sf,1103,completed,experiments/runs/fm_grasp_protocol_v3/jobs/grasp_protocol_v3__tau_4__swan__swan_sf__seed1103/result.json,03ad32f646e0f5031e525df6c3657dab0e64895dfbc80e2619deb6ea86312a9c,metrics[0].recipe.flow_evaluations,10
grasp_protocol_v3__tau_4__swan__swan_sf__seed1103,tau_4,swan,swan_sf,1103,completed,experiments/runs/fm_grasp_protocol_v3/jobs/grasp_protocol_v3__tau_4__swan__swan_sf__seed1103/result.json,03ad32f646e0f5031e525df6c3657dab0e64895dfbc80e2619deb6ea86312a9c,metrics[0].metrics.paper_retrospective.AP,0.5418178422085403
grasp_protocol_v3__tau_4__swan__swan_sf__seed1103,tau_4,swan,swan_sf,1103,completed,experiments/runs/fm_grasp_protocol_v3/jobs/grasp_protocol_v3__tau_4__swan__swan_sf__seed1103/result.json,03ad32f646e0f5031e525df6c3657dab0e64895dfbc80e2619deb6ea86312a9c,metrics[0].metrics.paper_retrospective.ROC,0.6992138210680701
grasp_protocol_v3__tau_4__swan__swan_sf__seed1103,tau_4,swan,swan_sf,1103,completed,experiments/runs/fm_grasp_protocol_v3/jobs/grasp_protocol_v3__tau_4__swan__swan_sf__seed1103/result.json,03ad32f646e0f5031e525df6c3657dab0e64895dfbc80e2619deb6ea86312a9c,metrics[0].metrics.paper_retrospective.Best_F1,0.5062031753804431
grasp_protocol_v3__tau_4__swan__swan_sf__seed1103,tau_4,swan,swan_sf,1103,completed,experiments/runs/fm_grasp_protocol_v3/jobs/grasp_protocol_v3__tau_4__swan__swan_sf__seed1103/result.json,03ad32f646e0f5031e525df6c3657dab0e64895dfbc80e2619deb6ea86312a9c,metrics[0].metrics.validation_only_control.precision,0.37296857423230656
grasp_protocol_v3__tau_4__swan__swan_sf__seed1103,tau_4,swan,swan_sf,1103,completed,experiments/runs/fm_grasp_protocol_v3/jobs/grasp_protocol_v3__tau_4__swan__swan_sf__seed1103/result.json,03ad32f646e0f5031e525df6c3657dab0e64895dfbc80e2619deb6ea86312a9c,metrics[0].metrics.validation_only_control.recall,0.775273631840796
grasp_protocol_v3__tau_4__swan__swan_sf__seed1103,tau_4,swan,swan_sf,1103,completed,experiments/runs/fm_grasp_protocol_v3/jobs/grasp_protocol_v3__tau_4__swan__swan_sf__seed1103/result.json,03ad32f646e0f5031e525df6c3657dab0e64895dfbc80e2619deb6ea86312a9c,metrics[0].metrics.validation_only_control.f1,0.5036440910780369
grasp_protocol_v3__tau_4__swan__swan_sf__seed1103,tau_4,swan,swan_sf,1103,completed,experiments/runs/fm_grasp_protocol_v3/jobs/grasp_protocol_v3__tau_4__swan__swan_sf__seed1103/result.json,03ad32f646e0f5031e525df6c3657dab0e64895dfbc80e2619deb6ea86312a9c,metrics[0].metrics.validation_only_control.threshold,8763.858017578124
grasp_protocol_v3__tau_4__swan__swan_sf__seed1103,tau_4,swan,swan_sf,1103,completed,experiments/runs/fm_grasp_protocol_v3/jobs/grasp_protocol_v3__tau_4__swan__swan_sf__seed1103/result.json,03ad32f646e0f5031e525df6c3657dab0e64895dfbc80e2619deb6ea86312a9c,metrics[0].metrics.validation_only_control.quantile,0.99
grasp_protocol_v3__tau_4__swan__swan_sf__seed1103,tau_4,swan,swan_sf,1103,completed,experiments/runs/fm_grasp_protocol_v3/jobs/grasp_protocol_v3__tau_4__swan__swan_sf__seed1103/result.json,03ad32f646e0f5031e525df6c3657dab0e64895dfbc80e2619deb6ea86312a9c,metrics[0].validation_score_seconds,1.9054871999978786
grasp_protocol_v3__tau_4__swan__swan_sf__seed1103,tau_4,swan,swan_sf,1103,completed,experiments/runs/fm_grasp_protocol_v3/jobs/grasp_protocol_v3__tau_4__swan__swan_sf__seed1103/result.json,03ad32f646e0f5031e525df6c3657dab0e64895dfbc80e2619deb6ea86312a9c,metrics[0].test_score_seconds,33.556561699995655
grasp_protocol_v3__tau_4__swan__swan_sf__seed1103,tau_4,swan,swan_sf,1103,completed,experiments/runs/fm_grasp_protocol_v3/jobs/grasp_protocol_v3__tau_4__swan__swan_sf__seed1103/result.json,03ad32f646e0f5031e525df6c3657dab0e64895dfbc80e2619deb6ea86312a9c,metrics[0].window_evaluations,71951
grasp_protocol_v3__tau_4__swan__swan_sf__seed1103,tau_4,swan,swan_sf,1103,completed,experiments/runs/fm_grasp_protocol_v3/jobs/grasp_protocol_v3__tau_4__swan__swan_sf__seed1103/result.json,03ad32f646e0f5031e525df6c3657dab0e64895dfbc80e2619deb6ea86312a9c,data_audit.raw_train_points,19672
grasp_protocol_v3__tau_4__swan__swan_sf__seed1103,tau_4,swan,swan_sf,1103,completed,experiments/runs/fm_grasp_protocol_v3/jobs/grasp_protocol_v3__tau_4__swan__swan_sf__seed1103/result.json,03ad32f646e0f5031e525df6c3657dab0e64895dfbc80e2619deb6ea86312a9c,data_audit.split_cut,15737
grasp_protocol_v3__tau_4__swan__swan_sf__seed1103,tau_4,swan,swan_sf,1103,completed,experiments/runs/fm_grasp_protocol_v3/jobs/grasp_protocol_v3__tau_4__swan__swan_sf__seed1103/result.json,03ad32f646e0f5031e525df6c3657dab0e64895dfbc80e2619deb6ea86312a9c,data_audit.fit_points,15737
grasp_protocol_v3__tau_4__swan__swan_sf__seed1103,tau_4,swan,swan_sf,1103,completed,experiments/runs/fm_grasp_protocol_v3/jobs/grasp_protocol_v3__tau_4__swan__swan_sf__seed1103/result.json,03ad32f646e0f5031e525df6c3657dab0e64895dfbc80e2619deb6ea86312a9c,data_audit.validation_points,3935
grasp_protocol_v3__tau_4__swan__swan_sf__seed1103,tau_4,swan,swan_sf,1103,completed,experiments/runs/fm_grasp_protocol_v3/jobs/grasp_protocol_v3__tau_4__swan__swan_sf__seed1103/result.json,03ad32f646e0f5031e525df6c3657dab0e64895dfbc80e2619deb6ea86312a9c,data_audit.test_points,72000
grasp_protocol_v3__tau_4__swan__swan_sf__seed1103,tau_4,swan,swan_sf,1103,completed,experiments/runs/fm_grasp_protocol_v3/jobs/grasp_protocol_v3__tau_4__swan__swan_sf__seed1103/result.json,03ad32f646e0f5031e525df6c3657dab0e64895dfbc80e2619deb6ea86312a9c,data_audit.test_anomaly_points,20100
grasp_protocol_v3__tau_4__swan__swan_sf__seed1103,tau_4,swan,swan_sf,1103,completed,experiments/runs/fm_grasp_protocol_v3/jobs/grasp_protocol_v3__tau_4__swan__swan_sf__seed1103/result.json,03ad32f646e0f5031e525df6c3657dab0e64895dfbc80e2619deb6ea86312a9c,data_audit.features,38
grasp_protocol_v3__tau_4__swan__swan_sf__seed1103,tau_4,swan,swan_sf,1103,completed,experiments/runs/fm_grasp_protocol_v3/jobs/grasp_protocol_v3__tau_4__swan__swan_sf__seed1103/result.json,03ad32f646e0f5031e525df6c3657dab0e64895dfbc80e2619deb6ea86312a9c,data_audit.paper_variables,39
grasp_protocol_v3__tau_4__swan__swan_sf__seed1103,tau_4,swan,swan_sf,1103,completed,experiments/runs/fm_grasp_protocol_v3/jobs/grasp_protocol_v3__tau_4__swan__swan_sf__seed1103/result.json,03ad32f646e0f5031e525df6c3657dab0e64895dfbc80e2619deb6ea86312a9c,data_audit.fit_window_count,15688
grasp_protocol_v3__tau_4__swan__swan_sf__seed1103,tau_4,swan,swan_sf,1103,completed,experiments/runs/fm_grasp_protocol_v3/jobs/grasp_protocol_v3__tau_4__swan__swan_sf__seed1103/result.json,03ad32f646e0f5031e525df6c3657dab0e64895dfbc80e2619deb6ea86312a9c,data_audit.validation_window_count,3886
grasp_protocol_v3__tau_4__swan__swan_sf__seed1103,tau_4,swan,swan_sf,1103,completed,experiments/runs/fm_grasp_protocol_v3/jobs/grasp_protocol_v3__tau_4__swan__swan_sf__seed1103/result.json,03ad32f646e0f5031e525df6c3657dab0e64895dfbc80e2619deb6ea86312a9c,data_audit.test_window_count,71951
grasp_protocol_v3__tau_4__swan__swan_sf__seed1103,tau_4,swan,swan_sf,1103,completed,experiments/runs/fm_grasp_protocol_v3/jobs/grasp_protocol_v3__tau_4__swan__swan_sf__seed1103/result.json,03ad32f646e0f5031e525df6c3657dab0e64895dfbc80e2619deb6ea86312a9c,data_audit.source_audit.training_anomaly_points,0
grasp_protocol_v3__tau_4__swan__swan_sf__seed1103,tau_4,swan,swan_sf,1103,completed,experiments/runs/fm_grasp_protocol_v3/jobs/grasp_protocol_v3__tau_4__swan__swan_sf__seed1103/result.json,03ad32f646e0f5031e525df6c3657dab0e64895dfbc80e2619deb6ea86312a9c,data_audit.train_only_scaler.median[0],109.79161766427605
grasp_protocol_v3__tau_4__swan__swan_sf__seed1103,tau_4,swan,swan_sf,1103,completed,experiments/runs/fm_grasp_protocol_v3/jobs/grasp_protocol_v3__tau_4__swan__swan_sf__seed1103/result.json,03ad32f646e0f5031e525df6c3657dab0e64895dfbc80e2619deb6ea86312a9c,data_audit.train_only_scaler.median[1],902576622.3893
grasp_protocol_v3__tau_4__swan__swan_sf__seed1103,tau_4,swan,swan_sf,1103,completed,experiments/runs/fm_grasp_protocol_v3/jobs/grasp_protocol_v3__tau_4__swan__swan_sf__seed1103/result.json,03ad32f646e0f5031e525df6c3657dab0e64895dfbc80e2619deb6ea86312a9c,data_audit.train_only_scaler.median[2],7.167510432855177e+21
grasp_protocol_v3__tau_4__swan__swan_sf__seed1103,tau_4,swan,swan_sf,1103,completed,experiments/runs/fm_grasp_protocol_v3/jobs/grasp_protocol_v3__tau_4__swan__swan_sf__seed1103/result.json,03ad32f646e0f5031e525df6c3657dab0e64895dfbc80e2619deb6ea86312a9c,data_audit.train_only_scaler.median[3],2295775301630.038
grasp_protocol_v3__tau_4__swan__swan_sf__seed1103,tau_4,swan,swan_sf,1103,completed,experiments/runs/fm_grasp_protocol_v3/jobs/grasp_protocol_v3__tau_4__swan__swan_sf__seed1103/result.json,03ad32f646e0f5031e525df6c3657dab0e64895dfbc80e2619deb6ea86312a9c,data_audit.train_only_scaler.median[4],7.525211717955138
grasp_protocol_v3__tau_4__swan__swan_sf__seed1103,tau_4,swan,swan_sf,1103,completed,experiments/runs/fm_grasp_protocol_v3/jobs/grasp_protocol_v3__tau_4__swan__swan_sf__seed1103/result.json,03ad32f646e0f5031e525df6c3657dab0e64895dfbc80e2619deb6ea86312a9c,data_audit.train_only_scaler.median[5],644965299185.6748
grasp_protocol_v3__tau_4__swan__swan_sf__seed1103,tau_4,swan,swan_sf,1103,completed,experiments/runs/fm_grasp_protocol_v3/jobs/grasp_protocol_v3__tau_4__swan__swan_sf__seed1103/result.json,03ad32f646e0f5031e525df6c3657dab0e64895dfbc80e2619deb6ea86312a9c,data_audit.train_only_scaler.median[6],1.5930829208471184e+21
grasp_protocol_v3__tau_4__swan__swan_sf__seed1103,tau_4,swan,swan_sf,1103,completed,experiments/runs/fm_grasp_protocol_v3/jobs/grasp_protocol_v3__tau_4__swan__swan_sf__seed1103/result.json,03ad32f646e0f5031e525df6c3657dab0e64895dfbc80e2619deb6ea86312a9c,data_audit.train_only_scaler.median[7],-6.896515213991394e+23
grasp_protocol_v3__tau_4__swan__swan_sf__seed1103,tau_4,swan,swan_sf,1103,completed,experiments/runs/fm_grasp_protocol_v3/jobs/grasp_protocol_v3__tau_4__swan__swan_sf__seed1103/result.json,03ad32f646e0f5031e525df6c3657dab0e64895dfbc80e2619deb6ea86312a9c,data_audit.train_only_scaler.median[8],1881.226580056299
grasp_protocol_v3__tau_4__swan__swan_sf__seed1103,tau_4,swan,swan_sf,1103,completed,experiments/runs/fm_grasp_protocol_v3/jobs/grasp_protocol_v3__tau_4__swan__swan_sf__seed1103/result.json,03ad32f646e0f5031e525df6c3657dab0e64895dfbc80e2619deb6ea86312a9c,data_audit.train_only_scaler.median[9],-0.5826949720780651
grasp_protocol_v3__tau_4__swan__swan_sf__seed1103,tau_4,swan,swan_sf,1103,completed,experiments/runs/fm_grasp_protocol_v3/jobs/grasp_protocol_v3__tau_4__swan__swan_sf__seed1103/result.json,03ad32f646e0f5031e525df6c3657dab0e64895dfbc80e2619deb6ea86312a9c,data_audit.train_only_scaler.median[10],23.2614382342434
grasp_protocol_v3__tau_4__swan__swan_sf__seed1103,tau_4,swan,swan_sf,1103,completed,experiments/runs/fm_grasp_protocol_v3/jobs/grasp_protocol_v3__tau_4__swan__swan_sf__seed1103/result.json,03ad32f646e0f5031e525df6c3657dab0e64895dfbc80e2619deb6ea86312a9c,data_audit.train_only_scaler.median[11],4.1031652989449015
grasp_protocol_v3__tau_4__swan__swan_sf__seed1103,tau_4,swan,swan_sf,1103,completed,experiments/runs/fm_grasp_protocol_v3/jobs/grasp_protocol_v3__tau_4__swan__swan_sf__seed1103/result.json,03ad32f646e0f5031e525df6c3657dab0e64895dfbc80e2619deb6ea86312a9c,data_audit.train_only_scaler.median[12],30.334544652596342
grasp_protocol_v3__tau_4__swan__swan_sf__seed1103,tau_4,swan,swan_sf,1103,completed,experiments/runs/fm_grasp_protocol_v3/jobs/grasp_protocol_v3__tau_4__swan__swan_sf__seed1103/result.json,03ad32f646e0f5031e525df6c3657dab0e64895dfbc80e2619deb6ea86312a9c,data_audit.train_only_scaler.median[13],123.55687630744043
grasp_protocol_v3__tau_4__swan__swan_sf__seed1103,tau_4,swan,swan_sf,1103,completed,experiments/runs/fm_grasp_protocol_v3/jobs/grasp_protocol_v3__tau_4__swan__swan_sf__seed1103/result.json,03ad32f646e0f5031e525df6c3657dab0e64895dfbc80e2619deb6ea86312a9c,data_audit.train_only_scaler.median[14],124.10909511835108
grasp_protocol_v3__tau_4__swan__swan_sf__seed1103,tau_4,swan,swan_sf,1103,completed,experiments/runs/fm_grasp_protocol_v3/jobs/grasp_protocol_v3__tau_4__swan__swan_sf__seed1103/result.json,03ad32f646e0f5031e525df6c3657dab0e64895dfbc80e2619deb6ea86312a9c,data_audit.train_only_scaler.median[15],53.50452393957681
grasp_protocol_v3__tau_4__swan__swan_sf__seed1103,tau_4,swan,swan_sf,1103,completed,experiments/runs/fm_grasp_protocol_v3/jobs/grasp_protocol_v3__tau_4__swan__swan_sf__seed1103/result.json,03ad32f646e0f5031e525df6c3657dab0e64895dfbc80e2619deb6ea86312a9c,data_audit.train_only_scaler.median[16],0.0007316367027569
grasp_protocol_v3__tau_4__swan__swan_sf__seed1103,tau_4,swan,swan_sf,1103,completed,experiments/runs/fm_grasp_protocol_v3/jobs/grasp_protocol_v3__tau_4__swan__swan_sf__seed1103/result.json,03ad32f646e0f5031e525df6c3657dab0e64895dfbc80e2619deb6ea86312a9c,data_audit.train_only_scaler.median[17],-1.612043362204535e+22
grasp_protocol_v3__tau_4__swan__swan_sf__seed1103,tau_4,swan,swan_sf,1103,completed,experiments/runs/fm_grasp_protocol_v3/jobs/grasp_protocol_v3__tau_4__swan__swan_sf__seed1103/result.json,03ad32f646e0f5031e525df6c3657dab0e64895dfbc80e2619deb6ea86312a9c,data_audit.train_only_scaler.median[18],0.1806838037433196
grasp_protocol_v3__tau_4__swan__swan_sf__seed1103,tau_4,swan,swan_sf,1103,completed,experiments/runs/fm_grasp_protocol_v3/jobs/grasp_protocol_v3__tau_4__swan__swan_sf__seed1103/result.json,03ad32f646e0f5031e525df6c3657dab0e64895dfbc80e2619deb6ea86312a9c,data_audit.train_only_scaler.median[19],0.0024643825097276
grasp_protocol_v3__tau_4__swan__swan_sf__seed1103,tau_4,swan,swan_sf,1103,completed,experiments/runs/fm_grasp_protocol_v3/jobs/grasp_protocol_v3__tau_4__swan__swan_sf__seed1103/result.json,03ad32f646e0f5031e525df6c3657dab0e64895dfbc80e2619deb6ea86312a9c,data_audit.train_only_scaler.median[20],-1.7582466676047812e+22
grasp_protocol_v3__tau_4__swan__swan_sf__seed1103,tau_4,swan,swan_sf,1103,completed,experiments/runs/fm_grasp_protocol_v3/jobs/grasp_protocol_v3__tau_4__swan__swan_sf__seed1103/result.json,03ad32f646e0f5031e525df6c3657dab0e64895dfbc80e2619deb6ea86312a9c,data_audit.train_only_scaler.median[21],0.0248835927535584
grasp_protocol_v3__tau_4__swan__swan_sf__seed1103,tau_4,swan,swan_sf,1103,completed,experiments/runs/fm_grasp_protocol_v3/jobs/grasp_protocol_v3__tau_4__swan__swan_sf__seed1103/result.json,03ad32f646e0f5031e525df6c3657dab0e64895dfbc80e2619deb6ea86312a9c,data_audit.train_only_scaler.median[22],0.0411580664279638
grasp_protocol_v3__tau_4__swan__swan_sf__seed1103,tau_4,swan,swan_sf,1103,completed,experiments/runs/fm_grasp_protocol_v3/jobs/grasp_protocol_v3__tau_4__swan__swan_sf__seed1103/result.json,03ad32f646e0f5031e525df6c3657dab0e64895dfbc80e2619deb6ea86312a9c,data_audit.train_only_scaler.median[23],0.0
grasp_protocol_v3__tau_4__swan__swan_sf__seed1103,tau_4,swan,swan_sf,1103,completed,experiments/runs/fm_grasp_protocol_v3/jobs/grasp_protocol_v3__tau_4__swan__swan_sf__seed1103/result.json,03ad32f646e0f5031e525df6c3657dab0e64895dfbc80e2619deb6ea86312a9c,data_audit.train_only_scaler.median[24],223.862839
grasp_protocol_v3__tau_4__swan__swan_sf__seed1103,tau_4,swan,swan_sf,1103,completed,experiments/runs/fm_grasp_protocol_v3/jobs/grasp_protocol_v3__tau_4__swan__swan_sf__seed1103/result.json,03ad32f646e0f5031e525df6c3657dab0e64895dfbc80e2619deb6ea86312a9c,data_audit.train_only_scaler.median[25],263.178192
grasp_protocol_v3__tau_4__swan__swan_sf__seed1103,tau_4,swan,swan_sf,1103,completed,experiments/runs/fm_grasp_protocol_v3/jobs/grasp_protocol_v3__tau_4__swan__swan_sf__seed1103/result.json,03ad32f646e0f5031e525df6c3657dab0e64895dfbc80e2619deb6ea86312a9c,data_audit.train_only_scaler.median[26],3.667938
grasp_protocol_v3__tau_4__swan__swan_sf__seed1103,tau_4,swan,swan_sf,1103,completed,experiments/runs/fm_grasp_protocol_v3/jobs/grasp_protocol_v3__tau_4__swan__swan_sf__seed1103/result.json,03ad32f646e0f5031e525df6c3657dab0e64895dfbc80e2619deb6ea86312a9c,data_audit.train_only_scaler.median[27],-2.074256
grasp_protocol_v3__tau_4__swan__swan_sf__seed1103,tau_4,swan,swan_sf,1103,completed,experiments/runs/fm_grasp_protocol_v3/jobs/grasp_protocol_v3__tau_4__swan__swan_sf__seed1103/result.json,03ad32f646e0f5031e525df6c3657dab0e64895dfbc80e2619deb6ea86312a9c,data_audit.train_only_scaler.median[28],6.692411
grasp_protocol_v3__tau_4__swan__swan_sf__seed1103,tau_4,swan,swan_sf,1103,completed,experiments/runs/fm_grasp_protocol_v3/jobs/grasp_protocol_v3__tau_4__swan__swan_sf__seed1103/result.json,03ad32f646e0f5031e525df6c3657dab0e64895dfbc80e2619deb6ea86312a9c,data_audit.train_only_scaler.median[29],10.207301
grasp_protocol_v3__tau_4__swan__swan_sf__seed1103,tau_4,swan,swan_sf,1103,completed,experiments/runs/fm_grasp_protocol_v3/jobs/grasp_protocol_v3__tau_4__swan__swan_sf__seed1103/result.json,03ad32f646e0f5031e525df6c3657dab0e64895dfbc80e2619deb6ea86312a9c,data_audit.train_only_scaler.median[30],0.0
grasp_protocol_v3__tau_4__swan__swan_sf__seed1103,tau_4,swan,swan_sf,1103,completed,experiments/runs/fm_grasp_protocol_v3/jobs/grasp_protocol_v3__tau_4__swan__swan_sf__seed1103/result.json,03ad32f646e0f5031e525df6c3657dab0e64895dfbc80e2619deb6ea86312a9c,data_audit.train_only_scaler.median[31],1.0
grasp_protocol_v3__tau_4__swan__swan_sf__seed1103,tau_4,swan,swan_sf,1103,completed,experiments/runs/fm_grasp_protocol_v3/jobs/grasp_protocol_v3__tau_4__swan__swan_sf__seed1103/result.json,03ad32f646e0f5031e525df6c3657dab0e64895dfbc80e2619deb6ea86312a9c,data_audit.train_only_scaler.median[32],0.0
grasp_protocol_v3__tau_4__swan__swan_sf__seed1103,tau_4,swan,swan_sf,1103,completed,experiments/runs/fm_grasp_protocol_v3/jobs/grasp_protocol_v3__tau_4__swan__swan_sf__seed1103/result.json,03ad32f646e0f5031e525df6c3657dab0e64895dfbc80e2619deb6ea86312a9c,data_audit.train_only_scaler.median[33],0.0
grasp_protocol_v3__tau_4__swan__swan_sf__seed1103,tau_4,swan,swan_sf,1103,completed,experiments/runs/fm_grasp_protocol_v3/jobs/grasp_protocol_v3__tau_4__swan__swan_sf__seed1103/result.json,03ad32f646e0f5031e525df6c3657dab0e64895dfbc80e2619deb6ea86312a9c,data_audit.train_only_scaler.median[34],0.0
grasp_protocol_v3__tau_4__swan__swan_sf__seed1103,tau_4,swan,swan_sf,1103,completed,experiments/runs/fm_grasp_protocol_v3/jobs/grasp_protocol_v3__tau_4__swan__swan_sf__seed1103/result.json,03ad32f646e0f5031e525df6c3657dab0e64895dfbc80e2619deb6ea86312a9c,data_audit.train_only_scaler.median[35],0.0
grasp_protocol_v3__tau_4__swan__swan_sf__seed1103,tau_4,swan,swan_sf,1103,completed,experiments/runs/fm_grasp_protocol_v3/jobs/grasp_protocol_v3__tau_4__swan__swan_sf__seed1103/result.json,03ad32f646e0f5031e525df6c3657dab0e64895dfbc80e2619deb6ea86312a9c,data_audit.train_only_scaler.median[36],1.23e-06
grasp_protocol_v3__tau_4__swan__swan_sf__seed1103,tau_4,swan,swan_sf,1103,completed,experiments/runs/fm_grasp_protocol_v3/jobs/grasp_protocol_v3__tau_4__swan__swan_sf__seed1103/result.json,03ad32f646e0f5031e525df6c3657dab0e64895dfbc80e2619deb6ea86312a9c,data_audit.train_only_scaler.median[37],12.0
grasp_protocol_v3__tau_4__swan__swan_sf__seed1103,tau_4,swan,swan_sf,1103,completed,experiments/runs/fm_grasp_protocol_v3/jobs/grasp_protocol_v3__tau_4__swan__swan_sf__seed1103/result.json,03ad32f646e0f5031e525df6c3657dab0e64895dfbc80e2619deb6ea86312a9c,data_audit.train_only_scaler.mean[0],305.1626169607622
grasp_protocol_v3__tau_4__swan__swan_sf__seed1103,tau_4,swan,swan_sf,1103,completed,experiments/runs/fm_grasp_protocol_v3/jobs/grasp_protocol_v3__tau_4__swan__swan_sf__seed1103/result.json,03ad32f646e0f5031e525df6c3657dab0e64895dfbc80e2619deb6ea86312a9c,data_audit.train_only_scaler.mean[1],3891992090.7515807
grasp_protocol_v3__tau_4__swan__swan_sf__seed1103,tau_4,swan,swan_sf,1103,completed,experiments/runs/fm_grasp_protocol_v3/jobs/grasp_protocol_v3__tau_4__swan__swan_sf__seed1103/result.json,03ad32f646e0f5031e525df6c3657dab0e64895dfbc80e2619deb6ea86312a9c,data_audit.train_only_scaler.mean[2],1.0852574129680566e+23
grasp_protocol_v3__tau_4__swan__swan_sf__seed1103,tau_4,swan,swan_sf,1103,completed,experiments/runs/fm_grasp_protocol_v3/jobs/grasp_protocol_v3__tau_4__swan__swan_sf__seed1103/result.json,03ad32f646e0f5031e525df6c3657dab0e64895dfbc80e2619deb6ea86312a9c,data_audit.train_only_scaler.mean[3],6278208406547.6875
grasp_protocol_v3__tau_4__swan__swan_sf__seed1103,tau_4,swan,swan_sf,1103,completed,experiments/runs/fm_grasp_protocol_v3/jobs/grasp_protocol_v3__tau_4__swan__swan_sf__seed1103/result.json,03ad32f646e0f5031e525df6c3657dab0e64895dfbc80e2619deb6ea86312a9c,data_audit.train_only_scaler.mean[4],41.4241013709116
grasp_protocol_v3__tau_4__swan__swan_sf__seed1103,tau_4,swan,swan_sf,1103,completed,experiments/runs/fm_grasp_protocol_v3/jobs/grasp_protocol_v3__tau_4__swan__swan_sf__seed1103/result.json,03ad32f646e0f5031e525df6c3657dab0e64895dfbc80e2619deb6ea86312a9c,data_audit.train_only_scaler.mean[5],2144531812602.708
grasp_protocol_v3__tau_4__swan__swan_sf__seed1103,tau_4,swan,swan_sf,1103,completed,experiments/runs/fm_grasp_protocol_v3/jobs/grasp_protocol_v3__tau_4__swan__swan_sf__seed1103/result.json,03ad32f646e0f5031e525df6c3657dab0e64895dfbc80e2619deb6ea86312a9c,data_audit.train_only_scaler.mean[6],4.5793002135186697e+21
grasp_protocol_v3__tau_4__swan__swan_sf__seed1103,tau_4,swan,swan_sf,1103,completed,experiments/runs/fm_grasp_protocol_v3/jobs/grasp_protocol_v3__tau_4__swan__swan_sf__seed1103/result.json,03ad32f646e0f5031e525df6c3657dab0e64895dfbc80e2619deb6ea86312a9c,data_audit.train_only_scaler.mean[7],-1.8388628813093173e+24
grasp_protocol_v3__tau_4__swan__swan_sf__seed1103,tau_4,swan,swan_sf,1103,completed,experiments/runs/fm_grasp_protocol_v3/jobs/grasp_protocol_v3__tau_4__swan__swan_sf__seed1103/result.json,03ad32f646e0f5031e525df6c3657dab0e64895dfbc80e2619deb6ea86312a9c,data_audit.train_only_scaler.mean[8],436248.2433815505
grasp_protocol_v3__tau_4__swan__swan_sf__seed1103,tau_4,swan,swan_sf,1103,completed,experiments/runs/fm_grasp_protocol_v3/jobs/grasp_protocol_v3__tau_4__swan__swan_sf__seed1103/result.json,03ad32f646e0f5031e525df6c3657dab0e64895dfbc80e2619deb6ea86312a9c,data_audit.train_only_scaler.mean[9],-0.5304256504971101
grasp_protocol_v3__tau_4__swan__swan_sf__seed1103,tau_4,swan,swan_sf,1103,completed,experiments/runs/fm_grasp_protocol_v3/jobs/grasp_protocol_v3__tau_4__swan__swan_sf__seed1103/result.json,03ad32f646e0f5031e525df6c3657dab0e64895dfbc80e2619deb6ea86312a9c,data_audit.train_only_scaler.mean[10],26.18927621491827
grasp_protocol_v3__tau_4__swan__swan_sf__seed1103,tau_4,swan,swan_sf,1103,completed,experiments/runs/fm_grasp_protocol_v3/jobs/grasp_protocol_v3__tau_4__swan__swan_sf__seed1103/result.json,03ad32f646e0f5031e525df6c3657dab0e64895dfbc80e2619deb6ea86312a9c,data_audit.train_only_scaler.mean[11],11.104307795097283
grasp_protocol_v3__tau_4__swan__swan_sf__seed1103,tau_4,swan,swan_sf,1103,completed,experiments/runs/fm_grasp_protocol_v3/jobs/grasp_protocol_v3__tau_4__swan__swan_sf__seed1103/result.json,03ad32f646e0f5031e525df6c3657dab0e64895dfbc80e2619deb6ea86312a9c,data_audit.train_only_scaler.mean[12],34.1471406854236
grasp_protocol_v3__tau_4__swan__swan_sf__seed1103,tau_4,swan,swan_sf,1103,completed,experiments/runs/fm_grasp_protocol_v3/jobs/grasp_protocol_v3__tau_4__swan__swan_sf__seed1103/result.json,03ad32f646e0f5031e525df6c3657dab0e64895dfbc80e2619deb6ea86312a9c,data_audit.train_only_scaler.mean[13],121.46471916884391
grasp_protocol_v3__tau_4__swan__swan_sf__seed1103,tau_4,swan,swan_sf,1103,completed,experiments/runs/fm_grasp_protocol_v3/jobs/grasp_protocol_v3__tau_4__swan__swan_sf__seed1103/result.json,03ad32f646e0f5031e525df6c3657dab0e64895dfbc80e2619deb6ea86312a9c,data_audit.train_only_scaler.mean[14],122.77046639364936
grasp_protocol_v3__tau_4__swan__swan_sf__seed1103,tau_4,swan,swan_sf,1103,completed,experiments/runs/fm_grasp_protocol_v3/jobs/grasp_protocol_v3__tau_4__swan__swan_sf__seed1103/result.json,03ad32f646e0f5031e525df6c3657dab0e64895dfbc80e2619deb6ea86312a9c,data_audit.train_only_scaler.mean[15],54.72076190157697
grasp_protocol_v3__tau_4__swan__swan_sf__seed1103,tau_4,swan,swan_sf,1103,completed,experiments/runs/fm_grasp_protocol_v3/jobs/grasp_protocol_v3__tau_4__swan__swan_sf__seed1103/result.json,03ad32f646e0f5031e525df6c3657dab0e64895dfbc80e2619deb6ea86312a9c,data_audit.train_only_scaler.mean[16],0.0004028268090018369
grasp_protocol_v3__tau_4__swan__swan_sf__seed1103,tau_4,swan,swan_sf,1103,completed,experiments/runs/fm_grasp_protocol_v3/jobs/grasp_protocol_v3__tau_4__swan__swan_sf__seed1103/result.json,03ad32f646e0f5031e525df6c3657dab0e64895dfbc80e2619deb6ea86312a9c,data_audit.train_only_scaler.mean[17],-1.085305984839892e+23
grasp_protocol_v3__tau_4__swan__swan_sf__seed1103,tau_4,swan,swan_sf,1103,completed,experiments/runs/fm_grasp_protocol_v3/jobs/grasp_protocol_v3__tau_4__swan__swan_sf__seed1103/result.json,03ad32f646e0f5031e525df6c3657dab0e64895dfbc80e2619deb6ea86312a9c,data_audit.train_only_scaler.mean[18],0.3314377587114313
grasp_protocol_v3__tau_4__swan__swan_sf__seed1103,tau_4,swan,swan_sf,1103,completed,experiments/runs/fm_grasp_protocol_v3/jobs/grasp_protocol_v3__tau_4__swan__swan_sf__seed1103/result.json,03ad32f646e0f5031e525df6c3657dab0e64895dfbc80e2619deb6ea86312a9c,data_audit.train_only_scaler.mean[19],0.0017608309675426538
grasp_protocol_v3__tau_4__swan__swan_sf__seed1103,tau_4,swan,swan_sf,1103,completed,experiments/runs/fm_grasp_protocol_v3/jobs/grasp_protocol_v3__tau_4__swan__swan_sf__seed1103/result.json,03ad32f646e0f5031e525df6c3657dab0e64895dfbc80e2619deb6ea86312a9c,data_audit.train_only_scaler.mean[20],-6.4804778061874636e+22
grasp_protocol_v3__tau_4__swan__swan_sf__seed1103,tau_4,swan,swan_sf,1103,completed,experiments/runs/fm_grasp_protocol_v3/jobs/grasp_protocol_v3__tau_4__swan__swan_sf__seed1103/result.json,03ad32f646e0f5031e525df6c3657dab0e64895dfbc80e2619deb6ea86312a9c,data_audit.train_only_scaler.mean[21],0.012395267187078311
grasp_protocol_v3__tau_4__swan__swan_sf__seed1103,tau_4,swan,swan_sf,1103,completed,experiments/runs/fm_grasp_protocol_v3/jobs/grasp_protocol_v3__tau_4__swan__swan_sf__seed1103/result.json,03ad32f646e0f5031e525df6c3657dab0e64895dfbc80e2619deb6ea86312a9c,data_audit.train_only_scaler.mean[22],0.018506858863011996
grasp_protocol_v3__tau_4__swan__swan_sf__seed1103,tau_4,swan,swan_sf,1103,completed,experiments/runs/fm_grasp_protocol_v3/jobs/grasp_protocol_v3__tau_4__swan__swan_sf__seed1103/result.json,03ad32f646e0f5031e525df6c3657dab0e64895dfbc80e2619deb6ea86312a9c,data_audit.train_only_scaler.mean[23],1.418514473790745
grasp_protocol_v3__tau_4__swan__swan_sf__seed1103,tau_4,swan,swan_sf,1103,completed,experiments/runs/fm_grasp_protocol_v3/jobs/grasp_protocol_v3__tau_4__swan__swan_sf__seed1103/result.json,03ad32f646e0f5031e525df6c3657dab0e64895dfbc80e2619deb6ea86312a9c,data_audit.train_only_scaler.mean[24],201.065698432738
grasp_protocol_v3__tau_4__swan__swan_sf__seed1103,tau_4,swan,swan_sf,1103,completed,experiments/runs/fm_grasp_protocol_v3/jobs/grasp_protocol_v3__tau_4__swan__swan_sf__seed1103/result.json,03ad32f646e0f5031e525df6c3657dab0e64895dfbc80e2619deb6ea86312a9c,data_audit.train_only_scaler.mean[25],198.70728841208506
grasp_protocol_v3__tau_4__swan__swan_sf__seed1103,tau_4,swan,swan_sf,1103,completed,experiments/runs/fm_grasp_protocol_v3/jobs/grasp_protocol_v3__tau_4__swan__swan_sf__seed1103/result.json,03ad32f646e0f5031e525df6c3657dab0e64895dfbc80e2619deb6ea86312a9c,data_audit.train_only_scaler.mean[26],-0.722098970705977
grasp_protocol_v3__tau_4__swan__swan_sf__seed1103,tau_4,swan,swan_sf,1103,completed,experiments/runs/fm_grasp_protocol_v3/jobs/grasp_protocol_v3__tau_4__swan__swan_sf__seed1103/result.json,03ad32f646e0f5031e525df6c3657dab0e64895dfbc80e2619deb6ea86312a9c,data_audit.train_only_scaler.mean[27],-3.9825264890385723
grasp_protocol_v3__tau_4__swan__swan_sf__seed1103,tau_4,swan,swan_sf,1103,completed,experiments/runs/fm_grasp_protocol_v3/jobs/grasp_protocol_v3__tau_4__swan__swan_sf__seed1103/result.json,03ad32f646e0f5031e525df6c3657dab0e64895dfbc80e2619deb6ea86312a9c,data_audit.train_only_scaler.mean[28],4.580065097159533
grasp_protocol_v3__tau_4__swan__swan_sf__seed1103,tau_4,swan,swan_sf,1103,completed,experiments/runs/fm_grasp_protocol_v3/jobs/grasp_protocol_v3__tau_4__swan__swan_sf__seed1103/result.json,03ad32f646e0f5031e525df6c3657dab0e64895dfbc80e2619deb6ea86312a9c,data_audit.train_only_scaler.mean[29],7.682772539747129
grasp_protocol_v3__tau_4__swan__swan_sf__seed1103,tau_4,swan,swan_sf,1103,completed,experiments/runs/fm_grasp_protocol_v3/jobs/grasp_protocol_v3__tau_4__swan__swan_sf__seed1103/result.json,03ad32f646e0f5031e525df6c3657dab0e64895dfbc80e2619deb6ea86312a9c,data_audit.train_only_scaler.mean[30],2556.974264472263
grasp_protocol_v3__tau_4__swan__swan_sf__seed1103,tau_4,swan,swan_sf,1103,completed,experiments/runs/fm_grasp_protocol_v3/jobs/grasp_protocol_v3__tau_4__swan__swan_sf__seed1103/result.json,03ad32f646e0f5031e525df6c3657dab0e64895dfbc80e2619deb6ea86312a9c,data_audit.train_only_scaler.mean[31],0.9601575903920696
grasp_protocol_v3__tau_4__swan__swan_sf__seed1103,tau_4,swan,swan_sf,1103,completed,experiments/runs/fm_grasp_protocol_v3/jobs/grasp_protocol_v3__tau_4__swan__swan_sf__seed1103/result.json,03ad32f646e0f5031e525df6c3657dab0e64895dfbc80e2619deb6ea86312a9c,data_audit.train_only_scaler.mean[32],0.0
grasp_protocol_v3__tau_4__swan__swan_sf__seed1103,tau_4,swan,swan_sf,1103,completed,experiments/runs/fm_grasp_protocol_v3/jobs/grasp_protocol_v3__tau_4__swan__swan_sf__seed1103/result.json,03ad32f646e0f5031e525df6c3657dab0e64895dfbc80e2619deb6ea86312a9c,data_audit.train_only_scaler.mean[33],0.001143801232763551
grasp_protocol_v3__tau_4__swan__swan_sf__seed1103,tau_4,swan,swan_sf,1103,completed,experiments/runs/fm_grasp_protocol_v3/jobs/grasp_protocol_v3__tau_4__swan__swan_sf__seed1103/result.json,03ad32f646e0f5031e525df6c3657dab0e64895dfbc80e2619deb6ea86312a9c,data_audit.train_only_scaler.mean[34],0.0005719006163817755
grasp_protocol_v3__tau_4__swan__swan_sf__seed1103,tau_4,swan,swan_sf,1103,completed,experiments/runs/fm_grasp_protocol_v3/jobs/grasp_protocol_v3__tau_4__swan__swan_sf__seed1103/result.json,03ad32f646e0f5031e525df6c3657dab0e64895dfbc80e2619deb6ea86312a9c,data_audit.train_only_scaler.mean[35],0.0
grasp_protocol_v3__tau_4__swan__swan_sf__seed1103,tau_4,swan,swan_sf,1103,completed,experiments/runs/fm_grasp_protocol_v3/jobs/grasp_protocol_v3__tau_4__swan__swan_sf__seed1103/result.json,03ad32f646e0f5031e525df6c3657dab0e64895dfbc80e2619deb6ea86312a9c,data_audit.train_only_scaler.mean[36],-235.11234360995348
grasp_protocol_v3__tau_4__swan__swan_sf__seed1103,tau_4,swan,swan_sf,1103,completed,experiments/runs/fm_grasp_protocol_v3/jobs/grasp_protocol_v3__tau_4__swan__swan_sf__seed1103/result.json,03ad32f646e0f5031e525df6c3657dab0e64895dfbc80e2619deb6ea86312a9c,data_audit.train_only_scaler.mean[37],11.944843362775625
grasp_protocol_v3__tau_4__swan__swan_sf__seed1103,tau_4,swan,swan_sf,1103,completed,experiments/runs/fm_grasp_protocol_v3/jobs/grasp_protocol_v3__tau_4__swan__swan_sf__seed1103/result.json,03ad32f646e0f5031e525df6c3657dab0e64895dfbc80e2619deb6ea86312a9c,data_audit.train_only_scaler.scale[0],521.570342257543
grasp_protocol_v3__tau_4__swan__swan_sf__seed1103,tau_4,swan,swan_sf,1103,completed,experiments/runs/fm_grasp_protocol_v3/jobs/grasp_protocol_v3__tau_4__swan__swan_sf__seed1103/result.json,03ad32f646e0f5031e525df6c3657dab0e64895dfbc80e2619deb6ea86312a9c,data_audit.train_only_scaler.scale[1],8127773323.662388
grasp_protocol_v3__tau_4__swan__swan_sf__seed1103,tau_4,swan,swan_sf,1103,completed,experiments/runs/fm_grasp_protocol_v3/jobs/grasp_protocol_v3__tau_4__swan__swan_sf__seed1103/result.json,03ad32f646e0f5031e525df6c3657dab0e64895dfbc80e2619deb6ea86312a9c,data_audit.train_only_scaler.scale[2],1.6057244166730386e+24
grasp_protocol_v3__tau_4__swan__swan_sf__seed1103,tau_4,swan,swan_sf,1103,completed,experiments/runs/fm_grasp_protocol_v3/jobs/grasp_protocol_v3__tau_4__swan__swan_sf__seed1103/result.json,03ad32f646e0f5031e525df6c3657dab0e64895dfbc80e2619deb6ea86312a9c,data_audit.train_only_scaler.scale[3],10484165665143.857
grasp_protocol_v3__tau_4__swan__swan_sf__seed1103,tau_4,swan,swan_sf,1103,completed,experiments/runs/fm_grasp_protocol_v3/jobs/grasp_protocol_v3__tau_4__swan__swan_sf__seed1103/result.json,03ad32f646e0f5031e525df6c3657dab0e64895dfbc80e2619deb6ea86312a9c,data_audit.train_only_scaler.scale[4],112.13325347975933
grasp_protocol_v3__tau_4__swan__swan_sf__seed1103,tau_4,swan,swan_sf,1103,completed,experiments/runs/fm_grasp_protocol_v3/jobs/grasp_protocol_v3__tau_4__swan__swan_sf__seed1103/result.json,03ad32f646e0f5031e525df6c3657dab0e64895dfbc80e2619deb6ea86312a9c,data_audit.train_only_scaler.scale[5],4786566349698.902
grasp_protocol_v3__tau_4__swan__swan_sf__seed1103,tau_4,swan,swan_sf,1103,completed,experiments/runs/fm_grasp_protocol_v3/jobs/grasp_protocol_v3__tau_4__swan__swan_sf__seed1103/result.json,03ad32f646e0f5031e525df6c3657dab0e64895dfbc80e2619deb6ea86312a9c,data_audit.train_only_scaler.scale[6],8.160999960406271e+21
grasp_protocol_v3__tau_4__swan__swan_sf__seed1103,tau_4,swan,swan_sf,1103,completed,experiments/runs/fm_grasp_protocol_v3/jobs/grasp_protocol_v3__tau_4__swan__swan_sf__seed1103/result.json,03ad32f646e0f5031e525df6c3657dab0e64895dfbc80e2619deb6ea86312a9c,data_audit.train_only_scaler.scale[7],3.2446255976209476e+24
grasp_protocol_v3__tau_4__swan__swan_sf__seed1103,tau_4,swan,swan_sf,1103,completed,experiments/runs/fm_grasp_protocol_v3/jobs/grasp_protocol_v3__tau_4__swan__swan_sf__seed1103/result.json,03ad32f646e0f5031e525df6c3657dab0e64895dfbc80e2619deb6ea86312a9c,data_audit.train_only_scaler.scale[8],12700705.083050588
grasp_protocol_v3__tau_4__swan__swan_sf__seed1103,tau_4,swan,swan_sf,1103,completed,experiments/runs/fm_grasp_protocol_v3/jobs/grasp_protocol_v3__tau_4__swan__swan_sf__seed1103/result.json,03ad32f646e0f5031e525df6c3657dab0e64895dfbc80e2619deb6ea86312a9c,data_audit.train_only_scaler.scale[9],0.15764267201891288
grasp_protocol_v3__tau_4__swan__swan_sf__seed1103,tau_4,swan,swan_sf,1103,completed,experiments/runs/fm_grasp_protocol_v3/jobs/grasp_protocol_v3__tau_4__swan__swan_sf__seed1103/result.json,03ad32f646e0f5031e525df6c3657dab0e64895dfbc80e2619deb6ea86312a9c,data_audit.train_only_scaler.scale[10],7.998840992094515
grasp_protocol_v3__tau_4__swan__swan_sf__seed1103,tau_4,swan,swan_sf,1103,completed,experiments/runs/fm_grasp_protocol_v3/jobs/grasp_protocol_v3__tau_4__swan__swan_sf__seed1103/result.json,03ad32f646e0f5031e525df6c3657dab0e64895dfbc80e2619deb6ea86312a9c,data_audit.train_only_scaler.scale[11],14.517086710445161
grasp_protocol_v3__tau_4__swan__swan_sf__seed1103,tau_4,swan,swan_sf,1103,completed,experiments/runs/fm_grasp_protocol_v3/jobs/grasp_protocol_v3__tau_4__swan__swan_sf__seed1103/result.json,03ad32f646e0f5031e525df6c3657dab0e64895dfbc80e2619deb6ea86312a9c,data_audit.train_only_scaler.scale[12],9.164958630701037
grasp_protocol_v3__tau_4__swan__swan_sf__seed1103,tau_4,swan,swan_sf,1103,completed,experiments/runs/fm_grasp_protocol_v3/jobs/grasp_protocol_v3__tau_4__swan__swan_sf__seed1103/result.json,03ad32f646e0f5031e525df6c3657dab0e64895dfbc80e2619deb6ea86312a9c,data_audit.train_only_scaler.scale[13],22.663966001612895
grasp_protocol_v3__tau_4__swan__swan_sf__seed1103,tau_4,swan,swan_sf,1103,completed,experiments/runs/fm_grasp_protocol_v3/jobs/grasp_protocol_v3__tau_4__swan__swan_sf__seed1103/result.json,03ad32f646e0f5031e525df6c3657dab0e64895dfbc80e2619deb6ea86312a9c,data_audit.train_only_scaler.scale[14],22.83698851922826
grasp_protocol_v3__tau_4__swan__swan_sf__seed1103,tau_4,swan,swan_sf,1103,completed,experiments/runs/fm_grasp_protocol_v3/jobs/grasp_protocol_v3__tau_4__swan__swan_sf__seed1103/result.json,03ad32f646e0f5031e525df6c3657dab0e64895dfbc80e2619deb6ea86312a9c,data_audit.train_only_scaler.scale[15],14.49123627720488
grasp_protocol_v3__tau_4__swan__swan_sf__seed1103,tau_4,swan,swan_sf,1103,completed,experiments/runs/fm_grasp_protocol_v3/jobs/grasp_protocol_v3__tau_4__swan__swan_sf__seed1103/result.json,03ad32f646e0f5031e525df6c3657dab0e64895dfbc80e2619deb6ea86312a9c,data_audit.train_only_scaler.scale[16],0.007446704694027152
grasp_protocol_v3__tau_4__swan__swan_sf__seed1103,tau_4,swan,swan_sf,1103,completed,experiments/runs/fm_grasp_protocol_v3/jobs/grasp_protocol_v3__tau_4__swan__swan_sf__seed1103/result.json,03ad32f646e0f5031e525df6c3657dab0e64895dfbc80e2619deb6ea86312a9c,data_audit.train_only_scaler.scale[17],5.067548212998718e+23
grasp_protocol_v3__tau_4__swan__swan_sf__seed1103,tau_4,swan,swan_sf,1103,completed,experiments/runs/fm_grasp_protocol_v3/jobs/grasp_protocol_v3__tau_4__swan__swan_sf__seed1103/result.json,03ad32f646e0f5031e525df6c3657dab0e64895dfbc80e2619deb6ea86312a9c,data_audit.train_only_scaler.scale[18],0.7491082918156635
grasp_protocol_v3__tau_4__swan__swan_sf__seed1103,tau_4,swan,swan_sf,1103,completed,experiments/runs/fm_grasp_protocol_v3/jobs/grasp_protocol_v3__tau_4__swan__swan_sf__seed1103/result.json,03ad32f646e0f5031e525df6c3657dab0e64895dfbc80e2619deb6ea86312a9c,data_audit.train_only_scaler.scale[19],0.02580423934918983
grasp_protocol_v3__tau_4__swan__swan_sf__seed1103,tau_4,swan,swan_sf,1103,completed,experiments/runs/fm_grasp_protocol_v3/jobs/grasp_protocol_v3__tau_4__swan__swan_sf__seed1103/result.json,03ad32f646e0f5031e525df6c3657dab0e64895dfbc80e2619deb6ea86312a9c,data_audit.train_only_scaler.scale[20],1.1825085057623071e+24
grasp_protocol_v3__tau_4__swan__swan_sf__seed1103,tau_4,swan,swan_sf,1103,completed,experiments/runs/fm_grasp_protocol_v3/jobs/grasp_protocol_v3__tau_4__swan__swan_sf__seed1103/result.json,03ad32f646e0f5031e525df6c3657dab0e64895dfbc80e2619deb6ea86312a9c,data_audit.train_only_scaler.scale[21],0.13926497457575512
grasp_protocol_v3__tau_4__swan__swan_sf__seed1103,tau_4,swan,swan_sf,1103,completed,experiments/runs/fm_grasp_protocol_v3/jobs/grasp_protocol_v3__tau_4__swan__swan_sf__seed1103/result.json,03ad32f646e0f5031e525df6c3657dab0e64895dfbc80e2619deb6ea86312a9c,data_audit.train_only_scaler.scale[22],0.18539980134319797
grasp_protocol_v3__tau_4__swan__swan_sf__seed1103,tau_4,swan,swan_sf,1103,completed,experiments/runs/fm_grasp_protocol_v3/jobs/grasp_protocol_v3__tau_4__swan__swan_sf__seed1103/result.json,03ad32f646e0f5031e525df6c3657dab0e64895dfbc80e2619deb6ea86312a9c,data_audit.train_only_scaler.scale[23],1.712261267510182
grasp_protocol_v3__tau_4__swan__swan_sf__seed1103,tau_4,swan,swan_sf,1103,completed,experiments/runs/fm_grasp_protocol_v3/jobs/grasp_protocol_v3__tau_4__swan__swan_sf__seed1103/result.json,03ad32f646e0f5031e525df6c3657dab0e64895dfbc80e2619deb6ea86312a9c,data_audit.train_only_scaler.scale[24],122.48048173928221
grasp_protocol_v3__tau_4__swan__swan_sf__seed1103,tau_4,swan,swan_sf,1103,completed,experiments/runs/fm_grasp_protocol_v3/jobs/grasp_protocol_v3__tau_4__swan__swan_sf__seed1103/result.json,03ad32f646e0f5031e525df6c3657dab0e64895dfbc80e2619deb6ea86312a9c,data_audit.train_only_scaler.scale[25],118.53868905344714
grasp_protocol_v3__tau_4__swan__swan_sf__seed1103,tau_4,swan,swan_sf,1103,completed,experiments/runs/fm_grasp_protocol_v3/jobs/grasp_protocol_v3__tau_4__swan__swan_sf__seed1103/result.json,03ad32f646e0f5031e525df6c3657dab0e64895dfbc80e2619deb6ea86312a9c,data_audit.train_only_scaler.scale[26],15.8413429430375
grasp_protocol_v3__tau_4__swan__swan_sf__seed1103,tau_4,swan,swan_sf,1103,completed,experiments/runs/fm_grasp_protocol_v3/jobs/grasp_protocol_v3__tau_4__swan__swan_sf__seed1103/result.json,03ad32f646e0f5031e525df6c3657dab0e64895dfbc80e2619deb6ea86312a9c,data_audit.train_only_scaler.scale[27],33.25478901460059
grasp_protocol_v3__tau_4__swan__swan_sf__seed1103,tau_4,swan,swan_sf,1103,completed,experiments/runs/fm_grasp_protocol_v3/jobs/grasp_protocol_v3__tau_4__swan__swan_sf__seed1103/result.json,03ad32f646e0f5031e525df6c3657dab0e64895dfbc80e2619deb6ea86312a9c,data_audit.train_only_scaler.scale[28],16.466208780244486
grasp_protocol_v3__tau_4__swan__swan_sf__seed1103,tau_4,swan,swan_sf,1103,completed,experiments/runs/fm_grasp_protocol_v3/jobs/grasp_protocol_v3__tau_4__swan__swan_sf__seed1103/result.json,03ad32f646e0f5031e525df6c3657dab0e64895dfbc80e2619deb6ea86312a9c,data_audit.train_only_scaler.scale[29],33.90595903667634
grasp_protocol_v3__tau_4__swan__swan_sf__seed1103,tau_4,swan,swan_sf,1103,completed,experiments/runs/fm_grasp_protocol_v3/jobs/grasp_protocol_v3__tau_4__swan__swan_sf__seed1103/result.json,03ad32f646e0f5031e525df6c3657dab0e64895dfbc80e2619deb6ea86312a9c,data_audit.train_only_scaler.scale[30],12719.09410671598
grasp_protocol_v3__tau_4__swan__swan_sf__seed1103,tau_4,swan,swan_sf,1103,completed,experiments/runs/fm_grasp_protocol_v3/jobs/grasp_protocol_v3__tau_4__swan__swan_sf__seed1103/result.json,03ad32f646e0f5031e525df6c3657dab0e64895dfbc80e2619deb6ea86312a9c,data_audit.train_only_scaler.scale[31],0.19558883404879554
grasp_protocol_v3__tau_4__swan__swan_sf__seed1103,tau_4,swan,swan_sf,1103,completed,experiments/runs/fm_grasp_protocol_v3/jobs/grasp_protocol_v3__tau_4__swan__swan_sf__seed1103/result.json,03ad32f646e0f5031e525df6c3657dab0e64895dfbc80e2619deb6ea86312a9c,data_audit.train_only_scaler.scale[32],1.0
grasp_protocol_v3__tau_4__swan__swan_sf__seed1103,tau_4,swan,swan_sf,1103,completed,experiments/runs/fm_grasp_protocol_v3/jobs/grasp_protocol_v3__tau_4__swan__swan_sf__seed1103/result.json,03ad32f646e0f5031e525df6c3657dab0e64895dfbc80e2619deb6ea86312a9c,data_audit.train_only_scaler.scale[33],0.03380078329718015
grasp_protocol_v3__tau_4__swan__swan_sf__seed1103,tau_4,swan,swan_sf,1103,completed,experiments/runs/fm_grasp_protocol_v3/jobs/grasp_protocol_v3__tau_4__swan__swan_sf__seed1103/result.json,03ad32f646e0f5031e525df6c3657dab0e64895dfbc80e2619deb6ea86312a9c,data_audit.train_only_scaler.scale[34],0.02390760435650135
grasp_protocol_v3__tau_4__swan__swan_sf__seed1103,tau_4,swan,swan_sf,1103,completed,experiments/runs/fm_grasp_protocol_v3/jobs/grasp_protocol_v3__tau_4__swan__swan_sf__seed1103/result.json,03ad32f646e0f5031e525df6c3657dab0e64895dfbc80e2619deb6ea86312a9c,data_audit.train_only_scaler.scale[35],1.0
grasp_protocol_v3__tau_4__swan__swan_sf__seed1103,tau_4,swan,swan_sf,1103,completed,experiments/runs/fm_grasp_protocol_v3/jobs/grasp_protocol_v3__tau_4__swan__swan_sf__seed1103/result.json,03ad32f646e0f5031e525df6c3657dab0e64895dfbc80e2619deb6ea86312a9c,data_audit.train_only_scaler.scale[36],4843.110750687241
grasp_protocol_v3__tau_4__swan__swan_sf__seed1103,tau_4,swan,swan_sf,1103,completed,experiments/runs/fm_grasp_protocol_v3/jobs/grasp_protocol_v3__tau_4__swan__swan_sf__seed1103/result.json,03ad32f646e0f5031e525df6c3657dab0e64895dfbc80e2619deb6ea86312a9c,data_audit.train_only_scaler.scale[37],0.7110330701676929
grasp_protocol_v3__tau_4__swan__swan_sf__seed1103,tau_4,swan,swan_sf,1103,completed,experiments/runs/fm_grasp_protocol_v3/jobs/grasp_protocol_v3__tau_4__swan__swan_sf__seed1103/result.json,03ad32f646e0f5031e525df6c3657dab0e64895dfbc80e2619deb6ea86312a9c,data_audit.train_only_scaler.constant_channels[0],32
grasp_protocol_v3__tau_4__swan__swan_sf__seed1103,tau_4,swan,swan_sf,1103,completed,experiments/runs/fm_grasp_protocol_v3/jobs/grasp_protocol_v3__tau_4__swan__swan_sf__seed1103/result.json,03ad32f646e0f5031e525df6c3657dab0e64895dfbc80e2619deb6ea86312a9c,data_audit.train_only_scaler.constant_channels[1],35
grasp_protocol_v3__tau_4__swan__swan_sf__seed1103,tau_4,swan,swan_sf,1103,completed,experiments/runs/fm_grasp_protocol_v3/jobs/grasp_protocol_v3__tau_4__swan__swan_sf__seed1103/result.json,03ad32f646e0f5031e525df6c3657dab0e64895dfbc80e2619deb6ea86312a9c,data_audit.train_only_scaler.repairs[0],0
grasp_protocol_v3__tau_4__swan__swan_sf__seed1103,tau_4,swan,swan_sf,1103,completed,experiments/runs/fm_grasp_protocol_v3/jobs/grasp_protocol_v3__tau_4__swan__swan_sf__seed1103/result.json,03ad32f646e0f5031e525df6c3657dab0e64895dfbc80e2619deb6ea86312a9c,data_audit.train_only_scaler.repairs[1],0
grasp_protocol_v3__tau_8__swan__swan_sf__seed1103,tau_8,swan,swan_sf,1103,completed,experiments/runs/fm_grasp_protocol_v3/jobs/grasp_protocol_v3__tau_8__swan__swan_sf__seed1103/result.json,f1234bb6d91c9ec720d3e45dd90ca7a624762cfbfea762e5df1a5b135f5a1d34,job.seed,1103
grasp_protocol_v3__tau_8__swan__swan_sf__seed1103,tau_8,swan,swan_sf,1103,completed,experiments/runs/fm_grasp_protocol_v3/jobs/grasp_protocol_v3__tau_8__swan__swan_sf__seed1103/result.json,f1234bb6d91c9ec720d3e45dd90ca7a624762cfbfea762e5df1a5b135f5a1d34,job.expected_optimizer_updates,93000
grasp_protocol_v3__tau_8__swan__swan_sf__seed1103,tau_8,swan,swan_sf,1103,completed,experiments/runs/fm_grasp_protocol_v3/jobs/grasp_protocol_v3__tau_8__swan__swan_sf__seed1103/result.json,f1234bb6d91c9ec720d3e45dd90ca7a624762cfbfea762e5df1a5b135f5a1d34,job.test_points,72000
grasp_protocol_v3__tau_8__swan__swan_sf__seed1103,tau_8,swan,swan_sf,1103,completed,experiments/runs/fm_grasp_protocol_v3/jobs/grasp_protocol_v3__tau_8__swan__swan_sf__seed1103/result.json,f1234bb6d91c9ec720d3e45dd90ca7a624762cfbfea762e5df1a5b135f5a1d34,job.validation_points,3935
grasp_protocol_v3__tau_8__swan__swan_sf__seed1103,tau_8,swan,swan_sf,1103,completed,experiments/runs/fm_grasp_protocol_v3/jobs/grasp_protocol_v3__tau_8__swan__swan_sf__seed1103/result.json,f1234bb6d91c9ec720d3e45dd90ca7a624762cfbfea762e5df1a5b135f5a1d34,job.score_recipes[0].source_samples,5
grasp_protocol_v3__tau_8__swan__swan_sf__seed1103,tau_8,swan,swan_sf,1103,completed,experiments/runs/fm_grasp_protocol_v3/jobs/grasp_protocol_v3__tau_8__swan__swan_sf__seed1103/result.json,f1234bb6d91c9ec720d3e45dd90ca7a624762cfbfea762e5df1a5b135f5a1d34,job.score_recipes[0].flow_evaluations,10
grasp_protocol_v3__tau_8__swan__swan_sf__seed1103,tau_8,swan,swan_sf,1103,completed,experiments/runs/fm_grasp_protocol_v3/jobs/grasp_protocol_v3__tau_8__swan__swan_sf__seed1103/result.json,f1234bb6d91c9ec720d3e45dd90ca7a624762cfbfea762e5df1a5b135f5a1d34,epochs_completed,1500
grasp_protocol_v3__tau_8__swan__swan_sf__seed1103,tau_8,swan,swan_sf,1103,completed,experiments/runs/fm_grasp_protocol_v3/jobs/grasp_protocol_v3__tau_8__swan__swan_sf__seed1103/result.json,f1234bb6d91c9ec720d3e45dd90ca7a624762cfbfea762e5df1a5b135f5a1d34,optimizer_updates,93000
grasp_protocol_v3__tau_8__swan__swan_sf__seed1103,tau_8,swan,swan_sf,1103,completed,experiments/runs/fm_grasp_protocol_v3/jobs/grasp_protocol_v3__tau_8__swan__swan_sf__seed1103/result.json,f1234bb6d91c9ec720d3e45dd90ca7a624762cfbfea762e5df1a5b135f5a1d34,scored_points,72000
grasp_protocol_v3__tau_8__swan__swan_sf__seed1103,tau_8,swan,swan_sf,1103,completed,experiments/runs/fm_grasp_protocol_v3/jobs/grasp_protocol_v3__tau_8__swan__swan_sf__seed1103/result.json,f1234bb6d91c9ec720d3e45dd90ca7a624762cfbfea762e5df1a5b135f5a1d34,validation_points,3935
grasp_protocol_v3__tau_8__swan__swan_sf__seed1103,tau_8,swan,swan_sf,1103,completed,experiments/runs/fm_grasp_protocol_v3/jobs/grasp_protocol_v3__tau_8__swan__swan_sf__seed1103/result.json,f1234bb6d91c9ec720d3e45dd90ca7a624762cfbfea762e5df1a5b135f5a1d34,score_recipes[0].source_samples,5
grasp_protocol_v3__tau_8__swan__swan_sf__seed1103,tau_8,swan,swan_sf,1103,completed,experiments/runs/fm_grasp_protocol_v3/jobs/grasp_protocol_v3__tau_8__swan__swan_sf__seed1103/result.json,f1234bb6d91c9ec720d3e45dd90ca7a624762cfbfea762e5df1a5b135f5a1d34,score_recipes[0].flow_evaluations,10
grasp_protocol_v3__tau_8__swan__swan_sf__seed1103,tau_8,swan,swan_sf,1103,completed,experiments/runs/fm_grasp_protocol_v3/jobs/grasp_protocol_v3__tau_8__swan__swan_sf__seed1103/result.json,f1234bb6d91c9ec720d3e45dd90ca7a624762cfbfea762e5df1a5b135f5a1d34,parameter_count,69244
grasp_protocol_v3__tau_8__swan__swan_sf__seed1103,tau_8,swan,swan_sf,1103,completed,experiments/runs/fm_grasp_protocol_v3/jobs/grasp_protocol_v3__tau_8__swan__swan_sf__seed1103/result.json,f1234bb6d91c9ec720d3e45dd90ca7a624762cfbfea762e5df1a5b135f5a1d34,training_seconds,714.2538088000001
grasp_protocol_v3__tau_8__swan__swan_sf__seed1103,tau_8,swan,swan_sf,1103,completed,experiments/runs/fm_grasp_protocol_v3/jobs/grasp_protocol_v3__tau_8__swan__swan_sf__seed1103/result.json,f1234bb6d91c9ec720d3e45dd90ca7a624762cfbfea762e5df1a5b135f5a1d34,peak_cuda_allocated_bytes,163084288
grasp_protocol_v3__tau_8__swan__swan_sf__seed1103,tau_8,swan,swan_sf,1103,completed,experiments/runs/fm_grasp_protocol_v3/jobs/grasp_protocol_v3__tau_8__swan__swan_sf__seed1103/result.json,f1234bb6d91c9ec720d3e45dd90ca7a624762cfbfea762e5df1a5b135f5a1d34,peak_cuda_reserved_bytes,201326592
grasp_protocol_v3__tau_8__swan__swan_sf__seed1103,tau_8,swan,swan_sf,1103,completed,experiments/runs/fm_grasp_protocol_v3/jobs/grasp_protocol_v3__tau_8__swan__swan_sf__seed1103/result.json,f1234bb6d91c9ec720d3e45dd90ca7a624762cfbfea762e5df1a5b135f5a1d34,cpu_threads,2
grasp_protocol_v3__tau_8__swan__swan_sf__seed1103,tau_8,swan,swan_sf,1103,completed,experiments/runs/fm_grasp_protocol_v3/jobs/grasp_protocol_v3__tau_8__swan__swan_sf__seed1103/result.json,f1234bb6d91c9ec720d3e45dd90ca7a624762cfbfea762e5df1a5b135f5a1d34,metrics[0].recipe.source_samples,5
grasp_protocol_v3__tau_8__swan__swan_sf__seed1103,tau_8,swan,swan_sf,1103,completed,experiments/runs/fm_grasp_protocol_v3/jobs/grasp_protocol_v3__tau_8__swan__swan_sf__seed1103/result.json,f1234bb6d91c9ec720d3e45dd90ca7a624762cfbfea762e5df1a5b135f5a1d34,metrics[0].recipe.flow_evaluations,10
grasp_protocol_v3__tau_8__swan__swan_sf__seed1103,tau_8,swan,swan_sf,1103,completed,experiments/runs/fm_grasp_protocol_v3/jobs/grasp_protocol_v3__tau_8__swan__swan_sf__seed1103/result.json,f1234bb6d91c9ec720d3e45dd90ca7a624762cfbfea762e5df1a5b135f5a1d34,metrics[0].metrics.paper_retrospective.AP,0.4943702816271116
grasp_protocol_v3__tau_8__swan__swan_sf__seed1103,tau_8,swan,swan_sf,1103,completed,experiments/runs/fm_grasp_protocol_v3/jobs/grasp_protocol_v3__tau_8__swan__swan_sf__seed1103/result.json,f1234bb6d91c9ec720d3e45dd90ca7a624762cfbfea762e5df1a5b135f5a1d34,metrics[0].metrics.paper_retrospective.ROC,0.6732290560684056
grasp_protocol_v3__tau_8__swan__swan_sf__seed1103,tau_8,swan,swan_sf,1103,completed,experiments/runs/fm_grasp_protocol_v3/jobs/grasp_protocol_v3__tau_8__swan__swan_sf__seed1103/result.json,f1234bb6d91c9ec720d3e45dd90ca7a624762cfbfea762e5df1a5b135f5a1d34,metrics[0].metrics.paper_retrospective.Best_F1,0.49330780934611074
grasp_protocol_v3__tau_8__swan__swan_sf__seed1103,tau_8,swan,swan_sf,1103,completed,experiments/runs/fm_grasp_protocol_v3/jobs/grasp_protocol_v3__tau_8__swan__swan_sf__seed1103/result.json,f1234bb6d91c9ec720d3e45dd90ca7a624762cfbfea762e5df1a5b135f5a1d34,metrics[0].metrics.validation_only_control.precision,0.37649302153129055
grasp_protocol_v3__tau_8__swan__swan_sf__seed1103,tau_8,swan,swan_sf,1103,completed,experiments/runs/fm_grasp_protocol_v3/jobs/grasp_protocol_v3__tau_8__swan__swan_sf__seed1103/result.json,f1234bb6d91c9ec720d3e45dd90ca7a624762cfbfea762e5df1a5b135f5a1d34,metrics[0].metrics.validation_only_control.recall,0.7072636815920398
grasp_protocol_v3__tau_8__swan__swan_sf__seed1103,tau_8,swan,swan_sf,1103,completed,experiments/runs/fm_grasp_protocol_v3/jobs/grasp_protocol_v3__tau_8__swan__swan_sf__seed1103/result.json,f1234bb6d91c9ec720d3e45dd90ca7a624762cfbfea762e5df1a5b135f5a1d34,metrics[0].metrics.validation_only_control.f1,0.49140151056879655
grasp_protocol_v3__tau_8__swan__swan_sf__seed1103,tau_8,swan,swan_sf,1103,completed,experiments/runs/fm_grasp_protocol_v3/jobs/grasp_protocol_v3__tau_8__swan__swan_sf__seed1103/result.json,f1234bb6d91c9ec720d3e45dd90ca7a624762cfbfea762e5df1a5b135f5a1d34,metrics[0].metrics.validation_only_control.threshold,15653.487087499994
grasp_protocol_v3__tau_8__swan__swan_sf__seed1103,tau_8,swan,swan_sf,1103,completed,experiments/runs/fm_grasp_protocol_v3/jobs/grasp_protocol_v3__tau_8__swan__swan_sf__seed1103/result.json,f1234bb6d91c9ec720d3e45dd90ca7a624762cfbfea762e5df1a5b135f5a1d34,metrics[0].metrics.validation_only_control.quantile,0.99
grasp_protocol_v3__tau_8__swan__swan_sf__seed1103,tau_8,swan,swan_sf,1103,completed,experiments/runs/fm_grasp_protocol_v3/jobs/grasp_protocol_v3__tau_8__swan__swan_sf__seed1103/result.json,f1234bb6d91c9ec720d3e45dd90ca7a624762cfbfea762e5df1a5b135f5a1d34,metrics[0].validation_score_seconds,1.925837100003264
grasp_protocol_v3__tau_8__swan__swan_sf__seed1103,tau_8,swan,swan_sf,1103,completed,experiments/runs/fm_grasp_protocol_v3/jobs/grasp_protocol_v3__tau_8__swan__swan_sf__seed1103/result.json,f1234bb6d91c9ec720d3e45dd90ca7a624762cfbfea762e5df1a5b135f5a1d34,metrics[0].test_score_seconds,33.74930770001083
grasp_protocol_v3__tau_8__swan__swan_sf__seed1103,tau_8,swan,swan_sf,1103,completed,experiments/runs/fm_grasp_protocol_v3/jobs/grasp_protocol_v3__tau_8__swan__swan_sf__seed1103/result.json,f1234bb6d91c9ec720d3e45dd90ca7a624762cfbfea762e5df1a5b135f5a1d34,metrics[0].window_evaluations,71951
grasp_protocol_v3__tau_8__swan__swan_sf__seed1103,tau_8,swan,swan_sf,1103,completed,experiments/runs/fm_grasp_protocol_v3/jobs/grasp_protocol_v3__tau_8__swan__swan_sf__seed1103/result.json,f1234bb6d91c9ec720d3e45dd90ca7a624762cfbfea762e5df1a5b135f5a1d34,data_audit.raw_train_points,19672
grasp_protocol_v3__tau_8__swan__swan_sf__seed1103,tau_8,swan,swan_sf,1103,completed,experiments/runs/fm_grasp_protocol_v3/jobs/grasp_protocol_v3__tau_8__swan__swan_sf__seed1103/result.json,f1234bb6d91c9ec720d3e45dd90ca7a624762cfbfea762e5df1a5b135f5a1d34,data_audit.split_cut,15737
grasp_protocol_v3__tau_8__swan__swan_sf__seed1103,tau_8,swan,swan_sf,1103,completed,experiments/runs/fm_grasp_protocol_v3/jobs/grasp_protocol_v3__tau_8__swan__swan_sf__seed1103/result.json,f1234bb6d91c9ec720d3e45dd90ca7a624762cfbfea762e5df1a5b135f5a1d34,data_audit.fit_points,15737
grasp_protocol_v3__tau_8__swan__swan_sf__seed1103,tau_8,swan,swan_sf,1103,completed,experiments/runs/fm_grasp_protocol_v3/jobs/grasp_protocol_v3__tau_8__swan__swan_sf__seed1103/result.json,f1234bb6d91c9ec720d3e45dd90ca7a624762cfbfea762e5df1a5b135f5a1d34,data_audit.validation_points,3935
grasp_protocol_v3__tau_8__swan__swan_sf__seed1103,tau_8,swan,swan_sf,1103,completed,experiments/runs/fm_grasp_protocol_v3/jobs/grasp_protocol_v3__tau_8__swan__swan_sf__seed1103/result.json,f1234bb6d91c9ec720d3e45dd90ca7a624762cfbfea762e5df1a5b135f5a1d34,data_audit.test_points,72000
grasp_protocol_v3__tau_8__swan__swan_sf__seed1103,tau_8,swan,swan_sf,1103,completed,experiments/runs/fm_grasp_protocol_v3/jobs/grasp_protocol_v3__tau_8__swan__swan_sf__seed1103/result.json,f1234bb6d91c9ec720d3e45dd90ca7a624762cfbfea762e5df1a5b135f5a1d34,data_audit.test_anomaly_points,20100
grasp_protocol_v3__tau_8__swan__swan_sf__seed1103,tau_8,swan,swan_sf,1103,completed,experiments/runs/fm_grasp_protocol_v3/jobs/grasp_protocol_v3__tau_8__swan__swan_sf__seed1103/result.json,f1234bb6d91c9ec720d3e45dd90ca7a624762cfbfea762e5df1a5b135f5a1d34,data_audit.features,38
grasp_protocol_v3__tau_8__swan__swan_sf__seed1103,tau_8,swan,swan_sf,1103,completed,experiments/runs/fm_grasp_protocol_v3/jobs/grasp_protocol_v3__tau_8__swan__swan_sf__seed1103/result.json,f1234bb6d91c9ec720d3e45dd90ca7a624762cfbfea762e5df1a5b135f5a1d34,data_audit.paper_variables,39
grasp_protocol_v3__tau_8__swan__swan_sf__seed1103,tau_8,swan,swan_sf,1103,completed,experiments/runs/fm_grasp_protocol_v3/jobs/grasp_protocol_v3__tau_8__swan__swan_sf__seed1103/result.json,f1234bb6d91c9ec720d3e45dd90ca7a624762cfbfea762e5df1a5b135f5a1d34,data_audit.fit_window_count,15688
grasp_protocol_v3__tau_8__swan__swan_sf__seed1103,tau_8,swan,swan_sf,1103,completed,experiments/runs/fm_grasp_protocol_v3/jobs/grasp_protocol_v3__tau_8__swan__swan_sf__seed1103/result.json,f1234bb6d91c9ec720d3e45dd90ca7a624762cfbfea762e5df1a5b135f5a1d34,data_audit.validation_window_count,3886
grasp_protocol_v3__tau_8__swan__swan_sf__seed1103,tau_8,swan,swan_sf,1103,completed,experiments/runs/fm_grasp_protocol_v3/jobs/grasp_protocol_v3__tau_8__swan__swan_sf__seed1103/result.json,f1234bb6d91c9ec720d3e45dd90ca7a624762cfbfea762e5df1a5b135f5a1d34,data_audit.test_window_count,71951
grasp_protocol_v3__tau_8__swan__swan_sf__seed1103,tau_8,swan,swan_sf,1103,completed,experiments/runs/fm_grasp_protocol_v3/jobs/grasp_protocol_v3__tau_8__swan__swan_sf__seed1103/result.json,f1234bb6d91c9ec720d3e45dd90ca7a624762cfbfea762e5df1a5b135f5a1d34,data_audit.source_audit.training_anomaly_points,0
grasp_protocol_v3__tau_8__swan__swan_sf__seed1103,tau_8,swan,swan_sf,1103,completed,experiments/runs/fm_grasp_protocol_v3/jobs/grasp_protocol_v3__tau_8__swan__swan_sf__seed1103/result.json,f1234bb6d91c9ec720d3e45dd90ca7a624762cfbfea762e5df1a5b135f5a1d34,data_audit.train_only_scaler.median[0],109.79161766427605
grasp_protocol_v3__tau_8__swan__swan_sf__seed1103,tau_8,swan,swan_sf,1103,completed,experiments/runs/fm_grasp_protocol_v3/jobs/grasp_protocol_v3__tau_8__swan__swan_sf__seed1103/result.json,f1234bb6d91c9ec720d3e45dd90ca7a624762cfbfea762e5df1a5b135f5a1d34,data_audit.train_only_scaler.median[1],902576622.3893
grasp_protocol_v3__tau_8__swan__swan_sf__seed1103,tau_8,swan,swan_sf,1103,completed,experiments/runs/fm_grasp_protocol_v3/jobs/grasp_protocol_v3__tau_8__swan__swan_sf__seed1103/result.json,f1234bb6d91c9ec720d3e45dd90ca7a624762cfbfea762e5df1a5b135f5a1d34,data_audit.train_only_scaler.median[2],7.167510432855177e+21
grasp_protocol_v3__tau_8__swan__swan_sf__seed1103,tau_8,swan,swan_sf,1103,completed,experiments/runs/fm_grasp_protocol_v3/jobs/grasp_protocol_v3__tau_8__swan__swan_sf__seed1103/result.json,f1234bb6d91c9ec720d3e45dd90ca7a624762cfbfea762e5df1a5b135f5a1d34,data_audit.train_only_scaler.median[3],2295775301630.038
grasp_protocol_v3__tau_8__swan__swan_sf__seed1103,tau_8,swan,swan_sf,1103,completed,experiments/runs/fm_grasp_protocol_v3/jobs/grasp_protocol_v3__tau_8__swan__swan_sf__seed1103/result.json,f1234bb6d91c9ec720d3e45dd90ca7a624762cfbfea762e5df1a5b135f5a1d34,data_audit.train_only_scaler.median[4],7.525211717955138
grasp_protocol_v3__tau_8__swan__swan_sf__seed1103,tau_8,swan,swan_sf,1103,completed,experiments/runs/fm_grasp_protocol_v3/jobs/grasp_protocol_v3__tau_8__swan__swan_sf__seed1103/result.json,f1234bb6d91c9ec720d3e45dd90ca7a624762cfbfea762e5df1a5b135f5a1d34,data_audit.train_only_scaler.median[5],644965299185.6748
grasp_protocol_v3__tau_8__swan__swan_sf__seed1103,tau_8,swan,swan_sf,1103,completed,experiments/runs/fm_grasp_protocol_v3/jobs/grasp_protocol_v3__tau_8__swan__swan_sf__seed1103/result.json,f1234bb6d91c9ec720d3e45dd90ca7a624762cfbfea762e5df1a5b135f5a1d34,data_audit.train_only_scaler.median[6],1.5930829208471184e+21
grasp_protocol_v3__tau_8__swan__swan_sf__seed1103,tau_8,swan,swan_sf,1103,completed,experiments/runs/fm_grasp_protocol_v3/jobs/grasp_protocol_v3__tau_8__swan__swan_sf__seed1103/result.json,f1234bb6d91c9ec720d3e45dd90ca7a624762cfbfea762e5df1a5b135f5a1d34,data_audit.train_only_scaler.median[7],-6.896515213991394e+23
grasp_protocol_v3__tau_8__swan__swan_sf__seed1103,tau_8,swan,swan_sf,1103,completed,experiments/runs/fm_grasp_protocol_v3/jobs/grasp_protocol_v3__tau_8__swan__swan_sf__seed1103/result.json,f1234bb6d91c9ec720d3e45dd90ca7a624762cfbfea762e5df1a5b135f5a1d34,data_audit.train_only_scaler.median[8],1881.226580056299
grasp_protocol_v3__tau_8__swan__swan_sf__seed1103,tau_8,swan,swan_sf,1103,completed,experiments/runs/fm_grasp_protocol_v3/jobs/grasp_protocol_v3__tau_8__swan__swan_sf__seed1103/result.json,f1234bb6d91c9ec720d3e45dd90ca7a624762cfbfea762e5df1a5b135f5a1d34,data_audit.train_only_scaler.median[9],-0.5826949720780651
grasp_protocol_v3__tau_8__swan__swan_sf__seed1103,tau_8,swan,swan_sf,1103,completed,experiments/runs/fm_grasp_protocol_v3/jobs/grasp_protocol_v3__tau_8__swan__swan_sf__seed1103/result.json,f1234bb6d91c9ec720d3e45dd90ca7a624762cfbfea762e5df1a5b135f5a1d34,data_audit.train_only_scaler.median[10],23.2614382342434
grasp_protocol_v3__tau_8__swan__swan_sf__seed1103,tau_8,swan,swan_sf,1103,completed,experiments/runs/fm_grasp_protocol_v3/jobs/grasp_protocol_v3__tau_8__swan__swan_sf__seed1103/result.json,f1234bb6d91c9ec720d3e45dd90ca7a624762cfbfea762e5df1a5b135f5a1d34,data_audit.train_only_scaler.median[11],4.1031652989449015
grasp_protocol_v3__tau_8__swan__swan_sf__seed1103,tau_8,swan,swan_sf,1103,completed,experiments/runs/fm_grasp_protocol_v3/jobs/grasp_protocol_v3__tau_8__swan__swan_sf__seed1103/result.json,f1234bb6d91c9ec720d3e45dd90ca7a624762cfbfea762e5df1a5b135f5a1d34,data_audit.train_only_scaler.median[12],30.334544652596342
grasp_protocol_v3__tau_8__swan__swan_sf__seed1103,tau_8,swan,swan_sf,1103,completed,experiments/runs/fm_grasp_protocol_v3/jobs/grasp_protocol_v3__tau_8__swan__swan_sf__seed1103/result.json,f1234bb6d91c9ec720d3e45dd90ca7a624762cfbfea762e5df1a5b135f5a1d34,data_audit.train_only_scaler.median[13],123.55687630744043
grasp_protocol_v3__tau_8__swan__swan_sf__seed1103,tau_8,swan,swan_sf,1103,completed,experiments/runs/fm_grasp_protocol_v3/jobs/grasp_protocol_v3__tau_8__swan__swan_sf__seed1103/result.json,f1234bb6d91c9ec720d3e45dd90ca7a624762cfbfea762e5df1a5b135f5a1d34,data_audit.train_only_scaler.median[14],124.10909511835108
grasp_protocol_v3__tau_8__swan__swan_sf__seed1103,tau_8,swan,swan_sf,1103,completed,experiments/runs/fm_grasp_protocol_v3/jobs/grasp_protocol_v3__tau_8__swan__swan_sf__seed1103/result.json,f1234bb6d91c9ec720d3e45dd90ca7a624762cfbfea762e5df1a5b135f5a1d34,data_audit.train_only_scaler.median[15],53.50452393957681
grasp_protocol_v3__tau_8__swan__swan_sf__seed1103,tau_8,swan,swan_sf,1103,completed,experiments/runs/fm_grasp_protocol_v3/jobs/grasp_protocol_v3__tau_8__swan__swan_sf__seed1103/result.json,f1234bb6d91c9ec720d3e45dd90ca7a624762cfbfea762e5df1a5b135f5a1d34,data_audit.train_only_scaler.median[16],0.0007316367027569
grasp_protocol_v3__tau_8__swan__swan_sf__seed1103,tau_8,swan,swan_sf,1103,completed,experiments/runs/fm_grasp_protocol_v3/jobs/grasp_protocol_v3__tau_8__swan__swan_sf__seed1103/result.json,f1234bb6d91c9ec720d3e45dd90ca7a624762cfbfea762e5df1a5b135f5a1d34,data_audit.train_only_scaler.median[17],-1.612043362204535e+22
grasp_protocol_v3__tau_8__swan__swan_sf__seed1103,tau_8,swan,swan_sf,1103,completed,experiments/runs/fm_grasp_protocol_v3/jobs/grasp_protocol_v3__tau_8__swan__swan_sf__seed1103/result.json,f1234bb6d91c9ec720d3e45dd90ca7a624762cfbfea762e5df1a5b135f5a1d34,data_audit.train_only_scaler.median[18],0.1806838037433196
grasp_protocol_v3__tau_8__swan__swan_sf__seed1103,tau_8,swan,swan_sf,1103,completed,experiments/runs/fm_grasp_protocol_v3/jobs/grasp_protocol_v3__tau_8__swan__swan_sf__seed1103/result.json,f1234bb6d91c9ec720d3e45dd90ca7a624762cfbfea762e5df1a5b135f5a1d34,data_audit.train_only_scaler.median[19],0.0024643825097276
grasp_protocol_v3__tau_8__swan__swan_sf__seed1103,tau_8,swan,swan_sf,1103,completed,experiments/runs/fm_grasp_protocol_v3/jobs/grasp_protocol_v3__tau_8__swan__swan_sf__seed1103/result.json,f1234bb6d91c9ec720d3e45dd90ca7a624762cfbfea762e5df1a5b135f5a1d34,data_audit.train_only_scaler.median[20],-1.7582466676047812e+22
grasp_protocol_v3__tau_8__swan__swan_sf__seed1103,tau_8,swan,swan_sf,1103,completed,experiments/runs/fm_grasp_protocol_v3/jobs/grasp_protocol_v3__tau_8__swan__swan_sf__seed1103/result.json,f1234bb6d91c9ec720d3e45dd90ca7a624762cfbfea762e5df1a5b135f5a1d34,data_audit.train_only_scaler.median[21],0.0248835927535584
grasp_protocol_v3__tau_8__swan__swan_sf__seed1103,tau_8,swan,swan_sf,1103,completed,experiments/runs/fm_grasp_protocol_v3/jobs/grasp_protocol_v3__tau_8__swan__swan_sf__seed1103/result.json,f1234bb6d91c9ec720d3e45dd90ca7a624762cfbfea762e5df1a5b135f5a1d34,data_audit.train_only_scaler.median[22],0.0411580664279638
grasp_protocol_v3__tau_8__swan__swan_sf__seed1103,tau_8,swan,swan_sf,1103,completed,experiments/runs/fm_grasp_protocol_v3/jobs/grasp_protocol_v3__tau_8__swan__swan_sf__seed1103/result.json,f1234bb6d91c9ec720d3e45dd90ca7a624762cfbfea762e5df1a5b135f5a1d34,data_audit.train_only_scaler.median[23],0.0
grasp_protocol_v3__tau_8__swan__swan_sf__seed1103,tau_8,swan,swan_sf,1103,completed,experiments/runs/fm_grasp_protocol_v3/jobs/grasp_protocol_v3__tau_8__swan__swan_sf__seed1103/result.json,f1234bb6d91c9ec720d3e45dd90ca7a624762cfbfea762e5df1a5b135f5a1d34,data_audit.train_only_scaler.median[24],223.862839
grasp_protocol_v3__tau_8__swan__swan_sf__seed1103,tau_8,swan,swan_sf,1103,completed,experiments/runs/fm_grasp_protocol_v3/jobs/grasp_protocol_v3__tau_8__swan__swan_sf__seed1103/result.json,f1234bb6d91c9ec720d3e45dd90ca7a624762cfbfea762e5df1a5b135f5a1d34,data_audit.train_only_scaler.median[25],263.178192
grasp_protocol_v3__tau_8__swan__swan_sf__seed1103,tau_8,swan,swan_sf,1103,completed,experiments/runs/fm_grasp_protocol_v3/jobs/grasp_protocol_v3__tau_8__swan__swan_sf__seed1103/result.json,f1234bb6d91c9ec720d3e45dd90ca7a624762cfbfea762e5df1a5b135f5a1d34,data_audit.train_only_scaler.median[26],3.667938
grasp_protocol_v3__tau_8__swan__swan_sf__seed1103,tau_8,swan,swan_sf,1103,completed,experiments/runs/fm_grasp_protocol_v3/jobs/grasp_protocol_v3__tau_8__swan__swan_sf__seed1103/result.json,f1234bb6d91c9ec720d3e45dd90ca7a624762cfbfea762e5df1a5b135f5a1d34,data_audit.train_only_scaler.median[27],-2.074256
grasp_protocol_v3__tau_8__swan__swan_sf__seed1103,tau_8,swan,swan_sf,1103,completed,experiments/runs/fm_grasp_protocol_v3/jobs/grasp_protocol_v3__tau_8__swan__swan_sf__seed1103/result.json,f1234bb6d91c9ec720d3e45dd90ca7a624762cfbfea762e5df1a5b135f5a1d34,data_audit.train_only_scaler.median[28],6.692411
grasp_protocol_v3__tau_8__swan__swan_sf__seed1103,tau_8,swan,swan_sf,1103,completed,experiments/runs/fm_grasp_protocol_v3/jobs/grasp_protocol_v3__tau_8__swan__swan_sf__seed1103/result.json,f1234bb6d91c9ec720d3e45dd90ca7a624762cfbfea762e5df1a5b135f5a1d34,data_audit.train_only_scaler.median[29],10.207301
grasp_protocol_v3__tau_8__swan__swan_sf__seed1103,tau_8,swan,swan_sf,1103,completed,experiments/runs/fm_grasp_protocol_v3/jobs/grasp_protocol_v3__tau_8__swan__swan_sf__seed1103/result.json,f1234bb6d91c9ec720d3e45dd90ca7a624762cfbfea762e5df1a5b135f5a1d34,data_audit.train_only_scaler.median[30],0.0
grasp_protocol_v3__tau_8__swan__swan_sf__seed1103,tau_8,swan,swan_sf,1103,completed,experiments/runs/fm_grasp_protocol_v3/jobs/grasp_protocol_v3__tau_8__swan__swan_sf__seed1103/result.json,f1234bb6d91c9ec720d3e45dd90ca7a624762cfbfea762e5df1a5b135f5a1d34,data_audit.train_only_scaler.median[31],1.0
grasp_protocol_v3__tau_8__swan__swan_sf__seed1103,tau_8,swan,swan_sf,1103,completed,experiments/runs/fm_grasp_protocol_v3/jobs/grasp_protocol_v3__tau_8__swan__swan_sf__seed1103/result.json,f1234bb6d91c9ec720d3e45dd90ca7a624762cfbfea762e5df1a5b135f5a1d34,data_audit.train_only_scaler.median[32],0.0
grasp_protocol_v3__tau_8__swan__swan_sf__seed1103,tau_8,swan,swan_sf,1103,completed,experiments/runs/fm_grasp_protocol_v3/jobs/grasp_protocol_v3__tau_8__swan__swan_sf__seed1103/result.json,f1234bb6d91c9ec720d3e45dd90ca7a624762cfbfea762e5df1a5b135f5a1d34,data_audit.train_only_scaler.median[33],0.0
grasp_protocol_v3__tau_8__swan__swan_sf__seed1103,tau_8,swan,swan_sf,1103,completed,experiments/runs/fm_grasp_protocol_v3/jobs/grasp_protocol_v3__tau_8__swan__swan_sf__seed1103/result.json,f1234bb6d91c9ec720d3e45dd90ca7a624762cfbfea762e5df1a5b135f5a1d34,data_audit.train_only_scaler.median[34],0.0
grasp_protocol_v3__tau_8__swan__swan_sf__seed1103,tau_8,swan,swan_sf,1103,completed,experiments/runs/fm_grasp_protocol_v3/jobs/grasp_protocol_v3__tau_8__swan__swan_sf__seed1103/result.json,f1234bb6d91c9ec720d3e45dd90ca7a624762cfbfea762e5df1a5b135f5a1d34,data_audit.train_only_scaler.median[35],0.0
grasp_protocol_v3__tau_8__swan__swan_sf__seed1103,tau_8,swan,swan_sf,1103,completed,experiments/runs/fm_grasp_protocol_v3/jobs/grasp_protocol_v3__tau_8__swan__swan_sf__seed1103/result.json,f1234bb6d91c9ec720d3e45dd90ca7a624762cfbfea762e5df1a5b135f5a1d34,data_audit.train_only_scaler.median[36],1.23e-06
grasp_protocol_v3__tau_8__swan__swan_sf__seed1103,tau_8,swan,swan_sf,1103,completed,experiments/runs/fm_grasp_protocol_v3/jobs/grasp_protocol_v3__tau_8__swan__swan_sf__seed1103/result.json,f1234bb6d91c9ec720d3e45dd90ca7a624762cfbfea762e5df1a5b135f5a1d34,data_audit.train_only_scaler.median[37],12.0
grasp_protocol_v3__tau_8__swan__swan_sf__seed1103,tau_8,swan,swan_sf,1103,completed,experiments/runs/fm_grasp_protocol_v3/jobs/grasp_protocol_v3__tau_8__swan__swan_sf__seed1103/result.json,f1234bb6d91c9ec720d3e45dd90ca7a624762cfbfea762e5df1a5b135f5a1d34,data_audit.train_only_scaler.mean[0],305.1626169607622
grasp_protocol_v3__tau_8__swan__swan_sf__seed1103,tau_8,swan,swan_sf,1103,completed,experiments/runs/fm_grasp_protocol_v3/jobs/grasp_protocol_v3__tau_8__swan__swan_sf__seed1103/result.json,f1234bb6d91c9ec720d3e45dd90ca7a624762cfbfea762e5df1a5b135f5a1d34,data_audit.train_only_scaler.mean[1],3891992090.7515807
grasp_protocol_v3__tau_8__swan__swan_sf__seed1103,tau_8,swan,swan_sf,1103,completed,experiments/runs/fm_grasp_protocol_v3/jobs/grasp_protocol_v3__tau_8__swan__swan_sf__seed1103/result.json,f1234bb6d91c9ec720d3e45dd90ca7a624762cfbfea762e5df1a5b135f5a1d34,data_audit.train_only_scaler.mean[2],1.0852574129680566e+23
grasp_protocol_v3__tau_8__swan__swan_sf__seed1103,tau_8,swan,swan_sf,1103,completed,experiments/runs/fm_grasp_protocol_v3/jobs/grasp_protocol_v3__tau_8__swan__swan_sf__seed1103/result.json,f1234bb6d91c9ec720d3e45dd90ca7a624762cfbfea762e5df1a5b135f5a1d34,data_audit.train_only_scaler.mean[3],6278208406547.6875
grasp_protocol_v3__tau_8__swan__swan_sf__seed1103,tau_8,swan,swan_sf,1103,completed,experiments/runs/fm_grasp_protocol_v3/jobs/grasp_protocol_v3__tau_8__swan__swan_sf__seed1103/result.json,f1234bb6d91c9ec720d3e45dd90ca7a624762cfbfea762e5df1a5b135f5a1d34,data_audit.train_only_scaler.mean[4],41.4241013709116
grasp_protocol_v3__tau_8__swan__swan_sf__seed1103,tau_8,swan,swan_sf,1103,completed,experiments/runs/fm_grasp_protocol_v3/jobs/grasp_protocol_v3__tau_8__swan__swan_sf__seed1103/result.json,f1234bb6d91c9ec720d3e45dd90ca7a624762cfbfea762e5df1a5b135f5a1d34,data_audit.train_only_scaler.mean[5],2144531812602.708
grasp_protocol_v3__tau_8__swan__swan_sf__seed1103,tau_8,swan,swan_sf,1103,completed,experiments/runs/fm_grasp_protocol_v3/jobs/grasp_protocol_v3__tau_8__swan__swan_sf__seed1103/result.json,f1234bb6d91c9ec720d3e45dd90ca7a624762cfbfea762e5df1a5b135f5a1d34,data_audit.train_only_scaler.mean[6],4.5793002135186697e+21
grasp_protocol_v3__tau_8__swan__swan_sf__seed1103,tau_8,swan,swan_sf,1103,completed,experiments/runs/fm_grasp_protocol_v3/jobs/grasp_protocol_v3__tau_8__swan__swan_sf__seed1103/result.json,f1234bb6d91c9ec720d3e45dd90ca7a624762cfbfea762e5df1a5b135f5a1d34,data_audit.train_only_scaler.mean[7],-1.8388628813093173e+24
grasp_protocol_v3__tau_8__swan__swan_sf__seed1103,tau_8,swan,swan_sf,1103,completed,experiments/runs/fm_grasp_protocol_v3/jobs/grasp_protocol_v3__tau_8__swan__swan_sf__seed1103/result.json,f1234bb6d91c9ec720d3e45dd90ca7a624762cfbfea762e5df1a5b135f5a1d34,data_audit.train_only_scaler.mean[8],436248.2433815505
grasp_protocol_v3__tau_8__swan__swan_sf__seed1103,tau_8,swan,swan_sf,1103,completed,experiments/runs/fm_grasp_protocol_v3/jobs/grasp_protocol_v3__tau_8__swan__swan_sf__seed1103/result.json,f1234bb6d91c9ec720d3e45dd90ca7a624762cfbfea762e5df1a5b135f5a1d34,data_audit.train_only_scaler.mean[9],-0.5304256504971101
grasp_protocol_v3__tau_8__swan__swan_sf__seed1103,tau_8,swan,swan_sf,1103,completed,experiments/runs/fm_grasp_protocol_v3/jobs/grasp_protocol_v3__tau_8__swan__swan_sf__seed1103/result.json,f1234bb6d91c9ec720d3e45dd90ca7a624762cfbfea762e5df1a5b135f5a1d34,data_audit.train_only_scaler.mean[10],26.18927621491827
grasp_protocol_v3__tau_8__swan__swan_sf__seed1103,tau_8,swan,swan_sf,1103,completed,experiments/runs/fm_grasp_protocol_v3/jobs/grasp_protocol_v3__tau_8__swan__swan_sf__seed1103/result.json,f1234bb6d91c9ec720d3e45dd90ca7a624762cfbfea762e5df1a5b135f5a1d34,data_audit.train_only_scaler.mean[11],11.104307795097283
grasp_protocol_v3__tau_8__swan__swan_sf__seed1103,tau_8,swan,swan_sf,1103,completed,experiments/runs/fm_grasp_protocol_v3/jobs/grasp_protocol_v3__tau_8__swan__swan_sf__seed1103/result.json,f1234bb6d91c9ec720d3e45dd90ca7a624762cfbfea762e5df1a5b135f5a1d34,data_audit.train_only_scaler.mean[12],34.1471406854236
grasp_protocol_v3__tau_8__swan__swan_sf__seed1103,tau_8,swan,swan_sf,1103,completed,experiments/runs/fm_grasp_protocol_v3/jobs/grasp_protocol_v3__tau_8__swan__swan_sf__seed1103/result.json,f1234bb6d91c9ec720d3e45dd90ca7a624762cfbfea762e5df1a5b135f5a1d34,data_audit.train_only_scaler.mean[13],121.46471916884391
grasp_protocol_v3__tau_8__swan__swan_sf__seed1103,tau_8,swan,swan_sf,1103,completed,experiments/runs/fm_grasp_protocol_v3/jobs/grasp_protocol_v3__tau_8__swan__swan_sf__seed1103/result.json,f1234bb6d91c9ec720d3e45dd90ca7a624762cfbfea762e5df1a5b135f5a1d34,data_audit.train_only_scaler.mean[14],122.77046639364936
grasp_protocol_v3__tau_8__swan__swan_sf__seed1103,tau_8,swan,swan_sf,1103,completed,experiments/runs/fm_grasp_protocol_v3/jobs/grasp_protocol_v3__tau_8__swan__swan_sf__seed1103/result.json,f1234bb6d91c9ec720d3e45dd90ca7a624762cfbfea762e5df1a5b135f5a1d34,data_audit.train_only_scaler.mean[15],54.72076190157697
grasp_protocol_v3__tau_8__swan__swan_sf__seed1103,tau_8,swan,swan_sf,1103,completed,experiments/runs/fm_grasp_protocol_v3/jobs/grasp_protocol_v3__tau_8__swan__swan_sf__seed1103/result.json,f1234bb6d91c9ec720d3e45dd90ca7a624762cfbfea762e5df1a5b135f5a1d34,data_audit.train_only_scaler.mean[16],0.0004028268090018369
grasp_protocol_v3__tau_8__swan__swan_sf__seed1103,tau_8,swan,swan_sf,1103,completed,experiments/runs/fm_grasp_protocol_v3/jobs/grasp_protocol_v3__tau_8__swan__swan_sf__seed1103/result.json,f1234bb6d91c9ec720d3e45dd90ca7a624762cfbfea762e5df1a5b135f5a1d34,data_audit.train_only_scaler.mean[17],-1.085305984839892e+23
grasp_protocol_v3__tau_8__swan__swan_sf__seed1103,tau_8,swan,swan_sf,1103,completed,experiments/runs/fm_grasp_protocol_v3/jobs/grasp_protocol_v3__tau_8__swan__swan_sf__seed1103/result.json,f1234bb6d91c9ec720d3e45dd90ca7a624762cfbfea762e5df1a5b135f5a1d34,data_audit.train_only_scaler.mean[18],0.3314377587114313
grasp_protocol_v3__tau_8__swan__swan_sf__seed1103,tau_8,swan,swan_sf,1103,completed,experiments/runs/fm_grasp_protocol_v3/jobs/grasp_protocol_v3__tau_8__swan__swan_sf__seed1103/result.json,f1234bb6d91c9ec720d3e45dd90ca7a624762cfbfea762e5df1a5b135f5a1d34,data_audit.train_only_scaler.mean[19],0.0017608309675426538
grasp_protocol_v3__tau_8__swan__swan_sf__seed1103,tau_8,swan,swan_sf,1103,completed,experiments/runs/fm_grasp_protocol_v3/jobs/grasp_protocol_v3__tau_8__swan__swan_sf__seed1103/result.json,f1234bb6d91c9ec720d3e45dd90ca7a624762cfbfea762e5df1a5b135f5a1d34,data_audit.train_only_scaler.mean[20],-6.4804778061874636e+22
grasp_protocol_v3__tau_8__swan__swan_sf__seed1103,tau_8,swan,swan_sf,1103,completed,experiments/runs/fm_grasp_protocol_v3/jobs/grasp_protocol_v3__tau_8__swan__swan_sf__seed1103/result.json,f1234bb6d91c9ec720d3e45dd90ca7a624762cfbfea762e5df1a5b135f5a1d34,data_audit.train_only_scaler.mean[21],0.012395267187078311
grasp_protocol_v3__tau_8__swan__swan_sf__seed1103,tau_8,swan,swan_sf,1103,completed,experiments/runs/fm_grasp_protocol_v3/jobs/grasp_protocol_v3__tau_8__swan__swan_sf__seed1103/result.json,f1234bb6d91c9ec720d3e45dd90ca7a624762cfbfea762e5df1a5b135f5a1d34,data_audit.train_only_scaler.mean[22],0.018506858863011996
grasp_protocol_v3__tau_8__swan__swan_sf__seed1103,tau_8,swan,swan_sf,1103,completed,experiments/runs/fm_grasp_protocol_v3/jobs/grasp_protocol_v3__tau_8__swan__swan_sf__seed1103/result.json,f1234bb6d91c9ec720d3e45dd90ca7a624762cfbfea762e5df1a5b135f5a1d34,data_audit.train_only_scaler.mean[23],1.418514473790745
grasp_protocol_v3__tau_8__swan__swan_sf__seed1103,tau_8,swan,swan_sf,1103,completed,experiments/runs/fm_grasp_protocol_v3/jobs/grasp_protocol_v3__tau_8__swan__swan_sf__seed1103/result.json,f1234bb6d91c9ec720d3e45dd90ca7a624762cfbfea762e5df1a5b135f5a1d34,data_audit.train_only_scaler.mean[24],201.065698432738
grasp_protocol_v3__tau_8__swan__swan_sf__seed1103,tau_8,swan,swan_sf,1103,completed,experiments/runs/fm_grasp_protocol_v3/jobs/grasp_protocol_v3__tau_8__swan__swan_sf__seed1103/result.json,f1234bb6d91c9ec720d3e45dd90ca7a624762cfbfea762e5df1a5b135f5a1d34,data_audit.train_only_scaler.mean[25],198.70728841208506
grasp_protocol_v3__tau_8__swan__swan_sf__seed1103,tau_8,swan,swan_sf,1103,completed,experiments/runs/fm_grasp_protocol_v3/jobs/grasp_protocol_v3__tau_8__swan__swan_sf__seed1103/result.json,f1234bb6d91c9ec720d3e45dd90ca7a624762cfbfea762e5df1a5b135f5a1d34,data_audit.train_only_scaler.mean[26],-0.722098970705977
grasp_protocol_v3__tau_8__swan__swan_sf__seed1103,tau_8,swan,swan_sf,1103,completed,experiments/runs/fm_grasp_protocol_v3/jobs/grasp_protocol_v3__tau_8__swan__swan_sf__seed1103/result.json,f1234bb6d91c9ec720d3e45dd90ca7a624762cfbfea762e5df1a5b135f5a1d34,data_audit.train_only_scaler.mean[27],-3.9825264890385723
grasp_protocol_v3__tau_8__swan__swan_sf__seed1103,tau_8,swan,swan_sf,1103,completed,experiments/runs/fm_grasp_protocol_v3/jobs/grasp_protocol_v3__tau_8__swan__swan_sf__seed1103/result.json,f1234bb6d91c9ec720d3e45dd90ca7a624762cfbfea762e5df1a5b135f5a1d34,data_audit.train_only_scaler.mean[28],4.580065097159533
grasp_protocol_v3__tau_8__swan__swan_sf__seed1103,tau_8,swan,swan_sf,1103,completed,experiments/runs/fm_grasp_protocol_v3/jobs/grasp_protocol_v3__tau_8__swan__swan_sf__seed1103/result.json,f1234bb6d91c9ec720d3e45dd90ca7a624762cfbfea762e5df1a5b135f5a1d34,data_audit.train_only_scaler.mean[29],7.682772539747129
grasp_protocol_v3__tau_8__swan__swan_sf__seed1103,tau_8,swan,swan_sf,1103,completed,experiments/runs/fm_grasp_protocol_v3/jobs/grasp_protocol_v3__tau_8__swan__swan_sf__seed1103/result.json,f1234bb6d91c9ec720d3e45dd90ca7a624762cfbfea762e5df1a5b135f5a1d34,data_audit.train_only_scaler.mean[30],2556.974264472263
grasp_protocol_v3__tau_8__swan__swan_sf__seed1103,tau_8,swan,swan_sf,1103,completed,experiments/runs/fm_grasp_protocol_v3/jobs/grasp_protocol_v3__tau_8__swan__swan_sf__seed1103/result.json,f1234bb6d91c9ec720d3e45dd90ca7a624762cfbfea762e5df1a5b135f5a1d34,data_audit.train_only_scaler.mean[31],0.9601575903920696
grasp_protocol_v3__tau_8__swan__swan_sf__seed1103,tau_8,swan,swan_sf,1103,completed,experiments/runs/fm_grasp_protocol_v3/jobs/grasp_protocol_v3__tau_8__swan__swan_sf__seed1103/result.json,f1234bb6d91c9ec720d3e45dd90ca7a624762cfbfea762e5df1a5b135f5a1d34,data_audit.train_only_scaler.mean[32],0.0
grasp_protocol_v3__tau_8__swan__swan_sf__seed1103,tau_8,swan,swan_sf,1103,completed,experiments/runs/fm_grasp_protocol_v3/jobs/grasp_protocol_v3__tau_8__swan__swan_sf__seed1103/result.json,f1234bb6d91c9ec720d3e45dd90ca7a624762cfbfea762e5df1a5b135f5a1d34,data_audit.train_only_scaler.mean[33],0.001143801232763551
grasp_protocol_v3__tau_8__swan__swan_sf__seed1103,tau_8,swan,swan_sf,1103,completed,experiments/runs/fm_grasp_protocol_v3/jobs/grasp_protocol_v3__tau_8__swan__swan_sf__seed1103/result.json,f1234bb6d91c9ec720d3e45dd90ca7a624762cfbfea762e5df1a5b135f5a1d34,data_audit.train_only_scaler.mean[34],0.0005719006163817755
grasp_protocol_v3__tau_8__swan__swan_sf__seed1103,tau_8,swan,swan_sf,1103,completed,experiments/runs/fm_grasp_protocol_v3/jobs/grasp_protocol_v3__tau_8__swan__swan_sf__seed1103/result.json,f1234bb6d91c9ec720d3e45dd90ca7a624762cfbfea762e5df1a5b135f5a1d34,data_audit.train_only_scaler.mean[35],0.0
grasp_protocol_v3__tau_8__swan__swan_sf__seed1103,tau_8,swan,swan_sf,1103,completed,experiments/runs/fm_grasp_protocol_v3/jobs/grasp_protocol_v3__tau_8__swan__swan_sf__seed1103/result.json,f1234bb6d91c9ec720d3e45dd90ca7a624762cfbfea762e5df1a5b135f5a1d34,data_audit.train_only_scaler.mean[36],-235.11234360995348
grasp_protocol_v3__tau_8__swan__swan_sf__seed1103,tau_8,swan,swan_sf,1103,completed,experiments/runs/fm_grasp_protocol_v3/jobs/grasp_protocol_v3__tau_8__swan__swan_sf__seed1103/result.json,f1234bb6d91c9ec720d3e45dd90ca7a624762cfbfea762e5df1a5b135f5a1d34,data_audit.train_only_scaler.mean[37],11.944843362775625
grasp_protocol_v3__tau_8__swan__swan_sf__seed1103,tau_8,swan,swan_sf,1103,completed,experiments/runs/fm_grasp_protocol_v3/jobs/grasp_protocol_v3__tau_8__swan__swan_sf__seed1103/result.json,f1234bb6d91c9ec720d3e45dd90ca7a624762cfbfea762e5df1a5b135f5a1d34,data_audit.train_only_scaler.scale[0],521.570342257543
grasp_protocol_v3__tau_8__swan__swan_sf__seed1103,tau_8,swan,swan_sf,1103,completed,experiments/runs/fm_grasp_protocol_v3/jobs/grasp_protocol_v3__tau_8__swan__swan_sf__seed1103/result.json,f1234bb6d91c9ec720d3e45dd90ca7a624762cfbfea762e5df1a5b135f5a1d34,data_audit.train_only_scaler.scale[1],8127773323.662388
grasp_protocol_v3__tau_8__swan__swan_sf__seed1103,tau_8,swan,swan_sf,1103,completed,experiments/runs/fm_grasp_protocol_v3/jobs/grasp_protocol_v3__tau_8__swan__swan_sf__seed1103/result.json,f1234bb6d91c9ec720d3e45dd90ca7a624762cfbfea762e5df1a5b135f5a1d34,data_audit.train_only_scaler.scale[2],1.6057244166730386e+24
grasp_protocol_v3__tau_8__swan__swan_sf__seed1103,tau_8,swan,swan_sf,1103,completed,experiments/runs/fm_grasp_protocol_v3/jobs/grasp_protocol_v3__tau_8__swan__swan_sf__seed1103/result.json,f1234bb6d91c9ec720d3e45dd90ca7a624762cfbfea762e5df1a5b135f5a1d34,data_audit.train_only_scaler.scale[3],10484165665143.857
grasp_protocol_v3__tau_8__swan__swan_sf__seed1103,tau_8,swan,swan_sf,1103,completed,experiments/runs/fm_grasp_protocol_v3/jobs/grasp_protocol_v3__tau_8__swan__swan_sf__seed1103/result.json,f1234bb6d91c9ec720d3e45dd90ca7a624762cfbfea762e5df1a5b135f5a1d34,data_audit.train_only_scaler.scale[4],112.13325347975933
grasp_protocol_v3__tau_8__swan__swan_sf__seed1103,tau_8,swan,swan_sf,1103,completed,experiments/runs/fm_grasp_protocol_v3/jobs/grasp_protocol_v3__tau_8__swan__swan_sf__seed1103/result.json,f1234bb6d91c9ec720d3e45dd90ca7a624762cfbfea762e5df1a5b135f5a1d34,data_audit.train_only_scaler.scale[5],4786566349698.902
grasp_protocol_v3__tau_8__swan__swan_sf__seed1103,tau_8,swan,swan_sf,1103,completed,experiments/runs/fm_grasp_protocol_v3/jobs/grasp_protocol_v3__tau_8__swan__swan_sf__seed1103/result.json,f1234bb6d91c9ec720d3e45dd90ca7a624762cfbfea762e5df1a5b135f5a1d34,data_audit.train_only_scaler.scale[6],8.160999960406271e+21
grasp_protocol_v3__tau_8__swan__swan_sf__seed1103,tau_8,swan,swan_sf,1103,completed,experiments/runs/fm_grasp_protocol_v3/jobs/grasp_protocol_v3__tau_8__swan__swan_sf__seed1103/result.json,f1234bb6d91c9ec720d3e45dd90ca7a624762cfbfea762e5df1a5b135f5a1d34,data_audit.train_only_scaler.scale[7],3.2446255976209476e+24
grasp_protocol_v3__tau_8__swan__swan_sf__seed1103,tau_8,swan,swan_sf,1103,completed,experiments/runs/fm_grasp_protocol_v3/jobs/grasp_protocol_v3__tau_8__swan__swan_sf__seed1103/result.json,f1234bb6d91c9ec720d3e45dd90ca7a624762cfbfea762e5df1a5b135f5a1d34,data_audit.train_only_scaler.scale[8],12700705.083050588
grasp_protocol_v3__tau_8__swan__swan_sf__seed1103,tau_8,swan,swan_sf,1103,completed,experiments/runs/fm_grasp_protocol_v3/jobs/grasp_protocol_v3__tau_8__swan__swan_sf__seed1103/result.json,f1234bb6d91c9ec720d3e45dd90ca7a624762cfbfea762e5df1a5b135f5a1d34,data_audit.train_only_scaler.scale[9],0.15764267201891288
grasp_protocol_v3__tau_8__swan__swan_sf__seed1103,tau_8,swan,swan_sf,1103,completed,experiments/runs/fm_grasp_protocol_v3/jobs/grasp_protocol_v3__tau_8__swan__swan_sf__seed1103/result.json,f1234bb6d91c9ec720d3e45dd90ca7a624762cfbfea762e5df1a5b135f5a1d34,data_audit.train_only_scaler.scale[10],7.998840992094515
grasp_protocol_v3__tau_8__swan__swan_sf__seed1103,tau_8,swan,swan_sf,1103,completed,experiments/runs/fm_grasp_protocol_v3/jobs/grasp_protocol_v3__tau_8__swan__swan_sf__seed1103/result.json,f1234bb6d91c9ec720d3e45dd90ca7a624762cfbfea762e5df1a5b135f5a1d34,data_audit.train_only_scaler.scale[11],14.517086710445161
grasp_protocol_v3__tau_8__swan__swan_sf__seed1103,tau_8,swan,swan_sf,1103,completed,experiments/runs/fm_grasp_protocol_v3/jobs/grasp_protocol_v3__tau_8__swan__swan_sf__seed1103/result.json,f1234bb6d91c9ec720d3e45dd90ca7a624762cfbfea762e5df1a5b135f5a1d34,data_audit.train_only_scaler.scale[12],9.164958630701037
grasp_protocol_v3__tau_8__swan__swan_sf__seed1103,tau_8,swan,swan_sf,1103,completed,experiments/runs/fm_grasp_protocol_v3/jobs/grasp_protocol_v3__tau_8__swan__swan_sf__seed1103/result.json,f1234bb6d91c9ec720d3e45dd90ca7a624762cfbfea762e5df1a5b135f5a1d34,data_audit.train_only_scaler.scale[13],22.663966001612895
grasp_protocol_v3__tau_8__swan__swan_sf__seed1103,tau_8,swan,swan_sf,1103,completed,experiments/runs/fm_grasp_protocol_v3/jobs/grasp_protocol_v3__tau_8__swan__swan_sf__seed1103/result.json,f1234bb6d91c9ec720d3e45dd90ca7a624762cfbfea762e5df1a5b135f5a1d34,data_audit.train_only_scaler.scale[14],22.83698851922826
grasp_protocol_v3__tau_8__swan__swan_sf__seed1103,tau_8,swan,swan_sf,1103,completed,experiments/runs/fm_grasp_protocol_v3/jobs/grasp_protocol_v3__tau_8__swan__swan_sf__seed1103/result.json,f1234bb6d91c9ec720d3e45dd90ca7a624762cfbfea762e5df1a5b135f5a1d34,data_audit.train_only_scaler.scale[15],14.49123627720488
grasp_protocol_v3__tau_8__swan__swan_sf__seed1103,tau_8,swan,swan_sf,1103,completed,experiments/runs/fm_grasp_protocol_v3/jobs/grasp_protocol_v3__tau_8__swan__swan_sf__seed1103/result.json,f1234bb6d91c9ec720d3e45dd90ca7a624762cfbfea762e5df1a5b135f5a1d34,data_audit.train_only_scaler.scale[16],0.007446704694027152
grasp_protocol_v3__tau_8__swan__swan_sf__seed1103,tau_8,swan,swan_sf,1103,completed,experiments/runs/fm_grasp_protocol_v3/jobs/grasp_protocol_v3__tau_8__swan__swan_sf__seed1103/result.json,f1234bb6d91c9ec720d3e45dd90ca7a624762cfbfea762e5df1a5b135f5a1d34,data_audit.train_only_scaler.scale[17],5.067548212998718e+23
grasp_protocol_v3__tau_8__swan__swan_sf__seed1103,tau_8,swan,swan_sf,1103,completed,experiments/runs/fm_grasp_protocol_v3/jobs/grasp_protocol_v3__tau_8__swan__swan_sf__seed1103/result.json,f1234bb6d91c9ec720d3e45dd90ca7a624762cfbfea762e5df1a5b135f5a1d34,data_audit.train_only_scaler.scale[18],0.7491082918156635
grasp_protocol_v3__tau_8__swan__swan_sf__seed1103,tau_8,swan,swan_sf,1103,completed,experiments/runs/fm_grasp_protocol_v3/jobs/grasp_protocol_v3__tau_8__swan__swan_sf__seed1103/result.json,f1234bb6d91c9ec720d3e45dd90ca7a624762cfbfea762e5df1a5b135f5a1d34,data_audit.train_only_scaler.scale[19],0.02580423934918983
grasp_protocol_v3__tau_8__swan__swan_sf__seed1103,tau_8,swan,swan_sf,1103,completed,experiments/runs/fm_grasp_protocol_v3/jobs/grasp_protocol_v3__tau_8__swan__swan_sf__seed1103/result.json,f1234bb6d91c9ec720d3e45dd90ca7a624762cfbfea762e5df1a5b135f5a1d34,data_audit.train_only_scaler.scale[20],1.1825085057623071e+24
grasp_protocol_v3__tau_8__swan__swan_sf__seed1103,tau_8,swan,swan_sf,1103,completed,experiments/runs/fm_grasp_protocol_v3/jobs/grasp_protocol_v3__tau_8__swan__swan_sf__seed1103/result.json,f1234bb6d91c9ec720d3e45dd90ca7a624762cfbfea762e5df1a5b135f5a1d34,data_audit.train_only_scaler.scale[21],0.13926497457575512
grasp_protocol_v3__tau_8__swan__swan_sf__seed1103,tau_8,swan,swan_sf,1103,completed,experiments/runs/fm_grasp_protocol_v3/jobs/grasp_protocol_v3__tau_8__swan__swan_sf__seed1103/result.json,f1234bb6d91c9ec720d3e45dd90ca7a624762cfbfea762e5df1a5b135f5a1d34,data_audit.train_only_scaler.scale[22],0.18539980134319797
grasp_protocol_v3__tau_8__swan__swan_sf__seed1103,tau_8,swan,swan_sf,1103,completed,experiments/runs/fm_grasp_protocol_v3/jobs/grasp_protocol_v3__tau_8__swan__swan_sf__seed1103/result.json,f1234bb6d91c9ec720d3e45dd90ca7a624762cfbfea762e5df1a5b135f5a1d34,data_audit.train_only_scaler.scale[23],1.712261267510182
grasp_protocol_v3__tau_8__swan__swan_sf__seed1103,tau_8,swan,swan_sf,1103,completed,experiments/runs/fm_grasp_protocol_v3/jobs/grasp_protocol_v3__tau_8__swan__swan_sf__seed1103/result.json,f1234bb6d91c9ec720d3e45dd90ca7a624762cfbfea762e5df1a5b135f5a1d34,data_audit.train_only_scaler.scale[24],122.48048173928221
grasp_protocol_v3__tau_8__swan__swan_sf__seed1103,tau_8,swan,swan_sf,1103,completed,experiments/runs/fm_grasp_protocol_v3/jobs/grasp_protocol_v3__tau_8__swan__swan_sf__seed1103/result.json,f1234bb6d91c9ec720d3e45dd90ca7a624762cfbfea762e5df1a5b135f5a1d34,data_audit.train_only_scaler.scale[25],118.53868905344714
grasp_protocol_v3__tau_8__swan__swan_sf__seed1103,tau_8,swan,swan_sf,1103,completed,experiments/runs/fm_grasp_protocol_v3/jobs/grasp_protocol_v3__tau_8__swan__swan_sf__seed1103/result.json,f1234bb6d91c9ec720d3e45dd90ca7a624762cfbfea762e5df1a5b135f5a1d34,data_audit.train_only_scaler.scale[26],15.8413429430375
grasp_protocol_v3__tau_8__swan__swan_sf__seed1103,tau_8,swan,swan_sf,1103,completed,experiments/runs/fm_grasp_protocol_v3/jobs/grasp_protocol_v3__tau_8__swan__swan_sf__seed1103/result.json,f1234bb6d91c9ec720d3e45dd90ca7a624762cfbfea762e5df1a5b135f5a1d34,data_audit.train_only_scaler.scale[27],33.25478901460059
grasp_protocol_v3__tau_8__swan__swan_sf__seed1103,tau_8,swan,swan_sf,1103,completed,experiments/runs/fm_grasp_protocol_v3/jobs/grasp_protocol_v3__tau_8__swan__swan_sf__seed1103/result.json,f1234bb6d91c9ec720d3e45dd90ca7a624762cfbfea762e5df1a5b135f5a1d34,data_audit.train_only_scaler.scale[28],16.466208780244486
grasp_protocol_v3__tau_8__swan__swan_sf__seed1103,tau_8,swan,swan_sf,1103,completed,experiments/runs/fm_grasp_protocol_v3/jobs/grasp_protocol_v3__tau_8__swan__swan_sf__seed1103/result.json,f1234bb6d91c9ec720d3e45dd90ca7a624762cfbfea762e5df1a5b135f5a1d34,data_audit.train_only_scaler.scale[29],33.90595903667634
grasp_protocol_v3__tau_8__swan__swan_sf__seed1103,tau_8,swan,swan_sf,1103,completed,experiments/runs/fm_grasp_protocol_v3/jobs/grasp_protocol_v3__tau_8__swan__swan_sf__seed1103/result.json,f1234bb6d91c9ec720d3e45dd90ca7a624762cfbfea762e5df1a5b135f5a1d34,data_audit.train_only_scaler.scale[30],12719.09410671598
grasp_protocol_v3__tau_8__swan__swan_sf__seed1103,tau_8,swan,swan_sf,1103,completed,experiments/runs/fm_grasp_protocol_v3/jobs/grasp_protocol_v3__tau_8__swan__swan_sf__seed1103/result.json,f1234bb6d91c9ec720d3e45dd90ca7a624762cfbfea762e5df1a5b135f5a1d34,data_audit.train_only_scaler.scale[31],0.19558883404879554
grasp_protocol_v3__tau_8__swan__swan_sf__seed1103,tau_8,swan,swan_sf,1103,completed,experiments/runs/fm_grasp_protocol_v3/jobs/grasp_protocol_v3__tau_8__swan__swan_sf__seed1103/result.json,f1234bb6d91c9ec720d3e45dd90ca7a624762cfbfea762e5df1a5b135f5a1d34,data_audit.train_only_scaler.scale[32],1.0
grasp_protocol_v3__tau_8__swan__swan_sf__seed1103,tau_8,swan,swan_sf,1103,completed,experiments/runs/fm_grasp_protocol_v3/jobs/grasp_protocol_v3__tau_8__swan__swan_sf__seed1103/result.json,f1234bb6d91c9ec720d3e45dd90ca7a624762cfbfea762e5df1a5b135f5a1d34,data_audit.train_only_scaler.scale[33],0.03380078329718015
grasp_protocol_v3__tau_8__swan__swan_sf__seed1103,tau_8,swan,swan_sf,1103,completed,experiments/runs/fm_grasp_protocol_v3/jobs/grasp_protocol_v3__tau_8__swan__swan_sf__seed1103/result.json,f1234bb6d91c9ec720d3e45dd90ca7a624762cfbfea762e5df1a5b135f5a1d34,data_audit.train_only_scaler.scale[34],0.02390760435650135
grasp_protocol_v3__tau_8__swan__swan_sf__seed1103,tau_8,swan,swan_sf,1103,completed,experiments/runs/fm_grasp_protocol_v3/jobs/grasp_protocol_v3__tau_8__swan__swan_sf__seed1103/result.json,f1234bb6d91c9ec720d3e45dd90ca7a624762cfbfea762e5df1a5b135f5a1d34,data_audit.train_only_scaler.scale[35],1.0
grasp_protocol_v3__tau_8__swan__swan_sf__seed1103,tau_8,swan,swan_sf,1103,completed,experiments/runs/fm_grasp_protocol_v3/jobs/grasp_protocol_v3__tau_8__swan__swan_sf__seed1103/result.json,f1234bb6d91c9ec720d3e45dd90ca7a624762cfbfea762e5df1a5b135f5a1d34,data_audit.train_only_scaler.scale[36],4843.110750687241
grasp_protocol_v3__tau_8__swan__swan_sf__seed1103,tau_8,swan,swan_sf,1103,completed,experiments/runs/fm_grasp_protocol_v3/jobs/grasp_protocol_v3__tau_8__swan__swan_sf__seed1103/result.json,f1234bb6d91c9ec720d3e45dd90ca7a624762cfbfea762e5df1a5b135f5a1d34,data_audit.train_only_scaler.scale[37],0.7110330701676929
grasp_protocol_v3__tau_8__swan__swan_sf__seed1103,tau_8,swan,swan_sf,1103,completed,experiments/runs/fm_grasp_protocol_v3/jobs/grasp_protocol_v3__tau_8__swan__swan_sf__seed1103/result.json,f1234bb6d91c9ec720d3e45dd90ca7a624762cfbfea762e5df1a5b135f5a1d34,data_audit.train_only_scaler.constant_channels[0],32
grasp_protocol_v3__tau_8__swan__swan_sf__seed1103,tau_8,swan,swan_sf,1103,completed,experiments/runs/fm_grasp_protocol_v3/jobs/grasp_protocol_v3__tau_8__swan__swan_sf__seed1103/result.json,f1234bb6d91c9ec720d3e45dd90ca7a624762cfbfea762e5df1a5b135f5a1d34,data_audit.train_only_scaler.constant_channels[1],35
grasp_protocol_v3__tau_8__swan__swan_sf__seed1103,tau_8,swan,swan_sf,1103,completed,experiments/runs/fm_grasp_protocol_v3/jobs/grasp_protocol_v3__tau_8__swan__swan_sf__seed1103/result.json,f1234bb6d91c9ec720d3e45dd90ca7a624762cfbfea762e5df1a5b135f5a1d34,data_audit.train_only_scaler.repairs[0],0
grasp_protocol_v3__tau_8__swan__swan_sf__seed1103,tau_8,swan,swan_sf,1103,completed,experiments/runs/fm_grasp_protocol_v3/jobs/grasp_protocol_v3__tau_8__swan__swan_sf__seed1103/result.json,f1234bb6d91c9ec720d3e45dd90ca7a624762cfbfea762e5df1a5b135f5a1d34,data_audit.train_only_scaler.repairs[1],0
grasp_protocol_v3__gnn__swan__swan_sf__seed1104,gnn,swan,swan_sf,1104,completed,experiments/runs/fm_grasp_protocol_v3/jobs/grasp_protocol_v3__gnn__swan__swan_sf__seed1104/result.json,99c081b1281de5435c6b0f079c4b61583827fa2b0fb369977598c6160f9c5e31,job.seed,1104
grasp_protocol_v3__gnn__swan__swan_sf__seed1104,gnn,swan,swan_sf,1104,completed,experiments/runs/fm_grasp_protocol_v3/jobs/grasp_protocol_v3__gnn__swan__swan_sf__seed1104/result.json,99c081b1281de5435c6b0f079c4b61583827fa2b0fb369977598c6160f9c5e31,job.expected_optimizer_updates,93000
grasp_protocol_v3__gnn__swan__swan_sf__seed1104,gnn,swan,swan_sf,1104,completed,experiments/runs/fm_grasp_protocol_v3/jobs/grasp_protocol_v3__gnn__swan__swan_sf__seed1104/result.json,99c081b1281de5435c6b0f079c4b61583827fa2b0fb369977598c6160f9c5e31,job.test_points,72000
grasp_protocol_v3__gnn__swan__swan_sf__seed1104,gnn,swan,swan_sf,1104,completed,experiments/runs/fm_grasp_protocol_v3/jobs/grasp_protocol_v3__gnn__swan__swan_sf__seed1104/result.json,99c081b1281de5435c6b0f079c4b61583827fa2b0fb369977598c6160f9c5e31,job.validation_points,3935
grasp_protocol_v3__gnn__swan__swan_sf__seed1104,gnn,swan,swan_sf,1104,completed,experiments/runs/fm_grasp_protocol_v3/jobs/grasp_protocol_v3__gnn__swan__swan_sf__seed1104/result.json,99c081b1281de5435c6b0f079c4b61583827fa2b0fb369977598c6160f9c5e31,job.score_recipes[0].source_samples,5
grasp_protocol_v3__gnn__swan__swan_sf__seed1104,gnn,swan,swan_sf,1104,completed,experiments/runs/fm_grasp_protocol_v3/jobs/grasp_protocol_v3__gnn__swan__swan_sf__seed1104/result.json,99c081b1281de5435c6b0f079c4b61583827fa2b0fb369977598c6160f9c5e31,job.score_recipes[0].flow_evaluations,10
grasp_protocol_v3__gnn__swan__swan_sf__seed1104,gnn,swan,swan_sf,1104,completed,experiments/runs/fm_grasp_protocol_v3/jobs/grasp_protocol_v3__gnn__swan__swan_sf__seed1104/result.json,99c081b1281de5435c6b0f079c4b61583827fa2b0fb369977598c6160f9c5e31,epochs_completed,1500
grasp_protocol_v3__gnn__swan__swan_sf__seed1104,gnn,swan,swan_sf,1104,completed,experiments/runs/fm_grasp_protocol_v3/jobs/grasp_protocol_v3__gnn__swan__swan_sf__seed1104/result.json,99c081b1281de5435c6b0f079c4b61583827fa2b0fb369977598c6160f9c5e31,optimizer_updates,93000
grasp_protocol_v3__gnn__swan__swan_sf__seed1104,gnn,swan,swan_sf,1104,completed,experiments/runs/fm_grasp_protocol_v3/jobs/grasp_protocol_v3__gnn__swan__swan_sf__seed1104/result.json,99c081b1281de5435c6b0f079c4b61583827fa2b0fb369977598c6160f9c5e31,scored_points,72000
grasp_protocol_v3__gnn__swan__swan_sf__seed1104,gnn,swan,swan_sf,1104,completed,experiments/runs/fm_grasp_protocol_v3/jobs/grasp_protocol_v3__gnn__swan__swan_sf__seed1104/result.json,99c081b1281de5435c6b0f079c4b61583827fa2b0fb369977598c6160f9c5e31,validation_points,3935
grasp_protocol_v3__gnn__swan__swan_sf__seed1104,gnn,swan,swan_sf,1104,completed,experiments/runs/fm_grasp_protocol_v3/jobs/grasp_protocol_v3__gnn__swan__swan_sf__seed1104/result.json,99c081b1281de5435c6b0f079c4b61583827fa2b0fb369977598c6160f9c5e31,score_recipes[0].source_samples,5
grasp_protocol_v3__gnn__swan__swan_sf__seed1104,gnn,swan,swan_sf,1104,completed,experiments/runs/fm_grasp_protocol_v3/jobs/grasp_protocol_v3__gnn__swan__swan_sf__seed1104/result.json,99c081b1281de5435c6b0f079c4b61583827fa2b0fb369977598c6160f9c5e31,score_recipes[0].flow_evaluations,10
grasp_protocol_v3__gnn__swan__swan_sf__seed1104,gnn,swan,swan_sf,1104,completed,experiments/runs/fm_grasp_protocol_v3/jobs/grasp_protocol_v3__gnn__swan__swan_sf__seed1104/result.json,99c081b1281de5435c6b0f079c4b61583827fa2b0fb369977598c6160f9c5e31,parameter_count,54706
grasp_protocol_v3__gnn__swan__swan_sf__seed1104,gnn,swan,swan_sf,1104,completed,experiments/runs/fm_grasp_protocol_v3/jobs/grasp_protocol_v3__gnn__swan__swan_sf__seed1104/result.json,99c081b1281de5435c6b0f079c4b61583827fa2b0fb369977598c6160f9c5e31,training_seconds,595.5493095999991
grasp_protocol_v3__gnn__swan__swan_sf__seed1104,gnn,swan,swan_sf,1104,completed,experiments/runs/fm_grasp_protocol_v3/jobs/grasp_protocol_v3__gnn__swan__swan_sf__seed1104/result.json,99c081b1281de5435c6b0f079c4b61583827fa2b0fb369977598c6160f9c5e31,peak_cuda_allocated_bytes,133625856
grasp_protocol_v3__gnn__swan__swan_sf__seed1104,gnn,swan,swan_sf,1104,completed,experiments/runs/fm_grasp_protocol_v3/jobs/grasp_protocol_v3__gnn__swan__swan_sf__seed1104/result.json,99c081b1281de5435c6b0f079c4b61583827fa2b0fb369977598c6160f9c5e31,peak_cuda_reserved_bytes,161480704
grasp_protocol_v3__gnn__swan__swan_sf__seed1104,gnn,swan,swan_sf,1104,completed,experiments/runs/fm_grasp_protocol_v3/jobs/grasp_protocol_v3__gnn__swan__swan_sf__seed1104/result.json,99c081b1281de5435c6b0f079c4b61583827fa2b0fb369977598c6160f9c5e31,cpu_threads,2
grasp_protocol_v3__gnn__swan__swan_sf__seed1104,gnn,swan,swan_sf,1104,completed,experiments/runs/fm_grasp_protocol_v3/jobs/grasp_protocol_v3__gnn__swan__swan_sf__seed1104/result.json,99c081b1281de5435c6b0f079c4b61583827fa2b0fb369977598c6160f9c5e31,metrics[0].recipe.source_samples,5
grasp_protocol_v3__gnn__swan__swan_sf__seed1104,gnn,swan,swan_sf,1104,completed,experiments/runs/fm_grasp_protocol_v3/jobs/grasp_protocol_v3__gnn__swan__swan_sf__seed1104/result.json,99c081b1281de5435c6b0f079c4b61583827fa2b0fb369977598c6160f9c5e31,metrics[0].recipe.flow_evaluations,10
grasp_protocol_v3__gnn__swan__swan_sf__seed1104,gnn,swan,swan_sf,1104,completed,experiments/runs/fm_grasp_protocol_v3/jobs/grasp_protocol_v3__gnn__swan__swan_sf__seed1104/result.json,99c081b1281de5435c6b0f079c4b61583827fa2b0fb369977598c6160f9c5e31,metrics[0].metrics.paper_retrospective.AP,0.40967637691864256
grasp_protocol_v3__gnn__swan__swan_sf__seed1104,gnn,swan,swan_sf,1104,completed,experiments/runs/fm_grasp_protocol_v3/jobs/grasp_protocol_v3__gnn__swan__swan_sf__seed1104/result.json,99c081b1281de5435c6b0f079c4b61583827fa2b0fb369977598c6160f9c5e31,metrics[0].metrics.paper_retrospective.ROC,0.6017077143185805
grasp_protocol_v3__gnn__swan__swan_sf__seed1104,gnn,swan,swan_sf,1104,completed,experiments/runs/fm_grasp_protocol_v3/jobs/grasp_protocol_v3__gnn__swan__swan_sf__seed1104/result.json,99c081b1281de5435c6b0f079c4b61583827fa2b0fb369977598c6160f9c5e31,metrics[0].metrics.paper_retrospective.Best_F1,0.4645050802219922
grasp_protocol_v3__gnn__swan__swan_sf__seed1104,gnn,swan,swan_sf,1104,completed,experiments/runs/fm_grasp_protocol_v3/jobs/grasp_protocol_v3__gnn__swan__swan_sf__seed1104/result.json,99c081b1281de5435c6b0f079c4b61583827fa2b0fb369977598c6160f9c5e31,metrics[0].metrics.validation_only_control.precision,0.36642627454653304
grasp_protocol_v3__gnn__swan__swan_sf__seed1104,gnn,swan,swan_sf,1104,completed,experiments/runs/fm_grasp_protocol_v3/jobs/grasp_protocol_v3__gnn__swan__swan_sf__seed1104/result.json,99c081b1281de5435c6b0f079c4b61583827fa2b0fb369977598c6160f9c5e31,metrics[0].metrics.validation_only_control.recall,0.5839303482587065
grasp_protocol_v3__gnn__swan__swan_sf__seed1104,gnn,swan,swan_sf,1104,completed,experiments/runs/fm_grasp_protocol_v3/jobs/grasp_protocol_v3__gnn__swan__swan_sf__seed1104/result.json,99c081b1281de5435c6b0f079c4b61583827fa2b0fb369977598c6160f9c5e31,metrics[0].metrics.validation_only_control.f1,0.450288695785617
grasp_protocol_v3__gnn__swan__swan_sf__seed1104,gnn,swan,swan_sf,1104,completed,experiments/runs/fm_grasp_protocol_v3/jobs/grasp_protocol_v3__gnn__swan__swan_sf__seed1104/result.json,99c081b1281de5435c6b0f079c4b61583827fa2b0fb369977598c6160f9c5e31,metrics[0].metrics.validation_only_control.threshold,19849.627375390603
grasp_protocol_v3__gnn__swan__swan_sf__seed1104,gnn,swan,swan_sf,1104,completed,experiments/runs/fm_grasp_protocol_v3/jobs/grasp_protocol_v3__gnn__swan__swan_sf__seed1104/result.json,99c081b1281de5435c6b0f079c4b61583827fa2b0fb369977598c6160f9c5e31,metrics[0].metrics.validation_only_control.quantile,0.99
grasp_protocol_v3__gnn__swan__swan_sf__seed1104,gnn,swan,swan_sf,1104,completed,experiments/runs/fm_grasp_protocol_v3/jobs/grasp_protocol_v3__gnn__swan__swan_sf__seed1104/result.json,99c081b1281de5435c6b0f079c4b61583827fa2b0fb369977598c6160f9c5e31,metrics[0].validation_score_seconds,1.8167039999971166
grasp_protocol_v3__gnn__swan__swan_sf__seed1104,gnn,swan,swan_sf,1104,completed,experiments/runs/fm_grasp_protocol_v3/jobs/grasp_protocol_v3__gnn__swan__swan_sf__seed1104/result.json,99c081b1281de5435c6b0f079c4b61583827fa2b0fb369977598c6160f9c5e31,metrics[0].test_score_seconds,30.92805989999033
grasp_protocol_v3__gnn__swan__swan_sf__seed1104,gnn,swan,swan_sf,1104,completed,experiments/runs/fm_grasp_protocol_v3/jobs/grasp_protocol_v3__gnn__swan__swan_sf__seed1104/result.json,99c081b1281de5435c6b0f079c4b61583827fa2b0fb369977598c6160f9c5e31,metrics[0].window_evaluations,71951
grasp_protocol_v3__gnn__swan__swan_sf__seed1104,gnn,swan,swan_sf,1104,completed,experiments/runs/fm_grasp_protocol_v3/jobs/grasp_protocol_v3__gnn__swan__swan_sf__seed1104/result.json,99c081b1281de5435c6b0f079c4b61583827fa2b0fb369977598c6160f9c5e31,data_audit.raw_train_points,19672
grasp_protocol_v3__gnn__swan__swan_sf__seed1104,gnn,swan,swan_sf,1104,completed,experiments/runs/fm_grasp_protocol_v3/jobs/grasp_protocol_v3__gnn__swan__swan_sf__seed1104/result.json,99c081b1281de5435c6b0f079c4b61583827fa2b0fb369977598c6160f9c5e31,data_audit.split_cut,15737
grasp_protocol_v3__gnn__swan__swan_sf__seed1104,gnn,swan,swan_sf,1104,completed,experiments/runs/fm_grasp_protocol_v3/jobs/grasp_protocol_v3__gnn__swan__swan_sf__seed1104/result.json,99c081b1281de5435c6b0f079c4b61583827fa2b0fb369977598c6160f9c5e31,data_audit.fit_points,15737
grasp_protocol_v3__gnn__swan__swan_sf__seed1104,gnn,swan,swan_sf,1104,completed,experiments/runs/fm_grasp_protocol_v3/jobs/grasp_protocol_v3__gnn__swan__swan_sf__seed1104/result.json,99c081b1281de5435c6b0f079c4b61583827fa2b0fb369977598c6160f9c5e31,data_audit.validation_points,3935
grasp_protocol_v3__gnn__swan__swan_sf__seed1104,gnn,swan,swan_sf,1104,completed,experiments/runs/fm_grasp_protocol_v3/jobs/grasp_protocol_v3__gnn__swan__swan_sf__seed1104/result.json,99c081b1281de5435c6b0f079c4b61583827fa2b0fb369977598c6160f9c5e31,data_audit.test_points,72000
grasp_protocol_v3__gnn__swan__swan_sf__seed1104,gnn,swan,swan_sf,1104,completed,experiments/runs/fm_grasp_protocol_v3/jobs/grasp_protocol_v3__gnn__swan__swan_sf__seed1104/result.json,99c081b1281de5435c6b0f079c4b61583827fa2b0fb369977598c6160f9c5e31,data_audit.test_anomaly_points,20100
grasp_protocol_v3__gnn__swan__swan_sf__seed1104,gnn,swan,swan_sf,1104,completed,experiments/runs/fm_grasp_protocol_v3/jobs/grasp_protocol_v3__gnn__swan__swan_sf__seed1104/result.json,99c081b1281de5435c6b0f079c4b61583827fa2b0fb369977598c6160f9c5e31,data_audit.features,38
grasp_protocol_v3__gnn__swan__swan_sf__seed1104,gnn,swan,swan_sf,1104,completed,experiments/runs/fm_grasp_protocol_v3/jobs/grasp_protocol_v3__gnn__swan__swan_sf__seed1104/result.json,99c081b1281de5435c6b0f079c4b61583827fa2b0fb369977598c6160f9c5e31,data_audit.paper_variables,39
grasp_protocol_v3__gnn__swan__swan_sf__seed1104,gnn,swan,swan_sf,1104,completed,experiments/runs/fm_grasp_protocol_v3/jobs/grasp_protocol_v3__gnn__swan__swan_sf__seed1104/result.json,99c081b1281de5435c6b0f079c4b61583827fa2b0fb369977598c6160f9c5e31,data_audit.fit_window_count,15688
grasp_protocol_v3__gnn__swan__swan_sf__seed1104,gnn,swan,swan_sf,1104,completed,experiments/runs/fm_grasp_protocol_v3/jobs/grasp_protocol_v3__gnn__swan__swan_sf__seed1104/result.json,99c081b1281de5435c6b0f079c4b61583827fa2b0fb369977598c6160f9c5e31,data_audit.validation_window_count,3886
grasp_protocol_v3__gnn__swan__swan_sf__seed1104,gnn,swan,swan_sf,1104,completed,experiments/runs/fm_grasp_protocol_v3/jobs/grasp_protocol_v3__gnn__swan__swan_sf__seed1104/result.json,99c081b1281de5435c6b0f079c4b61583827fa2b0fb369977598c6160f9c5e31,data_audit.test_window_count,71951
grasp_protocol_v3__gnn__swan__swan_sf__seed1104,gnn,swan,swan_sf,1104,completed,experiments/runs/fm_grasp_protocol_v3/jobs/grasp_protocol_v3__gnn__swan__swan_sf__seed1104/result.json,99c081b1281de5435c6b0f079c4b61583827fa2b0fb369977598c6160f9c5e31,data_audit.source_audit.training_anomaly_points,0
grasp_protocol_v3__gnn__swan__swan_sf__seed1104,gnn,swan,swan_sf,1104,completed,experiments/runs/fm_grasp_protocol_v3/jobs/grasp_protocol_v3__gnn__swan__swan_sf__seed1104/result.json,99c081b1281de5435c6b0f079c4b61583827fa2b0fb369977598c6160f9c5e31,data_audit.train_only_scaler.median[0],109.79161766427605
grasp_protocol_v3__gnn__swan__swan_sf__seed1104,gnn,swan,swan_sf,1104,completed,experiments/runs/fm_grasp_protocol_v3/jobs/grasp_protocol_v3__gnn__swan__swan_sf__seed1104/result.json,99c081b1281de5435c6b0f079c4b61583827fa2b0fb369977598c6160f9c5e31,data_audit.train_only_scaler.median[1],902576622.3893
grasp_protocol_v3__gnn__swan__swan_sf__seed1104,gnn,swan,swan_sf,1104,completed,experiments/runs/fm_grasp_protocol_v3/jobs/grasp_protocol_v3__gnn__swan__swan_sf__seed1104/result.json,99c081b1281de5435c6b0f079c4b61583827fa2b0fb369977598c6160f9c5e31,data_audit.train_only_scaler.median[2],7.167510432855177e+21
grasp_protocol_v3__gnn__swan__swan_sf__seed1104,gnn,swan,swan_sf,1104,completed,experiments/runs/fm_grasp_protocol_v3/jobs/grasp_protocol_v3__gnn__swan__swan_sf__seed1104/result.json,99c081b1281de5435c6b0f079c4b61583827fa2b0fb369977598c6160f9c5e31,data_audit.train_only_scaler.median[3],2295775301630.038
grasp_protocol_v3__gnn__swan__swan_sf__seed1104,gnn,swan,swan_sf,1104,completed,experiments/runs/fm_grasp_protocol_v3/jobs/grasp_protocol_v3__gnn__swan__swan_sf__seed1104/result.json,99c081b1281de5435c6b0f079c4b61583827fa2b0fb369977598c6160f9c5e31,data_audit.train_only_scaler.median[4],7.525211717955138
grasp_protocol_v3__gnn__swan__swan_sf__seed1104,gnn,swan,swan_sf,1104,completed,experiments/runs/fm_grasp_protocol_v3/jobs/grasp_protocol_v3__gnn__swan__swan_sf__seed1104/result.json,99c081b1281de5435c6b0f079c4b61583827fa2b0fb369977598c6160f9c5e31,data_audit.train_only_scaler.median[5],644965299185.6748
grasp_protocol_v3__gnn__swan__swan_sf__seed1104,gnn,swan,swan_sf,1104,completed,experiments/runs/fm_grasp_protocol_v3/jobs/grasp_protocol_v3__gnn__swan__swan_sf__seed1104/result.json,99c081b1281de5435c6b0f079c4b61583827fa2b0fb369977598c6160f9c5e31,data_audit.train_only_scaler.median[6],1.5930829208471184e+21
grasp_protocol_v3__gnn__swan__swan_sf__seed1104,gnn,swan,swan_sf,1104,completed,experiments/runs/fm_grasp_protocol_v3/jobs/grasp_protocol_v3__gnn__swan__swan_sf__seed1104/result.json,99c081b1281de5435c6b0f079c4b61583827fa2b0fb369977598c6160f9c5e31,data_audit.train_only_scaler.median[7],-6.896515213991394e+23
grasp_protocol_v3__gnn__swan__swan_sf__seed1104,gnn,swan,swan_sf,1104,completed,experiments/runs/fm_grasp_protocol_v3/jobs/grasp_protocol_v3__gnn__swan__swan_sf__seed1104/result.json,99c081b1281de5435c6b0f079c4b61583827fa2b0fb369977598c6160f9c5e31,data_audit.train_only_scaler.median[8],1881.226580056299
grasp_protocol_v3__gnn__swan__swan_sf__seed1104,gnn,swan,swan_sf,1104,completed,experiments/runs/fm_grasp_protocol_v3/jobs/grasp_protocol_v3__gnn__swan__swan_sf__seed1104/result.json,99c081b1281de5435c6b0f079c4b61583827fa2b0fb369977598c6160f9c5e31,data_audit.train_only_scaler.median[9],-0.5826949720780651
grasp_protocol_v3__gnn__swan__swan_sf__seed1104,gnn,swan,swan_sf,1104,completed,experiments/runs/fm_grasp_protocol_v3/jobs/grasp_protocol_v3__gnn__swan__swan_sf__seed1104/result.json,99c081b1281de5435c6b0f079c4b61583827fa2b0fb369977598c6160f9c5e31,data_audit.train_only_scaler.median[10],23.2614382342434
grasp_protocol_v3__gnn__swan__swan_sf__seed1104,gnn,swan,swan_sf,1104,completed,experiments/runs/fm_grasp_protocol_v3/jobs/grasp_protocol_v3__gnn__swan__swan_sf__seed1104/result.json,99c081b1281de5435c6b0f079c4b61583827fa2b0fb369977598c6160f9c5e31,data_audit.train_only_scaler.median[11],4.1031652989449015
grasp_protocol_v3__gnn__swan__swan_sf__seed1104,gnn,swan,swan_sf,1104,completed,experiments/runs/fm_grasp_protocol_v3/jobs/grasp_protocol_v3__gnn__swan__swan_sf__seed1104/result.json,99c081b1281de5435c6b0f079c4b61583827fa2b0fb369977598c6160f9c5e31,data_audit.train_only_scaler.median[12],30.334544652596342
grasp_protocol_v3__gnn__swan__swan_sf__seed1104,gnn,swan,swan_sf,1104,completed,experiments/runs/fm_grasp_protocol_v3/jobs/grasp_protocol_v3__gnn__swan__swan_sf__seed1104/result.json,99c081b1281de5435c6b0f079c4b61583827fa2b0fb369977598c6160f9c5e31,data_audit.train_only_scaler.median[13],123.55687630744043
grasp_protocol_v3__gnn__swan__swan_sf__seed1104,gnn,swan,swan_sf,1104,completed,experiments/runs/fm_grasp_protocol_v3/jobs/grasp_protocol_v3__gnn__swan__swan_sf__seed1104/result.json,99c081b1281de5435c6b0f079c4b61583827fa2b0fb369977598c6160f9c5e31,data_audit.train_only_scaler.median[14],124.10909511835108
grasp_protocol_v3__gnn__swan__swan_sf__seed1104,gnn,swan,swan_sf,1104,completed,experiments/runs/fm_grasp_protocol_v3/jobs/grasp_protocol_v3__gnn__swan__swan_sf__seed1104/result.json,99c081b1281de5435c6b0f079c4b61583827fa2b0fb369977598c6160f9c5e31,data_audit.train_only_scaler.median[15],53.50452393957681
grasp_protocol_v3__gnn__swan__swan_sf__seed1104,gnn,swan,swan_sf,1104,completed,experiments/runs/fm_grasp_protocol_v3/jobs/grasp_protocol_v3__gnn__swan__swan_sf__seed1104/result.json,99c081b1281de5435c6b0f079c4b61583827fa2b0fb369977598c6160f9c5e31,data_audit.train_only_scaler.median[16],0.0007316367027569
grasp_protocol_v3__gnn__swan__swan_sf__seed1104,gnn,swan,swan_sf,1104,completed,experiments/runs/fm_grasp_protocol_v3/jobs/grasp_protocol_v3__gnn__swan__swan_sf__seed1104/result.json,99c081b1281de5435c6b0f079c4b61583827fa2b0fb369977598c6160f9c5e31,data_audit.train_only_scaler.median[17],-1.612043362204535e+22
grasp_protocol_v3__gnn__swan__swan_sf__seed1104,gnn,swan,swan_sf,1104,completed,experiments/runs/fm_grasp_protocol_v3/jobs/grasp_protocol_v3__gnn__swan__swan_sf__seed1104/result.json,99c081b1281de5435c6b0f079c4b61583827fa2b0fb369977598c6160f9c5e31,data_audit.train_only_scaler.median[18],0.1806838037433196
grasp_protocol_v3__gnn__swan__swan_sf__seed1104,gnn,swan,swan_sf,1104,completed,experiments/runs/fm_grasp_protocol_v3/jobs/grasp_protocol_v3__gnn__swan__swan_sf__seed1104/result.json,99c081b1281de5435c6b0f079c4b61583827fa2b0fb369977598c6160f9c5e31,data_audit.train_only_scaler.median[19],0.0024643825097276
grasp_protocol_v3__gnn__swan__swan_sf__seed1104,gnn,swan,swan_sf,1104,completed,experiments/runs/fm_grasp_protocol_v3/jobs/grasp_protocol_v3__gnn__swan__swan_sf__seed1104/result.json,99c081b1281de5435c6b0f079c4b61583827fa2b0fb369977598c6160f9c5e31,data_audit.train_only_scaler.median[20],-1.7582466676047812e+22
grasp_protocol_v3__gnn__swan__swan_sf__seed1104,gnn,swan,swan_sf,1104,completed,experiments/runs/fm_grasp_protocol_v3/jobs/grasp_protocol_v3__gnn__swan__swan_sf__seed1104/result.json,99c081b1281de5435c6b0f079c4b61583827fa2b0fb369977598c6160f9c5e31,data_audit.train_only_scaler.median[21],0.0248835927535584
grasp_protocol_v3__gnn__swan__swan_sf__seed1104,gnn,swan,swan_sf,1104,completed,experiments/runs/fm_grasp_protocol_v3/jobs/grasp_protocol_v3__gnn__swan__swan_sf__seed1104/result.json,99c081b1281de5435c6b0f079c4b61583827fa2b0fb369977598c6160f9c5e31,data_audit.train_only_scaler.median[22],0.0411580664279638
grasp_protocol_v3__gnn__swan__swan_sf__seed1104,gnn,swan,swan_sf,1104,completed,experiments/runs/fm_grasp_protocol_v3/jobs/grasp_protocol_v3__gnn__swan__swan_sf__seed1104/result.json,99c081b1281de5435c6b0f079c4b61583827fa2b0fb369977598c6160f9c5e31,data_audit.train_only_scaler.median[23],0.0
grasp_protocol_v3__gnn__swan__swan_sf__seed1104,gnn,swan,swan_sf,1104,completed,experiments/runs/fm_grasp_protocol_v3/jobs/grasp_protocol_v3__gnn__swan__swan_sf__seed1104/result.json,99c081b1281de5435c6b0f079c4b61583827fa2b0fb369977598c6160f9c5e31,data_audit.train_only_scaler.median[24],223.862839
grasp_protocol_v3__gnn__swan__swan_sf__seed1104,gnn,swan,swan_sf,1104,completed,experiments/runs/fm_grasp_protocol_v3/jobs/grasp_protocol_v3__gnn__swan__swan_sf__seed1104/result.json,99c081b1281de5435c6b0f079c4b61583827fa2b0fb369977598c6160f9c5e31,data_audit.train_only_scaler.median[25],263.178192
grasp_protocol_v3__gnn__swan__swan_sf__seed1104,gnn,swan,swan_sf,1104,completed,experiments/runs/fm_grasp_protocol_v3/jobs/grasp_protocol_v3__gnn__swan__swan_sf__seed1104/result.json,99c081b1281de5435c6b0f079c4b61583827fa2b0fb369977598c6160f9c5e31,data_audit.train_only_scaler.median[26],3.667938
grasp_protocol_v3__gnn__swan__swan_sf__seed1104,gnn,swan,swan_sf,1104,completed,experiments/runs/fm_grasp_protocol_v3/jobs/grasp_protocol_v3__gnn__swan__swan_sf__seed1104/result.json,99c081b1281de5435c6b0f079c4b61583827fa2b0fb369977598c6160f9c5e31,data_audit.train_only_scaler.median[27],-2.074256
grasp_protocol_v3__gnn__swan__swan_sf__seed1104,gnn,swan,swan_sf,1104,completed,experiments/runs/fm_grasp_protocol_v3/jobs/grasp_protocol_v3__gnn__swan__swan_sf__seed1104/result.json,99c081b1281de5435c6b0f079c4b61583827fa2b0fb369977598c6160f9c5e31,data_audit.train_only_scaler.median[28],6.692411
grasp_protocol_v3__gnn__swan__swan_sf__seed1104,gnn,swan,swan_sf,1104,completed,experiments/runs/fm_grasp_protocol_v3/jobs/grasp_protocol_v3__gnn__swan__swan_sf__seed1104/result.json,99c081b1281de5435c6b0f079c4b61583827fa2b0fb369977598c6160f9c5e31,data_audit.train_only_scaler.median[29],10.207301
grasp_protocol_v3__gnn__swan__swan_sf__seed1104,gnn,swan,swan_sf,1104,completed,experiments/runs/fm_grasp_protocol_v3/jobs/grasp_protocol_v3__gnn__swan__swan_sf__seed1104/result.json,99c081b1281de5435c6b0f079c4b61583827fa2b0fb369977598c6160f9c5e31,data_audit.train_only_scaler.median[30],0.0
grasp_protocol_v3__gnn__swan__swan_sf__seed1104,gnn,swan,swan_sf,1104,completed,experiments/runs/fm_grasp_protocol_v3/jobs/grasp_protocol_v3__gnn__swan__swan_sf__seed1104/result.json,99c081b1281de5435c6b0f079c4b61583827fa2b0fb369977598c6160f9c5e31,data_audit.train_only_scaler.median[31],1.0
grasp_protocol_v3__gnn__swan__swan_sf__seed1104,gnn,swan,swan_sf,1104,completed,experiments/runs/fm_grasp_protocol_v3/jobs/grasp_protocol_v3__gnn__swan__swan_sf__seed1104/result.json,99c081b1281de5435c6b0f079c4b61583827fa2b0fb369977598c6160f9c5e31,data_audit.train_only_scaler.median[32],0.0
grasp_protocol_v3__gnn__swan__swan_sf__seed1104,gnn,swan,swan_sf,1104,completed,experiments/runs/fm_grasp_protocol_v3/jobs/grasp_protocol_v3__gnn__swan__swan_sf__seed1104/result.json,99c081b1281de5435c6b0f079c4b61583827fa2b0fb369977598c6160f9c5e31,data_audit.train_only_scaler.median[33],0.0
grasp_protocol_v3__gnn__swan__swan_sf__seed1104,gnn,swan,swan_sf,1104,completed,experiments/runs/fm_grasp_protocol_v3/jobs/grasp_protocol_v3__gnn__swan__swan_sf__seed1104/result.json,99c081b1281de5435c6b0f079c4b61583827fa2b0fb369977598c6160f9c5e31,data_audit.train_only_scaler.median[34],0.0
grasp_protocol_v3__gnn__swan__swan_sf__seed1104,gnn,swan,swan_sf,1104,completed,experiments/runs/fm_grasp_protocol_v3/jobs/grasp_protocol_v3__gnn__swan__swan_sf__seed1104/result.json,99c081b1281de5435c6b0f079c4b61583827fa2b0fb369977598c6160f9c5e31,data_audit.train_only_scaler.median[35],0.0
grasp_protocol_v3__gnn__swan__swan_sf__seed1104,gnn,swan,swan_sf,1104,completed,experiments/runs/fm_grasp_protocol_v3/jobs/grasp_protocol_v3__gnn__swan__swan_sf__seed1104/result.json,99c081b1281de5435c6b0f079c4b61583827fa2b0fb369977598c6160f9c5e31,data_audit.train_only_scaler.median[36],1.23e-06
grasp_protocol_v3__gnn__swan__swan_sf__seed1104,gnn,swan,swan_sf,1104,completed,experiments/runs/fm_grasp_protocol_v3/jobs/grasp_protocol_v3__gnn__swan__swan_sf__seed1104/result.json,99c081b1281de5435c6b0f079c4b61583827fa2b0fb369977598c6160f9c5e31,data_audit.train_only_scaler.median[37],12.0
grasp_protocol_v3__gnn__swan__swan_sf__seed1104,gnn,swan,swan_sf,1104,completed,experiments/runs/fm_grasp_protocol_v3/jobs/grasp_protocol_v3__gnn__swan__swan_sf__seed1104/result.json,99c081b1281de5435c6b0f079c4b61583827fa2b0fb369977598c6160f9c5e31,data_audit.train_only_scaler.mean[0],305.1626169607622
grasp_protocol_v3__gnn__swan__swan_sf__seed1104,gnn,swan,swan_sf,1104,completed,experiments/runs/fm_grasp_protocol_v3/jobs/grasp_protocol_v3__gnn__swan__swan_sf__seed1104/result.json,99c081b1281de5435c6b0f079c4b61583827fa2b0fb369977598c6160f9c5e31,data_audit.train_only_scaler.mean[1],3891992090.7515807
grasp_protocol_v3__gnn__swan__swan_sf__seed1104,gnn,swan,swan_sf,1104,completed,experiments/runs/fm_grasp_protocol_v3/jobs/grasp_protocol_v3__gnn__swan__swan_sf__seed1104/result.json,99c081b1281de5435c6b0f079c4b61583827fa2b0fb369977598c6160f9c5e31,data_audit.train_only_scaler.mean[2],1.0852574129680566e+23
grasp_protocol_v3__gnn__swan__swan_sf__seed1104,gnn,swan,swan_sf,1104,completed,experiments/runs/fm_grasp_protocol_v3/jobs/grasp_protocol_v3__gnn__swan__swan_sf__seed1104/result.json,99c081b1281de5435c6b0f079c4b61583827fa2b0fb369977598c6160f9c5e31,data_audit.train_only_scaler.mean[3],6278208406547.6875
grasp_protocol_v3__gnn__swan__swan_sf__seed1104,gnn,swan,swan_sf,1104,completed,experiments/runs/fm_grasp_protocol_v3/jobs/grasp_protocol_v3__gnn__swan__swan_sf__seed1104/result.json,99c081b1281de5435c6b0f079c4b61583827fa2b0fb369977598c6160f9c5e31,data_audit.train_only_scaler.mean[4],41.4241013709116
grasp_protocol_v3__gnn__swan__swan_sf__seed1104,gnn,swan,swan_sf,1104,completed,experiments/runs/fm_grasp_protocol_v3/jobs/grasp_protocol_v3__gnn__swan__swan_sf__seed1104/result.json,99c081b1281de5435c6b0f079c4b61583827fa2b0fb369977598c6160f9c5e31,data_audit.train_only_scaler.mean[5],2144531812602.708
grasp_protocol_v3__gnn__swan__swan_sf__seed1104,gnn,swan,swan_sf,1104,completed,experiments/runs/fm_grasp_protocol_v3/jobs/grasp_protocol_v3__gnn__swan__swan_sf__seed1104/result.json,99c081b1281de5435c6b0f079c4b61583827fa2b0fb369977598c6160f9c5e31,data_audit.train_only_scaler.mean[6],4.5793002135186697e+21
grasp_protocol_v3__gnn__swan__swan_sf__seed1104,gnn,swan,swan_sf,1104,completed,experiments/runs/fm_grasp_protocol_v3/jobs/grasp_protocol_v3__gnn__swan__swan_sf__seed1104/result.json,99c081b1281de5435c6b0f079c4b61583827fa2b0fb369977598c6160f9c5e31,data_audit.train_only_scaler.mean[7],-1.8388628813093173e+24
grasp_protocol_v3__gnn__swan__swan_sf__seed1104,gnn,swan,swan_sf,1104,completed,experiments/runs/fm_grasp_protocol_v3/jobs/grasp_protocol_v3__gnn__swan__swan_sf__seed1104/result.json,99c081b1281de5435c6b0f079c4b61583827fa2b0fb369977598c6160f9c5e31,data_audit.train_only_scaler.mean[8],436248.2433815505
grasp_protocol_v3__gnn__swan__swan_sf__seed1104,gnn,swan,swan_sf,1104,completed,experiments/runs/fm_grasp_protocol_v3/jobs/grasp_protocol_v3__gnn__swan__swan_sf__seed1104/result.json,99c081b1281de5435c6b0f079c4b61583827fa2b0fb369977598c6160f9c5e31,data_audit.train_only_scaler.mean[9],-0.5304256504971101
grasp_protocol_v3__gnn__swan__swan_sf__seed1104,gnn,swan,swan_sf,1104,completed,experiments/runs/fm_grasp_protocol_v3/jobs/grasp_protocol_v3__gnn__swan__swan_sf__seed1104/result.json,99c081b1281de5435c6b0f079c4b61583827fa2b0fb369977598c6160f9c5e31,data_audit.train_only_scaler.mean[10],26.18927621491827
grasp_protocol_v3__gnn__swan__swan_sf__seed1104,gnn,swan,swan_sf,1104,completed,experiments/runs/fm_grasp_protocol_v3/jobs/grasp_protocol_v3__gnn__swan__swan_sf__seed1104/result.json,99c081b1281de5435c6b0f079c4b61583827fa2b0fb369977598c6160f9c5e31,data_audit.train_only_scaler.mean[11],11.104307795097283
grasp_protocol_v3__gnn__swan__swan_sf__seed1104,gnn,swan,swan_sf,1104,completed,experiments/runs/fm_grasp_protocol_v3/jobs/grasp_protocol_v3__gnn__swan__swan_sf__seed1104/result.json,99c081b1281de5435c6b0f079c4b61583827fa2b0fb369977598c6160f9c5e31,data_audit.train_only_scaler.mean[12],34.1471406854236
grasp_protocol_v3__gnn__swan__swan_sf__seed1104,gnn,swan,swan_sf,1104,completed,experiments/runs/fm_grasp_protocol_v3/jobs/grasp_protocol_v3__gnn__swan__swan_sf__seed1104/result.json,99c081b1281de5435c6b0f079c4b61583827fa2b0fb369977598c6160f9c5e31,data_audit.train_only_scaler.mean[13],121.46471916884391
grasp_protocol_v3__gnn__swan__swan_sf__seed1104,gnn,swan,swan_sf,1104,completed,experiments/runs/fm_grasp_protocol_v3/jobs/grasp_protocol_v3__gnn__swan__swan_sf__seed1104/result.json,99c081b1281de5435c6b0f079c4b61583827fa2b0fb369977598c6160f9c5e31,data_audit.train_only_scaler.mean[14],122.77046639364936
grasp_protocol_v3__gnn__swan__swan_sf__seed1104,gnn,swan,swan_sf,1104,completed,experiments/runs/fm_grasp_protocol_v3/jobs/grasp_protocol_v3__gnn__swan__swan_sf__seed1104/result.json,99c081b1281de5435c6b0f079c4b61583827fa2b0fb369977598c6160f9c5e31,data_audit.train_only_scaler.mean[15],54.72076190157697
grasp_protocol_v3__gnn__swan__swan_sf__seed1104,gnn,swan,swan_sf,1104,completed,experiments/runs/fm_grasp_protocol_v3/jobs/grasp_protocol_v3__gnn__swan__swan_sf__seed1104/result.json,99c081b1281de5435c6b0f079c4b61583827fa2b0fb369977598c6160f9c5e31,data_audit.train_only_scaler.mean[16],0.0004028268090018369
grasp_protocol_v3__gnn__swan__swan_sf__seed1104,gnn,swan,swan_sf,1104,completed,experiments/runs/fm_grasp_protocol_v3/jobs/grasp_protocol_v3__gnn__swan__swan_sf__seed1104/result.json,99c081b1281de5435c6b0f079c4b61583827fa2b0fb369977598c6160f9c5e31,data_audit.train_only_scaler.mean[17],-1.085305984839892e+23
grasp_protocol_v3__gnn__swan__swan_sf__seed1104,gnn,swan,swan_sf,1104,completed,experiments/runs/fm_grasp_protocol_v3/jobs/grasp_protocol_v3__gnn__swan__swan_sf__seed1104/result.json,99c081b1281de5435c6b0f079c4b61583827fa2b0fb369977598c6160f9c5e31,data_audit.train_only_scaler.mean[18],0.3314377587114313
grasp_protocol_v3__gnn__swan__swan_sf__seed1104,gnn,swan,swan_sf,1104,completed,experiments/runs/fm_grasp_protocol_v3/jobs/grasp_protocol_v3__gnn__swan__swan_sf__seed1104/result.json,99c081b1281de5435c6b0f079c4b61583827fa2b0fb369977598c6160f9c5e31,data_audit.train_only_scaler.mean[19],0.0017608309675426538
grasp_protocol_v3__gnn__swan__swan_sf__seed1104,gnn,swan,swan_sf,1104,completed,experiments/runs/fm_grasp_protocol_v3/jobs/grasp_protocol_v3__gnn__swan__swan_sf__seed1104/result.json,99c081b1281de5435c6b0f079c4b61583827fa2b0fb369977598c6160f9c5e31,data_audit.train_only_scaler.mean[20],-6.4804778061874636e+22
grasp_protocol_v3__gnn__swan__swan_sf__seed1104,gnn,swan,swan_sf,1104,completed,experiments/runs/fm_grasp_protocol_v3/jobs/grasp_protocol_v3__gnn__swan__swan_sf__seed1104/result.json,99c081b1281de5435c6b0f079c4b61583827fa2b0fb369977598c6160f9c5e31,data_audit.train_only_scaler.mean[21],0.012395267187078311
grasp_protocol_v3__gnn__swan__swan_sf__seed1104,gnn,swan,swan_sf,1104,completed,experiments/runs/fm_grasp_protocol_v3/jobs/grasp_protocol_v3__gnn__swan__swan_sf__seed1104/result.json,99c081b1281de5435c6b0f079c4b61583827fa2b0fb369977598c6160f9c5e31,data_audit.train_only_scaler.mean[22],0.018506858863011996
grasp_protocol_v3__gnn__swan__swan_sf__seed1104,gnn,swan,swan_sf,1104,completed,experiments/runs/fm_grasp_protocol_v3/jobs/grasp_protocol_v3__gnn__swan__swan_sf__seed1104/result.json,99c081b1281de5435c6b0f079c4b61583827fa2b0fb369977598c6160f9c5e31,data_audit.train_only_scaler.mean[23],1.418514473790745
grasp_protocol_v3__gnn__swan__swan_sf__seed1104,gnn,swan,swan_sf,1104,completed,experiments/runs/fm_grasp_protocol_v3/jobs/grasp_protocol_v3__gnn__swan__swan_sf__seed1104/result.json,99c081b1281de5435c6b0f079c4b61583827fa2b0fb369977598c6160f9c5e31,data_audit.train_only_scaler.mean[24],201.065698432738
grasp_protocol_v3__gnn__swan__swan_sf__seed1104,gnn,swan,swan_sf,1104,completed,experiments/runs/fm_grasp_protocol_v3/jobs/grasp_protocol_v3__gnn__swan__swan_sf__seed1104/result.json,99c081b1281de5435c6b0f079c4b61583827fa2b0fb369977598c6160f9c5e31,data_audit.train_only_scaler.mean[25],198.70728841208506
grasp_protocol_v3__gnn__swan__swan_sf__seed1104,gnn,swan,swan_sf,1104,completed,experiments/runs/fm_grasp_protocol_v3/jobs/grasp_protocol_v3__gnn__swan__swan_sf__seed1104/result.json,99c081b1281de5435c6b0f079c4b61583827fa2b0fb369977598c6160f9c5e31,data_audit.train_only_scaler.mean[26],-0.722098970705977
grasp_protocol_v3__gnn__swan__swan_sf__seed1104,gnn,swan,swan_sf,1104,completed,experiments/runs/fm_grasp_protocol_v3/jobs/grasp_protocol_v3__gnn__swan__swan_sf__seed1104/result.json,99c081b1281de5435c6b0f079c4b61583827fa2b0fb369977598c6160f9c5e31,data_audit.train_only_scaler.mean[27],-3.9825264890385723
grasp_protocol_v3__gnn__swan__swan_sf__seed1104,gnn,swan,swan_sf,1104,completed,experiments/runs/fm_grasp_protocol_v3/jobs/grasp_protocol_v3__gnn__swan__swan_sf__seed1104/result.json,99c081b1281de5435c6b0f079c4b61583827fa2b0fb369977598c6160f9c5e31,data_audit.train_only_scaler.mean[28],4.580065097159533
grasp_protocol_v3__gnn__swan__swan_sf__seed1104,gnn,swan,swan_sf,1104,completed,experiments/runs/fm_grasp_protocol_v3/jobs/grasp_protocol_v3__gnn__swan__swan_sf__seed1104/result.json,99c081b1281de5435c6b0f079c4b61583827fa2b0fb369977598c6160f9c5e31,data_audit.train_only_scaler.mean[29],7.682772539747129
grasp_protocol_v3__gnn__swan__swan_sf__seed1104,gnn,swan,swan_sf,1104,completed,experiments/runs/fm_grasp_protocol_v3/jobs/grasp_protocol_v3__gnn__swan__swan_sf__seed1104/result.json,99c081b1281de5435c6b0f079c4b61583827fa2b0fb369977598c6160f9c5e31,data_audit.train_only_scaler.mean[30],2556.974264472263
grasp_protocol_v3__gnn__swan__swan_sf__seed1104,gnn,swan,swan_sf,1104,completed,experiments/runs/fm_grasp_protocol_v3/jobs/grasp_protocol_v3__gnn__swan__swan_sf__seed1104/result.json,99c081b1281de5435c6b0f079c4b61583827fa2b0fb369977598c6160f9c5e31,data_audit.train_only_scaler.mean[31],0.9601575903920696
grasp_protocol_v3__gnn__swan__swan_sf__seed1104,gnn,swan,swan_sf,1104,completed,experiments/runs/fm_grasp_protocol_v3/jobs/grasp_protocol_v3__gnn__swan__swan_sf__seed1104/result.json,99c081b1281de5435c6b0f079c4b61583827fa2b0fb369977598c6160f9c5e31,data_audit.train_only_scaler.mean[32],0.0
grasp_protocol_v3__gnn__swan__swan_sf__seed1104,gnn,swan,swan_sf,1104,completed,experiments/runs/fm_grasp_protocol_v3/jobs/grasp_protocol_v3__gnn__swan__swan_sf__seed1104/result.json,99c081b1281de5435c6b0f079c4b61583827fa2b0fb369977598c6160f9c5e31,data_audit.train_only_scaler.mean[33],0.001143801232763551
grasp_protocol_v3__gnn__swan__swan_sf__seed1104,gnn,swan,swan_sf,1104,completed,experiments/runs/fm_grasp_protocol_v3/jobs/grasp_protocol_v3__gnn__swan__swan_sf__seed1104/result.json,99c081b1281de5435c6b0f079c4b61583827fa2b0fb369977598c6160f9c5e31,data_audit.train_only_scaler.mean[34],0.0005719006163817755
grasp_protocol_v3__gnn__swan__swan_sf__seed1104,gnn,swan,swan_sf,1104,completed,experiments/runs/fm_grasp_protocol_v3/jobs/grasp_protocol_v3__gnn__swan__swan_sf__seed1104/result.json,99c081b1281de5435c6b0f079c4b61583827fa2b0fb369977598c6160f9c5e31,data_audit.train_only_scaler.mean[35],0.0
grasp_protocol_v3__gnn__swan__swan_sf__seed1104,gnn,swan,swan_sf,1104,completed,experiments/runs/fm_grasp_protocol_v3/jobs/grasp_protocol_v3__gnn__swan__swan_sf__seed1104/result.json,99c081b1281de5435c6b0f079c4b61583827fa2b0fb369977598c6160f9c5e31,data_audit.train_only_scaler.mean[36],-235.11234360995348
grasp_protocol_v3__gnn__swan__swan_sf__seed1104,gnn,swan,swan_sf,1104,completed,experiments/runs/fm_grasp_protocol_v3/jobs/grasp_protocol_v3__gnn__swan__swan_sf__seed1104/result.json,99c081b1281de5435c6b0f079c4b61583827fa2b0fb369977598c6160f9c5e31,data_audit.train_only_scaler.mean[37],11.944843362775625
grasp_protocol_v3__gnn__swan__swan_sf__seed1104,gnn,swan,swan_sf,1104,completed,experiments/runs/fm_grasp_protocol_v3/jobs/grasp_protocol_v3__gnn__swan__swan_sf__seed1104/result.json,99c081b1281de5435c6b0f079c4b61583827fa2b0fb369977598c6160f9c5e31,data_audit.train_only_scaler.scale[0],521.570342257543
grasp_protocol_v3__gnn__swan__swan_sf__seed1104,gnn,swan,swan_sf,1104,completed,experiments/runs/fm_grasp_protocol_v3/jobs/grasp_protocol_v3__gnn__swan__swan_sf__seed1104/result.json,99c081b1281de5435c6b0f079c4b61583827fa2b0fb369977598c6160f9c5e31,data_audit.train_only_scaler.scale[1],8127773323.662388
grasp_protocol_v3__gnn__swan__swan_sf__seed1104,gnn,swan,swan_sf,1104,completed,experiments/runs/fm_grasp_protocol_v3/jobs/grasp_protocol_v3__gnn__swan__swan_sf__seed1104/result.json,99c081b1281de5435c6b0f079c4b61583827fa2b0fb369977598c6160f9c5e31,data_audit.train_only_scaler.scale[2],1.6057244166730386e+24
grasp_protocol_v3__gnn__swan__swan_sf__seed1104,gnn,swan,swan_sf,1104,completed,experiments/runs/fm_grasp_protocol_v3/jobs/grasp_protocol_v3__gnn__swan__swan_sf__seed1104/result.json,99c081b1281de5435c6b0f079c4b61583827fa2b0fb369977598c6160f9c5e31,data_audit.train_only_scaler.scale[3],10484165665143.857
grasp_protocol_v3__gnn__swan__swan_sf__seed1104,gnn,swan,swan_sf,1104,completed,experiments/runs/fm_grasp_protocol_v3/jobs/grasp_protocol_v3__gnn__swan__swan_sf__seed1104/result.json,99c081b1281de5435c6b0f079c4b61583827fa2b0fb369977598c6160f9c5e31,data_audit.train_only_scaler.scale[4],112.13325347975933
grasp_protocol_v3__gnn__swan__swan_sf__seed1104,gnn,swan,swan_sf,1104,completed,experiments/runs/fm_grasp_protocol_v3/jobs/grasp_protocol_v3__gnn__swan__swan_sf__seed1104/result.json,99c081b1281de5435c6b0f079c4b61583827fa2b0fb369977598c6160f9c5e31,data_audit.train_only_scaler.scale[5],4786566349698.902
grasp_protocol_v3__gnn__swan__swan_sf__seed1104,gnn,swan,swan_sf,1104,completed,experiments/runs/fm_grasp_protocol_v3/jobs/grasp_protocol_v3__gnn__swan__swan_sf__seed1104/result.json,99c081b1281de5435c6b0f079c4b61583827fa2b0fb369977598c6160f9c5e31,data_audit.train_only_scaler.scale[6],8.160999960406271e+21
grasp_protocol_v3__gnn__swan__swan_sf__seed1104,gnn,swan,swan_sf,1104,completed,experiments/runs/fm_grasp_protocol_v3/jobs/grasp_protocol_v3__gnn__swan__swan_sf__seed1104/result.json,99c081b1281de5435c6b0f079c4b61583827fa2b0fb369977598c6160f9c5e31,data_audit.train_only_scaler.scale[7],3.2446255976209476e+24
grasp_protocol_v3__gnn__swan__swan_sf__seed1104,gnn,swan,swan_sf,1104,completed,experiments/runs/fm_grasp_protocol_v3/jobs/grasp_protocol_v3__gnn__swan__swan_sf__seed1104/result.json,99c081b1281de5435c6b0f079c4b61583827fa2b0fb369977598c6160f9c5e31,data_audit.train_only_scaler.scale[8],12700705.083050588
grasp_protocol_v3__gnn__swan__swan_sf__seed1104,gnn,swan,swan_sf,1104,completed,experiments/runs/fm_grasp_protocol_v3/jobs/grasp_protocol_v3__gnn__swan__swan_sf__seed1104/result.json,99c081b1281de5435c6b0f079c4b61583827fa2b0fb369977598c6160f9c5e31,data_audit.train_only_scaler.scale[9],0.15764267201891288
grasp_protocol_v3__gnn__swan__swan_sf__seed1104,gnn,swan,swan_sf,1104,completed,experiments/runs/fm_grasp_protocol_v3/jobs/grasp_protocol_v3__gnn__swan__swan_sf__seed1104/result.json,99c081b1281de5435c6b0f079c4b61583827fa2b0fb369977598c6160f9c5e31,data_audit.train_only_scaler.scale[10],7.998840992094515
grasp_protocol_v3__gnn__swan__swan_sf__seed1104,gnn,swan,swan_sf,1104,completed,experiments/runs/fm_grasp_protocol_v3/jobs/grasp_protocol_v3__gnn__swan__swan_sf__seed1104/result.json,99c081b1281de5435c6b0f079c4b61583827fa2b0fb369977598c6160f9c5e31,data_audit.train_only_scaler.scale[11],14.517086710445161
grasp_protocol_v3__gnn__swan__swan_sf__seed1104,gnn,swan,swan_sf,1104,completed,experiments/runs/fm_grasp_protocol_v3/jobs/grasp_protocol_v3__gnn__swan__swan_sf__seed1104/result.json,99c081b1281de5435c6b0f079c4b61583827fa2b0fb369977598c6160f9c5e31,data_audit.train_only_scaler.scale[12],9.164958630701037
grasp_protocol_v3__gnn__swan__swan_sf__seed1104,gnn,swan,swan_sf,1104,completed,experiments/runs/fm_grasp_protocol_v3/jobs/grasp_protocol_v3__gnn__swan__swan_sf__seed1104/result.json,99c081b1281de5435c6b0f079c4b61583827fa2b0fb369977598c6160f9c5e31,data_audit.train_only_scaler.scale[13],22.663966001612895
grasp_protocol_v3__gnn__swan__swan_sf__seed1104,gnn,swan,swan_sf,1104,completed,experiments/runs/fm_grasp_protocol_v3/jobs/grasp_protocol_v3__gnn__swan__swan_sf__seed1104/result.json,99c081b1281de5435c6b0f079c4b61583827fa2b0fb369977598c6160f9c5e31,data_audit.train_only_scaler.scale[14],22.83698851922826
grasp_protocol_v3__gnn__swan__swan_sf__seed1104,gnn,swan,swan_sf,1104,completed,experiments/runs/fm_grasp_protocol_v3/jobs/grasp_protocol_v3__gnn__swan__swan_sf__seed1104/result.json,99c081b1281de5435c6b0f079c4b61583827fa2b0fb369977598c6160f9c5e31,data_audit.train_only_scaler.scale[15],14.49123627720488
grasp_protocol_v3__gnn__swan__swan_sf__seed1104,gnn,swan,swan_sf,1104,completed,experiments/runs/fm_grasp_protocol_v3/jobs/grasp_protocol_v3__gnn__swan__swan_sf__seed1104/result.json,99c081b1281de5435c6b0f079c4b61583827fa2b0fb369977598c6160f9c5e31,data_audit.train_only_scaler.scale[16],0.007446704694027152
grasp_protocol_v3__gnn__swan__swan_sf__seed1104,gnn,swan,swan_sf,1104,completed,experiments/runs/fm_grasp_protocol_v3/jobs/grasp_protocol_v3__gnn__swan__swan_sf__seed1104/result.json,99c081b1281de5435c6b0f079c4b61583827fa2b0fb369977598c6160f9c5e31,data_audit.train_only_scaler.scale[17],5.067548212998718e+23
grasp_protocol_v3__gnn__swan__swan_sf__seed1104,gnn,swan,swan_sf,1104,completed,experiments/runs/fm_grasp_protocol_v3/jobs/grasp_protocol_v3__gnn__swan__swan_sf__seed1104/result.json,99c081b1281de5435c6b0f079c4b61583827fa2b0fb369977598c6160f9c5e31,data_audit.train_only_scaler.scale[18],0.7491082918156635
grasp_protocol_v3__gnn__swan__swan_sf__seed1104,gnn,swan,swan_sf,1104,completed,experiments/runs/fm_grasp_protocol_v3/jobs/grasp_protocol_v3__gnn__swan__swan_sf__seed1104/result.json,99c081b1281de5435c6b0f079c4b61583827fa2b0fb369977598c6160f9c5e31,data_audit.train_only_scaler.scale[19],0.02580423934918983
grasp_protocol_v3__gnn__swan__swan_sf__seed1104,gnn,swan,swan_sf,1104,completed,experiments/runs/fm_grasp_protocol_v3/jobs/grasp_protocol_v3__gnn__swan__swan_sf__seed1104/result.json,99c081b1281de5435c6b0f079c4b61583827fa2b0fb369977598c6160f9c5e31,data_audit.train_only_scaler.scale[20],1.1825085057623071e+24
grasp_protocol_v3__gnn__swan__swan_sf__seed1104,gnn,swan,swan_sf,1104,completed,experiments/runs/fm_grasp_protocol_v3/jobs/grasp_protocol_v3__gnn__swan__swan_sf__seed1104/result.json,99c081b1281de5435c6b0f079c4b61583827fa2b0fb369977598c6160f9c5e31,data_audit.train_only_scaler.scale[21],0.13926497457575512
grasp_protocol_v3__gnn__swan__swan_sf__seed1104,gnn,swan,swan_sf,1104,completed,experiments/runs/fm_grasp_protocol_v3/jobs/grasp_protocol_v3__gnn__swan__swan_sf__seed1104/result.json,99c081b1281de5435c6b0f079c4b61583827fa2b0fb369977598c6160f9c5e31,data_audit.train_only_scaler.scale[22],0.18539980134319797
grasp_protocol_v3__gnn__swan__swan_sf__seed1104,gnn,swan,swan_sf,1104,completed,experiments/runs/fm_grasp_protocol_v3/jobs/grasp_protocol_v3__gnn__swan__swan_sf__seed1104/result.json,99c081b1281de5435c6b0f079c4b61583827fa2b0fb369977598c6160f9c5e31,data_audit.train_only_scaler.scale[23],1.712261267510182
grasp_protocol_v3__gnn__swan__swan_sf__seed1104,gnn,swan,swan_sf,1104,completed,experiments/runs/fm_grasp_protocol_v3/jobs/grasp_protocol_v3__gnn__swan__swan_sf__seed1104/result.json,99c081b1281de5435c6b0f079c4b61583827fa2b0fb369977598c6160f9c5e31,data_audit.train_only_scaler.scale[24],122.48048173928221
grasp_protocol_v3__gnn__swan__swan_sf__seed1104,gnn,swan,swan_sf,1104,completed,experiments/runs/fm_grasp_protocol_v3/jobs/grasp_protocol_v3__gnn__swan__swan_sf__seed1104/result.json,99c081b1281de5435c6b0f079c4b61583827fa2b0fb369977598c6160f9c5e31,data_audit.train_only_scaler.scale[25],118.53868905344714
grasp_protocol_v3__gnn__swan__swan_sf__seed1104,gnn,swan,swan_sf,1104,completed,experiments/runs/fm_grasp_protocol_v3/jobs/grasp_protocol_v3__gnn__swan__swan_sf__seed1104/result.json,99c081b1281de5435c6b0f079c4b61583827fa2b0fb369977598c6160f9c5e31,data_audit.train_only_scaler.scale[26],15.8413429430375
grasp_protocol_v3__gnn__swan__swan_sf__seed1104,gnn,swan,swan_sf,1104,completed,experiments/runs/fm_grasp_protocol_v3/jobs/grasp_protocol_v3__gnn__swan__swan_sf__seed1104/result.json,99c081b1281de5435c6b0f079c4b61583827fa2b0fb369977598c6160f9c5e31,data_audit.train_only_scaler.scale[27],33.25478901460059
grasp_protocol_v3__gnn__swan__swan_sf__seed1104,gnn,swan,swan_sf,1104,completed,experiments/runs/fm_grasp_protocol_v3/jobs/grasp_protocol_v3__gnn__swan__swan_sf__seed1104/result.json,99c081b1281de5435c6b0f079c4b61583827fa2b0fb369977598c6160f9c5e31,data_audit.train_only_scaler.scale[28],16.466208780244486
grasp_protocol_v3__gnn__swan__swan_sf__seed1104,gnn,swan,swan_sf,1104,completed,experiments/runs/fm_grasp_protocol_v3/jobs/grasp_protocol_v3__gnn__swan__swan_sf__seed1104/result.json,99c081b1281de5435c6b0f079c4b61583827fa2b0fb369977598c6160f9c5e31,data_audit.train_only_scaler.scale[29],33.90595903667634
grasp_protocol_v3__gnn__swan__swan_sf__seed1104,gnn,swan,swan_sf,1104,completed,experiments/runs/fm_grasp_protocol_v3/jobs/grasp_protocol_v3__gnn__swan__swan_sf__seed1104/result.json,99c081b1281de5435c6b0f079c4b61583827fa2b0fb369977598c6160f9c5e31,data_audit.train_only_scaler.scale[30],12719.09410671598
grasp_protocol_v3__gnn__swan__swan_sf__seed1104,gnn,swan,swan_sf,1104,completed,experiments/runs/fm_grasp_protocol_v3/jobs/grasp_protocol_v3__gnn__swan__swan_sf__seed1104/result.json,99c081b1281de5435c6b0f079c4b61583827fa2b0fb369977598c6160f9c5e31,data_audit.train_only_scaler.scale[31],0.19558883404879554
grasp_protocol_v3__gnn__swan__swan_sf__seed1104,gnn,swan,swan_sf,1104,completed,experiments/runs/fm_grasp_protocol_v3/jobs/grasp_protocol_v3__gnn__swan__swan_sf__seed1104/result.json,99c081b1281de5435c6b0f079c4b61583827fa2b0fb369977598c6160f9c5e31,data_audit.train_only_scaler.scale[32],1.0
grasp_protocol_v3__gnn__swan__swan_sf__seed1104,gnn,swan,swan_sf,1104,completed,experiments/runs/fm_grasp_protocol_v3/jobs/grasp_protocol_v3__gnn__swan__swan_sf__seed1104/result.json,99c081b1281de5435c6b0f079c4b61583827fa2b0fb369977598c6160f9c5e31,data_audit.train_only_scaler.scale[33],0.03380078329718015
grasp_protocol_v3__gnn__swan__swan_sf__seed1104,gnn,swan,swan_sf,1104,completed,experiments/runs/fm_grasp_protocol_v3/jobs/grasp_protocol_v3__gnn__swan__swan_sf__seed1104/result.json,99c081b1281de5435c6b0f079c4b61583827fa2b0fb369977598c6160f9c5e31,data_audit.train_only_scaler.scale[34],0.02390760435650135
grasp_protocol_v3__gnn__swan__swan_sf__seed1104,gnn,swan,swan_sf,1104,completed,experiments/runs/fm_grasp_protocol_v3/jobs/grasp_protocol_v3__gnn__swan__swan_sf__seed1104/result.json,99c081b1281de5435c6b0f079c4b61583827fa2b0fb369977598c6160f9c5e31,data_audit.train_only_scaler.scale[35],1.0
grasp_protocol_v3__gnn__swan__swan_sf__seed1104,gnn,swan,swan_sf,1104,completed,experiments/runs/fm_grasp_protocol_v3/jobs/grasp_protocol_v3__gnn__swan__swan_sf__seed1104/result.json,99c081b1281de5435c6b0f079c4b61583827fa2b0fb369977598c6160f9c5e31,data_audit.train_only_scaler.scale[36],4843.110750687241
grasp_protocol_v3__gnn__swan__swan_sf__seed1104,gnn,swan,swan_sf,1104,completed,experiments/runs/fm_grasp_protocol_v3/jobs/grasp_protocol_v3__gnn__swan__swan_sf__seed1104/result.json,99c081b1281de5435c6b0f079c4b61583827fa2b0fb369977598c6160f9c5e31,data_audit.train_only_scaler.scale[37],0.7110330701676929
grasp_protocol_v3__gnn__swan__swan_sf__seed1104,gnn,swan,swan_sf,1104,completed,experiments/runs/fm_grasp_protocol_v3/jobs/grasp_protocol_v3__gnn__swan__swan_sf__seed1104/result.json,99c081b1281de5435c6b0f079c4b61583827fa2b0fb369977598c6160f9c5e31,data_audit.train_only_scaler.constant_channels[0],32
grasp_protocol_v3__gnn__swan__swan_sf__seed1104,gnn,swan,swan_sf,1104,completed,experiments/runs/fm_grasp_protocol_v3/jobs/grasp_protocol_v3__gnn__swan__swan_sf__seed1104/result.json,99c081b1281de5435c6b0f079c4b61583827fa2b0fb369977598c6160f9c5e31,data_audit.train_only_scaler.constant_channels[1],35
grasp_protocol_v3__gnn__swan__swan_sf__seed1104,gnn,swan,swan_sf,1104,completed,experiments/runs/fm_grasp_protocol_v3/jobs/grasp_protocol_v3__gnn__swan__swan_sf__seed1104/result.json,99c081b1281de5435c6b0f079c4b61583827fa2b0fb369977598c6160f9c5e31,data_audit.train_only_scaler.repairs[0],0
grasp_protocol_v3__gnn__swan__swan_sf__seed1104,gnn,swan,swan_sf,1104,completed,experiments/runs/fm_grasp_protocol_v3/jobs/grasp_protocol_v3__gnn__swan__swan_sf__seed1104/result.json,99c081b1281de5435c6b0f079c4b61583827fa2b0fb369977598c6160f9c5e31,data_audit.train_only_scaler.repairs[1],0
grasp_protocol_v3__main__swan__swan_sf__seed1104,main,swan,swan_sf,1104,completed,experiments/runs/fm_grasp_protocol_v3/jobs/grasp_protocol_v3__main__swan__swan_sf__seed1104/result.json,0815a23b3626124f60d8a27687dea59afef0737486739fcdd0ee6c477b250df5,job.seed,1104
grasp_protocol_v3__main__swan__swan_sf__seed1104,main,swan,swan_sf,1104,completed,experiments/runs/fm_grasp_protocol_v3/jobs/grasp_protocol_v3__main__swan__swan_sf__seed1104/result.json,0815a23b3626124f60d8a27687dea59afef0737486739fcdd0ee6c477b250df5,job.expected_optimizer_updates,93000
grasp_protocol_v3__main__swan__swan_sf__seed1104,main,swan,swan_sf,1104,completed,experiments/runs/fm_grasp_protocol_v3/jobs/grasp_protocol_v3__main__swan__swan_sf__seed1104/result.json,0815a23b3626124f60d8a27687dea59afef0737486739fcdd0ee6c477b250df5,job.test_points,72000
grasp_protocol_v3__main__swan__swan_sf__seed1104,main,swan,swan_sf,1104,completed,experiments/runs/fm_grasp_protocol_v3/jobs/grasp_protocol_v3__main__swan__swan_sf__seed1104/result.json,0815a23b3626124f60d8a27687dea59afef0737486739fcdd0ee6c477b250df5,job.validation_points,3935
grasp_protocol_v3__main__swan__swan_sf__seed1104,main,swan,swan_sf,1104,completed,experiments/runs/fm_grasp_protocol_v3/jobs/grasp_protocol_v3__main__swan__swan_sf__seed1104/result.json,0815a23b3626124f60d8a27687dea59afef0737486739fcdd0ee6c477b250df5,job.score_recipes[0].source_samples,5
grasp_protocol_v3__main__swan__swan_sf__seed1104,main,swan,swan_sf,1104,completed,experiments/runs/fm_grasp_protocol_v3/jobs/grasp_protocol_v3__main__swan__swan_sf__seed1104/result.json,0815a23b3626124f60d8a27687dea59afef0737486739fcdd0ee6c477b250df5,job.score_recipes[0].flow_evaluations,10
grasp_protocol_v3__main__swan__swan_sf__seed1104,main,swan,swan_sf,1104,completed,experiments/runs/fm_grasp_protocol_v3/jobs/grasp_protocol_v3__main__swan__swan_sf__seed1104/result.json,0815a23b3626124f60d8a27687dea59afef0737486739fcdd0ee6c477b250df5,job.score_recipes[1].source_samples,5
grasp_protocol_v3__main__swan__swan_sf__seed1104,main,swan,swan_sf,1104,completed,experiments/runs/fm_grasp_protocol_v3/jobs/grasp_protocol_v3__main__swan__swan_sf__seed1104/result.json,0815a23b3626124f60d8a27687dea59afef0737486739fcdd0ee6c477b250df5,job.score_recipes[1].flow_evaluations,1
grasp_protocol_v3__main__swan__swan_sf__seed1104,main,swan,swan_sf,1104,completed,experiments/runs/fm_grasp_protocol_v3/jobs/grasp_protocol_v3__main__swan__swan_sf__seed1104/result.json,0815a23b3626124f60d8a27687dea59afef0737486739fcdd0ee6c477b250df5,job.score_recipes[2].source_samples,5
grasp_protocol_v3__main__swan__swan_sf__seed1104,main,swan,swan_sf,1104,completed,experiments/runs/fm_grasp_protocol_v3/jobs/grasp_protocol_v3__main__swan__swan_sf__seed1104/result.json,0815a23b3626124f60d8a27687dea59afef0737486739fcdd0ee6c477b250df5,job.score_recipes[2].flow_evaluations,2
grasp_protocol_v3__main__swan__swan_sf__seed1104,main,swan,swan_sf,1104,completed,experiments/runs/fm_grasp_protocol_v3/jobs/grasp_protocol_v3__main__swan__swan_sf__seed1104/result.json,0815a23b3626124f60d8a27687dea59afef0737486739fcdd0ee6c477b250df5,job.score_recipes[3].source_samples,5
grasp_protocol_v3__main__swan__swan_sf__seed1104,main,swan,swan_sf,1104,completed,experiments/runs/fm_grasp_protocol_v3/jobs/grasp_protocol_v3__main__swan__swan_sf__seed1104/result.json,0815a23b3626124f60d8a27687dea59afef0737486739fcdd0ee6c477b250df5,job.score_recipes[3].flow_evaluations,5
grasp_protocol_v3__main__swan__swan_sf__seed1104,main,swan,swan_sf,1104,completed,experiments/runs/fm_grasp_protocol_v3/jobs/grasp_protocol_v3__main__swan__swan_sf__seed1104/result.json,0815a23b3626124f60d8a27687dea59afef0737486739fcdd0ee6c477b250df5,job.score_recipes[4].source_samples,5
grasp_protocol_v3__main__swan__swan_sf__seed1104,main,swan,swan_sf,1104,completed,experiments/runs/fm_grasp_protocol_v3/jobs/grasp_protocol_v3__main__swan__swan_sf__seed1104/result.json,0815a23b3626124f60d8a27687dea59afef0737486739fcdd0ee6c477b250df5,job.score_recipes[4].flow_evaluations,20
grasp_protocol_v3__main__swan__swan_sf__seed1104,main,swan,swan_sf,1104,completed,experiments/runs/fm_grasp_protocol_v3/jobs/grasp_protocol_v3__main__swan__swan_sf__seed1104/result.json,0815a23b3626124f60d8a27687dea59afef0737486739fcdd0ee6c477b250df5,job.score_recipes[5].source_samples,5
grasp_protocol_v3__main__swan__swan_sf__seed1104,main,swan,swan_sf,1104,completed,experiments/runs/fm_grasp_protocol_v3/jobs/grasp_protocol_v3__main__swan__swan_sf__seed1104/result.json,0815a23b3626124f60d8a27687dea59afef0737486739fcdd0ee6c477b250df5,job.score_recipes[5].flow_evaluations,50
grasp_protocol_v3__main__swan__swan_sf__seed1104,main,swan,swan_sf,1104,completed,experiments/runs/fm_grasp_protocol_v3/jobs/grasp_protocol_v3__main__swan__swan_sf__seed1104/result.json,0815a23b3626124f60d8a27687dea59afef0737486739fcdd0ee6c477b250df5,job.score_recipes[6].source_samples,1
grasp_protocol_v3__main__swan__swan_sf__seed1104,main,swan,swan_sf,1104,completed,experiments/runs/fm_grasp_protocol_v3/jobs/grasp_protocol_v3__main__swan__swan_sf__seed1104/result.json,0815a23b3626124f60d8a27687dea59afef0737486739fcdd0ee6c477b250df5,job.score_recipes[6].flow_evaluations,10
grasp_protocol_v3__main__swan__swan_sf__seed1104,main,swan,swan_sf,1104,completed,experiments/runs/fm_grasp_protocol_v3/jobs/grasp_protocol_v3__main__swan__swan_sf__seed1104/result.json,0815a23b3626124f60d8a27687dea59afef0737486739fcdd0ee6c477b250df5,job.score_recipes[7].source_samples,2
grasp_protocol_v3__main__swan__swan_sf__seed1104,main,swan,swan_sf,1104,completed,experiments/runs/fm_grasp_protocol_v3/jobs/grasp_protocol_v3__main__swan__swan_sf__seed1104/result.json,0815a23b3626124f60d8a27687dea59afef0737486739fcdd0ee6c477b250df5,job.score_recipes[7].flow_evaluations,10
grasp_protocol_v3__main__swan__swan_sf__seed1104,main,swan,swan_sf,1104,completed,experiments/runs/fm_grasp_protocol_v3/jobs/grasp_protocol_v3__main__swan__swan_sf__seed1104/result.json,0815a23b3626124f60d8a27687dea59afef0737486739fcdd0ee6c477b250df5,job.score_recipes[8].source_samples,10
grasp_protocol_v3__main__swan__swan_sf__seed1104,main,swan,swan_sf,1104,completed,experiments/runs/fm_grasp_protocol_v3/jobs/grasp_protocol_v3__main__swan__swan_sf__seed1104/result.json,0815a23b3626124f60d8a27687dea59afef0737486739fcdd0ee6c477b250df5,job.score_recipes[8].flow_evaluations,10
grasp_protocol_v3__main__swan__swan_sf__seed1104,main,swan,swan_sf,1104,completed,experiments/runs/fm_grasp_protocol_v3/jobs/grasp_protocol_v3__main__swan__swan_sf__seed1104/result.json,0815a23b3626124f60d8a27687dea59afef0737486739fcdd0ee6c477b250df5,job.score_recipes[9].source_samples,20
grasp_protocol_v3__main__swan__swan_sf__seed1104,main,swan,swan_sf,1104,completed,experiments/runs/fm_grasp_protocol_v3/jobs/grasp_protocol_v3__main__swan__swan_sf__seed1104/result.json,0815a23b3626124f60d8a27687dea59afef0737486739fcdd0ee6c477b250df5,job.score_recipes[9].flow_evaluations,10
grasp_protocol_v3__main__swan__swan_sf__seed1104,main,swan,swan_sf,1104,completed,experiments/runs/fm_grasp_protocol_v3/jobs/grasp_protocol_v3__main__swan__swan_sf__seed1104/result.json,0815a23b3626124f60d8a27687dea59afef0737486739fcdd0ee6c477b250df5,epochs_completed,1500
grasp_protocol_v3__main__swan__swan_sf__seed1104,main,swan,swan_sf,1104,completed,experiments/runs/fm_grasp_protocol_v3/jobs/grasp_protocol_v3__main__swan__swan_sf__seed1104/result.json,0815a23b3626124f60d8a27687dea59afef0737486739fcdd0ee6c477b250df5,optimizer_updates,93000
grasp_protocol_v3__main__swan__swan_sf__seed1104,main,swan,swan_sf,1104,completed,experiments/runs/fm_grasp_protocol_v3/jobs/grasp_protocol_v3__main__swan__swan_sf__seed1104/result.json,0815a23b3626124f60d8a27687dea59afef0737486739fcdd0ee6c477b250df5,scored_points,72000
grasp_protocol_v3__main__swan__swan_sf__seed1104,main,swan,swan_sf,1104,completed,experiments/runs/fm_grasp_protocol_v3/jobs/grasp_protocol_v3__main__swan__swan_sf__seed1104/result.json,0815a23b3626124f60d8a27687dea59afef0737486739fcdd0ee6c477b250df5,validation_points,3935
grasp_protocol_v3__main__swan__swan_sf__seed1104,main,swan,swan_sf,1104,completed,experiments/runs/fm_grasp_protocol_v3/jobs/grasp_protocol_v3__main__swan__swan_sf__seed1104/result.json,0815a23b3626124f60d8a27687dea59afef0737486739fcdd0ee6c477b250df5,score_recipes[0].source_samples,5
grasp_protocol_v3__main__swan__swan_sf__seed1104,main,swan,swan_sf,1104,completed,experiments/runs/fm_grasp_protocol_v3/jobs/grasp_protocol_v3__main__swan__swan_sf__seed1104/result.json,0815a23b3626124f60d8a27687dea59afef0737486739fcdd0ee6c477b250df5,score_recipes[0].flow_evaluations,10
grasp_protocol_v3__main__swan__swan_sf__seed1104,main,swan,swan_sf,1104,completed,experiments/runs/fm_grasp_protocol_v3/jobs/grasp_protocol_v3__main__swan__swan_sf__seed1104/result.json,0815a23b3626124f60d8a27687dea59afef0737486739fcdd0ee6c477b250df5,score_recipes[1].source_samples,5
grasp_protocol_v3__main__swan__swan_sf__seed1104,main,swan,swan_sf,1104,completed,experiments/runs/fm_grasp_protocol_v3/jobs/grasp_protocol_v3__main__swan__swan_sf__seed1104/result.json,0815a23b3626124f60d8a27687dea59afef0737486739fcdd0ee6c477b250df5,score_recipes[1].flow_evaluations,1
grasp_protocol_v3__main__swan__swan_sf__seed1104,main,swan,swan_sf,1104,completed,experiments/runs/fm_grasp_protocol_v3/jobs/grasp_protocol_v3__main__swan__swan_sf__seed1104/result.json,0815a23b3626124f60d8a27687dea59afef0737486739fcdd0ee6c477b250df5,score_recipes[2].source_samples,5
grasp_protocol_v3__main__swan__swan_sf__seed1104,main,swan,swan_sf,1104,completed,experiments/runs/fm_grasp_protocol_v3/jobs/grasp_protocol_v3__main__swan__swan_sf__seed1104/result.json,0815a23b3626124f60d8a27687dea59afef0737486739fcdd0ee6c477b250df5,score_recipes[2].flow_evaluations,2
grasp_protocol_v3__main__swan__swan_sf__seed1104,main,swan,swan_sf,1104,completed,experiments/runs/fm_grasp_protocol_v3/jobs/grasp_protocol_v3__main__swan__swan_sf__seed1104/result.json,0815a23b3626124f60d8a27687dea59afef0737486739fcdd0ee6c477b250df5,score_recipes[3].source_samples,5
grasp_protocol_v3__main__swan__swan_sf__seed1104,main,swan,swan_sf,1104,completed,experiments/runs/fm_grasp_protocol_v3/jobs/grasp_protocol_v3__main__swan__swan_sf__seed1104/result.json,0815a23b3626124f60d8a27687dea59afef0737486739fcdd0ee6c477b250df5,score_recipes[3].flow_evaluations,5
grasp_protocol_v3__main__swan__swan_sf__seed1104,main,swan,swan_sf,1104,completed,experiments/runs/fm_grasp_protocol_v3/jobs/grasp_protocol_v3__main__swan__swan_sf__seed1104/result.json,0815a23b3626124f60d8a27687dea59afef0737486739fcdd0ee6c477b250df5,score_recipes[4].source_samples,5
grasp_protocol_v3__main__swan__swan_sf__seed1104,main,swan,swan_sf,1104,completed,experiments/runs/fm_grasp_protocol_v3/jobs/grasp_protocol_v3__main__swan__swan_sf__seed1104/result.json,0815a23b3626124f60d8a27687dea59afef0737486739fcdd0ee6c477b250df5,score_recipes[4].flow_evaluations,20
grasp_protocol_v3__main__swan__swan_sf__seed1104,main,swan,swan_sf,1104,completed,experiments/runs/fm_grasp_protocol_v3/jobs/grasp_protocol_v3__main__swan__swan_sf__seed1104/result.json,0815a23b3626124f60d8a27687dea59afef0737486739fcdd0ee6c477b250df5,score_recipes[5].source_samples,5
grasp_protocol_v3__main__swan__swan_sf__seed1104,main,swan,swan_sf,1104,completed,experiments/runs/fm_grasp_protocol_v3/jobs/grasp_protocol_v3__main__swan__swan_sf__seed1104/result.json,0815a23b3626124f60d8a27687dea59afef0737486739fcdd0ee6c477b250df5,score_recipes[5].flow_evaluations,50
grasp_protocol_v3__main__swan__swan_sf__seed1104,main,swan,swan_sf,1104,completed,experiments/runs/fm_grasp_protocol_v3/jobs/grasp_protocol_v3__main__swan__swan_sf__seed1104/result.json,0815a23b3626124f60d8a27687dea59afef0737486739fcdd0ee6c477b250df5,score_recipes[6].source_samples,1
grasp_protocol_v3__main__swan__swan_sf__seed1104,main,swan,swan_sf,1104,completed,experiments/runs/fm_grasp_protocol_v3/jobs/grasp_protocol_v3__main__swan__swan_sf__seed1104/result.json,0815a23b3626124f60d8a27687dea59afef0737486739fcdd0ee6c477b250df5,score_recipes[6].flow_evaluations,10
grasp_protocol_v3__main__swan__swan_sf__seed1104,main,swan,swan_sf,1104,completed,experiments/runs/fm_grasp_protocol_v3/jobs/grasp_protocol_v3__main__swan__swan_sf__seed1104/result.json,0815a23b3626124f60d8a27687dea59afef0737486739fcdd0ee6c477b250df5,score_recipes[7].source_samples,2
grasp_protocol_v3__main__swan__swan_sf__seed1104,main,swan,swan_sf,1104,completed,experiments/runs/fm_grasp_protocol_v3/jobs/grasp_protocol_v3__main__swan__swan_sf__seed1104/result.json,0815a23b3626124f60d8a27687dea59afef0737486739fcdd0ee6c477b250df5,score_recipes[7].flow_evaluations,10
grasp_protocol_v3__main__swan__swan_sf__seed1104,main,swan,swan_sf,1104,completed,experiments/runs/fm_grasp_protocol_v3/jobs/grasp_protocol_v3__main__swan__swan_sf__seed1104/result.json,0815a23b3626124f60d8a27687dea59afef0737486739fcdd0ee6c477b250df5,score_recipes[8].source_samples,10
grasp_protocol_v3__main__swan__swan_sf__seed1104,main,swan,swan_sf,1104,completed,experiments/runs/fm_grasp_protocol_v3/jobs/grasp_protocol_v3__main__swan__swan_sf__seed1104/result.json,0815a23b3626124f60d8a27687dea59afef0737486739fcdd0ee6c477b250df5,score_recipes[8].flow_evaluations,10
grasp_protocol_v3__main__swan__swan_sf__seed1104,main,swan,swan_sf,1104,completed,experiments/runs/fm_grasp_protocol_v3/jobs/grasp_protocol_v3__main__swan__swan_sf__seed1104/result.json,0815a23b3626124f60d8a27687dea59afef0737486739fcdd0ee6c477b250df5,score_recipes[9].source_samples,20
grasp_protocol_v3__main__swan__swan_sf__seed1104,main,swan,swan_sf,1104,completed,experiments/runs/fm_grasp_protocol_v3/jobs/grasp_protocol_v3__main__swan__swan_sf__seed1104/result.json,0815a23b3626124f60d8a27687dea59afef0737486739fcdd0ee6c477b250df5,score_recipes[9].flow_evaluations,10
grasp_protocol_v3__main__swan__swan_sf__seed1104,main,swan,swan_sf,1104,completed,experiments/runs/fm_grasp_protocol_v3/jobs/grasp_protocol_v3__main__swan__swan_sf__seed1104/result.json,0815a23b3626124f60d8a27687dea59afef0737486739fcdd0ee6c477b250df5,parameter_count,69244
grasp_protocol_v3__main__swan__swan_sf__seed1104,main,swan,swan_sf,1104,completed,experiments/runs/fm_grasp_protocol_v3/jobs/grasp_protocol_v3__main__swan__swan_sf__seed1104/result.json,0815a23b3626124f60d8a27687dea59afef0737486739fcdd0ee6c477b250df5,training_seconds,951.3756728000008
grasp_protocol_v3__main__swan__swan_sf__seed1104,main,swan,swan_sf,1104,completed,experiments/runs/fm_grasp_protocol_v3/jobs/grasp_protocol_v3__main__swan__swan_sf__seed1104/result.json,0815a23b3626124f60d8a27687dea59afef0737486739fcdd0ee6c477b250df5,peak_cuda_allocated_bytes,163084288
grasp_protocol_v3__main__swan__swan_sf__seed1104,main,swan,swan_sf,1104,completed,experiments/runs/fm_grasp_protocol_v3/jobs/grasp_protocol_v3__main__swan__swan_sf__seed1104/result.json,0815a23b3626124f60d8a27687dea59afef0737486739fcdd0ee6c477b250df5,peak_cuda_reserved_bytes,241172480
grasp_protocol_v3__main__swan__swan_sf__seed1104,main,swan,swan_sf,1104,completed,experiments/runs/fm_grasp_protocol_v3/jobs/grasp_protocol_v3__main__swan__swan_sf__seed1104/result.json,0815a23b3626124f60d8a27687dea59afef0737486739fcdd0ee6c477b250df5,cpu_threads,2
grasp_protocol_v3__main__swan__swan_sf__seed1104,main,swan,swan_sf,1104,completed,experiments/runs/fm_grasp_protocol_v3/jobs/grasp_protocol_v3__main__swan__swan_sf__seed1104/result.json,0815a23b3626124f60d8a27687dea59afef0737486739fcdd0ee6c477b250df5,metrics[0].recipe.source_samples,5
grasp_protocol_v3__main__swan__swan_sf__seed1104,main,swan,swan_sf,1104,completed,experiments/runs/fm_grasp_protocol_v3/jobs/grasp_protocol_v3__main__swan__swan_sf__seed1104/result.json,0815a23b3626124f60d8a27687dea59afef0737486739fcdd0ee6c477b250df5,metrics[0].recipe.flow_evaluations,10
grasp_protocol_v3__main__swan__swan_sf__seed1104,main,swan,swan_sf,1104,completed,experiments/runs/fm_grasp_protocol_v3/jobs/grasp_protocol_v3__main__swan__swan_sf__seed1104/result.json,0815a23b3626124f60d8a27687dea59afef0737486739fcdd0ee6c477b250df5,metrics[0].metrics.paper_retrospective.AP,0.5561738980633334
grasp_protocol_v3__main__swan__swan_sf__seed1104,main,swan,swan_sf,1104,completed,experiments/runs/fm_grasp_protocol_v3/jobs/grasp_protocol_v3__main__swan__swan_sf__seed1104/result.json,0815a23b3626124f60d8a27687dea59afef0737486739fcdd0ee6c477b250df5,metrics[0].metrics.paper_retrospective.ROC,0.7368711198343543
grasp_protocol_v3__main__swan__swan_sf__seed1104,main,swan,swan_sf,1104,completed,experiments/runs/fm_grasp_protocol_v3/jobs/grasp_protocol_v3__main__swan__swan_sf__seed1104/result.json,0815a23b3626124f60d8a27687dea59afef0737486739fcdd0ee6c477b250df5,metrics[0].metrics.paper_retrospective.Best_F1,0.5421809095993206
grasp_protocol_v3__main__swan__swan_sf__seed1104,main,swan,swan_sf,1104,completed,experiments/runs/fm_grasp_protocol_v3/jobs/grasp_protocol_v3__main__swan__swan_sf__seed1104/result.json,0815a23b3626124f60d8a27687dea59afef0737486739fcdd0ee6c477b250df5,metrics[0].metrics.validation_only_control.precision,0.3577410770194114
grasp_protocol_v3__main__swan__swan_sf__seed1104,main,swan,swan_sf,1104,completed,experiments/runs/fm_grasp_protocol_v3/jobs/grasp_protocol_v3__main__swan__swan_sf__seed1104/result.json,0815a23b3626124f60d8a27687dea59afef0737486739fcdd0ee6c477b250df5,metrics[0].metrics.validation_only_control.recall,0.9095522388059701
grasp_protocol_v3__main__swan__swan_sf__seed1104,main,swan,swan_sf,1104,completed,experiments/runs/fm_grasp_protocol_v3/jobs/grasp_protocol_v3__main__swan__swan_sf__seed1104/result.json,0815a23b3626124f60d8a27687dea59afef0737486739fcdd0ee6c477b250df5,metrics[0].metrics.validation_only_control.f1,0.5135104769394978
grasp_protocol_v3__main__swan__swan_sf__seed1104,main,swan,swan_sf,1104,completed,experiments/runs/fm_grasp_protocol_v3/jobs/grasp_protocol_v3__main__swan__swan_sf__seed1104/result.json,0815a23b3626124f60d8a27687dea59afef0737486739fcdd0ee6c477b250df5,metrics[0].metrics.validation_only_control.threshold,5835.341364648437
grasp_protocol_v3__main__swan__swan_sf__seed1104,main,swan,swan_sf,1104,completed,experiments/runs/fm_grasp_protocol_v3/jobs/grasp_protocol_v3__main__swan__swan_sf__seed1104/result.json,0815a23b3626124f60d8a27687dea59afef0737486739fcdd0ee6c477b250df5,metrics[0].metrics.validation_only_control.quantile,0.99
grasp_protocol_v3__main__swan__swan_sf__seed1104,main,swan,swan_sf,1104,completed,experiments/runs/fm_grasp_protocol_v3/jobs/grasp_protocol_v3__main__swan__swan_sf__seed1104/result.json,0815a23b3626124f60d8a27687dea59afef0737486739fcdd0ee6c477b250df5,metrics[0].validation_score_seconds,2.065824599994812
grasp_protocol_v3__main__swan__swan_sf__seed1104,main,swan,swan_sf,1104,completed,experiments/runs/fm_grasp_protocol_v3/jobs/grasp_protocol_v3__main__swan__swan_sf__seed1104/result.json,0815a23b3626124f60d8a27687dea59afef0737486739fcdd0ee6c477b250df5,metrics[0].test_score_seconds,82.42877100000624
grasp_protocol_v3__main__swan__swan_sf__seed1104,main,swan,swan_sf,1104,completed,experiments/runs/fm_grasp_protocol_v3/jobs/grasp_protocol_v3__main__swan__swan_sf__seed1104/result.json,0815a23b3626124f60d8a27687dea59afef0737486739fcdd0ee6c477b250df5,metrics[0].window_evaluations,71951
grasp_protocol_v3__main__swan__swan_sf__seed1104,main,swan,swan_sf,1104,completed,experiments/runs/fm_grasp_protocol_v3/jobs/grasp_protocol_v3__main__swan__swan_sf__seed1104/result.json,0815a23b3626124f60d8a27687dea59afef0737486739fcdd0ee6c477b250df5,metrics[1].recipe.source_samples,5
grasp_protocol_v3__main__swan__swan_sf__seed1104,main,swan,swan_sf,1104,completed,experiments/runs/fm_grasp_protocol_v3/jobs/grasp_protocol_v3__main__swan__swan_sf__seed1104/result.json,0815a23b3626124f60d8a27687dea59afef0737486739fcdd0ee6c477b250df5,metrics[1].recipe.flow_evaluations,1
grasp_protocol_v3__main__swan__swan_sf__seed1104,main,swan,swan_sf,1104,completed,experiments/runs/fm_grasp_protocol_v3/jobs/grasp_protocol_v3__main__swan__swan_sf__seed1104/result.json,0815a23b3626124f60d8a27687dea59afef0737486739fcdd0ee6c477b250df5,metrics[1].metrics.paper_retrospective.AP,0.5378893109137121
grasp_protocol_v3__main__swan__swan_sf__seed1104,main,swan,swan_sf,1104,completed,experiments/runs/fm_grasp_protocol_v3/jobs/grasp_protocol_v3__main__swan__swan_sf__seed1104/result.json,0815a23b3626124f60d8a27687dea59afef0737486739fcdd0ee6c477b250df5,metrics[1].metrics.paper_retrospective.ROC,0.7285744169326777
grasp_protocol_v3__main__swan__swan_sf__seed1104,main,swan,swan_sf,1104,completed,experiments/runs/fm_grasp_protocol_v3/jobs/grasp_protocol_v3__main__swan__swan_sf__seed1104/result.json,0815a23b3626124f60d8a27687dea59afef0737486739fcdd0ee6c477b250df5,metrics[1].metrics.paper_retrospective.Best_F1,0.5395048308999038
grasp_protocol_v3__main__swan__swan_sf__seed1104,main,swan,swan_sf,1104,completed,experiments/runs/fm_grasp_protocol_v3/jobs/grasp_protocol_v3__main__swan__swan_sf__seed1104/result.json,0815a23b3626124f60d8a27687dea59afef0737486739fcdd0ee6c477b250df5,metrics[1].metrics.validation_only_control.precision,0.3977203954004438
grasp_protocol_v3__main__swan__swan_sf__seed1104,main,swan,swan_sf,1104,completed,experiments/runs/fm_grasp_protocol_v3/jobs/grasp_protocol_v3__main__swan__swan_sf__seed1104/result.json,0815a23b3626124f60d8a27687dea59afef0737486739fcdd0ee6c477b250df5,metrics[1].metrics.validation_only_control.recall,0.7846766169154229
grasp_protocol_v3__main__swan__swan_sf__seed1104,main,swan,swan_sf,1104,completed,experiments/runs/fm_grasp_protocol_v3/jobs/grasp_protocol_v3__main__swan__swan_sf__seed1104/result.json,0815a23b3626124f60d8a27687dea59afef0737486739fcdd0ee6c477b250df5,metrics[1].metrics.validation_only_control.f1,0.5278800455184417
grasp_protocol_v3__main__swan__swan_sf__seed1104,main,swan,swan_sf,1104,completed,experiments/runs/fm_grasp_protocol_v3/jobs/grasp_protocol_v3__main__swan__swan_sf__seed1104/result.json,0815a23b3626124f60d8a27687dea59afef0737486739fcdd0ee6c477b250df5,metrics[1].metrics.validation_only_control.threshold,390.293036730957
grasp_protocol_v3__main__swan__swan_sf__seed1104,main,swan,swan_sf,1104,completed,experiments/runs/fm_grasp_protocol_v3/jobs/grasp_protocol_v3__main__swan__swan_sf__seed1104/result.json,0815a23b3626124f60d8a27687dea59afef0737486739fcdd0ee6c477b250df5,metrics[1].metrics.validation_only_control.quantile,0.99
grasp_protocol_v3__main__swan__swan_sf__seed1104,main,swan,swan_sf,1104,completed,experiments/runs/fm_grasp_protocol_v3/jobs/grasp_protocol_v3__main__swan__swan_sf__seed1104/result.json,0815a23b3626124f60d8a27687dea59afef0737486739fcdd0ee6c477b250df5,metrics[1].validation_score_seconds,0.9532242999994196
grasp_protocol_v3__main__swan__swan_sf__seed1104,main,swan,swan_sf,1104,completed,experiments/runs/fm_grasp_protocol_v3/jobs/grasp_protocol_v3__main__swan__swan_sf__seed1104/result.json,0815a23b3626124f60d8a27687dea59afef0737486739fcdd0ee6c477b250df5,metrics[1].test_score_seconds,16.81525500000862
grasp_protocol_v3__main__swan__swan_sf__seed1104,main,swan,swan_sf,1104,completed,experiments/runs/fm_grasp_protocol_v3/jobs/grasp_protocol_v3__main__swan__swan_sf__seed1104/result.json,0815a23b3626124f60d8a27687dea59afef0737486739fcdd0ee6c477b250df5,metrics[1].window_evaluations,71951
grasp_protocol_v3__main__swan__swan_sf__seed1104,main,swan,swan_sf,1104,completed,experiments/runs/fm_grasp_protocol_v3/jobs/grasp_protocol_v3__main__swan__swan_sf__seed1104/result.json,0815a23b3626124f60d8a27687dea59afef0737486739fcdd0ee6c477b250df5,metrics[2].recipe.source_samples,5
grasp_protocol_v3__main__swan__swan_sf__seed1104,main,swan,swan_sf,1104,completed,experiments/runs/fm_grasp_protocol_v3/jobs/grasp_protocol_v3__main__swan__swan_sf__seed1104/result.json,0815a23b3626124f60d8a27687dea59afef0737486739fcdd0ee6c477b250df5,metrics[2].recipe.flow_evaluations,2
grasp_protocol_v3__main__swan__swan_sf__seed1104,main,swan,swan_sf,1104,completed,experiments/runs/fm_grasp_protocol_v3/jobs/grasp_protocol_v3__main__swan__swan_sf__seed1104/result.json,0815a23b3626124f60d8a27687dea59afef0737486739fcdd0ee6c477b250df5,metrics[2].metrics.paper_retrospective.AP,0.5482415207006597
grasp_protocol_v3__main__swan__swan_sf__seed1104,main,swan,swan_sf,1104,completed,experiments/runs/fm_grasp_protocol_v3/jobs/grasp_protocol_v3__main__swan__swan_sf__seed1104/result.json,0815a23b3626124f60d8a27687dea59afef0737486739fcdd0ee6c477b250df5,metrics[2].metrics.paper_retrospective.ROC,0.7327118923686002
grasp_protocol_v3__main__swan__swan_sf__seed1104,main,swan,swan_sf,1104,completed,experiments/runs/fm_grasp_protocol_v3/jobs/grasp_protocol_v3__main__swan__swan_sf__seed1104/result.json,0815a23b3626124f60d8a27687dea59afef0737486739fcdd0ee6c477b250df5,metrics[2].metrics.paper_retrospective.Best_F1,0.5388850822091773
grasp_protocol_v3__main__swan__swan_sf__seed1104,main,swan,swan_sf,1104,completed,experiments/runs/fm_grasp_protocol_v3/jobs/grasp_protocol_v3__main__swan__swan_sf__seed1104/result.json,0815a23b3626124f60d8a27687dea59afef0737486739fcdd0ee6c477b250df5,metrics[2].metrics.validation_only_control.precision,0.37808880099102427
grasp_protocol_v3__main__swan__swan_sf__seed1104,main,swan,swan_sf,1104,completed,experiments/runs/fm_grasp_protocol_v3/jobs/grasp_protocol_v3__main__swan__swan_sf__seed1104/result.json,0815a23b3626124f60d8a27687dea59afef0737486739fcdd0ee6c477b250df5,metrics[2].metrics.validation_only_control.recall,0.8655223880597015
grasp_protocol_v3__main__swan__swan_sf__seed1104,main,swan,swan_sf,1104,completed,experiments/runs/fm_grasp_protocol_v3/jobs/grasp_protocol_v3__main__swan__swan_sf__seed1104/result.json,0815a23b3626124f60d8a27687dea59afef0737486739fcdd0ee6c477b250df5,metrics[2].metrics.validation_only_control.f1,0.5262807617261356
grasp_protocol_v3__main__swan__swan_sf__seed1104,main,swan,swan_sf,1104,completed,experiments/runs/fm_grasp_protocol_v3/jobs/grasp_protocol_v3__main__swan__swan_sf__seed1104/result.json,0815a23b3626124f60d8a27687dea59afef0737486739fcdd0ee6c477b250df5,metrics[2].metrics.validation_only_control.threshold,876.5190589599608
grasp_protocol_v3__main__swan__swan_sf__seed1104,main,swan,swan_sf,1104,completed,experiments/runs/fm_grasp_protocol_v3/jobs/grasp_protocol_v3__main__swan__swan_sf__seed1104/result.json,0815a23b3626124f60d8a27687dea59afef0737486739fcdd0ee6c477b250df5,metrics[2].metrics.validation_only_control.quantile,0.99
grasp_protocol_v3__main__swan__swan_sf__seed1104,main,swan,swan_sf,1104,completed,experiments/runs/fm_grasp_protocol_v3/jobs/grasp_protocol_v3__main__swan__swan_sf__seed1104/result.json,0815a23b3626124f60d8a27687dea59afef0737486739fcdd0ee6c477b250df5,metrics[2].validation_score_seconds,1.3665172000037273
grasp_protocol_v3__main__swan__swan_sf__seed1104,main,swan,swan_sf,1104,completed,experiments/runs/fm_grasp_protocol_v3/jobs/grasp_protocol_v3__main__swan__swan_sf__seed1104/result.json,0815a23b3626124f60d8a27687dea59afef0737486739fcdd0ee6c477b250df5,metrics[2].test_score_seconds,24.82610299999942
grasp_protocol_v3__main__swan__swan_sf__seed1104,main,swan,swan_sf,1104,completed,experiments/runs/fm_grasp_protocol_v3/jobs/grasp_protocol_v3__main__swan__swan_sf__seed1104/result.json,0815a23b3626124f60d8a27687dea59afef0737486739fcdd0ee6c477b250df5,metrics[2].window_evaluations,71951
grasp_protocol_v3__main__swan__swan_sf__seed1104,main,swan,swan_sf,1104,completed,experiments/runs/fm_grasp_protocol_v3/jobs/grasp_protocol_v3__main__swan__swan_sf__seed1104/result.json,0815a23b3626124f60d8a27687dea59afef0737486739fcdd0ee6c477b250df5,metrics[3].recipe.source_samples,5
grasp_protocol_v3__main__swan__swan_sf__seed1104,main,swan,swan_sf,1104,completed,experiments/runs/fm_grasp_protocol_v3/jobs/grasp_protocol_v3__main__swan__swan_sf__seed1104/result.json,0815a23b3626124f60d8a27687dea59afef0737486739fcdd0ee6c477b250df5,metrics[3].recipe.flow_evaluations,5
grasp_protocol_v3__main__swan__swan_sf__seed1104,main,swan,swan_sf,1104,completed,experiments/runs/fm_grasp_protocol_v3/jobs/grasp_protocol_v3__main__swan__swan_sf__seed1104/result.json,0815a23b3626124f60d8a27687dea59afef0737486739fcdd0ee6c477b250df5,metrics[3].metrics.paper_retrospective.AP,0.5533619162716881
grasp_protocol_v3__main__swan__swan_sf__seed1104,main,swan,swan_sf,1104,completed,experiments/runs/fm_grasp_protocol_v3/jobs/grasp_protocol_v3__main__swan__swan_sf__seed1104/result.json,0815a23b3626124f60d8a27687dea59afef0737486739fcdd0ee6c477b250df5,metrics[3].metrics.paper_retrospective.ROC,0.7356768019248651
grasp_protocol_v3__main__swan__swan_sf__seed1104,main,swan,swan_sf,1104,completed,experiments/runs/fm_grasp_protocol_v3/jobs/grasp_protocol_v3__main__swan__swan_sf__seed1104/result.json,0815a23b3626124f60d8a27687dea59afef0737486739fcdd0ee6c477b250df5,metrics[3].metrics.paper_retrospective.Best_F1,0.5418447249608124
grasp_protocol_v3__main__swan__swan_sf__seed1104,main,swan,swan_sf,1104,completed,experiments/runs/fm_grasp_protocol_v3/jobs/grasp_protocol_v3__main__swan__swan_sf__seed1104/result.json,0815a23b3626124f60d8a27687dea59afef0737486739fcdd0ee6c477b250df5,metrics[3].metrics.validation_only_control.precision,0.3624216034834019
grasp_protocol_v3__main__swan__swan_sf__seed1104,main,swan,swan_sf,1104,completed,experiments/runs/fm_grasp_protocol_v3/jobs/grasp_protocol_v3__main__swan__swan_sf__seed1104/result.json,0815a23b3626124f60d8a27687dea59afef0737486739fcdd0ee6c477b250df5,metrics[3].metrics.validation_only_control.recall,0.9027363184079602
grasp_protocol_v3__main__swan__swan_sf__seed1104,main,swan,swan_sf,1104,completed,experiments/runs/fm_grasp_protocol_v3/jobs/grasp_protocol_v3__main__swan__swan_sf__seed1104/result.json,0815a23b3626124f60d8a27687dea59afef0737486739fcdd0ee6c477b250df5,metrics[3].metrics.validation_only_control.f1,0.5172020636775646
grasp_protocol_v3__main__swan__swan_sf__seed1104,main,swan,swan_sf,1104,completed,experiments/runs/fm_grasp_protocol_v3/jobs/grasp_protocol_v3__main__swan__swan_sf__seed1104/result.json,0815a23b3626124f60d8a27687dea59afef0737486739fcdd0ee6c477b250df5,metrics[3].metrics.validation_only_control.threshold,2606.1689885742185
grasp_protocol_v3__main__swan__swan_sf__seed1104,main,swan,swan_sf,1104,completed,experiments/runs/fm_grasp_protocol_v3/jobs/grasp_protocol_v3__main__swan__swan_sf__seed1104/result.json,0815a23b3626124f60d8a27687dea59afef0737486739fcdd0ee6c477b250df5,metrics[3].metrics.validation_only_control.quantile,0.99
grasp_protocol_v3__main__swan__swan_sf__seed1104,main,swan,swan_sf,1104,completed,experiments/runs/fm_grasp_protocol_v3/jobs/grasp_protocol_v3__main__swan__swan_sf__seed1104/result.json,0815a23b3626124f60d8a27687dea59afef0737486739fcdd0ee6c477b250df5,metrics[3].validation_score_seconds,2.516417199993157
grasp_protocol_v3__main__swan__swan_sf__seed1104,main,swan,swan_sf,1104,completed,experiments/runs/fm_grasp_protocol_v3/jobs/grasp_protocol_v3__main__swan__swan_sf__seed1104/result.json,0815a23b3626124f60d8a27687dea59afef0737486739fcdd0ee6c477b250df5,metrics[3].test_score_seconds,44.580778999996255
grasp_protocol_v3__main__swan__swan_sf__seed1104,main,swan,swan_sf,1104,completed,experiments/runs/fm_grasp_protocol_v3/jobs/grasp_protocol_v3__main__swan__swan_sf__seed1104/result.json,0815a23b3626124f60d8a27687dea59afef0737486739fcdd0ee6c477b250df5,metrics[3].window_evaluations,71951
grasp_protocol_v3__main__swan__swan_sf__seed1104,main,swan,swan_sf,1104,completed,experiments/runs/fm_grasp_protocol_v3/jobs/grasp_protocol_v3__main__swan__swan_sf__seed1104/result.json,0815a23b3626124f60d8a27687dea59afef0737486739fcdd0ee6c477b250df5,metrics[4].recipe.source_samples,5
grasp_protocol_v3__main__swan__swan_sf__seed1104,main,swan,swan_sf,1104,completed,experiments/runs/fm_grasp_protocol_v3/jobs/grasp_protocol_v3__main__swan__swan_sf__seed1104/result.json,0815a23b3626124f60d8a27687dea59afef0737486739fcdd0ee6c477b250df5,metrics[4].recipe.flow_evaluations,20
grasp_protocol_v3__main__swan__swan_sf__seed1104,main,swan,swan_sf,1104,completed,experiments/runs/fm_grasp_protocol_v3/jobs/grasp_protocol_v3__main__swan__swan_sf__seed1104/result.json,0815a23b3626124f60d8a27687dea59afef0737486739fcdd0ee6c477b250df5,metrics[4].metrics.paper_retrospective.AP,0.5575963636729391
grasp_protocol_v3__main__swan__swan_sf__seed1104,main,swan,swan_sf,1104,completed,experiments/runs/fm_grasp_protocol_v3/jobs/grasp_protocol_v3__main__swan__swan_sf__seed1104/result.json,0815a23b3626124f60d8a27687dea59afef0737486739fcdd0ee6c477b250df5,metrics[4].metrics.paper_retrospective.ROC,0.7373685100509015
grasp_protocol_v3__main__swan__swan_sf__seed1104,main,swan,swan_sf,1104,completed,experiments/runs/fm_grasp_protocol_v3/jobs/grasp_protocol_v3__main__swan__swan_sf__seed1104/result.json,0815a23b3626124f60d8a27687dea59afef0737486739fcdd0ee6c477b250df5,metrics[4].metrics.paper_retrospective.Best_F1,0.5418686963933245
grasp_protocol_v3__main__swan__swan_sf__seed1104,main,swan,swan_sf,1104,completed,experiments/runs/fm_grasp_protocol_v3/jobs/grasp_protocol_v3__main__swan__swan_sf__seed1104/result.json,0815a23b3626124f60d8a27687dea59afef0737486739fcdd0ee6c477b250df5,metrics[4].metrics.validation_only_control.precision,0.355610672970721
grasp_protocol_v3__main__swan__swan_sf__seed1104,main,swan,swan_sf,1104,completed,experiments/runs/fm_grasp_protocol_v3/jobs/grasp_protocol_v3__main__swan__swan_sf__seed1104/result.json,0815a23b3626124f60d8a27687dea59afef0737486739fcdd0ee6c477b250df5,metrics[4].metrics.validation_only_control.recall,0.9130348258706468
grasp_protocol_v3__main__swan__swan_sf__seed1104,main,swan,swan_sf,1104,completed,experiments/runs/fm_grasp_protocol_v3/jobs/grasp_protocol_v3__main__swan__swan_sf__seed1104/result.json,0815a23b3626124f60d8a27687dea59afef0737486739fcdd0ee6c477b250df5,metrics[4].metrics.validation_only_control.f1,0.5118607667312814
grasp_protocol_v3__main__swan__swan_sf__seed1104,main,swan,swan_sf,1104,completed,experiments/runs/fm_grasp_protocol_v3/jobs/grasp_protocol_v3__main__swan__swan_sf__seed1104/result.json,0815a23b3626124f60d8a27687dea59afef0737486739fcdd0ee6c477b250df5,metrics[4].metrics.validation_only_control.threshold,12504.195547656249
grasp_protocol_v3__main__swan__swan_sf__seed1104,main,swan,swan_sf,1104,completed,experiments/runs/fm_grasp_protocol_v3/jobs/grasp_protocol_v3__main__swan__swan_sf__seed1104/result.json,0815a23b3626124f60d8a27687dea59afef0737486739fcdd0ee6c477b250df5,metrics[4].metrics.validation_only_control.quantile,0.99
grasp_protocol_v3__main__swan__swan_sf__seed1104,main,swan,swan_sf,1104,completed,experiments/runs/fm_grasp_protocol_v3/jobs/grasp_protocol_v3__main__swan__swan_sf__seed1104/result.json,0815a23b3626124f60d8a27687dea59afef0737486739fcdd0ee6c477b250df5,metrics[4].validation_score_seconds,8.370941499990295
grasp_protocol_v3__main__swan__swan_sf__seed1104,main,swan,swan_sf,1104,completed,experiments/runs/fm_grasp_protocol_v3/jobs/grasp_protocol_v3__main__swan__swan_sf__seed1104/result.json,0815a23b3626124f60d8a27687dea59afef0737486739fcdd0ee6c477b250df5,metrics[4].test_score_seconds,107.4584676999948
grasp_protocol_v3__main__swan__swan_sf__seed1104,main,swan,swan_sf,1104,completed,experiments/runs/fm_grasp_protocol_v3/jobs/grasp_protocol_v3__main__swan__swan_sf__seed1104/result.json,0815a23b3626124f60d8a27687dea59afef0737486739fcdd0ee6c477b250df5,metrics[4].window_evaluations,71951
grasp_protocol_v3__main__swan__swan_sf__seed1104,main,swan,swan_sf,1104,completed,experiments/runs/fm_grasp_protocol_v3/jobs/grasp_protocol_v3__main__swan__swan_sf__seed1104/result.json,0815a23b3626124f60d8a27687dea59afef0737486739fcdd0ee6c477b250df5,metrics[5].recipe.source_samples,5
grasp_protocol_v3__main__swan__swan_sf__seed1104,main,swan,swan_sf,1104,completed,experiments/runs/fm_grasp_protocol_v3/jobs/grasp_protocol_v3__main__swan__swan_sf__seed1104/result.json,0815a23b3626124f60d8a27687dea59afef0737486739fcdd0ee6c477b250df5,metrics[5].recipe.flow_evaluations,50
grasp_protocol_v3__main__swan__swan_sf__seed1104,main,swan,swan_sf,1104,completed,experiments/runs/fm_grasp_protocol_v3/jobs/grasp_protocol_v3__main__swan__swan_sf__seed1104/result.json,0815a23b3626124f60d8a27687dea59afef0737486739fcdd0ee6c477b250df5,metrics[5].metrics.paper_retrospective.AP,0.5584384451122849
grasp_protocol_v3__main__swan__swan_sf__seed1104,main,swan,swan_sf,1104,completed,experiments/runs/fm_grasp_protocol_v3/jobs/grasp_protocol_v3__main__swan__swan_sf__seed1104/result.json,0815a23b3626124f60d8a27687dea59afef0737486739fcdd0ee6c477b250df5,metrics[5].metrics.paper_retrospective.ROC,0.7376089638512638
grasp_protocol_v3__main__swan__swan_sf__seed1104,main,swan,swan_sf,1104,completed,experiments/runs/fm_grasp_protocol_v3/jobs/grasp_protocol_v3__main__swan__swan_sf__seed1104/result.json,0815a23b3626124f60d8a27687dea59afef0737486739fcdd0ee6c477b250df5,metrics[5].metrics.paper_retrospective.Best_F1,0.5413715651393152
grasp_protocol_v3__main__swan__swan_sf__seed1104,main,swan,swan_sf,1104,completed,experiments/runs/fm_grasp_protocol_v3/jobs/grasp_protocol_v3__main__swan__swan_sf__seed1104/result.json,0815a23b3626124f60d8a27687dea59afef0737486739fcdd0ee6c477b250df5,metrics[5].metrics.validation_only_control.precision,0.35523514611960516
grasp_protocol_v3__main__swan__swan_sf__seed1104,main,swan,swan_sf,1104,completed,experiments/runs/fm_grasp_protocol_v3/jobs/grasp_protocol_v3__main__swan__swan_sf__seed1104/result.json,0815a23b3626124f60d8a27687dea59afef0737486739fcdd0ee6c477b250df5,metrics[5].metrics.validation_only_control.recall,0.91318407960199
grasp_protocol_v3__main__swan__swan_sf__seed1104,main,swan,swan_sf,1104,completed,experiments/runs/fm_grasp_protocol_v3/jobs/grasp_protocol_v3__main__swan__swan_sf__seed1104/result.json,0815a23b3626124f60d8a27687dea59afef0737486739fcdd0ee6c477b250df5,metrics[5].metrics.validation_only_control.f1,0.5114950536435837
grasp_protocol_v3__main__swan__swan_sf__seed1104,main,swan,swan_sf,1104,completed,experiments/runs/fm_grasp_protocol_v3/jobs/grasp_protocol_v3__main__swan__swan_sf__seed1104/result.json,0815a23b3626124f60d8a27687dea59afef0737486739fcdd0ee6c477b250df5,metrics[5].metrics.validation_only_control.threshold,32798.04482656249
grasp_protocol_v3__main__swan__swan_sf__seed1104,main,swan,swan_sf,1104,completed,experiments/runs/fm_grasp_protocol_v3/jobs/grasp_protocol_v3__main__swan__swan_sf__seed1104/result.json,0815a23b3626124f60d8a27687dea59afef0737486739fcdd0ee6c477b250df5,metrics[5].metrics.validation_only_control.quantile,0.99
grasp_protocol_v3__main__swan__swan_sf__seed1104,main,swan,swan_sf,1104,completed,experiments/runs/fm_grasp_protocol_v3/jobs/grasp_protocol_v3__main__swan__swan_sf__seed1104/result.json,0815a23b3626124f60d8a27687dea59afef0737486739fcdd0ee6c477b250df5,metrics[5].validation_score_seconds,9.086162400009925
grasp_protocol_v3__main__swan__swan_sf__seed1104,main,swan,swan_sf,1104,completed,experiments/runs/fm_grasp_protocol_v3/jobs/grasp_protocol_v3__main__swan__swan_sf__seed1104/result.json,0815a23b3626124f60d8a27687dea59afef0737486739fcdd0ee6c477b250df5,metrics[5].test_score_seconds,153.17207090000738
grasp_protocol_v3__main__swan__swan_sf__seed1104,main,swan,swan_sf,1104,completed,experiments/runs/fm_grasp_protocol_v3/jobs/grasp_protocol_v3__main__swan__swan_sf__seed1104/result.json,0815a23b3626124f60d8a27687dea59afef0737486739fcdd0ee6c477b250df5,metrics[5].window_evaluations,71951
grasp_protocol_v3__main__swan__swan_sf__seed1104,main,swan,swan_sf,1104,completed,experiments/runs/fm_grasp_protocol_v3/jobs/grasp_protocol_v3__main__swan__swan_sf__seed1104/result.json,0815a23b3626124f60d8a27687dea59afef0737486739fcdd0ee6c477b250df5,metrics[6].recipe.source_samples,1
grasp_protocol_v3__main__swan__swan_sf__seed1104,main,swan,swan_sf,1104,completed,experiments/runs/fm_grasp_protocol_v3/jobs/grasp_protocol_v3__main__swan__swan_sf__seed1104/result.json,0815a23b3626124f60d8a27687dea59afef0737486739fcdd0ee6c477b250df5,metrics[6].recipe.flow_evaluations,10
grasp_protocol_v3__main__swan__swan_sf__seed1104,main,swan,swan_sf,1104,completed,experiments/runs/fm_grasp_protocol_v3/jobs/grasp_protocol_v3__main__swan__swan_sf__seed1104/result.json,0815a23b3626124f60d8a27687dea59afef0737486739fcdd0ee6c477b250df5,metrics[6].metrics.paper_retrospective.AP,0.556220796117356
grasp_protocol_v3__main__swan__swan_sf__seed1104,main,swan,swan_sf,1104,completed,experiments/runs/fm_grasp_protocol_v3/jobs/grasp_protocol_v3__main__swan__swan_sf__seed1104/result.json,0815a23b3626124f60d8a27687dea59afef0737486739fcdd0ee6c477b250df5,metrics[6].metrics.paper_retrospective.ROC,0.7368286750256425
grasp_protocol_v3__main__swan__swan_sf__seed1104,main,swan,swan_sf,1104,completed,experiments/runs/fm_grasp_protocol_v3/jobs/grasp_protocol_v3__main__swan__swan_sf__seed1104/result.json,0815a23b3626124f60d8a27687dea59afef0737486739fcdd0ee6c477b250df5,metrics[6].metrics.paper_retrospective.Best_F1,0.5419265546373643
grasp_protocol_v3__main__swan__swan_sf__seed1104,main,swan,swan_sf,1104,completed,experiments/runs/fm_grasp_protocol_v3/jobs/grasp_protocol_v3__main__swan__swan_sf__seed1104/result.json,0815a23b3626124f60d8a27687dea59afef0737486739fcdd0ee6c477b250df5,metrics[6].metrics.validation_only_control.precision,0.35855579782741076
grasp_protocol_v3__main__swan__swan_sf__seed1104,main,swan,swan_sf,1104,completed,experiments/runs/fm_grasp_protocol_v3/jobs/grasp_protocol_v3__main__swan__swan_sf__seed1104/result.json,0815a23b3626124f60d8a27687dea59afef0737486739fcdd0ee6c477b250df5,metrics[6].metrics.validation_only_control.recall,0.9081094527363184
grasp_protocol_v3__main__swan__swan_sf__seed1104,main,swan,swan_sf,1104,completed,experiments/runs/fm_grasp_protocol_v3/jobs/grasp_protocol_v3__main__swan__swan_sf__seed1104/result.json,0815a23b3626124f60d8a27687dea59afef0737486739fcdd0ee6c477b250df5,metrics[6].metrics.validation_only_control.f1,0.5141183263621897
grasp_protocol_v3__main__swan__swan_sf__seed1104,main,swan,swan_sf,1104,completed,experiments/runs/fm_grasp_protocol_v3/jobs/grasp_protocol_v3__main__swan__swan_sf__seed1104/result.json,0815a23b3626124f60d8a27687dea59afef0737486739fcdd0ee6c477b250df5,metrics[6].metrics.validation_only_control.threshold,5847.756658593749
grasp_protocol_v3__main__swan__swan_sf__seed1104,main,swan,swan_sf,1104,completed,experiments/runs/fm_grasp_protocol_v3/jobs/grasp_protocol_v3__main__swan__swan_sf__seed1104/result.json,0815a23b3626124f60d8a27687dea59afef0737486739fcdd0ee6c477b250df5,metrics[6].metrics.validation_only_control.quantile,0.99
grasp_protocol_v3__main__swan__swan_sf__seed1104,main,swan,swan_sf,1104,completed,experiments/runs/fm_grasp_protocol_v3/jobs/grasp_protocol_v3__main__swan__swan_sf__seed1104/result.json,0815a23b3626124f60d8a27687dea59afef0737486739fcdd0ee6c477b250df5,metrics[6].validation_score_seconds,0.5157299999991665
grasp_protocol_v3__main__swan__swan_sf__seed1104,main,swan,swan_sf,1104,completed,experiments/runs/fm_grasp_protocol_v3/jobs/grasp_protocol_v3__main__swan__swan_sf__seed1104/result.json,0815a23b3626124f60d8a27687dea59afef0737486739fcdd0ee6c477b250df5,metrics[6].test_score_seconds,9.13078819999646
grasp_protocol_v3__main__swan__swan_sf__seed1104,main,swan,swan_sf,1104,completed,experiments/runs/fm_grasp_protocol_v3/jobs/grasp_protocol_v3__main__swan__swan_sf__seed1104/result.json,0815a23b3626124f60d8a27687dea59afef0737486739fcdd0ee6c477b250df5,metrics[6].window_evaluations,71951
grasp_protocol_v3__main__swan__swan_sf__seed1104,main,swan,swan_sf,1104,completed,experiments/runs/fm_grasp_protocol_v3/jobs/grasp_protocol_v3__main__swan__swan_sf__seed1104/result.json,0815a23b3626124f60d8a27687dea59afef0737486739fcdd0ee6c477b250df5,metrics[7].recipe.source_samples,2
grasp_protocol_v3__main__swan__swan_sf__seed1104,main,swan,swan_sf,1104,completed,experiments/runs/fm_grasp_protocol_v3/jobs/grasp_protocol_v3__main__swan__swan_sf__seed1104/result.json,0815a23b3626124f60d8a27687dea59afef0737486739fcdd0ee6c477b250df5,metrics[7].recipe.flow_evaluations,10
grasp_protocol_v3__main__swan__swan_sf__seed1104,main,swan,swan_sf,1104,completed,experiments/runs/fm_grasp_protocol_v3/jobs/grasp_protocol_v3__main__swan__swan_sf__seed1104/result.json,0815a23b3626124f60d8a27687dea59afef0737486739fcdd0ee6c477b250df5,metrics[7].metrics.paper_retrospective.AP,0.5562553646880292
grasp_protocol_v3__main__swan__swan_sf__seed1104,main,swan,swan_sf,1104,completed,experiments/runs/fm_grasp_protocol_v3/jobs/grasp_protocol_v3__main__swan__swan_sf__seed1104/result.json,0815a23b3626124f60d8a27687dea59afef0737486739fcdd0ee6c477b250df5,metrics[7].metrics.paper_retrospective.ROC,0.7369307115674039
grasp_protocol_v3__main__swan__swan_sf__seed1104,main,swan,swan_sf,1104,completed,experiments/runs/fm_grasp_protocol_v3/jobs/grasp_protocol_v3__main__swan__swan_sf__seed1104/result.json,0815a23b3626124f60d8a27687dea59afef0737486739fcdd0ee6c477b250df5,metrics[7].metrics.paper_retrospective.Best_F1,0.5417495205565325
grasp_protocol_v3__main__swan__swan_sf__seed1104,main,swan,swan_sf,1104,completed,experiments/runs/fm_grasp_protocol_v3/jobs/grasp_protocol_v3__main__swan__swan_sf__seed1104/result.json,0815a23b3626124f60d8a27687dea59afef0737486739fcdd0ee6c477b250df5,metrics[7].metrics.validation_only_control.precision,0.357472342754388
grasp_protocol_v3__main__swan__swan_sf__seed1104,main,swan,swan_sf,1104,completed,experiments/runs/fm_grasp_protocol_v3/jobs/grasp_protocol_v3__main__swan__swan_sf__seed1104/result.json,0815a23b3626124f60d8a27687dea59afef0737486739fcdd0ee6c477b250df5,metrics[7].metrics.validation_only_control.recall,0.9099004975124378
grasp_protocol_v3__main__swan__swan_sf__seed1104,main,swan,swan_sf,1104,completed,experiments/runs/fm_grasp_protocol_v3/jobs/grasp_protocol_v3__main__swan__swan_sf__seed1104/result.json,0815a23b3626124f60d8a27687dea59afef0737486739fcdd0ee6c477b250df5,metrics[7].metrics.validation_only_control.f1,0.5132889899245039
grasp_protocol_v3__main__swan__swan_sf__seed1104,main,swan,swan_sf,1104,completed,experiments/runs/fm_grasp_protocol_v3/jobs/grasp_protocol_v3__main__swan__swan_sf__seed1104/result.json,0815a23b3626124f60d8a27687dea59afef0737486739fcdd0ee6c477b250df5,metrics[7].metrics.validation_only_control.threshold,5830.907657226562
grasp_protocol_v3__main__swan__swan_sf__seed1104,main,swan,swan_sf,1104,completed,experiments/runs/fm_grasp_protocol_v3/jobs/grasp_protocol_v3__main__swan__swan_sf__seed1104/result.json,0815a23b3626124f60d8a27687dea59afef0737486739fcdd0ee6c477b250df5,metrics[7].metrics.validation_only_control.quantile,0.99
grasp_protocol_v3__main__swan__swan_sf__seed1104,main,swan,swan_sf,1104,completed,experiments/runs/fm_grasp_protocol_v3/jobs/grasp_protocol_v3__main__swan__swan_sf__seed1104/result.json,0815a23b3626124f60d8a27687dea59afef0737486739fcdd0ee6c477b250df5,metrics[7].validation_score_seconds,0.925486300009652
grasp_protocol_v3__main__swan__swan_sf__seed1104,main,swan,swan_sf,1104,completed,experiments/runs/fm_grasp_protocol_v3/jobs/grasp_protocol_v3__main__swan__swan_sf__seed1104/result.json,0815a23b3626124f60d8a27687dea59afef0737486739fcdd0ee6c477b250df5,metrics[7].test_score_seconds,17.41244369999913
grasp_protocol_v3__main__swan__swan_sf__seed1104,main,swan,swan_sf,1104,completed,experiments/runs/fm_grasp_protocol_v3/jobs/grasp_protocol_v3__main__swan__swan_sf__seed1104/result.json,0815a23b3626124f60d8a27687dea59afef0737486739fcdd0ee6c477b250df5,metrics[7].window_evaluations,71951
grasp_protocol_v3__main__swan__swan_sf__seed1104,main,swan,swan_sf,1104,completed,experiments/runs/fm_grasp_protocol_v3/jobs/grasp_protocol_v3__main__swan__swan_sf__seed1104/result.json,0815a23b3626124f60d8a27687dea59afef0737486739fcdd0ee6c477b250df5,metrics[8].recipe.source_samples,10
grasp_protocol_v3__main__swan__swan_sf__seed1104,main,swan,swan_sf,1104,completed,experiments/runs/fm_grasp_protocol_v3/jobs/grasp_protocol_v3__main__swan__swan_sf__seed1104/result.json,0815a23b3626124f60d8a27687dea59afef0737486739fcdd0ee6c477b250df5,metrics[8].recipe.flow_evaluations,10
grasp_protocol_v3__main__swan__swan_sf__seed1104,main,swan,swan_sf,1104,completed,experiments/runs/fm_grasp_protocol_v3/jobs/grasp_protocol_v3__main__swan__swan_sf__seed1104/result.json,0815a23b3626124f60d8a27687dea59afef0737486739fcdd0ee6c477b250df5,metrics[8].metrics.paper_retrospective.AP,0.5561590246981826
grasp_protocol_v3__main__swan__swan_sf__seed1104,main,swan,swan_sf,1104,completed,experiments/runs/fm_grasp_protocol_v3/jobs/grasp_protocol_v3__main__swan__swan_sf__seed1104/result.json,0815a23b3626124f60d8a27687dea59afef0737486739fcdd0ee6c477b250df5,metrics[8].metrics.paper_retrospective.ROC,0.7368587170122414
grasp_protocol_v3__main__swan__swan_sf__seed1104,main,swan,swan_sf,1104,completed,experiments/runs/fm_grasp_protocol_v3/jobs/grasp_protocol_v3__main__swan__swan_sf__seed1104/result.json,0815a23b3626124f60d8a27687dea59afef0737486739fcdd0ee6c477b250df5,metrics[8].metrics.paper_retrospective.Best_F1,0.5420001665727818
grasp_protocol_v3__main__swan__swan_sf__seed1104,main,swan,swan_sf,1104,completed,experiments/runs/fm_grasp_protocol_v3/jobs/grasp_protocol_v3__main__swan__swan_sf__seed1104/result.json,0815a23b3626124f60d8a27687dea59afef0737486739fcdd0ee6c477b250df5,metrics[8].metrics.validation_only_control.precision,0.35785436114209673
grasp_protocol_v3__main__swan__swan_sf__seed1104,main,swan,swan_sf,1104,completed,experiments/runs/fm_grasp_protocol_v3/jobs/grasp_protocol_v3__main__swan__swan_sf__seed1104/result.json,0815a23b3626124f60d8a27687dea59afef0737486739fcdd0ee6c477b250df5,metrics[8].metrics.validation_only_control.recall,0.9097512437810945
grasp_protocol_v3__main__swan__swan_sf__seed1104,main,swan,swan_sf,1104,completed,experiments/runs/fm_grasp_protocol_v3/jobs/grasp_protocol_v3__main__swan__swan_sf__seed1104/result.json,0815a23b3626124f60d8a27687dea59afef0737486739fcdd0ee6c477b250df5,metrics[8].metrics.validation_only_control.f1,0.5136588997036475
grasp_protocol_v3__main__swan__swan_sf__seed1104,main,swan,swan_sf,1104,completed,experiments/runs/fm_grasp_protocol_v3/jobs/grasp_protocol_v3__main__swan__swan_sf__seed1104/result.json,0815a23b3626124f60d8a27687dea59afef0737486739fcdd0ee6c477b250df5,metrics[8].metrics.validation_only_control.threshold,5839.7520361328125
grasp_protocol_v3__main__swan__swan_sf__seed1104,main,swan,swan_sf,1104,completed,experiments/runs/fm_grasp_protocol_v3/jobs/grasp_protocol_v3__main__swan__swan_sf__seed1104/result.json,0815a23b3626124f60d8a27687dea59afef0737486739fcdd0ee6c477b250df5,metrics[8].metrics.validation_only_control.quantile,0.99
grasp_protocol_v3__main__swan__swan_sf__seed1104,main,swan,swan_sf,1104,completed,experiments/runs/fm_grasp_protocol_v3/jobs/grasp_protocol_v3__main__swan__swan_sf__seed1104/result.json,0815a23b3626124f60d8a27687dea59afef0737486739fcdd0ee6c477b250df5,metrics[8].validation_score_seconds,4.107969499993487
grasp_protocol_v3__main__swan__swan_sf__seed1104,main,swan,swan_sf,1104,completed,experiments/runs/fm_grasp_protocol_v3/jobs/grasp_protocol_v3__main__swan__swan_sf__seed1104/result.json,0815a23b3626124f60d8a27687dea59afef0737486739fcdd0ee6c477b250df5,metrics[8].test_score_seconds,70.18204780000087
grasp_protocol_v3__main__swan__swan_sf__seed1104,main,swan,swan_sf,1104,completed,experiments/runs/fm_grasp_protocol_v3/jobs/grasp_protocol_v3__main__swan__swan_sf__seed1104/result.json,0815a23b3626124f60d8a27687dea59afef0737486739fcdd0ee6c477b250df5,metrics[8].window_evaluations,71951
grasp_protocol_v3__main__swan__swan_sf__seed1104,main,swan,swan_sf,1104,completed,experiments/runs/fm_grasp_protocol_v3/jobs/grasp_protocol_v3__main__swan__swan_sf__seed1104/result.json,0815a23b3626124f60d8a27687dea59afef0737486739fcdd0ee6c477b250df5,metrics[9].recipe.source_samples,20
grasp_protocol_v3__main__swan__swan_sf__seed1104,main,swan,swan_sf,1104,completed,experiments/runs/fm_grasp_protocol_v3/jobs/grasp_protocol_v3__main__swan__swan_sf__seed1104/result.json,0815a23b3626124f60d8a27687dea59afef0737486739fcdd0ee6c477b250df5,metrics[9].recipe.flow_evaluations,10
grasp_protocol_v3__main__swan__swan_sf__seed1104,main,swan,swan_sf,1104,completed,experiments/runs/fm_grasp_protocol_v3/jobs/grasp_protocol_v3__main__swan__swan_sf__seed1104/result.json,0815a23b3626124f60d8a27687dea59afef0737486739fcdd0ee6c477b250df5,metrics[9].metrics.paper_retrospective.AP,0.5561598252419686
grasp_protocol_v3__main__swan__swan_sf__seed1104,main,swan,swan_sf,1104,completed,experiments/runs/fm_grasp_protocol_v3/jobs/grasp_protocol_v3__main__swan__swan_sf__seed1104/result.json,0815a23b3626124f60d8a27687dea59afef0737486739fcdd0ee6c477b250df5,metrics[9].metrics.paper_retrospective.ROC,0.7368655254555738
grasp_protocol_v3__main__swan__swan_sf__seed1104,main,swan,swan_sf,1104,completed,experiments/runs/fm_grasp_protocol_v3/jobs/grasp_protocol_v3__main__swan__swan_sf__seed1104/result.json,0815a23b3626124f60d8a27687dea59afef0737486739fcdd0ee6c477b250df5,metrics[9].metrics.paper_retrospective.Best_F1,0.5419206459769905
grasp_protocol_v3__main__swan__swan_sf__seed1104,main,swan,swan_sf,1104,completed,experiments/runs/fm_grasp_protocol_v3/jobs/grasp_protocol_v3__main__swan__swan_sf__seed1104/result.json,0815a23b3626124f60d8a27687dea59afef0737486739fcdd0ee6c477b250df5,metrics[9].metrics.validation_only_control.precision,0.35803581925774974
grasp_protocol_v3__main__swan__swan_sf__seed1104,main,swan,swan_sf,1104,completed,experiments/runs/fm_grasp_protocol_v3/jobs/grasp_protocol_v3__main__swan__swan_sf__seed1104/result.json,0815a23b3626124f60d8a27687dea59afef0737486739fcdd0ee6c477b250df5,metrics[9].metrics.validation_only_control.recall,0.9090547263681592
grasp_protocol_v3__main__swan__swan_sf__seed1104,main,swan,swan_sf,1104,completed,experiments/runs/fm_grasp_protocol_v3/jobs/grasp_protocol_v3__main__swan__swan_sf__seed1104/result.json,0815a23b3626124f60d8a27687dea59afef0737486739fcdd0ee6c477b250df5,metrics[9].metrics.validation_only_control.f1,0.5137346416622149
grasp_protocol_v3__main__swan__swan_sf__seed1104,main,swan,swan_sf,1104,completed,experiments/runs/fm_grasp_protocol_v3/jobs/grasp_protocol_v3__main__swan__swan_sf__seed1104/result.json,0815a23b3626124f60d8a27687dea59afef0737486739fcdd0ee6c477b250df5,metrics[9].metrics.validation_only_control.threshold,5843.837420117187
grasp_protocol_v3__main__swan__swan_sf__seed1104,main,swan,swan_sf,1104,completed,experiments/runs/fm_grasp_protocol_v3/jobs/grasp_protocol_v3__main__swan__swan_sf__seed1104/result.json,0815a23b3626124f60d8a27687dea59afef0737486739fcdd0ee6c477b250df5,metrics[9].metrics.validation_only_control.quantile,0.99
grasp_protocol_v3__main__swan__swan_sf__seed1104,main,swan,swan_sf,1104,completed,experiments/runs/fm_grasp_protocol_v3/jobs/grasp_protocol_v3__main__swan__swan_sf__seed1104/result.json,0815a23b3626124f60d8a27687dea59afef0737486739fcdd0ee6c477b250df5,metrics[9].validation_score_seconds,7.89829510000709
grasp_protocol_v3__main__swan__swan_sf__seed1104,main,swan,swan_sf,1104,completed,experiments/runs/fm_grasp_protocol_v3/jobs/grasp_protocol_v3__main__swan__swan_sf__seed1104/result.json,0815a23b3626124f60d8a27687dea59afef0737486739fcdd0ee6c477b250df5,metrics[9].test_score_seconds,137.34522980000474
grasp_protocol_v3__main__swan__swan_sf__seed1104,main,swan,swan_sf,1104,completed,experiments/runs/fm_grasp_protocol_v3/jobs/grasp_protocol_v3__main__swan__swan_sf__seed1104/result.json,0815a23b3626124f60d8a27687dea59afef0737486739fcdd0ee6c477b250df5,metrics[9].window_evaluations,71951
grasp_protocol_v3__main__swan__swan_sf__seed1104,main,swan,swan_sf,1104,completed,experiments/runs/fm_grasp_protocol_v3/jobs/grasp_protocol_v3__main__swan__swan_sf__seed1104/result.json,0815a23b3626124f60d8a27687dea59afef0737486739fcdd0ee6c477b250df5,data_audit.raw_train_points,19672
grasp_protocol_v3__main__swan__swan_sf__seed1104,main,swan,swan_sf,1104,completed,experiments/runs/fm_grasp_protocol_v3/jobs/grasp_protocol_v3__main__swan__swan_sf__seed1104/result.json,0815a23b3626124f60d8a27687dea59afef0737486739fcdd0ee6c477b250df5,data_audit.split_cut,15737
grasp_protocol_v3__main__swan__swan_sf__seed1104,main,swan,swan_sf,1104,completed,experiments/runs/fm_grasp_protocol_v3/jobs/grasp_protocol_v3__main__swan__swan_sf__seed1104/result.json,0815a23b3626124f60d8a27687dea59afef0737486739fcdd0ee6c477b250df5,data_audit.fit_points,15737
grasp_protocol_v3__main__swan__swan_sf__seed1104,main,swan,swan_sf,1104,completed,experiments/runs/fm_grasp_protocol_v3/jobs/grasp_protocol_v3__main__swan__swan_sf__seed1104/result.json,0815a23b3626124f60d8a27687dea59afef0737486739fcdd0ee6c477b250df5,data_audit.validation_points,3935
grasp_protocol_v3__main__swan__swan_sf__seed1104,main,swan,swan_sf,1104,completed,experiments/runs/fm_grasp_protocol_v3/jobs/grasp_protocol_v3__main__swan__swan_sf__seed1104/result.json,0815a23b3626124f60d8a27687dea59afef0737486739fcdd0ee6c477b250df5,data_audit.test_points,72000
grasp_protocol_v3__main__swan__swan_sf__seed1104,main,swan,swan_sf,1104,completed,experiments/runs/fm_grasp_protocol_v3/jobs/grasp_protocol_v3__main__swan__swan_sf__seed1104/result.json,0815a23b3626124f60d8a27687dea59afef0737486739fcdd0ee6c477b250df5,data_audit.test_anomaly_points,20100
grasp_protocol_v3__main__swan__swan_sf__seed1104,main,swan,swan_sf,1104,completed,experiments/runs/fm_grasp_protocol_v3/jobs/grasp_protocol_v3__main__swan__swan_sf__seed1104/result.json,0815a23b3626124f60d8a27687dea59afef0737486739fcdd0ee6c477b250df5,data_audit.features,38
grasp_protocol_v3__main__swan__swan_sf__seed1104,main,swan,swan_sf,1104,completed,experiments/runs/fm_grasp_protocol_v3/jobs/grasp_protocol_v3__main__swan__swan_sf__seed1104/result.json,0815a23b3626124f60d8a27687dea59afef0737486739fcdd0ee6c477b250df5,data_audit.paper_variables,39
grasp_protocol_v3__main__swan__swan_sf__seed1104,main,swan,swan_sf,1104,completed,experiments/runs/fm_grasp_protocol_v3/jobs/grasp_protocol_v3__main__swan__swan_sf__seed1104/result.json,0815a23b3626124f60d8a27687dea59afef0737486739fcdd0ee6c477b250df5,data_audit.fit_window_count,15688
grasp_protocol_v3__main__swan__swan_sf__seed1104,main,swan,swan_sf,1104,completed,experiments/runs/fm_grasp_protocol_v3/jobs/grasp_protocol_v3__main__swan__swan_sf__seed1104/result.json,0815a23b3626124f60d8a27687dea59afef0737486739fcdd0ee6c477b250df5,data_audit.validation_window_count,3886
grasp_protocol_v3__main__swan__swan_sf__seed1104,main,swan,swan_sf,1104,completed,experiments/runs/fm_grasp_protocol_v3/jobs/grasp_protocol_v3__main__swan__swan_sf__seed1104/result.json,0815a23b3626124f60d8a27687dea59afef0737486739fcdd0ee6c477b250df5,data_audit.test_window_count,71951
grasp_protocol_v3__main__swan__swan_sf__seed1104,main,swan,swan_sf,1104,completed,experiments/runs/fm_grasp_protocol_v3/jobs/grasp_protocol_v3__main__swan__swan_sf__seed1104/result.json,0815a23b3626124f60d8a27687dea59afef0737486739fcdd0ee6c477b250df5,data_audit.source_audit.training_anomaly_points,0
grasp_protocol_v3__main__swan__swan_sf__seed1104,main,swan,swan_sf,1104,completed,experiments/runs/fm_grasp_protocol_v3/jobs/grasp_protocol_v3__main__swan__swan_sf__seed1104/result.json,0815a23b3626124f60d8a27687dea59afef0737486739fcdd0ee6c477b250df5,data_audit.train_only_scaler.median[0],109.79161766427605
grasp_protocol_v3__main__swan__swan_sf__seed1104,main,swan,swan_sf,1104,completed,experiments/runs/fm_grasp_protocol_v3/jobs/grasp_protocol_v3__main__swan__swan_sf__seed1104/result.json,0815a23b3626124f60d8a27687dea59afef0737486739fcdd0ee6c477b250df5,data_audit.train_only_scaler.median[1],902576622.3893
grasp_protocol_v3__main__swan__swan_sf__seed1104,main,swan,swan_sf,1104,completed,experiments/runs/fm_grasp_protocol_v3/jobs/grasp_protocol_v3__main__swan__swan_sf__seed1104/result.json,0815a23b3626124f60d8a27687dea59afef0737486739fcdd0ee6c477b250df5,data_audit.train_only_scaler.median[2],7.167510432855177e+21
grasp_protocol_v3__main__swan__swan_sf__seed1104,main,swan,swan_sf,1104,completed,experiments/runs/fm_grasp_protocol_v3/jobs/grasp_protocol_v3__main__swan__swan_sf__seed1104/result.json,0815a23b3626124f60d8a27687dea59afef0737486739fcdd0ee6c477b250df5,data_audit.train_only_scaler.median[3],2295775301630.038
grasp_protocol_v3__main__swan__swan_sf__seed1104,main,swan,swan_sf,1104,completed,experiments/runs/fm_grasp_protocol_v3/jobs/grasp_protocol_v3__main__swan__swan_sf__seed1104/result.json,0815a23b3626124f60d8a27687dea59afef0737486739fcdd0ee6c477b250df5,data_audit.train_only_scaler.median[4],7.525211717955138
grasp_protocol_v3__main__swan__swan_sf__seed1104,main,swan,swan_sf,1104,completed,experiments/runs/fm_grasp_protocol_v3/jobs/grasp_protocol_v3__main__swan__swan_sf__seed1104/result.json,0815a23b3626124f60d8a27687dea59afef0737486739fcdd0ee6c477b250df5,data_audit.train_only_scaler.median[5],644965299185.6748
grasp_protocol_v3__main__swan__swan_sf__seed1104,main,swan,swan_sf,1104,completed,experiments/runs/fm_grasp_protocol_v3/jobs/grasp_protocol_v3__main__swan__swan_sf__seed1104/result.json,0815a23b3626124f60d8a27687dea59afef0737486739fcdd0ee6c477b250df5,data_audit.train_only_scaler.median[6],1.5930829208471184e+21
grasp_protocol_v3__main__swan__swan_sf__seed1104,main,swan,swan_sf,1104,completed,experiments/runs/fm_grasp_protocol_v3/jobs/grasp_protocol_v3__main__swan__swan_sf__seed1104/result.json,0815a23b3626124f60d8a27687dea59afef0737486739fcdd0ee6c477b250df5,data_audit.train_only_scaler.median[7],-6.896515213991394e+23
grasp_protocol_v3__main__swan__swan_sf__seed1104,main,swan,swan_sf,1104,completed,experiments/runs/fm_grasp_protocol_v3/jobs/grasp_protocol_v3__main__swan__swan_sf__seed1104/result.json,0815a23b3626124f60d8a27687dea59afef0737486739fcdd0ee6c477b250df5,data_audit.train_only_scaler.median[8],1881.226580056299
grasp_protocol_v3__main__swan__swan_sf__seed1104,main,swan,swan_sf,1104,completed,experiments/runs/fm_grasp_protocol_v3/jobs/grasp_protocol_v3__main__swan__swan_sf__seed1104/result.json,0815a23b3626124f60d8a27687dea59afef0737486739fcdd0ee6c477b250df5,data_audit.train_only_scaler.median[9],-0.5826949720780651
grasp_protocol_v3__main__swan__swan_sf__seed1104,main,swan,swan_sf,1104,completed,experiments/runs/fm_grasp_protocol_v3/jobs/grasp_protocol_v3__main__swan__swan_sf__seed1104/result.json,0815a23b3626124f60d8a27687dea59afef0737486739fcdd0ee6c477b250df5,data_audit.train_only_scaler.median[10],23.2614382342434
grasp_protocol_v3__main__swan__swan_sf__seed1104,main,swan,swan_sf,1104,completed,experiments/runs/fm_grasp_protocol_v3/jobs/grasp_protocol_v3__main__swan__swan_sf__seed1104/result.json,0815a23b3626124f60d8a27687dea59afef0737486739fcdd0ee6c477b250df5,data_audit.train_only_scaler.median[11],4.1031652989449015
grasp_protocol_v3__main__swan__swan_sf__seed1104,main,swan,swan_sf,1104,completed,experiments/runs/fm_grasp_protocol_v3/jobs/grasp_protocol_v3__main__swan__swan_sf__seed1104/result.json,0815a23b3626124f60d8a27687dea59afef0737486739fcdd0ee6c477b250df5,data_audit.train_only_scaler.median[12],30.334544652596342
grasp_protocol_v3__main__swan__swan_sf__seed1104,main,swan,swan_sf,1104,completed,experiments/runs/fm_grasp_protocol_v3/jobs/grasp_protocol_v3__main__swan__swan_sf__seed1104/result.json,0815a23b3626124f60d8a27687dea59afef0737486739fcdd0ee6c477b250df5,data_audit.train_only_scaler.median[13],123.55687630744043
grasp_protocol_v3__main__swan__swan_sf__seed1104,main,swan,swan_sf,1104,completed,experiments/runs/fm_grasp_protocol_v3/jobs/grasp_protocol_v3__main__swan__swan_sf__seed1104/result.json,0815a23b3626124f60d8a27687dea59afef0737486739fcdd0ee6c477b250df5,data_audit.train_only_scaler.median[14],124.10909511835108
grasp_protocol_v3__main__swan__swan_sf__seed1104,main,swan,swan_sf,1104,completed,experiments/runs/fm_grasp_protocol_v3/jobs/grasp_protocol_v3__main__swan__swan_sf__seed1104/result.json,0815a23b3626124f60d8a27687dea59afef0737486739fcdd0ee6c477b250df5,data_audit.train_only_scaler.median[15],53.50452393957681
grasp_protocol_v3__main__swan__swan_sf__seed1104,main,swan,swan_sf,1104,completed,experiments/runs/fm_grasp_protocol_v3/jobs/grasp_protocol_v3__main__swan__swan_sf__seed1104/result.json,0815a23b3626124f60d8a27687dea59afef0737486739fcdd0ee6c477b250df5,data_audit.train_only_scaler.median[16],0.0007316367027569
grasp_protocol_v3__main__swan__swan_sf__seed1104,main,swan,swan_sf,1104,completed,experiments/runs/fm_grasp_protocol_v3/jobs/grasp_protocol_v3__main__swan__swan_sf__seed1104/result.json,0815a23b3626124f60d8a27687dea59afef0737486739fcdd0ee6c477b250df5,data_audit.train_only_scaler.median[17],-1.612043362204535e+22
grasp_protocol_v3__main__swan__swan_sf__seed1104,main,swan,swan_sf,1104,completed,experiments/runs/fm_grasp_protocol_v3/jobs/grasp_protocol_v3__main__swan__swan_sf__seed1104/result.json,0815a23b3626124f60d8a27687dea59afef0737486739fcdd0ee6c477b250df5,data_audit.train_only_scaler.median[18],0.1806838037433196
grasp_protocol_v3__main__swan__swan_sf__seed1104,main,swan,swan_sf,1104,completed,experiments/runs/fm_grasp_protocol_v3/jobs/grasp_protocol_v3__main__swan__swan_sf__seed1104/result.json,0815a23b3626124f60d8a27687dea59afef0737486739fcdd0ee6c477b250df5,data_audit.train_only_scaler.median[19],0.0024643825097276
grasp_protocol_v3__main__swan__swan_sf__seed1104,main,swan,swan_sf,1104,completed,experiments/runs/fm_grasp_protocol_v3/jobs/grasp_protocol_v3__main__swan__swan_sf__seed1104/result.json,0815a23b3626124f60d8a27687dea59afef0737486739fcdd0ee6c477b250df5,data_audit.train_only_scaler.median[20],-1.7582466676047812e+22
grasp_protocol_v3__main__swan__swan_sf__seed1104,main,swan,swan_sf,1104,completed,experiments/runs/fm_grasp_protocol_v3/jobs/grasp_protocol_v3__main__swan__swan_sf__seed1104/result.json,0815a23b3626124f60d8a27687dea59afef0737486739fcdd0ee6c477b250df5,data_audit.train_only_scaler.median[21],0.0248835927535584
grasp_protocol_v3__main__swan__swan_sf__seed1104,main,swan,swan_sf,1104,completed,experiments/runs/fm_grasp_protocol_v3/jobs/grasp_protocol_v3__main__swan__swan_sf__seed1104/result.json,0815a23b3626124f60d8a27687dea59afef0737486739fcdd0ee6c477b250df5,data_audit.train_only_scaler.median[22],0.0411580664279638
grasp_protocol_v3__main__swan__swan_sf__seed1104,main,swan,swan_sf,1104,completed,experiments/runs/fm_grasp_protocol_v3/jobs/grasp_protocol_v3__main__swan__swan_sf__seed1104/result.json,0815a23b3626124f60d8a27687dea59afef0737486739fcdd0ee6c477b250df5,data_audit.train_only_scaler.median[23],0.0
grasp_protocol_v3__main__swan__swan_sf__seed1104,main,swan,swan_sf,1104,completed,experiments/runs/fm_grasp_protocol_v3/jobs/grasp_protocol_v3__main__swan__swan_sf__seed1104/result.json,0815a23b3626124f60d8a27687dea59afef0737486739fcdd0ee6c477b250df5,data_audit.train_only_scaler.median[24],223.862839
grasp_protocol_v3__main__swan__swan_sf__seed1104,main,swan,swan_sf,1104,completed,experiments/runs/fm_grasp_protocol_v3/jobs/grasp_protocol_v3__main__swan__swan_sf__seed1104/result.json,0815a23b3626124f60d8a27687dea59afef0737486739fcdd0ee6c477b250df5,data_audit.train_only_scaler.median[25],263.178192
grasp_protocol_v3__main__swan__swan_sf__seed1104,main,swan,swan_sf,1104,completed,experiments/runs/fm_grasp_protocol_v3/jobs/grasp_protocol_v3__main__swan__swan_sf__seed1104/result.json,0815a23b3626124f60d8a27687dea59afef0737486739fcdd0ee6c477b250df5,data_audit.train_only_scaler.median[26],3.667938
grasp_protocol_v3__main__swan__swan_sf__seed1104,main,swan,swan_sf,1104,completed,experiments/runs/fm_grasp_protocol_v3/jobs/grasp_protocol_v3__main__swan__swan_sf__seed1104/result.json,0815a23b3626124f60d8a27687dea59afef0737486739fcdd0ee6c477b250df5,data_audit.train_only_scaler.median[27],-2.074256
grasp_protocol_v3__main__swan__swan_sf__seed1104,main,swan,swan_sf,1104,completed,experiments/runs/fm_grasp_protocol_v3/jobs/grasp_protocol_v3__main__swan__swan_sf__seed1104/result.json,0815a23b3626124f60d8a27687dea59afef0737486739fcdd0ee6c477b250df5,data_audit.train_only_scaler.median[28],6.692411
grasp_protocol_v3__main__swan__swan_sf__seed1104,main,swan,swan_sf,1104,completed,experiments/runs/fm_grasp_protocol_v3/jobs/grasp_protocol_v3__main__swan__swan_sf__seed1104/result.json,0815a23b3626124f60d8a27687dea59afef0737486739fcdd0ee6c477b250df5,data_audit.train_only_scaler.median[29],10.207301
grasp_protocol_v3__main__swan__swan_sf__seed1104,main,swan,swan_sf,1104,completed,experiments/runs/fm_grasp_protocol_v3/jobs/grasp_protocol_v3__main__swan__swan_sf__seed1104/result.json,0815a23b3626124f60d8a27687dea59afef0737486739fcdd0ee6c477b250df5,data_audit.train_only_scaler.median[30],0.0
grasp_protocol_v3__main__swan__swan_sf__seed1104,main,swan,swan_sf,1104,completed,experiments/runs/fm_grasp_protocol_v3/jobs/grasp_protocol_v3__main__swan__swan_sf__seed1104/result.json,0815a23b3626124f60d8a27687dea59afef0737486739fcdd0ee6c477b250df5,data_audit.train_only_scaler.median[31],1.0
grasp_protocol_v3__main__swan__swan_sf__seed1104,main,swan,swan_sf,1104,completed,experiments/runs/fm_grasp_protocol_v3/jobs/grasp_protocol_v3__main__swan__swan_sf__seed1104/result.json,0815a23b3626124f60d8a27687dea59afef0737486739fcdd0ee6c477b250df5,data_audit.train_only_scaler.median[32],0.0
grasp_protocol_v3__main__swan__swan_sf__seed1104,main,swan,swan_sf,1104,completed,experiments/runs/fm_grasp_protocol_v3/jobs/grasp_protocol_v3__main__swan__swan_sf__seed1104/result.json,0815a23b3626124f60d8a27687dea59afef0737486739fcdd0ee6c477b250df5,data_audit.train_only_scaler.median[33],0.0
grasp_protocol_v3__main__swan__swan_sf__seed1104,main,swan,swan_sf,1104,completed,experiments/runs/fm_grasp_protocol_v3/jobs/grasp_protocol_v3__main__swan__swan_sf__seed1104/result.json,0815a23b3626124f60d8a27687dea59afef0737486739fcdd0ee6c477b250df5,data_audit.train_only_scaler.median[34],0.0
grasp_protocol_v3__main__swan__swan_sf__seed1104,main,swan,swan_sf,1104,completed,experiments/runs/fm_grasp_protocol_v3/jobs/grasp_protocol_v3__main__swan__swan_sf__seed1104/result.json,0815a23b3626124f60d8a27687dea59afef0737486739fcdd0ee6c477b250df5,data_audit.train_only_scaler.median[35],0.0
grasp_protocol_v3__main__swan__swan_sf__seed1104,main,swan,swan_sf,1104,completed,experiments/runs/fm_grasp_protocol_v3/jobs/grasp_protocol_v3__main__swan__swan_sf__seed1104/result.json,0815a23b3626124f60d8a27687dea59afef0737486739fcdd0ee6c477b250df5,data_audit.train_only_scaler.median[36],1.23e-06
grasp_protocol_v3__main__swan__swan_sf__seed1104,main,swan,swan_sf,1104,completed,experiments/runs/fm_grasp_protocol_v3/jobs/grasp_protocol_v3__main__swan__swan_sf__seed1104/result.json,0815a23b3626124f60d8a27687dea59afef0737486739fcdd0ee6c477b250df5,data_audit.train_only_scaler.median[37],12.0
grasp_protocol_v3__main__swan__swan_sf__seed1104,main,swan,swan_sf,1104,completed,experiments/runs/fm_grasp_protocol_v3/jobs/grasp_protocol_v3__main__swan__swan_sf__seed1104/result.json,0815a23b3626124f60d8a27687dea59afef0737486739fcdd0ee6c477b250df5,data_audit.train_only_scaler.mean[0],305.1626169607622
grasp_protocol_v3__main__swan__swan_sf__seed1104,main,swan,swan_sf,1104,completed,experiments/runs/fm_grasp_protocol_v3/jobs/grasp_protocol_v3__main__swan__swan_sf__seed1104/result.json,0815a23b3626124f60d8a27687dea59afef0737486739fcdd0ee6c477b250df5,data_audit.train_only_scaler.mean[1],3891992090.7515807
grasp_protocol_v3__main__swan__swan_sf__seed1104,main,swan,swan_sf,1104,completed,experiments/runs/fm_grasp_protocol_v3/jobs/grasp_protocol_v3__main__swan__swan_sf__seed1104/result.json,0815a23b3626124f60d8a27687dea59afef0737486739fcdd0ee6c477b250df5,data_audit.train_only_scaler.mean[2],1.0852574129680566e+23
grasp_protocol_v3__main__swan__swan_sf__seed1104,main,swan,swan_sf,1104,completed,experiments/runs/fm_grasp_protocol_v3/jobs/grasp_protocol_v3__main__swan__swan_sf__seed1104/result.json,0815a23b3626124f60d8a27687dea59afef0737486739fcdd0ee6c477b250df5,data_audit.train_only_scaler.mean[3],6278208406547.6875
grasp_protocol_v3__main__swan__swan_sf__seed1104,main,swan,swan_sf,1104,completed,experiments/runs/fm_grasp_protocol_v3/jobs/grasp_protocol_v3__main__swan__swan_sf__seed1104/result.json,0815a23b3626124f60d8a27687dea59afef0737486739fcdd0ee6c477b250df5,data_audit.train_only_scaler.mean[4],41.4241013709116
grasp_protocol_v3__main__swan__swan_sf__seed1104,main,swan,swan_sf,1104,completed,experiments/runs/fm_grasp_protocol_v3/jobs/grasp_protocol_v3__main__swan__swan_sf__seed1104/result.json,0815a23b3626124f60d8a27687dea59afef0737486739fcdd0ee6c477b250df5,data_audit.train_only_scaler.mean[5],2144531812602.708
grasp_protocol_v3__main__swan__swan_sf__seed1104,main,swan,swan_sf,1104,completed,experiments/runs/fm_grasp_protocol_v3/jobs/grasp_protocol_v3__main__swan__swan_sf__seed1104/result.json,0815a23b3626124f60d8a27687dea59afef0737486739fcdd0ee6c477b250df5,data_audit.train_only_scaler.mean[6],4.5793002135186697e+21
grasp_protocol_v3__main__swan__swan_sf__seed1104,main,swan,swan_sf,1104,completed,experiments/runs/fm_grasp_protocol_v3/jobs/grasp_protocol_v3__main__swan__swan_sf__seed1104/result.json,0815a23b3626124f60d8a27687dea59afef0737486739fcdd0ee6c477b250df5,data_audit.train_only_scaler.mean[7],-1.8388628813093173e+24
grasp_protocol_v3__main__swan__swan_sf__seed1104,main,swan,swan_sf,1104,completed,experiments/runs/fm_grasp_protocol_v3/jobs/grasp_protocol_v3__main__swan__swan_sf__seed1104/result.json,0815a23b3626124f60d8a27687dea59afef0737486739fcdd0ee6c477b250df5,data_audit.train_only_scaler.mean[8],436248.2433815505
grasp_protocol_v3__main__swan__swan_sf__seed1104,main,swan,swan_sf,1104,completed,experiments/runs/fm_grasp_protocol_v3/jobs/grasp_protocol_v3__main__swan__swan_sf__seed1104/result.json,0815a23b3626124f60d8a27687dea59afef0737486739fcdd0ee6c477b250df5,data_audit.train_only_scaler.mean[9],-0.5304256504971101
grasp_protocol_v3__main__swan__swan_sf__seed1104,main,swan,swan_sf,1104,completed,experiments/runs/fm_grasp_protocol_v3/jobs/grasp_protocol_v3__main__swan__swan_sf__seed1104/result.json,0815a23b3626124f60d8a27687dea59afef0737486739fcdd0ee6c477b250df5,data_audit.train_only_scaler.mean[10],26.18927621491827
grasp_protocol_v3__main__swan__swan_sf__seed1104,main,swan,swan_sf,1104,completed,experiments/runs/fm_grasp_protocol_v3/jobs/grasp_protocol_v3__main__swan__swan_sf__seed1104/result.json,0815a23b3626124f60d8a27687dea59afef0737486739fcdd0ee6c477b250df5,data_audit.train_only_scaler.mean[11],11.104307795097283
grasp_protocol_v3__main__swan__swan_sf__seed1104,main,swan,swan_sf,1104,completed,experiments/runs/fm_grasp_protocol_v3/jobs/grasp_protocol_v3__main__swan__swan_sf__seed1104/result.json,0815a23b3626124f60d8a27687dea59afef0737486739fcdd0ee6c477b250df5,data_audit.train_only_scaler.mean[12],34.1471406854236
grasp_protocol_v3__main__swan__swan_sf__seed1104,main,swan,swan_sf,1104,completed,experiments/runs/fm_grasp_protocol_v3/jobs/grasp_protocol_v3__main__swan__swan_sf__seed1104/result.json,0815a23b3626124f60d8a27687dea59afef0737486739fcdd0ee6c477b250df5,data_audit.train_only_scaler.mean[13],121.46471916884391
grasp_protocol_v3__main__swan__swan_sf__seed1104,main,swan,swan_sf,1104,completed,experiments/runs/fm_grasp_protocol_v3/jobs/grasp_protocol_v3__main__swan__swan_sf__seed1104/result.json,0815a23b3626124f60d8a27687dea59afef0737486739fcdd0ee6c477b250df5,data_audit.train_only_scaler.mean[14],122.77046639364936
grasp_protocol_v3__main__swan__swan_sf__seed1104,main,swan,swan_sf,1104,completed,experiments/runs/fm_grasp_protocol_v3/jobs/grasp_protocol_v3__main__swan__swan_sf__seed1104/result.json,0815a23b3626124f60d8a27687dea59afef0737486739fcdd0ee6c477b250df5,data_audit.train_only_scaler.mean[15],54.72076190157697
grasp_protocol_v3__main__swan__swan_sf__seed1104,main,swan,swan_sf,1104,completed,experiments/runs/fm_grasp_protocol_v3/jobs/grasp_protocol_v3__main__swan__swan_sf__seed1104/result.json,0815a23b3626124f60d8a27687dea59afef0737486739fcdd0ee6c477b250df5,data_audit.train_only_scaler.mean[16],0.0004028268090018369
grasp_protocol_v3__main__swan__swan_sf__seed1104,main,swan,swan_sf,1104,completed,experiments/runs/fm_grasp_protocol_v3/jobs/grasp_protocol_v3__main__swan__swan_sf__seed1104/result.json,0815a23b3626124f60d8a27687dea59afef0737486739fcdd0ee6c477b250df5,data_audit.train_only_scaler.mean[17],-1.085305984839892e+23
grasp_protocol_v3__main__swan__swan_sf__seed1104,main,swan,swan_sf,1104,completed,experiments/runs/fm_grasp_protocol_v3/jobs/grasp_protocol_v3__main__swan__swan_sf__seed1104/result.json,0815a23b3626124f60d8a27687dea59afef0737486739fcdd0ee6c477b250df5,data_audit.train_only_scaler.mean[18],0.3314377587114313
grasp_protocol_v3__main__swan__swan_sf__seed1104,main,swan,swan_sf,1104,completed,experiments/runs/fm_grasp_protocol_v3/jobs/grasp_protocol_v3__main__swan__swan_sf__seed1104/result.json,0815a23b3626124f60d8a27687dea59afef0737486739fcdd0ee6c477b250df5,data_audit.train_only_scaler.mean[19],0.0017608309675426538
grasp_protocol_v3__main__swan__swan_sf__seed1104,main,swan,swan_sf,1104,completed,experiments/runs/fm_grasp_protocol_v3/jobs/grasp_protocol_v3__main__swan__swan_sf__seed1104/result.json,0815a23b3626124f60d8a27687dea59afef0737486739fcdd0ee6c477b250df5,data_audit.train_only_scaler.mean[20],-6.4804778061874636e+22
grasp_protocol_v3__main__swan__swan_sf__seed1104,main,swan,swan_sf,1104,completed,experiments/runs/fm_grasp_protocol_v3/jobs/grasp_protocol_v3__main__swan__swan_sf__seed1104/result.json,0815a23b3626124f60d8a27687dea59afef0737486739fcdd0ee6c477b250df5,data_audit.train_only_scaler.mean[21],0.012395267187078311
grasp_protocol_v3__main__swan__swan_sf__seed1104,main,swan,swan_sf,1104,completed,experiments/runs/fm_grasp_protocol_v3/jobs/grasp_protocol_v3__main__swan__swan_sf__seed1104/result.json,0815a23b3626124f60d8a27687dea59afef0737486739fcdd0ee6c477b250df5,data_audit.train_only_scaler.mean[22],0.018506858863011996
grasp_protocol_v3__main__swan__swan_sf__seed1104,main,swan,swan_sf,1104,completed,experiments/runs/fm_grasp_protocol_v3/jobs/grasp_protocol_v3__main__swan__swan_sf__seed1104/result.json,0815a23b3626124f60d8a27687dea59afef0737486739fcdd0ee6c477b250df5,data_audit.train_only_scaler.mean[23],1.418514473790745
grasp_protocol_v3__main__swan__swan_sf__seed1104,main,swan,swan_sf,1104,completed,experiments/runs/fm_grasp_protocol_v3/jobs/grasp_protocol_v3__main__swan__swan_sf__seed1104/result.json,0815a23b3626124f60d8a27687dea59afef0737486739fcdd0ee6c477b250df5,data_audit.train_only_scaler.mean[24],201.065698432738
grasp_protocol_v3__main__swan__swan_sf__seed1104,main,swan,swan_sf,1104,completed,experiments/runs/fm_grasp_protocol_v3/jobs/grasp_protocol_v3__main__swan__swan_sf__seed1104/result.json,0815a23b3626124f60d8a27687dea59afef0737486739fcdd0ee6c477b250df5,data_audit.train_only_scaler.mean[25],198.70728841208506
grasp_protocol_v3__main__swan__swan_sf__seed1104,main,swan,swan_sf,1104,completed,experiments/runs/fm_grasp_protocol_v3/jobs/grasp_protocol_v3__main__swan__swan_sf__seed1104/result.json,0815a23b3626124f60d8a27687dea59afef0737486739fcdd0ee6c477b250df5,data_audit.train_only_scaler.mean[26],-0.722098970705977
grasp_protocol_v3__main__swan__swan_sf__seed1104,main,swan,swan_sf,1104,completed,experiments/runs/fm_grasp_protocol_v3/jobs/grasp_protocol_v3__main__swan__swan_sf__seed1104/result.json,0815a23b3626124f60d8a27687dea59afef0737486739fcdd0ee6c477b250df5,data_audit.train_only_scaler.mean[27],-3.9825264890385723
grasp_protocol_v3__main__swan__swan_sf__seed1104,main,swan,swan_sf,1104,completed,experiments/runs/fm_grasp_protocol_v3/jobs/grasp_protocol_v3__main__swan__swan_sf__seed1104/result.json,0815a23b3626124f60d8a27687dea59afef0737486739fcdd0ee6c477b250df5,data_audit.train_only_scaler.mean[28],4.580065097159533
grasp_protocol_v3__main__swan__swan_sf__seed1104,main,swan,swan_sf,1104,completed,experiments/runs/fm_grasp_protocol_v3/jobs/grasp_protocol_v3__main__swan__swan_sf__seed1104/result.json,0815a23b3626124f60d8a27687dea59afef0737486739fcdd0ee6c477b250df5,data_audit.train_only_scaler.mean[29],7.682772539747129
grasp_protocol_v3__main__swan__swan_sf__seed1104,main,swan,swan_sf,1104,completed,experiments/runs/fm_grasp_protocol_v3/jobs/grasp_protocol_v3__main__swan__swan_sf__seed1104/result.json,0815a23b3626124f60d8a27687dea59afef0737486739fcdd0ee6c477b250df5,data_audit.train_only_scaler.mean[30],2556.974264472263
grasp_protocol_v3__main__swan__swan_sf__seed1104,main,swan,swan_sf,1104,completed,experiments/runs/fm_grasp_protocol_v3/jobs/grasp_protocol_v3__main__swan__swan_sf__seed1104/result.json,0815a23b3626124f60d8a27687dea59afef0737486739fcdd0ee6c477b250df5,data_audit.train_only_scaler.mean[31],0.9601575903920696
grasp_protocol_v3__main__swan__swan_sf__seed1104,main,swan,swan_sf,1104,completed,experiments/runs/fm_grasp_protocol_v3/jobs/grasp_protocol_v3__main__swan__swan_sf__seed1104/result.json,0815a23b3626124f60d8a27687dea59afef0737486739fcdd0ee6c477b250df5,data_audit.train_only_scaler.mean[32],0.0
grasp_protocol_v3__main__swan__swan_sf__seed1104,main,swan,swan_sf,1104,completed,experiments/runs/fm_grasp_protocol_v3/jobs/grasp_protocol_v3__main__swan__swan_sf__seed1104/result.json,0815a23b3626124f60d8a27687dea59afef0737486739fcdd0ee6c477b250df5,data_audit.train_only_scaler.mean[33],0.001143801232763551
grasp_protocol_v3__main__swan__swan_sf__seed1104,main,swan,swan_sf,1104,completed,experiments/runs/fm_grasp_protocol_v3/jobs/grasp_protocol_v3__main__swan__swan_sf__seed1104/result.json,0815a23b3626124f60d8a27687dea59afef0737486739fcdd0ee6c477b250df5,data_audit.train_only_scaler.mean[34],0.0005719006163817755
grasp_protocol_v3__main__swan__swan_sf__seed1104,main,swan,swan_sf,1104,completed,experiments/runs/fm_grasp_protocol_v3/jobs/grasp_protocol_v3__main__swan__swan_sf__seed1104/result.json,0815a23b3626124f60d8a27687dea59afef0737486739fcdd0ee6c477b250df5,data_audit.train_only_scaler.mean[35],0.0
grasp_protocol_v3__main__swan__swan_sf__seed1104,main,swan,swan_sf,1104,completed,experiments/runs/fm_grasp_protocol_v3/jobs/grasp_protocol_v3__main__swan__swan_sf__seed1104/result.json,0815a23b3626124f60d8a27687dea59afef0737486739fcdd0ee6c477b250df5,data_audit.train_only_scaler.mean[36],-235.11234360995348
grasp_protocol_v3__main__swan__swan_sf__seed1104,main,swan,swan_sf,1104,completed,experiments/runs/fm_grasp_protocol_v3/jobs/grasp_protocol_v3__main__swan__swan_sf__seed1104/result.json,0815a23b3626124f60d8a27687dea59afef0737486739fcdd0ee6c477b250df5,data_audit.train_only_scaler.mean[37],11.944843362775625
grasp_protocol_v3__main__swan__swan_sf__seed1104,main,swan,swan_sf,1104,completed,experiments/runs/fm_grasp_protocol_v3/jobs/grasp_protocol_v3__main__swan__swan_sf__seed1104/result.json,0815a23b3626124f60d8a27687dea59afef0737486739fcdd0ee6c477b250df5,data_audit.train_only_scaler.scale[0],521.570342257543
grasp_protocol_v3__main__swan__swan_sf__seed1104,main,swan,swan_sf,1104,completed,experiments/runs/fm_grasp_protocol_v3/jobs/grasp_protocol_v3__main__swan__swan_sf__seed1104/result.json,0815a23b3626124f60d8a27687dea59afef0737486739fcdd0ee6c477b250df5,data_audit.train_only_scaler.scale[1],8127773323.662388
grasp_protocol_v3__main__swan__swan_sf__seed1104,main,swan,swan_sf,1104,completed,experiments/runs/fm_grasp_protocol_v3/jobs/grasp_protocol_v3__main__swan__swan_sf__seed1104/result.json,0815a23b3626124f60d8a27687dea59afef0737486739fcdd0ee6c477b250df5,data_audit.train_only_scaler.scale[2],1.6057244166730386e+24
grasp_protocol_v3__main__swan__swan_sf__seed1104,main,swan,swan_sf,1104,completed,experiments/runs/fm_grasp_protocol_v3/jobs/grasp_protocol_v3__main__swan__swan_sf__seed1104/result.json,0815a23b3626124f60d8a27687dea59afef0737486739fcdd0ee6c477b250df5,data_audit.train_only_scaler.scale[3],10484165665143.857
grasp_protocol_v3__main__swan__swan_sf__seed1104,main,swan,swan_sf,1104,completed,experiments/runs/fm_grasp_protocol_v3/jobs/grasp_protocol_v3__main__swan__swan_sf__seed1104/result.json,0815a23b3626124f60d8a27687dea59afef0737486739fcdd0ee6c477b250df5,data_audit.train_only_scaler.scale[4],112.13325347975933
grasp_protocol_v3__main__swan__swan_sf__seed1104,main,swan,swan_sf,1104,completed,experiments/runs/fm_grasp_protocol_v3/jobs/grasp_protocol_v3__main__swan__swan_sf__seed1104/result.json,0815a23b3626124f60d8a27687dea59afef0737486739fcdd0ee6c477b250df5,data_audit.train_only_scaler.scale[5],4786566349698.902
grasp_protocol_v3__main__swan__swan_sf__seed1104,main,swan,swan_sf,1104,completed,experiments/runs/fm_grasp_protocol_v3/jobs/grasp_protocol_v3__main__swan__swan_sf__seed1104/result.json,0815a23b3626124f60d8a27687dea59afef0737486739fcdd0ee6c477b250df5,data_audit.train_only_scaler.scale[6],8.160999960406271e+21
grasp_protocol_v3__main__swan__swan_sf__seed1104,main,swan,swan_sf,1104,completed,experiments/runs/fm_grasp_protocol_v3/jobs/grasp_protocol_v3__main__swan__swan_sf__seed1104/result.json,0815a23b3626124f60d8a27687dea59afef0737486739fcdd0ee6c477b250df5,data_audit.train_only_scaler.scale[7],3.2446255976209476e+24
grasp_protocol_v3__main__swan__swan_sf__seed1104,main,swan,swan_sf,1104,completed,experiments/runs/fm_grasp_protocol_v3/jobs/grasp_protocol_v3__main__swan__swan_sf__seed1104/result.json,0815a23b3626124f60d8a27687dea59afef0737486739fcdd0ee6c477b250df5,data_audit.train_only_scaler.scale[8],12700705.083050588
grasp_protocol_v3__main__swan__swan_sf__seed1104,main,swan,swan_sf,1104,completed,experiments/runs/fm_grasp_protocol_v3/jobs/grasp_protocol_v3__main__swan__swan_sf__seed1104/result.json,0815a23b3626124f60d8a27687dea59afef0737486739fcdd0ee6c477b250df5,data_audit.train_only_scaler.scale[9],0.15764267201891288
grasp_protocol_v3__main__swan__swan_sf__seed1104,main,swan,swan_sf,1104,completed,experiments/runs/fm_grasp_protocol_v3/jobs/grasp_protocol_v3__main__swan__swan_sf__seed1104/result.json,0815a23b3626124f60d8a27687dea59afef0737486739fcdd0ee6c477b250df5,data_audit.train_only_scaler.scale[10],7.998840992094515
grasp_protocol_v3__main__swan__swan_sf__seed1104,main,swan,swan_sf,1104,completed,experiments/runs/fm_grasp_protocol_v3/jobs/grasp_protocol_v3__main__swan__swan_sf__seed1104/result.json,0815a23b3626124f60d8a27687dea59afef0737486739fcdd0ee6c477b250df5,data_audit.train_only_scaler.scale[11],14.517086710445161
grasp_protocol_v3__main__swan__swan_sf__seed1104,main,swan,swan_sf,1104,completed,experiments/runs/fm_grasp_protocol_v3/jobs/grasp_protocol_v3__main__swan__swan_sf__seed1104/result.json,0815a23b3626124f60d8a27687dea59afef0737486739fcdd0ee6c477b250df5,data_audit.train_only_scaler.scale[12],9.164958630701037
grasp_protocol_v3__main__swan__swan_sf__seed1104,main,swan,swan_sf,1104,completed,experiments/runs/fm_grasp_protocol_v3/jobs/grasp_protocol_v3__main__swan__swan_sf__seed1104/result.json,0815a23b3626124f60d8a27687dea59afef0737486739fcdd0ee6c477b250df5,data_audit.train_only_scaler.scale[13],22.663966001612895
grasp_protocol_v3__main__swan__swan_sf__seed1104,main,swan,swan_sf,1104,completed,experiments/runs/fm_grasp_protocol_v3/jobs/grasp_protocol_v3__main__swan__swan_sf__seed1104/result.json,0815a23b3626124f60d8a27687dea59afef0737486739fcdd0ee6c477b250df5,data_audit.train_only_scaler.scale[14],22.83698851922826
grasp_protocol_v3__main__swan__swan_sf__seed1104,main,swan,swan_sf,1104,completed,experiments/runs/fm_grasp_protocol_v3/jobs/grasp_protocol_v3__main__swan__swan_sf__seed1104/result.json,0815a23b3626124f60d8a27687dea59afef0737486739fcdd0ee6c477b250df5,data_audit.train_only_scaler.scale[15],14.49123627720488
grasp_protocol_v3__main__swan__swan_sf__seed1104,main,swan,swan_sf,1104,completed,experiments/runs/fm_grasp_protocol_v3/jobs/grasp_protocol_v3__main__swan__swan_sf__seed1104/result.json,0815a23b3626124f60d8a27687dea59afef0737486739fcdd0ee6c477b250df5,data_audit.train_only_scaler.scale[16],0.007446704694027152
grasp_protocol_v3__main__swan__swan_sf__seed1104,main,swan,swan_sf,1104,completed,experiments/runs/fm_grasp_protocol_v3/jobs/grasp_protocol_v3__main__swan__swan_sf__seed1104/result.json,0815a23b3626124f60d8a27687dea59afef0737486739fcdd0ee6c477b250df5,data_audit.train_only_scaler.scale[17],5.067548212998718e+23
grasp_protocol_v3__main__swan__swan_sf__seed1104,main,swan,swan_sf,1104,completed,experiments/runs/fm_grasp_protocol_v3/jobs/grasp_protocol_v3__main__swan__swan_sf__seed1104/result.json,0815a23b3626124f60d8a27687dea59afef0737486739fcdd0ee6c477b250df5,data_audit.train_only_scaler.scale[18],0.7491082918156635
grasp_protocol_v3__main__swan__swan_sf__seed1104,main,swan,swan_sf,1104,completed,experiments/runs/fm_grasp_protocol_v3/jobs/grasp_protocol_v3__main__swan__swan_sf__seed1104/result.json,0815a23b3626124f60d8a27687dea59afef0737486739fcdd0ee6c477b250df5,data_audit.train_only_scaler.scale[19],0.02580423934918983
grasp_protocol_v3__main__swan__swan_sf__seed1104,main,swan,swan_sf,1104,completed,experiments/runs/fm_grasp_protocol_v3/jobs/grasp_protocol_v3__main__swan__swan_sf__seed1104/result.json,0815a23b3626124f60d8a27687dea59afef0737486739fcdd0ee6c477b250df5,data_audit.train_only_scaler.scale[20],1.1825085057623071e+24
grasp_protocol_v3__main__swan__swan_sf__seed1104,main,swan,swan_sf,1104,completed,experiments/runs/fm_grasp_protocol_v3/jobs/grasp_protocol_v3__main__swan__swan_sf__seed1104/result.json,0815a23b3626124f60d8a27687dea59afef0737486739fcdd0ee6c477b250df5,data_audit.train_only_scaler.scale[21],0.13926497457575512
grasp_protocol_v3__main__swan__swan_sf__seed1104,main,swan,swan_sf,1104,completed,experiments/runs/fm_grasp_protocol_v3/jobs/grasp_protocol_v3__main__swan__swan_sf__seed1104/result.json,0815a23b3626124f60d8a27687dea59afef0737486739fcdd0ee6c477b250df5,data_audit.train_only_scaler.scale[22],0.18539980134319797
grasp_protocol_v3__main__swan__swan_sf__seed1104,main,swan,swan_sf,1104,completed,experiments/runs/fm_grasp_protocol_v3/jobs/grasp_protocol_v3__main__swan__swan_sf__seed1104/result.json,0815a23b3626124f60d8a27687dea59afef0737486739fcdd0ee6c477b250df5,data_audit.train_only_scaler.scale[23],1.712261267510182
grasp_protocol_v3__main__swan__swan_sf__seed1104,main,swan,swan_sf,1104,completed,experiments/runs/fm_grasp_protocol_v3/jobs/grasp_protocol_v3__main__swan__swan_sf__seed1104/result.json,0815a23b3626124f60d8a27687dea59afef0737486739fcdd0ee6c477b250df5,data_audit.train_only_scaler.scale[24],122.48048173928221
grasp_protocol_v3__main__swan__swan_sf__seed1104,main,swan,swan_sf,1104,completed,experiments/runs/fm_grasp_protocol_v3/jobs/grasp_protocol_v3__main__swan__swan_sf__seed1104/result.json,0815a23b3626124f60d8a27687dea59afef0737486739fcdd0ee6c477b250df5,data_audit.train_only_scaler.scale[25],118.53868905344714
grasp_protocol_v3__main__swan__swan_sf__seed1104,main,swan,swan_sf,1104,completed,experiments/runs/fm_grasp_protocol_v3/jobs/grasp_protocol_v3__main__swan__swan_sf__seed1104/result.json,0815a23b3626124f60d8a27687dea59afef0737486739fcdd0ee6c477b250df5,data_audit.train_only_scaler.scale[26],15.8413429430375
grasp_protocol_v3__main__swan__swan_sf__seed1104,main,swan,swan_sf,1104,completed,experiments/runs/fm_grasp_protocol_v3/jobs/grasp_protocol_v3__main__swan__swan_sf__seed1104/result.json,0815a23b3626124f60d8a27687dea59afef0737486739fcdd0ee6c477b250df5,data_audit.train_only_scaler.scale[27],33.25478901460059
grasp_protocol_v3__main__swan__swan_sf__seed1104,main,swan,swan_sf,1104,completed,experiments/runs/fm_grasp_protocol_v3/jobs/grasp_protocol_v3__main__swan__swan_sf__seed1104/result.json,0815a23b3626124f60d8a27687dea59afef0737486739fcdd0ee6c477b250df5,data_audit.train_only_scaler.scale[28],16.466208780244486
grasp_protocol_v3__main__swan__swan_sf__seed1104,main,swan,swan_sf,1104,completed,experiments/runs/fm_grasp_protocol_v3/jobs/grasp_protocol_v3__main__swan__swan_sf__seed1104/result.json,0815a23b3626124f60d8a27687dea59afef0737486739fcdd0ee6c477b250df5,data_audit.train_only_scaler.scale[29],33.90595903667634
grasp_protocol_v3__main__swan__swan_sf__seed1104,main,swan,swan_sf,1104,completed,experiments/runs/fm_grasp_protocol_v3/jobs/grasp_protocol_v3__main__swan__swan_sf__seed1104/result.json,0815a23b3626124f60d8a27687dea59afef0737486739fcdd0ee6c477b250df5,data_audit.train_only_scaler.scale[30],12719.09410671598
grasp_protocol_v3__main__swan__swan_sf__seed1104,main,swan,swan_sf,1104,completed,experiments/runs/fm_grasp_protocol_v3/jobs/grasp_protocol_v3__main__swan__swan_sf__seed1104/result.json,0815a23b3626124f60d8a27687dea59afef0737486739fcdd0ee6c477b250df5,data_audit.train_only_scaler.scale[31],0.19558883404879554
grasp_protocol_v3__main__swan__swan_sf__seed1104,main,swan,swan_sf,1104,completed,experiments/runs/fm_grasp_protocol_v3/jobs/grasp_protocol_v3__main__swan__swan_sf__seed1104/result.json,0815a23b3626124f60d8a27687dea59afef0737486739fcdd0ee6c477b250df5,data_audit.train_only_scaler.scale[32],1.0
grasp_protocol_v3__main__swan__swan_sf__seed1104,main,swan,swan_sf,1104,completed,experiments/runs/fm_grasp_protocol_v3/jobs/grasp_protocol_v3__main__swan__swan_sf__seed1104/result.json,0815a23b3626124f60d8a27687dea59afef0737486739fcdd0ee6c477b250df5,data_audit.train_only_scaler.scale[33],0.03380078329718015
grasp_protocol_v3__main__swan__swan_sf__seed1104,main,swan,swan_sf,1104,completed,experiments/runs/fm_grasp_protocol_v3/jobs/grasp_protocol_v3__main__swan__swan_sf__seed1104/result.json,0815a23b3626124f60d8a27687dea59afef0737486739fcdd0ee6c477b250df5,data_audit.train_only_scaler.scale[34],0.02390760435650135
grasp_protocol_v3__main__swan__swan_sf__seed1104,main,swan,swan_sf,1104,completed,experiments/runs/fm_grasp_protocol_v3/jobs/grasp_protocol_v3__main__swan__swan_sf__seed1104/result.json,0815a23b3626124f60d8a27687dea59afef0737486739fcdd0ee6c477b250df5,data_audit.train_only_scaler.scale[35],1.0
grasp_protocol_v3__main__swan__swan_sf__seed1104,main,swan,swan_sf,1104,completed,experiments/runs/fm_grasp_protocol_v3/jobs/grasp_protocol_v3__main__swan__swan_sf__seed1104/result.json,0815a23b3626124f60d8a27687dea59afef0737486739fcdd0ee6c477b250df5,data_audit.train_only_scaler.scale[36],4843.110750687241
grasp_protocol_v3__main__swan__swan_sf__seed1104,main,swan,swan_sf,1104,completed,experiments/runs/fm_grasp_protocol_v3/jobs/grasp_protocol_v3__main__swan__swan_sf__seed1104/result.json,0815a23b3626124f60d8a27687dea59afef0737486739fcdd0ee6c477b250df5,data_audit.train_only_scaler.scale[37],0.7110330701676929
grasp_protocol_v3__main__swan__swan_sf__seed1104,main,swan,swan_sf,1104,completed,experiments/runs/fm_grasp_protocol_v3/jobs/grasp_protocol_v3__main__swan__swan_sf__seed1104/result.json,0815a23b3626124f60d8a27687dea59afef0737486739fcdd0ee6c477b250df5,data_audit.train_only_scaler.constant_channels[0],32
grasp_protocol_v3__main__swan__swan_sf__seed1104,main,swan,swan_sf,1104,completed,experiments/runs/fm_grasp_protocol_v3/jobs/grasp_protocol_v3__main__swan__swan_sf__seed1104/result.json,0815a23b3626124f60d8a27687dea59afef0737486739fcdd0ee6c477b250df5,data_audit.train_only_scaler.constant_channels[1],35
grasp_protocol_v3__main__swan__swan_sf__seed1104,main,swan,swan_sf,1104,completed,experiments/runs/fm_grasp_protocol_v3/jobs/grasp_protocol_v3__main__swan__swan_sf__seed1104/result.json,0815a23b3626124f60d8a27687dea59afef0737486739fcdd0ee6c477b250df5,data_audit.train_only_scaler.repairs[0],0
grasp_protocol_v3__main__swan__swan_sf__seed1104,main,swan,swan_sf,1104,completed,experiments/runs/fm_grasp_protocol_v3/jobs/grasp_protocol_v3__main__swan__swan_sf__seed1104/result.json,0815a23b3626124f60d8a27687dea59afef0737486739fcdd0ee6c477b250df5,data_audit.train_only_scaler.repairs[1],0
