algorithm,dataset,author_recipe,seed,run_id,metric_path,value,result_path,result_sha256
crossad_complete,GECCO,release_checkpoint,2025,crossad_author__release_checkpoint__gecco__seed2025,original_author._affiliation[0].Affiliation_thre,-51.008656,experiments/runs/fm_crossad_author_v2/jobs/crossad_author__release_checkpoint__gecco__seed2025/result.json,a39350c6ca470c6e8fcea2e6c8f8ad3cd113f9e65afccbd9cff7d0e5b34fd017
crossad_complete,GECCO,release_checkpoint,2025,crossad_author__release_checkpoint__gecco__seed2025,original_author._affiliation[0].Affiliation_ACC,0.0105418207024029,experiments/runs/fm_crossad_author_v2/jobs/crossad_author__release_checkpoint__gecco__seed2025/result.json,a39350c6ca470c6e8fcea2e6c8f8ad3cd113f9e65afccbd9cff7d0e5b34fd017
crossad_complete,GECCO,release_checkpoint,2025,crossad_author__release_checkpoint__gecco__seed2025,original_author._affiliation[0].Affiliation_P,0.5022103423302021,experiments/runs/fm_crossad_author_v2/jobs/crossad_author__release_checkpoint__gecco__seed2025/result.json,a39350c6ca470c6e8fcea2e6c8f8ad3cd113f9e65afccbd9cff7d0e5b34fd017
crossad_complete,GECCO,release_checkpoint,2025,crossad_author__release_checkpoint__gecco__seed2025,original_author._affiliation[0].Affiliation_R,1.0,experiments/runs/fm_crossad_author_v2/jobs/crossad_author__release_checkpoint__gecco__seed2025/result.json,a39350c6ca470c6e8fcea2e6c8f8ad3cd113f9e65afccbd9cff7d0e5b34fd017
crossad_complete,GECCO,release_checkpoint,2025,crossad_author__release_checkpoint__gecco__seed2025,original_author._affiliation[0].Affiliation_F1,0.6686285244863676,experiments/runs/fm_crossad_author_v2/jobs/crossad_author__release_checkpoint__gecco__seed2025/result.json,a39350c6ca470c6e8fcea2e6c8f8ad3cd113f9e65afccbd9cff7d0e5b34fd017
crossad_complete,GECCO,release_checkpoint,2025,crossad_author__release_checkpoint__gecco__seed2025,original_author._auc[0].AUC_ROC,0.9866570308292152,experiments/runs/fm_crossad_author_v2/jobs/crossad_author__release_checkpoint__gecco__seed2025/result.json,a39350c6ca470c6e8fcea2e6c8f8ad3cd113f9e65afccbd9cff7d0e5b34fd017
crossad_complete,GECCO,release_checkpoint,2025,crossad_author__release_checkpoint__gecco__seed2025,original_author._auc[0].AUC_PR,0.551427851792243,experiments/runs/fm_crossad_author_v2/jobs/crossad_author__release_checkpoint__gecco__seed2025/result.json,a39350c6ca470c6e8fcea2e6c8f8ad3cd113f9e65afccbd9cff7d0e5b34fd017
crossad_complete,GECCO,release_checkpoint,2025,crossad_author__release_checkpoint__gecco__seed2025,original_author._best_f1[0].thre_best,1.6113453,experiments/runs/fm_crossad_author_v2/jobs/crossad_author__release_checkpoint__gecco__seed2025/result.json,a39350c6ca470c6e8fcea2e6c8f8ad3cd113f9e65afccbd9cff7d0e5b34fd017
crossad_complete,GECCO,release_checkpoint,2025,crossad_author__release_checkpoint__gecco__seed2025,original_author._best_f1[0].ACC_best,0.987653073012939,experiments/runs/fm_crossad_author_v2/jobs/crossad_author__release_checkpoint__gecco__seed2025/result.json,a39350c6ca470c6e8fcea2e6c8f8ad3cd113f9e65afccbd9cff7d0e5b34fd017
crossad_complete,GECCO,release_checkpoint,2025,crossad_author__release_checkpoint__gecco__seed2025,original_author._best_f1[0].P_best,0.4506369426751592,experiments/runs/fm_crossad_author_v2/jobs/crossad_author__release_checkpoint__gecco__seed2025/result.json,a39350c6ca470c6e8fcea2e6c8f8ad3cd113f9e65afccbd9cff7d0e5b34fd017
crossad_complete,GECCO,release_checkpoint,2025,crossad_author__release_checkpoint__gecco__seed2025,original_author._best_f1[0].R_best,0.7753424657534247,experiments/runs/fm_crossad_author_v2/jobs/crossad_author__release_checkpoint__gecco__seed2025/result.json,a39350c6ca470c6e8fcea2e6c8f8ad3cd113f9e65afccbd9cff7d0e5b34fd017
crossad_complete,GECCO,release_checkpoint,2025,crossad_author__release_checkpoint__gecco__seed2025,original_author._best_f1[0].F1_best,0.5699899295065458,experiments/runs/fm_crossad_author_v2/jobs/crossad_author__release_checkpoint__gecco__seed2025/result.json,a39350c6ca470c6e8fcea2e6c8f8ad3cd113f9e65afccbd9cff7d0e5b34fd017
crossad_complete,GECCO,release_checkpoint,2025,crossad_author__release_checkpoint__gecco__seed2025,original_author._r_auc[0].R_AUC_ROC,0.9888539336486876,experiments/runs/fm_crossad_author_v2/jobs/crossad_author__release_checkpoint__gecco__seed2025/result.json,a39350c6ca470c6e8fcea2e6c8f8ad3cd113f9e65afccbd9cff7d0e5b34fd017
crossad_complete,GECCO,release_checkpoint,2025,crossad_author__release_checkpoint__gecco__seed2025,original_author._r_auc[0].R_AUC_PR,0.6385950265026739,experiments/runs/fm_crossad_author_v2/jobs/crossad_author__release_checkpoint__gecco__seed2025/result.json,a39350c6ca470c6e8fcea2e6c8f8ad3cd113f9e65afccbd9cff7d0e5b34fd017
crossad_complete,GECCO,release_checkpoint,2025,crossad_author__release_checkpoint__gecco__seed2025,original_author._spot_thres_info[0].hyper-parameter,0.1,experiments/runs/fm_crossad_author_v2/jobs/crossad_author__release_checkpoint__gecco__seed2025/result.json,a39350c6ca470c6e8fcea2e6c8f8ad3cd113f9e65afccbd9cff7d0e5b34fd017
crossad_complete,GECCO,release_checkpoint,2025,crossad_author__release_checkpoint__gecco__seed2025,original_author._spot_thres_info[0].threshold,-51.0086555480957,experiments/runs/fm_crossad_author_v2/jobs/crossad_author__release_checkpoint__gecco__seed2025/result.json,a39350c6ca470c6e8fcea2e6c8f8ad3cd113f9e65afccbd9cff7d0e5b34fd017
crossad_complete,GECCO,release_checkpoint,2025,crossad_author__release_checkpoint__gecco__seed2025,original_author._vus[0].VUS_ROC,0.9947705131204873,experiments/runs/fm_crossad_author_v2/jobs/crossad_author__release_checkpoint__gecco__seed2025/result.json,a39350c6ca470c6e8fcea2e6c8f8ad3cd113f9e65afccbd9cff7d0e5b34fd017
crossad_complete,GECCO,release_checkpoint,2025,crossad_author__release_checkpoint__gecco__seed2025,original_author._vus[0].VUS_PR,0.6210870780586764,experiments/runs/fm_crossad_author_v2/jobs/crossad_author__release_checkpoint__gecco__seed2025/result.json,a39350c6ca470c6e8fcea2e6c8f8ad3cd113f9e65afccbd9cff7d0e5b34fd017
crossad_complete,GECCO,release_checkpoint,2025,crossad_author__release_checkpoint__gecco__seed2025,native_validation_control.strict.0.1.calibration.threshold,340.6784100952327,experiments/runs/fm_crossad_author_v2/jobs/crossad_author__release_checkpoint__gecco__seed2025/result.json,a39350c6ca470c6e8fcea2e6c8f8ad3cd113f9e65afccbd9cff7d0e5b34fd017
crossad_complete,GECCO,release_checkpoint,2025,crossad_author__release_checkpoint__gecco__seed2025,native_validation_control.strict.0.1.calibration.false_alarm_percent,0.1,experiments/runs/fm_crossad_author_v2/jobs/crossad_author__release_checkpoint__gecco__seed2025/result.json,a39350c6ca470c6e8fcea2e6c8f8ad3cd113f9e65afccbd9cff7d0e5b34fd017
crossad_complete,GECCO,release_checkpoint,2025,crossad_author__release_checkpoint__gecco__seed2025,native_validation_control.strict.0.1.calibration.calibration_points,13852,experiments/runs/fm_crossad_author_v2/jobs/crossad_author__release_checkpoint__gecco__seed2025/result.json,a39350c6ca470c6e8fcea2e6c8f8ad3cd113f9e65afccbd9cff7d0e5b34fd017
crossad_complete,GECCO,release_checkpoint,2025,crossad_author__release_checkpoint__gecco__seed2025,native_validation_control.strict.0.1.per_entity.GECCO.precision,0.8604651162790697,experiments/runs/fm_crossad_author_v2/jobs/crossad_author__release_checkpoint__gecco__seed2025/result.json,a39350c6ca470c6e8fcea2e6c8f8ad3cd113f9e65afccbd9cff7d0e5b34fd017
crossad_complete,GECCO,release_checkpoint,2025,crossad_author__release_checkpoint__gecco__seed2025,native_validation_control.strict.0.1.per_entity.GECCO.recall,0.050684931506849315,experiments/runs/fm_crossad_author_v2/jobs/crossad_author__release_checkpoint__gecco__seed2025/result.json,a39350c6ca470c6e8fcea2e6c8f8ad3cd113f9e65afccbd9cff7d0e5b34fd017
crossad_complete,GECCO,release_checkpoint,2025,crossad_author__release_checkpoint__gecco__seed2025,native_validation_control.strict.0.1.per_entity.GECCO.f1,0.09573091849935318,experiments/runs/fm_crossad_author_v2/jobs/crossad_author__release_checkpoint__gecco__seed2025/result.json,a39350c6ca470c6e8fcea2e6c8f8ad3cd113f9e65afccbd9cff7d0e5b34fd017
crossad_complete,GECCO,release_checkpoint,2025,crossad_author__release_checkpoint__gecco__seed2025,native_validation_control.strict.0.1.per_entity.GECCO.true_positives,37.0,experiments/runs/fm_crossad_author_v2/jobs/crossad_author__release_checkpoint__gecco__seed2025/result.json,a39350c6ca470c6e8fcea2e6c8f8ad3cd113f9e65afccbd9cff7d0e5b34fd017
crossad_complete,GECCO,release_checkpoint,2025,crossad_author__release_checkpoint__gecco__seed2025,native_validation_control.strict.0.1.per_entity.GECCO.false_positives,6.0,experiments/runs/fm_crossad_author_v2/jobs/crossad_author__release_checkpoint__gecco__seed2025/result.json,a39350c6ca470c6e8fcea2e6c8f8ad3cd113f9e65afccbd9cff7d0e5b34fd017
crossad_complete,GECCO,release_checkpoint,2025,crossad_author__release_checkpoint__gecco__seed2025,native_validation_control.strict.0.1.per_entity.GECCO.false_negatives,693.0,experiments/runs/fm_crossad_author_v2/jobs/crossad_author__release_checkpoint__gecco__seed2025/result.json,a39350c6ca470c6e8fcea2e6c8f8ad3cd113f9e65afccbd9cff7d0e5b34fd017
crossad_complete,GECCO,release_checkpoint,2025,crossad_author__release_checkpoint__gecco__seed2025,native_validation_control.strict.0.1.per_entity.GECCO.auroc,0.9866585125059892,experiments/runs/fm_crossad_author_v2/jobs/crossad_author__release_checkpoint__gecco__seed2025/result.json,a39350c6ca470c6e8fcea2e6c8f8ad3cd113f9e65afccbd9cff7d0e5b34fd017
crossad_complete,GECCO,release_checkpoint,2025,crossad_author__release_checkpoint__gecco__seed2025,native_validation_control.strict.0.1.per_entity.GECCO.average_precision,0.5514278227075576,experiments/runs/fm_crossad_author_v2/jobs/crossad_author__release_checkpoint__gecco__seed2025/result.json,a39350c6ca470c6e8fcea2e6c8f8ad3cd113f9e65afccbd9cff7d0e5b34fd017
crossad_complete,GECCO,release_checkpoint,2025,crossad_author__release_checkpoint__gecco__seed2025,native_validation_control.strict.0.1.micro.precision,0.8604651162790697,experiments/runs/fm_crossad_author_v2/jobs/crossad_author__release_checkpoint__gecco__seed2025/result.json,a39350c6ca470c6e8fcea2e6c8f8ad3cd113f9e65afccbd9cff7d0e5b34fd017
crossad_complete,GECCO,release_checkpoint,2025,crossad_author__release_checkpoint__gecco__seed2025,native_validation_control.strict.0.1.micro.recall,0.050684931506849315,experiments/runs/fm_crossad_author_v2/jobs/crossad_author__release_checkpoint__gecco__seed2025/result.json,a39350c6ca470c6e8fcea2e6c8f8ad3cd113f9e65afccbd9cff7d0e5b34fd017
crossad_complete,GECCO,release_checkpoint,2025,crossad_author__release_checkpoint__gecco__seed2025,native_validation_control.strict.0.1.micro.f1,0.09573091849935318,experiments/runs/fm_crossad_author_v2/jobs/crossad_author__release_checkpoint__gecco__seed2025/result.json,a39350c6ca470c6e8fcea2e6c8f8ad3cd113f9e65afccbd9cff7d0e5b34fd017
crossad_complete,GECCO,release_checkpoint,2025,crossad_author__release_checkpoint__gecco__seed2025,native_validation_control.strict.0.1.micro.true_positives,37.0,experiments/runs/fm_crossad_author_v2/jobs/crossad_author__release_checkpoint__gecco__seed2025/result.json,a39350c6ca470c6e8fcea2e6c8f8ad3cd113f9e65afccbd9cff7d0e5b34fd017
crossad_complete,GECCO,release_checkpoint,2025,crossad_author__release_checkpoint__gecco__seed2025,native_validation_control.strict.0.1.micro.false_positives,6.0,experiments/runs/fm_crossad_author_v2/jobs/crossad_author__release_checkpoint__gecco__seed2025/result.json,a39350c6ca470c6e8fcea2e6c8f8ad3cd113f9e65afccbd9cff7d0e5b34fd017
crossad_complete,GECCO,release_checkpoint,2025,crossad_author__release_checkpoint__gecco__seed2025,native_validation_control.strict.0.1.micro.false_negatives,693.0,experiments/runs/fm_crossad_author_v2/jobs/crossad_author__release_checkpoint__gecco__seed2025/result.json,a39350c6ca470c6e8fcea2e6c8f8ad3cd113f9e65afccbd9cff7d0e5b34fd017
crossad_complete,GECCO,release_checkpoint,2025,crossad_author__release_checkpoint__gecco__seed2025,native_validation_control.strict.0.1.micro.auroc,0.9866585125059892,experiments/runs/fm_crossad_author_v2/jobs/crossad_author__release_checkpoint__gecco__seed2025/result.json,a39350c6ca470c6e8fcea2e6c8f8ad3cd113f9e65afccbd9cff7d0e5b34fd017
crossad_complete,GECCO,release_checkpoint,2025,crossad_author__release_checkpoint__gecco__seed2025,native_validation_control.strict.0.1.micro.average_precision,0.5514278227075576,experiments/runs/fm_crossad_author_v2/jobs/crossad_author__release_checkpoint__gecco__seed2025/result.json,a39350c6ca470c6e8fcea2e6c8f8ad3cd113f9e65afccbd9cff7d0e5b34fd017
crossad_complete,GECCO,release_checkpoint,2025,crossad_author__release_checkpoint__gecco__seed2025,native_validation_control.strict.0.1.macro_f1,0.09573091849935318,experiments/runs/fm_crossad_author_v2/jobs/crossad_author__release_checkpoint__gecco__seed2025/result.json,a39350c6ca470c6e8fcea2e6c8f8ad3cd113f9e65afccbd9cff7d0e5b34fd017
crossad_complete,GECCO,release_checkpoint,2025,crossad_author__release_checkpoint__gecco__seed2025,native_validation_control.strict.0.1.event_metrics.event_recall,0.09090909090909091,experiments/runs/fm_crossad_author_v2/jobs/crossad_author__release_checkpoint__gecco__seed2025/result.json,a39350c6ca470c6e8fcea2e6c8f8ad3cd113f9e65afccbd9cff7d0e5b34fd017
crossad_complete,GECCO,release_checkpoint,2025,crossad_author__release_checkpoint__gecco__seed2025,native_validation_control.strict.0.1.event_metrics.events,22,experiments/runs/fm_crossad_author_v2/jobs/crossad_author__release_checkpoint__gecco__seed2025/result.json,a39350c6ca470c6e8fcea2e6c8f8ad3cd113f9e65afccbd9cff7d0e5b34fd017
crossad_complete,GECCO,release_checkpoint,2025,crossad_author__release_checkpoint__gecco__seed2025,native_validation_control.strict.0.1.event_metrics.detected_events,2,experiments/runs/fm_crossad_author_v2/jobs/crossad_author__release_checkpoint__gecco__seed2025/result.json,a39350c6ca470c6e8fcea2e6c8f8ad3cd113f9e65afccbd9cff7d0e5b34fd017
crossad_complete,GECCO,release_checkpoint,2025,crossad_author__release_checkpoint__gecco__seed2025,native_validation_control.strict.0.1.event_metrics.mean_detection_delay_points,48.0,experiments/runs/fm_crossad_author_v2/jobs/crossad_author__release_checkpoint__gecco__seed2025/result.json,a39350c6ca470c6e8fcea2e6c8f8ad3cd113f9e65afccbd9cff7d0e5b34fd017
crossad_complete,GECCO,release_checkpoint,2025,crossad_author__release_checkpoint__gecco__seed2025,native_validation_control.strict.0.1.event_metrics.false_alarms_per_1000_normal_points,0.08755161897535423,experiments/runs/fm_crossad_author_v2/jobs/crossad_author__release_checkpoint__gecco__seed2025/result.json,a39350c6ca470c6e8fcea2e6c8f8ad3cd113f9e65afccbd9cff7d0e5b34fd017
crossad_complete,GECCO,release_checkpoint,2025,crossad_author__release_checkpoint__gecco__seed2025,native_validation_control.strict.0.1.f1_ci95.low,0.0,experiments/runs/fm_crossad_author_v2/jobs/crossad_author__release_checkpoint__gecco__seed2025/result.json,a39350c6ca470c6e8fcea2e6c8f8ad3cd113f9e65afccbd9cff7d0e5b34fd017
crossad_complete,GECCO,release_checkpoint,2025,crossad_author__release_checkpoint__gecco__seed2025,native_validation_control.strict.0.1.f1_ci95.high,0.2889571755475646,experiments/runs/fm_crossad_author_v2/jobs/crossad_author__release_checkpoint__gecco__seed2025/result.json,a39350c6ca470c6e8fcea2e6c8f8ad3cd113f9e65afccbd9cff7d0e5b34fd017
crossad_complete,GECCO,release_checkpoint,2025,crossad_author__release_checkpoint__gecco__seed2025,native_validation_control.strict.0.1.f1_ci95.resamples,200,experiments/runs/fm_crossad_author_v2/jobs/crossad_author__release_checkpoint__gecco__seed2025/result.json,a39350c6ca470c6e8fcea2e6c8f8ad3cd113f9e65afccbd9cff7d0e5b34fd017
crossad_complete,GECCO,release_checkpoint,2025,crossad_author__release_checkpoint__gecco__seed2025,native_validation_control.strict.0.1.f1_ci95.seed,12025,experiments/runs/fm_crossad_author_v2/jobs/crossad_author__release_checkpoint__gecco__seed2025/result.json,a39350c6ca470c6e8fcea2e6c8f8ad3cd113f9e65afccbd9cff7d0e5b34fd017
crossad_complete,GECCO,release_checkpoint,2025,crossad_author__release_checkpoint__gecco__seed2025,native_validation_control.strict.0.1.f1_ci95.block_points,1024,experiments/runs/fm_crossad_author_v2/jobs/crossad_author__release_checkpoint__gecco__seed2025/result.json,a39350c6ca470c6e8fcea2e6c8f8ad3cd113f9e65afccbd9cff7d0e5b34fd017
crossad_complete,GECCO,release_checkpoint,2025,crossad_author__release_checkpoint__gecco__seed2025,native_validation_control.strict.1.calibration.threshold,13.880795040130602,experiments/runs/fm_crossad_author_v2/jobs/crossad_author__release_checkpoint__gecco__seed2025/result.json,a39350c6ca470c6e8fcea2e6c8f8ad3cd113f9e65afccbd9cff7d0e5b34fd017
crossad_complete,GECCO,release_checkpoint,2025,crossad_author__release_checkpoint__gecco__seed2025,native_validation_control.strict.1.calibration.false_alarm_percent,1.0,experiments/runs/fm_crossad_author_v2/jobs/crossad_author__release_checkpoint__gecco__seed2025/result.json,a39350c6ca470c6e8fcea2e6c8f8ad3cd113f9e65afccbd9cff7d0e5b34fd017
crossad_complete,GECCO,release_checkpoint,2025,crossad_author__release_checkpoint__gecco__seed2025,native_validation_control.strict.1.calibration.calibration_points,13852,experiments/runs/fm_crossad_author_v2/jobs/crossad_author__release_checkpoint__gecco__seed2025/result.json,a39350c6ca470c6e8fcea2e6c8f8ad3cd113f9e65afccbd9cff7d0e5b34fd017
crossad_complete,GECCO,release_checkpoint,2025,crossad_author__release_checkpoint__gecco__seed2025,native_validation_control.strict.1.per_entity.GECCO.precision,0.6355685131195336,experiments/runs/fm_crossad_author_v2/jobs/crossad_author__release_checkpoint__gecco__seed2025/result.json,a39350c6ca470c6e8fcea2e6c8f8ad3cd113f9e65afccbd9cff7d0e5b34fd017
crossad_complete,GECCO,release_checkpoint,2025,crossad_author__release_checkpoint__gecco__seed2025,native_validation_control.strict.1.per_entity.GECCO.recall,0.29863013698630136,experiments/runs/fm_crossad_author_v2/jobs/crossad_author__release_checkpoint__gecco__seed2025/result.json,a39350c6ca470c6e8fcea2e6c8f8ad3cd113f9e65afccbd9cff7d0e5b34fd017
crossad_complete,GECCO,release_checkpoint,2025,crossad_author__release_checkpoint__gecco__seed2025,native_validation_control.strict.1.per_entity.GECCO.f1,0.4063373718546132,experiments/runs/fm_crossad_author_v2/jobs/crossad_author__release_checkpoint__gecco__seed2025/result.json,a39350c6ca470c6e8fcea2e6c8f8ad3cd113f9e65afccbd9cff7d0e5b34fd017
crossad_complete,GECCO,release_checkpoint,2025,crossad_author__release_checkpoint__gecco__seed2025,native_validation_control.strict.1.per_entity.GECCO.true_positives,218.0,experiments/runs/fm_crossad_author_v2/jobs/crossad_author__release_checkpoint__gecco__seed2025/result.json,a39350c6ca470c6e8fcea2e6c8f8ad3cd113f9e65afccbd9cff7d0e5b34fd017
crossad_complete,GECCO,release_checkpoint,2025,crossad_author__release_checkpoint__gecco__seed2025,native_validation_control.strict.1.per_entity.GECCO.false_positives,125.0,experiments/runs/fm_crossad_author_v2/jobs/crossad_author__release_checkpoint__gecco__seed2025/result.json,a39350c6ca470c6e8fcea2e6c8f8ad3cd113f9e65afccbd9cff7d0e5b34fd017
crossad_complete,GECCO,release_checkpoint,2025,crossad_author__release_checkpoint__gecco__seed2025,native_validation_control.strict.1.per_entity.GECCO.false_negatives,512.0,experiments/runs/fm_crossad_author_v2/jobs/crossad_author__release_checkpoint__gecco__seed2025/result.json,a39350c6ca470c6e8fcea2e6c8f8ad3cd113f9e65afccbd9cff7d0e5b34fd017
crossad_complete,GECCO,release_checkpoint,2025,crossad_author__release_checkpoint__gecco__seed2025,native_validation_control.strict.1.per_entity.GECCO.auroc,0.9866585125059892,experiments/runs/fm_crossad_author_v2/jobs/crossad_author__release_checkpoint__gecco__seed2025/result.json,a39350c6ca470c6e8fcea2e6c8f8ad3cd113f9e65afccbd9cff7d0e5b34fd017
crossad_complete,GECCO,release_checkpoint,2025,crossad_author__release_checkpoint__gecco__seed2025,native_validation_control.strict.1.per_entity.GECCO.average_precision,0.5514278227075576,experiments/runs/fm_crossad_author_v2/jobs/crossad_author__release_checkpoint__gecco__seed2025/result.json,a39350c6ca470c6e8fcea2e6c8f8ad3cd113f9e65afccbd9cff7d0e5b34fd017
crossad_complete,GECCO,release_checkpoint,2025,crossad_author__release_checkpoint__gecco__seed2025,native_validation_control.strict.1.micro.precision,0.6355685131195336,experiments/runs/fm_crossad_author_v2/jobs/crossad_author__release_checkpoint__gecco__seed2025/result.json,a39350c6ca470c6e8fcea2e6c8f8ad3cd113f9e65afccbd9cff7d0e5b34fd017
crossad_complete,GECCO,release_checkpoint,2025,crossad_author__release_checkpoint__gecco__seed2025,native_validation_control.strict.1.micro.recall,0.29863013698630136,experiments/runs/fm_crossad_author_v2/jobs/crossad_author__release_checkpoint__gecco__seed2025/result.json,a39350c6ca470c6e8fcea2e6c8f8ad3cd113f9e65afccbd9cff7d0e5b34fd017
crossad_complete,GECCO,release_checkpoint,2025,crossad_author__release_checkpoint__gecco__seed2025,native_validation_control.strict.1.micro.f1,0.4063373718546132,experiments/runs/fm_crossad_author_v2/jobs/crossad_author__release_checkpoint__gecco__seed2025/result.json,a39350c6ca470c6e8fcea2e6c8f8ad3cd113f9e65afccbd9cff7d0e5b34fd017
crossad_complete,GECCO,release_checkpoint,2025,crossad_author__release_checkpoint__gecco__seed2025,native_validation_control.strict.1.micro.true_positives,218.0,experiments/runs/fm_crossad_author_v2/jobs/crossad_author__release_checkpoint__gecco__seed2025/result.json,a39350c6ca470c6e8fcea2e6c8f8ad3cd113f9e65afccbd9cff7d0e5b34fd017
crossad_complete,GECCO,release_checkpoint,2025,crossad_author__release_checkpoint__gecco__seed2025,native_validation_control.strict.1.micro.false_positives,125.0,experiments/runs/fm_crossad_author_v2/jobs/crossad_author__release_checkpoint__gecco__seed2025/result.json,a39350c6ca470c6e8fcea2e6c8f8ad3cd113f9e65afccbd9cff7d0e5b34fd017
crossad_complete,GECCO,release_checkpoint,2025,crossad_author__release_checkpoint__gecco__seed2025,native_validation_control.strict.1.micro.false_negatives,512.0,experiments/runs/fm_crossad_author_v2/jobs/crossad_author__release_checkpoint__gecco__seed2025/result.json,a39350c6ca470c6e8fcea2e6c8f8ad3cd113f9e65afccbd9cff7d0e5b34fd017
crossad_complete,GECCO,release_checkpoint,2025,crossad_author__release_checkpoint__gecco__seed2025,native_validation_control.strict.1.micro.auroc,0.9866585125059892,experiments/runs/fm_crossad_author_v2/jobs/crossad_author__release_checkpoint__gecco__seed2025/result.json,a39350c6ca470c6e8fcea2e6c8f8ad3cd113f9e65afccbd9cff7d0e5b34fd017
crossad_complete,GECCO,release_checkpoint,2025,crossad_author__release_checkpoint__gecco__seed2025,native_validation_control.strict.1.micro.average_precision,0.5514278227075576,experiments/runs/fm_crossad_author_v2/jobs/crossad_author__release_checkpoint__gecco__seed2025/result.json,a39350c6ca470c6e8fcea2e6c8f8ad3cd113f9e65afccbd9cff7d0e5b34fd017
crossad_complete,GECCO,release_checkpoint,2025,crossad_author__release_checkpoint__gecco__seed2025,native_validation_control.strict.1.macro_f1,0.4063373718546132,experiments/runs/fm_crossad_author_v2/jobs/crossad_author__release_checkpoint__gecco__seed2025/result.json,a39350c6ca470c6e8fcea2e6c8f8ad3cd113f9e65afccbd9cff7d0e5b34fd017
crossad_complete,GECCO,release_checkpoint,2025,crossad_author__release_checkpoint__gecco__seed2025,native_validation_control.strict.1.event_metrics.event_recall,0.13636363636363635,experiments/runs/fm_crossad_author_v2/jobs/crossad_author__release_checkpoint__gecco__seed2025/result.json,a39350c6ca470c6e8fcea2e6c8f8ad3cd113f9e65afccbd9cff7d0e5b34fd017
crossad_complete,GECCO,release_checkpoint,2025,crossad_author__release_checkpoint__gecco__seed2025,native_validation_control.strict.1.event_metrics.events,22,experiments/runs/fm_crossad_author_v2/jobs/crossad_author__release_checkpoint__gecco__seed2025/result.json,a39350c6ca470c6e8fcea2e6c8f8ad3cd113f9e65afccbd9cff7d0e5b34fd017
crossad_complete,GECCO,release_checkpoint,2025,crossad_author__release_checkpoint__gecco__seed2025,native_validation_control.strict.1.event_metrics.detected_events,3,experiments/runs/fm_crossad_author_v2/jobs/crossad_author__release_checkpoint__gecco__seed2025/result.json,a39350c6ca470c6e8fcea2e6c8f8ad3cd113f9e65afccbd9cff7d0e5b34fd017
crossad_complete,GECCO,release_checkpoint,2025,crossad_author__release_checkpoint__gecco__seed2025,native_validation_control.strict.1.event_metrics.mean_detection_delay_points,4.666666666666667,experiments/runs/fm_crossad_author_v2/jobs/crossad_author__release_checkpoint__gecco__seed2025/result.json,a39350c6ca470c6e8fcea2e6c8f8ad3cd113f9e65afccbd9cff7d0e5b34fd017
crossad_complete,GECCO,release_checkpoint,2025,crossad_author__release_checkpoint__gecco__seed2025,native_validation_control.strict.1.event_metrics.false_alarms_per_1000_normal_points,1.8239920619865462,experiments/runs/fm_crossad_author_v2/jobs/crossad_author__release_checkpoint__gecco__seed2025/result.json,a39350c6ca470c6e8fcea2e6c8f8ad3cd113f9e65afccbd9cff7d0e5b34fd017
crossad_complete,GECCO,release_checkpoint,2025,crossad_author__release_checkpoint__gecco__seed2025,native_validation_control.strict.1.f1_ci95.low,0.0,experiments/runs/fm_crossad_author_v2/jobs/crossad_author__release_checkpoint__gecco__seed2025/result.json,a39350c6ca470c6e8fcea2e6c8f8ad3cd113f9e65afccbd9cff7d0e5b34fd017
crossad_complete,GECCO,release_checkpoint,2025,crossad_author__release_checkpoint__gecco__seed2025,native_validation_control.strict.1.f1_ci95.high,0.6085560694882661,experiments/runs/fm_crossad_author_v2/jobs/crossad_author__release_checkpoint__gecco__seed2025/result.json,a39350c6ca470c6e8fcea2e6c8f8ad3cd113f9e65afccbd9cff7d0e5b34fd017
crossad_complete,GECCO,release_checkpoint,2025,crossad_author__release_checkpoint__gecco__seed2025,native_validation_control.strict.1.f1_ci95.resamples,200,experiments/runs/fm_crossad_author_v2/jobs/crossad_author__release_checkpoint__gecco__seed2025/result.json,a39350c6ca470c6e8fcea2e6c8f8ad3cd113f9e65afccbd9cff7d0e5b34fd017
crossad_complete,GECCO,release_checkpoint,2025,crossad_author__release_checkpoint__gecco__seed2025,native_validation_control.strict.1.f1_ci95.seed,12025,experiments/runs/fm_crossad_author_v2/jobs/crossad_author__release_checkpoint__gecco__seed2025/result.json,a39350c6ca470c6e8fcea2e6c8f8ad3cd113f9e65afccbd9cff7d0e5b34fd017
crossad_complete,GECCO,release_checkpoint,2025,crossad_author__release_checkpoint__gecco__seed2025,native_validation_control.strict.1.f1_ci95.block_points,1024,experiments/runs/fm_crossad_author_v2/jobs/crossad_author__release_checkpoint__gecco__seed2025/result.json,a39350c6ca470c6e8fcea2e6c8f8ad3cd113f9e65afccbd9cff7d0e5b34fd017
crossad_complete,GECCO,release_checkpoint,2025,crossad_author__release_checkpoint__gecco__seed2025,native_validation_control.strict.5.calibration.threshold,3.380554139614098,experiments/runs/fm_crossad_author_v2/jobs/crossad_author__release_checkpoint__gecco__seed2025/result.json,a39350c6ca470c6e8fcea2e6c8f8ad3cd113f9e65afccbd9cff7d0e5b34fd017
crossad_complete,GECCO,release_checkpoint,2025,crossad_author__release_checkpoint__gecco__seed2025,native_validation_control.strict.5.calibration.false_alarm_percent,5.0,experiments/runs/fm_crossad_author_v2/jobs/crossad_author__release_checkpoint__gecco__seed2025/result.json,a39350c6ca470c6e8fcea2e6c8f8ad3cd113f9e65afccbd9cff7d0e5b34fd017
crossad_complete,GECCO,release_checkpoint,2025,crossad_author__release_checkpoint__gecco__seed2025,native_validation_control.strict.5.calibration.calibration_points,13852,experiments/runs/fm_crossad_author_v2/jobs/crossad_author__release_checkpoint__gecco__seed2025/result.json,a39350c6ca470c6e8fcea2e6c8f8ad3cd113f9e65afccbd9cff7d0e5b34fd017
crossad_complete,GECCO,release_checkpoint,2025,crossad_author__release_checkpoint__gecco__seed2025,native_validation_control.strict.5.per_entity.GECCO.precision,0.4412191582002903,experiments/runs/fm_crossad_author_v2/jobs/crossad_author__release_checkpoint__gecco__seed2025/result.json,a39350c6ca470c6e8fcea2e6c8f8ad3cd113f9e65afccbd9cff7d0e5b34fd017
crossad_complete,GECCO,release_checkpoint,2025,crossad_author__release_checkpoint__gecco__seed2025,native_validation_control.strict.5.per_entity.GECCO.recall,0.41643835616438357,experiments/runs/fm_crossad_author_v2/jobs/crossad_author__release_checkpoint__gecco__seed2025/result.json,a39350c6ca470c6e8fcea2e6c8f8ad3cd113f9e65afccbd9cff7d0e5b34fd017
crossad_complete,GECCO,release_checkpoint,2025,crossad_author__release_checkpoint__gecco__seed2025,native_validation_control.strict.5.per_entity.GECCO.f1,0.4284707540521494,experiments/runs/fm_crossad_author_v2/jobs/crossad_author__release_checkpoint__gecco__seed2025/result.json,a39350c6ca470c6e8fcea2e6c8f8ad3cd113f9e65afccbd9cff7d0e5b34fd017
crossad_complete,GECCO,release_checkpoint,2025,crossad_author__release_checkpoint__gecco__seed2025,native_validation_control.strict.5.per_entity.GECCO.true_positives,304.0,experiments/runs/fm_crossad_author_v2/jobs/crossad_author__release_checkpoint__gecco__seed2025/result.json,a39350c6ca470c6e8fcea2e6c8f8ad3cd113f9e65afccbd9cff7d0e5b34fd017
crossad_complete,GECCO,release_checkpoint,2025,crossad_author__release_checkpoint__gecco__seed2025,native_validation_control.strict.5.per_entity.GECCO.false_positives,385.0,experiments/runs/fm_crossad_author_v2/jobs/crossad_author__release_checkpoint__gecco__seed2025/result.json,a39350c6ca470c6e8fcea2e6c8f8ad3cd113f9e65afccbd9cff7d0e5b34fd017
crossad_complete,GECCO,release_checkpoint,2025,crossad_author__release_checkpoint__gecco__seed2025,native_validation_control.strict.5.per_entity.GECCO.false_negatives,426.0,experiments/runs/fm_crossad_author_v2/jobs/crossad_author__release_checkpoint__gecco__seed2025/result.json,a39350c6ca470c6e8fcea2e6c8f8ad3cd113f9e65afccbd9cff7d0e5b34fd017
crossad_complete,GECCO,release_checkpoint,2025,crossad_author__release_checkpoint__gecco__seed2025,native_validation_control.strict.5.per_entity.GECCO.auroc,0.9866585125059892,experiments/runs/fm_crossad_author_v2/jobs/crossad_author__release_checkpoint__gecco__seed2025/result.json,a39350c6ca470c6e8fcea2e6c8f8ad3cd113f9e65afccbd9cff7d0e5b34fd017
crossad_complete,GECCO,release_checkpoint,2025,crossad_author__release_checkpoint__gecco__seed2025,native_validation_control.strict.5.per_entity.GECCO.average_precision,0.5514278227075576,experiments/runs/fm_crossad_author_v2/jobs/crossad_author__release_checkpoint__gecco__seed2025/result.json,a39350c6ca470c6e8fcea2e6c8f8ad3cd113f9e65afccbd9cff7d0e5b34fd017
crossad_complete,GECCO,release_checkpoint,2025,crossad_author__release_checkpoint__gecco__seed2025,native_validation_control.strict.5.micro.precision,0.4412191582002903,experiments/runs/fm_crossad_author_v2/jobs/crossad_author__release_checkpoint__gecco__seed2025/result.json,a39350c6ca470c6e8fcea2e6c8f8ad3cd113f9e65afccbd9cff7d0e5b34fd017
crossad_complete,GECCO,release_checkpoint,2025,crossad_author__release_checkpoint__gecco__seed2025,native_validation_control.strict.5.micro.recall,0.41643835616438357,experiments/runs/fm_crossad_author_v2/jobs/crossad_author__release_checkpoint__gecco__seed2025/result.json,a39350c6ca470c6e8fcea2e6c8f8ad3cd113f9e65afccbd9cff7d0e5b34fd017
crossad_complete,GECCO,release_checkpoint,2025,crossad_author__release_checkpoint__gecco__seed2025,native_validation_control.strict.5.micro.f1,0.4284707540521494,experiments/runs/fm_crossad_author_v2/jobs/crossad_author__release_checkpoint__gecco__seed2025/result.json,a39350c6ca470c6e8fcea2e6c8f8ad3cd113f9e65afccbd9cff7d0e5b34fd017
crossad_complete,GECCO,release_checkpoint,2025,crossad_author__release_checkpoint__gecco__seed2025,native_validation_control.strict.5.micro.true_positives,304.0,experiments/runs/fm_crossad_author_v2/jobs/crossad_author__release_checkpoint__gecco__seed2025/result.json,a39350c6ca470c6e8fcea2e6c8f8ad3cd113f9e65afccbd9cff7d0e5b34fd017
crossad_complete,GECCO,release_checkpoint,2025,crossad_author__release_checkpoint__gecco__seed2025,native_validation_control.strict.5.micro.false_positives,385.0,experiments/runs/fm_crossad_author_v2/jobs/crossad_author__release_checkpoint__gecco__seed2025/result.json,a39350c6ca470c6e8fcea2e6c8f8ad3cd113f9e65afccbd9cff7d0e5b34fd017
crossad_complete,GECCO,release_checkpoint,2025,crossad_author__release_checkpoint__gecco__seed2025,native_validation_control.strict.5.micro.false_negatives,426.0,experiments/runs/fm_crossad_author_v2/jobs/crossad_author__release_checkpoint__gecco__seed2025/result.json,a39350c6ca470c6e8fcea2e6c8f8ad3cd113f9e65afccbd9cff7d0e5b34fd017
crossad_complete,GECCO,release_checkpoint,2025,crossad_author__release_checkpoint__gecco__seed2025,native_validation_control.strict.5.micro.auroc,0.9866585125059892,experiments/runs/fm_crossad_author_v2/jobs/crossad_author__release_checkpoint__gecco__seed2025/result.json,a39350c6ca470c6e8fcea2e6c8f8ad3cd113f9e65afccbd9cff7d0e5b34fd017
crossad_complete,GECCO,release_checkpoint,2025,crossad_author__release_checkpoint__gecco__seed2025,native_validation_control.strict.5.micro.average_precision,0.5514278227075576,experiments/runs/fm_crossad_author_v2/jobs/crossad_author__release_checkpoint__gecco__seed2025/result.json,a39350c6ca470c6e8fcea2e6c8f8ad3cd113f9e65afccbd9cff7d0e5b34fd017
crossad_complete,GECCO,release_checkpoint,2025,crossad_author__release_checkpoint__gecco__seed2025,native_validation_control.strict.5.macro_f1,0.4284707540521494,experiments/runs/fm_crossad_author_v2/jobs/crossad_author__release_checkpoint__gecco__seed2025/result.json,a39350c6ca470c6e8fcea2e6c8f8ad3cd113f9e65afccbd9cff7d0e5b34fd017
crossad_complete,GECCO,release_checkpoint,2025,crossad_author__release_checkpoint__gecco__seed2025,native_validation_control.strict.5.event_metrics.event_recall,0.4090909090909091,experiments/runs/fm_crossad_author_v2/jobs/crossad_author__release_checkpoint__gecco__seed2025/result.json,a39350c6ca470c6e8fcea2e6c8f8ad3cd113f9e65afccbd9cff7d0e5b34fd017
crossad_complete,GECCO,release_checkpoint,2025,crossad_author__release_checkpoint__gecco__seed2025,native_validation_control.strict.5.event_metrics.events,22,experiments/runs/fm_crossad_author_v2/jobs/crossad_author__release_checkpoint__gecco__seed2025/result.json,a39350c6ca470c6e8fcea2e6c8f8ad3cd113f9e65afccbd9cff7d0e5b34fd017
crossad_complete,GECCO,release_checkpoint,2025,crossad_author__release_checkpoint__gecco__seed2025,native_validation_control.strict.5.event_metrics.detected_events,9,experiments/runs/fm_crossad_author_v2/jobs/crossad_author__release_checkpoint__gecco__seed2025/result.json,a39350c6ca470c6e8fcea2e6c8f8ad3cd113f9e65afccbd9cff7d0e5b34fd017
crossad_complete,GECCO,release_checkpoint,2025,crossad_author__release_checkpoint__gecco__seed2025,native_validation_control.strict.5.event_metrics.mean_detection_delay_points,2.5555555555555554,experiments/runs/fm_crossad_author_v2/jobs/crossad_author__release_checkpoint__gecco__seed2025/result.json,a39350c6ca470c6e8fcea2e6c8f8ad3cd113f9e65afccbd9cff7d0e5b34fd017
crossad_complete,GECCO,release_checkpoint,2025,crossad_author__release_checkpoint__gecco__seed2025,native_validation_control.strict.5.event_metrics.false_alarms_per_1000_normal_points,5.617895550918562,experiments/runs/fm_crossad_author_v2/jobs/crossad_author__release_checkpoint__gecco__seed2025/result.json,a39350c6ca470c6e8fcea2e6c8f8ad3cd113f9e65afccbd9cff7d0e5b34fd017
crossad_complete,GECCO,release_checkpoint,2025,crossad_author__release_checkpoint__gecco__seed2025,native_validation_control.strict.5.f1_ci95.low,0.155552716804606,experiments/runs/fm_crossad_author_v2/jobs/crossad_author__release_checkpoint__gecco__seed2025/result.json,a39350c6ca470c6e8fcea2e6c8f8ad3cd113f9e65afccbd9cff7d0e5b34fd017
crossad_complete,GECCO,release_checkpoint,2025,crossad_author__release_checkpoint__gecco__seed2025,native_validation_control.strict.5.f1_ci95.high,0.5830867065889547,experiments/runs/fm_crossad_author_v2/jobs/crossad_author__release_checkpoint__gecco__seed2025/result.json,a39350c6ca470c6e8fcea2e6c8f8ad3cd113f9e65afccbd9cff7d0e5b34fd017
crossad_complete,GECCO,release_checkpoint,2025,crossad_author__release_checkpoint__gecco__seed2025,native_validation_control.strict.5.f1_ci95.resamples,200,experiments/runs/fm_crossad_author_v2/jobs/crossad_author__release_checkpoint__gecco__seed2025/result.json,a39350c6ca470c6e8fcea2e6c8f8ad3cd113f9e65afccbd9cff7d0e5b34fd017
crossad_complete,GECCO,release_checkpoint,2025,crossad_author__release_checkpoint__gecco__seed2025,native_validation_control.strict.5.f1_ci95.seed,12025,experiments/runs/fm_crossad_author_v2/jobs/crossad_author__release_checkpoint__gecco__seed2025/result.json,a39350c6ca470c6e8fcea2e6c8f8ad3cd113f9e65afccbd9cff7d0e5b34fd017
crossad_complete,GECCO,release_checkpoint,2025,crossad_author__release_checkpoint__gecco__seed2025,native_validation_control.strict.5.f1_ci95.block_points,1024,experiments/runs/fm_crossad_author_v2/jobs/crossad_author__release_checkpoint__gecco__seed2025/result.json,a39350c6ca470c6e8fcea2e6c8f8ad3cd113f9e65afccbd9cff7d0e5b34fd017
crossad_complete,GECCO,release_checkpoint,2025,crossad_author__release_checkpoint__gecco__seed2025,native_validation_control.tab_core_diagnostic.ratio_grid[0].ratio_percent,0.1,experiments/runs/fm_crossad_author_v2/jobs/crossad_author__release_checkpoint__gecco__seed2025/result.json,a39350c6ca470c6e8fcea2e6c8f8ad3cd113f9e65afccbd9cff7d0e5b34fd017
crossad_complete,GECCO,release_checkpoint,2025,crossad_author__release_checkpoint__gecco__seed2025,native_validation_control.tab_core_diagnostic.ratio_grid[0].threshold,238.46417236328125,experiments/runs/fm_crossad_author_v2/jobs/crossad_author__release_checkpoint__gecco__seed2025/result.json,a39350c6ca470c6e8fcea2e6c8f8ad3cd113f9e65afccbd9cff7d0e5b34fd017
crossad_complete,GECCO,release_checkpoint,2025,crossad_author__release_checkpoint__gecco__seed2025,native_validation_control.tab_core_diagnostic.ratio_grid[0].f_score,0.1575,experiments/runs/fm_crossad_author_v2/jobs/crossad_author__release_checkpoint__gecco__seed2025/result.json,a39350c6ca470c6e8fcea2e6c8f8ad3cd113f9e65afccbd9cff7d0e5b34fd017
crossad_complete,GECCO,release_checkpoint,2025,crossad_author__release_checkpoint__gecco__seed2025,native_validation_control.tab_core_diagnostic.ratio_grid[0].adjust_f_score,0.4819773429454171,experiments/runs/fm_crossad_author_v2/jobs/crossad_author__release_checkpoint__gecco__seed2025/result.json,a39350c6ca470c6e8fcea2e6c8f8ad3cd113f9e65afccbd9cff7d0e5b34fd017
crossad_complete,GECCO,release_checkpoint,2025,crossad_author__release_checkpoint__gecco__seed2025,native_validation_control.tab_core_diagnostic.ratio_grid[1].ratio_percent,0.5,experiments/runs/fm_crossad_author_v2/jobs/crossad_author__release_checkpoint__gecco__seed2025/result.json,a39350c6ca470c6e8fcea2e6c8f8ad3cd113f9e65afccbd9cff7d0e5b34fd017
crossad_complete,GECCO,release_checkpoint,2025,crossad_author__release_checkpoint__gecco__seed2025,native_validation_control.tab_core_diagnostic.ratio_grid[1].threshold,8.322331428527832,experiments/runs/fm_crossad_author_v2/jobs/crossad_author__release_checkpoint__gecco__seed2025/result.json,a39350c6ca470c6e8fcea2e6c8f8ad3cd113f9e65afccbd9cff7d0e5b34fd017
crossad_complete,GECCO,release_checkpoint,2025,crossad_author__release_checkpoint__gecco__seed2025,native_validation_control.tab_core_diagnostic.ratio_grid[1].f_score,0.4155844155844156,experiments/runs/fm_crossad_author_v2/jobs/crossad_author__release_checkpoint__gecco__seed2025/result.json,a39350c6ca470c6e8fcea2e6c8f8ad3cd113f9e65afccbd9cff7d0e5b34fd017
crossad_complete,GECCO,release_checkpoint,2025,crossad_author__release_checkpoint__gecco__seed2025,native_validation_control.tab_core_diagnostic.ratio_grid[1].adjust_f_score,0.4686192468619247,experiments/runs/fm_crossad_author_v2/jobs/crossad_author__release_checkpoint__gecco__seed2025/result.json,a39350c6ca470c6e8fcea2e6c8f8ad3cd113f9e65afccbd9cff7d0e5b34fd017
crossad_complete,GECCO,release_checkpoint,2025,crossad_author__release_checkpoint__gecco__seed2025,native_validation_control.tab_core_diagnostic.ratio_grid[2].ratio_percent,1,experiments/runs/fm_crossad_author_v2/jobs/crossad_author__release_checkpoint__gecco__seed2025/result.json,a39350c6ca470c6e8fcea2e6c8f8ad3cd113f9e65afccbd9cff7d0e5b34fd017
crossad_complete,GECCO,release_checkpoint,2025,crossad_author__release_checkpoint__gecco__seed2025,native_validation_control.tab_core_diagnostic.ratio_grid[2].threshold,2.667909622192383,experiments/runs/fm_crossad_author_v2/jobs/crossad_author__release_checkpoint__gecco__seed2025/result.json,a39350c6ca470c6e8fcea2e6c8f8ad3cd113f9e65afccbd9cff7d0e5b34fd017
crossad_complete,GECCO,release_checkpoint,2025,crossad_author__release_checkpoint__gecco__seed2025,native_validation_control.tab_core_diagnostic.ratio_grid[2].f_score,0.48880358285348685,experiments/runs/fm_crossad_author_v2/jobs/crossad_author__release_checkpoint__gecco__seed2025/result.json,a39350c6ca470c6e8fcea2e6c8f8ad3cd113f9e65afccbd9cff7d0e5b34fd017
crossad_complete,GECCO,release_checkpoint,2025,crossad_author__release_checkpoint__gecco__seed2025,native_validation_control.tab_core_diagnostic.ratio_grid[2].adjust_f_score,0.6031933767001773,experiments/runs/fm_crossad_author_v2/jobs/crossad_author__release_checkpoint__gecco__seed2025/result.json,a39350c6ca470c6e8fcea2e6c8f8ad3cd113f9e65afccbd9cff7d0e5b34fd017
crossad_complete,GECCO,release_checkpoint,2025,crossad_author__release_checkpoint__gecco__seed2025,native_validation_control.tab_core_diagnostic.ratio_grid[3].ratio_percent,2,experiments/runs/fm_crossad_author_v2/jobs/crossad_author__release_checkpoint__gecco__seed2025/result.json,a39350c6ca470c6e8fcea2e6c8f8ad3cd113f9e65afccbd9cff7d0e5b34fd017
crossad_complete,GECCO,release_checkpoint,2025,crossad_author__release_checkpoint__gecco__seed2025,native_validation_control.tab_core_diagnostic.ratio_grid[3].threshold,1.1362615823745728,experiments/runs/fm_crossad_author_v2/jobs/crossad_author__release_checkpoint__gecco__seed2025/result.json,a39350c6ca470c6e8fcea2e6c8f8ad3cd113f9e65afccbd9cff7d0e5b34fd017
crossad_complete,GECCO,release_checkpoint,2025,crossad_author__release_checkpoint__gecco__seed2025,native_validation_control.tab_core_diagnostic.ratio_grid[3].f_score,0.5234135667396063,experiments/runs/fm_crossad_author_v2/jobs/crossad_author__release_checkpoint__gecco__seed2025/result.json,a39350c6ca470c6e8fcea2e6c8f8ad3cd113f9e65afccbd9cff7d0e5b34fd017
crossad_complete,GECCO,release_checkpoint,2025,crossad_author__release_checkpoint__gecco__seed2025,native_validation_control.tab_core_diagnostic.ratio_grid[3].adjust_f_score,0.604054613156806,experiments/runs/fm_crossad_author_v2/jobs/crossad_author__release_checkpoint__gecco__seed2025/result.json,a39350c6ca470c6e8fcea2e6c8f8ad3cd113f9e65afccbd9cff7d0e5b34fd017
crossad_complete,GECCO,release_checkpoint,2025,crossad_author__release_checkpoint__gecco__seed2025,native_validation_control.tab_core_diagnostic.ratio_grid[4].ratio_percent,3,experiments/runs/fm_crossad_author_v2/jobs/crossad_author__release_checkpoint__gecco__seed2025/result.json,a39350c6ca470c6e8fcea2e6c8f8ad3cd113f9e65afccbd9cff7d0e5b34fd017
crossad_complete,GECCO,release_checkpoint,2025,crossad_author__release_checkpoint__gecco__seed2025,native_validation_control.tab_core_diagnostic.ratio_grid[4].threshold,0.6735760569572449,experiments/runs/fm_crossad_author_v2/jobs/crossad_author__release_checkpoint__gecco__seed2025/result.json,a39350c6ca470c6e8fcea2e6c8f8ad3cd113f9e65afccbd9cff7d0e5b34fd017
crossad_complete,GECCO,release_checkpoint,2025,crossad_author__release_checkpoint__gecco__seed2025,native_validation_control.tab_core_diagnostic.ratio_grid[4].f_score,0.4401384083044983,experiments/runs/fm_crossad_author_v2/jobs/crossad_author__release_checkpoint__gecco__seed2025/result.json,a39350c6ca470c6e8fcea2e6c8f8ad3cd113f9e65afccbd9cff7d0e5b34fd017
crossad_complete,GECCO,release_checkpoint,2025,crossad_author__release_checkpoint__gecco__seed2025,native_validation_control.tab_core_diagnostic.ratio_grid[4].adjust_f_score,0.48927613941018766,experiments/runs/fm_crossad_author_v2/jobs/crossad_author__release_checkpoint__gecco__seed2025/result.json,a39350c6ca470c6e8fcea2e6c8f8ad3cd113f9e65afccbd9cff7d0e5b34fd017
crossad_complete,GECCO,release_checkpoint,2025,crossad_author__release_checkpoint__gecco__seed2025,native_validation_control.tab_core_diagnostic.ratio_grid[5].ratio_percent,5,experiments/runs/fm_crossad_author_v2/jobs/crossad_author__release_checkpoint__gecco__seed2025/result.json,a39350c6ca470c6e8fcea2e6c8f8ad3cd113f9e65afccbd9cff7d0e5b34fd017
crossad_complete,GECCO,release_checkpoint,2025,crossad_author__release_checkpoint__gecco__seed2025,native_validation_control.tab_core_diagnostic.ratio_grid[5].threshold,0.40842023491859436,experiments/runs/fm_crossad_author_v2/jobs/crossad_author__release_checkpoint__gecco__seed2025/result.json,a39350c6ca470c6e8fcea2e6c8f8ad3cd113f9e65afccbd9cff7d0e5b34fd017
crossad_complete,GECCO,release_checkpoint,2025,crossad_author__release_checkpoint__gecco__seed2025,native_validation_control.tab_core_diagnostic.ratio_grid[5].f_score,0.3538422261935154,experiments/runs/fm_crossad_author_v2/jobs/crossad_author__release_checkpoint__gecco__seed2025/result.json,a39350c6ca470c6e8fcea2e6c8f8ad3cd113f9e65afccbd9cff7d0e5b34fd017
crossad_complete,GECCO,release_checkpoint,2025,crossad_author__release_checkpoint__gecco__seed2025,native_validation_control.tab_core_diagnostic.ratio_grid[5].adjust_f_score,0.3692463328275164,experiments/runs/fm_crossad_author_v2/jobs/crossad_author__release_checkpoint__gecco__seed2025/result.json,a39350c6ca470c6e8fcea2e6c8f8ad3cd113f9e65afccbd9cff7d0e5b34fd017
crossad_complete,GECCO,release_checkpoint,2025,crossad_author__release_checkpoint__gecco__seed2025,native_validation_control.tab_core_diagnostic.ratio_grid[6].ratio_percent,10,experiments/runs/fm_crossad_author_v2/jobs/crossad_author__release_checkpoint__gecco__seed2025/result.json,a39350c6ca470c6e8fcea2e6c8f8ad3cd113f9e65afccbd9cff7d0e5b34fd017
crossad_complete,GECCO,release_checkpoint,2025,crossad_author__release_checkpoint__gecco__seed2025,native_validation_control.tab_core_diagnostic.ratio_grid[6].threshold,0.25699302554130554,experiments/runs/fm_crossad_author_v2/jobs/crossad_author__release_checkpoint__gecco__seed2025/result.json,a39350c6ca470c6e8fcea2e6c8f8ad3cd113f9e65afccbd9cff7d0e5b34fd017
crossad_complete,GECCO,release_checkpoint,2025,crossad_author__release_checkpoint__gecco__seed2025,native_validation_control.tab_core_diagnostic.ratio_grid[6].f_score,0.2254545454545454,experiments/runs/fm_crossad_author_v2/jobs/crossad_author__release_checkpoint__gecco__seed2025/result.json,a39350c6ca470c6e8fcea2e6c8f8ad3cd113f9e65afccbd9cff7d0e5b34fd017
crossad_complete,GECCO,release_checkpoint,2025,crossad_author__release_checkpoint__gecco__seed2025,native_validation_control.tab_core_diagnostic.ratio_grid[6].adjust_f_score,0.23021128981393882,experiments/runs/fm_crossad_author_v2/jobs/crossad_author__release_checkpoint__gecco__seed2025/result.json,a39350c6ca470c6e8fcea2e6c8f8ad3cd113f9e65afccbd9cff7d0e5b34fd017
crossad_complete,GECCO,release_checkpoint,2025,crossad_author__release_checkpoint__gecco__seed2025,native_validation_control.tab_core_diagnostic.ratio_grid[7].ratio_percent,15,experiments/runs/fm_crossad_author_v2/jobs/crossad_author__release_checkpoint__gecco__seed2025/result.json,a39350c6ca470c6e8fcea2e6c8f8ad3cd113f9e65afccbd9cff7d0e5b34fd017
crossad_complete,GECCO,release_checkpoint,2025,crossad_author__release_checkpoint__gecco__seed2025,native_validation_control.tab_core_diagnostic.ratio_grid[7].threshold,0.20554107427597046,experiments/runs/fm_crossad_author_v2/jobs/crossad_author__release_checkpoint__gecco__seed2025/result.json,a39350c6ca470c6e8fcea2e6c8f8ad3cd113f9e65afccbd9cff7d0e5b34fd017
crossad_complete,GECCO,release_checkpoint,2025,crossad_author__release_checkpoint__gecco__seed2025,native_validation_control.tab_core_diagnostic.ratio_grid[7].f_score,0.16064257028112447,experiments/runs/fm_crossad_author_v2/jobs/crossad_author__release_checkpoint__gecco__seed2025/result.json,a39350c6ca470c6e8fcea2e6c8f8ad3cd113f9e65afccbd9cff7d0e5b34fd017
crossad_complete,GECCO,release_checkpoint,2025,crossad_author__release_checkpoint__gecco__seed2025,native_validation_control.tab_core_diagnostic.ratio_grid[7].adjust_f_score,0.1626922219745933,experiments/runs/fm_crossad_author_v2/jobs/crossad_author__release_checkpoint__gecco__seed2025/result.json,a39350c6ca470c6e8fcea2e6c8f8ad3cd113f9e65afccbd9cff7d0e5b34fd017
crossad_complete,GECCO,release_checkpoint,2025,crossad_author__release_checkpoint__gecco__seed2025,native_validation_control.tab_core_diagnostic.ratio_grid[8].ratio_percent,20,experiments/runs/fm_crossad_author_v2/jobs/crossad_author__release_checkpoint__gecco__seed2025/result.json,a39350c6ca470c6e8fcea2e6c8f8ad3cd113f9e65afccbd9cff7d0e5b34fd017
crossad_complete,GECCO,release_checkpoint,2025,crossad_author__release_checkpoint__gecco__seed2025,native_validation_control.tab_core_diagnostic.ratio_grid[8].threshold,0.17537283897399902,experiments/runs/fm_crossad_author_v2/jobs/crossad_author__release_checkpoint__gecco__seed2025/result.json,a39350c6ca470c6e8fcea2e6c8f8ad3cd113f9e65afccbd9cff7d0e5b34fd017
crossad_complete,GECCO,release_checkpoint,2025,crossad_author__release_checkpoint__gecco__seed2025,native_validation_control.tab_core_diagnostic.ratio_grid[8].f_score,0.12298232129131437,experiments/runs/fm_crossad_author_v2/jobs/crossad_author__release_checkpoint__gecco__seed2025/result.json,a39350c6ca470c6e8fcea2e6c8f8ad3cd113f9e65afccbd9cff7d0e5b34fd017
crossad_complete,GECCO,release_checkpoint,2025,crossad_author__release_checkpoint__gecco__seed2025,native_validation_control.tab_core_diagnostic.ratio_grid[8].adjust_f_score,0.12458400887447738,experiments/runs/fm_crossad_author_v2/jobs/crossad_author__release_checkpoint__gecco__seed2025/result.json,a39350c6ca470c6e8fcea2e6c8f8ad3cd113f9e65afccbd9cff7d0e5b34fd017
crossad_complete,GECCO,release_checkpoint,2025,crossad_author__release_checkpoint__gecco__seed2025,native_validation_control.tab_core_diagnostic.ratio_grid[9].ratio_percent,25,experiments/runs/fm_crossad_author_v2/jobs/crossad_author__release_checkpoint__gecco__seed2025/result.json,a39350c6ca470c6e8fcea2e6c8f8ad3cd113f9e65afccbd9cff7d0e5b34fd017
crossad_complete,GECCO,release_checkpoint,2025,crossad_author__release_checkpoint__gecco__seed2025,native_validation_control.tab_core_diagnostic.ratio_grid[9].threshold,0.15460923314094543,experiments/runs/fm_crossad_author_v2/jobs/crossad_author__release_checkpoint__gecco__seed2025/result.json,a39350c6ca470c6e8fcea2e6c8f8ad3cd113f9e65afccbd9cff7d0e5b34fd017
crossad_complete,GECCO,release_checkpoint,2025,crossad_author__release_checkpoint__gecco__seed2025,native_validation_control.tab_core_diagnostic.ratio_grid[9].f_score,0.09769610161475575,experiments/runs/fm_crossad_author_v2/jobs/crossad_author__release_checkpoint__gecco__seed2025/result.json,a39350c6ca470c6e8fcea2e6c8f8ad3cd113f9e65afccbd9cff7d0e5b34fd017
crossad_complete,GECCO,release_checkpoint,2025,crossad_author__release_checkpoint__gecco__seed2025,native_validation_control.tab_core_diagnostic.ratio_grid[9].adjust_f_score,0.09859535386277687,experiments/runs/fm_crossad_author_v2/jobs/crossad_author__release_checkpoint__gecco__seed2025/result.json,a39350c6ca470c6e8fcea2e6c8f8ad3cd113f9e65afccbd9cff7d0e5b34fd017
crossad_complete,GECCO,release_checkpoint,2025,crossad_author__release_checkpoint__gecco__seed2025,native_validation_control.tab_core_diagnostic.best_grid_f_score,0.5234135667396063,experiments/runs/fm_crossad_author_v2/jobs/crossad_author__release_checkpoint__gecco__seed2025/result.json,a39350c6ca470c6e8fcea2e6c8f8ad3cd113f9e65afccbd9cff7d0e5b34fd017
crossad_complete,GECCO,release_checkpoint,2025,crossad_author__release_checkpoint__gecco__seed2025,native_validation_control.tab_core_diagnostic.best_grid_adjust_f_score,0.604054613156806,experiments/runs/fm_crossad_author_v2/jobs/crossad_author__release_checkpoint__gecco__seed2025/result.json,a39350c6ca470c6e8fcea2e6c8f8ad3cd113f9e65afccbd9cff7d0e5b34fd017
crossad_complete,GECCO,release_checkpoint,2025,crossad_author__release_checkpoint__gecco__seed2025,native_validation_control.tab_core_diagnostic.auc_roc,0.9866585125059892,experiments/runs/fm_crossad_author_v2/jobs/crossad_author__release_checkpoint__gecco__seed2025/result.json,a39350c6ca470c6e8fcea2e6c8f8ad3cd113f9e65afccbd9cff7d0e5b34fd017
crossad_complete,GECCO,release_checkpoint,2025,crossad_author__release_checkpoint__gecco__seed2025,native_validation_control.tab_core_diagnostic.auc_pr,0.5514278227075576,experiments/runs/fm_crossad_author_v2/jobs/crossad_author__release_checkpoint__gecco__seed2025/result.json,a39350c6ca470c6e8fcea2e6c8f8ad3cd113f9e65afccbd9cff7d0e5b34fd017
crossad_complete,MSL,release_checkpoint,2025,crossad_author__release_checkpoint__msl__seed2025,original_author._affiliation[0].Affiliation_thre,0.1324892,experiments/runs/fm_crossad_author_v2/jobs/crossad_author__release_checkpoint__msl__seed2025/result.json,b7e397f588bfc09f41104410182581a36e19251ce9b5813d9a28d41348b271f5
crossad_complete,MSL,release_checkpoint,2025,crossad_author__release_checkpoint__msl__seed2025,original_author._affiliation[0].Affiliation_ACC,0.7045084635416666,experiments/runs/fm_crossad_author_v2/jobs/crossad_author__release_checkpoint__msl__seed2025/result.json,b7e397f588bfc09f41104410182581a36e19251ce9b5813d9a28d41348b271f5
crossad_complete,MSL,release_checkpoint,2025,crossad_author__release_checkpoint__msl__seed2025,original_author._affiliation[0].Affiliation_P,0.6391841559848416,experiments/runs/fm_crossad_author_v2/jobs/crossad_author__release_checkpoint__msl__seed2025/result.json,b7e397f588bfc09f41104410182581a36e19251ce9b5813d9a28d41348b271f5
crossad_complete,MSL,release_checkpoint,2025,crossad_author__release_checkpoint__msl__seed2025,original_author._affiliation[0].Affiliation_R,0.9615968297774526,experiments/runs/fm_crossad_author_v2/jobs/crossad_author__release_checkpoint__msl__seed2025/result.json,b7e397f588bfc09f41104410182581a36e19251ce9b5813d9a28d41348b271f5
crossad_complete,MSL,release_checkpoint,2025,crossad_author__release_checkpoint__msl__seed2025,original_author._affiliation[0].Affiliation_F1,0.7679219874620252,experiments/runs/fm_crossad_author_v2/jobs/crossad_author__release_checkpoint__msl__seed2025/result.json,b7e397f588bfc09f41104410182581a36e19251ce9b5813d9a28d41348b271f5
crossad_complete,MSL,release_checkpoint,2025,crossad_author__release_checkpoint__msl__seed2025,original_author._auc[0].AUC_ROC,0.783921245543765,experiments/runs/fm_crossad_author_v2/jobs/crossad_author__release_checkpoint__msl__seed2025/result.json,b7e397f588bfc09f41104410182581a36e19251ce9b5813d9a28d41348b271f5
crossad_complete,MSL,release_checkpoint,2025,crossad_author__release_checkpoint__msl__seed2025,original_author._auc[0].AUC_PR,0.2894165170623322,experiments/runs/fm_crossad_author_v2/jobs/crossad_author__release_checkpoint__msl__seed2025/result.json,b7e397f588bfc09f41104410182581a36e19251ce9b5813d9a28d41348b271f5
crossad_complete,MSL,release_checkpoint,2025,crossad_author__release_checkpoint__msl__seed2025,original_author._best_f1[0].thre_best,0.08656361,experiments/runs/fm_crossad_author_v2/jobs/crossad_author__release_checkpoint__msl__seed2025/result.json,b7e397f588bfc09f41104410182581a36e19251ce9b5813d9a28d41348b271f5
crossad_complete,MSL,release_checkpoint,2025,crossad_author__release_checkpoint__msl__seed2025,original_author._best_f1[0].ACC_best,0.6850314670138888,experiments/runs/fm_crossad_author_v2/jobs/crossad_author__release_checkpoint__msl__seed2025/result.json,b7e397f588bfc09f41104410182581a36e19251ce9b5813d9a28d41348b271f5
crossad_complete,MSL,release_checkpoint,2025,crossad_author__release_checkpoint__msl__seed2025,original_author._best_f1[0].P_best,0.2170346772126405,experiments/runs/fm_crossad_author_v2/jobs/crossad_author__release_checkpoint__msl__seed2025/result.json,b7e397f588bfc09f41104410182581a36e19251ce9b5813d9a28d41348b271f5
crossad_complete,MSL,release_checkpoint,2025,crossad_author__release_checkpoint__msl__seed2025,original_author._best_f1[0].R_best,0.7631985578161216,experiments/runs/fm_crossad_author_v2/jobs/crossad_author__release_checkpoint__msl__seed2025/result.json,b7e397f588bfc09f41104410182581a36e19251ce9b5813d9a28d41348b271f5
crossad_complete,MSL,release_checkpoint,2025,crossad_author__release_checkpoint__msl__seed2025,original_author._best_f1[0].F1_best,0.3379615110477548,experiments/runs/fm_crossad_author_v2/jobs/crossad_author__release_checkpoint__msl__seed2025/result.json,b7e397f588bfc09f41104410182581a36e19251ce9b5813d9a28d41348b271f5
crossad_complete,MSL,release_checkpoint,2025,crossad_author__release_checkpoint__msl__seed2025,original_author._r_auc[0].R_AUC_ROC,0.8090021769570398,experiments/runs/fm_crossad_author_v2/jobs/crossad_author__release_checkpoint__msl__seed2025/result.json,b7e397f588bfc09f41104410182581a36e19251ce9b5813d9a28d41348b271f5
crossad_complete,MSL,release_checkpoint,2025,crossad_author__release_checkpoint__msl__seed2025,original_author._r_auc[0].R_AUC_PR,0.3472732707953878,experiments/runs/fm_crossad_author_v2/jobs/crossad_author__release_checkpoint__msl__seed2025/result.json,b7e397f588bfc09f41104410182581a36e19251ce9b5813d9a28d41348b271f5
crossad_complete,MSL,release_checkpoint,2025,crossad_author__release_checkpoint__msl__seed2025,original_author._spot_thres_info[0].hyper-parameter,0.1,experiments/runs/fm_crossad_author_v2/jobs/crossad_author__release_checkpoint__msl__seed2025/result.json,b7e397f588bfc09f41104410182581a36e19251ce9b5813d9a28d41348b271f5
crossad_complete,MSL,release_checkpoint,2025,crossad_author__release_checkpoint__msl__seed2025,original_author._spot_thres_info[0].threshold,0.1324892044067382,experiments/runs/fm_crossad_author_v2/jobs/crossad_author__release_checkpoint__msl__seed2025/result.json,b7e397f588bfc09f41104410182581a36e19251ce9b5813d9a28d41348b271f5
crossad_complete,MSL,release_checkpoint,2025,crossad_author__release_checkpoint__msl__seed2025,original_author._vus[0].VUS_ROC,0.8091472097666491,experiments/runs/fm_crossad_author_v2/jobs/crossad_author__release_checkpoint__msl__seed2025/result.json,b7e397f588bfc09f41104410182581a36e19251ce9b5813d9a28d41348b271f5
crossad_complete,MSL,release_checkpoint,2025,crossad_author__release_checkpoint__msl__seed2025,original_author._vus[0].VUS_PR,0.3143915324439734,experiments/runs/fm_crossad_author_v2/jobs/crossad_author__release_checkpoint__msl__seed2025/result.json,b7e397f588bfc09f41104410182581a36e19251ce9b5813d9a28d41348b271f5
crossad_complete,MSL,release_checkpoint,2025,crossad_author__release_checkpoint__msl__seed2025,native_validation_control.strict.0.1.calibration.threshold,3.626034559726733,experiments/runs/fm_crossad_author_v2/jobs/crossad_author__release_checkpoint__msl__seed2025/result.json,b7e397f588bfc09f41104410182581a36e19251ce9b5813d9a28d41348b271f5
crossad_complete,MSL,release_checkpoint,2025,crossad_author__release_checkpoint__msl__seed2025,native_validation_control.strict.0.1.calibration.false_alarm_percent,0.1,experiments/runs/fm_crossad_author_v2/jobs/crossad_author__release_checkpoint__msl__seed2025/result.json,b7e397f588bfc09f41104410182581a36e19251ce9b5813d9a28d41348b271f5
crossad_complete,MSL,release_checkpoint,2025,crossad_author__release_checkpoint__msl__seed2025,native_validation_control.strict.0.1.calibration.calibration_points,11664,experiments/runs/fm_crossad_author_v2/jobs/crossad_author__release_checkpoint__msl__seed2025/result.json,b7e397f588bfc09f41104410182581a36e19251ce9b5813d9a28d41348b271f5
crossad_complete,MSL,release_checkpoint,2025,crossad_author__release_checkpoint__msl__seed2025,native_validation_control.strict.0.1.per_entity.MSL.precision,0.5152582159624414,experiments/runs/fm_crossad_author_v2/jobs/crossad_author__release_checkpoint__msl__seed2025/result.json,b7e397f588bfc09f41104410182581a36e19251ce9b5813d9a28d41348b271f5
crossad_complete,MSL,release_checkpoint,2025,crossad_author__release_checkpoint__msl__seed2025,native_validation_control.strict.0.1.per_entity.MSL.recall,0.05652845737831574,experiments/runs/fm_crossad_author_v2/jobs/crossad_author__release_checkpoint__msl__seed2025/result.json,b7e397f588bfc09f41104410182581a36e19251ce9b5813d9a28d41348b271f5
crossad_complete,MSL,release_checkpoint,2025,crossad_author__release_checkpoint__msl__seed2025,native_validation_control.strict.0.1.per_entity.MSL.f1,0.10187978649338596,experiments/runs/fm_crossad_author_v2/jobs/crossad_author__release_checkpoint__msl__seed2025/result.json,b7e397f588bfc09f41104410182581a36e19251ce9b5813d9a28d41348b271f5
crossad_complete,MSL,release_checkpoint,2025,crossad_author__release_checkpoint__msl__seed2025,native_validation_control.strict.0.1.per_entity.MSL.true_positives,439.0,experiments/runs/fm_crossad_author_v2/jobs/crossad_author__release_checkpoint__msl__seed2025/result.json,b7e397f588bfc09f41104410182581a36e19251ce9b5813d9a28d41348b271f5
crossad_complete,MSL,release_checkpoint,2025,crossad_author__release_checkpoint__msl__seed2025,native_validation_control.strict.0.1.per_entity.MSL.false_positives,413.0,experiments/runs/fm_crossad_author_v2/jobs/crossad_author__release_checkpoint__msl__seed2025/result.json,b7e397f588bfc09f41104410182581a36e19251ce9b5813d9a28d41348b271f5
crossad_complete,MSL,release_checkpoint,2025,crossad_author__release_checkpoint__msl__seed2025,native_validation_control.strict.0.1.per_entity.MSL.false_negatives,7327.0,experiments/runs/fm_crossad_author_v2/jobs/crossad_author__release_checkpoint__msl__seed2025/result.json,b7e397f588bfc09f41104410182581a36e19251ce9b5813d9a28d41348b271f5
crossad_complete,MSL,release_checkpoint,2025,crossad_author__release_checkpoint__msl__seed2025,native_validation_control.strict.0.1.per_entity.MSL.auroc,0.7839112001655976,experiments/runs/fm_crossad_author_v2/jobs/crossad_author__release_checkpoint__msl__seed2025/result.json,b7e397f588bfc09f41104410182581a36e19251ce9b5813d9a28d41348b271f5
crossad_complete,MSL,release_checkpoint,2025,crossad_author__release_checkpoint__msl__seed2025,native_validation_control.strict.0.1.per_entity.MSL.average_precision,0.28939406915966825,experiments/runs/fm_crossad_author_v2/jobs/crossad_author__release_checkpoint__msl__seed2025/result.json,b7e397f588bfc09f41104410182581a36e19251ce9b5813d9a28d41348b271f5
crossad_complete,MSL,release_checkpoint,2025,crossad_author__release_checkpoint__msl__seed2025,native_validation_control.strict.0.1.micro.precision,0.5152582159624414,experiments/runs/fm_crossad_author_v2/jobs/crossad_author__release_checkpoint__msl__seed2025/result.json,b7e397f588bfc09f41104410182581a36e19251ce9b5813d9a28d41348b271f5
crossad_complete,MSL,release_checkpoint,2025,crossad_author__release_checkpoint__msl__seed2025,native_validation_control.strict.0.1.micro.recall,0.05652845737831574,experiments/runs/fm_crossad_author_v2/jobs/crossad_author__release_checkpoint__msl__seed2025/result.json,b7e397f588bfc09f41104410182581a36e19251ce9b5813d9a28d41348b271f5
crossad_complete,MSL,release_checkpoint,2025,crossad_author__release_checkpoint__msl__seed2025,native_validation_control.strict.0.1.micro.f1,0.10187978649338596,experiments/runs/fm_crossad_author_v2/jobs/crossad_author__release_checkpoint__msl__seed2025/result.json,b7e397f588bfc09f41104410182581a36e19251ce9b5813d9a28d41348b271f5
crossad_complete,MSL,release_checkpoint,2025,crossad_author__release_checkpoint__msl__seed2025,native_validation_control.strict.0.1.micro.true_positives,439.0,experiments/runs/fm_crossad_author_v2/jobs/crossad_author__release_checkpoint__msl__seed2025/result.json,b7e397f588bfc09f41104410182581a36e19251ce9b5813d9a28d41348b271f5
crossad_complete,MSL,release_checkpoint,2025,crossad_author__release_checkpoint__msl__seed2025,native_validation_control.strict.0.1.micro.false_positives,413.0,experiments/runs/fm_crossad_author_v2/jobs/crossad_author__release_checkpoint__msl__seed2025/result.json,b7e397f588bfc09f41104410182581a36e19251ce9b5813d9a28d41348b271f5
crossad_complete,MSL,release_checkpoint,2025,crossad_author__release_checkpoint__msl__seed2025,native_validation_control.strict.0.1.micro.false_negatives,7327.0,experiments/runs/fm_crossad_author_v2/jobs/crossad_author__release_checkpoint__msl__seed2025/result.json,b7e397f588bfc09f41104410182581a36e19251ce9b5813d9a28d41348b271f5
crossad_complete,MSL,release_checkpoint,2025,crossad_author__release_checkpoint__msl__seed2025,native_validation_control.strict.0.1.micro.auroc,0.7839112001655976,experiments/runs/fm_crossad_author_v2/jobs/crossad_author__release_checkpoint__msl__seed2025/result.json,b7e397f588bfc09f41104410182581a36e19251ce9b5813d9a28d41348b271f5
crossad_complete,MSL,release_checkpoint,2025,crossad_author__release_checkpoint__msl__seed2025,native_validation_control.strict.0.1.micro.average_precision,0.28939406915966825,experiments/runs/fm_crossad_author_v2/jobs/crossad_author__release_checkpoint__msl__seed2025/result.json,b7e397f588bfc09f41104410182581a36e19251ce9b5813d9a28d41348b271f5
crossad_complete,MSL,release_checkpoint,2025,crossad_author__release_checkpoint__msl__seed2025,native_validation_control.strict.0.1.macro_f1,0.10187978649338596,experiments/runs/fm_crossad_author_v2/jobs/crossad_author__release_checkpoint__msl__seed2025/result.json,b7e397f588bfc09f41104410182581a36e19251ce9b5813d9a28d41348b271f5
crossad_complete,MSL,release_checkpoint,2025,crossad_author__release_checkpoint__msl__seed2025,native_validation_control.strict.0.1.event_metrics.event_recall,0.5,experiments/runs/fm_crossad_author_v2/jobs/crossad_author__release_checkpoint__msl__seed2025/result.json,b7e397f588bfc09f41104410182581a36e19251ce9b5813d9a28d41348b271f5
crossad_complete,MSL,release_checkpoint,2025,crossad_author__release_checkpoint__msl__seed2025,native_validation_control.strict.0.1.event_metrics.events,36,experiments/runs/fm_crossad_author_v2/jobs/crossad_author__release_checkpoint__msl__seed2025/result.json,b7e397f588bfc09f41104410182581a36e19251ce9b5813d9a28d41348b271f5
crossad_complete,MSL,release_checkpoint,2025,crossad_author__release_checkpoint__msl__seed2025,native_validation_control.strict.0.1.event_metrics.detected_events,18,experiments/runs/fm_crossad_author_v2/jobs/crossad_author__release_checkpoint__msl__seed2025/result.json,b7e397f588bfc09f41104410182581a36e19251ce9b5813d9a28d41348b271f5
crossad_complete,MSL,release_checkpoint,2025,crossad_author__release_checkpoint__msl__seed2025,native_validation_control.strict.0.1.event_metrics.mean_detection_delay_points,61.27777777777778,experiments/runs/fm_crossad_author_v2/jobs/crossad_author__release_checkpoint__msl__seed2025/result.json,b7e397f588bfc09f41104410182581a36e19251ce9b5813d9a28d41348b271f5
crossad_complete,MSL,release_checkpoint,2025,crossad_author__release_checkpoint__msl__seed2025,native_validation_control.strict.0.1.event_metrics.false_alarms_per_1000_normal_points,6.261085760198899,experiments/runs/fm_crossad_author_v2/jobs/crossad_author__release_checkpoint__msl__seed2025/result.json,b7e397f588bfc09f41104410182581a36e19251ce9b5813d9a28d41348b271f5
crossad_complete,MSL,release_checkpoint,2025,crossad_author__release_checkpoint__msl__seed2025,native_validation_control.strict.0.1.f1_ci95.low,0.01943055341085916,experiments/runs/fm_crossad_author_v2/jobs/crossad_author__release_checkpoint__msl__seed2025/result.json,b7e397f588bfc09f41104410182581a36e19251ce9b5813d9a28d41348b271f5
crossad_complete,MSL,release_checkpoint,2025,crossad_author__release_checkpoint__msl__seed2025,native_validation_control.strict.0.1.f1_ci95.high,0.19616799016468792,experiments/runs/fm_crossad_author_v2/jobs/crossad_author__release_checkpoint__msl__seed2025/result.json,b7e397f588bfc09f41104410182581a36e19251ce9b5813d9a28d41348b271f5
crossad_complete,MSL,release_checkpoint,2025,crossad_author__release_checkpoint__msl__seed2025,native_validation_control.strict.0.1.f1_ci95.resamples,200,experiments/runs/fm_crossad_author_v2/jobs/crossad_author__release_checkpoint__msl__seed2025/result.json,b7e397f588bfc09f41104410182581a36e19251ce9b5813d9a28d41348b271f5
crossad_complete,MSL,release_checkpoint,2025,crossad_author__release_checkpoint__msl__seed2025,native_validation_control.strict.0.1.f1_ci95.seed,12025,experiments/runs/fm_crossad_author_v2/jobs/crossad_author__release_checkpoint__msl__seed2025/result.json,b7e397f588bfc09f41104410182581a36e19251ce9b5813d9a28d41348b271f5
crossad_complete,MSL,release_checkpoint,2025,crossad_author__release_checkpoint__msl__seed2025,native_validation_control.strict.0.1.f1_ci95.block_points,1024,experiments/runs/fm_crossad_author_v2/jobs/crossad_author__release_checkpoint__msl__seed2025/result.json,b7e397f588bfc09f41104410182581a36e19251ce9b5813d9a28d41348b271f5
crossad_complete,MSL,release_checkpoint,2025,crossad_author__release_checkpoint__msl__seed2025,native_validation_control.strict.1.calibration.threshold,1.3128701913356837,experiments/runs/fm_crossad_author_v2/jobs/crossad_author__release_checkpoint__msl__seed2025/result.json,b7e397f588bfc09f41104410182581a36e19251ce9b5813d9a28d41348b271f5
crossad_complete,MSL,release_checkpoint,2025,crossad_author__release_checkpoint__msl__seed2025,native_validation_control.strict.1.calibration.false_alarm_percent,1.0,experiments/runs/fm_crossad_author_v2/jobs/crossad_author__release_checkpoint__msl__seed2025/result.json,b7e397f588bfc09f41104410182581a36e19251ce9b5813d9a28d41348b271f5
crossad_complete,MSL,release_checkpoint,2025,crossad_author__release_checkpoint__msl__seed2025,native_validation_control.strict.1.calibration.calibration_points,11664,experiments/runs/fm_crossad_author_v2/jobs/crossad_author__release_checkpoint__msl__seed2025/result.json,b7e397f588bfc09f41104410182581a36e19251ce9b5813d9a28d41348b271f5
crossad_complete,MSL,release_checkpoint,2025,crossad_author__release_checkpoint__msl__seed2025,native_validation_control.strict.1.per_entity.MSL.precision,0.32402632046950025,experiments/runs/fm_crossad_author_v2/jobs/crossad_author__release_checkpoint__msl__seed2025/result.json,b7e397f588bfc09f41104410182581a36e19251ce9b5813d9a28d41348b271f5
crossad_complete,MSL,release_checkpoint,2025,crossad_author__release_checkpoint__msl__seed2025,native_validation_control.strict.1.per_entity.MSL.recall,0.23461241308266803,experiments/runs/fm_crossad_author_v2/jobs/crossad_author__release_checkpoint__msl__seed2025/result.json,b7e397f588bfc09f41104410182581a36e19251ce9b5813d9a28d41348b271f5
crossad_complete,MSL,release_checkpoint,2025,crossad_author__release_checkpoint__msl__seed2025,native_validation_control.strict.1.per_entity.MSL.f1,0.2721637164836806,experiments/runs/fm_crossad_author_v2/jobs/crossad_author__release_checkpoint__msl__seed2025/result.json,b7e397f588bfc09f41104410182581a36e19251ce9b5813d9a28d41348b271f5
crossad_complete,MSL,release_checkpoint,2025,crossad_author__release_checkpoint__msl__seed2025,native_validation_control.strict.1.per_entity.MSL.true_positives,1822.0,experiments/runs/fm_crossad_author_v2/jobs/crossad_author__release_checkpoint__msl__seed2025/result.json,b7e397f588bfc09f41104410182581a36e19251ce9b5813d9a28d41348b271f5
crossad_complete,MSL,release_checkpoint,2025,crossad_author__release_checkpoint__msl__seed2025,native_validation_control.strict.1.per_entity.MSL.false_positives,3801.0,experiments/runs/fm_crossad_author_v2/jobs/crossad_author__release_checkpoint__msl__seed2025/result.json,b7e397f588bfc09f41104410182581a36e19251ce9b5813d9a28d41348b271f5
crossad_complete,MSL,release_checkpoint,2025,crossad_author__release_checkpoint__msl__seed2025,native_validation_control.strict.1.per_entity.MSL.false_negatives,5944.0,experiments/runs/fm_crossad_author_v2/jobs/crossad_author__release_checkpoint__msl__seed2025/result.json,b7e397f588bfc09f41104410182581a36e19251ce9b5813d9a28d41348b271f5
crossad_complete,MSL,release_checkpoint,2025,crossad_author__release_checkpoint__msl__seed2025,native_validation_control.strict.1.per_entity.MSL.auroc,0.7839112001655976,experiments/runs/fm_crossad_author_v2/jobs/crossad_author__release_checkpoint__msl__seed2025/result.json,b7e397f588bfc09f41104410182581a36e19251ce9b5813d9a28d41348b271f5
crossad_complete,MSL,release_checkpoint,2025,crossad_author__release_checkpoint__msl__seed2025,native_validation_control.strict.1.per_entity.MSL.average_precision,0.28939406915966825,experiments/runs/fm_crossad_author_v2/jobs/crossad_author__release_checkpoint__msl__seed2025/result.json,b7e397f588bfc09f41104410182581a36e19251ce9b5813d9a28d41348b271f5
crossad_complete,MSL,release_checkpoint,2025,crossad_author__release_checkpoint__msl__seed2025,native_validation_control.strict.1.micro.precision,0.32402632046950025,experiments/runs/fm_crossad_author_v2/jobs/crossad_author__release_checkpoint__msl__seed2025/result.json,b7e397f588bfc09f41104410182581a36e19251ce9b5813d9a28d41348b271f5
crossad_complete,MSL,release_checkpoint,2025,crossad_author__release_checkpoint__msl__seed2025,native_validation_control.strict.1.micro.recall,0.23461241308266803,experiments/runs/fm_crossad_author_v2/jobs/crossad_author__release_checkpoint__msl__seed2025/result.json,b7e397f588bfc09f41104410182581a36e19251ce9b5813d9a28d41348b271f5
crossad_complete,MSL,release_checkpoint,2025,crossad_author__release_checkpoint__msl__seed2025,native_validation_control.strict.1.micro.f1,0.2721637164836806,experiments/runs/fm_crossad_author_v2/jobs/crossad_author__release_checkpoint__msl__seed2025/result.json,b7e397f588bfc09f41104410182581a36e19251ce9b5813d9a28d41348b271f5
crossad_complete,MSL,release_checkpoint,2025,crossad_author__release_checkpoint__msl__seed2025,native_validation_control.strict.1.micro.true_positives,1822.0,experiments/runs/fm_crossad_author_v2/jobs/crossad_author__release_checkpoint__msl__seed2025/result.json,b7e397f588bfc09f41104410182581a36e19251ce9b5813d9a28d41348b271f5
crossad_complete,MSL,release_checkpoint,2025,crossad_author__release_checkpoint__msl__seed2025,native_validation_control.strict.1.micro.false_positives,3801.0,experiments/runs/fm_crossad_author_v2/jobs/crossad_author__release_checkpoint__msl__seed2025/result.json,b7e397f588bfc09f41104410182581a36e19251ce9b5813d9a28d41348b271f5
crossad_complete,MSL,release_checkpoint,2025,crossad_author__release_checkpoint__msl__seed2025,native_validation_control.strict.1.micro.false_negatives,5944.0,experiments/runs/fm_crossad_author_v2/jobs/crossad_author__release_checkpoint__msl__seed2025/result.json,b7e397f588bfc09f41104410182581a36e19251ce9b5813d9a28d41348b271f5
crossad_complete,MSL,release_checkpoint,2025,crossad_author__release_checkpoint__msl__seed2025,native_validation_control.strict.1.micro.auroc,0.7839112001655976,experiments/runs/fm_crossad_author_v2/jobs/crossad_author__release_checkpoint__msl__seed2025/result.json,b7e397f588bfc09f41104410182581a36e19251ce9b5813d9a28d41348b271f5
crossad_complete,MSL,release_checkpoint,2025,crossad_author__release_checkpoint__msl__seed2025,native_validation_control.strict.1.micro.average_precision,0.28939406915966825,experiments/runs/fm_crossad_author_v2/jobs/crossad_author__release_checkpoint__msl__seed2025/result.json,b7e397f588bfc09f41104410182581a36e19251ce9b5813d9a28d41348b271f5
crossad_complete,MSL,release_checkpoint,2025,crossad_author__release_checkpoint__msl__seed2025,native_validation_control.strict.1.macro_f1,0.2721637164836806,experiments/runs/fm_crossad_author_v2/jobs/crossad_author__release_checkpoint__msl__seed2025/result.json,b7e397f588bfc09f41104410182581a36e19251ce9b5813d9a28d41348b271f5
crossad_complete,MSL,release_checkpoint,2025,crossad_author__release_checkpoint__msl__seed2025,native_validation_control.strict.1.event_metrics.event_recall,0.8611111111111112,experiments/runs/fm_crossad_author_v2/jobs/crossad_author__release_checkpoint__msl__seed2025/result.json,b7e397f588bfc09f41104410182581a36e19251ce9b5813d9a28d41348b271f5
crossad_complete,MSL,release_checkpoint,2025,crossad_author__release_checkpoint__msl__seed2025,native_validation_control.strict.1.event_metrics.events,36,experiments/runs/fm_crossad_author_v2/jobs/crossad_author__release_checkpoint__msl__seed2025/result.json,b7e397f588bfc09f41104410182581a36e19251ce9b5813d9a28d41348b271f5
crossad_complete,MSL,release_checkpoint,2025,crossad_author__release_checkpoint__msl__seed2025,native_validation_control.strict.1.event_metrics.detected_events,31,experiments/runs/fm_crossad_author_v2/jobs/crossad_author__release_checkpoint__msl__seed2025/result.json,b7e397f588bfc09f41104410182581a36e19251ce9b5813d9a28d41348b271f5
crossad_complete,MSL,release_checkpoint,2025,crossad_author__release_checkpoint__msl__seed2025,native_validation_control.strict.1.event_metrics.mean_detection_delay_points,29.64516129032258,experiments/runs/fm_crossad_author_v2/jobs/crossad_author__release_checkpoint__msl__seed2025/result.json,b7e397f588bfc09f41104410182581a36e19251ce9b5813d9a28d41348b271f5
crossad_complete,MSL,release_checkpoint,2025,crossad_author__release_checkpoint__msl__seed2025,native_validation_control.strict.1.event_metrics.false_alarms_per_1000_normal_points,57.62321301335597,experiments/runs/fm_crossad_author_v2/jobs/crossad_author__release_checkpoint__msl__seed2025/result.json,b7e397f588bfc09f41104410182581a36e19251ce9b5813d9a28d41348b271f5
crossad_complete,MSL,release_checkpoint,2025,crossad_author__release_checkpoint__msl__seed2025,native_validation_control.strict.1.f1_ci95.low,0.17233608021600222,experiments/runs/fm_crossad_author_v2/jobs/crossad_author__release_checkpoint__msl__seed2025/result.json,b7e397f588bfc09f41104410182581a36e19251ce9b5813d9a28d41348b271f5
crossad_complete,MSL,release_checkpoint,2025,crossad_author__release_checkpoint__msl__seed2025,native_validation_control.strict.1.f1_ci95.high,0.38968837342384705,experiments/runs/fm_crossad_author_v2/jobs/crossad_author__release_checkpoint__msl__seed2025/result.json,b7e397f588bfc09f41104410182581a36e19251ce9b5813d9a28d41348b271f5
crossad_complete,MSL,release_checkpoint,2025,crossad_author__release_checkpoint__msl__seed2025,native_validation_control.strict.1.f1_ci95.resamples,200,experiments/runs/fm_crossad_author_v2/jobs/crossad_author__release_checkpoint__msl__seed2025/result.json,b7e397f588bfc09f41104410182581a36e19251ce9b5813d9a28d41348b271f5
crossad_complete,MSL,release_checkpoint,2025,crossad_author__release_checkpoint__msl__seed2025,native_validation_control.strict.1.f1_ci95.seed,12025,experiments/runs/fm_crossad_author_v2/jobs/crossad_author__release_checkpoint__msl__seed2025/result.json,b7e397f588bfc09f41104410182581a36e19251ce9b5813d9a28d41348b271f5
crossad_complete,MSL,release_checkpoint,2025,crossad_author__release_checkpoint__msl__seed2025,native_validation_control.strict.1.f1_ci95.block_points,1024,experiments/runs/fm_crossad_author_v2/jobs/crossad_author__release_checkpoint__msl__seed2025/result.json,b7e397f588bfc09f41104410182581a36e19251ce9b5813d9a28d41348b271f5
crossad_complete,MSL,release_checkpoint,2025,crossad_author__release_checkpoint__msl__seed2025,native_validation_control.strict.5.calibration.threshold,0.8201075345277787,experiments/runs/fm_crossad_author_v2/jobs/crossad_author__release_checkpoint__msl__seed2025/result.json,b7e397f588bfc09f41104410182581a36e19251ce9b5813d9a28d41348b271f5
crossad_complete,MSL,release_checkpoint,2025,crossad_author__release_checkpoint__msl__seed2025,native_validation_control.strict.5.calibration.false_alarm_percent,5.0,experiments/runs/fm_crossad_author_v2/jobs/crossad_author__release_checkpoint__msl__seed2025/result.json,b7e397f588bfc09f41104410182581a36e19251ce9b5813d9a28d41348b271f5
crossad_complete,MSL,release_checkpoint,2025,crossad_author__release_checkpoint__msl__seed2025,native_validation_control.strict.5.calibration.calibration_points,11664,experiments/runs/fm_crossad_author_v2/jobs/crossad_author__release_checkpoint__msl__seed2025/result.json,b7e397f588bfc09f41104410182581a36e19251ce9b5813d9a28d41348b271f5
crossad_complete,MSL,release_checkpoint,2025,crossad_author__release_checkpoint__msl__seed2025,native_validation_control.strict.5.per_entity.MSL.precision,0.2880211081794195,experiments/runs/fm_crossad_author_v2/jobs/crossad_author__release_checkpoint__msl__seed2025/result.json,b7e397f588bfc09f41104410182581a36e19251ce9b5813d9a28d41348b271f5
crossad_complete,MSL,release_checkpoint,2025,crossad_author__release_checkpoint__msl__seed2025,native_validation_control.strict.5.per_entity.MSL.recall,0.351403553953129,experiments/runs/fm_crossad_author_v2/jobs/crossad_author__release_checkpoint__msl__seed2025/result.json,b7e397f588bfc09f41104410182581a36e19251ce9b5813d9a28d41348b271f5
crossad_complete,MSL,release_checkpoint,2025,crossad_author__release_checkpoint__msl__seed2025,native_validation_control.strict.5.per_entity.MSL.f1,0.3165709645612203,experiments/runs/fm_crossad_author_v2/jobs/crossad_author__release_checkpoint__msl__seed2025/result.json,b7e397f588bfc09f41104410182581a36e19251ce9b5813d9a28d41348b271f5
crossad_complete,MSL,release_checkpoint,2025,crossad_author__release_checkpoint__msl__seed2025,native_validation_control.strict.5.per_entity.MSL.true_positives,2729.0,experiments/runs/fm_crossad_author_v2/jobs/crossad_author__release_checkpoint__msl__seed2025/result.json,b7e397f588bfc09f41104410182581a36e19251ce9b5813d9a28d41348b271f5
crossad_complete,MSL,release_checkpoint,2025,crossad_author__release_checkpoint__msl__seed2025,native_validation_control.strict.5.per_entity.MSL.false_positives,6746.0,experiments/runs/fm_crossad_author_v2/jobs/crossad_author__release_checkpoint__msl__seed2025/result.json,b7e397f588bfc09f41104410182581a36e19251ce9b5813d9a28d41348b271f5
crossad_complete,MSL,release_checkpoint,2025,crossad_author__release_checkpoint__msl__seed2025,native_validation_control.strict.5.per_entity.MSL.false_negatives,5037.0,experiments/runs/fm_crossad_author_v2/jobs/crossad_author__release_checkpoint__msl__seed2025/result.json,b7e397f588bfc09f41104410182581a36e19251ce9b5813d9a28d41348b271f5
crossad_complete,MSL,release_checkpoint,2025,crossad_author__release_checkpoint__msl__seed2025,native_validation_control.strict.5.per_entity.MSL.auroc,0.7839112001655976,experiments/runs/fm_crossad_author_v2/jobs/crossad_author__release_checkpoint__msl__seed2025/result.json,b7e397f588bfc09f41104410182581a36e19251ce9b5813d9a28d41348b271f5
crossad_complete,MSL,release_checkpoint,2025,crossad_author__release_checkpoint__msl__seed2025,native_validation_control.strict.5.per_entity.MSL.average_precision,0.28939406915966825,experiments/runs/fm_crossad_author_v2/jobs/crossad_author__release_checkpoint__msl__seed2025/result.json,b7e397f588bfc09f41104410182581a36e19251ce9b5813d9a28d41348b271f5
crossad_complete,MSL,release_checkpoint,2025,crossad_author__release_checkpoint__msl__seed2025,native_validation_control.strict.5.micro.precision,0.2880211081794195,experiments/runs/fm_crossad_author_v2/jobs/crossad_author__release_checkpoint__msl__seed2025/result.json,b7e397f588bfc09f41104410182581a36e19251ce9b5813d9a28d41348b271f5
crossad_complete,MSL,release_checkpoint,2025,crossad_author__release_checkpoint__msl__seed2025,native_validation_control.strict.5.micro.recall,0.351403553953129,experiments/runs/fm_crossad_author_v2/jobs/crossad_author__release_checkpoint__msl__seed2025/result.json,b7e397f588bfc09f41104410182581a36e19251ce9b5813d9a28d41348b271f5
crossad_complete,MSL,release_checkpoint,2025,crossad_author__release_checkpoint__msl__seed2025,native_validation_control.strict.5.micro.f1,0.3165709645612203,experiments/runs/fm_crossad_author_v2/jobs/crossad_author__release_checkpoint__msl__seed2025/result.json,b7e397f588bfc09f41104410182581a36e19251ce9b5813d9a28d41348b271f5
crossad_complete,MSL,release_checkpoint,2025,crossad_author__release_checkpoint__msl__seed2025,native_validation_control.strict.5.micro.true_positives,2729.0,experiments/runs/fm_crossad_author_v2/jobs/crossad_author__release_checkpoint__msl__seed2025/result.json,b7e397f588bfc09f41104410182581a36e19251ce9b5813d9a28d41348b271f5
crossad_complete,MSL,release_checkpoint,2025,crossad_author__release_checkpoint__msl__seed2025,native_validation_control.strict.5.micro.false_positives,6746.0,experiments/runs/fm_crossad_author_v2/jobs/crossad_author__release_checkpoint__msl__seed2025/result.json,b7e397f588bfc09f41104410182581a36e19251ce9b5813d9a28d41348b271f5
crossad_complete,MSL,release_checkpoint,2025,crossad_author__release_checkpoint__msl__seed2025,native_validation_control.strict.5.micro.false_negatives,5037.0,experiments/runs/fm_crossad_author_v2/jobs/crossad_author__release_checkpoint__msl__seed2025/result.json,b7e397f588bfc09f41104410182581a36e19251ce9b5813d9a28d41348b271f5
crossad_complete,MSL,release_checkpoint,2025,crossad_author__release_checkpoint__msl__seed2025,native_validation_control.strict.5.micro.auroc,0.7839112001655976,experiments/runs/fm_crossad_author_v2/jobs/crossad_author__release_checkpoint__msl__seed2025/result.json,b7e397f588bfc09f41104410182581a36e19251ce9b5813d9a28d41348b271f5
crossad_complete,MSL,release_checkpoint,2025,crossad_author__release_checkpoint__msl__seed2025,native_validation_control.strict.5.micro.average_precision,0.28939406915966825,experiments/runs/fm_crossad_author_v2/jobs/crossad_author__release_checkpoint__msl__seed2025/result.json,b7e397f588bfc09f41104410182581a36e19251ce9b5813d9a28d41348b271f5
crossad_complete,MSL,release_checkpoint,2025,crossad_author__release_checkpoint__msl__seed2025,native_validation_control.strict.5.macro_f1,0.3165709645612203,experiments/runs/fm_crossad_author_v2/jobs/crossad_author__release_checkpoint__msl__seed2025/result.json,b7e397f588bfc09f41104410182581a36e19251ce9b5813d9a28d41348b271f5
crossad_complete,MSL,release_checkpoint,2025,crossad_author__release_checkpoint__msl__seed2025,native_validation_control.strict.5.event_metrics.event_recall,0.8611111111111112,experiments/runs/fm_crossad_author_v2/jobs/crossad_author__release_checkpoint__msl__seed2025/result.json,b7e397f588bfc09f41104410182581a36e19251ce9b5813d9a28d41348b271f5
crossad_complete,MSL,release_checkpoint,2025,crossad_author__release_checkpoint__msl__seed2025,native_validation_control.strict.5.event_metrics.events,36,experiments/runs/fm_crossad_author_v2/jobs/crossad_author__release_checkpoint__msl__seed2025/result.json,b7e397f588bfc09f41104410182581a36e19251ce9b5813d9a28d41348b271f5
crossad_complete,MSL,release_checkpoint,2025,crossad_author__release_checkpoint__msl__seed2025,native_validation_control.strict.5.event_metrics.detected_events,31,experiments/runs/fm_crossad_author_v2/jobs/crossad_author__release_checkpoint__msl__seed2025/result.json,b7e397f588bfc09f41104410182581a36e19251ce9b5813d9a28d41348b271f5
crossad_complete,MSL,release_checkpoint,2025,crossad_author__release_checkpoint__msl__seed2025,native_validation_control.strict.5.event_metrics.mean_detection_delay_points,16.06451612903226,experiments/runs/fm_crossad_author_v2/jobs/crossad_author__release_checkpoint__msl__seed2025/result.json,b7e397f588bfc09f41104410182581a36e19251ce9b5813d9a28d41348b271f5
crossad_complete,MSL,release_checkpoint,2025,crossad_author__release_checkpoint__msl__seed2025,native_validation_control.strict.5.event_metrics.false_alarms_per_1000_normal_points,102.26945408789776,experiments/runs/fm_crossad_author_v2/jobs/crossad_author__release_checkpoint__msl__seed2025/result.json,b7e397f588bfc09f41104410182581a36e19251ce9b5813d9a28d41348b271f5
crossad_complete,MSL,release_checkpoint,2025,crossad_author__release_checkpoint__msl__seed2025,native_validation_control.strict.5.f1_ci95.low,0.20442053721696762,experiments/runs/fm_crossad_author_v2/jobs/crossad_author__release_checkpoint__msl__seed2025/result.json,b7e397f588bfc09f41104410182581a36e19251ce9b5813d9a28d41348b271f5
crossad_complete,MSL,release_checkpoint,2025,crossad_author__release_checkpoint__msl__seed2025,native_validation_control.strict.5.f1_ci95.high,0.44569250499358,experiments/runs/fm_crossad_author_v2/jobs/crossad_author__release_checkpoint__msl__seed2025/result.json,b7e397f588bfc09f41104410182581a36e19251ce9b5813d9a28d41348b271f5
crossad_complete,MSL,release_checkpoint,2025,crossad_author__release_checkpoint__msl__seed2025,native_validation_control.strict.5.f1_ci95.resamples,200,experiments/runs/fm_crossad_author_v2/jobs/crossad_author__release_checkpoint__msl__seed2025/result.json,b7e397f588bfc09f41104410182581a36e19251ce9b5813d9a28d41348b271f5
crossad_complete,MSL,release_checkpoint,2025,crossad_author__release_checkpoint__msl__seed2025,native_validation_control.strict.5.f1_ci95.seed,12025,experiments/runs/fm_crossad_author_v2/jobs/crossad_author__release_checkpoint__msl__seed2025/result.json,b7e397f588bfc09f41104410182581a36e19251ce9b5813d9a28d41348b271f5
crossad_complete,MSL,release_checkpoint,2025,crossad_author__release_checkpoint__msl__seed2025,native_validation_control.strict.5.f1_ci95.block_points,1024,experiments/runs/fm_crossad_author_v2/jobs/crossad_author__release_checkpoint__msl__seed2025/result.json,b7e397f588bfc09f41104410182581a36e19251ce9b5813d9a28d41348b271f5
crossad_complete,MSL,release_checkpoint,2025,crossad_author__release_checkpoint__msl__seed2025,native_validation_control.tab_core_diagnostic.ratio_grid[0].ratio_percent,0.1,experiments/runs/fm_crossad_author_v2/jobs/crossad_author__release_checkpoint__msl__seed2025/result.json,b7e397f588bfc09f41104410182581a36e19251ce9b5813d9a28d41348b271f5
crossad_complete,MSL,release_checkpoint,2025,crossad_author__release_checkpoint__msl__seed2025,native_validation_control.tab_core_diagnostic.ratio_grid[0].threshold,78794.9921875,experiments/runs/fm_crossad_author_v2/jobs/crossad_author__release_checkpoint__msl__seed2025/result.json,b7e397f588bfc09f41104410182581a36e19251ce9b5813d9a28d41348b271f5
crossad_complete,MSL,release_checkpoint,2025,crossad_author__release_checkpoint__msl__seed2025,native_validation_control.tab_core_diagnostic.ratio_grid[0].f_score,0.028401166476480284,experiments/runs/fm_crossad_author_v2/jobs/crossad_author__release_checkpoint__msl__seed2025/result.json,b7e397f588bfc09f41104410182581a36e19251ce9b5813d9a28d41348b271f5
crossad_complete,MSL,release_checkpoint,2025,crossad_author__release_checkpoint__msl__seed2025,native_validation_control.tab_core_diagnostic.ratio_grid[0].adjust_f_score,0.04550025138260432,experiments/runs/fm_crossad_author_v2/jobs/crossad_author__release_checkpoint__msl__seed2025/result.json,b7e397f588bfc09f41104410182581a36e19251ce9b5813d9a28d41348b271f5
crossad_complete,MSL,release_checkpoint,2025,crossad_author__release_checkpoint__msl__seed2025,native_validation_control.tab_core_diagnostic.ratio_grid[1].ratio_percent,0.5,experiments/runs/fm_crossad_author_v2/jobs/crossad_author__release_checkpoint__msl__seed2025/result.json,b7e397f588bfc09f41104410182581a36e19251ce9b5813d9a28d41348b271f5
crossad_complete,MSL,release_checkpoint,2025,crossad_author__release_checkpoint__msl__seed2025,native_validation_control.tab_core_diagnostic.ratio_grid[1].threshold,5.179092884063721,experiments/runs/fm_crossad_author_v2/jobs/crossad_author__release_checkpoint__msl__seed2025/result.json,b7e397f588bfc09f41104410182581a36e19251ce9b5813d9a28d41348b271f5
crossad_complete,MSL,release_checkpoint,2025,crossad_author__release_checkpoint__msl__seed2025,native_validation_control.tab_core_diagnostic.ratio_grid[1].f_score,0.08115023760204702,experiments/runs/fm_crossad_author_v2/jobs/crossad_author__release_checkpoint__msl__seed2025/result.json,b7e397f588bfc09f41104410182581a36e19251ce9b5813d9a28d41348b271f5
crossad_complete,MSL,release_checkpoint,2025,crossad_author__release_checkpoint__msl__seed2025,native_validation_control.tab_core_diagnostic.ratio_grid[1].adjust_f_score,0.2199615688934102,experiments/runs/fm_crossad_author_v2/jobs/crossad_author__release_checkpoint__msl__seed2025/result.json,b7e397f588bfc09f41104410182581a36e19251ce9b5813d9a28d41348b271f5
crossad_complete,MSL,release_checkpoint,2025,crossad_author__release_checkpoint__msl__seed2025,native_validation_control.tab_core_diagnostic.ratio_grid[2].ratio_percent,1,experiments/runs/fm_crossad_author_v2/jobs/crossad_author__release_checkpoint__msl__seed2025/result.json,b7e397f588bfc09f41104410182581a36e19251ce9b5813d9a28d41348b271f5
crossad_complete,MSL,release_checkpoint,2025,crossad_author__release_checkpoint__msl__seed2025,native_validation_control.tab_core_diagnostic.ratio_grid[2].threshold,3.6717641353607178,experiments/runs/fm_crossad_author_v2/jobs/crossad_author__release_checkpoint__msl__seed2025/result.json,b7e397f588bfc09f41104410182581a36e19251ce9b5813d9a28d41348b271f5
crossad_complete,MSL,release_checkpoint,2025,crossad_author__release_checkpoint__msl__seed2025,native_validation_control.tab_core_diagnostic.ratio_grid[2].f_score,0.10044278722908413,experiments/runs/fm_crossad_author_v2/jobs/crossad_author__release_checkpoint__msl__seed2025/result.json,b7e397f588bfc09f41104410182581a36e19251ce9b5813d9a28d41348b271f5
crossad_complete,MSL,release_checkpoint,2025,crossad_author__release_checkpoint__msl__seed2025,native_validation_control.tab_core_diagnostic.ratio_grid[2].adjust_f_score,0.8255043227665705,experiments/runs/fm_crossad_author_v2/jobs/crossad_author__release_checkpoint__msl__seed2025/result.json,b7e397f588bfc09f41104410182581a36e19251ce9b5813d9a28d41348b271f5
crossad_complete,MSL,release_checkpoint,2025,crossad_author__release_checkpoint__msl__seed2025,native_validation_control.tab_core_diagnostic.ratio_grid[3].ratio_percent,2,experiments/runs/fm_crossad_author_v2/jobs/crossad_author__release_checkpoint__msl__seed2025/result.json,b7e397f588bfc09f41104410182581a36e19251ce9b5813d9a28d41348b271f5
crossad_complete,MSL,release_checkpoint,2025,crossad_author__release_checkpoint__msl__seed2025,native_validation_control.tab_core_diagnostic.ratio_grid[3].threshold,2.953235149383545,experiments/runs/fm_crossad_author_v2/jobs/crossad_author__release_checkpoint__msl__seed2025/result.json,b7e397f588bfc09f41104410182581a36e19251ce9b5813d9a28d41348b271f5
crossad_complete,MSL,release_checkpoint,2025,crossad_author__release_checkpoint__msl__seed2025,native_validation_control.tab_core_diagnostic.ratio_grid[3].f_score,0.13126414484319432,experiments/runs/fm_crossad_author_v2/jobs/crossad_author__release_checkpoint__msl__seed2025/result.json,b7e397f588bfc09f41104410182581a36e19251ce9b5813d9a28d41348b271f5
crossad_complete,MSL,release_checkpoint,2025,crossad_author__release_checkpoint__msl__seed2025,native_validation_control.tab_core_diagnostic.ratio_grid[3].adjust_f_score,0.8825879623662845,experiments/runs/fm_crossad_author_v2/jobs/crossad_author__release_checkpoint__msl__seed2025/result.json,b7e397f588bfc09f41104410182581a36e19251ce9b5813d9a28d41348b271f5
crossad_complete,MSL,release_checkpoint,2025,crossad_author__release_checkpoint__msl__seed2025,native_validation_control.tab_core_diagnostic.ratio_grid[4].ratio_percent,3,experiments/runs/fm_crossad_author_v2/jobs/crossad_author__release_checkpoint__msl__seed2025/result.json,b7e397f588bfc09f41104410182581a36e19251ce9b5813d9a28d41348b271f5
crossad_complete,MSL,release_checkpoint,2025,crossad_author__release_checkpoint__msl__seed2025,native_validation_control.tab_core_diagnostic.ratio_grid[4].threshold,2.45613694190979,experiments/runs/fm_crossad_author_v2/jobs/crossad_author__release_checkpoint__msl__seed2025/result.json,b7e397f588bfc09f41104410182581a36e19251ce9b5813d9a28d41348b271f5
crossad_complete,MSL,release_checkpoint,2025,crossad_author__release_checkpoint__msl__seed2025,native_validation_control.tab_core_diagnostic.ratio_grid[4].f_score,0.16631809580719054,experiments/runs/fm_crossad_author_v2/jobs/crossad_author__release_checkpoint__msl__seed2025/result.json,b7e397f588bfc09f41104410182581a36e19251ce9b5813d9a28d41348b271f5
crossad_complete,MSL,release_checkpoint,2025,crossad_author__release_checkpoint__msl__seed2025,native_validation_control.tab_core_diagnostic.ratio_grid[4].adjust_f_score,0.8580289028096508,experiments/runs/fm_crossad_author_v2/jobs/crossad_author__release_checkpoint__msl__seed2025/result.json,b7e397f588bfc09f41104410182581a36e19251ce9b5813d9a28d41348b271f5
crossad_complete,MSL,release_checkpoint,2025,crossad_author__release_checkpoint__msl__seed2025,native_validation_control.tab_core_diagnostic.ratio_grid[5].ratio_percent,5,experiments/runs/fm_crossad_author_v2/jobs/crossad_author__release_checkpoint__msl__seed2025/result.json,b7e397f588bfc09f41104410182581a36e19251ce9b5813d9a28d41348b271f5
crossad_complete,MSL,release_checkpoint,2025,crossad_author__release_checkpoint__msl__seed2025,native_validation_control.tab_core_diagnostic.ratio_grid[5].threshold,1.8093833923339844,experiments/runs/fm_crossad_author_v2/jobs/crossad_author__release_checkpoint__msl__seed2025/result.json,b7e397f588bfc09f41104410182581a36e19251ce9b5813d9a28d41348b271f5
crossad_complete,MSL,release_checkpoint,2025,crossad_author__release_checkpoint__msl__seed2025,native_validation_control.tab_core_diagnostic.ratio_grid[5].f_score,0.23253796095444684,experiments/runs/fm_crossad_author_v2/jobs/crossad_author__release_checkpoint__msl__seed2025/result.json,b7e397f588bfc09f41104410182581a36e19251ce9b5813d9a28d41348b271f5
crossad_complete,MSL,release_checkpoint,2025,crossad_author__release_checkpoint__msl__seed2025,native_validation_control.tab_core_diagnostic.ratio_grid[5].adjust_f_score,0.8323301805674979,experiments/runs/fm_crossad_author_v2/jobs/crossad_author__release_checkpoint__msl__seed2025/result.json,b7e397f588bfc09f41104410182581a36e19251ce9b5813d9a28d41348b271f5
crossad_complete,MSL,release_checkpoint,2025,crossad_author__release_checkpoint__msl__seed2025,native_validation_control.tab_core_diagnostic.ratio_grid[6].ratio_percent,10,experiments/runs/fm_crossad_author_v2/jobs/crossad_author__release_checkpoint__msl__seed2025/result.json,b7e397f588bfc09f41104410182581a36e19251ce9b5813d9a28d41348b271f5
crossad_complete,MSL,release_checkpoint,2025,crossad_author__release_checkpoint__msl__seed2025,native_validation_control.tab_core_diagnostic.ratio_grid[6].threshold,1.038534164428711,experiments/runs/fm_crossad_author_v2/jobs/crossad_author__release_checkpoint__msl__seed2025/result.json,b7e397f588bfc09f41104410182581a36e19251ce9b5813d9a28d41348b271f5
crossad_complete,MSL,release_checkpoint,2025,crossad_author__release_checkpoint__msl__seed2025,native_validation_control.tab_core_diagnostic.ratio_grid[6].f_score,0.300138586418531,experiments/runs/fm_crossad_author_v2/jobs/crossad_author__release_checkpoint__msl__seed2025/result.json,b7e397f588bfc09f41104410182581a36e19251ce9b5813d9a28d41348b271f5
crossad_complete,MSL,release_checkpoint,2025,crossad_author__release_checkpoint__msl__seed2025,native_validation_control.tab_core_diagnostic.ratio_grid[6].adjust_f_score,0.7209891255772382,experiments/runs/fm_crossad_author_v2/jobs/crossad_author__release_checkpoint__msl__seed2025/result.json,b7e397f588bfc09f41104410182581a36e19251ce9b5813d9a28d41348b271f5
crossad_complete,MSL,release_checkpoint,2025,crossad_author__release_checkpoint__msl__seed2025,native_validation_control.tab_core_diagnostic.ratio_grid[7].ratio_percent,15,experiments/runs/fm_crossad_author_v2/jobs/crossad_author__release_checkpoint__msl__seed2025/result.json,b7e397f588bfc09f41104410182581a36e19251ce9b5813d9a28d41348b271f5
crossad_complete,MSL,release_checkpoint,2025,crossad_author__release_checkpoint__msl__seed2025,native_validation_control.tab_core_diagnostic.ratio_grid[7].threshold,0.6662485599517822,experiments/runs/fm_crossad_author_v2/jobs/crossad_author__release_checkpoint__msl__seed2025/result.json,b7e397f588bfc09f41104410182581a36e19251ce9b5813d9a28d41348b271f5
crossad_complete,MSL,release_checkpoint,2025,crossad_author__release_checkpoint__msl__seed2025,native_validation_control.tab_core_diagnostic.ratio_grid[7].f_score,0.3240953775360803,experiments/runs/fm_crossad_author_v2/jobs/crossad_author__release_checkpoint__msl__seed2025/result.json,b7e397f588bfc09f41104410182581a36e19251ce9b5813d9a28d41348b271f5
crossad_complete,MSL,release_checkpoint,2025,crossad_author__release_checkpoint__msl__seed2025,native_validation_control.tab_core_diagnostic.ratio_grid[7].adjust_f_score,0.6235774103500107,experiments/runs/fm_crossad_author_v2/jobs/crossad_author__release_checkpoint__msl__seed2025/result.json,b7e397f588bfc09f41104410182581a36e19251ce9b5813d9a28d41348b271f5
crossad_complete,MSL,release_checkpoint,2025,crossad_author__release_checkpoint__msl__seed2025,native_validation_control.tab_core_diagnostic.ratio_grid[8].ratio_percent,20,experiments/runs/fm_crossad_author_v2/jobs/crossad_author__release_checkpoint__msl__seed2025/result.json,b7e397f588bfc09f41104410182581a36e19251ce9b5813d9a28d41348b271f5
crossad_complete,MSL,release_checkpoint,2025,crossad_author__release_checkpoint__msl__seed2025,native_validation_control.tab_core_diagnostic.ratio_grid[8].threshold,0.4200444519519806,experiments/runs/fm_crossad_author_v2/jobs/crossad_author__release_checkpoint__msl__seed2025/result.json,b7e397f588bfc09f41104410182581a36e19251ce9b5813d9a28d41348b271f5
crossad_complete,MSL,release_checkpoint,2025,crossad_author__release_checkpoint__msl__seed2025,native_validation_control.tab_core_diagnostic.ratio_grid[8].f_score,0.3205849268841395,experiments/runs/fm_crossad_author_v2/jobs/crossad_author__release_checkpoint__msl__seed2025/result.json,b7e397f588bfc09f41104410182581a36e19251ce9b5813d9a28d41348b271f5
crossad_complete,MSL,release_checkpoint,2025,crossad_author__release_checkpoint__msl__seed2025,native_validation_control.tab_core_diagnostic.ratio_grid[8].adjust_f_score,0.558184451955577,experiments/runs/fm_crossad_author_v2/jobs/crossad_author__release_checkpoint__msl__seed2025/result.json,b7e397f588bfc09f41104410182581a36e19251ce9b5813d9a28d41348b271f5
crossad_complete,MSL,release_checkpoint,2025,crossad_author__release_checkpoint__msl__seed2025,native_validation_control.tab_core_diagnostic.ratio_grid[9].ratio_percent,25,experiments/runs/fm_crossad_author_v2/jobs/crossad_author__release_checkpoint__msl__seed2025/result.json,b7e397f588bfc09f41104410182581a36e19251ce9b5813d9a28d41348b271f5
crossad_complete,MSL,release_checkpoint,2025,crossad_author__release_checkpoint__msl__seed2025,native_validation_control.tab_core_diagnostic.ratio_grid[9].threshold,0.2573910057544708,experiments/runs/fm_crossad_author_v2/jobs/crossad_author__release_checkpoint__msl__seed2025/result.json,b7e397f588bfc09f41104410182581a36e19251ce9b5813d9a28d41348b271f5
crossad_complete,MSL,release_checkpoint,2025,crossad_author__release_checkpoint__msl__seed2025,native_validation_control.tab_core_diagnostic.ratio_grid[9].f_score,0.318604994827841,experiments/runs/fm_crossad_author_v2/jobs/crossad_author__release_checkpoint__msl__seed2025/result.json,b7e397f588bfc09f41104410182581a36e19251ce9b5813d9a28d41348b271f5
crossad_complete,MSL,release_checkpoint,2025,crossad_author__release_checkpoint__msl__seed2025,native_validation_control.tab_core_diagnostic.ratio_grid[9].adjust_f_score,0.49646514701024114,experiments/runs/fm_crossad_author_v2/jobs/crossad_author__release_checkpoint__msl__seed2025/result.json,b7e397f588bfc09f41104410182581a36e19251ce9b5813d9a28d41348b271f5
crossad_complete,MSL,release_checkpoint,2025,crossad_author__release_checkpoint__msl__seed2025,native_validation_control.tab_core_diagnostic.best_grid_f_score,0.3240953775360803,experiments/runs/fm_crossad_author_v2/jobs/crossad_author__release_checkpoint__msl__seed2025/result.json,b7e397f588bfc09f41104410182581a36e19251ce9b5813d9a28d41348b271f5
crossad_complete,MSL,release_checkpoint,2025,crossad_author__release_checkpoint__msl__seed2025,native_validation_control.tab_core_diagnostic.best_grid_adjust_f_score,0.8825879623662845,experiments/runs/fm_crossad_author_v2/jobs/crossad_author__release_checkpoint__msl__seed2025/result.json,b7e397f588bfc09f41104410182581a36e19251ce9b5813d9a28d41348b271f5
crossad_complete,MSL,release_checkpoint,2025,crossad_author__release_checkpoint__msl__seed2025,native_validation_control.tab_core_diagnostic.auc_roc,0.7839112001655976,experiments/runs/fm_crossad_author_v2/jobs/crossad_author__release_checkpoint__msl__seed2025/result.json,b7e397f588bfc09f41104410182581a36e19251ce9b5813d9a28d41348b271f5
crossad_complete,MSL,release_checkpoint,2025,crossad_author__release_checkpoint__msl__seed2025,native_validation_control.tab_core_diagnostic.auc_pr,0.28939406915966825,experiments/runs/fm_crossad_author_v2/jobs/crossad_author__release_checkpoint__msl__seed2025/result.json,b7e397f588bfc09f41104410182581a36e19251ce9b5813d9a28d41348b271f5
