model,dataset,seed,record_id,protocol,parameters,threshold,scored_points,unscored_points,pointwise_precision,pointwise_recall,pointwise_f1,adjusted_precision,adjusted_recall,adjusted_f1,range_precision,range_recall,range_f1,reported_protocol_f1,layout,threshold_rule,point_adjustment,anomaly_rate_scored,source_sha256,status
anomaly_transformer,MSL,1103,experiments/runs/mtsad_reproduction/at_msl_scores/msl__anomaly_transformer__seed1103.json,tslib_reference,"{""window"": 100, ""d_model"": 32, ""n_heads"": 8, ""e_layers"": 3, ""d_ff"": 32, ""dropout"": 0.0, ""k"": 3, ""temperature"": 50.0, ""epochs"": 3, ""learning_rate"": 0.0001, ""batch_size"": 256, ""seed"": 1103, ""device"": ""auto""}",0.13894313246011708,7363000,0,0.10153950793297843,0.009996137007468452,0.01820051040205005,0.9019779924967286,0.8138951841359774,0.8556757623898289,0.10154356759034876,0.008570596639479592,0.015807030189761238,0.8556757623898289,window_flatten,percentile_combined,True,0.10547331250848839,5ec21e4afb9da202ee2c01a39b6f0edef81923986c661eac27bab531b0a7a4e3,historical_payload_protocol_record_not_new_strict_result
anomaly_transformer,MSL,1103,experiments/runs/mtsad_reproduction/at_msl_scores/msl__anomaly_transformer__seed1103.json,best_f1_adjusted,"{""window"": 100, ""d_model"": 32, ""n_heads"": 8, ""e_layers"": 3, ""d_ff"": 32, ""dropout"": 0.0, ""k"": 3, ""temperature"": 50.0, ""epochs"": 3, ""learning_rate"": 0.0001, ""batch_size"": 256, ""seed"": 1103, ""device"": ""auto""}",0.0,7363000,0,0.06831787152109224,0.05025753283543652,0.05791230803472067,0.5687890333540998,0.9040574298223023,0.6982641632532902,0.08876050963278825,0.06545825933377061,0.07534891501306919,0.6982641632532902,window_flatten,best_f1,True,0.10547331250848839,5ec21e4afb9da202ee2c01a39b6f0edef81923986c661eac27bab531b0a7a4e3,historical_payload_protocol_record_not_new_strict_result
anomaly_transformer,MSL,1103,experiments/runs/mtsad_reproduction/at_msl_scores/msl__anomaly_transformer__seed1103.json,best_f1_pointwise,"{""window"": 100, ""d_model"": 32, ""n_heads"": 8, ""e_layers"": 3, ""d_ff"": 32, ""dropout"": 0.0, ""k"": 3, ""temperature"": 50.0, ""epochs"": 3, ""learning_rate"": 0.0001, ""batch_size"": 256, ""seed"": 1103, ""device"": ""auto""}",0.0,7363000,0,0.06831787152109224,0.05025753283543652,0.05791230803472067,0.5687890333540998,0.9040574298223023,0.6982641632532902,0.08876050963278825,0.06545825933377061,0.07534891501306919,0.05791230803472067,window_flatten,best_f1,False,0.10547331250848839,5ec21e4afb9da202ee2c01a39b6f0edef81923986c661eac27bab531b0a7a4e3,historical_payload_protocol_record_not_new_strict_result
anomaly_transformer,MSL,1103,experiments/runs/mtsad_reproduction/at_msl_scores/msl__anomaly_transformer__seed1103.json,per_point_adjusted,"{""window"": 100, ""d_model"": 32, ""n_heads"": 8, ""e_layers"": 3, ""d_ff"": 32, ""dropout"": 0.0, ""k"": 3, ""temperature"": 50.0, ""epochs"": 3, ""learning_rate"": 0.0001, ""batch_size"": 256, ""seed"": 1103, ""device"": ""auto""}",2.8312725211012886e-19,73630,0,0.0842911877394636,0.0084985835694051,0.015440402386244006,0.8962673611111112,0.797707957764615,0.8441204523777082,0.08142857142857143,0.005279793594588932,0.009916599159268262,0.8441204523777082,last_point,percentile_combined,True,0.10547331250848839,5ec21e4afb9da202ee2c01a39b6f0edef81923986c661eac27bab531b0a7a4e3,historical_payload_protocol_record_not_new_strict_result
anomaly_transformer,MSL,1103,experiments/runs/mtsad_reproduction/at_paper_msl/msl__anomaly_transformer__seed1103.json,tslib_reference,"{""window"": 100, ""d_model"": 32, ""n_heads"": 8, ""e_layers"": 3, ""d_ff"": 32, ""dropout"": 0.0, ""k"": 3, ""temperature"": 50.0, ""epochs"": 3, ""learning_rate"": 0.0001, ""batch_size"": 256, ""seed"": 1103, ""device"": ""auto""}",0.13894313246011708,7363000,0,0.10153950793297843,0.009996137007468452,0.01820051040205005,0.9019779924967286,0.8138951841359774,0.8556757623898289,0.10154356759034876,0.008570596639479592,0.015807030189761238,0.8556757623898289,window_flatten,percentile_combined,True,0.10547331250848839,c4110db6eb504068ba9684a1fb107a8aa393e9f11cb6e31cfea667207128c565,historical_payload_protocol_record_not_new_strict_result
anomaly_transformer,MSL,1103,experiments/runs/mtsad_reproduction/at_paper_msl/msl__anomaly_transformer__seed1103.json,best_f1_adjusted,"{""window"": 100, ""d_model"": 32, ""n_heads"": 8, ""e_layers"": 3, ""d_ff"": 32, ""dropout"": 0.0, ""k"": 3, ""temperature"": 50.0, ""epochs"": 3, ""learning_rate"": 0.0001, ""batch_size"": 256, ""seed"": 1103, ""device"": ""auto""}",0.0,7363000,0,0.06831787152109224,0.05025753283543652,0.05791230803472067,0.5687890333540998,0.9040574298223023,0.6982641632532902,0.08876050963278825,0.06545825933377061,0.07534891501306919,0.6982641632532902,window_flatten,best_f1,True,0.10547331250848839,c4110db6eb504068ba9684a1fb107a8aa393e9f11cb6e31cfea667207128c565,historical_payload_protocol_record_not_new_strict_result
anomaly_transformer,MSL,1103,experiments/runs/mtsad_reproduction/at_paper_msl/msl__anomaly_transformer__seed1103.json,best_f1_pointwise,"{""window"": 100, ""d_model"": 32, ""n_heads"": 8, ""e_layers"": 3, ""d_ff"": 32, ""dropout"": 0.0, ""k"": 3, ""temperature"": 50.0, ""epochs"": 3, ""learning_rate"": 0.0001, ""batch_size"": 256, ""seed"": 1103, ""device"": ""auto""}",0.0,7363000,0,0.06831787152109224,0.05025753283543652,0.05791230803472067,0.5687890333540998,0.9040574298223023,0.6982641632532902,0.08876050963278825,0.06545825933377061,0.07534891501306919,0.05791230803472067,window_flatten,best_f1,False,0.10547331250848839,c4110db6eb504068ba9684a1fb107a8aa393e9f11cb6e31cfea667207128c565,historical_payload_protocol_record_not_new_strict_result
anomaly_transformer,MSL,1103,experiments/runs/mtsad_reproduction/at_paper_msl/msl__anomaly_transformer__seed1103.json,per_point_adjusted,"{""window"": 100, ""d_model"": 32, ""n_heads"": 8, ""e_layers"": 3, ""d_ff"": 32, ""dropout"": 0.0, ""k"": 3, ""temperature"": 50.0, ""epochs"": 3, ""learning_rate"": 0.0001, ""batch_size"": 256, ""seed"": 1103, ""device"": ""auto""}",2.8312725211012886e-19,73630,0,0.0842911877394636,0.0084985835694051,0.015440402386244006,0.8962673611111112,0.797707957764615,0.8441204523777082,0.08142857142857143,0.005279793594588932,0.009916599159268262,0.8441204523777082,last_point,percentile_combined,True,0.10547331250848839,c4110db6eb504068ba9684a1fb107a8aa393e9f11cb6e31cfea667207128c565,historical_payload_protocol_record_not_new_strict_result
anomaly_transformer,MSL,1104,experiments/runs/mtsad_reproduction/at_paper_msl_seeds/msl__anomaly_transformer__seed1104.json,tslib_reference,"{""window"": 100, ""d_model"": 32, ""n_heads"": 8, ""e_layers"": 3, ""d_ff"": 32, ""dropout"": 0.0, ""k"": 3, ""temperature"": 50.0, ""epochs"": 3, ""learning_rate"": 0.0001, ""batch_size"": 256, ""seed"": 1104, ""device"": ""auto""}",0.06478455662727356,7363000,0,0.09895986131484198,0.009555755858872006,0.017428574783640013,0.9018870719021441,0.7997901107391192,0.8477757925756473,0.09870456950714697,0.008483781574006982,0.015624608450614667,0.8477757925756473,window_flatten,percentile_combined,True,0.10547331250848839,bac8437044b7c17959fa0e22ad66f73b3cf9072c3f980df8e1da7dc819bbba24,historical_payload_protocol_record_not_new_strict_result
anomaly_transformer,MSL,1104,experiments/runs/mtsad_reproduction/at_paper_msl_seeds/msl__anomaly_transformer__seed1104.json,best_f1_adjusted,"{""window"": 100, ""d_model"": 32, ""n_heads"": 8, ""e_layers"": 3, ""d_ff"": 32, ""dropout"": 0.0, ""k"": 3, ""temperature"": 50.0, ""epochs"": 3, ""learning_rate"": 0.0001, ""batch_size"": 256, ""seed"": 1104, ""device"": ""auto""}",0.0,7363000,0,0.0646014024903536,0.04367756889003348,0.05211782438813029,0.5844433407592358,0.8894578933814061,0.7053901993312226,0.10923060486329005,0.04371088932412434,0.06243651411088843,0.7053901993312226,window_flatten,best_f1,True,0.10547331250848839,bac8437044b7c17959fa0e22ad66f73b3cf9072c3f980df8e1da7dc819bbba24,historical_payload_protocol_record_not_new_strict_result
anomaly_transformer,MSL,1104,experiments/runs/mtsad_reproduction/at_paper_msl_seeds/msl__anomaly_transformer__seed1104.json,best_f1_pointwise,"{""window"": 100, ""d_model"": 32, ""n_heads"": 8, ""e_layers"": 3, ""d_ff"": 32, ""dropout"": 0.0, ""k"": 3, ""temperature"": 50.0, ""epochs"": 3, ""learning_rate"": 0.0001, ""batch_size"": 256, ""seed"": 1104, ""device"": ""auto""}",0.0,7363000,0,0.0646014024903536,0.04367756889003348,0.05211782438813029,0.5844433407592358,0.8894578933814061,0.7053901993312226,0.10923060486329005,0.04371088932412434,0.06243651411088843,0.05211782438813029,window_flatten,best_f1,False,0.10547331250848839,bac8437044b7c17959fa0e22ad66f73b3cf9072c3f980df8e1da7dc819bbba24,historical_payload_protocol_record_not_new_strict_result
anomaly_transformer,MSL,1104,experiments/runs/mtsad_reproduction/at_paper_msl_seeds/msl__anomaly_transformer__seed1104.json,per_point_adjusted,"{""window"": 100, ""d_model"": 32, ""n_heads"": 8, ""e_layers"": 3, ""d_ff"": 32, ""dropout"": 0.0, ""k"": 3, ""temperature"": 50.0, ""epochs"": 3, ""learning_rate"": 0.0001, ""batch_size"": 256, ""seed"": 1104, ""device"": ""auto""}",1.2648224132048455e-32,73630,0,0.10296010296010295,0.010301313417460727,0.018728783799602012,0.9048464163822526,0.8534638166366212,0.8784043469617653,0.10132890365448505,0.012429440624797752,0.022142755321002714,0.8784043469617653,last_point,percentile_combined,True,0.10547331250848839,bac8437044b7c17959fa0e22ad66f73b3cf9072c3f980df8e1da7dc819bbba24,historical_payload_protocol_record_not_new_strict_result
anomaly_transformer,MSL,1105,experiments/runs/mtsad_reproduction/at_paper_msl_seeds/msl__anomaly_transformer__seed1105.json,tslib_reference,"{""window"": 100, ""d_model"": 32, ""n_heads"": 8, ""e_layers"": 3, ""d_ff"": 32, ""dropout"": 0.0, ""k"": 3, ""temperature"": 50.0, ""epochs"": 3, ""learning_rate"": 0.0001, ""batch_size"": 256, ""seed"": 1105, ""device"": ""auto""}",0.07720572829246497,7363000,0,0.09604717470191809,0.00954287921710018,0.017360850824587708,0.9004217325010992,0.812123358228174,0.8539962248924201,0.09658211578312305,0.010535675297434615,0.018998857261068192,0.8539962248924201,window_flatten,percentile_combined,True,0.10547331250848839,81e3a9ef59754e1ec7802ce337bdc70732ae8734b0911870240fd700ee02c702,historical_payload_protocol_record_not_new_strict_result
anomaly_transformer,MSL,1105,experiments/runs/mtsad_reproduction/at_paper_msl_seeds/msl__anomaly_transformer__seed1105.json,best_f1_adjusted,"{""window"": 100, ""d_model"": 32, ""n_heads"": 8, ""e_layers"": 3, ""d_ff"": 32, ""dropout"": 0.0, ""k"": 3, ""temperature"": 50.0, ""epochs"": 3, ""learning_rate"": 0.0001, ""batch_size"": 256, ""seed"": 1105, ""device"": ""auto""}",0.0,7363000,0,0.06285849701892056,0.04508498583569405,0.05250848634498914,0.569761308189371,0.8901364924027814,0.6947956660703158,0.11331687189125467,0.04624754705943329,0.06568666623651412,0.6947956660703158,window_flatten,best_f1,True,0.10547331250848839,81e3a9ef59754e1ec7802ce337bdc70732ae8734b0911870240fd700ee02c702,historical_payload_protocol_record_not_new_strict_result
anomaly_transformer,MSL,1105,experiments/runs/mtsad_reproduction/at_paper_msl_seeds/msl__anomaly_transformer__seed1105.json,best_f1_pointwise,"{""window"": 100, ""d_model"": 32, ""n_heads"": 8, ""e_layers"": 3, ""d_ff"": 32, ""dropout"": 0.0, ""k"": 3, ""temperature"": 50.0, ""epochs"": 3, ""learning_rate"": 0.0001, ""batch_size"": 256, ""seed"": 1105, ""device"": ""auto""}",0.0,7363000,0,0.06285849701892056,0.04508498583569405,0.05250848634498914,0.569761308189371,0.8901364924027814,0.6947956660703158,0.11331687189125467,0.04624754705943329,0.06568666623651412,0.05250848634498914,window_flatten,best_f1,False,0.10547331250848839,81e3a9ef59754e1ec7802ce337bdc70732ae8734b0911870240fd700ee02c702,historical_payload_protocol_record_not_new_strict_result
anomaly_transformer,MSL,1105,experiments/runs/mtsad_reproduction/at_paper_msl_seeds/msl__anomaly_transformer__seed1105.json,per_point_adjusted,"{""window"": 100, ""d_model"": 32, ""n_heads"": 8, ""e_layers"": 3, ""d_ff"": 32, ""dropout"": 0.0, ""k"": 3, ""temperature"": 50.0, ""epochs"": 3, ""learning_rate"": 0.0001, ""batch_size"": 256, ""seed"": 1105, ""device"": ""auto""}",1.103251343763212e-18,73630,0,0.09649122807017543,0.009915014164305949,0.01798225128444652,0.8958694396302715,0.798738089106361,0.8445200816882232,0.09452054794520548,0.008594694813676147,0.015756647445617594,0.8445200816882232,last_point,percentile_combined,True,0.10547331250848839,81e3a9ef59754e1ec7802ce337bdc70732ae8734b0911870240fd700ee02c702,historical_payload_protocol_record_not_new_strict_result
anomaly_transformer,MSL,1106,experiments/runs/mtsad_reproduction/at_paper_msl_seeds/msl__anomaly_transformer__seed1106.json,tslib_reference,"{""window"": 100, ""d_model"": 32, ""n_heads"": 8, ""e_layers"": 3, ""d_ff"": 32, ""dropout"": 0.0, ""k"": 3, ""temperature"": 50.0, ""epochs"": 3, ""learning_rate"": 0.0001, ""batch_size"": 256, ""seed"": 1106, ""device"": ""auto""}",0.02712257467210287,7363000,0,0.09673568463079148,0.009390934844192634,0.0171198991538643,0.8997432409354039,0.7869405099150142,0.8395698416579889,0.09573883805977147,0.01029135942016329,0.018584946861546166,0.8395698416579889,window_flatten,percentile_combined,True,0.10547331250848839,e5f37d78c1ed2108fd542f33784e8a87712061b42469479dc40948165526d7ce,historical_payload_protocol_record_not_new_strict_result
anomaly_transformer,MSL,1106,experiments/runs/mtsad_reproduction/at_paper_msl_seeds/msl__anomaly_transformer__seed1106.json,best_f1_adjusted,"{""window"": 100, ""d_model"": 32, ""n_heads"": 8, ""e_layers"": 3, ""d_ff"": 32, ""dropout"": 0.0, ""k"": 3, ""temperature"": 50.0, ""epochs"": 3, ""learning_rate"": 0.0001, ""batch_size"": 256, ""seed"": 1106, ""device"": ""auto""}",0.0,7363000,0,0.06667263462333012,0.062337110481586404,0.06443202235975244,0.5014796958366221,0.8778161215554984,0.6383068172720892,0.11396835706157486,0.052730225518819125,0.07210111899983189,0.6383068172720892,window_flatten,best_f1,True,0.10547331250848839,e5f37d78c1ed2108fd542f33784e8a87712061b42469479dc40948165526d7ce,historical_payload_protocol_record_not_new_strict_result
anomaly_transformer,MSL,1106,experiments/runs/mtsad_reproduction/at_paper_msl_seeds/msl__anomaly_transformer__seed1106.json,best_f1_pointwise,"{""window"": 100, ""d_model"": 32, ""n_heads"": 8, ""e_layers"": 3, ""d_ff"": 32, ""dropout"": 0.0, ""k"": 3, ""temperature"": 50.0, ""epochs"": 3, ""learning_rate"": 0.0001, ""batch_size"": 256, ""seed"": 1106, ""device"": ""auto""}",0.0,7363000,0,0.06667263462333012,0.062337110481586404,0.06443202235975244,0.5014796958366221,0.8778161215554984,0.6383068172720892,0.11396835706157486,0.052730225518819125,0.07210111899983189,0.06443202235975244,window_flatten,best_f1,False,0.10547331250848839,e5f37d78c1ed2108fd542f33784e8a87712061b42469479dc40948165526d7ce,historical_payload_protocol_record_not_new_strict_result
anomaly_transformer,MSL,1106,experiments/runs/mtsad_reproduction/at_paper_msl_seeds/msl__anomaly_transformer__seed1106.json,per_point_adjusted,"{""window"": 100, ""d_model"": 32, ""n_heads"": 8, ""e_layers"": 3, ""d_ff"": 32, ""dropout"": 0.0, ""k"": 3, ""temperature"": 50.0, ""epochs"": 3, ""learning_rate"": 0.0001, ""batch_size"": 256, ""seed"": 1106, ""device"": ""auto""}",1.7047801161540954e-25,73630,0,0.09836065573770492,0.009271182075714654,0.016945163567898328,0.8754716981132076,0.5974761782127221,0.7102403183835911,0.10085470085470086,0.00816157360984485,0.015101104288648625,0.7102403183835911,last_point,percentile_combined,True,0.10547331250848839,e5f37d78c1ed2108fd542f33784e8a87712061b42469479dc40948165526d7ce,historical_payload_protocol_record_not_new_strict_result
anomaly_transformer,PSM,1103,experiments/runs/mtsad_reproduction/at_paper_psm/psm__anomaly_transformer__seed1103.json,tslib_reference,null,0.07564394682647468,8774200,0,0.3027220895880346,0.011410189086420606,0.021991476313170853,0.9734626029816713,0.9640855782671831,0.9687513999390168,0.30184406044827217,0.034874971396032545,0.06252573795153517,0.9687513999390168,window_flatten,percentile_combined,True,0.27737024458070253,512b8dd17c815baca790e589011c8c15e38ded225227945a6d06e0ea399fdda7,historical_payload_protocol_record_not_new_strict_result
anomaly_transformer,PSM,1103,experiments/runs/mtsad_reproduction/at_paper_psm/psm__anomaly_transformer__seed1103.json,best_f1_adjusted,null,0.0,8774200,0,0.2852457639770098,0.02512345389862851,0.04617957186673685,0.9387694990903889,0.9651793851506881,0.9517912748917617,0.2931311147514277,0.052018984274984074,0.08835798043677354,0.9517912748917617,window_flatten,best_f1,True,0.27737024458070253,512b8dd17c815baca790e589011c8c15e38ded225227945a6d06e0ea399fdda7,historical_payload_protocol_record_not_new_strict_result
anomaly_transformer,PSM,1103,experiments/runs/mtsad_reproduction/at_paper_psm/psm__anomaly_transformer__seed1103.json,best_f1_pointwise,null,0.0,8774200,0,0.2852457639770098,0.02512345389862851,0.04617957186673685,0.9387694990903889,0.9651793851506881,0.9517912748917617,0.2931311147514277,0.052018984274984074,0.08835798043677354,0.04617957186673685,window_flatten,best_f1,False,0.27737024458070253,512b8dd17c815baca790e589011c8c15e38ded225227945a6d06e0ea399fdda7,historical_payload_protocol_record_not_new_strict_result
anomaly_transformer,PSM,1103,experiments/runs/mtsad_reproduction/at_paper_psm/psm__anomaly_transformer__seed1103.json,per_point_adjusted,null,0.3396776384115219,87742,0,0.3410714285714286,0.015669866272868982,0.029963134363479492,0.969703189786116,0.9689474116006235,0.9693251533742332,0.3467065868263473,0.04645935622712324,0.08193875948947414,0.9693251533742332,last_point,percentile_combined,True,0.2778372957078708,512b8dd17c815baca790e589011c8c15e38ded225227945a6d06e0ea399fdda7,historical_payload_protocol_record_not_new_strict_result
anomaly_transformer,SMAP,1103,experiments/runs/mtsad_reproduction/at_paper_smap/smap__anomaly_transformer__seed1103.json,tslib_reference,"{""window"": 100, ""d_model"": 32, ""n_heads"": 8, ""e_layers"": 3, ""d_ff"": 32, ""dropout"": 0.0, ""k"": 3, ""temperature"": 50.0, ""epochs"": 3, ""learning_rate"": 0.0001, ""batch_size"": 256, ""seed"": 1103, ""device"": ""auto""}",0.0023519500996917117,42751800,0,0.1515278182210992,0.011797206377065965,0.021890153671416328,0.9363237041976903,0.9713430598215592,0.9535119539459185,0.13673081559120404,0.016312863191017716,0.029148163537149437,0.9535119539459185,window_flatten,percentile_combined,True,0.12793847276605896,90676547efccad0a74b629867c60e24c49f5dd890bdfee42edfcb5fcf2e6cd60,historical_payload_protocol_record_not_new_strict_result
anomaly_transformer,SMAP,1103,experiments/runs/mtsad_reproduction/at_paper_smap/smap__anomaly_transformer__seed1103.json,best_f1_adjusted,"{""window"": 100, ""d_model"": 32, ""n_heads"": 8, ""e_layers"": 3, ""d_ff"": 32, ""dropout"": 0.0, ""k"": 3, ""temperature"": 50.0, ""epochs"": 3, ""learning_rate"": 0.0001, ""batch_size"": 256, ""seed"": 1103, ""device"": ""auto""}",0.0,42751800,0,0.11448039158220051,0.1931790258885476,0.14376423586183035,0.39613219713185327,0.9802239651894106,0.564240977214651,0.13644675289491598,0.14948123389404466,0.14266689464450372,0.564240977214651,window_flatten,best_f1,True,0.12793847276605896,90676547efccad0a74b629867c60e24c49f5dd890bdfee42edfcb5fcf2e6cd60,historical_payload_protocol_record_not_new_strict_result
anomaly_transformer,SMAP,1103,experiments/runs/mtsad_reproduction/at_paper_smap/smap__anomaly_transformer__seed1103.json,best_f1_pointwise,"{""window"": 100, ""d_model"": 32, ""n_heads"": 8, ""e_layers"": 3, ""d_ff"": 32, ""dropout"": 0.0, ""k"": 3, ""temperature"": 50.0, ""epochs"": 3, ""learning_rate"": 0.0001, ""batch_size"": 256, ""seed"": 1103, ""device"": ""auto""}",0.0,42751800,0,0.11448039158220051,0.1931790258885476,0.14376423586183035,0.39613219713185327,0.9802239651894106,0.564240977214651,0.13644675289491598,0.14948123389404466,0.14266689464450372,0.14376423586183035,window_flatten,best_f1,False,0.12793847276605896,90676547efccad0a74b629867c60e24c49f5dd890bdfee42edfcb5fcf2e6cd60,historical_payload_protocol_record_not_new_strict_result
anomaly_transformer,SMAP,1103,experiments/runs/mtsad_reproduction/at_paper_smap/smap__anomaly_transformer__seed1103.json,per_point_adjusted,"{""window"": 100, ""d_model"": 32, ""n_heads"": 8, ""e_layers"": 3, ""d_ff"": 32, ""dropout"": 0.0, ""k"": 3, ""temperature"": 50.0, ""epochs"": 3, ""learning_rate"": 0.0001, ""batch_size"": 256, ""seed"": 1103, ""device"": ""auto""}",5.011805824289304e-34,427518,0,0.22557077625570776,0.018063478133684363,0.033448439298530704,0.9379391100702577,0.9372531812198333,0.9375960201916745,0.15083217753120665,0.013203942059609746,0.024282204892614668,0.9375960201916745,last_point,percentile_combined,True,0.12793847276605896,90676547efccad0a74b629867c60e24c49f5dd890bdfee42edfcb5fcf2e6cd60,historical_payload_protocol_record_not_new_strict_result
anomaly_transformer,SMD,1103,experiments/runs/mtsad_reproduction/at_paper_smd/smd__anomaly_transformer__seed1103.json,tslib_reference,null,0.7418147677183023,708400,0,0.0714663843303335,0.009169949735090341,0.016254289326350008,0.8767522748831816,0.8475410949599239,0.8618992522492963,0.07135164243403339,0.020962068991233325,0.032404244791974526,0.8618992522492963,window_flatten,percentile_combined,True,0.04156408808582722,d3c9a3b1c72fc70a577f9d256a1d70048d45a1b9079d995298a8fea46a31ef77,historical_payload_protocol_record_not_new_strict_result
anomaly_transformer,SMD,1103,experiments/runs/mtsad_reproduction/at_paper_smd/smd__anomaly_transformer__seed1103.json,best_f1_adjusted,null,6.10315413301353e-24,708400,0,0.04686025479710601,0.16190055698953945,0.07268319458421005,0.227894569198917,0.9719807091427796,0.3692202497677779,0.05825793116863809,0.1770277177334121,0.0876659383415913,0.3692202497677779,window_flatten,best_f1,True,0.04156408808582722,d3c9a3b1c72fc70a577f9d256a1d70048d45a1b9079d995298a8fea46a31ef77,historical_payload_protocol_record_not_new_strict_result
anomaly_transformer,SMD,1103,experiments/runs/mtsad_reproduction/at_paper_smd/smd__anomaly_transformer__seed1103.json,best_f1_pointwise,null,6.10315413301353e-24,708400,0,0.04686025479710601,0.16190055698953945,0.07268319458421005,0.227894569198917,0.9719807091427796,0.3692202497677779,0.05825793116863809,0.1770277177334121,0.0876659383415913,0.07268319458421005,window_flatten,best_f1,False,0.04156408808582722,d3c9a3b1c72fc70a577f9d256a1d70048d45a1b9079d995298a8fea46a31ef77,historical_payload_protocol_record_not_new_strict_result
anomaly_transformer,SMD,1103,experiments/runs/mtsad_reproduction/at_paper_smd/smd__anomaly_transformer__seed1103.json,per_point_adjusted,null,1.5606396796849079e-13,7084,0,0.1875,0.019933554817275746,0.036036036036036036,0.2972972972972973,0.036544850498338874,0.0650887573964497,0.1774193548387097,0.04341736694677872,0.06976268412438626,0.0650887573964497,last_point,percentile_combined,True,0.042490118577075096,d3c9a3b1c72fc70a577f9d256a1d70048d45a1b9079d995298a8fea46a31ef77,historical_payload_protocol_record_not_new_strict_result
anomaly_transformer,SWAT,1103,experiments/runs/mtsad_reproduction/at_paper_swat/swat__anomaly_transformer__seed1103.json,tslib_reference,"{""window"": 100, ""d_model"": 32, ""n_heads"": 8, ""e_layers"": 3, ""d_ff"": 32, ""dropout"": 0.0, ""k"": 3, ""temperature"": 50.0, ""epochs"": 3, ""learning_rate"": 0.0001, ""batch_size"": 256, ""seed"": 1103, ""device"": ""auto""}",6.646676833152824,44982000,0,0.4086174089721676,0.006958861976163014,0.013684670414919855,0.9873535547106865,0.7863105765181889,0.8754380597345011,0.4064479235226206,0.0035960464782970472,0.00712901898784853,0.8754380597345011,window_flatten,percentile_combined,True,0.12142857142857143,a8398134bac6893f37f5ff810a517a14c75dd7096d90d0840c990b0f92ee26b1,historical_payload_protocol_record_not_new_strict_result
anomaly_transformer,SWAT,1103,experiments/runs/mtsad_reproduction/at_paper_swat/swat__anomaly_transformer__seed1103.json,best_f1_adjusted,"{""window"": 100, ""d_model"": 32, ""n_heads"": 8, ""e_layers"": 3, ""d_ff"": 32, ""dropout"": 0.0, ""k"": 3, ""temperature"": 50.0, ""epochs"": 3, ""learning_rate"": 0.0001, ""batch_size"": 256, ""seed"": 1103, ""device"": ""auto""}",4.203895392974451e-45,44982000,0,0.1533364136083648,0.03481444865527911,0.056745131373065964,0.8358850095172061,0.9790917412716721,0.9018386699613304,0.1184996601636789,0.020698208832351083,0.03524092330322117,0.9018386699613304,window_flatten,best_f1,True,0.12142857142857143,a8398134bac6893f37f5ff810a517a14c75dd7096d90d0840c990b0f92ee26b1,historical_payload_protocol_record_not_new_strict_result
anomaly_transformer,SWAT,1103,experiments/runs/mtsad_reproduction/at_paper_swat/swat__anomaly_transformer__seed1103.json,best_f1_pointwise,"{""window"": 100, ""d_model"": 32, ""n_heads"": 8, ""e_layers"": 3, ""d_ff"": 32, ""dropout"": 0.0, ""k"": 3, ""temperature"": 50.0, ""epochs"": 3, ""learning_rate"": 0.0001, ""batch_size"": 256, ""seed"": 1103, ""device"": ""auto""}",4.203895392974451e-45,44982000,0,0.1533364136083648,0.03481444865527911,0.056745131373065964,0.8358850095172061,0.9790917412716721,0.9018386699613304,0.1184996601636789,0.020698208832351083,0.03524092330322117,0.056745131373065964,window_flatten,best_f1,False,0.12142857142857143,a8398134bac6893f37f5ff810a517a14c75dd7096d90d0840c990b0f92ee26b1,historical_payload_protocol_record_not_new_strict_result
anomaly_transformer,SWAT,1103,experiments/runs/mtsad_reproduction/at_paper_swat/swat__anomaly_transformer__seed1103.json,per_point_adjusted,"{""window"": 100, ""d_model"": 32, ""n_heads"": 8, ""e_layers"": 3, ""d_ff"": 32, ""dropout"": 0.0, ""k"": 3, ""temperature"": 50.0, ""epochs"": 3, ""learning_rate"": 0.0001, ""batch_size"": 256, ""seed"": 1103, ""device"": ""auto""}",7.075961627960359,449820,0,0.6377314814814815,0.010087695208802476,0.01986122375416779,0.9927138134922482,0.7807436700170264,0.8740610172270673,0.5977136416696855,0.0021630490044760573,0.0043104988664333195,0.8740610172270673,last_point,percentile_combined,True,0.12142857142857143,a8398134bac6893f37f5ff810a517a14c75dd7096d90d0840c990b0f92ee26b1,historical_payload_protocol_record_not_new_strict_result
anomaly_transformer,PSM,1103,experiments/runs/mtsad_reproduction/at_tslib_budget_psm/psm__anomaly_transformer__seed1103.json,tslib_reference,null,0.09311768956482297,8774200,0,0.37857358718646117,0.010294604680441567,0.02004414608369515,0.9825289407166677,0.9503316346865803,0.9661621187170664,0.3784385266377,0.022421021508493875,0.042333921617314814,0.9661621187170664,window_flatten,percentile_combined,True,0.27737024458070253,8900324f7730c36fc206a1dfbffaaa81a0242f3dac2c7e0bf62c6ef5837a268c,historical_payload_protocol_record_not_new_strict_result
anomaly_transformer,PSM,1103,experiments/runs/mtsad_reproduction/at_tslib_budget_psm/psm__anomaly_transformer__seed1103.json,best_f1_adjusted,null,0.0,8774200,0,0.29934124737996115,0.02546778529170786,0.04694178948484527,0.941918320448713,0.9667301091094965,0.9541629423187047,0.28992174917845354,0.04820898496940583,0.08267117914419492,0.9541629423187047,window_flatten,best_f1,True,0.27737024458070253,8900324f7730c36fc206a1dfbffaaa81a0242f3dac2c7e0bf62c6ef5837a268c,historical_payload_protocol_record_not_new_strict_result
anomaly_transformer,PSM,1103,experiments/runs/mtsad_reproduction/at_tslib_budget_psm/psm__anomaly_transformer__seed1103.json,best_f1_pointwise,null,0.0,8774200,0,0.29934124737996115,0.02546778529170786,0.04694178948484527,0.941918320448713,0.9667301091094965,0.9541629423187047,0.28992174917845354,0.04820898496940583,0.08267117914419492,0.04694178948484527,window_flatten,best_f1,False,0.27737024458070253,8900324f7730c36fc206a1dfbffaaa81a0242f3dac2c7e0bf62c6ef5837a268c,historical_payload_protocol_record_not_new_strict_result
anomaly_transformer,PSM,1103,experiments/runs/mtsad_reproduction/at_tslib_budget_psm/psm__anomaly_transformer__seed1103.json,per_point_adjusted,null,0.14282631896436324,87742,0,0.42756680731364277,0.01247026007055542,0.024233727928574277,0.9825561460654895,0.9403970793338255,0.9610144623768603,0.43316412859560066,0.02579823426098618,0.04869623554059089,0.9610144623768603,last_point,percentile_combined,True,0.2778372957078708,8900324f7730c36fc206a1dfbffaaa81a0242f3dac2c7e0bf62c6ef5837a268c,historical_payload_protocol_record_not_new_strict_result
anomaly_transformer,MSL,1103,experiments/runs/mtsad_reproduction/at_tslib_budget_smd_msl/msl__anomaly_transformer__seed1103.json,tslib_reference,null,0.23617933817207834,7363000,0,0.12127330414033616,0.005955446819469482,0.011353356972863634,0.9469012526817149,0.7695261395827968,0.8490487495435902,0.1206646828009375,0.007208075433961915,0.01360352506429109,0.8490487495435902,window_flatten,percentile_combined,True,0.10547331250848839,e86273664c81aa3536ea0bcaa6b2e6029d63c2fafd891f92fa83fe58e20c900e,historical_payload_protocol_record_not_new_strict_result
anomaly_transformer,MSL,1103,experiments/runs/mtsad_reproduction/at_tslib_budget_smd_msl/msl__anomaly_transformer__seed1103.json,best_f1_adjusted,null,0.0,7363000,0,0.1060861197979312,0.026121555498326038,0.04192093174158058,0.7995210159528429,0.8778032449137265,0.8368353794841515,0.10855365328594953,0.02148999370099814,0.03587745160006984,0.8368353794841515,window_flatten,best_f1,True,0.10547331250848839,e86273664c81aa3536ea0bcaa6b2e6029d63c2fafd891f92fa83fe58e20c900e,historical_payload_protocol_record_not_new_strict_result
anomaly_transformer,MSL,1103,experiments/runs/mtsad_reproduction/at_tslib_budget_smd_msl/msl__anomaly_transformer__seed1103.json,best_f1_pointwise,null,0.0,7363000,0,0.1060861197979312,0.026121555498326038,0.04192093174158058,0.7995210159528429,0.8778032449137265,0.8368353794841515,0.10855365328594953,0.02148999370099814,0.03587745160006984,0.04192093174158058,window_flatten,best_f1,False,0.10547331250848839,e86273664c81aa3536ea0bcaa6b2e6029d63c2fafd891f92fa83fe58e20c900e,historical_payload_protocol_record_not_new_strict_result
anomaly_transformer,MSL,1103,experiments/runs/mtsad_reproduction/at_tslib_budget_smd_msl/msl__anomaly_transformer__seed1103.json,per_point_adjusted,null,0.3148082330822912,73630,0,0.05952380952380952,0.003219160442956477,0.0061079892499389206,0.8962982410081386,0.4396085500901365,0.5898920086393088,0.07581227436823104,0.0019673604361583057,0.00383519592351748,0.5898920086393088,last_point,percentile_combined,True,0.10547331250848839,e86273664c81aa3536ea0bcaa6b2e6029d63c2fafd891f92fa83fe58e20c900e,historical_payload_protocol_record_not_new_strict_result
anomaly_transformer,SMD,1103,experiments/runs/mtsad_reproduction/at_tslib_budget_smd_msl/smd__anomaly_transformer__seed1103.json,tslib_reference,null,0.9387596753239607,708400,0,0.11102128806251685,0.013992664040211928,0.024852963353943595,0.891028605403977,0.9161459040891183,0.903412706386684,0.11045098568728058,0.08929178038880138,0.09875066167811784,0.903412706386684,window_flatten,percentile_combined,True,0.04156408808582722,524d41a51ba1cdae63dedf359bf7742de4c6eb1b352245c96f588b20470fbeca,historical_payload_protocol_record_not_new_strict_result
anomaly_transformer,SMD,1103,experiments/runs/mtsad_reproduction/at_tslib_budget_smd_msl/smd__anomaly_transformer__seed1103.json,best_f1_adjusted,null,3.6433760072445244e-44,708400,0,0.07151604212588783,0.03966852329846488,0.051031108004194345,0.6562542503513624,0.9832223882624643,0.7871339623154517,0.07639644058539707,0.18567105738620615,0.10825156124908054,0.7871339623154517,window_flatten,best_f1,True,0.04156408808582722,524d41a51ba1cdae63dedf359bf7742de4c6eb1b352245c96f588b20470fbeca,historical_payload_protocol_record_not_new_strict_result
anomaly_transformer,SMD,1103,experiments/runs/mtsad_reproduction/at_tslib_budget_smd_msl/smd__anomaly_transformer__seed1103.json,best_f1_pointwise,null,3.6433760072445244e-44,708400,0,0.07151604212588783,0.03966852329846488,0.051031108004194345,0.6562542503513624,0.9832223882624643,0.7871339623154517,0.07639644058539707,0.18567105738620615,0.10825156124908054,0.051031108004194345,window_flatten,best_f1,False,0.04156408808582722,524d41a51ba1cdae63dedf359bf7742de4c6eb1b352245c96f588b20470fbeca,historical_payload_protocol_record_not_new_strict_result
anomaly_transformer,SMD,1103,experiments/runs/mtsad_reproduction/at_tslib_budget_smd_msl/smd__anomaly_transformer__seed1103.json,per_point_adjusted,null,0.9784148266911369,7084,0,0.26666666666666666,0.026578073089700997,0.04833836858006042,0.4358974358974359,0.05647840531561462,0.10000000000000002,0.27586206896551724,0.053501400560224094,0.08962139652189213,0.10000000000000002,last_point,percentile_combined,True,0.042490118577075096,524d41a51ba1cdae63dedf359bf7742de4c6eb1b352245c96f588b20470fbeca,historical_payload_protocol_record_not_new_strict_result
catch,MSL,1103,experiments/runs/mtsad_reproduction/cat_msl/msl__catch__seed1103.json,tslib_reference,"{""window"": 100, ""patch_size"": 16, ""patch_stride"": 8, ""inference_patch_size"": 32, ""inference_patch_stride"": 1, ""cf_dim"": 32, ""d_model"": 256, ""d_ff"": 256, ""head_dim"": 32, ""n_heads"": 1, ""e_layers"": 3, ""dropout"": 0.05, ""head_dropout"": 0.1, ""regular_lambda"": 0.5, ""temperature"": 0.07, ""auxi_lambda"": 0.05, ""dc_lambda"": 0.1, ""score_lambda"": 0.05, ""learning_rate"": 0.0005, ""mask_learning_rate"": 1e-05, ""epochs"": 5, ""batch_size"": 128, ""seed"": 1103, ""device"": ""auto""}",0.03712416198104617,7363000,0,0.17204595123139466,0.09640355395312902,0.123567678998347,0.6391445394933861,0.82171388101983,0.719020998482845,0.13969730357037277,0.12469016423987223,0.13176781691149497,0.719020998482845,window_flatten,percentile_combined,True,0.10547331250848839,b61ccb7894bf3afa4920df271386f7f34325d8d3542485aa92a74f2a3452a2fb,historical_payload_protocol_record_not_new_strict_result
catch,MSL,1103,experiments/runs/mtsad_reproduction/cat_msl/msl__catch__seed1103.json,best_f1_adjusted,"{""window"": 100, ""patch_size"": 16, ""patch_stride"": 8, ""inference_patch_size"": 32, ""inference_patch_stride"": 1, ""cf_dim"": 32, ""d_model"": 256, ""d_ff"": 256, ""head_dim"": 32, ""n_heads"": 1, ""e_layers"": 3, ""dropout"": 0.05, ""head_dropout"": 0.1, ""regular_lambda"": 0.5, ""temperature"": 0.07, ""auxi_lambda"": 0.05, ""dc_lambda"": 0.1, ""score_lambda"": 0.05, ""learning_rate"": 0.0005, ""mask_learning_rate"": 1e-05, ""epochs"": 5, ""batch_size"": 128, ""seed"": 1103, ""device"": ""auto""}",0.009799757972359657,7363000,0,0.15550412327568627,0.6666919907288179,0.25218643520039513,0.20998560039335512,0.962355137780067,0.34474741825184946,0.11235280716592898,0.5776710384481175,0.1881180286757965,0.34474741825184946,window_flatten,best_f1,True,0.10547331250848839,b61ccb7894bf3afa4920df271386f7f34325d8d3542485aa92a74f2a3452a2fb,historical_payload_protocol_record_not_new_strict_result
catch,MSL,1103,experiments/runs/mtsad_reproduction/cat_msl/msl__catch__seed1103.json,best_f1_pointwise,"{""window"": 100, ""patch_size"": 16, ""patch_stride"": 8, ""inference_patch_size"": 32, ""inference_patch_stride"": 1, ""cf_dim"": 32, ""d_model"": 256, ""d_ff"": 256, ""head_dim"": 32, ""n_heads"": 1, ""e_layers"": 3, ""dropout"": 0.05, ""head_dropout"": 0.1, ""regular_lambda"": 0.5, ""temperature"": 0.07, ""auxi_lambda"": 0.05, ""dc_lambda"": 0.1, ""score_lambda"": 0.05, ""learning_rate"": 0.0005, ""mask_learning_rate"": 1e-05, ""epochs"": 5, ""batch_size"": 128, ""seed"": 1103, ""device"": ""auto""}",0.009799757972359657,7363000,0,0.15550412327568627,0.6666919907288179,0.25218643520039513,0.20998560039335512,0.962355137780067,0.34474741825184946,0.11235280716592898,0.5776710384481175,0.1881180286757965,0.25218643520039513,window_flatten,best_f1,False,0.10547331250848839,b61ccb7894bf3afa4920df271386f7f34325d8d3542485aa92a74f2a3452a2fb,historical_payload_protocol_record_not_new_strict_result
catch,MSL,1103,experiments/runs/mtsad_reproduction/cat_msl/msl__catch__seed1103.json,per_point_adjusted,"{""window"": 100, ""patch_size"": 16, ""patch_stride"": 8, ""inference_patch_size"": 32, ""inference_patch_stride"": 1, ""cf_dim"": 32, ""d_model"": 256, ""d_ff"": 256, ""head_dim"": 32, ""n_heads"": 1, ""e_layers"": 3, ""dropout"": 0.05, ""head_dropout"": 0.1, ""regular_lambda"": 0.5, ""temperature"": 0.07, ""auxi_lambda"": 0.05, ""dc_lambda"": 0.1, ""score_lambda"": 0.05, ""learning_rate"": 0.0005, ""mask_learning_rate"": 1e-05, ""epochs"": 5, ""batch_size"": 128, ""seed"": 1103, ""device"": ""auto""}",0.0353618193417787,73630,0,0.1762581809975175,0.10056657223796034,0.1280642781011724,0.6399684355888735,0.8354365181560649,0.7247542448614834,0.12902571211144784,0.14611144505853732,0.13703807541097218,0.7247542448614834,last_point,percentile_combined,True,0.10547331250848839,b61ccb7894bf3afa4920df271386f7f34325d8d3542485aa92a74f2a3452a2fb,historical_payload_protocol_record_not_new_strict_result
catch,PSM,1103,experiments/runs/mtsad_reproduction/cat_psm/psm__catch__seed1103.json,tslib_reference,"{""window"": 100, ""patch_size"": 16, ""patch_stride"": 8, ""inference_patch_size"": 32, ""inference_patch_stride"": 1, ""cf_dim"": 32, ""d_model"": 16, ""d_ff"": 16, ""head_dim"": 32, ""n_heads"": 16, ""e_layers"": 1, ""dropout"": 0.2, ""head_dropout"": 0.1, ""regular_lambda"": 0.5, ""temperature"": 0.07, ""auxi_lambda"": 0.1, ""dc_lambda"": 0.1, ""score_lambda"": 0.05, ""learning_rate"": 0.005, ""mask_learning_rate"": 1e-05, ""epochs"": 3, ""batch_size"": 128, ""seed"": 1103, ""device"": ""auto""}",0.06349176235497,8774200,0,0.6463962042645153,0.06538351860663302,0.11875488129474793,0.9621199461784432,0.9084583897288986,0.9345194694638209,0.6032525983096944,0.3129680450005861,0.41212515285048373,0.9345194694638209,window_flatten,percentile_combined,True,0.27737024458070253,72c38128cba857b12186808291a0684170ff0eaae082596b0b1c9f3487d00e20,historical_payload_protocol_record_not_new_strict_result
catch,PSM,1103,experiments/runs/mtsad_reproduction/cat_psm/psm__catch__seed1103.json,best_f1_adjusted,"{""window"": 100, ""patch_size"": 16, ""patch_stride"": 8, ""inference_patch_size"": 32, ""inference_patch_stride"": 1, ""cf_dim"": 32, ""d_model"": 16, ""d_ff"": 16, ""head_dim"": 32, ""n_heads"": 16, ""e_layers"": 1, ""dropout"": 0.2, ""head_dropout"": 0.1, ""regular_lambda"": 0.5, ""temperature"": 0.07, ""auxi_lambda"": 0.1, ""dc_lambda"": 0.1, ""score_lambda"": 0.05, ""learning_rate"": 0.005, ""mask_learning_rate"": 1e-05, ""epochs"": 3, ""batch_size"": 128, ""seed"": 1103, ""device"": ""auto""}",0.01776009052991867,8774200,0,0.32345658315176135,0.7277719293487863,0.4478619420642871,0.3962280233548329,0.998957966094452,0.5674012544756232,0.21683526342632573,0.8672970653149983,0.3469329022681114,0.5674012544756232,window_flatten,best_f1,True,0.27737024458070253,72c38128cba857b12186808291a0684170ff0eaae082596b0b1c9f3487d00e20,historical_payload_protocol_record_not_new_strict_result
catch,PSM,1103,experiments/runs/mtsad_reproduction/cat_psm/psm__catch__seed1103.json,best_f1_pointwise,"{""window"": 100, ""patch_size"": 16, ""patch_stride"": 8, ""inference_patch_size"": 32, ""inference_patch_stride"": 1, ""cf_dim"": 32, ""d_model"": 16, ""d_ff"": 16, ""head_dim"": 32, ""n_heads"": 16, ""e_layers"": 1, ""dropout"": 0.2, ""head_dropout"": 0.1, ""regular_lambda"": 0.5, ""temperature"": 0.07, ""auxi_lambda"": 0.1, ""dc_lambda"": 0.1, ""score_lambda"": 0.05, ""learning_rate"": 0.005, ""mask_learning_rate"": 1e-05, ""epochs"": 3, ""batch_size"": 128, ""seed"": 1103, ""device"": ""auto""}",0.01776009052991867,8774200,0,0.32345658315176135,0.7277719293487863,0.4478619420642871,0.3962280233548329,0.998957966094452,0.5674012544756232,0.21683526342632573,0.8672970653149983,0.3469329022681114,0.4478619420642871,window_flatten,best_f1,False,0.27737024458070253,72c38128cba857b12186808291a0684170ff0eaae082596b0b1c9f3487d00e20,historical_payload_protocol_record_not_new_strict_result
catch,PSM,1103,experiments/runs/mtsad_reproduction/cat_psm/psm__catch__seed1103.json,per_point_adjusted,"{""window"": 100, ""patch_size"": 16, ""patch_stride"": 8, ""inference_patch_size"": 32, ""inference_patch_stride"": 1, ""cf_dim"": 32, ""d_model"": 16, ""d_ff"": 16, ""head_dim"": 32, ""n_heads"": 16, ""e_layers"": 1, ""dropout"": 0.2, ""head_dropout"": 0.1, ""regular_lambda"": 0.5, ""temperature"": 0.07, ""auxi_lambda"": 0.1, ""dc_lambda"": 0.1, ""score_lambda"": 0.05, ""learning_rate"": 0.005, ""mask_learning_rate"": 1e-05, ""epochs"": 3, ""batch_size"": 128, ""seed"": 1103, ""device"": ""auto""}",0.059292258396744714,87742,0,0.5847953216374269,0.06153088850603003,0.11134617525887984,0.9529094446409622,0.8840347854623021,0.9171809167127718,0.5851516245244995,0.36210233244727114,0.4473663403909023,0.9171809167127718,last_point,percentile_combined,True,0.2778372957078708,72c38128cba857b12186808291a0684170ff0eaae082596b0b1c9f3487d00e20,historical_payload_protocol_record_not_new_strict_result
catch,SMAP,1103,experiments/runs/mtsad_reproduction/cat_smap/smap__catch__seed1103.json,tslib_reference,"{""window"": 100, ""patch_size"": 16, ""patch_stride"": 8, ""inference_patch_size"": 32, ""inference_patch_stride"": 1, ""cf_dim"": 64, ""d_model"": 128, ""d_ff"": 256, ""head_dim"": 64, ""n_heads"": 16, ""e_layers"": 1, ""dropout"": 0.4, ""head_dropout"": 0.3, ""regular_lambda"": 0.5, ""temperature"": 0.07, ""auxi_lambda"": 0.01, ""dc_lambda"": 0.005, ""score_lambda"": 1e-06, ""learning_rate"": 0.0005, ""mask_learning_rate"": 5e-05, ""epochs"": 5, ""batch_size"": 128, ""seed"": 1103, ""device"": ""auto""}",0.06470387473702421,42751800,0,0.15270129293743448,0.021890814684803275,0.038292174272343465,0.8243172703613071,0.569929428111745,0.6739161311899419,0.10388964180610728,0.03153737652343609,0.04838630859540034,0.6739161311899419,window_flatten,percentile_combined,True,0.12793847276605896,91fb5f6164125b9d2de73b2843b7fee81a6b622307c2f39210732bb5d8b8ff78,historical_payload_protocol_record_not_new_strict_result
catch,SMAP,1103,experiments/runs/mtsad_reproduction/cat_smap/smap__catch__seed1103.json,best_f1_adjusted,"{""window"": 100, ""patch_size"": 16, ""patch_stride"": 8, ""inference_patch_size"": 32, ""inference_patch_stride"": 1, ""cf_dim"": 64, ""d_model"": 128, ""d_ff"": 256, ""head_dim"": 64, ""n_heads"": 16, ""e_layers"": 1, ""dropout"": 0.4, ""head_dropout"": 0.3, ""regular_lambda"": 0.5, ""temperature"": 0.07, ""auxi_lambda"": 0.01, ""dc_lambda"": 0.005, ""score_lambda"": 1e-06, ""learning_rate"": 0.0005, ""mask_learning_rate"": 5e-05, ""epochs"": 5, ""batch_size"": 128, ""seed"": 1103, ""device"": ""auto""}",1.569017982205878e-08,42751800,0,0.14033803162734498,0.9040895129442738,0.24296207682566362,0.1523019452246678,0.995011335381015,0.2641687574977284,0.15034688556573933,0.8900551072885174,0.25724097854828726,0.2641687574977284,window_flatten,best_f1,True,0.12793847276605896,91fb5f6164125b9d2de73b2843b7fee81a6b622307c2f39210732bb5d8b8ff78,historical_payload_protocol_record_not_new_strict_result
catch,SMAP,1103,experiments/runs/mtsad_reproduction/cat_smap/smap__catch__seed1103.json,best_f1_pointwise,"{""window"": 100, ""patch_size"": 16, ""patch_stride"": 8, ""inference_patch_size"": 32, ""inference_patch_stride"": 1, ""cf_dim"": 64, ""d_model"": 128, ""d_ff"": 256, ""head_dim"": 64, ""n_heads"": 16, ""e_layers"": 1, ""dropout"": 0.4, ""head_dropout"": 0.3, ""regular_lambda"": 0.5, ""temperature"": 0.07, ""auxi_lambda"": 0.01, ""dc_lambda"": 0.005, ""score_lambda"": 1e-06, ""learning_rate"": 0.0005, ""mask_learning_rate"": 5e-05, ""epochs"": 5, ""batch_size"": 128, ""seed"": 1103, ""device"": ""auto""}",1.569017982205878e-08,42751800,0,0.14033803162734498,0.9040895129442738,0.24296207682566362,0.1523019452246678,0.995011335381015,0.2641687574977284,0.15034688556573933,0.8900551072885174,0.25724097854828726,0.24296207682566362,window_flatten,best_f1,False,0.12793847276605896,91fb5f6164125b9d2de73b2843b7fee81a6b622307c2f39210732bb5d8b8ff78,historical_payload_protocol_record_not_new_strict_result
catch,SMAP,1103,experiments/runs/mtsad_reproduction/cat_smap/smap__catch__seed1103.json,per_point_adjusted,"{""window"": 100, ""patch_size"": 16, ""patch_stride"": 8, ""inference_patch_size"": 32, ""inference_patch_stride"": 1, ""cf_dim"": 64, ""d_model"": 128, ""d_ff"": 256, ""head_dim"": 64, ""n_heads"": 16, ""e_layers"": 1, ""dropout"": 0.4, ""head_dropout"": 0.3, ""regular_lambda"": 0.5, ""temperature"": 0.07, ""auxi_lambda"": 0.01, ""dc_lambda"": 0.005, ""score_lambda"": 1e-06, ""learning_rate"": 0.0005, ""mask_learning_rate"": 5e-05, ""epochs"": 5, ""batch_size"": 128, ""seed"": 1103, ""device"": ""auto""}",0.028357502743601735,427518,0,0.19637345679012347,0.027917946467749012,0.04888590088359585,0.8522625183223793,0.659079274535615,0.7433243293399592,0.12346055996413335,0.03777692792851136,0.057852063273078076,0.7433243293399592,last_point,percentile_combined,True,0.12793847276605896,91fb5f6164125b9d2de73b2843b7fee81a6b622307c2f39210732bb5d8b8ff78,historical_payload_protocol_record_not_new_strict_result
catch,SMD,1103,experiments/runs/mtsad_reproduction/cat_smd/smd__catch__seed1103.json,tslib_reference,"{""window"": 100, ""patch_size"": 16, ""patch_stride"": 8, ""inference_patch_size"": 32, ""inference_patch_stride"": 1, ""cf_dim"": 32, ""d_model"": 128, ""d_ff"": 128, ""head_dim"": 128, ""n_heads"": 4, ""e_layers"": 2, ""dropout"": 0.2, ""head_dropout"": 0.1, ""regular_lambda"": 0.5, ""temperature"": 0.07, ""auxi_lambda"": 0.1, ""dc_lambda"": 0.2, ""score_lambda"": 0.5, ""learning_rate"": 0.0001, ""mask_learning_rate"": 1e-05, ""epochs"": 1, ""batch_size"": 256, ""seed"": 1103, ""device"": ""auto""}",1.9425476014614118,708400,0,0.19914830660962055,0.33830321967124033,0.2507110316881025,0.4115063099593048,0.9512973780736314,0.574499287259899,0.07795243656880187,0.4133613800276493,0.13116881987898277,0.574499287259899,window_flatten,percentile_combined,True,0.04156408808582722,d592ec96611cf429ee73e271f34bb710a29857a98a6e5f4900380c2016de77b0,historical_payload_protocol_record_not_new_strict_result
catch,SMD,1103,experiments/runs/mtsad_reproduction/cat_smd/smd__catch__seed1103.json,best_f1_adjusted,"{""window"": 100, ""patch_size"": 16, ""patch_stride"": 8, ""inference_patch_size"": 32, ""inference_patch_stride"": 1, ""cf_dim"": 32, ""d_model"": 128, ""d_ff"": 128, ""head_dim"": 128, ""n_heads"": 4, ""e_layers"": 2, ""dropout"": 0.2, ""head_dropout"": 0.1, ""regular_lambda"": 0.5, ""temperature"": 0.07, ""auxi_lambda"": 0.1, ""dc_lambda"": 0.2, ""score_lambda"": 0.5, ""learning_rate"": 0.0001, ""mask_learning_rate"": 1e-05, ""epochs"": 1, ""batch_size"": 256, ""seed"": 1103, ""device"": ""auto""}",1.7569139003753662,708400,0,0.19057837384744342,0.3860888466241,0.25519114642961366,0.3723333723333723,0.9727278902323054,0.5385316874594565,0.0706273584548468,0.44179604297825326,0.12178556796622693,0.5385316874594565,window_flatten,best_f1,True,0.04156408808582722,d592ec96611cf429ee73e271f34bb710a29857a98a6e5f4900380c2016de77b0,historical_payload_protocol_record_not_new_strict_result
catch,SMD,1103,experiments/runs/mtsad_reproduction/cat_smd/smd__catch__seed1103.json,best_f1_pointwise,"{""window"": 100, ""patch_size"": 16, ""patch_stride"": 8, ""inference_patch_size"": 32, ""inference_patch_stride"": 1, ""cf_dim"": 32, ""d_model"": 128, ""d_ff"": 128, ""head_dim"": 128, ""n_heads"": 4, ""e_layers"": 2, ""dropout"": 0.2, ""head_dropout"": 0.1, ""regular_lambda"": 0.5, ""temperature"": 0.07, ""auxi_lambda"": 0.1, ""dc_lambda"": 0.2, ""score_lambda"": 0.5, ""learning_rate"": 0.0001, ""mask_learning_rate"": 1e-05, ""epochs"": 1, ""batch_size"": 256, ""seed"": 1103, ""device"": ""auto""}",1.7569139003753662,708400,0,0.19057837384744342,0.3860888466241,0.25519114642961366,0.3723333723333723,0.9727278902323054,0.5385316874594565,0.0706273584548468,0.44179604297825326,0.12178556796622693,0.25519114642961366,window_flatten,best_f1,False,0.04156408808582722,d592ec96611cf429ee73e271f34bb710a29857a98a6e5f4900380c2016de77b0,historical_payload_protocol_record_not_new_strict_result
catch,SMD,1103,experiments/runs/mtsad_reproduction/cat_smd/smd__catch__seed1103.json,per_point_adjusted,"{""window"": 100, ""patch_size"": 16, ""patch_stride"": 8, ""inference_patch_size"": 32, ""inference_patch_stride"": 1, ""cf_dim"": 32, ""d_model"": 128, ""d_ff"": 128, ""head_dim"": 128, ""n_heads"": 4, ""e_layers"": 2, ""dropout"": 0.2, ""head_dropout"": 0.1, ""regular_lambda"": 0.5, ""temperature"": 0.07, ""auxi_lambda"": 0.1, ""dc_lambda"": 0.2, ""score_lambda"": 0.5, ""learning_rate"": 0.0001, ""mask_learning_rate"": 1e-05, ""epochs"": 1, ""batch_size"": 256, ""seed"": 1103, ""device"": ""auto""}",1.9580416500568385,7084,0,0.21861471861471862,0.33554817275747506,0.2647444298820446,0.3351749539594843,0.6046511627906976,0.4312796208530805,0.25277777777777777,0.40217086834733895,0.31043612041723095,0.4312796208530805,last_point,percentile_combined,True,0.042490118577075096,d592ec96611cf429ee73e271f34bb710a29857a98a6e5f4900380c2016de77b0,historical_payload_protocol_record_not_new_strict_result
catch,SWAT,1103,experiments/runs/mtsad_reproduction/cat_swat/swat__catch__seed1103.json,tslib_reference,"{""window"": 100, ""patch_size"": 8, ""patch_stride"": 8, ""inference_patch_size"": 32, ""inference_patch_stride"": 1, ""cf_dim"": 64, ""d_model"": 128, ""d_ff"": 128, ""head_dim"": 64, ""n_heads"": 16, ""e_layers"": 3, ""dropout"": 0.2, ""head_dropout"": 0.1, ""regular_lambda"": 0.5, ""temperature"": 0.07, ""auxi_lambda"": 0.005, ""dc_lambda"": 0.005, ""score_lambda"": 0.05, ""learning_rate"": 0.0001, ""mask_learning_rate"": 1e-05, ""epochs"": 5, ""batch_size"": 64, ""seed"": 1103, ""device"": ""auto""}",0.012740084957331421,44982000,0,0.18618964780754158,0.055061972501418865,0.08498984798111174,0.7918555905095893,0.9155892422328409,0.8492391041507609,0.11777369037484979,0.3077858215820466,0.17035959030070638,0.8492391041507609,window_flatten,percentile_combined,True,0.12142857142857143,d92468833efdfec2b733c25e4d70900d4a2c210ee7a8e8c710d9f47b6876e38d,historical_payload_protocol_record_not_new_strict_result
catch,SWAT,1103,experiments/runs/mtsad_reproduction/cat_swat/swat__catch__seed1103.json,best_f1_adjusted,"{""window"": 100, ""patch_size"": 8, ""patch_stride"": 8, ""inference_patch_size"": 32, ""inference_patch_stride"": 1, ""cf_dim"": 64, ""d_model"": 128, ""d_ff"": 128, ""head_dim"": 64, ""n_heads"": 16, ""e_layers"": 3, ""dropout"": 0.2, ""head_dropout"": 0.1, ""regular_lambda"": 0.5, ""temperature"": 0.07, ""auxi_lambda"": 0.005, ""dc_lambda"": 0.005, ""score_lambda"": 0.05, ""learning_rate"": 0.0001, ""mask_learning_rate"": 1e-05, ""epochs"": 5, ""batch_size"": 64, ""seed"": 1103, ""device"": ""auto""}",0.00013458289322443306,44982000,0,0.12142855189694882,0.9999998169202321,0.21656047419937066,0.12142857142857143,1.0,0.21656050955414013,0.0696134062994497,0.9999937006228424,0.13016549222200643,0.21656050955414013,window_flatten,best_f1,True,0.12142857142857143,d92468833efdfec2b733c25e4d70900d4a2c210ee7a8e8c710d9f47b6876e38d,historical_payload_protocol_record_not_new_strict_result
catch,SWAT,1103,experiments/runs/mtsad_reproduction/cat_swat/swat__catch__seed1103.json,best_f1_pointwise,"{""window"": 100, ""patch_size"": 8, ""patch_stride"": 8, ""inference_patch_size"": 32, ""inference_patch_stride"": 1, ""cf_dim"": 64, ""d_model"": 128, ""d_ff"": 128, ""head_dim"": 64, ""n_heads"": 16, ""e_layers"": 3, ""dropout"": 0.2, ""head_dropout"": 0.1, ""regular_lambda"": 0.5, ""temperature"": 0.07, ""auxi_lambda"": 0.005, ""dc_lambda"": 0.005, ""score_lambda"": 0.05, ""learning_rate"": 0.0001, ""mask_learning_rate"": 1e-05, ""epochs"": 5, ""batch_size"": 64, ""seed"": 1103, ""device"": ""auto""}",0.00013458289322443306,44982000,0,0.12142855189694882,0.9999998169202321,0.21656047419937066,0.12142857142857143,1.0,0.21656050955414013,0.0696134062994497,0.9999937006228424,0.13016549222200643,0.21656047419937066,window_flatten,best_f1,False,0.12142857142857143,d92468833efdfec2b733c25e4d70900d4a2c210ee7a8e8c710d9f47b6876e38d,historical_payload_protocol_record_not_new_strict_result
catch,SWAT,1103,experiments/runs/mtsad_reproduction/cat_swat/swat__catch__seed1103.json,per_point_adjusted,"{""window"": 100, ""patch_size"": 8, ""patch_stride"": 8, ""inference_patch_size"": 32, ""inference_patch_stride"": 1, ""cf_dim"": 64, ""d_model"": 128, ""d_ff"": 128, ""head_dim"": 64, ""n_heads"": 16, ""e_layers"": 3, ""dropout"": 0.2, ""head_dropout"": 0.1, ""regular_lambda"": 0.5, ""temperature"": 0.07, ""auxi_lambda"": 0.005, ""dc_lambda"": 0.005, ""score_lambda"": 0.05, ""learning_rate"": 0.0001, ""mask_learning_rate"": 1e-05, ""epochs"": 5, ""batch_size"": 64, ""seed"": 1103, ""device"": ""auto""}",0.013845611549913884,449820,0,0.19612134476259954,0.059061533109976014,0.09078373434641902,0.7926129234629862,0.9252302228080774,0.8538025527745162,0.12182865234495632,0.09420761268618529,0.10625240621095841,0.8538025527745162,last_point,percentile_combined,True,0.12142857142857143,d92468833efdfec2b733c25e4d70900d4a2c210ee7a8e8c710d9f47b6876e38d,historical_payload_protocol_record_not_new_strict_result
isolation_forest,MSL,1103,experiments/runs/mtsad_reproduction/classical/msl__isolation_forest__seed1103.json,tslib_reference,null,0.4663728624125781,73729,0,0.32084309133489464,0.017640999227401494,0.03344318320517515,0.9560139541938419,0.8116147308781869,0.8779162894351974,0.2640449438202247,0.006008000132986913,0.01174867442186657,0.8779162894351974,last_point,percentile_combined,True,0.1053316876669967,42100a01679d3e3e5c1f62c7d9eedad760d299683d06499d677745affc898246,historical_payload_protocol_record_not_new_strict_result
isolation_forest,MSL,1103,experiments/runs/mtsad_reproduction/classical/msl__isolation_forest__seed1103.json,best_f1_adjusted,null,0.30302864089277226,73729,0,0.14441792449658788,0.553180530517641,0.2290405992589236,0.2333112423183516,0.9972959052279166,0.37815536350764123,0.08397470824678833,0.24288813698047354,0.12480133938355661,0.37815536350764123,last_point,best_f1,True,0.1053316876669967,42100a01679d3e3e5c1f62c7d9eedad760d299683d06499d677745affc898246,historical_payload_protocol_record_not_new_strict_result
isolation_forest,MSL,1103,experiments/runs/mtsad_reproduction/classical/msl__isolation_forest__seed1103.json,best_f1_pointwise,null,0.30302864089277226,73729,0,0.14441792449658788,0.553180530517641,0.2290405992589236,0.2333112423183516,0.9972959052279166,0.37815536350764123,0.08397470824678833,0.24288813698047354,0.12480133938355661,0.2290405992589236,last_point,best_f1,False,0.1053316876669967,42100a01679d3e3e5c1f62c7d9eedad760d299683d06499d677745affc898246,historical_payload_protocol_record_not_new_strict_result
isolation_forest,MSL,1103,experiments/runs/mtsad_reproduction/classical/msl__isolation_forest__seed1103.json,per_point_adjusted,null,0.4663728624125781,73729,0,0.32084309133489464,0.017640999227401494,0.03344318320517515,0.9560139541938419,0.8116147308781869,0.8779162894351974,0.2640449438202247,0.006008000132986913,0.01174867442186657,0.8779162894351974,last_point,percentile_combined,True,0.1053316876669967,42100a01679d3e3e5c1f62c7d9eedad760d299683d06499d677745affc898246,historical_payload_protocol_record_not_new_strict_result
isolation_forest,MSL,1104,experiments/runs/mtsad_reproduction/classical/msl__isolation_forest__seed1104.json,tslib_reference,null,0.46237734255274976,73729,0,0.3407821229050279,0.015709502961627608,0.03003446578040374,0.9601553266925544,0.7322946175637394,0.8308861129373949,0.27586206896551724,0.005054346587468696,0.009926814025041733,0.8308861129373949,last_point,percentile_combined,True,0.1053316876669967,2307a69e340bfb07ec6a6d398089ba650c278476bd7ee6ada2f75646be9dda71,historical_payload_protocol_record_not_new_strict_result
isolation_forest,MSL,1104,experiments/runs/mtsad_reproduction/classical/msl__isolation_forest__seed1104.json,best_f1_adjusted,null,0.30542940916729694,73729,0,0.1452047321946064,0.5484161730620654,0.229614254521929,0.236005728738154,0.9972959052279166,0.3816869132395338,0.09287070332867994,0.2378038606623769,0.1335755101779624,0.3816869132395338,last_point,best_f1,True,0.1053316876669967,2307a69e340bfb07ec6a6d398089ba650c278476bd7ee6ada2f75646be9dda71,historical_payload_protocol_record_not_new_strict_result
isolation_forest,MSL,1104,experiments/runs/mtsad_reproduction/classical/msl__isolation_forest__seed1104.json,best_f1_pointwise,null,0.30542940916729694,73729,0,0.1452047321946064,0.5484161730620654,0.229614254521929,0.236005728738154,0.9972959052279166,0.3816869132395338,0.09287070332867994,0.2378038606623769,0.1335755101779624,0.229614254521929,last_point,best_f1,False,0.1053316876669967,2307a69e340bfb07ec6a6d398089ba650c278476bd7ee6ada2f75646be9dda71,historical_payload_protocol_record_not_new_strict_result
isolation_forest,MSL,1104,experiments/runs/mtsad_reproduction/classical/msl__isolation_forest__seed1104.json,per_point_adjusted,null,0.46237734255274976,73729,0,0.3407821229050279,0.015709502961627608,0.03003446578040374,0.9601553266925544,0.7322946175637394,0.8308861129373949,0.27586206896551724,0.005054346587468696,0.009926814025041733,0.8308861129373949,last_point,percentile_combined,True,0.1053316876669967,2307a69e340bfb07ec6a6d398089ba650c278476bd7ee6ada2f75646be9dda71,historical_payload_protocol_record_not_new_strict_result
isolation_forest,MSL,1105,experiments/runs/mtsad_reproduction/classical/msl__isolation_forest__seed1105.json,tslib_reference,null,0.4525210900837714,73729,0,0.42105263157894735,0.021632758176667526,0.041151255358236376,0.9641971481711097,0.8010558846252898,0.875087916725278,0.3761755485893417,0.006803515464155737,0.0133653058471486,0.875087916725278,last_point,percentile_combined,True,0.1053316876669967,e0ec74263d5f271709b82df2e763421cade64ae77aa62da9d91cc9946a0d6f25,historical_payload_protocol_record_not_new_strict_result
isolation_forest,MSL,1105,experiments/runs/mtsad_reproduction/classical/msl__isolation_forest__seed1105.json,best_f1_adjusted,null,0.30540202248852966,73729,0,0.16349712827058072,0.6597991243883595,0.2620569733544724,0.22853275263374728,1.0,0.3720417744562614,0.07858362247706037,0.30947076602762835,0.12533982124986578,0.3720417744562614,last_point,best_f1,True,0.1053316876669967,e0ec74263d5f271709b82df2e763421cade64ae77aa62da9d91cc9946a0d6f25,historical_payload_protocol_record_not_new_strict_result
isolation_forest,MSL,1105,experiments/runs/mtsad_reproduction/classical/msl__isolation_forest__seed1105.json,best_f1_pointwise,null,0.30540202248852966,73729,0,0.16349712827058072,0.6597991243883595,0.2620569733544724,0.22853275263374728,1.0,0.3720417744562614,0.07858362247706037,0.30947076602762835,0.12533982124986578,0.2620569733544724,last_point,best_f1,False,0.1053316876669967,e0ec74263d5f271709b82df2e763421cade64ae77aa62da9d91cc9946a0d6f25,historical_payload_protocol_record_not_new_strict_result
isolation_forest,MSL,1105,experiments/runs/mtsad_reproduction/classical/msl__isolation_forest__seed1105.json,per_point_adjusted,null,0.4525210900837714,73729,0,0.42105263157894735,0.021632758176667526,0.041151255358236376,0.9641971481711097,0.8010558846252898,0.875087916725278,0.3761755485893417,0.006803515464155737,0.0133653058471486,0.875087916725278,last_point,percentile_combined,True,0.1053316876669967,e0ec74263d5f271709b82df2e763421cade64ae77aa62da9d91cc9946a0d6f25,historical_payload_protocol_record_not_new_strict_result
knn,MSL,1103,experiments/runs/mtsad_reproduction/classical/msl__knn__seed1103.json,tslib_reference,null,0.34569172979016355,73729,0,0.524451939291737,0.04004635591037857,0.07441081469075247,0.8671065032987747,0.2369302086015967,0.37216828478964403,0.15678935329590352,0.045027246072983834,0.06996245912928613,0.37216828478964403,last_point,percentile_combined,True,0.1053316876669967,afc5400269909e0a27ba00db0d6f16932220d3c19476badca73c02d7163b42c0,historical_payload_protocol_record_not_new_strict_result
knn,MSL,1103,experiments/runs/mtsad_reproduction/classical/msl__knn__seed1103.json,best_f1_adjusted,null,0.00045313422404704746,73729,0,0.2089482094181784,0.2862477465876899,0.24156479217603913,0.46020139824257583,0.9238990471285089,0.6143768463415679,0.16958902807853543,0.0846798567624432,0.11295738851534003,0.6143768463415679,last_point,best_f1,True,0.1053316876669967,afc5400269909e0a27ba00db0d6f16932220d3c19476badca73c02d7163b42c0,historical_payload_protocol_record_not_new_strict_result
knn,MSL,1103,experiments/runs/mtsad_reproduction/classical/msl__knn__seed1103.json,best_f1_pointwise,null,0.00045313422404704746,73729,0,0.2089482094181784,0.2862477465876899,0.24156479217603913,0.46020139824257583,0.9238990471285089,0.6143768463415679,0.16958902807853543,0.0846798567624432,0.11295738851534003,0.24156479217603913,last_point,best_f1,False,0.1053316876669967,afc5400269909e0a27ba00db0d6f16932220d3c19476badca73c02d7163b42c0,historical_payload_protocol_record_not_new_strict_result
knn,MSL,1103,experiments/runs/mtsad_reproduction/classical/msl__knn__seed1103.json,per_point_adjusted,null,0.34569172979016355,73729,0,0.524451939291737,0.04004635591037857,0.07441081469075247,0.8671065032987747,0.2369302086015967,0.37216828478964403,0.15678935329590352,0.045027246072983834,0.06996245912928613,0.37216828478964403,last_point,percentile_combined,True,0.1053316876669967,afc5400269909e0a27ba00db0d6f16932220d3c19476badca73c02d7163b42c0,historical_payload_protocol_record_not_new_strict_result
knn,MSL,1104,experiments/runs/mtsad_reproduction/classical/msl__knn__seed1104.json,tslib_reference,null,0.34569172979016355,73729,0,0.5478260869565217,0.04056142158125161,0.07553051192902528,0.8205659075224293,0.15310327066701004,0.25805751492132395,0.152993870815653,0.045211891266770256,0.0697975899300357,0.25805751492132395,last_point,percentile_combined,True,0.1053316876669967,fd3bd184abebe06b31607b93549ed0b8566dc945c669115308aaebc6dc71a663,historical_payload_protocol_record_not_new_strict_result
knn,MSL,1104,experiments/runs/mtsad_reproduction/classical/msl__knn__seed1104.json,best_f1_adjusted,null,0.0002554862205550241,73729,0,0.1800101342791994,0.3659541591552923,0.2413178228750955,0.36508092202059833,0.9585372134947205,0.528768290950419,0.1358259801127939,0.10031021970992673,0.11539724885603538,0.528768290950419,last_point,best_f1,True,0.1053316876669967,fd3bd184abebe06b31607b93549ed0b8566dc945c669115308aaebc6dc71a663,historical_payload_protocol_record_not_new_strict_result
knn,MSL,1104,experiments/runs/mtsad_reproduction/classical/msl__knn__seed1104.json,best_f1_pointwise,null,0.0002554862205550241,73729,0,0.1800101342791994,0.3659541591552923,0.2413178228750955,0.36508092202059833,0.9585372134947205,0.528768290950419,0.1358259801127939,0.10031021970992673,0.11539724885603538,0.2413178228750955,last_point,best_f1,False,0.1053316876669967,fd3bd184abebe06b31607b93549ed0b8566dc945c669115308aaebc6dc71a663,historical_payload_protocol_record_not_new_strict_result
knn,MSL,1104,experiments/runs/mtsad_reproduction/classical/msl__knn__seed1104.json,per_point_adjusted,null,0.34569172979016355,73729,0,0.5478260869565217,0.04056142158125161,0.07553051192902528,0.8205659075224293,0.15310327066701004,0.25805751492132395,0.152993870815653,0.045211891266770256,0.0697975899300357,0.25805751492132395,last_point,percentile_combined,True,0.1053316876669967,fd3bd184abebe06b31607b93549ed0b8566dc945c669115308aaebc6dc71a663,historical_payload_protocol_record_not_new_strict_result
knn,MSL,1105,experiments/runs/mtsad_reproduction/classical/msl__knn__seed1105.json,tslib_reference,null,0.34569172979016355,73729,0,0.5157545605306799,0.04004635591037857,0.07432190225833432,0.8972915933872669,0.3284831315992789,0.4809124328400415,0.13962105263157895,0.045340106299663785,0.06845148899980683,0.4809124328400415,last_point,percentile_combined,True,0.1053316876669967,fba63a656d1e706a65c84190c1b3721bf675ad6b67ae335709c04fca4878e4a2,historical_payload_protocol_record_not_new_strict_result
knn,MSL,1105,experiments/runs/mtsad_reproduction/classical/msl__knn__seed1105.json,best_f1_adjusted,null,0.0003158492580717131,73729,0,0.18493353028064993,0.32243110996652075,0.2350511592978504,0.3955526344616059,0.9299510687612671,0.5550261297264064,0.14660253241386795,0.09415405334590533,0.11466537967366744,0.5550261297264064,last_point,best_f1,True,0.1053316876669967,fba63a656d1e706a65c84190c1b3721bf675ad6b67ae335709c04fca4878e4a2,historical_payload_protocol_record_not_new_strict_result
knn,MSL,1105,experiments/runs/mtsad_reproduction/classical/msl__knn__seed1105.json,best_f1_pointwise,null,0.0003158492580717131,73729,0,0.18493353028064993,0.32243110996652075,0.2350511592978504,0.3955526344616059,0.9299510687612671,0.5550261297264064,0.14660253241386795,0.09415405334590533,0.11466537967366744,0.2350511592978504,last_point,best_f1,False,0.1053316876669967,fba63a656d1e706a65c84190c1b3721bf675ad6b67ae335709c04fca4878e4a2,historical_payload_protocol_record_not_new_strict_result
knn,MSL,1105,experiments/runs/mtsad_reproduction/classical/msl__knn__seed1105.json,per_point_adjusted,null,0.34569172979016355,73729,0,0.5157545605306799,0.04004635591037857,0.07432190225833432,0.8972915933872669,0.3284831315992789,0.4809124328400415,0.13962105263157895,0.045340106299663785,0.06845148899980683,0.4809124328400415,last_point,percentile_combined,True,0.1053316876669967,fba63a656d1e706a65c84190c1b3721bf675ad6b67ae335709c04fca4878e4a2,historical_payload_protocol_record_not_new_strict_result
mahalanobis,MSL,1103,experiments/runs/mtsad_reproduction/classical/msl__mahalanobis__seed1103.json,tslib_reference,null,1618.7961167390101,73729,0,0.47731755424063116,0.031161473087818695,0.05850356581651154,0.9422532142078884,0.5567859902137523,0.6999595305544315,0.17062818336162988,0.030949645865779404,0.052395463032852786,0.6999595305544315,last_point,percentile_combined,True,0.1053316876669967,f22cf01dd8d2f26503e6215f42c58b2c37402a8c3d93105d03df3e1d77a7a1b9,historical_payload_protocol_record_not_new_strict_result
mahalanobis,MSL,1103,experiments/runs/mtsad_reproduction/classical/msl__mahalanobis__seed1103.json,best_f1_adjusted,null,1.6353615015484264,73729,0,0.1660860559269372,0.45428792171001803,0.24324324324324323,0.30421461958442986,0.9972959052279166,0.4662151993980436,0.08963415353539493,0.17979325690635325,0.1196286329423566,0.4662151993980436,last_point,best_f1,True,0.1053316876669967,f22cf01dd8d2f26503e6215f42c58b2c37402a8c3d93105d03df3e1d77a7a1b9,historical_payload_protocol_record_not_new_strict_result
mahalanobis,MSL,1103,experiments/runs/mtsad_reproduction/classical/msl__mahalanobis__seed1103.json,best_f1_pointwise,null,1.6353615015484264,73729,0,0.1660860559269372,0.45428792171001803,0.24324324324324323,0.30421461958442986,0.9972959052279166,0.4662151993980436,0.08963415353539493,0.17979325690635325,0.1196286329423566,0.24324324324324323,last_point,best_f1,False,0.1053316876669967,f22cf01dd8d2f26503e6215f42c58b2c37402a8c3d93105d03df3e1d77a7a1b9,historical_payload_protocol_record_not_new_strict_result
mahalanobis,MSL,1103,experiments/runs/mtsad_reproduction/classical/msl__mahalanobis__seed1103.json,per_point_adjusted,null,1618.7961167390101,73729,0,0.47731755424063116,0.031161473087818695,0.05850356581651154,0.9422532142078884,0.5567859902137523,0.6999595305544315,0.17062818336162988,0.030949645865779404,0.052395463032852786,0.6999595305544315,last_point,percentile_combined,True,0.1053316876669967,f22cf01dd8d2f26503e6215f42c58b2c37402a8c3d93105d03df3e1d77a7a1b9,historical_payload_protocol_record_not_new_strict_result
mahalanobis,MSL,1104,experiments/runs/mtsad_reproduction/classical/msl__mahalanobis__seed1104.json,tslib_reference,null,1618.7961167390101,73729,0,0.47731755424063116,0.031161473087818695,0.05850356581651154,0.9422532142078884,0.5567859902137523,0.6999595305544315,0.17062818336162988,0.030949645865779404,0.052395463032852786,0.6999595305544315,last_point,percentile_combined,True,0.1053316876669967,14c86b5d4aeef974722894b1ed6b7522a51bc1bd85bc240ea3e578b320eb2397,historical_payload_protocol_record_not_new_strict_result
mahalanobis,MSL,1104,experiments/runs/mtsad_reproduction/classical/msl__mahalanobis__seed1104.json,best_f1_adjusted,null,1.6353615015484264,73729,0,0.1660860559269372,0.45428792171001803,0.24324324324324323,0.30421461958442986,0.9972959052279166,0.4662151993980436,0.08963415353539493,0.17979325690635325,0.1196286329423566,0.4662151993980436,last_point,best_f1,True,0.1053316876669967,14c86b5d4aeef974722894b1ed6b7522a51bc1bd85bc240ea3e578b320eb2397,historical_payload_protocol_record_not_new_strict_result
mahalanobis,MSL,1104,experiments/runs/mtsad_reproduction/classical/msl__mahalanobis__seed1104.json,best_f1_pointwise,null,1.6353615015484264,73729,0,0.1660860559269372,0.45428792171001803,0.24324324324324323,0.30421461958442986,0.9972959052279166,0.4662151993980436,0.08963415353539493,0.17979325690635325,0.1196286329423566,0.24324324324324323,last_point,best_f1,False,0.1053316876669967,14c86b5d4aeef974722894b1ed6b7522a51bc1bd85bc240ea3e578b320eb2397,historical_payload_protocol_record_not_new_strict_result
mahalanobis,MSL,1104,experiments/runs/mtsad_reproduction/classical/msl__mahalanobis__seed1104.json,per_point_adjusted,null,1618.7961167390101,73729,0,0.47731755424063116,0.031161473087818695,0.05850356581651154,0.9422532142078884,0.5567859902137523,0.6999595305544315,0.17062818336162988,0.030949645865779404,0.052395463032852786,0.6999595305544315,last_point,percentile_combined,True,0.1053316876669967,14c86b5d4aeef974722894b1ed6b7522a51bc1bd85bc240ea3e578b320eb2397,historical_payload_protocol_record_not_new_strict_result
mahalanobis,MSL,1105,experiments/runs/mtsad_reproduction/classical/msl__mahalanobis__seed1105.json,tslib_reference,null,1618.7961167390101,73729,0,0.47731755424063116,0.031161473087818695,0.05850356581651154,0.9422532142078884,0.5567859902137523,0.6999595305544315,0.17062818336162988,0.030949645865779404,0.052395463032852786,0.6999595305544315,last_point,percentile_combined,True,0.1053316876669967,66dd5052fc2905ce6f42cc6ffde835a83d924bd48e1c90c0a08fd00ef5c0cb83,historical_payload_protocol_record_not_new_strict_result
mahalanobis,MSL,1105,experiments/runs/mtsad_reproduction/classical/msl__mahalanobis__seed1105.json,best_f1_adjusted,null,1.6353615015484264,73729,0,0.1660860559269372,0.45428792171001803,0.24324324324324323,0.30421461958442986,0.9972959052279166,0.4662151993980436,0.08963415353539493,0.17979325690635325,0.1196286329423566,0.4662151993980436,last_point,best_f1,True,0.1053316876669967,66dd5052fc2905ce6f42cc6ffde835a83d924bd48e1c90c0a08fd00ef5c0cb83,historical_payload_protocol_record_not_new_strict_result
mahalanobis,MSL,1105,experiments/runs/mtsad_reproduction/classical/msl__mahalanobis__seed1105.json,best_f1_pointwise,null,1.6353615015484264,73729,0,0.1660860559269372,0.45428792171001803,0.24324324324324323,0.30421461958442986,0.9972959052279166,0.4662151993980436,0.08963415353539493,0.17979325690635325,0.1196286329423566,0.24324324324324323,last_point,best_f1,False,0.1053316876669967,66dd5052fc2905ce6f42cc6ffde835a83d924bd48e1c90c0a08fd00ef5c0cb83,historical_payload_protocol_record_not_new_strict_result
mahalanobis,MSL,1105,experiments/runs/mtsad_reproduction/classical/msl__mahalanobis__seed1105.json,per_point_adjusted,null,1618.7961167390101,73729,0,0.47731755424063116,0.031161473087818695,0.05850356581651154,0.9422532142078884,0.5567859902137523,0.6999595305544315,0.17062818336162988,0.030949645865779404,0.052395463032852786,0.6999595305544315,last_point,percentile_combined,True,0.1053316876669967,66dd5052fc2905ce6f42cc6ffde835a83d924bd48e1c90c0a08fd00ef5c0cb83,historical_payload_protocol_record_not_new_strict_result
ocsvm,MSL,1103,experiments/runs/mtsad_reproduction/classical/msl__ocsvm__seed1103.json,tslib_reference,null,69.89891866325377,73729,0,0.49469214437367304,0.030002575328354365,0.056573995386669906,0.947829899167032,0.5567859902137523,0.7014925373134329,0.1791418728468525,0.030949645865779404,0.052780593508168196,0.7014925373134329,last_point,percentile_combined,True,0.1053316876669967,5bc1da8add4763b6a06a9c4ca1ed450efef4031ec002a3fd8b0a0a7f0fcb7eb5,historical_payload_protocol_record_not_new_strict_result
ocsvm,MSL,1103,experiments/runs/mtsad_reproduction/classical/msl__ocsvm__seed1103.json,best_f1_adjusted,null,-22.827337936553306,73729,0,0.1135688554635657,0.6941797579191347,0.195202317371232,0.15580611507904663,1.0,0.26960597118555807,0.10450873108701962,0.4392843883311082,0.1688474986956272,0.26960597118555807,last_point,best_f1,True,0.1053316876669967,5bc1da8add4763b6a06a9c4ca1ed450efef4031ec002a3fd8b0a0a7f0fcb7eb5,historical_payload_protocol_record_not_new_strict_result
ocsvm,MSL,1103,experiments/runs/mtsad_reproduction/classical/msl__ocsvm__seed1103.json,best_f1_pointwise,null,-22.827337936553306,73729,0,0.1135688554635657,0.6941797579191347,0.195202317371232,0.15580611507904663,1.0,0.26960597118555807,0.10450873108701962,0.4392843883311082,0.1688474986956272,0.195202317371232,last_point,best_f1,False,0.1053316876669967,5bc1da8add4763b6a06a9c4ca1ed450efef4031ec002a3fd8b0a0a7f0fcb7eb5,historical_payload_protocol_record_not_new_strict_result
ocsvm,MSL,1103,experiments/runs/mtsad_reproduction/classical/msl__ocsvm__seed1103.json,per_point_adjusted,null,69.89891866325377,73729,0,0.49469214437367304,0.030002575328354365,0.056573995386669906,0.947829899167032,0.5567859902137523,0.7014925373134329,0.1791418728468525,0.030949645865779404,0.052780593508168196,0.7014925373134329,last_point,percentile_combined,True,0.1053316876669967,5bc1da8add4763b6a06a9c4ca1ed450efef4031ec002a3fd8b0a0a7f0fcb7eb5,historical_payload_protocol_record_not_new_strict_result
ocsvm,MSL,1104,experiments/runs/mtsad_reproduction/classical/msl__ocsvm__seed1104.json,tslib_reference,null,59.06960503767672,73729,0,0.47695390781563124,0.03064640741694566,0.057592256503327284,0.9448902027027027,0.5762297192892094,0.7158854583266677,0.1757851357112406,0.03131756345224004,0.05316359626246874,0.7158854583266677,last_point,percentile_combined,True,0.1053316876669967,56dfec9f877494bf7ee67d7a328d5b5e52a9dc8d0805da5cceebe50a59a179a2,historical_payload_protocol_record_not_new_strict_result
ocsvm,MSL,1104,experiments/runs/mtsad_reproduction/classical/msl__ocsvm__seed1104.json,best_f1_adjusted,null,-11.619505531725736,73729,0,0.11372853568038657,0.6788565542106618,0.19481911237574367,0.15897645854657114,1.0,0.27433940935424617,0.1126693374446363,0.41134997311865906,0.17688862984582762,0.27433940935424617,last_point,best_f1,True,0.1053316876669967,56dfec9f877494bf7ee67d7a328d5b5e52a9dc8d0805da5cceebe50a59a179a2,historical_payload_protocol_record_not_new_strict_result
ocsvm,MSL,1104,experiments/runs/mtsad_reproduction/classical/msl__ocsvm__seed1104.json,best_f1_pointwise,null,-11.619505531725736,73729,0,0.11372853568038657,0.6788565542106618,0.19481911237574367,0.15897645854657114,1.0,0.27433940935424617,0.1126693374446363,0.41134997311865906,0.17688862984582762,0.19481911237574367,last_point,best_f1,False,0.1053316876669967,56dfec9f877494bf7ee67d7a328d5b5e52a9dc8d0805da5cceebe50a59a179a2,historical_payload_protocol_record_not_new_strict_result
ocsvm,MSL,1104,experiments/runs/mtsad_reproduction/classical/msl__ocsvm__seed1104.json,per_point_adjusted,null,59.06960503767672,73729,0,0.47695390781563124,0.03064640741694566,0.057592256503327284,0.9448902027027027,0.5762297192892094,0.7158854583266677,0.1757851357112406,0.03131756345224004,0.05316359626246874,0.7158854583266677,last_point,percentile_combined,True,0.1053316876669967,56dfec9f877494bf7ee67d7a328d5b5e52a9dc8d0805da5cceebe50a59a179a2,historical_payload_protocol_record_not_new_strict_result
ocsvm,MSL,1105,experiments/runs/mtsad_reproduction/classical/msl__ocsvm__seed1105.json,tslib_reference,null,67.03744531028161,73729,0,0.47368421052631576,0.030131341746072623,0.056658595641646485,0.9432809773123909,0.5567859902137523,0.7002429149797572,0.16548531751772025,0.030949645865779404,0.052146643193659914,0.7002429149797572,last_point,percentile_combined,True,0.1053316876669967,10d11bfd373121867acf983f6f2551403769eab20325ae6eb466ea887db309cd,historical_payload_protocol_record_not_new_strict_result
ocsvm,MSL,1105,experiments/runs/mtsad_reproduction/classical/msl__ocsvm__seed1105.json,best_f1_adjusted,null,-18.473446464367782,73729,0,0.11429530952647488,0.6573525624517126,0.19473212412504057,0.16409584583527026,1.0,0.2819284106585348,0.10799327285298059,0.3985674695352666,0.16994054961667204,0.2819284106585348,last_point,best_f1,True,0.1053316876669967,10d11bfd373121867acf983f6f2551403769eab20325ae6eb466ea887db309cd,historical_payload_protocol_record_not_new_strict_result
ocsvm,MSL,1105,experiments/runs/mtsad_reproduction/classical/msl__ocsvm__seed1105.json,best_f1_pointwise,null,-18.473446464367782,73729,0,0.11429530952647488,0.6573525624517126,0.19473212412504057,0.16409584583527026,1.0,0.2819284106585348,0.10799327285298059,0.3985674695352666,0.16994054961667204,0.19473212412504057,last_point,best_f1,False,0.1053316876669967,10d11bfd373121867acf983f6f2551403769eab20325ae6eb466ea887db309cd,historical_payload_protocol_record_not_new_strict_result
ocsvm,MSL,1105,experiments/runs/mtsad_reproduction/classical/msl__ocsvm__seed1105.json,per_point_adjusted,null,67.03744531028161,73729,0,0.47368421052631576,0.030131341746072623,0.056658595641646485,0.9432809773123909,0.5567859902137523,0.7002429149797572,0.16548531751772025,0.030949645865779404,0.052146643193659914,0.7002429149797572,last_point,percentile_combined,True,0.1053316876669967,10d11bfd373121867acf983f6f2551403769eab20325ae6eb466ea887db309cd,historical_payload_protocol_record_not_new_strict_result
pca,MSL,1103,experiments/runs/mtsad_reproduction/classical/msl__pca__seed1103.json,tslib_reference,null,1238.2881084062078,73729,0,0.47657841140529533,0.030131341746072623,0.056679181300714546,0.9438987120716,0.5567859902137523,0.7004130558030291,0.16774193548387098,0.030949645865779404,0.052257407835818795,0.7004130558030291,last_point,percentile_combined,True,0.1053316876669967,17edbe90864f57511056c1d04347ca7e9d716fd56a7c309175db30199fab0ade,historical_payload_protocol_record_not_new_strict_result
pca,MSL,1103,experiments/runs/mtsad_reproduction/classical/msl__pca__seed1103.json,best_f1_adjusted,null,0.8945385268596104,73729,0,0.14603542808941375,0.35668297707957763,0.2072267524500636,0.3171451456515324,0.968709760494463,0.4778480007622193,0.09456973295090905,0.10895512490826856,0.1012540401658191,0.4778480007622193,last_point,best_f1,True,0.1053316876669967,17edbe90864f57511056c1d04347ca7e9d716fd56a7c309175db30199fab0ade,historical_payload_protocol_record_not_new_strict_result
pca,MSL,1103,experiments/runs/mtsad_reproduction/classical/msl__pca__seed1103.json,best_f1_pointwise,null,0.8945385268596104,73729,0,0.14603542808941375,0.35668297707957763,0.2072267524500636,0.3171451456515324,0.968709760494463,0.4778480007622193,0.09456973295090905,0.10895512490826856,0.1012540401658191,0.2072267524500636,last_point,best_f1,False,0.1053316876669967,17edbe90864f57511056c1d04347ca7e9d716fd56a7c309175db30199fab0ade,historical_payload_protocol_record_not_new_strict_result
pca,MSL,1103,experiments/runs/mtsad_reproduction/classical/msl__pca__seed1103.json,per_point_adjusted,null,1238.2881084062078,73729,0,0.47657841140529533,0.030131341746072623,0.056679181300714546,0.9438987120716,0.5567859902137523,0.7004130558030291,0.16774193548387098,0.030949645865779404,0.052257407835818795,0.7004130558030291,last_point,percentile_combined,True,0.1053316876669967,17edbe90864f57511056c1d04347ca7e9d716fd56a7c309175db30199fab0ade,historical_payload_protocol_record_not_new_strict_result
pca,MSL,1104,experiments/runs/mtsad_reproduction/classical/msl__pca__seed1104.json,tslib_reference,null,1238.2881084062078,73729,0,0.47657841140529533,0.030131341746072623,0.056679181300714546,0.9438987120716,0.5567859902137523,0.7004130558030291,0.16774193548387098,0.030949645865779404,0.052257407835818795,0.7004130558030291,last_point,percentile_combined,True,0.1053316876669967,cc511de3172769dacd097a312ac574ecf106aff65b9cb40c8510a90e740e6a00,historical_payload_protocol_record_not_new_strict_result
pca,MSL,1104,experiments/runs/mtsad_reproduction/classical/msl__pca__seed1104.json,best_f1_adjusted,null,0.8945385268596104,73729,0,0.14603542808941375,0.35668297707957763,0.2072267524500636,0.3171451456515324,0.968709760494463,0.4778480007622193,0.09456973295090905,0.10895512490826856,0.1012540401658191,0.4778480007622193,last_point,best_f1,True,0.1053316876669967,cc511de3172769dacd097a312ac574ecf106aff65b9cb40c8510a90e740e6a00,historical_payload_protocol_record_not_new_strict_result
pca,MSL,1104,experiments/runs/mtsad_reproduction/classical/msl__pca__seed1104.json,best_f1_pointwise,null,0.8945385268596104,73729,0,0.14603542808941375,0.35668297707957763,0.2072267524500636,0.3171451456515324,0.968709760494463,0.4778480007622193,0.09456973295090905,0.10895512490826856,0.1012540401658191,0.2072267524500636,last_point,best_f1,False,0.1053316876669967,cc511de3172769dacd097a312ac574ecf106aff65b9cb40c8510a90e740e6a00,historical_payload_protocol_record_not_new_strict_result
pca,MSL,1104,experiments/runs/mtsad_reproduction/classical/msl__pca__seed1104.json,per_point_adjusted,null,1238.2881084062078,73729,0,0.47657841140529533,0.030131341746072623,0.056679181300714546,0.9438987120716,0.5567859902137523,0.7004130558030291,0.16774193548387098,0.030949645865779404,0.052257407835818795,0.7004130558030291,last_point,percentile_combined,True,0.1053316876669967,cc511de3172769dacd097a312ac574ecf106aff65b9cb40c8510a90e740e6a00,historical_payload_protocol_record_not_new_strict_result
pca,MSL,1105,experiments/runs/mtsad_reproduction/classical/msl__pca__seed1105.json,tslib_reference,null,1238.2881084062078,73729,0,0.47657841140529533,0.030131341746072623,0.056679181300714546,0.9438987120716,0.5567859902137523,0.7004130558030291,0.16774193548387098,0.030949645865779404,0.052257407835818795,0.7004130558030291,last_point,percentile_combined,True,0.1053316876669967,cb56651cd453ddf5f38d90c4b7e43d7522e26599169bc9ce28be1d4d0088f0b4,historical_payload_protocol_record_not_new_strict_result
pca,MSL,1105,experiments/runs/mtsad_reproduction/classical/msl__pca__seed1105.json,best_f1_adjusted,null,0.8945385268596104,73729,0,0.14603542808941375,0.35668297707957763,0.2072267524500636,0.3171451456515324,0.968709760494463,0.4778480007622193,0.09456973295090905,0.10895512490826856,0.1012540401658191,0.4778480007622193,last_point,best_f1,True,0.1053316876669967,cb56651cd453ddf5f38d90c4b7e43d7522e26599169bc9ce28be1d4d0088f0b4,historical_payload_protocol_record_not_new_strict_result
pca,MSL,1105,experiments/runs/mtsad_reproduction/classical/msl__pca__seed1105.json,best_f1_pointwise,null,0.8945385268596104,73729,0,0.14603542808941375,0.35668297707957763,0.2072267524500636,0.3171451456515324,0.968709760494463,0.4778480007622193,0.09456973295090905,0.10895512490826856,0.1012540401658191,0.2072267524500636,last_point,best_f1,False,0.1053316876669967,cb56651cd453ddf5f38d90c4b7e43d7522e26599169bc9ce28be1d4d0088f0b4,historical_payload_protocol_record_not_new_strict_result
pca,MSL,1105,experiments/runs/mtsad_reproduction/classical/msl__pca__seed1105.json,per_point_adjusted,null,1238.2881084062078,73729,0,0.47657841140529533,0.030131341746072623,0.056679181300714546,0.9438987120716,0.5567859902137523,0.7004130558030291,0.16774193548387098,0.030949645865779404,0.052257407835818795,0.7004130558030291,last_point,percentile_combined,True,0.1053316876669967,cb56651cd453ddf5f38d90c4b7e43d7522e26599169bc9ce28be1d4d0088f0b4,historical_payload_protocol_record_not_new_strict_result
isolation_forest,PSM,1103,experiments/runs/mtsad_reproduction/classical/psm__isolation_forest__seed1103.json,tslib_reference,null,0.5922640236480514,87841,0,1.0,0.014109347442680775,0.027826086956521737,1.0,0.5862761986792995,0.7391855203619909,1.0,0.025926996738122463,0.05054355099447797,0.7391855203619909,last_point,percentile_combined,True,0.27755831559294636,2ddefc35374d78b9b2eff7b5f650f974f8299fe2f6370df875d8fe1e2a3e37e4,historical_payload_protocol_record_not_new_strict_result
isolation_forest,PSM,1103,experiments/runs/mtsad_reproduction/classical/psm__isolation_forest__seed1103.json,best_f1_adjusted,null,0.4175179882276115,87841,0,0.4803948832035595,0.5668348304007219,0.5200474138742027,0.619682475066151,0.9989746113777122,0.7648896914501061,0.29952171488187185,0.5203133620650716,0.3801865884100693,0.7648896914501061,last_point,best_f1,True,0.27755831559294636,2ddefc35374d78b9b2eff7b5f650f974f8299fe2f6370df875d8fe1e2a3e37e4,historical_payload_protocol_record_not_new_strict_result
isolation_forest,PSM,1103,experiments/runs/mtsad_reproduction/classical/psm__isolation_forest__seed1103.json,best_f1_pointwise,null,0.4175179882276115,87841,0,0.4803948832035595,0.5668348304007219,0.5200474138742027,0.619682475066151,0.9989746113777122,0.7648896914501061,0.29952171488187185,0.5203133620650716,0.3801865884100693,0.5200474138742027,last_point,best_f1,False,0.27755831559294636,2ddefc35374d78b9b2eff7b5f650f974f8299fe2f6370df875d8fe1e2a3e37e4,historical_payload_protocol_record_not_new_strict_result
isolation_forest,PSM,1103,experiments/runs/mtsad_reproduction/classical/psm__isolation_forest__seed1103.json,per_point_adjusted,null,0.5922640236480514,87841,0,1.0,0.014109347442680775,0.027826086956521737,1.0,0.5862761986792995,0.7391855203619909,1.0,0.025926996738122463,0.05054355099447797,0.7391855203619909,last_point,percentile_combined,True,0.27755831559294636,2ddefc35374d78b9b2eff7b5f650f974f8299fe2f6370df875d8fe1e2a3e37e4,historical_payload_protocol_record_not_new_strict_result
isolation_forest,PSM,1104,experiments/runs/mtsad_reproduction/classical/psm__isolation_forest__seed1104.json,tslib_reference,null,0.5825571046768849,87841,0,0.9971671388101983,0.014437471801812887,0.02846284466725964,0.9999316986544635,0.6004675772117632,0.7503459586899699,0.9523809523809523,0.027411086461648807,0.05328844406815086,0.7503459586899699,last_point,percentile_combined,True,0.27755831559294636,19a50526445c5bbcd25454475dd8bc69a1d3a5815782e14d851d0a072a76907d,historical_payload_protocol_record_not_new_strict_result
isolation_forest,PSM,1104,experiments/runs/mtsad_reproduction/classical/psm__isolation_forest__seed1104.json,best_f1_adjusted,null,0.4201826783276368,87841,0,0.4469168639916961,0.5651121775152783,0.49911247962325667,0.5881699393763737,0.998810549198146,0.7403623981515263,0.30527933696368015,0.535905946346658,0.38897735189036603,0.7403623981515263,last_point,best_f1,True,0.27755831559294636,19a50526445c5bbcd25454475dd8bc69a1d3a5815782e14d851d0a072a76907d,historical_payload_protocol_record_not_new_strict_result
isolation_forest,PSM,1104,experiments/runs/mtsad_reproduction/classical/psm__isolation_forest__seed1104.json,best_f1_pointwise,null,0.4201826783276368,87841,0,0.4469168639916961,0.5651121775152783,0.49911247962325667,0.5881699393763737,0.998810549198146,0.7403623981515263,0.30527933696368015,0.535905946346658,0.38897735189036603,0.49911247962325667,last_point,best_f1,False,0.27755831559294636,19a50526445c5bbcd25454475dd8bc69a1d3a5815782e14d851d0a072a76907d,historical_payload_protocol_record_not_new_strict_result
isolation_forest,PSM,1104,experiments/runs/mtsad_reproduction/classical/psm__isolation_forest__seed1104.json,per_point_adjusted,null,0.5825571046768849,87841,0,0.9971671388101983,0.014437471801812887,0.02846284466725964,0.9999316986544635,0.6004675772117632,0.7503459586899699,0.9523809523809523,0.027411086461648807,0.05328844406815086,0.7503459586899699,last_point,percentile_combined,True,0.27755831559294636,19a50526445c5bbcd25454475dd8bc69a1d3a5815782e14d851d0a072a76907d,historical_payload_protocol_record_not_new_strict_result
isolation_forest,PSM,1105,experiments/runs/mtsad_reproduction/classical/psm__isolation_forest__seed1105.json,tslib_reference,null,0.5893758294765181,87841,0,1.0,0.014068331897789263,0.027746319365798418,1.0,0.5862761986792995,0.7391855203619909,1.0,0.025926996738122463,0.05054355099447797,0.7391855203619909,last_point,percentile_combined,True,0.27755831559294636,c71a7559855c5e195c03b213dc72bdc4824c0ebcfef6536c7fa51cf160402b8f,historical_payload_protocol_record_not_new_strict_result
isolation_forest,PSM,1105,experiments/runs/mtsad_reproduction/classical/psm__isolation_forest__seed1105.json,best_f1_adjusted,null,0.4217048817941168,87841,0,0.4751078941108506,0.5734383331282557,0.5196625037169195,0.6119680450183389,0.9991386735572783,0.7590322027824948,0.31394555553918735,0.5309734126110089,0.39458634326473935,0.7590322027824948,last_point,best_f1,True,0.27755831559294636,c71a7559855c5e195c03b213dc72bdc4824c0ebcfef6536c7fa51cf160402b8f,historical_payload_protocol_record_not_new_strict_result
isolation_forest,PSM,1105,experiments/runs/mtsad_reproduction/classical/psm__isolation_forest__seed1105.json,best_f1_pointwise,null,0.4217048817941168,87841,0,0.4751078941108506,0.5734383331282557,0.5196625037169195,0.6119680450183389,0.9991386735572783,0.7590322027824948,0.31394555553918735,0.5309734126110089,0.39458634326473935,0.5196625037169195,last_point,best_f1,False,0.27755831559294636,c71a7559855c5e195c03b213dc72bdc4824c0ebcfef6536c7fa51cf160402b8f,historical_payload_protocol_record_not_new_strict_result
isolation_forest,PSM,1105,experiments/runs/mtsad_reproduction/classical/psm__isolation_forest__seed1105.json,per_point_adjusted,null,0.5893758294765181,87841,0,1.0,0.014068331897789263,0.027746319365798418,1.0,0.5862761986792995,0.7391855203619909,1.0,0.025926996738122463,0.05054355099447797,0.7391855203619909,last_point,percentile_combined,True,0.27755831559294636,c71a7559855c5e195c03b213dc72bdc4824c0ebcfef6536c7fa51cf160402b8f,historical_payload_protocol_record_not_new_strict_result
knn,PSM,1103,experiments/runs/mtsad_reproduction/classical/psm__knn__seed1103.json,tslib_reference,null,8.034854065235498,87841,0,0.9907663896583564,0.0440096796685944,0.08427584040213636,0.9995145866705499,0.8445510848611624,0.9155217642612601,0.9740634005763689,0.10226233826513569,0.185092667334414,0.9155217642612601,last_point,percentile_combined,True,0.27755831559294636,822be3f8a645d11db2205a2708c5de75abd3a246fda4ecc2793e1ad609262737,historical_payload_protocol_record_not_new_strict_result
knn,PSM,1103,experiments/runs/mtsad_reproduction/classical/psm__knn__seed1103.json,best_f1_adjusted,null,2.1187617945000414,87841,0,0.38797544280573,0.9020138632541733,0.5425769444273114,0.41257746621964847,0.9993847668266272,0.5840434329270484,0.2678544781185852,0.7365822305352315,0.3928507336532183,0.5840434329270484,last_point,best_f1,True,0.27755831559294636,822be3f8a645d11db2205a2708c5de75abd3a246fda4ecc2793e1ad609262737,historical_payload_protocol_record_not_new_strict_result
knn,PSM,1103,experiments/runs/mtsad_reproduction/classical/psm__knn__seed1103.json,best_f1_pointwise,null,2.1187617945000414,87841,0,0.38797544280573,0.9020138632541733,0.5425769444273114,0.41257746621964847,0.9993847668266272,0.5840434329270484,0.2678544781185852,0.7365822305352315,0.3928507336532183,0.5425769444273114,last_point,best_f1,False,0.27755831559294636,822be3f8a645d11db2205a2708c5de75abd3a246fda4ecc2793e1ad609262737,historical_payload_protocol_record_not_new_strict_result
knn,PSM,1103,experiments/runs/mtsad_reproduction/classical/psm__knn__seed1103.json,per_point_adjusted,null,8.034854065235498,87841,0,0.9907663896583564,0.0440096796685944,0.08427584040213636,0.9995145866705499,0.8445510848611624,0.9155217642612601,0.9740634005763689,0.10226233826513569,0.185092667334414,0.9155217642612601,last_point,percentile_combined,True,0.27755831559294636,822be3f8a645d11db2205a2708c5de75abd3a246fda4ecc2793e1ad609262737,historical_payload_protocol_record_not_new_strict_result
knn,PSM,1104,experiments/runs/mtsad_reproduction/classical/psm__knn__seed1104.json,tslib_reference,null,7.993100867997689,87841,0,0.984375,0.04392764857881137,0.0841022419411834,0.9991751977099607,0.8446741314958369,0.9154516358463727,0.96,0.1438849133161992,0.2502607203292489,0.9154516358463727,last_point,percentile_combined,True,0.27755831559294636,d7cedfc5c40756186a0de84d6a6963b927d1797d888f906dd4aa1cf398b5b2a7,historical_payload_protocol_record_not_new_strict_result
knn,PSM,1104,experiments/runs/mtsad_reproduction/classical/psm__knn__seed1104.json,best_f1_adjusted,null,2.1998769506760403,87841,0,0.39984318410932307,0.8784709404864444,0.5495529013303911,0.4311397377594536,0.9993437512817358,0.6023932553712265,0.29145525553329915,0.6974670648204754,0.4111150844094423,0.6023932553712265,last_point,best_f1,True,0.27755831559294636,d7cedfc5c40756186a0de84d6a6963b927d1797d888f906dd4aa1cf398b5b2a7,historical_payload_protocol_record_not_new_strict_result
knn,PSM,1104,experiments/runs/mtsad_reproduction/classical/psm__knn__seed1104.json,best_f1_pointwise,null,2.1998769506760403,87841,0,0.39984318410932307,0.8784709404864444,0.5495529013303911,0.4311397377594536,0.9993437512817358,0.6023932553712265,0.29145525553329915,0.6974670648204754,0.4111150844094423,0.5495529013303911,last_point,best_f1,False,0.27755831559294636,d7cedfc5c40756186a0de84d6a6963b927d1797d888f906dd4aa1cf398b5b2a7,historical_payload_protocol_record_not_new_strict_result
knn,PSM,1104,experiments/runs/mtsad_reproduction/classical/psm__knn__seed1104.json,per_point_adjusted,null,7.993100867997689,87841,0,0.984375,0.04392764857881137,0.0841022419411834,0.9991751977099607,0.8446741314958369,0.9154516358463727,0.96,0.1438849133161992,0.2502607203292489,0.9154516358463727,last_point,percentile_combined,True,0.27755831559294636,d7cedfc5c40756186a0de84d6a6963b927d1797d888f906dd4aa1cf398b5b2a7,historical_payload_protocol_record_not_new_strict_result
knn,PSM,1105,experiments/runs/mtsad_reproduction/classical/psm__knn__seed1105.json,tslib_reference,null,8.023341241167586,87841,0,0.9871677360219981,0.044173741848160454,0.08456344221105529,0.9992767847918174,0.7934047003814446,0.8845195363405657,0.9711286089238845,0.070566690212218,0.13157270030686827,0.8845195363405657,last_point,percentile_combined,True,0.27755831559294636,fd4344f53edcbec50cf31aa53dac649d42b0b11b467e907261680517174917dc,historical_payload_protocol_record_not_new_strict_result
knn,PSM,1105,experiments/runs/mtsad_reproduction/classical/psm__knn__seed1105.json,best_f1_adjusted,null,2.082873411187957,87841,0,0.38582336340183876,0.9139904023624954,0.5425990406389248,0.40718272669541095,0.9993437512817358,0.578610527315689,0.23770132081250783,0.7162725787994544,0.3569467426973963,0.578610527315689,last_point,best_f1,True,0.27755831559294636,fd4344f53edcbec50cf31aa53dac649d42b0b11b467e907261680517174917dc,historical_payload_protocol_record_not_new_strict_result
knn,PSM,1105,experiments/runs/mtsad_reproduction/classical/psm__knn__seed1105.json,best_f1_pointwise,null,2.082873411187957,87841,0,0.38582336340183876,0.9139904023624954,0.5425990406389248,0.40718272669541095,0.9993437512817358,0.578610527315689,0.23770132081250783,0.7162725787994544,0.3569467426973963,0.5425990406389248,last_point,best_f1,False,0.27755831559294636,fd4344f53edcbec50cf31aa53dac649d42b0b11b467e907261680517174917dc,historical_payload_protocol_record_not_new_strict_result
knn,PSM,1105,experiments/runs/mtsad_reproduction/classical/psm__knn__seed1105.json,per_point_adjusted,null,8.023341241167586,87841,0,0.9871677360219981,0.044173741848160454,0.08456344221105529,0.9992767847918174,0.7934047003814446,0.8845195363405657,0.9711286089238845,0.070566690212218,0.13157270030686827,0.8845195363405657,last_point,percentile_combined,True,0.27755831559294636,fd4344f53edcbec50cf31aa53dac649d42b0b11b467e907261680517174917dc,historical_payload_protocol_record_not_new_strict_result
mahalanobis,PSM,1103,experiments/runs/mtsad_reproduction/classical/psm__mahalanobis__seed1103.json,tslib_reference,null,550.8725674404842,87841,0,0.6786155747836835,0.022517534145441123,0.043588725684795555,0.9868885526979324,0.8026742135269267,0.8853000384519689,0.7683923705722071,0.11547008668482202,0.20076954940089015,0.8853000384519689,last_point,percentile_combined,True,0.27755831559294636,85208ed37312ce18d610fd816f80a35bbb55df923825bf67ea3edf0a459cc3cf,historical_payload_protocol_record_not_new_strict_result
mahalanobis,PSM,1103,experiments/runs/mtsad_reproduction/classical/psm__mahalanobis__seed1103.json,best_f1_adjusted,null,50.95696445982933,87841,0,0.4760595493562232,0.8735080595545712,0.6162593862580842,0.5096443514644351,0.9991796891021697,0.6749975755392692,0.3059874794284135,0.6287522624065117,0.41164467786725817,0.6749975755392692,last_point,best_f1,True,0.27755831559294636,85208ed37312ce18d610fd816f80a35bbb55df923825bf67ea3edf0a459cc3cf,historical_payload_protocol_record_not_new_strict_result
mahalanobis,PSM,1103,experiments/runs/mtsad_reproduction/classical/psm__mahalanobis__seed1103.json,best_f1_pointwise,null,50.95696445982933,87841,0,0.4760595493562232,0.8735080595545712,0.6162593862580842,0.5096443514644351,0.9991796891021697,0.6749975755392692,0.3059874794284135,0.6287522624065117,0.41164467786725817,0.6162593862580842,last_point,best_f1,False,0.27755831559294636,85208ed37312ce18d610fd816f80a35bbb55df923825bf67ea3edf0a459cc3cf,historical_payload_protocol_record_not_new_strict_result
mahalanobis,PSM,1103,experiments/runs/mtsad_reproduction/classical/psm__mahalanobis__seed1103.json,per_point_adjusted,null,550.8725674404842,87841,0,0.6786155747836835,0.022517534145441123,0.043588725684795555,0.9868885526979324,0.8026742135269267,0.8853000384519689,0.7683923705722071,0.11547008668482202,0.20076954940089015,0.8853000384519689,last_point,percentile_combined,True,0.27755831559294636,85208ed37312ce18d610fd816f80a35bbb55df923825bf67ea3edf0a459cc3cf,historical_payload_protocol_record_not_new_strict_result
mahalanobis,PSM,1104,experiments/runs/mtsad_reproduction/classical/psm__mahalanobis__seed1104.json,tslib_reference,null,550.8725674404842,87841,0,0.6786155747836835,0.022517534145441123,0.043588725684795555,0.9868885526979324,0.8026742135269267,0.8853000384519689,0.7683923705722071,0.11547008668482202,0.20076954940089015,0.8853000384519689,last_point,percentile_combined,True,0.27755831559294636,36807ef683076171e840086ddeea255e8923c168796d762a57c34d1848653aee,historical_payload_protocol_record_not_new_strict_result
mahalanobis,PSM,1104,experiments/runs/mtsad_reproduction/classical/psm__mahalanobis__seed1104.json,best_f1_adjusted,null,50.95696445982933,87841,0,0.4760595493562232,0.8735080595545712,0.6162593862580842,0.5096443514644351,0.9991796891021697,0.6749975755392692,0.3059874794284135,0.6287522624065117,0.41164467786725817,0.6749975755392692,last_point,best_f1,True,0.27755831559294636,36807ef683076171e840086ddeea255e8923c168796d762a57c34d1848653aee,historical_payload_protocol_record_not_new_strict_result
mahalanobis,PSM,1104,experiments/runs/mtsad_reproduction/classical/psm__mahalanobis__seed1104.json,best_f1_pointwise,null,50.95696445982933,87841,0,0.4760595493562232,0.8735080595545712,0.6162593862580842,0.5096443514644351,0.9991796891021697,0.6749975755392692,0.3059874794284135,0.6287522624065117,0.41164467786725817,0.6162593862580842,last_point,best_f1,False,0.27755831559294636,36807ef683076171e840086ddeea255e8923c168796d762a57c34d1848653aee,historical_payload_protocol_record_not_new_strict_result
mahalanobis,PSM,1104,experiments/runs/mtsad_reproduction/classical/psm__mahalanobis__seed1104.json,per_point_adjusted,null,550.8725674404842,87841,0,0.6786155747836835,0.022517534145441123,0.043588725684795555,0.9868885526979324,0.8026742135269267,0.8853000384519689,0.7683923705722071,0.11547008668482202,0.20076954940089015,0.8853000384519689,last_point,percentile_combined,True,0.27755831559294636,36807ef683076171e840086ddeea255e8923c168796d762a57c34d1848653aee,historical_payload_protocol_record_not_new_strict_result
mahalanobis,PSM,1105,experiments/runs/mtsad_reproduction/classical/psm__mahalanobis__seed1105.json,tslib_reference,null,550.8725674404842,87841,0,0.6786155747836835,0.022517534145441123,0.043588725684795555,0.9868885526979324,0.8026742135269267,0.8853000384519689,0.7683923705722071,0.11547008668482202,0.20076954940089015,0.8853000384519689,last_point,percentile_combined,True,0.27755831559294636,b3ea5807251c8691105aa3b2eae4edcce138e24e8f0c50052c5663fa9e9e487f,historical_payload_protocol_record_not_new_strict_result
mahalanobis,PSM,1105,experiments/runs/mtsad_reproduction/classical/psm__mahalanobis__seed1105.json,best_f1_adjusted,null,50.95696445982933,87841,0,0.4760595493562232,0.8735080595545712,0.6162593862580842,0.5096443514644351,0.9991796891021697,0.6749975755392692,0.3059874794284135,0.6287522624065117,0.41164467786725817,0.6749975755392692,last_point,best_f1,True,0.27755831559294636,b3ea5807251c8691105aa3b2eae4edcce138e24e8f0c50052c5663fa9e9e487f,historical_payload_protocol_record_not_new_strict_result
mahalanobis,PSM,1105,experiments/runs/mtsad_reproduction/classical/psm__mahalanobis__seed1105.json,best_f1_pointwise,null,50.95696445982933,87841,0,0.4760595493562232,0.8735080595545712,0.6162593862580842,0.5096443514644351,0.9991796891021697,0.6749975755392692,0.3059874794284135,0.6287522624065117,0.41164467786725817,0.6162593862580842,last_point,best_f1,False,0.27755831559294636,b3ea5807251c8691105aa3b2eae4edcce138e24e8f0c50052c5663fa9e9e487f,historical_payload_protocol_record_not_new_strict_result
mahalanobis,PSM,1105,experiments/runs/mtsad_reproduction/classical/psm__mahalanobis__seed1105.json,per_point_adjusted,null,550.8725674404842,87841,0,0.6786155747836835,0.022517534145441123,0.043588725684795555,0.9868885526979324,0.8026742135269267,0.8853000384519689,0.7683923705722071,0.11547008668482202,0.20076954940089015,0.8853000384519689,last_point,percentile_combined,True,0.27755831559294636,b3ea5807251c8691105aa3b2eae4edcce138e24e8f0c50052c5663fa9e9e487f,historical_payload_protocol_record_not_new_strict_result
ocsvm,PSM,1103,experiments/runs/mtsad_reproduction/classical/psm__ocsvm__seed1103.json,tslib_reference,null,68.75472544636831,87841,0,0.9391304347826087,0.03986710963455149,0.07648725212464588,0.9969506292352371,0.8447971781305115,0.9145889300859217,0.8841463414634146,0.18609438760881836,0.3074722676903591,0.9145889300859217,last_point,percentile_combined,True,0.27755831559294636,5ef2e9b6e231845e84f282bfbd201b7455b8a7961ef061662bd0b029f058cef3,historical_payload_protocol_record_not_new_strict_result
ocsvm,PSM,1103,experiments/runs/mtsad_reproduction/classical/psm__ocsvm__seed1103.json,best_f1_adjusted,null,-17.012179309511396,87841,0,0.3591206122481586,0.9219064025265575,0.5168908819133035,0.3779735136308656,0.9997128911857595,0.5485500804573127,0.22656591782048235,0.8262184477443222,0.35561497122533753,0.5485500804573127,last_point,best_f1,True,0.27755831559294636,5ef2e9b6e231845e84f282bfbd201b7455b8a7961ef061662bd0b029f058cef3,historical_payload_protocol_record_not_new_strict_result
ocsvm,PSM,1103,experiments/runs/mtsad_reproduction/classical/psm__ocsvm__seed1103.json,best_f1_pointwise,null,-17.012179309511396,87841,0,0.3591206122481586,0.9219064025265575,0.5168908819133035,0.3779735136308656,0.9997128911857595,0.5485500804573127,0.22656591782048235,0.8262184477443222,0.35561497122533753,0.5168908819133035,last_point,best_f1,False,0.27755831559294636,5ef2e9b6e231845e84f282bfbd201b7455b8a7961ef061662bd0b029f058cef3,historical_payload_protocol_record_not_new_strict_result
ocsvm,PSM,1103,experiments/runs/mtsad_reproduction/classical/psm__ocsvm__seed1103.json,per_point_adjusted,null,68.75472544636831,87841,0,0.9391304347826087,0.03986710963455149,0.07648725212464588,0.9969506292352371,0.8447971781305115,0.9145889300859217,0.8841463414634146,0.18609438760881836,0.3074722676903591,0.9145889300859217,last_point,percentile_combined,True,0.27755831559294636,5ef2e9b6e231845e84f282bfbd201b7455b8a7961ef061662bd0b029f058cef3,historical_payload_protocol_record_not_new_strict_result
ocsvm,PSM,1104,experiments/runs/mtsad_reproduction/classical/psm__ocsvm__seed1104.json,tslib_reference,null,71.95057712355492,87841,0,0.9403131115459883,0.039415938640744844,0.07566035507617211,0.9970471488043373,0.8447971781305115,0.9146295432847088,0.8730366492146597,0.18656659987745114,0.3074348429035877,0.9146295432847088,last_point,percentile_combined,True,0.27755831559294636,366f70f8b9a91e1ac7855ff570686e0e286ac1308ce88c92720e8386f9695cdf,historical_payload_protocol_record_not_new_strict_result
ocsvm,PSM,1104,experiments/runs/mtsad_reproduction/classical/psm__ocsvm__seed1104.json,best_f1_adjusted,null,-18.46500812181438,87841,0,0.3544793584422879,0.9318731799351955,0.5135914100028256,0.37071850094299447,0.9997128911857595,0.5408691985931277,0.21191531082417886,0.8243495386515911,0.33715760753536017,0.5408691985931277,last_point,best_f1,True,0.27755831559294636,366f70f8b9a91e1ac7855ff570686e0e286ac1308ce88c92720e8386f9695cdf,historical_payload_protocol_record_not_new_strict_result
ocsvm,PSM,1104,experiments/runs/mtsad_reproduction/classical/psm__ocsvm__seed1104.json,best_f1_pointwise,null,-18.46500812181438,87841,0,0.3544793584422879,0.9318731799351955,0.5135914100028256,0.37071850094299447,0.9997128911857595,0.5408691985931277,0.21191531082417886,0.8243495386515911,0.33715760753536017,0.5135914100028256,last_point,best_f1,False,0.27755831559294636,366f70f8b9a91e1ac7855ff570686e0e286ac1308ce88c92720e8386f9695cdf,historical_payload_protocol_record_not_new_strict_result
ocsvm,PSM,1104,experiments/runs/mtsad_reproduction/classical/psm__ocsvm__seed1104.json,per_point_adjusted,null,71.95057712355492,87841,0,0.9403131115459883,0.039415938640744844,0.07566035507617211,0.9970471488043373,0.8447971781305115,0.9146295432847088,0.8730366492146597,0.18656659987745114,0.3074348429035877,0.9146295432847088,last_point,percentile_combined,True,0.27755831559294636,366f70f8b9a91e1ac7855ff570686e0e286ac1308ce88c92720e8386f9695cdf,historical_payload_protocol_record_not_new_strict_result
ocsvm,PSM,1105,experiments/runs/mtsad_reproduction/classical/psm__ocsvm__seed1105.json,tslib_reference,null,69.26143506650877,87841,0,0.9479267116682739,0.04031828062835815,0.07734676213706822,0.9973851145222992,0.8447971781305115,0.9147717178895007,0.8923267326732673,0.1859647790246971,0.3077856810689524,0.9147717178895007,last_point,percentile_combined,True,0.27755831559294636,118b2c4b7c85727feda96ba962b4e2a6f583dde87660fdde250fea5f89966fa2,historical_payload_protocol_record_not_new_strict_result
ocsvm,PSM,1105,experiments/runs/mtsad_reproduction/classical/psm__ocsvm__seed1105.json,best_f1_adjusted,null,-19.07045633562329,87841,0,0.3520080476669504,0.9328985685574833,0.511146568385096,0.36798092017872236,0.9998769533653254,0.5379734963422304,0.21222228212382985,0.8327079104247862,0.33824110807228275,0.5379734963422304,last_point,best_f1,True,0.27755831559294636,118b2c4b7c85727feda96ba962b4e2a6f583dde87660fdde250fea5f89966fa2,historical_payload_protocol_record_not_new_strict_result
ocsvm,PSM,1105,experiments/runs/mtsad_reproduction/classical/psm__ocsvm__seed1105.json,best_f1_pointwise,null,-19.07045633562329,87841,0,0.3520080476669504,0.9328985685574833,0.511146568385096,0.36798092017872236,0.9998769533653254,0.5379734963422304,0.21222228212382985,0.8327079104247862,0.33824110807228275,0.511146568385096,last_point,best_f1,False,0.27755831559294636,118b2c4b7c85727feda96ba962b4e2a6f583dde87660fdde250fea5f89966fa2,historical_payload_protocol_record_not_new_strict_result
ocsvm,PSM,1105,experiments/runs/mtsad_reproduction/classical/psm__ocsvm__seed1105.json,per_point_adjusted,null,69.26143506650877,87841,0,0.9479267116682739,0.04031828062835815,0.07734676213706822,0.9973851145222992,0.8447971781305115,0.9147717178895007,0.8923267326732673,0.1859647790246971,0.3077856810689524,0.9147717178895007,last_point,percentile_combined,True,0.27755831559294636,118b2c4b7c85727feda96ba962b4e2a6f583dde87660fdde250fea5f89966fa2,historical_payload_protocol_record_not_new_strict_result
pca,PSM,1103,experiments/runs/mtsad_reproduction/classical/psm__pca__seed1103.json,tslib_reference,null,42.76278593044292,87841,0,0.6731927710843374,0.018333948566506705,0.0356957476542224,0.9888774987186059,0.7913129075919774,0.8791323961632226,0.7279411764705882,0.0301181580099308,0.05784309058050262,0.8791323961632226,last_point,percentile_combined,True,0.27755831559294636,62f8c4e257a1c6216237c33f6ff8164671a7dc298a9b47f599ed299885b5fc9e,historical_payload_protocol_record_not_new_strict_result
pca,PSM,1103,experiments/runs/mtsad_reproduction/classical/psm__pca__seed1103.json,best_f1_adjusted,null,2.9708254535849283,87841,0,0.46800950403493374,0.8967638735080595,0.6150383977045768,0.4950424641391361,0.9993437512817358,0.6621013872471094,0.29550647948624964,0.6446165315371588,0.4052413559068597,0.6621013872471094,last_point,best_f1,True,0.27755831559294636,62f8c4e257a1c6216237c33f6ff8164671a7dc298a9b47f599ed299885b5fc9e,historical_payload_protocol_record_not_new_strict_result
pca,PSM,1103,experiments/runs/mtsad_reproduction/classical/psm__pca__seed1103.json,best_f1_pointwise,null,2.9708254535849283,87841,0,0.46800950403493374,0.8967638735080595,0.6150383977045768,0.4950424641391361,0.9993437512817358,0.6621013872471094,0.29550647948624964,0.6446165315371588,0.4052413559068597,0.6150383977045768,last_point,best_f1,False,0.27755831559294636,62f8c4e257a1c6216237c33f6ff8164671a7dc298a9b47f599ed299885b5fc9e,historical_payload_protocol_record_not_new_strict_result
pca,PSM,1103,experiments/runs/mtsad_reproduction/classical/psm__pca__seed1103.json,per_point_adjusted,null,42.76278593044292,87841,0,0.6731927710843374,0.018333948566506705,0.0356957476542224,0.9888774987186059,0.7913129075919774,0.8791323961632226,0.7279411764705882,0.0301181580099308,0.05784309058050262,0.8791323961632226,last_point,percentile_combined,True,0.27755831559294636,62f8c4e257a1c6216237c33f6ff8164671a7dc298a9b47f599ed299885b5fc9e,historical_payload_protocol_record_not_new_strict_result
pca,PSM,1104,experiments/runs/mtsad_reproduction/classical/psm__pca__seed1104.json,tslib_reference,null,42.76278593044292,87841,0,0.6731927710843374,0.018333948566506705,0.0356957476542224,0.9888774987186059,0.7913129075919774,0.8791323961632226,0.7279411764705882,0.0301181580099308,0.05784309058050262,0.8791323961632226,last_point,percentile_combined,True,0.27755831559294636,49eb41b477b1b50536d51e7f57cc4c51fe985c68fc8220b4684c2553a913d538,historical_payload_protocol_record_not_new_strict_result
pca,PSM,1104,experiments/runs/mtsad_reproduction/classical/psm__pca__seed1104.json,best_f1_adjusted,null,2.9708254535849283,87841,0,0.46800950403493374,0.8967638735080595,0.6150383977045768,0.4950424641391361,0.9993437512817358,0.6621013872471094,0.29550647948624964,0.6446165315371588,0.4052413559068597,0.6621013872471094,last_point,best_f1,True,0.27755831559294636,49eb41b477b1b50536d51e7f57cc4c51fe985c68fc8220b4684c2553a913d538,historical_payload_protocol_record_not_new_strict_result
pca,PSM,1104,experiments/runs/mtsad_reproduction/classical/psm__pca__seed1104.json,best_f1_pointwise,null,2.9708254535849283,87841,0,0.46800950403493374,0.8967638735080595,0.6150383977045768,0.4950424641391361,0.9993437512817358,0.6621013872471094,0.29550647948624964,0.6446165315371588,0.4052413559068597,0.6150383977045768,last_point,best_f1,False,0.27755831559294636,49eb41b477b1b50536d51e7f57cc4c51fe985c68fc8220b4684c2553a913d538,historical_payload_protocol_record_not_new_strict_result
pca,PSM,1104,experiments/runs/mtsad_reproduction/classical/psm__pca__seed1104.json,per_point_adjusted,null,42.76278593044292,87841,0,0.6731927710843374,0.018333948566506705,0.0356957476542224,0.9888774987186059,0.7913129075919774,0.8791323961632226,0.7279411764705882,0.0301181580099308,0.05784309058050262,0.8791323961632226,last_point,percentile_combined,True,0.27755831559294636,49eb41b477b1b50536d51e7f57cc4c51fe985c68fc8220b4684c2553a913d538,historical_payload_protocol_record_not_new_strict_result
pca,PSM,1105,experiments/runs/mtsad_reproduction/classical/psm__pca__seed1105.json,tslib_reference,null,42.76278593044292,87841,0,0.6731927710843374,0.018333948566506705,0.0356957476542224,0.9888774987186059,0.7913129075919774,0.8791323961632226,0.7279411764705882,0.0301181580099308,0.05784309058050262,0.8791323961632226,last_point,percentile_combined,True,0.27755831559294636,f664113ba4e7d97afa22276d7949b02a17cecd90c6520140d3cf29a4378ae5f2,historical_payload_protocol_record_not_new_strict_result
pca,PSM,1105,experiments/runs/mtsad_reproduction/classical/psm__pca__seed1105.json,best_f1_adjusted,null,2.9708254535849283,87841,0,0.46800950403493374,0.8967638735080595,0.6150383977045768,0.4950424641391361,0.9993437512817358,0.6621013872471094,0.29550647948624964,0.6446165315371588,0.4052413559068597,0.6621013872471094,last_point,best_f1,True,0.27755831559294636,f664113ba4e7d97afa22276d7949b02a17cecd90c6520140d3cf29a4378ae5f2,historical_payload_protocol_record_not_new_strict_result
pca,PSM,1105,experiments/runs/mtsad_reproduction/classical/psm__pca__seed1105.json,best_f1_pointwise,null,2.9708254535849283,87841,0,0.46800950403493374,0.8967638735080595,0.6150383977045768,0.4950424641391361,0.9993437512817358,0.6621013872471094,0.29550647948624964,0.6446165315371588,0.4052413559068597,0.6150383977045768,last_point,best_f1,False,0.27755831559294636,f664113ba4e7d97afa22276d7949b02a17cecd90c6520140d3cf29a4378ae5f2,historical_payload_protocol_record_not_new_strict_result
pca,PSM,1105,experiments/runs/mtsad_reproduction/classical/psm__pca__seed1105.json,per_point_adjusted,null,42.76278593044292,87841,0,0.6731927710843374,0.018333948566506705,0.0356957476542224,0.9888774987186059,0.7913129075919774,0.8791323961632226,0.7279411764705882,0.0301181580099308,0.05784309058050262,0.8791323961632226,last_point,percentile_combined,True,0.27755831559294636,f664113ba4e7d97afa22276d7949b02a17cecd90c6520140d3cf29a4378ae5f2,historical_payload_protocol_record_not_new_strict_result
isolation_forest,SMAP,1103,experiments/runs/mtsad_reproduction/classical/smap__isolation_forest__seed1103.json,tslib_reference,null,0.6762984635303537,427617,0,0.10755961440892947,0.003875968992248062,0.007482308927594543,0.944203013481364,0.5442079859587539,0.6904582410317672,0.09710856519367157,0.005726187428574238,0.010814667824631757,0.6904582410317672,last_point,percentile_combined,True,0.12790885301566587,ae2fd9ea2db8bac383ff76671054920766be2c10b19e247a3b7516f0fc15361c,historical_payload_protocol_record_not_new_strict_result
isolation_forest,SMAP,1103,experiments/runs/mtsad_reproduction/classical/smap__isolation_forest__seed1103.json,best_f1_adjusted,null,0.3473179973896582,427617,0,0.18067917156085136,0.8183779435424894,0.29600679806506436,0.21028591881913078,0.9881892642972063,0.34677778954020666,0.08056091780532942,0.40136381718986297,0.13418791416459824,0.34677778954020666,last_point,best_f1,True,0.12790885301566587,ae2fd9ea2db8bac383ff76671054920766be2c10b19e247a3b7516f0fc15361c,historical_payload_protocol_record_not_new_strict_result
isolation_forest,SMAP,1103,experiments/runs/mtsad_reproduction/classical/smap__isolation_forest__seed1103.json,best_f1_pointwise,null,0.3473179973896582,427617,0,0.18067917156085136,0.8183779435424894,0.29600679806506436,0.21028591881913078,0.9881892642972063,0.34677778954020666,0.08056091780532942,0.40136381718986297,0.13418791416459824,0.29600679806506436,last_point,best_f1,False,0.12790885301566587,ae2fd9ea2db8bac383ff76671054920766be2c10b19e247a3b7516f0fc15361c,historical_payload_protocol_record_not_new_strict_result
isolation_forest,SMAP,1103,experiments/runs/mtsad_reproduction/classical/smap__isolation_forest__seed1103.json,per_point_adjusted,null,0.6762984635303537,427617,0,0.10755961440892947,0.003875968992248062,0.007482308927594543,0.944203013481364,0.5442079859587539,0.6904582410317672,0.09710856519367157,0.005726187428574238,0.010814667824631757,0.6904582410317672,last_point,percentile_combined,True,0.12790885301566587,ae2fd9ea2db8bac383ff76671054920766be2c10b19e247a3b7516f0fc15361c,historical_payload_protocol_record_not_new_strict_result
isolation_forest,SMAP,1104,experiments/runs/mtsad_reproduction/classical/smap__isolation_forest__seed1104.json,tslib_reference,null,0.6772279524308628,427617,0,0.10526315789473684,0.0037662717566183997,0.007272342153107514,0.9439339118183856,0.53897908439374,0.6861638367451443,0.09534011783610069,0.005250181688341028,0.009952310375728544,0.6861638367451443,last_point,percentile_combined,True,0.12790885301566587,63cba70d33044a4affd12d9b679e01a16eff74e77d15166cd4b8e89f8fbeba48,historical_payload_protocol_record_not_new_strict_result
isolation_forest,SMAP,1104,experiments/runs/mtsad_reproduction/classical/smap__isolation_forest__seed1104.json,best_f1_adjusted,null,0.3561713907274997,427617,0,0.189196217933238,0.7448442299254059,0.3017464855496467,0.23639576280823296,0.9881892642972063,0.38152312785436476,0.09863906305242086,0.3072532861560337,0.14933603121769426,0.38152312785436476,last_point,best_f1,True,0.12790885301566587,63cba70d33044a4affd12d9b679e01a16eff74e77d15166cd4b8e89f8fbeba48,historical_payload_protocol_record_not_new_strict_result
isolation_forest,SMAP,1104,experiments/runs/mtsad_reproduction/classical/smap__isolation_forest__seed1104.json,best_f1_pointwise,null,0.3561713907274997,427617,0,0.189196217933238,0.7448442299254059,0.3017464855496467,0.23639576280823296,0.9881892642972063,0.38152312785436476,0.09863906305242086,0.3072532861560337,0.14933603121769426,0.3017464855496467,last_point,best_f1,False,0.12790885301566587,63cba70d33044a4affd12d9b679e01a16eff74e77d15166cd4b8e89f8fbeba48,historical_payload_protocol_record_not_new_strict_result
isolation_forest,SMAP,1104,experiments/runs/mtsad_reproduction/classical/smap__isolation_forest__seed1104.json,per_point_adjusted,null,0.6772279524308628,427617,0,0.10526315789473684,0.0037662717566183997,0.007272342153107514,0.9439339118183856,0.53897908439374,0.6861638367451443,0.09534011783610069,0.005250181688341028,0.009952310375728544,0.6861638367451443,last_point,percentile_combined,True,0.12790885301566587,63cba70d33044a4affd12d9b679e01a16eff74e77d15166cd4b8e89f8fbeba48,historical_payload_protocol_record_not_new_strict_result
isolation_forest,SMAP,1105,experiments/runs/mtsad_reproduction/classical/smap__isolation_forest__seed1105.json,tslib_reference,null,0.6711706826506081,427617,0,0.10775427995971802,0.003912534737457949,0.007550897992307963,0.9440144071277369,0.5462739505631125,0.692068051003509,0.09659714599341383,0.004526625438423226,0.008647998233088167,0.692068051003509,last_point,percentile_combined,True,0.12790885301566587,57501c5b95fa20a2d7c862c84272c0c3066710ea99fa19f711a7282ccf71c3f4,historical_payload_protocol_record_not_new_strict_result
isolation_forest,SMAP,1105,experiments/runs/mtsad_reproduction/classical/smap__isolation_forest__seed1105.json,best_f1_adjusted,null,0.3519253591622253,427617,0,0.18701073162043017,0.7678258007898201,0.30076701066366834,0.22842242723657463,0.9881892642972063,0.3710708879269804,0.0933416712016025,0.3209854664226204,0.14462639371928804,0.3710708879269804,last_point,best_f1,True,0.12790885301566587,57501c5b95fa20a2d7c862c84272c0c3066710ea99fa19f711a7282ccf71c3f4,historical_payload_protocol_record_not_new_strict_result
isolation_forest,SMAP,1105,experiments/runs/mtsad_reproduction/classical/smap__isolation_forest__seed1105.json,best_f1_pointwise,null,0.3519253591622253,427617,0,0.18701073162043017,0.7678258007898201,0.30076701066366834,0.22842242723657463,0.9881892642972063,0.3710708879269804,0.0933416712016025,0.3209854664226204,0.14462639371928804,0.30076701066366834,last_point,best_f1,False,0.12790885301566587,57501c5b95fa20a2d7c862c84272c0c3066710ea99fa19f711a7282ccf71c3f4,historical_payload_protocol_record_not_new_strict_result
isolation_forest,SMAP,1105,experiments/runs/mtsad_reproduction/classical/smap__isolation_forest__seed1105.json,per_point_adjusted,null,0.6711706826506081,427617,0,0.10775427995971802,0.003912534737457949,0.007550897992307963,0.9440144071277369,0.5462739505631125,0.692068051003509,0.09659714599341383,0.004526625438423226,0.008647998233088167,0.692068051003509,last_point,percentile_combined,True,0.12790885301566587,57501c5b95fa20a2d7c862c84272c0c3066710ea99fa19f711a7282ccf71c3f4,historical_payload_protocol_record_not_new_strict_result
knn,SMAP,1103,experiments/runs/mtsad_reproduction/classical/smap__knn__seed1103.json,tslib_reference,null,0.06723225055672359,427617,0,0.12802607076350092,0.0050277899663595145,0.009675603405812399,0.9414193225534044,0.550314465408805,0.6945966839354325,0.11687051058046982,0.004007134400752168,0.007748593107571255,0.6945966839354325,last_point,percentile_combined,True,0.12790885301566587,a3ec13cb553896359780e219874985d52be193efe1cbec314ce197ba93fad63e,historical_payload_protocol_record_not_new_strict_result
knn,SMAP,1103,experiments/runs/mtsad_reproduction/classical/smap__knn__seed1103.json,best_f1_adjusted,null,7.681837652282658e-05,427617,0,0.18693933059662024,0.6785505338598801,0.2931236696928891,0.2453365622866974,0.95943030568963,0.390753330305219,0.11845317411549366,0.18779191193263456,0.14527284880673613,0.390753330305219,last_point,best_f1,True,0.12790885301566587,a3ec13cb553896359780e219874985d52be193efe1cbec314ce197ba93fad63e,historical_payload_protocol_record_not_new_strict_result
knn,SMAP,1103,experiments/runs/mtsad_reproduction/classical/smap__knn__seed1103.json,best_f1_pointwise,null,7.681837652282658e-05,427617,0,0.18693933059662024,0.6785505338598801,0.2931236696928891,0.2453365622866974,0.95943030568963,0.390753330305219,0.11845317411549366,0.18779191193263456,0.14527284880673613,0.2931236696928891,last_point,best_f1,False,0.12790885301566587,a3ec13cb553896359780e219874985d52be193efe1cbec314ce197ba93fad63e,historical_payload_protocol_record_not_new_strict_result
knn,SMAP,1103,experiments/runs/mtsad_reproduction/classical/smap__knn__seed1103.json,per_point_adjusted,null,0.06723225055672359,427617,0,0.12802607076350092,0.0050277899663595145,0.009675603405812399,0.9414193225534044,0.550314465408805,0.6945966839354325,0.11687051058046982,0.004007134400752168,0.007748593107571255,0.6945966839354325,last_point,percentile_combined,True,0.12790885301566587,a3ec13cb553896359780e219874985d52be193efe1cbec314ce197ba93fad63e,historical_payload_protocol_record_not_new_strict_result
knn,SMAP,1104,experiments/runs/mtsad_reproduction/classical/smap__knn__seed1104.json,tslib_reference,null,0.06678432428241175,427617,0,0.12620912022109626,0.005009507093754571,0.00963652030175673,0.9409934990201873,0.5530934620447565,0.6966895042892509,0.11388573590616724,0.004474720450822861,0.008611099470236907,0.6966895042892509,last_point,percentile_combined,True,0.12790885301566587,450f175f22ace9bbc863edc0b3018337cae7c82e97bab7b11c7c4b0146c71073,historical_payload_protocol_record_not_new_strict_result
knn,SMAP,1104,experiments/runs/mtsad_reproduction/classical/smap__knn__seed1104.json,best_f1_adjusted,null,9.716858348852234e-05,427617,0,0.18606184084372004,0.6244515138218517,0.2866987878991371,0.25995433315007155,0.9595582857978645,0.4090836460854349,0.1273823424982642,0.17112359825891368,0.14604818080109283,0.4090836460854349,last_point,best_f1,True,0.12790885301566587,450f175f22ace9bbc863edc0b3018337cae7c82e97bab7b11c7c4b0146c71073,historical_payload_protocol_record_not_new_strict_result
knn,SMAP,1104,experiments/runs/mtsad_reproduction/classical/smap__knn__seed1104.json,best_f1_pointwise,null,9.716858348852234e-05,427617,0,0.18606184084372004,0.6244515138218517,0.2866987878991371,0.25995433315007155,0.9595582857978645,0.4090836460854349,0.1273823424982642,0.17112359825891368,0.14604818080109283,0.2866987878991371,last_point,best_f1,False,0.12790885301566587,450f175f22ace9bbc863edc0b3018337cae7c82e97bab7b11c7c4b0146c71073,historical_payload_protocol_record_not_new_strict_result
knn,SMAP,1104,experiments/runs/mtsad_reproduction/classical/smap__knn__seed1104.json,per_point_adjusted,null,0.06678432428241175,427617,0,0.12620912022109626,0.005009507093754571,0.00963652030175673,0.9409934990201873,0.5530934620447565,0.6966895042892509,0.11388573590616724,0.004474720450822861,0.008611099470236907,0.6966895042892509,last_point,percentile_combined,True,0.12790885301566587,450f175f22ace9bbc863edc0b3018337cae7c82e97bab7b11c7c4b0146c71073,historical_payload_protocol_record_not_new_strict_result
knn,SMAP,1105,experiments/runs/mtsad_reproduction/classical/smap__knn__seed1105.json,tslib_reference,null,0.07238949717702642,427617,0,0.13734713076199437,0.0053385988006435575,0.010277709337932492,0.9427858368429263,0.5525266929940033,0.6967297206948623,0.11677282377919322,0.00423068016884962,0.008165523372535274,0.6967297206948623,last_point,percentile_combined,True,0.12790885301566587,51a7b5da58625a51d518bf149c2743bd02916caf8daaca81e97c0d3217a8b6b1,historical_payload_protocol_record_not_new_strict_result
knn,SMAP,1105,experiments/runs/mtsad_reproduction/classical/smap__knn__seed1105.json,best_f1_adjusted,null,5.427184156227598e-05,427617,0,0.17593907260963335,0.71590244259178,0.2824609746948668,0.22247329150415465,0.95943030568963,0.3611929409173504,0.11505264746621365,0.2197922449958264,0.15104115516517388,0.3611929409173504,last_point,best_f1,True,0.12790885301566587,51a7b5da58625a51d518bf149c2743bd02916caf8daaca81e97c0d3217a8b6b1,historical_payload_protocol_record_not_new_strict_result
knn,SMAP,1105,experiments/runs/mtsad_reproduction/classical/smap__knn__seed1105.json,best_f1_pointwise,null,5.427184156227598e-05,427617,0,0.17593907260963335,0.71590244259178,0.2824609746948668,0.22247329150415465,0.95943030568963,0.3611929409173504,0.11505264746621365,0.2197922449958264,0.15104115516517388,0.2824609746948668,last_point,best_f1,False,0.12790885301566587,51a7b5da58625a51d518bf149c2743bd02916caf8daaca81e97c0d3217a8b6b1,historical_payload_protocol_record_not_new_strict_result
knn,SMAP,1105,experiments/runs/mtsad_reproduction/classical/smap__knn__seed1105.json,per_point_adjusted,null,0.07238949717702642,427617,0,0.13734713076199437,0.0053385988006435575,0.010277709337932492,0.9427858368429263,0.5525266929940033,0.6967297206948623,0.11677282377919322,0.00423068016884962,0.008165523372535274,0.6967297206948623,last_point,percentile_combined,True,0.12790885301566587,51a7b5da58625a51d518bf149c2743bd02916caf8daaca81e97c0d3217a8b6b1,historical_payload_protocol_record_not_new_strict_result
mahalanobis,SMAP,1103,experiments/runs/mtsad_reproduction/classical/smap__mahalanobis__seed1103.json,tslib_reference,null,376.57092276598087,427617,0,0.10124688279301745,0.0037114231388035686,0.007160367542018659,0.9447595107446124,0.5634598508117595,0.705910647411157,0.09334103156274057,0.004200752377030147,0.008039684007701574,0.705910647411157,last_point,percentile_combined,True,0.12790885301566587,aaf528065c4d94df97515decaff259e0fc69643aeb322dffa394a8fa1b7f8c6b,historical_payload_protocol_record_not_new_strict_result
mahalanobis,SMAP,1103,experiments/runs/mtsad_reproduction/classical/smap__mahalanobis__seed1103.json,best_f1_adjusted,null,0.21367533670402328,427617,0,0.1334465815578084,0.8947820681585491,0.2322549722144447,0.14683450514226806,1.0,0.2560692139691992,0.09392911551701486,0.7501840528756918,0.16695421230249358,0.2560692139691992,last_point,best_f1,True,0.12790885301566587,aaf528065c4d94df97515decaff259e0fc69643aeb322dffa394a8fa1b7f8c6b,historical_payload_protocol_record_not_new_strict_result
mahalanobis,SMAP,1103,experiments/runs/mtsad_reproduction/classical/smap__mahalanobis__seed1103.json,best_f1_pointwise,null,0.21367533670402328,427617,0,0.1334465815578084,0.8947820681585491,0.2322549722144447,0.14683450514226806,1.0,0.2560692139691992,0.09392911551701486,0.7501840528756918,0.16695421230249358,0.2322549722144447,last_point,best_f1,False,0.12790885301566587,aaf528065c4d94df97515decaff259e0fc69643aeb322dffa394a8fa1b7f8c6b,historical_payload_protocol_record_not_new_strict_result
mahalanobis,SMAP,1103,experiments/runs/mtsad_reproduction/classical/smap__mahalanobis__seed1103.json,per_point_adjusted,null,376.57092276598087,427617,0,0.10124688279301745,0.0037114231388035686,0.007160367542018659,0.9447595107446124,0.5634598508117595,0.705910647411157,0.09334103156274057,0.004200752377030147,0.008039684007701574,0.705910647411157,last_point,percentile_combined,True,0.12790885301566587,aaf528065c4d94df97515decaff259e0fc69643aeb322dffa394a8fa1b7f8c6b,historical_payload_protocol_record_not_new_strict_result
mahalanobis,SMAP,1104,experiments/runs/mtsad_reproduction/classical/smap__mahalanobis__seed1104.json,tslib_reference,null,376.57092276598087,427617,0,0.10124688279301745,0.0037114231388035686,0.007160367542018659,0.9447595107446124,0.5634598508117595,0.705910647411157,0.09334103156274057,0.004200752377030147,0.008039684007701574,0.705910647411157,last_point,percentile_combined,True,0.12790885301566587,59bb739a674c91f36b9fad861fbc5d17a795efb398a2bb67163e2c34b198035b,historical_payload_protocol_record_not_new_strict_result
mahalanobis,SMAP,1104,experiments/runs/mtsad_reproduction/classical/smap__mahalanobis__seed1104.json,best_f1_adjusted,null,0.21367533670402328,427617,0,0.1334465815578084,0.8947820681585491,0.2322549722144447,0.14683450514226806,1.0,0.2560692139691992,0.09392911551701486,0.7501840528756918,0.16695421230249358,0.2560692139691992,last_point,best_f1,True,0.12790885301566587,59bb739a674c91f36b9fad861fbc5d17a795efb398a2bb67163e2c34b198035b,historical_payload_protocol_record_not_new_strict_result
mahalanobis,SMAP,1104,experiments/runs/mtsad_reproduction/classical/smap__mahalanobis__seed1104.json,best_f1_pointwise,null,0.21367533670402328,427617,0,0.1334465815578084,0.8947820681585491,0.2322549722144447,0.14683450514226806,1.0,0.2560692139691992,0.09392911551701486,0.7501840528756918,0.16695421230249358,0.2322549722144447,last_point,best_f1,False,0.12790885301566587,59bb739a674c91f36b9fad861fbc5d17a795efb398a2bb67163e2c34b198035b,historical_payload_protocol_record_not_new_strict_result
mahalanobis,SMAP,1104,experiments/runs/mtsad_reproduction/classical/smap__mahalanobis__seed1104.json,per_point_adjusted,null,376.57092276598087,427617,0,0.10124688279301745,0.0037114231388035686,0.007160367542018659,0.9447595107446124,0.5634598508117595,0.705910647411157,0.09334103156274057,0.004200752377030147,0.008039684007701574,0.705910647411157,last_point,percentile_combined,True,0.12790885301566587,59bb739a674c91f36b9fad861fbc5d17a795efb398a2bb67163e2c34b198035b,historical_payload_protocol_record_not_new_strict_result
mahalanobis,SMAP,1105,experiments/runs/mtsad_reproduction/classical/smap__mahalanobis__seed1105.json,tslib_reference,null,376.57092276598087,427617,0,0.10124688279301745,0.0037114231388035686,0.007160367542018659,0.9447595107446124,0.5634598508117595,0.705910647411157,0.09334103156274057,0.004200752377030147,0.008039684007701574,0.705910647411157,last_point,percentile_combined,True,0.12790885301566587,ea742e92d24d98a243aa3afd81d43c3948cc5625d2cab2a47476c565d136ae1b,historical_payload_protocol_record_not_new_strict_result
mahalanobis,SMAP,1105,experiments/runs/mtsad_reproduction/classical/smap__mahalanobis__seed1105.json,best_f1_adjusted,null,0.21367533670402328,427617,0,0.1334465815578084,0.8947820681585491,0.2322549722144447,0.14683450514226806,1.0,0.2560692139691992,0.09392911551701486,0.7501840528756918,0.16695421230249358,0.2560692139691992,last_point,best_f1,True,0.12790885301566587,ea742e92d24d98a243aa3afd81d43c3948cc5625d2cab2a47476c565d136ae1b,historical_payload_protocol_record_not_new_strict_result
mahalanobis,SMAP,1105,experiments/runs/mtsad_reproduction/classical/smap__mahalanobis__seed1105.json,best_f1_pointwise,null,0.21367533670402328,427617,0,0.1334465815578084,0.8947820681585491,0.2322549722144447,0.14683450514226806,1.0,0.2560692139691992,0.09392911551701486,0.7501840528756918,0.16695421230249358,0.2322549722144447,last_point,best_f1,False,0.12790885301566587,ea742e92d24d98a243aa3afd81d43c3948cc5625d2cab2a47476c565d136ae1b,historical_payload_protocol_record_not_new_strict_result
mahalanobis,SMAP,1105,experiments/runs/mtsad_reproduction/classical/smap__mahalanobis__seed1105.json,per_point_adjusted,null,376.57092276598087,427617,0,0.10124688279301745,0.0037114231388035686,0.007160367542018659,0.9447595107446124,0.5634598508117595,0.705910647411157,0.09334103156274057,0.004200752377030147,0.008039684007701574,0.705910647411157,last_point,percentile_combined,True,0.12790885301566587,ea742e92d24d98a243aa3afd81d43c3948cc5625d2cab2a47476c565d136ae1b,historical_payload_protocol_record_not_new_strict_result
ocsvm,SMAP,1103,experiments/runs/mtsad_reproduction/classical/smap__ocsvm__seed1103.json,tslib_reference,null,105.42409124734158,427617,0,0.10387596899224806,0.0036748573935936816,0.007098585580335859,0.9450935689180203,0.5456888986397542,0.6918877568761083,0.0934432665881429,0.005547267929638797,0.0104728161840965,0.6918877568761083,last_point,percentile_combined,True,0.12790885301566587,e862e776454cbda3b03f9613ef6df1caabbb77c2b8d0a6d152517485ed1189aa,historical_payload_protocol_record_not_new_strict_result
ocsvm,SMAP,1103,experiments/runs/mtsad_reproduction/classical/smap__ocsvm__seed1103.json,best_f1_adjusted,null,-7.535395361780161,427617,0,0.12790741191220223,0.9997806055287407,0.22679916387405025,0.12793188941385603,1.0,0.2268432883484435,0.06369160691501334,0.9857250095524064,0.11965202160806224,0.2268432883484435,last_point,best_f1,True,0.12790885301566587,e862e776454cbda3b03f9613ef6df1caabbb77c2b8d0a6d152517485ed1189aa,historical_payload_protocol_record_not_new_strict_result
ocsvm,SMAP,1103,experiments/runs/mtsad_reproduction/classical/smap__ocsvm__seed1103.json,best_f1_pointwise,null,-7.535395361780161,427617,0,0.12790741191220223,0.9997806055287407,0.22679916387405025,0.12793188941385603,1.0,0.2268432883484435,0.06369160691501334,0.9857250095524064,0.11965202160806224,0.22679916387405025,last_point,best_f1,False,0.12790885301566587,e862e776454cbda3b03f9613ef6df1caabbb77c2b8d0a6d152517485ed1189aa,historical_payload_protocol_record_not_new_strict_result
ocsvm,SMAP,1103,experiments/runs/mtsad_reproduction/classical/smap__ocsvm__seed1103.json,per_point_adjusted,null,105.42409124734158,427617,0,0.10387596899224806,0.0036748573935936816,0.007098585580335859,0.9450935689180203,0.5456888986397542,0.6918877568761083,0.0934432665881429,0.005547267929638797,0.0104728161840965,0.6918877568761083,last_point,percentile_combined,True,0.12790885301566587,e862e776454cbda3b03f9613ef6df1caabbb77c2b8d0a6d152517485ed1189aa,historical_payload_protocol_record_not_new_strict_result
ocsvm,SMAP,1104,experiments/runs/mtsad_reproduction/classical/smap__ocsvm__seed1104.json,tslib_reference,null,103.29917438038913,427617,0,0.10164271047227925,0.0036200087757788505,0.006991031706800367,0.9447042467138523,0.5466213251426064,0.6925321967942185,0.09135082604470358,0.005839922304821707,0.010978035165730007,0.6925321967942185,last_point,percentile_combined,True,0.12790885301566587,54bc520ff11000d3360c18c96256ded717002346e359d2d8afc640affedf902c,historical_payload_protocol_record_not_new_strict_result
ocsvm,SMAP,1104,experiments/runs/mtsad_reproduction/classical/smap__ocsvm__seed1104.json,best_f1_adjusted,null,-7.392728794130846,427617,0,0.12790801027305942,0.9997806055287407,0.2268001045161772,0.12793248787242303,1.0,0.2268442291501636,0.061873209782445864,0.9857250095524064,0.1164377128142956,0.2268442291501636,last_point,best_f1,True,0.12790885301566587,54bc520ff11000d3360c18c96256ded717002346e359d2d8afc640affedf902c,historical_payload_protocol_record_not_new_strict_result
ocsvm,SMAP,1104,experiments/runs/mtsad_reproduction/classical/smap__ocsvm__seed1104.json,best_f1_pointwise,null,-7.392728794130846,427617,0,0.12790801027305942,0.9997806055287407,0.2268001045161772,0.12793248787242303,1.0,0.2268442291501636,0.061873209782445864,0.9857250095524064,0.1164377128142956,0.2268001045161772,last_point,best_f1,False,0.12790885301566587,54bc520ff11000d3360c18c96256ded717002346e359d2d8afc640affedf902c,historical_payload_protocol_record_not_new_strict_result
ocsvm,SMAP,1104,experiments/runs/mtsad_reproduction/classical/smap__ocsvm__seed1104.json,per_point_adjusted,null,103.29917438038913,427617,0,0.10164271047227925,0.0036200087757788505,0.006991031706800367,0.9447042467138523,0.5466213251426064,0.6925321967942185,0.09135082604470358,0.005839922304821707,0.010978035165730007,0.6925321967942185,last_point,percentile_combined,True,0.12790885301566587,54bc520ff11000d3360c18c96256ded717002346e359d2d8afc640affedf902c,historical_payload_protocol_record_not_new_strict_result
ocsvm,SMAP,1105,experiments/runs/mtsad_reproduction/classical/smap__ocsvm__seed1105.json,tslib_reference,null,97.99794569752272,427617,0,0.11010558069381599,0.004003949100482668,0.007726911881450119,0.9461039554215767,0.5680671347082054,0.7098941019226155,0.0999808098253694,0.004567662339946033,0.0087362076230924,0.7098941019226155,last_point,percentile_combined,True,0.12790885301566587,5d70a2b81c155c76a1d6de2b00d20bb276f8627bb453d982f8b621e0d5fa36b0,historical_payload_protocol_record_not_new_strict_result
ocsvm,SMAP,1105,experiments/runs/mtsad_reproduction/classical/smap__ocsvm__seed1105.json,best_f1_adjusted,null,-9.118418152738315,427617,0,0.12793793545549406,0.9997806055287407,0.2268471465728592,0.12796241794131546,1.0,0.2268912791879436,0.05786695984327619,0.9854589374143091,0.10931486107733888,0.2268912791879436,last_point,best_f1,True,0.12790885301566587,5d70a2b81c155c76a1d6de2b00d20bb276f8627bb453d982f8b621e0d5fa36b0,historical_payload_protocol_record_not_new_strict_result
ocsvm,SMAP,1105,experiments/runs/mtsad_reproduction/classical/smap__ocsvm__seed1105.json,best_f1_pointwise,null,-9.118418152738315,427617,0,0.12793793545549406,0.9997806055287407,0.2268471465728592,0.12796241794131546,1.0,0.2268912791879436,0.05786695984327619,0.9854589374143091,0.10931486107733888,0.2268471465728592,last_point,best_f1,False,0.12790885301566587,5d70a2b81c155c76a1d6de2b00d20bb276f8627bb453d982f8b621e0d5fa36b0,historical_payload_protocol_record_not_new_strict_result
ocsvm,SMAP,1105,experiments/runs/mtsad_reproduction/classical/smap__ocsvm__seed1105.json,per_point_adjusted,null,97.99794569752272,427617,0,0.11010558069381599,0.004003949100482668,0.007726911881450119,0.9461039554215767,0.5680671347082054,0.7098941019226155,0.0999808098253694,0.004567662339946033,0.0087362076230924,0.7098941019226155,last_point,percentile_combined,True,0.12790885301566587,5d70a2b81c155c76a1d6de2b00d20bb276f8627bb453d982f8b621e0d5fa36b0,historical_payload_protocol_record_not_new_strict_result
pca,SMAP,1103,experiments/runs/mtsad_reproduction/classical/smap__pca__seed1103.json,tslib_reference,null,125.78807210470097,427617,0,0.09086050240513095,0.0031080883428404272,0.006010571534640338,0.9466570496738586,0.5519050753254351,0.6972881825741476,0.06872852233676975,0.004561699897452571,0.008555544893662882,0.6972881825741476,last_point,percentile_combined,True,0.12790885301566587,3395b7b0956dfab7c248d4cc0e5e76dcb847661642890fcebbbaa615280988b7,historical_payload_protocol_record_not_new_strict_result
pca,SMAP,1103,experiments/runs/mtsad_reproduction/classical/smap__pca__seed1103.json,best_f1_adjusted,null,0.04148219877929679,427617,0,0.13285623392663326,0.9086039198478865,0.23181625237311143,0.14429187606347196,1.0,0.25219418066631166,0.09026942026586526,0.7466313647339472,0.1610656404076866,0.25219418066631166,last_point,best_f1,True,0.12790885301566587,3395b7b0956dfab7c248d4cc0e5e76dcb847661642890fcebbbaa615280988b7,historical_payload_protocol_record_not_new_strict_result
pca,SMAP,1103,experiments/runs/mtsad_reproduction/classical/smap__pca__seed1103.json,best_f1_pointwise,null,0.04148219877929679,427617,0,0.13285623392663326,0.9086039198478865,0.23181625237311143,0.14429187606347196,1.0,0.25219418066631166,0.09026942026586526,0.7466313647339472,0.1610656404076866,0.23181625237311143,last_point,best_f1,False,0.12790885301566587,3395b7b0956dfab7c248d4cc0e5e76dcb847661642890fcebbbaa615280988b7,historical_payload_protocol_record_not_new_strict_result
pca,SMAP,1103,experiments/runs/mtsad_reproduction/classical/smap__pca__seed1103.json,per_point_adjusted,null,125.78807210470097,427617,0,0.09086050240513095,0.0031080883428404272,0.006010571534640338,0.9466570496738586,0.5519050753254351,0.6972881825741476,0.06872852233676975,0.004561699897452571,0.008555544893662882,0.6972881825741476,last_point,percentile_combined,True,0.12790885301566587,3395b7b0956dfab7c248d4cc0e5e76dcb847661642890fcebbbaa615280988b7,historical_payload_protocol_record_not_new_strict_result
pca,SMAP,1104,experiments/runs/mtsad_reproduction/classical/smap__pca__seed1104.json,tslib_reference,null,125.78807210470097,427617,0,0.09086050240513095,0.0031080883428404272,0.006010571534640338,0.9466570496738586,0.5519050753254351,0.6972881825741476,0.06872852233676975,0.004561699897452571,0.008555544893662882,0.6972881825741476,last_point,percentile_combined,True,0.12790885301566587,99ac810680c43f7b0daa52ae0316ab22d0a7582ce526042c7520facc99aacfe0,historical_payload_protocol_record_not_new_strict_result
pca,SMAP,1104,experiments/runs/mtsad_reproduction/classical/smap__pca__seed1104.json,best_f1_adjusted,null,0.04148219877929679,427617,0,0.13285623392663326,0.9086039198478865,0.23181625237311143,0.14429187606347196,1.0,0.25219418066631166,0.09026942026586526,0.7466313647339472,0.1610656404076866,0.25219418066631166,last_point,best_f1,True,0.12790885301566587,99ac810680c43f7b0daa52ae0316ab22d0a7582ce526042c7520facc99aacfe0,historical_payload_protocol_record_not_new_strict_result
pca,SMAP,1104,experiments/runs/mtsad_reproduction/classical/smap__pca__seed1104.json,best_f1_pointwise,null,0.04148219877929679,427617,0,0.13285623392663326,0.9086039198478865,0.23181625237311143,0.14429187606347196,1.0,0.25219418066631166,0.09026942026586526,0.7466313647339472,0.1610656404076866,0.23181625237311143,last_point,best_f1,False,0.12790885301566587,99ac810680c43f7b0daa52ae0316ab22d0a7582ce526042c7520facc99aacfe0,historical_payload_protocol_record_not_new_strict_result
pca,SMAP,1104,experiments/runs/mtsad_reproduction/classical/smap__pca__seed1104.json,per_point_adjusted,null,125.78807210470097,427617,0,0.09086050240513095,0.0031080883428404272,0.006010571534640338,0.9466570496738586,0.5519050753254351,0.6972881825741476,0.06872852233676975,0.004561699897452571,0.008555544893662882,0.6972881825741476,last_point,percentile_combined,True,0.12790885301566587,99ac810680c43f7b0daa52ae0316ab22d0a7582ce526042c7520facc99aacfe0,historical_payload_protocol_record_not_new_strict_result
pca,SMAP,1105,experiments/runs/mtsad_reproduction/classical/smap__pca__seed1105.json,tslib_reference,null,125.78807210470097,427617,0,0.09086050240513095,0.0031080883428404272,0.006010571534640338,0.9466570496738586,0.5519050753254351,0.6972881825741476,0.06872852233676975,0.004561699897452571,0.008555544893662882,0.6972881825741476,last_point,percentile_combined,True,0.12790885301566587,00505ab680e6fadfceef1d8709d8208652d7e3cde13783837329260af8b97c89,historical_payload_protocol_record_not_new_strict_result
pca,SMAP,1105,experiments/runs/mtsad_reproduction/classical/smap__pca__seed1105.json,best_f1_adjusted,null,0.04148219877929679,427617,0,0.13285623392663326,0.9086039198478865,0.23181625237311143,0.14429187606347196,1.0,0.25219418066631166,0.09026942026586526,0.7466313647339472,0.1610656404076866,0.25219418066631166,last_point,best_f1,True,0.12790885301566587,00505ab680e6fadfceef1d8709d8208652d7e3cde13783837329260af8b97c89,historical_payload_protocol_record_not_new_strict_result
pca,SMAP,1105,experiments/runs/mtsad_reproduction/classical/smap__pca__seed1105.json,best_f1_pointwise,null,0.04148219877929679,427617,0,0.13285623392663326,0.9086039198478865,0.23181625237311143,0.14429187606347196,1.0,0.25219418066631166,0.09026942026586526,0.7466313647339472,0.1610656404076866,0.23181625237311143,last_point,best_f1,False,0.12790885301566587,00505ab680e6fadfceef1d8709d8208652d7e3cde13783837329260af8b97c89,historical_payload_protocol_record_not_new_strict_result
pca,SMAP,1105,experiments/runs/mtsad_reproduction/classical/smap__pca__seed1105.json,per_point_adjusted,null,125.78807210470097,427617,0,0.09086050240513095,0.0031080883428404272,0.006010571534640338,0.9466570496738586,0.5519050753254351,0.6972881825741476,0.06872852233676975,0.004561699897452571,0.008555544893662882,0.6972881825741476,last_point,percentile_combined,True,0.12790885301566587,00505ab680e6fadfceef1d8709d8208652d7e3cde13783837329260af8b97c89,historical_payload_protocol_record_not_new_strict_result
isolation_forest,SMD,1103,experiments/runs/mtsad_reproduction/classical/smd__isolation_forest__seed1103.json,tslib_reference,null,0.6344347377915514,708420,0,0.43565580101962,0.09577503056649912,0.15702870507002256,0.8063815126941221,0.5167096861839424,0.6298358551882595,0.42455536431440044,0.053554194633302514,0.0951109225389617,0.6298358551882595,last_point,percentile_combined,True,0.041562914655148074,486b87f52f7c01b3556c3199e23b5357f36d95814870c798ec21e7ec3a03be5a,historical_payload_protocol_record_not_new_strict_result
isolation_forest,SMD,1103,experiments/runs/mtsad_reproduction/classical/smd__isolation_forest__seed1103.json,best_f1_adjusted,null,0.5458059703544555,708420,0,0.22211929731696828,0.22802608341257982,0.22503393608285432,0.5175830939679934,0.8567789702486075,0.645323851427402,0.14138902224803396,0.20100478502555083,0.16600691611942853,0.645323851427402,last_point,best_f1,True,0.041562914655148074,486b87f52f7c01b3556c3199e23b5357f36d95814870c798ec21e7ec3a03be5a,historical_payload_protocol_record_not_new_strict_result
isolation_forest,SMD,1103,experiments/runs/mtsad_reproduction/classical/smd__isolation_forest__seed1103.json,best_f1_pointwise,null,0.5458059703544555,708420,0,0.22211929731696828,0.22802608341257982,0.22503393608285432,0.5175830939679934,0.8567789702486075,0.645323851427402,0.14138902224803396,0.20100478502555083,0.16600691611942853,0.22503393608285432,last_point,best_f1,False,0.041562914655148074,486b87f52f7c01b3556c3199e23b5357f36d95814870c798ec21e7ec3a03be5a,historical_payload_protocol_record_not_new_strict_result
isolation_forest,SMD,1103,experiments/runs/mtsad_reproduction/classical/smd__isolation_forest__seed1103.json,per_point_adjusted,null,0.6344347377915514,708420,0,0.43565580101962,0.09577503056649912,0.15702870507002256,0.8063815126941221,0.5167096861839424,0.6298358551882595,0.42455536431440044,0.053554194633302514,0.0951109225389617,0.6298358551882595,last_point,percentile_combined,True,0.041562914655148074,486b87f52f7c01b3556c3199e23b5357f36d95814870c798ec21e7ec3a03be5a,historical_payload_protocol_record_not_new_strict_result
isolation_forest,SMD,1104,experiments/runs/mtsad_reproduction/classical/smd__isolation_forest__seed1104.json,tslib_reference,null,0.6274560972025071,708420,0,0.5151997453445806,0.1099375084906942,0.18120749013351248,0.8175064405967287,0.46342208939002855,0.5915248726563347,0.3707634521313767,0.058701159468693705,0.10135524064550776,0.5915248726563347,last_point,percentile_combined,True,0.041562914655148074,8c79a3d7af9812f2530c5e9e528bcfc227c1f5c883ae454434ac0c95e7b48f2c,historical_payload_protocol_record_not_new_strict_result
isolation_forest,SMD,1104,experiments/runs/mtsad_reproduction/classical/smd__isolation_forest__seed1104.json,best_f1_adjusted,null,0.5459296110925485,708420,0,0.22281306417200067,0.2305393288955305,0.22661035904455093,0.5171309703471061,0.8611941312321696,0.6462193226127068,0.11135553574816531,0.19145581231603456,0.1408115296130327,0.6462193226127068,last_point,best_f1,True,0.041562914655148074,8c79a3d7af9812f2530c5e9e528bcfc227c1f5c883ae454434ac0c95e7b48f2c,historical_payload_protocol_record_not_new_strict_result
isolation_forest,SMD,1104,experiments/runs/mtsad_reproduction/classical/smd__isolation_forest__seed1104.json,best_f1_pointwise,null,0.5459296110925485,708420,0,0.22281306417200067,0.2305393288955305,0.22661035904455093,0.5171309703471061,0.8611941312321696,0.6462193226127068,0.11135553574816531,0.19145581231603456,0.1408115296130327,0.22661035904455093,last_point,best_f1,False,0.041562914655148074,8c79a3d7af9812f2530c5e9e528bcfc227c1f5c883ae454434ac0c95e7b48f2c,historical_payload_protocol_record_not_new_strict_result
isolation_forest,SMD,1104,experiments/runs/mtsad_reproduction/classical/smd__isolation_forest__seed1104.json,per_point_adjusted,null,0.6274560972025071,708420,0,0.5151997453445806,0.1099375084906942,0.18120749013351248,0.8175064405967287,0.46342208939002855,0.5915248726563347,0.3707634521313767,0.058701159468693705,0.10135524064550776,0.5915248726563347,last_point,percentile_combined,True,0.041562914655148074,8c79a3d7af9812f2530c5e9e528bcfc227c1f5c883ae454434ac0c95e7b48f2c,historical_payload_protocol_record_not_new_strict_result
isolation_forest,SMD,1105,experiments/runs/mtsad_reproduction/classical/smd__isolation_forest__seed1105.json,tslib_reference,null,0.6280919967224258,708420,0,0.5082360466975852,0.10793370465969297,0.17805417822225955,0.8168334524660472,0.4657315582121994,0.5932254715348676,0.4319199266281646,0.057936997327385636,0.10216919435427341,0.5932254715348676,last_point,percentile_combined,True,0.041562914655148074,91ac533cd6c95565b7bebbdbd0b5550ad6c46e5326f0b059ad3b0303cd03af06,historical_payload_protocol_record_not_new_strict_result
isolation_forest,SMD,1105,experiments/runs/mtsad_reproduction/classical/smd__isolation_forest__seed1105.json,best_f1_adjusted,null,0.5481450420784356,708420,0,0.2204009708415068,0.22513924738486618,0.22274491355992002,0.5181653789248726,0.8564053797038446,0.6456700978132842,0.12072945535818745,0.18543712838695767,0.14624537556965628,0.6456700978132842,last_point,best_f1,True,0.041562914655148074,91ac533cd6c95565b7bebbdbd0b5550ad6c46e5326f0b059ad3b0303cd03af06,historical_payload_protocol_record_not_new_strict_result
isolation_forest,SMD,1105,experiments/runs/mtsad_reproduction/classical/smd__isolation_forest__seed1105.json,best_f1_pointwise,null,0.5481450420784356,708420,0,0.2204009708415068,0.22513924738486618,0.22274491355992002,0.5181653789248726,0.8564053797038446,0.6456700978132842,0.12072945535818745,0.18543712838695767,0.14624537556965628,0.22274491355992002,last_point,best_f1,False,0.041562914655148074,91ac533cd6c95565b7bebbdbd0b5550ad6c46e5326f0b059ad3b0303cd03af06,historical_payload_protocol_record_not_new_strict_result
isolation_forest,SMD,1105,experiments/runs/mtsad_reproduction/classical/smd__isolation_forest__seed1105.json,per_point_adjusted,null,0.6280919967224258,708420,0,0.5082360466975852,0.10793370465969297,0.17805417822225955,0.8168334524660472,0.4657315582121994,0.5932254715348676,0.4319199266281646,0.057936997327385636,0.10216919435427341,0.5932254715348676,last_point,percentile_combined,True,0.041562914655148074,91ac533cd6c95565b7bebbdbd0b5550ad6c46e5326f0b059ad3b0303cd03af06,historical_payload_protocol_record_not_new_strict_result
knn,SMD,1103,experiments/runs/mtsad_reproduction/classical/smd__knn__seed1103.json,tslib_reference,null,9.64876056750025,708420,0,0.4189960925758942,0.09468822170900693,0.15446839160064268,0.8511645813282002,0.7508830321967124,0.7978852018260886,0.5596114802510151,0.09520892483046686,0.16273166487796098,0.7978852018260886,last_point,percentile_combined,True,0.041562914655148074,990398123915774882f1bab47defdb27a454794ee633a6dfa44887ec01844eeb,historical_payload_protocol_record_not_new_strict_result
knn,SMD,1103,experiments/runs/mtsad_reproduction/classical/smd__knn__seed1103.json,best_f1_adjusted,null,3.662267240378741,708420,0,0.2348432610194664,0.30074038853416657,0.2637379002233805,0.4959907761647712,0.9642711588099443,0.6550463160566175,0.16571168395884892,0.30821107498484523,0.21553797654429077,0.6550463160566175,last_point,best_f1,True,0.041562914655148074,990398123915774882f1bab47defdb27a454794ee633a6dfa44887ec01844eeb,historical_payload_protocol_record_not_new_strict_result
knn,SMD,1103,experiments/runs/mtsad_reproduction/classical/smd__knn__seed1103.json,best_f1_pointwise,null,3.662267240378741,708420,0,0.2348432610194664,0.30074038853416657,0.2637379002233805,0.4959907761647712,0.9642711588099443,0.6550463160566175,0.16571168395884892,0.30821107498484523,0.21553797654429077,0.2637379002233805,last_point,best_f1,False,0.041562914655148074,990398123915774882f1bab47defdb27a454794ee633a6dfa44887ec01844eeb,historical_payload_protocol_record_not_new_strict_result
knn,SMD,1103,experiments/runs/mtsad_reproduction/classical/smd__knn__seed1103.json,per_point_adjusted,null,9.64876056750025,708420,0,0.4189960925758942,0.09468822170900693,0.15446839160064268,0.8511645813282002,0.7508830321967124,0.7978852018260886,0.5596114802510151,0.09520892483046686,0.16273166487796098,0.7978852018260886,last_point,percentile_combined,True,0.041562914655148074,990398123915774882f1bab47defdb27a454794ee633a6dfa44887ec01844eeb,historical_payload_protocol_record_not_new_strict_result
knn,SMD,1104,experiments/runs/mtsad_reproduction/classical/smd__knn__seed1104.json,tslib_reference,null,9.618640738929566,708420,0,0.390336261738867,0.0875220758049178,0.14298396493369583,0.8448521759241414,0.744396141828556,0.7914492570458772,0.5717810677433827,0.09114628471032893,0.15722905322767827,0.7914492570458772,last_point,percentile_combined,True,0.041562914655148074,7e9ab692bfa105dd921b0ef33fb8304f9b47e1c96623860c5ac8b51bb74f4ce7,historical_payload_protocol_record_not_new_strict_result
knn,SMD,1104,experiments/runs/mtsad_reproduction/classical/smd__knn__seed1104.json,best_f1_adjusted,null,4.039008222426106,708420,0,0.2716707183056379,0.2770683331069148,0.27434297916701694,0.5665675782798256,0.9709618258388806,0.7155837004405287,0.15550546950185123,0.2800488215479191,0.19997104550749564,0.7155837004405287,last_point,best_f1,True,0.041562914655148074,7e9ab692bfa105dd921b0ef33fb8304f9b47e1c96623860c5ac8b51bb74f4ce7,historical_payload_protocol_record_not_new_strict_result
knn,SMD,1104,experiments/runs/mtsad_reproduction/classical/smd__knn__seed1104.json,best_f1_pointwise,null,4.039008222426106,708420,0,0.2716707183056379,0.2770683331069148,0.27434297916701694,0.5665675782798256,0.9709618258388806,0.7155837004405287,0.15550546950185123,0.2800488215479191,0.19997104550749564,0.27434297916701694,last_point,best_f1,False,0.041562914655148074,7e9ab692bfa105dd921b0ef33fb8304f9b47e1c96623860c5ac8b51bb74f4ce7,historical_payload_protocol_record_not_new_strict_result
knn,SMD,1104,experiments/runs/mtsad_reproduction/classical/smd__knn__seed1104.json,per_point_adjusted,null,9.618640738929566,708420,0,0.390336261738867,0.0875220758049178,0.14298396493369583,0.8448521759241414,0.744396141828556,0.7914492570458772,0.5717810677433827,0.09114628471032893,0.15722905322767827,0.7914492570458772,last_point,percentile_combined,True,0.041562914655148074,7e9ab692bfa105dd921b0ef33fb8304f9b47e1c96623860c5ac8b51bb74f4ce7,historical_payload_protocol_record_not_new_strict_result
knn,SMD,1105,experiments/runs/mtsad_reproduction/classical/smd__knn__seed1105.json,tslib_reference,null,9.860735888935451,708420,0,0.34367041198501874,0.07791060997147127,0.12702455771200755,0.834971936565337,0.7528189104741204,0.7917701059098784,0.5396602119108513,0.0929424746731373,0.1585745892053368,0.7917701059098784,last_point,percentile_combined,True,0.041562914655148074,f77e3f1a9bec1e60d9d1e9b4cb1e40585bcfef97099a0ca95d26d535a983ddef,historical_payload_protocol_record_not_new_strict_result
knn,SMD,1105,experiments/runs/mtsad_reproduction/classical/smd__knn__seed1105.json,best_f1_adjusted,null,3.8848732366052734,708420,0,0.2609795427957125,0.28032875967939136,0.27030832964909696,0.5514422246531177,0.9758864284743921,0.704687864036002,0.17198436943511708,0.29125669308767094,0.21626579660984338,0.704687864036002,last_point,best_f1,True,0.041562914655148074,f77e3f1a9bec1e60d9d1e9b4cb1e40585bcfef97099a0ca95d26d535a983ddef,historical_payload_protocol_record_not_new_strict_result
knn,SMD,1105,experiments/runs/mtsad_reproduction/classical/smd__knn__seed1105.json,best_f1_pointwise,null,3.8848732366052734,708420,0,0.2609795427957125,0.28032875967939136,0.27030832964909696,0.5514422246531177,0.9758864284743921,0.704687864036002,0.17198436943511708,0.29125669308767094,0.21626579660984338,0.27030832964909696,last_point,best_f1,False,0.041562914655148074,f77e3f1a9bec1e60d9d1e9b4cb1e40585bcfef97099a0ca95d26d535a983ddef,historical_payload_protocol_record_not_new_strict_result
knn,SMD,1105,experiments/runs/mtsad_reproduction/classical/smd__knn__seed1105.json,per_point_adjusted,null,9.860735888935451,708420,0,0.34367041198501874,0.07791060997147127,0.12702455771200755,0.834971936565337,0.7528189104741204,0.7917701059098784,0.5396602119108513,0.0929424746731373,0.1585745892053368,0.7917701059098784,last_point,percentile_combined,True,0.041562914655148074,f77e3f1a9bec1e60d9d1e9b4cb1e40585bcfef97099a0ca95d26d535a983ddef,historical_payload_protocol_record_not_new_strict_result
mahalanobis,SMD,1103,experiments/runs/mtsad_reproduction/classical/smd__mahalanobis__seed1103.json,tslib_reference,null,788.7298278683826,708420,0,0.22317460317460316,0.04775166417606304,0.0786705461056401,0.8192828920645471,0.7535321287868496,0.7850331711632021,0.46745116965705197,0.11754552598216814,0.18785334692626965,0.7850331711632021,last_point,percentile_combined,True,0.041562914655148074,165de2a96792cdac663648da94f03dd19b95286793c39359caceca40269b3c21,historical_payload_protocol_record_not_new_strict_result
mahalanobis,SMD,1103,experiments/runs/mtsad_reproduction/classical/smd__mahalanobis__seed1103.json,best_f1_adjusted,null,213.53957556648734,708420,0,0.29926355724168713,0.22772041842141014,0.25863565353237283,0.6232753449310138,0.8821831272924874,0.7304658389459919,0.15112540416851208,0.23818970105561024,0.18492226146778232,0.7304658389459919,last_point,best_f1,True,0.041562914655148074,165de2a96792cdac663648da94f03dd19b95286793c39359caceca40269b3c21,historical_payload_protocol_record_not_new_strict_result
mahalanobis,SMD,1103,experiments/runs/mtsad_reproduction/classical/smd__mahalanobis__seed1103.json,best_f1_pointwise,null,213.53957556648734,708420,0,0.29926355724168713,0.22772041842141014,0.25863565353237283,0.6232753449310138,0.8821831272924874,0.7304658389459919,0.15112540416851208,0.23818970105561024,0.18492226146778232,0.25863565353237283,last_point,best_f1,False,0.041562914655148074,165de2a96792cdac663648da94f03dd19b95286793c39359caceca40269b3c21,historical_payload_protocol_record_not_new_strict_result
mahalanobis,SMD,1103,experiments/runs/mtsad_reproduction/classical/smd__mahalanobis__seed1103.json,per_point_adjusted,null,788.7298278683826,708420,0,0.22317460317460316,0.04775166417606304,0.0786705461056401,0.8192828920645471,0.7535321287868496,0.7850331711632021,0.46745116965705197,0.11754552598216814,0.18785334692626965,0.7850331711632021,last_point,percentile_combined,True,0.041562914655148074,165de2a96792cdac663648da94f03dd19b95286793c39359caceca40269b3c21,historical_payload_protocol_record_not_new_strict_result
mahalanobis,SMD,1104,experiments/runs/mtsad_reproduction/classical/smd__mahalanobis__seed1104.json,tslib_reference,null,788.7298278683826,708420,0,0.22317460317460316,0.04775166417606304,0.0786705461056401,0.8192828920645471,0.7535321287868496,0.7850331711632021,0.46745116965705197,0.11754552598216814,0.18785334692626965,0.7850331711632021,last_point,percentile_combined,True,0.041562914655148074,c18f7508d6115a3f4112c97ed579f3f90455870ced5a60aa7139d1323543b0f3,historical_payload_protocol_record_not_new_strict_result
mahalanobis,SMD,1104,experiments/runs/mtsad_reproduction/classical/smd__mahalanobis__seed1104.json,best_f1_adjusted,null,213.53957556648734,708420,0,0.29926355724168713,0.22772041842141014,0.25863565353237283,0.6232753449310138,0.8821831272924874,0.7304658389459919,0.15112540416851208,0.23818970105561024,0.18492226146778232,0.7304658389459919,last_point,best_f1,True,0.041562914655148074,c18f7508d6115a3f4112c97ed579f3f90455870ced5a60aa7139d1323543b0f3,historical_payload_protocol_record_not_new_strict_result
mahalanobis,SMD,1104,experiments/runs/mtsad_reproduction/classical/smd__mahalanobis__seed1104.json,best_f1_pointwise,null,213.53957556648734,708420,0,0.29926355724168713,0.22772041842141014,0.25863565353237283,0.6232753449310138,0.8821831272924874,0.7304658389459919,0.15112540416851208,0.23818970105561024,0.18492226146778232,0.25863565353237283,last_point,best_f1,False,0.041562914655148074,c18f7508d6115a3f4112c97ed579f3f90455870ced5a60aa7139d1323543b0f3,historical_payload_protocol_record_not_new_strict_result
mahalanobis,SMD,1104,experiments/runs/mtsad_reproduction/classical/smd__mahalanobis__seed1104.json,per_point_adjusted,null,788.7298278683826,708420,0,0.22317460317460316,0.04775166417606304,0.0786705461056401,0.8192828920645471,0.7535321287868496,0.7850331711632021,0.46745116965705197,0.11754552598216814,0.18785334692626965,0.7850331711632021,last_point,percentile_combined,True,0.041562914655148074,c18f7508d6115a3f4112c97ed579f3f90455870ced5a60aa7139d1323543b0f3,historical_payload_protocol_record_not_new_strict_result
mahalanobis,SMD,1105,experiments/runs/mtsad_reproduction/classical/smd__mahalanobis__seed1105.json,tslib_reference,null,788.7298278683826,708420,0,0.22317460317460316,0.04775166417606304,0.0786705461056401,0.8192828920645471,0.7535321287868496,0.7850331711632021,0.46745116965705197,0.11754552598216814,0.18785334692626965,0.7850331711632021,last_point,percentile_combined,True,0.041562914655148074,8a2c0fb59104fffb12a1d86cfa25ec65fec27f9e28e3ce65b2994b3a343d3c4c,historical_payload_protocol_record_not_new_strict_result
mahalanobis,SMD,1105,experiments/runs/mtsad_reproduction/classical/smd__mahalanobis__seed1105.json,best_f1_adjusted,null,213.53957556648734,708420,0,0.29926355724168713,0.22772041842141014,0.25863565353237283,0.6232753449310138,0.8821831272924874,0.7304658389459919,0.15112540416851208,0.23818970105561024,0.18492226146778232,0.7304658389459919,last_point,best_f1,True,0.041562914655148074,8a2c0fb59104fffb12a1d86cfa25ec65fec27f9e28e3ce65b2994b3a343d3c4c,historical_payload_protocol_record_not_new_strict_result
mahalanobis,SMD,1105,experiments/runs/mtsad_reproduction/classical/smd__mahalanobis__seed1105.json,best_f1_pointwise,null,213.53957556648734,708420,0,0.29926355724168713,0.22772041842141014,0.25863565353237283,0.6232753449310138,0.8821831272924874,0.7304658389459919,0.15112540416851208,0.23818970105561024,0.18492226146778232,0.25863565353237283,last_point,best_f1,False,0.041562914655148074,8a2c0fb59104fffb12a1d86cfa25ec65fec27f9e28e3ce65b2994b3a343d3c4c,historical_payload_protocol_record_not_new_strict_result
mahalanobis,SMD,1105,experiments/runs/mtsad_reproduction/classical/smd__mahalanobis__seed1105.json,per_point_adjusted,null,788.7298278683826,708420,0,0.22317460317460316,0.04775166417606304,0.0786705461056401,0.8192828920645471,0.7535321287868496,0.7850331711632021,0.46745116965705197,0.11754552598216814,0.18785334692626965,0.7850331711632021,last_point,percentile_combined,True,0.041562914655148074,8a2c0fb59104fffb12a1d86cfa25ec65fec27f9e28e3ce65b2994b3a343d3c4c,historical_payload_protocol_record_not_new_strict_result
ocsvm,SMD,1103,experiments/runs/mtsad_reproduction/classical/smd__ocsvm__seed1103.json,tslib_reference,null,45.02405998535836,708420,0,0.2681359044995409,0.059502784947697326,0.0973928511868364,0.8184854811159613,0.732339356065752,0.7730197709225833,0.5173874047024153,0.10146778432440276,0.16966215852552918,0.7730197709225833,last_point,percentile_combined,True,0.041562914655148074,27e4f44295e30b4a89405e030f78ed623015de5876fe263d196bd471bf27da3e,historical_payload_protocol_record_not_new_strict_result
ocsvm,SMD,1103,experiments/runs/mtsad_reproduction/classical/smd__ocsvm__seed1103.json,best_f1_adjusted,null,18.935801732968123,708420,0,0.2548991457899648,0.2412036408096726,0.24786235298223572,0.5678691118003372,0.9265385137888874,0.7041620958895269,0.12552178306087083,0.2591574688664009,0.16912743498733296,0.7041620958895269,last_point,best_f1,True,0.041562914655148074,27e4f44295e30b4a89405e030f78ed623015de5876fe263d196bd471bf27da3e,historical_payload_protocol_record_not_new_strict_result
ocsvm,SMD,1103,experiments/runs/mtsad_reproduction/classical/smd__ocsvm__seed1103.json,best_f1_pointwise,null,18.935801732968123,708420,0,0.2548991457899648,0.2412036408096726,0.24786235298223572,0.5678691118003372,0.9265385137888874,0.7041620958895269,0.12552178306087083,0.2591574688664009,0.16912743498733296,0.24786235298223572,last_point,best_f1,False,0.041562914655148074,27e4f44295e30b4a89405e030f78ed623015de5876fe263d196bd471bf27da3e,historical_payload_protocol_record_not_new_strict_result
ocsvm,SMD,1103,experiments/runs/mtsad_reproduction/classical/smd__ocsvm__seed1103.json,per_point_adjusted,null,45.02405998535836,708420,0,0.2681359044995409,0.059502784947697326,0.0973928511868364,0.8184854811159613,0.732339356065752,0.7730197709225833,0.5173874047024153,0.10146778432440276,0.16966215852552918,0.7730197709225833,last_point,percentile_combined,True,0.041562914655148074,27e4f44295e30b4a89405e030f78ed623015de5876fe263d196bd471bf27da3e,historical_payload_protocol_record_not_new_strict_result
ocsvm,SMD,1104,experiments/runs/mtsad_reproduction/classical/smd__ocsvm__seed1104.json,tslib_reference,null,46.23536485834242,708420,0,0.2519391870927707,0.055155549517728567,0.09049874616884926,0.8175558077941733,0.7338676810216003,0.7734545584708451,0.4653345815961071,0.10532672695332858,0.17177323110374743,0.7734545584708451,last_point,percentile_combined,True,0.041562914655148074,9f5a93b9d72c0dec169a6f4c7cde2ebcbf40ed2b75f18b32dcba98bd1c03a299,historical_payload_protocol_record_not_new_strict_result
ocsvm,SMD,1104,experiments/runs/mtsad_reproduction/classical/smd__ocsvm__seed1104.json,best_f1_adjusted,null,18.538803004512026,708420,0,0.24488964346349745,0.244939546257302,0.24491459231840254,0.5531217973192935,0.9348254313272654,0.6950143295415809,0.11822938285058197,0.261551604325672,0.16284693445516057,0.6950143295415809,last_point,best_f1,True,0.041562914655148074,9f5a93b9d72c0dec169a6f4c7cde2ebcbf40ed2b75f18b32dcba98bd1c03a299,historical_payload_protocol_record_not_new_strict_result
ocsvm,SMD,1104,experiments/runs/mtsad_reproduction/classical/smd__ocsvm__seed1104.json,best_f1_pointwise,null,18.538803004512026,708420,0,0.24488964346349745,0.244939546257302,0.24491459231840254,0.5531217973192935,0.9348254313272654,0.6950143295415809,0.11822938285058197,0.261551604325672,0.16284693445516057,0.24491459231840254,last_point,best_f1,False,0.041562914655148074,9f5a93b9d72c0dec169a6f4c7cde2ebcbf40ed2b75f18b32dcba98bd1c03a299,historical_payload_protocol_record_not_new_strict_result
ocsvm,SMD,1104,experiments/runs/mtsad_reproduction/classical/smd__ocsvm__seed1104.json,per_point_adjusted,null,46.23536485834242,708420,0,0.2519391870927707,0.055155549517728567,0.09049874616884926,0.8175558077941733,0.7338676810216003,0.7734545584708451,0.4653345815961071,0.10532672695332858,0.17177323110374743,0.7734545584708451,last_point,percentile_combined,True,0.041562914655148074,9f5a93b9d72c0dec169a6f4c7cde2ebcbf40ed2b75f18b32dcba98bd1c03a299,historical_payload_protocol_record_not_new_strict_result
ocsvm,SMD,1105,experiments/runs/mtsad_reproduction/classical/smd__ocsvm__seed1105.json,tslib_reference,null,99.95944218739277,708420,0,0.19165114835505898,0.04194402934383915,0.06882523406152474,0.7841276419394944,0.6426096997690531,0.7063500951954307,0.38460424299224677,0.11117535679170185,0.17249000949978088,0.7063500951954307,last_point,percentile_combined,True,0.041562914655148074,6eb6eaf07919f2b7d08695ba993da340504efbca4ec66ff2c8bc13e3328a7fa3,historical_payload_protocol_record_not_new_strict_result
ocsvm,SMD,1105,experiments/runs/mtsad_reproduction/classical/smd__ocsvm__seed1105.json,best_f1_adjusted,null,36.554268954692574,708420,0,0.2579480711520898,0.20143322918081782,0.22621431432004122,0.6036056966289525,0.8823869039532672,0.7168457792431746,0.1539450140416751,0.2221874883897039,0.18187556671616134,0.7168457792431746,last_point,best_f1,True,0.041562914655148074,6eb6eaf07919f2b7d08695ba993da340504efbca4ec66ff2c8bc13e3328a7fa3,historical_payload_protocol_record_not_new_strict_result
ocsvm,SMD,1105,experiments/runs/mtsad_reproduction/classical/smd__ocsvm__seed1105.json,best_f1_pointwise,null,36.554268954692574,708420,0,0.2579480711520898,0.20143322918081782,0.22621431432004122,0.6036056966289525,0.8823869039532672,0.7168457792431746,0.1539450140416751,0.2221874883897039,0.18187556671616134,0.22621431432004122,last_point,best_f1,False,0.041562914655148074,6eb6eaf07919f2b7d08695ba993da340504efbca4ec66ff2c8bc13e3328a7fa3,historical_payload_protocol_record_not_new_strict_result
ocsvm,SMD,1105,experiments/runs/mtsad_reproduction/classical/smd__ocsvm__seed1105.json,per_point_adjusted,null,99.95944218739277,708420,0,0.19165114835505898,0.04194402934383915,0.06882523406152474,0.7841276419394944,0.6426096997690531,0.7063500951954307,0.38460424299224677,0.11117535679170185,0.17249000949978088,0.7063500951954307,last_point,percentile_combined,True,0.041562914655148074,6eb6eaf07919f2b7d08695ba993da340504efbca4ec66ff2c8bc13e3328a7fa3,historical_payload_protocol_record_not_new_strict_result
pca,SMD,1103,experiments/runs/mtsad_reproduction/classical/smd__pca__seed1103.json,tslib_reference,null,178.37487809916348,708420,0,0.2092949731267784,0.0449667164787393,0.07402851551579535,0.799663569368792,0.6781008015215324,0.7338822318606191,0.3961001463752031,0.12849230324661615,0.194039468775285,0.7338822318606191,last_point,percentile_combined,True,0.041562914655148074,d8ceeb21f5a884e3f61babf1bee49ea665bfecec3e8b3876e92d605d60027044,historical_payload_protocol_record_not_new_strict_result
pca,SMD,1103,experiments/runs/mtsad_reproduction/classical/smd__pca__seed1103.json,best_f1_adjusted,null,31.244062144310536,708420,0,0.19450685903500473,0.22344110854503466,0.20797243472213442,0.5018649211979376,0.9322442602907214,0.6524756946920535,0.08347706427388604,0.24065687904617103,0.12395696392866444,0.6524756946920535,last_point,best_f1,True,0.041562914655148074,d8ceeb21f5a884e3f61babf1bee49ea665bfecec3e8b3876e92d605d60027044,historical_payload_protocol_record_not_new_strict_result
pca,SMD,1103,experiments/runs/mtsad_reproduction/classical/smd__pca__seed1103.json,best_f1_pointwise,null,31.244062144310536,708420,0,0.19450685903500473,0.22344110854503466,0.20797243472213442,0.5018649211979376,0.9322442602907214,0.6524756946920535,0.08347706427388604,0.24065687904617103,0.12395696392866444,0.20797243472213442,last_point,best_f1,False,0.041562914655148074,d8ceeb21f5a884e3f61babf1bee49ea665bfecec3e8b3876e92d605d60027044,historical_payload_protocol_record_not_new_strict_result
pca,SMD,1103,experiments/runs/mtsad_reproduction/classical/smd__pca__seed1103.json,per_point_adjusted,null,178.37487809916348,708420,0,0.2092949731267784,0.0449667164787393,0.07402851551579535,0.799663569368792,0.6781008015215324,0.7338822318606191,0.3961001463752031,0.12849230324661615,0.194039468775285,0.7338822318606191,last_point,percentile_combined,True,0.041562914655148074,d8ceeb21f5a884e3f61babf1bee49ea665bfecec3e8b3876e92d605d60027044,historical_payload_protocol_record_not_new_strict_result
pca,SMD,1104,experiments/runs/mtsad_reproduction/classical/smd__pca__seed1104.json,tslib_reference,null,178.37487809916348,708420,0,0.2092949731267784,0.0449667164787393,0.07402851551579535,0.799663569368792,0.6781008015215324,0.7338822318606191,0.3961001463752031,0.12849230324661615,0.194039468775285,0.7338822318606191,last_point,percentile_combined,True,0.041562914655148074,987d50017f529fd07add4f7cc90595fe59e9b32bc6def7066cc9357542c8edb9,historical_payload_protocol_record_not_new_strict_result
pca,SMD,1104,experiments/runs/mtsad_reproduction/classical/smd__pca__seed1104.json,best_f1_adjusted,null,31.244062144310536,708420,0,0.19450685903500473,0.22344110854503466,0.20797243472213442,0.5018649211979376,0.9322442602907214,0.6524756946920535,0.08347706427388604,0.24065687904617103,0.12395696392866444,0.6524756946920535,last_point,best_f1,True,0.041562914655148074,987d50017f529fd07add4f7cc90595fe59e9b32bc6def7066cc9357542c8edb9,historical_payload_protocol_record_not_new_strict_result
pca,SMD,1104,experiments/runs/mtsad_reproduction/classical/smd__pca__seed1104.json,best_f1_pointwise,null,31.244062144310536,708420,0,0.19450685903500473,0.22344110854503466,0.20797243472213442,0.5018649211979376,0.9322442602907214,0.6524756946920535,0.08347706427388604,0.24065687904617103,0.12395696392866444,0.20797243472213442,last_point,best_f1,False,0.041562914655148074,987d50017f529fd07add4f7cc90595fe59e9b32bc6def7066cc9357542c8edb9,historical_payload_protocol_record_not_new_strict_result
pca,SMD,1104,experiments/runs/mtsad_reproduction/classical/smd__pca__seed1104.json,per_point_adjusted,null,178.37487809916348,708420,0,0.2092949731267784,0.0449667164787393,0.07402851551579535,0.799663569368792,0.6781008015215324,0.7338822318606191,0.3961001463752031,0.12849230324661615,0.194039468775285,0.7338822318606191,last_point,percentile_combined,True,0.041562914655148074,987d50017f529fd07add4f7cc90595fe59e9b32bc6def7066cc9357542c8edb9,historical_payload_protocol_record_not_new_strict_result
pca,SMD,1105,experiments/runs/mtsad_reproduction/classical/smd__pca__seed1105.json,tslib_reference,null,178.37487809916348,708420,0,0.2092949731267784,0.0449667164787393,0.07402851551579535,0.799663569368792,0.6781008015215324,0.7338822318606191,0.3961001463752031,0.12849230324661615,0.194039468775285,0.7338822318606191,last_point,percentile_combined,True,0.041562914655148074,8eb577adf95ada4417039a29b68f22eb3b84e73a6fdb356dcc159c325a9d56e9,historical_payload_protocol_record_not_new_strict_result
pca,SMD,1105,experiments/runs/mtsad_reproduction/classical/smd__pca__seed1105.json,best_f1_adjusted,null,31.244062144310536,708420,0,0.19450685903500473,0.22344110854503466,0.20797243472213442,0.5018649211979376,0.9322442602907214,0.6524756946920535,0.08347706427388604,0.24065687904617103,0.12395696392866444,0.6524756946920535,last_point,best_f1,True,0.041562914655148074,8eb577adf95ada4417039a29b68f22eb3b84e73a6fdb356dcc159c325a9d56e9,historical_payload_protocol_record_not_new_strict_result
pca,SMD,1105,experiments/runs/mtsad_reproduction/classical/smd__pca__seed1105.json,best_f1_pointwise,null,31.244062144310536,708420,0,0.19450685903500473,0.22344110854503466,0.20797243472213442,0.5018649211979376,0.9322442602907214,0.6524756946920535,0.08347706427388604,0.24065687904617103,0.12395696392866444,0.20797243472213442,last_point,best_f1,False,0.041562914655148074,8eb577adf95ada4417039a29b68f22eb3b84e73a6fdb356dcc159c325a9d56e9,historical_payload_protocol_record_not_new_strict_result
pca,SMD,1105,experiments/runs/mtsad_reproduction/classical/smd__pca__seed1105.json,per_point_adjusted,null,178.37487809916348,708420,0,0.2092949731267784,0.0449667164787393,0.07402851551579535,0.799663569368792,0.6781008015215324,0.7338822318606191,0.3961001463752031,0.12849230324661615,0.194039468775285,0.7338822318606191,last_point,percentile_combined,True,0.041562914655148074,8eb577adf95ada4417039a29b68f22eb3b84e73a6fdb356dcc159c325a9d56e9,historical_payload_protocol_record_not_new_strict_result
isolation_forest,SWAT,1103,experiments/runs/mtsad_reproduction/classical/swat__isolation_forest__seed1103.json,tslib_reference,null,0.7562649017275312,449919,0,1.0,0.13494809688581316,0.2378048780487805,1.0,0.6572563665989272,0.7931861115100364,1.0,0.0013712693991245525,0.002738783188671643,0.7931861115100364,last_point,percentile_combined,True,0.12140185233342002,5f986f72da76f07e30560eb15e61dc8c9219f5de414e94892815ed8e9005a5e0,historical_payload_protocol_record_not_new_strict_result
isolation_forest,SWAT,1103,experiments/runs/mtsad_reproduction/classical/swat__isolation_forest__seed1103.json,best_f1_adjusted,null,0.6221972454036601,449919,0,0.9577460794600573,0.6183152999761996,0.7514796849272396,0.9654860901994394,0.7630947803958185,0.852441917539267,0.21204447980046093,0.12399586925652782,0.15648501537205262,0.852441917539267,last_point,best_f1,True,0.12140185233342002,5f986f72da76f07e30560eb15e61dc8c9219f5de414e94892815ed8e9005a5e0,historical_payload_protocol_record_not_new_strict_result
isolation_forest,SWAT,1103,experiments/runs/mtsad_reproduction/classical/swat__isolation_forest__seed1103.json,best_f1_pointwise,null,0.6221972454036601,449919,0,0.9577460794600573,0.6183152999761996,0.7514796849272396,0.9654860901994394,0.7630947803958185,0.852441917539267,0.21204447980046093,0.12399586925652782,0.15648501537205262,0.7514796849272396,last_point,best_f1,False,0.12140185233342002,5f986f72da76f07e30560eb15e61dc8c9219f5de414e94892815ed8e9005a5e0,historical_payload_protocol_record_not_new_strict_result
isolation_forest,SWAT,1103,experiments/runs/mtsad_reproduction/classical/swat__isolation_forest__seed1103.json,per_point_adjusted,null,0.7562649017275312,449919,0,1.0,0.13494809688581316,0.2378048780487805,1.0,0.6572563665989272,0.7931861115100364,1.0,0.0013712693991245525,0.002738783188671643,0.7931861115100364,last_point,percentile_combined,True,0.12140185233342002,5f986f72da76f07e30560eb15e61dc8c9219f5de414e94892815ed8e9005a5e0,historical_payload_protocol_record_not_new_strict_result
isolation_forest,SWAT,1104,experiments/runs/mtsad_reproduction/classical/swat__isolation_forest__seed1104.json,tslib_reference,null,0.7541111648216561,449919,0,1.0,0.12716720675198184,0.22564035928338236,1.0,0.6572563665989272,0.7931861115100364,1.0,0.0005125348189415042,0.0010245445231413426,0.7931861115100364,last_point,percentile_combined,True,0.12140185233342002,592c01345c3f72cce949f23a38f690c193e48e5bd7a3d7e7d6c17a577b671ebf,historical_payload_protocol_record_not_new_strict_result
isolation_forest,SWAT,1104,experiments/runs/mtsad_reproduction/classical/swat__isolation_forest__seed1104.json,best_f1_adjusted,null,0.6246051133812575,449919,0,0.9664153332565903,0.6148001684333865,0.7515133883113831,0.972313824108562,0.7503341205763351,0.8470218658289587,0.19067492583424941,0.11026259942662388,0.13972543271057833,0.8470218658289587,last_point,best_f1,True,0.12140185233342002,592c01345c3f72cce949f23a38f690c193e48e5bd7a3d7e7d6c17a577b671ebf,historical_payload_protocol_record_not_new_strict_result
isolation_forest,SWAT,1104,experiments/runs/mtsad_reproduction/classical/swat__isolation_forest__seed1104.json,best_f1_pointwise,null,0.6246051133812575,449919,0,0.9664153332565903,0.6148001684333865,0.7515133883113831,0.972313824108562,0.7503341205763351,0.8470218658289587,0.19067492583424941,0.11026259942662388,0.13972543271057833,0.7515133883113831,last_point,best_f1,False,0.12140185233342002,592c01345c3f72cce949f23a38f690c193e48e5bd7a3d7e7d6c17a577b671ebf,historical_payload_protocol_record_not_new_strict_result
isolation_forest,SWAT,1104,experiments/runs/mtsad_reproduction/classical/swat__isolation_forest__seed1104.json,per_point_adjusted,null,0.7541111648216561,449919,0,1.0,0.12716720675198184,0.22564035928338236,1.0,0.6572563665989272,0.7931861115100364,1.0,0.0005125348189415042,0.0010245445231413426,0.7931861115100364,last_point,percentile_combined,True,0.12140185233342002,592c01345c3f72cce949f23a38f690c193e48e5bd7a3d7e7d6c17a577b671ebf,historical_payload_protocol_record_not_new_strict_result
isolation_forest,SWAT,1105,experiments/runs/mtsad_reproduction/classical/swat__isolation_forest__seed1105.json,tslib_reference,null,0.7522031715273977,449919,0,1.0,0.13784075721791986,0.24228479485116655,1.0,0.6572563665989272,0.7931861115100364,1.0,0.000588141663350577,0.001175591912118539,0.7931861115100364,last_point,percentile_combined,True,0.12140185233342002,2ea22b9e24ec0245db401eefab8c48cac0f90d5dfcf1d68c218c06a8ea58cae4,historical_payload_protocol_record_not_new_strict_result
isolation_forest,SWAT,1105,experiments/runs/mtsad_reproduction/classical/swat__isolation_forest__seed1105.json,best_f1_adjusted,null,0.6309277449865869,449919,0,0.9616506270049577,0.6037055345013822,0.7417529889440002,0.9690828298027414,0.7546181871441388,0.848508553430636,0.17736253358557605,0.07199633908291123,0.10241827749684966,0.848508553430636,last_point,best_f1,True,0.12140185233342002,2ea22b9e24ec0245db401eefab8c48cac0f90d5dfcf1d68c218c06a8ea58cae4,historical_payload_protocol_record_not_new_strict_result
isolation_forest,SWAT,1105,experiments/runs/mtsad_reproduction/classical/swat__isolation_forest__seed1105.json,best_f1_pointwise,null,0.6309277449865869,449919,0,0.9616506270049577,0.6037055345013822,0.7417529889440002,0.9690828298027414,0.7546181871441388,0.848508553430636,0.17736253358557605,0.07199633908291123,0.10241827749684966,0.7417529889440002,last_point,best_f1,False,0.12140185233342002,2ea22b9e24ec0245db401eefab8c48cac0f90d5dfcf1d68c218c06a8ea58cae4,historical_payload_protocol_record_not_new_strict_result
isolation_forest,SWAT,1105,experiments/runs/mtsad_reproduction/classical/swat__isolation_forest__seed1105.json,per_point_adjusted,null,0.7522031715273977,449919,0,1.0,0.13784075721791986,0.24228479485116655,1.0,0.6572563665989272,0.7931861115100364,1.0,0.000588141663350577,0.001175591912118539,0.7931861115100364,last_point,percentile_combined,True,0.12140185233342002,2ea22b9e24ec0245db401eefab8c48cac0f90d5dfcf1d68c218c06a8ea58cae4,historical_payload_protocol_record_not_new_strict_result
knn,SWAT,1103,experiments/runs/mtsad_reproduction/classical/swat__knn__seed1103.json,tslib_reference,null,27.933087268656045,449919,0,0.9815502067649242,0.1694769411032387,0.2890463998001624,0.995470990915953,0.7001885721608905,0.8221195184866724,0.95930366666589,0.13154348224456863,0.23136173563684553,0.8221195184866724,last_point,percentile_combined,True,0.12140185233342002,b48f097592541b86cf2b94d1681ac1f7d4bd61b48bf6e6b0f1a9d815a3a95f20,historical_payload_protocol_record_not_new_strict_result
knn,SWAT,1103,experiments/runs/mtsad_reproduction/classical/swat__knn__seed1103.json,best_f1_adjusted,null,19.156288098198125,449919,0,0.9738139585844199,0.6508851906775782,0.7802565593828529,0.9771122124063301,0.747203456546017,0.8468305840854861,0.1364278748483094,0.24177477500523029,0.17442933706924163,0.8468305840854861,last_point,best_f1,True,0.12140185233342002,b48f097592541b86cf2b94d1681ac1f7d4bd61b48bf6e6b0f1a9d815a3a95f20,historical_payload_protocol_record_not_new_strict_result
knn,SWAT,1103,experiments/runs/mtsad_reproduction/classical/swat__knn__seed1103.json,best_f1_pointwise,null,19.156288098198125,449919,0,0.9738139585844199,0.6508851906775782,0.7802565593828529,0.9771122124063301,0.747203456546017,0.8468305840854861,0.1364278748483094,0.24177477500523029,0.17442933706924163,0.7802565593828529,last_point,best_f1,False,0.12140185233342002,b48f097592541b86cf2b94d1681ac1f7d4bd61b48bf6e6b0f1a9d815a3a95f20,historical_payload_protocol_record_not_new_strict_result
knn,SWAT,1103,experiments/runs/mtsad_reproduction/classical/swat__knn__seed1103.json,per_point_adjusted,null,27.933087268656045,449919,0,0.9815502067649242,0.1694769411032387,0.2890463998001624,0.995470990915953,0.7001885721608905,0.8221195184866724,0.95930366666589,0.13154348224456863,0.23136173563684553,0.8221195184866724,last_point,percentile_combined,True,0.12140185233342002,b48f097592541b86cf2b94d1681ac1f7d4bd61b48bf6e6b0f1a9d815a3a95f20,historical_payload_protocol_record_not_new_strict_result
knn,SWAT,1104,experiments/runs/mtsad_reproduction/classical/swat__knn__seed1104.json,tslib_reference,null,27.94181293227321,449919,0,0.9815873015873016,0.1698247926621629,0.28955377627944,0.995470990915953,0.7001885721608905,0.8221195184866724,0.9578237999991951,0.13154348224456863,0.2313186380430064,0.8221195184866724,last_point,percentile_combined,True,0.12140185233342002,3236df714a85c2867dafd4a4e6128dadc48e943f0a7176ac3ebe8a63bd911bb0,historical_payload_protocol_record_not_new_strict_result
knn,SWAT,1104,experiments/runs/mtsad_reproduction/classical/swat__knn__seed1104.json,best_f1_adjusted,null,19.220977765842893,449919,0,0.9782704489121454,0.6503176433972282,0.7812737130351586,0.9810345656458824,0.747203456546017,0.8483003024224977,0.1904331251975717,0.24129120084607797,0.21286656640769325,0.8483003024224977,last_point,best_f1,True,0.12140185233342002,3236df714a85c2867dafd4a4e6128dadc48e943f0a7176ac3ebe8a63bd911bb0,historical_payload_protocol_record_not_new_strict_result
knn,SWAT,1104,experiments/runs/mtsad_reproduction/classical/swat__knn__seed1104.json,best_f1_pointwise,null,19.220977765842893,449919,0,0.9782704489121454,0.6503176433972282,0.7812737130351586,0.9810345656458824,0.747203456546017,0.8483003024224977,0.1904331251975717,0.24129120084607797,0.21286656640769325,0.7812737130351586,last_point,best_f1,False,0.12140185233342002,3236df714a85c2867dafd4a4e6128dadc48e943f0a7176ac3ebe8a63bd911bb0,historical_payload_protocol_record_not_new_strict_result
knn,SWAT,1104,experiments/runs/mtsad_reproduction/classical/swat__knn__seed1104.json,per_point_adjusted,null,27.94181293227321,449919,0,0.9815873015873016,0.1698247926621629,0.28955377627944,0.995470990915953,0.7001885721608905,0.8221195184866724,0.9578237999991951,0.13154348224456863,0.2313186380430064,0.8221195184866724,last_point,percentile_combined,True,0.12140185233342002,3236df714a85c2867dafd4a4e6128dadc48e943f0a7176ac3ebe8a63bd911bb0,historical_payload_protocol_record_not_new_strict_result
knn,SWAT,1105,experiments/runs/mtsad_reproduction/classical/swat__knn__seed1105.json,tslib_reference,null,27.944821715106137,449919,0,0.9815873015873016,0.1698247926621629,0.28955377627944,0.995470990915953,0.7001885721608905,0.8221195184866724,0.9600053275854435,0.13154348224456863,0.23138212900180463,0.8221195184866724,last_point,percentile_combined,True,0.12140185233342002,c5b3f921a194885735e944d3e6877ad8f5c74f2804afa6ddc28e7996e0339ecf,historical_payload_protocol_record_not_new_strict_result
knn,SWAT,1105,experiments/runs/mtsad_reproduction/classical/swat__knn__seed1105.json,best_f1_adjusted,null,19.231417490969644,449919,0,0.9787550632388196,0.6502993354204427,0.7814149947201691,0.9814592150827242,0.747203456546017,0.8484590198014655,0.23991283111091627,0.24086854657726983,0.2403897389403582,0.8484590198014655,last_point,best_f1,True,0.12140185233342002,c5b3f921a194885735e944d3e6877ad8f5c74f2804afa6ddc28e7996e0339ecf,historical_payload_protocol_record_not_new_strict_result
knn,SWAT,1105,experiments/runs/mtsad_reproduction/classical/swat__knn__seed1105.json,best_f1_pointwise,null,19.231417490969644,449919,0,0.9787550632388196,0.6502993354204427,0.7814149947201691,0.9814592150827242,0.747203456546017,0.8484590198014655,0.23991283111091627,0.24086854657726983,0.2403897389403582,0.7814149947201691,last_point,best_f1,False,0.12140185233342002,c5b3f921a194885735e944d3e6877ad8f5c74f2804afa6ddc28e7996e0339ecf,historical_payload_protocol_record_not_new_strict_result
knn,SWAT,1105,experiments/runs/mtsad_reproduction/classical/swat__knn__seed1105.json,per_point_adjusted,null,27.944821715106137,449919,0,0.9815873015873016,0.1698247926621629,0.28955377627944,0.995470990915953,0.7001885721608905,0.8221195184866724,0.9600053275854435,0.13154348224456863,0.23138212900180463,0.8221195184866724,last_point,percentile_combined,True,0.12140185233342002,c5b3f921a194885735e944d3e6877ad8f5c74f2804afa6ddc28e7996e0339ecf,historical_payload_protocol_record_not_new_strict_result
mahalanobis,SWAT,1103,experiments/runs/mtsad_reproduction/classical/swat__mahalanobis__seed1103.json,tslib_reference,null,37237.56292223734,449919,0,0.971725087366303,0.16799399498361436,0.28646353646353645,0.9930548330038498,0.6989436297394775,0.8204373287487241,0.914284899498792,0.13861854679182445,0.24073782751633363,0.8204373287487241,last_point,percentile_combined,True,0.12140185233342002,c28fe7ec5ec761935514197313a7291c6e9cf4791e9f50791a3ed2d33e5ebf7a,historical_payload_protocol_record_not_new_strict_result
mahalanobis,SWAT,1103,experiments/runs/mtsad_reproduction/classical/swat__mahalanobis__seed1103.json,best_f1_adjusted,null,20810.446790472906,449919,0,0.9909502262443439,0.633492612731367,0.7728922592389909,0.9919558078558155,0.713406931400011,0.8299326972226956,0.9423185022019984,0.18961263229197733,0.31570028637798775,0.8299326972226956,last_point,best_f1,True,0.12140185233342002,c28fe7ec5ec761935514197313a7291c6e9cf4791e9f50791a3ed2d33e5ebf7a,historical_payload_protocol_record_not_new_strict_result
mahalanobis,SWAT,1103,experiments/runs/mtsad_reproduction/classical/swat__mahalanobis__seed1103.json,best_f1_pointwise,null,20810.446790472906,449919,0,0.9909502262443439,0.633492612731367,0.7728922592389909,0.9919558078558155,0.713406931400011,0.8299326972226956,0.9423185022019984,0.18961263229197733,0.31570028637798775,0.7728922592389909,last_point,best_f1,False,0.12140185233342002,c28fe7ec5ec761935514197313a7291c6e9cf4791e9f50791a3ed2d33e5ebf7a,historical_payload_protocol_record_not_new_strict_result
mahalanobis,SWAT,1103,experiments/runs/mtsad_reproduction/classical/swat__mahalanobis__seed1103.json,per_point_adjusted,null,37237.56292223734,449919,0,0.971725087366303,0.16799399498361436,0.28646353646353645,0.9930548330038498,0.6989436297394775,0.8204373287487241,0.914284899498792,0.13861854679182445,0.24073782751633363,0.8204373287487241,last_point,percentile_combined,True,0.12140185233342002,c28fe7ec5ec761935514197313a7291c6e9cf4791e9f50791a3ed2d33e5ebf7a,historical_payload_protocol_record_not_new_strict_result
mahalanobis,SWAT,1104,experiments/runs/mtsad_reproduction/classical/swat__mahalanobis__seed1104.json,tslib_reference,null,37237.56292223734,449919,0,0.971725087366303,0.16799399498361436,0.28646353646353645,0.9930548330038498,0.6989436297394775,0.8204373287487241,0.914284899498792,0.13861854679182445,0.24073782751633363,0.8204373287487241,last_point,percentile_combined,True,0.12140185233342002,eb3c58ffd35e9213cb368f58a7c4ec202e41a314a232c13c2b781ff7c27a8da5,historical_payload_protocol_record_not_new_strict_result
mahalanobis,SWAT,1104,experiments/runs/mtsad_reproduction/classical/swat__mahalanobis__seed1104.json,best_f1_adjusted,null,20810.446790472906,449919,0,0.9909502262443439,0.633492612731367,0.7728922592389909,0.9919558078558155,0.713406931400011,0.8299326972226956,0.9423185022019984,0.18961263229197733,0.31570028637798775,0.8299326972226956,last_point,best_f1,True,0.12140185233342002,eb3c58ffd35e9213cb368f58a7c4ec202e41a314a232c13c2b781ff7c27a8da5,historical_payload_protocol_record_not_new_strict_result
mahalanobis,SWAT,1104,experiments/runs/mtsad_reproduction/classical/swat__mahalanobis__seed1104.json,best_f1_pointwise,null,20810.446790472906,449919,0,0.9909502262443439,0.633492612731367,0.7728922592389909,0.9919558078558155,0.713406931400011,0.8299326972226956,0.9423185022019984,0.18961263229197733,0.31570028637798775,0.7728922592389909,last_point,best_f1,False,0.12140185233342002,eb3c58ffd35e9213cb368f58a7c4ec202e41a314a232c13c2b781ff7c27a8da5,historical_payload_protocol_record_not_new_strict_result
mahalanobis,SWAT,1104,experiments/runs/mtsad_reproduction/classical/swat__mahalanobis__seed1104.json,per_point_adjusted,null,37237.56292223734,449919,0,0.971725087366303,0.16799399498361436,0.28646353646353645,0.9930548330038498,0.6989436297394775,0.8204373287487241,0.914284899498792,0.13861854679182445,0.24073782751633363,0.8204373287487241,last_point,percentile_combined,True,0.12140185233342002,eb3c58ffd35e9213cb368f58a7c4ec202e41a314a232c13c2b781ff7c27a8da5,historical_payload_protocol_record_not_new_strict_result
mahalanobis,SWAT,1105,experiments/runs/mtsad_reproduction/classical/swat__mahalanobis__seed1105.json,tslib_reference,null,37237.56292223734,449919,0,0.971725087366303,0.16799399498361436,0.28646353646353645,0.9930548330038498,0.6989436297394775,0.8204373287487241,0.914284899498792,0.13861854679182445,0.24073782751633363,0.8204373287487241,last_point,percentile_combined,True,0.12140185233342002,ecefbfd9c66ce2fbd04612d11e40848a59b5fa6146bb0df85842f92996b2aa0e,historical_payload_protocol_record_not_new_strict_result
mahalanobis,SWAT,1105,experiments/runs/mtsad_reproduction/classical/swat__mahalanobis__seed1105.json,best_f1_adjusted,null,20810.446790472906,449919,0,0.9909502262443439,0.633492612731367,0.7728922592389909,0.9919558078558155,0.713406931400011,0.8299326972226956,0.9423185022019984,0.18961263229197733,0.31570028637798775,0.8299326972226956,last_point,best_f1,True,0.12140185233342002,ecefbfd9c66ce2fbd04612d11e40848a59b5fa6146bb0df85842f92996b2aa0e,historical_payload_protocol_record_not_new_strict_result
mahalanobis,SWAT,1105,experiments/runs/mtsad_reproduction/classical/swat__mahalanobis__seed1105.json,best_f1_pointwise,null,20810.446790472906,449919,0,0.9909502262443439,0.633492612731367,0.7728922592389909,0.9919558078558155,0.713406931400011,0.8299326972226956,0.9423185022019984,0.18961263229197733,0.31570028637798775,0.7728922592389909,last_point,best_f1,False,0.12140185233342002,ecefbfd9c66ce2fbd04612d11e40848a59b5fa6146bb0df85842f92996b2aa0e,historical_payload_protocol_record_not_new_strict_result
mahalanobis,SWAT,1105,experiments/runs/mtsad_reproduction/classical/swat__mahalanobis__seed1105.json,per_point_adjusted,null,37237.56292223734,449919,0,0.971725087366303,0.16799399498361436,0.28646353646353645,0.9930548330038498,0.6989436297394775,0.8204373287487241,0.914284899498792,0.13861854679182445,0.24073782751633363,0.8204373287487241,last_point,percentile_combined,True,0.12140185233342002,ecefbfd9c66ce2fbd04612d11e40848a59b5fa6146bb0df85842f92996b2aa0e,historical_payload_protocol_record_not_new_strict_result
ocsvm,SWAT,1103,experiments/runs/mtsad_reproduction/classical/swat__ocsvm__seed1103.json,tslib_reference,null,70.29144070858173,449919,0,0.9815286624203822,0.16927555335859834,0.28875251791820866,0.995470990915953,0.7001885721608905,0.8221195184866724,0.95930366666589,0.13154348224456863,0.23136173563684553,0.8221195184866724,last_point,percentile_combined,True,0.12140185233342002,545d1cd8eb88cbcca1752f2592f1fa1d825dd1ed7b3eb41769136b48a109fe9a,historical_payload_protocol_record_not_new_strict_result
ocsvm,SWAT,1103,experiments/runs/mtsad_reproduction/classical/swat__ocsvm__seed1103.json,best_f1_adjusted,null,70.28648868568033,449919,0,0.9600670505853408,0.6501162556525878,0.7752598026373243,0.9658220525280574,0.7641383350725911,0.8532237622143177,0.1347188794266473,0.24119075382255398,0.1728763788370505,0.8532237622143177,last_point,best_f1,True,0.12140185233342002,545d1cd8eb88cbcca1752f2592f1fa1d825dd1ed7b3eb41769136b48a109fe9a,historical_payload_protocol_record_not_new_strict_result
ocsvm,SWAT,1103,experiments/runs/mtsad_reproduction/classical/swat__ocsvm__seed1103.json,best_f1_pointwise,null,70.28648868568033,449919,0,0.9600670505853408,0.6501162556525878,0.7752598026373243,0.9658220525280574,0.7641383350725911,0.8532237622143177,0.1347188794266473,0.24119075382255398,0.1728763788370505,0.7752598026373243,last_point,best_f1,False,0.12140185233342002,545d1cd8eb88cbcca1752f2592f1fa1d825dd1ed7b3eb41769136b48a109fe9a,historical_payload_protocol_record_not_new_strict_result
ocsvm,SWAT,1103,experiments/runs/mtsad_reproduction/classical/swat__ocsvm__seed1103.json,per_point_adjusted,null,70.29144070858173,449919,0,0.9815286624203822,0.16927555335859834,0.28875251791820866,0.995470990915953,0.7001885721608905,0.8221195184866724,0.95930366666589,0.13154348224456863,0.23136173563684553,0.8221195184866724,last_point,percentile_combined,True,0.12140185233342002,545d1cd8eb88cbcca1752f2592f1fa1d825dd1ed7b3eb41769136b48a109fe9a,historical_payload_protocol_record_not_new_strict_result
ocsvm,SWAT,1104,experiments/runs/mtsad_reproduction/classical/swat__ocsvm__seed1104.json,tslib_reference,null,68.9952606916003,449919,0,0.9815873015873016,0.1698247926621629,0.28955377627944,0.995470990915953,0.7001885721608905,0.8221195184866724,0.9619722786877988,0.13154348224456863,0.23143915777389898,0.8221195184866724,last_point,percentile_combined,True,0.12140185233342002,d40a761fcfeea0396a9b9080e1feda91092021b151fd45fb1ed4e8194c230ee2,historical_payload_protocol_record_not_new_strict_result
ocsvm,SWAT,1104,experiments/runs/mtsad_reproduction/classical/swat__ocsvm__seed1104.json,best_f1_adjusted,null,68.99088557513645,449919,0,0.9533702307424935,0.6528075282400542,0.7749668557518854,0.9598914493353572,0.7641383350725911,0.850901603416817,0.11579432916899436,0.243633467034498,0.15697936651735164,0.850901603416817,last_point,best_f1,True,0.12140185233342002,d40a761fcfeea0396a9b9080e1feda91092021b151fd45fb1ed4e8194c230ee2,historical_payload_protocol_record_not_new_strict_result
ocsvm,SWAT,1104,experiments/runs/mtsad_reproduction/classical/swat__ocsvm__seed1104.json,best_f1_pointwise,null,68.99088557513645,449919,0,0.9533702307424935,0.6528075282400542,0.7749668557518854,0.9598914493353572,0.7641383350725911,0.850901603416817,0.11579432916899436,0.243633467034498,0.15697936651735164,0.7749668557518854,last_point,best_f1,False,0.12140185233342002,d40a761fcfeea0396a9b9080e1feda91092021b151fd45fb1ed4e8194c230ee2,historical_payload_protocol_record_not_new_strict_result
ocsvm,SWAT,1104,experiments/runs/mtsad_reproduction/classical/swat__ocsvm__seed1104.json,per_point_adjusted,null,68.9952606916003,449919,0,0.9815873015873016,0.1698247926621629,0.28955377627944,0.995470990915953,0.7001885721608905,0.8221195184866724,0.9619722786877988,0.13154348224456863,0.23143915777389898,0.8221195184866724,last_point,percentile_combined,True,0.12140185233342002,d40a761fcfeea0396a9b9080e1feda91092021b151fd45fb1ed4e8194c230ee2,historical_payload_protocol_record_not_new_strict_result
ocsvm,SWAT,1105,experiments/runs/mtsad_reproduction/classical/swat__ocsvm__seed1105.json,tslib_reference,null,64.35272367158753,449919,0,0.9816892464013548,0.16980648468537743,0.2895315987451029,0.9954969024936228,0.7001885721608905,0.8221283547759541,0.9631795079358052,0.13154348224456863,0.2314740580712752,0.8221283547759541,last_point,percentile_combined,True,0.12140185233342002,6d11a51aabbcb1560ad1489c544d0a927a9c6309cb4efd2aa6bc2536a5f55eb6,historical_payload_protocol_record_not_new_strict_result
ocsvm,SWAT,1105,experiments/runs/mtsad_reproduction/classical/swat__ocsvm__seed1105.json,best_f1_adjusted,null,64.35079451595577,449919,0,0.9573139550531558,0.6511964262829315,0.7751263947001394,0.9633921152248176,0.7641383350725911,0.8522742355403543,0.1237269417806403,0.24280887236374948,0.16392394988686199,0.8522742355403543,last_point,best_f1,True,0.12140185233342002,6d11a51aabbcb1560ad1489c544d0a927a9c6309cb4efd2aa6bc2536a5f55eb6,historical_payload_protocol_record_not_new_strict_result
ocsvm,SWAT,1105,experiments/runs/mtsad_reproduction/classical/swat__ocsvm__seed1105.json,best_f1_pointwise,null,64.35079451595577,449919,0,0.9573139550531558,0.6511964262829315,0.7751263947001394,0.9633921152248176,0.7641383350725911,0.8522742355403543,0.1237269417806403,0.24280887236374948,0.16392394988686199,0.7751263947001394,last_point,best_f1,False,0.12140185233342002,6d11a51aabbcb1560ad1489c544d0a927a9c6309cb4efd2aa6bc2536a5f55eb6,historical_payload_protocol_record_not_new_strict_result
ocsvm,SWAT,1105,experiments/runs/mtsad_reproduction/classical/swat__ocsvm__seed1105.json,per_point_adjusted,null,64.35272367158753,449919,0,0.9816892464013548,0.16980648468537743,0.2895315987451029,0.9954969024936228,0.7001885721608905,0.8221283547759541,0.9631795079358052,0.13154348224456863,0.2314740580712752,0.8221283547759541,last_point,percentile_combined,True,0.12140185233342002,6d11a51aabbcb1560ad1489c544d0a927a9c6309cb4efd2aa6bc2536a5f55eb6,historical_payload_protocol_record_not_new_strict_result
pca,SWAT,1103,experiments/runs/mtsad_reproduction/classical/swat__pca__seed1103.json,tslib_reference,null,497.20111478875054,449919,0,0.9869037478705281,0.16969663682466452,0.28959742552294065,0.9967942035029191,0.7001885721608905,0.8225704115540547,0.9641137353817932,0.09990042707984095,0.1810415261679467,0.8225704115540547,last_point,percentile_combined,True,0.12140185233342002,259a8ad1a7beca03b8269dc82032faafb57c762335ac8a2fa5904765aea351b0,historical_payload_protocol_record_not_new_strict_result
pca,SWAT,1103,experiments/runs/mtsad_reproduction/classical/swat__pca__seed1103.json,best_f1_adjusted,null,310.750923497622,449919,0,0.9790328513624402,0.6334559967777961,0.7692136679931527,0.9817073170731707,0.7280533128283994,0.8360647121277424,0.08874535412852634,0.20595656517625613,0.12404186816821422,0.8360647121277424,last_point,best_f1,True,0.12140185233342002,259a8ad1a7beca03b8269dc82032faafb57c762335ac8a2fa5904765aea351b0,historical_payload_protocol_record_not_new_strict_result
pca,SWAT,1103,experiments/runs/mtsad_reproduction/classical/swat__pca__seed1103.json,best_f1_pointwise,null,310.750923497622,449919,0,0.9790328513624402,0.6334559967777961,0.7692136679931527,0.9817073170731707,0.7280533128283994,0.8360647121277424,0.08874535412852634,0.20595656517625613,0.12404186816821422,0.7692136679931527,last_point,best_f1,False,0.12140185233342002,259a8ad1a7beca03b8269dc82032faafb57c762335ac8a2fa5904765aea351b0,historical_payload_protocol_record_not_new_strict_result
pca,SWAT,1103,experiments/runs/mtsad_reproduction/classical/swat__pca__seed1103.json,per_point_adjusted,null,497.20111478875054,449919,0,0.9869037478705281,0.16969663682466452,0.28959742552294065,0.9967942035029191,0.7001885721608905,0.8225704115540547,0.9641137353817932,0.09990042707984095,0.1810415261679467,0.8225704115540547,last_point,percentile_combined,True,0.12140185233342002,259a8ad1a7beca03b8269dc82032faafb57c762335ac8a2fa5904765aea351b0,historical_payload_protocol_record_not_new_strict_result
pca,SWAT,1104,experiments/runs/mtsad_reproduction/classical/swat__pca__seed1104.json,tslib_reference,null,497.20111478875054,449919,0,0.9869037478705281,0.16969663682466452,0.28959742552294065,0.9967942035029191,0.7001885721608905,0.8225704115540547,0.9641137353817932,0.09990042707984095,0.1810415261679467,0.8225704115540547,last_point,percentile_combined,True,0.12140185233342002,8c3bb29c336b0a491bc69213909cc3645daa9f049ea1261e230f20d7fa5f2fc5,historical_payload_protocol_record_not_new_strict_result
pca,SWAT,1104,experiments/runs/mtsad_reproduction/classical/swat__pca__seed1104.json,best_f1_adjusted,null,310.750923497622,449919,0,0.9790328513624402,0.6334559967777961,0.7692136679931527,0.9817073170731707,0.7280533128283994,0.8360647121277424,0.08874535412852634,0.20595656517625613,0.12404186816821422,0.8360647121277424,last_point,best_f1,True,0.12140185233342002,8c3bb29c336b0a491bc69213909cc3645daa9f049ea1261e230f20d7fa5f2fc5,historical_payload_protocol_record_not_new_strict_result
pca,SWAT,1104,experiments/runs/mtsad_reproduction/classical/swat__pca__seed1104.json,best_f1_pointwise,null,310.750923497622,449919,0,0.9790328513624402,0.6334559967777961,0.7692136679931527,0.9817073170731707,0.7280533128283994,0.8360647121277424,0.08874535412852634,0.20595656517625613,0.12404186816821422,0.7692136679931527,last_point,best_f1,False,0.12140185233342002,8c3bb29c336b0a491bc69213909cc3645daa9f049ea1261e230f20d7fa5f2fc5,historical_payload_protocol_record_not_new_strict_result
pca,SWAT,1104,experiments/runs/mtsad_reproduction/classical/swat__pca__seed1104.json,per_point_adjusted,null,497.20111478875054,449919,0,0.9869037478705281,0.16969663682466452,0.28959742552294065,0.9967942035029191,0.7001885721608905,0.8225704115540547,0.9641137353817932,0.09990042707984095,0.1810415261679467,0.8225704115540547,last_point,percentile_combined,True,0.12140185233342002,8c3bb29c336b0a491bc69213909cc3645daa9f049ea1261e230f20d7fa5f2fc5,historical_payload_protocol_record_not_new_strict_result
pca,SWAT,1105,experiments/runs/mtsad_reproduction/classical/swat__pca__seed1105.json,tslib_reference,null,497.20111478875054,449919,0,0.9869037478705281,0.16969663682466452,0.28959742552294065,0.9967942035029191,0.7001885721608905,0.8225704115540547,0.9641137353817932,0.09990042707984095,0.1810415261679467,0.8225704115540547,last_point,percentile_combined,True,0.12140185233342002,ac732cad5b6009b75993d5851717c88157ac7e27078cb5428fa2770c0e51dd7c,historical_payload_protocol_record_not_new_strict_result
pca,SWAT,1105,experiments/runs/mtsad_reproduction/classical/swat__pca__seed1105.json,best_f1_adjusted,null,310.750923497622,449919,0,0.9790328513624402,0.6334559967777961,0.7692136679931527,0.9817073170731707,0.7280533128283994,0.8360647121277424,0.08874535412852634,0.20595656517625613,0.12404186816821422,0.8360647121277424,last_point,best_f1,True,0.12140185233342002,ac732cad5b6009b75993d5851717c88157ac7e27078cb5428fa2770c0e51dd7c,historical_payload_protocol_record_not_new_strict_result
pca,SWAT,1105,experiments/runs/mtsad_reproduction/classical/swat__pca__seed1105.json,best_f1_pointwise,null,310.750923497622,449919,0,0.9790328513624402,0.6334559967777961,0.7692136679931527,0.9817073170731707,0.7280533128283994,0.8360647121277424,0.08874535412852634,0.20595656517625613,0.12404186816821422,0.7692136679931527,last_point,best_f1,False,0.12140185233342002,ac732cad5b6009b75993d5851717c88157ac7e27078cb5428fa2770c0e51dd7c,historical_payload_protocol_record_not_new_strict_result
pca,SWAT,1105,experiments/runs/mtsad_reproduction/classical/swat__pca__seed1105.json,per_point_adjusted,null,497.20111478875054,449919,0,0.9869037478705281,0.16969663682466452,0.28959742552294065,0.9967942035029191,0.7001885721608905,0.8225704115540547,0.9641137353817932,0.09990042707984095,0.1810415261679467,0.8225704115540547,last_point,percentile_combined,True,0.12140185233342002,ac732cad5b6009b75993d5851717c88157ac7e27078cb5428fa2770c0e51dd7c,historical_payload_protocol_record_not_new_strict_result
dcdetector,MSL,1103,experiments/runs/mtsad_reproduction/dc_msl/msl__dcdetector__seed1103.json,tslib_reference,null,0.9856018394231857,6627600,0,0.10414622734064873,0.00987209202506653,0.01803466576406214,0.9044564353024883,0.8038758691733195,0.8512052381767582,0.10414622734064873,0.024373346876203624,0.039502031348758425,0.8512052381767582,window_flatten,percentile_combined,True,0.105458989679522,a21313a45413a567715f050de33f0377e5d55c252acb8eed207427d6b2e8bb47,historical_payload_protocol_record_not_new_strict_result
dcdetector,MSL,1103,experiments/runs/mtsad_reproduction/dc_msl/msl__dcdetector__seed1103.json,best_f1_adjusted,null,1.401298464324817e-45,6627600,0,0.10544624252667918,0.845013878158354,0.18749558533918326,0.12241465375460425,0.9999613700746846,0.21812640734793617,0.10604093427073727,0.6447754052799253,0.18212865855209054,0.21812640734793617,window_flatten,best_f1,True,0.105458989679522,a21313a45413a567715f050de33f0377e5d55c252acb8eed207427d6b2e8bb47,historical_payload_protocol_record_not_new_strict_result
dcdetector,MSL,1103,experiments/runs/mtsad_reproduction/dc_msl/msl__dcdetector__seed1103.json,best_f1_pointwise,null,1.401298464324817e-45,6627600,0,0.10544624252667918,0.845013878158354,0.18749558533918326,0.12241465375460425,0.9999613700746846,0.21812640734793617,0.10604093427073727,0.6447754052799253,0.18212865855209054,0.18749558533918326,window_flatten,best_f1,False,0.105458989679522,a21313a45413a567715f050de33f0377e5d55c252acb8eed207427d6b2e8bb47,historical_payload_protocol_record_not_new_strict_result
dcdetector,MSL,1103,experiments/runs/mtsad_reproduction/dc_msl/msl__dcdetector__seed1103.json,per_point_adjusted,null,2.9653922789529857e-10,73640,0,0.1503448275862069,0.014035539531290239,0.02567424331645271,0.9216284987277353,0.9327839299510687,0.9271726609496993,0.15401146131805157,0.006112859341655138,0.011758993214288336,0.9271726609496993,last_point,percentile_combined,True,0.105458989679522,a21313a45413a567715f050de33f0377e5d55c252acb8eed207427d6b2e8bb47,historical_payload_protocol_record_not_new_strict_result
dcdetector,PSM,1103,experiments/runs/mtsad_reproduction/dc_psm/psm__dcdetector__seed1103.json,tslib_reference,null,0.8354954260587677,5266920,0,0.2813778990450205,0.010161287342730984,0.019614253023864006,0.9735713947245923,0.9559889669631573,0.9647000740557887,0.2813778990450205,0.007983759721629265,0.01552696059683505,0.9647000740557887,window_flatten,percentile_combined,True,0.2774731721765282,fa069fccc337250e74fae9b381ea3fcca870bdf5e106b00bad3a544812aad8fc,historical_payload_protocol_record_not_new_strict_result
dcdetector,PSM,1103,experiments/runs/mtsad_reproduction/dc_psm/psm__dcdetector__seed1103.json,best_f1_adjusted,null,0.0,5266920,0,0.2763015775085668,0.9919530815386858,0.43221319833276683,0.27791689835821654,0.9999842619791998,0.4349515175694959,0.4939537447697985,0.9648091504714347,0.6533907524220697,0.4349515175694959,window_flatten,best_f1,True,0.2774731721765282,fa069fccc337250e74fae9b381ea3fcca870bdf5e106b00bad3a544812aad8fc,historical_payload_protocol_record_not_new_strict_result
dcdetector,PSM,1103,experiments/runs/mtsad_reproduction/dc_psm/psm__dcdetector__seed1103.json,best_f1_pointwise,null,0.0,5266920,0,0.2763015775085668,0.9919530815386858,0.43221319833276683,0.27791689835821654,0.9999842619791998,0.4349515175694959,0.4939537447697985,0.9648091504714347,0.6533907524220697,0.43221319833276683,window_flatten,best_f1,False,0.2774731721765282,fa069fccc337250e74fae9b381ea3fcca870bdf5e106b00bad3a544812aad8fc,historical_payload_protocol_record_not_new_strict_result
dcdetector,PSM,1103,experiments/runs/mtsad_reproduction/dc_psm/psm__dcdetector__seed1103.json,per_point_adjusted,null,3.1167993269631913e-10,87782,0,0.26555023923444976,0.009105450965916083,0.01760716976642741,0.9739654002713705,0.942127066158074,0.9577817158344628,0.2605932203389831,0.0010753236628012525,0.002141809266872966,0.9577817158344628,last_point,percentile_combined,True,0.2777448679683762,fa069fccc337250e74fae9b381ea3fcca870bdf5e106b00bad3a544812aad8fc,historical_payload_protocol_record_not_new_strict_result
dcdetector,SMAP,1103,experiments/runs/mtsad_reproduction/dc_smap/smap__dcdetector__seed1103.json,tslib_reference,"{""window"": 105, ""patch_sizes"": [3, 5, 7], ""d_model"": 256, ""n_heads"": 1, ""e_layers"": 3, ""dropout"": 0.0, ""temperature"": 50.0, ""epochs"": 3, ""learning_rate"": 0.0001, ""batch_size"": 256, ""seed"": 1103, ""device"": ""auto""}",0.2803247264027613,44888865,0,0.12192766027288161,0.00789053957110122,0.014821882129796788,0.9429853816913519,0.9398390758965572,0.9414095999667916,0.1219379166386102,0.01217459569123236,0.022138796876090362,0.9414095999667916,window_flatten,percentile_combined,True,0.12793996907696373,38793c2921765ada397cdb5fc3fcac7b49acb6063fdfbc0524b2f0f978836462,historical_payload_protocol_record_not_new_strict_result
dcdetector,SMAP,1103,experiments/runs/mtsad_reproduction/dc_smap/smap__dcdetector__seed1103.json,best_f1_adjusted,"{""window"": 105, ""patch_sizes"": [3, 5, 7], ""d_model"": 256, ""n_heads"": 1, ""e_layers"": 3, ""dropout"": 0.0, ""temperature"": 50.0, ""epochs"": 3, ""learning_rate"": 0.0001, ""batch_size"": 256, ""seed"": 1103, ""device"": ""auto""}",2.3226068137219372e-29,44888865,0,0.14993996391505227,0.7218201731475097,0.24830153642854003,0.1963574876871429,0.9998751540984977,0.32825215832015026,0.10154329211494444,0.49882089291712856,0.16873729947703475,0.32825215832015026,window_flatten,best_f1,True,0.12793996907696373,38793c2921765ada397cdb5fc3fcac7b49acb6063fdfbc0524b2f0f978836462,historical_payload_protocol_record_not_new_strict_result
dcdetector,SMAP,1103,experiments/runs/mtsad_reproduction/dc_smap/smap__dcdetector__seed1103.json,best_f1_pointwise,"{""window"": 105, ""patch_sizes"": [3, 5, 7], ""d_model"": 256, ""n_heads"": 1, ""e_layers"": 3, ""dropout"": 0.0, ""temperature"": 50.0, ""epochs"": 3, ""learning_rate"": 0.0001, ""batch_size"": 256, ""seed"": 1103, ""device"": ""auto""}",2.3226068137219372e-29,44888865,0,0.14993996391505227,0.7218201731475097,0.24830153642854003,0.1963574876871429,0.9998751540984977,0.32825215832015026,0.10154329211494444,0.49882089291712856,0.16873729947703475,0.24830153642854003,window_flatten,best_f1,False,0.12793996907696373,38793c2921765ada397cdb5fc3fcac7b49acb6063fdfbc0524b2f0f978836462,historical_payload_protocol_record_not_new_strict_result
dcdetector,SMAP,1103,experiments/runs/mtsad_reproduction/dc_smap/smap__dcdetector__seed1103.json,per_point_adjusted,"{""window"": 105, ""patch_sizes"": [3, 5, 7], ""d_model"": 256, ""n_heads"": 1, ""e_layers"": 3, ""dropout"": 0.0, ""temperature"": 50.0, ""epochs"": 3, ""learning_rate"": 0.0001, ""batch_size"": 256, ""seed"": 1103, ""device"": ""auto""}",0.5164530261158939,427513,0,0.09725158562367865,0.005887084978791868,0.011102108366231662,0.9380209845311658,0.8270623080298376,0.879054040924195,0.09086362120706902,0.003779594326141895,0.007257311054619304,0.879054040924195,last_point,percentile_combined,True,0.12793996907696373,38793c2921765ada397cdb5fc3fcac7b49acb6063fdfbc0524b2f0f978836462,historical_payload_protocol_record_not_new_strict_result
dcdetector,SMD,1103,experiments/runs/mtsad_reproduction/dc_smd/smd__dcdetector__seed1103.json,tslib_reference,null,0.9764186210632364,743820,0,0.04844444444444444,0.007044984488107549,0.012301094684572847,0.8584603179849932,0.8392903309203723,0.8487670964262954,0.048465984882169855,0.016004646696890158,0.02406307944741427,0.8487670964262954,window_flatten,percentile_combined,True,0.041601462719475145,6cceb98a94166b1d4f26d82219714d2e5d7cd15de437c8262a62e11f9ce1eed7,historical_payload_protocol_record_not_new_strict_result
dcdetector,SMD,1103,experiments/runs/mtsad_reproduction/dc_smd/smd__dcdetector__seed1103.json,best_f1_adjusted,null,2.412587540058751e-40,743820,0,0.04165812200528194,0.7549444157187177,0.07895924275378852,0.05435100104521156,0.9981902792140641,0.10308886107634543,0.042600292414517335,0.6847956537172658,0.08021077171981067,0.10308886107634543,window_flatten,best_f1,True,0.041601462719475145,6cceb98a94166b1d4f26d82219714d2e5d7cd15de437c8262a62e11f9ce1eed7,historical_payload_protocol_record_not_new_strict_result
dcdetector,SMD,1103,experiments/runs/mtsad_reproduction/dc_smd/smd__dcdetector__seed1103.json,best_f1_pointwise,null,2.412587540058751e-40,743820,0,0.04165812200528194,0.7549444157187177,0.07895924275378852,0.05435100104521156,0.9981902792140641,0.10308886107634543,0.042600292414517335,0.6847956537172658,0.08021077171981067,0.07895924275378852,window_flatten,best_f1,False,0.041601462719475145,6cceb98a94166b1d4f26d82219714d2e5d7cd15de437c8262a62e11f9ce1eed7,historical_payload_protocol_record_not_new_strict_result
dcdetector,SMD,1103,experiments/runs/mtsad_reproduction/dc_smd/smd__dcdetector__seed1103.json,per_point_adjusted,null,0.004398425959051471,7084,0,0.02127659574468085,0.0033444816053511705,0.005780346820809248,0.41025641025641024,0.10702341137123746,0.16976127320954904,0.02127659574468085,0.0002670940170940171,0.0005275652862041678,0.16976127320954904,last_point,percentile_combined,True,0.04220779220779221,6cceb98a94166b1d4f26d82219714d2e5d7cd15de437c8262a62e11f9ce1eed7,historical_payload_protocol_record_not_new_strict_result
dcdetector,SWAT,1103,experiments/runs/mtsad_reproduction/dc_swat/swat__dcdetector__seed1103.json,tslib_reference,"{""window"": 105, ""patch_sizes"": [3, 5, 7], ""d_model"": 256, ""n_heads"": 1, ""e_layers"": 3, ""dropout"": 0.0, ""temperature"": 50.0, ""epochs"": 3, ""learning_rate"": 0.0001, ""batch_size"": 128, ""seed"": 1103, ""device"": ""auto""}",0.31767456114292125,47230575,0,0.12507447812304529,0.010285072634718376,0.01900715664382083,0.9311704024123086,0.9733380062264557,0.9517873891550696,0.12507130784418097,0.013695802512149344,0.024688154531308876,0.9517873891550696,window_flatten,percentile_combined,True,0.12142992118982249,0e57658861c57f2d1aeafb3a557f804aa509e84884262d83ecf517a881511fa5,historical_payload_protocol_record_not_new_strict_result
dcdetector,SWAT,1103,experiments/runs/mtsad_reproduction/dc_swat/swat__dcdetector__seed1103.json,best_f1_adjusted,"{""window"": 105, ""patch_sizes"": [3, 5, 7], ""d_model"": 256, ""n_heads"": 1, ""e_layers"": 3, ""dropout"": 0.0, ""temperature"": 50.0, ""epochs"": 3, ""learning_rate"": 0.0001, ""batch_size"": 128, ""seed"": 1103, ""device"": ""auto""}",0.0,47230575,0,0.11903973319938402,0.9658380127650189,0.21195586282612086,0.12273343943172532,1.0,0.2186332661363452,0.2584169184022896,0.9181654881710788,0.40331980949386836,0.2186332661363452,window_flatten,best_f1,True,0.12142992118982249,0e57658861c57f2d1aeafb3a557f804aa509e84884262d83ecf517a881511fa5,historical_payload_protocol_record_not_new_strict_result
dcdetector,SWAT,1103,experiments/runs/mtsad_reproduction/dc_swat/swat__dcdetector__seed1103.json,best_f1_pointwise,"{""window"": 105, ""patch_sizes"": [3, 5, 7], ""d_model"": 256, ""n_heads"": 1, ""e_layers"": 3, ""dropout"": 0.0, ""temperature"": 50.0, ""epochs"": 3, ""learning_rate"": 0.0001, ""batch_size"": 128, ""seed"": 1103, ""device"": ""auto""}",0.0,47230575,0,0.11903973319938402,0.9658380127650189,0.21195586282612086,0.12273343943172532,1.0,0.2186332661363452,0.2584169184022896,0.9181654881710788,0.40331980949386836,0.21195586282612086,window_flatten,best_f1,False,0.12142992118982249,0e57658861c57f2d1aeafb3a557f804aa509e84884262d83ecf517a881511fa5,historical_payload_protocol_record_not_new_strict_result
dcdetector,SWAT,1103,experiments/runs/mtsad_reproduction/dc_swat/swat__dcdetector__seed1103.json,per_point_adjusted,"{""window"": 105, ""patch_sizes"": [3, 5, 7], ""d_model"": 256, ""n_heads"": 1, ""e_layers"": 3, ""dropout"": 0.0, ""temperature"": 50.0, ""epochs"": 3, ""learning_rate"": 0.0001, ""batch_size"": 128, ""seed"": 1103, ""device"": ""auto""}",0.0928869053721431,449815,0,0.129973474801061,0.010765090349865437,0.019883337560233322,0.92807411874349,0.9298072170044488,0.9289398595259,0.13306122448979593,0.0029415739670635268,0.005755902649443437,0.9289398595259,last_point,percentile_combined,True,0.12142992118982249,0e57658861c57f2d1aeafb3a557f804aa509e84884262d83ecf517a881511fa5,historical_payload_protocol_record_not_new_strict_result
dcdetector,MSL,1103,experiments/runs/mtsad_reproduction/dcs_msl/msl__dcdetector__seed1103.json,tslib_reference,"{""window"": 90, ""patch_sizes"": [3, 5], ""d_model"": 256, ""n_heads"": 1, ""e_layers"": 3, ""dropout"": 0.0, ""temperature"": 50.0, ""epochs"": 3, ""learning_rate"": 0.0001, ""batch_size"": 64, ""seed"": 1103, ""device"": ""auto""}",0.9869600993394857,6627600,0,0.10411983888729653,0.009874953501015823,0.01803904452131323,0.9043849268642178,0.803671273642945,0.8510588654174668,0.10411983888729653,0.023858951785959207,0.038821904831344525,0.8510588654174668,window_flatten,percentile_combined,True,0.105458989679522,e736bead95bba4f0e341bb700e2cf1926c35248aab7b737ddf934a9f16b90007,historical_payload_protocol_record_not_new_strict_result
dcdetector,MSL,1103,experiments/runs/mtsad_reproduction/dcs_msl/msl__dcdetector__seed1103.json,best_f1_adjusted,"{""window"": 90, ""patch_sizes"": [3, 5], ""d_model"": 256, ""n_heads"": 1, ""e_layers"": 3, ""dropout"": 0.0, ""temperature"": 50.0, ""epochs"": 3, ""learning_rate"": 0.0001, ""batch_size"": 64, ""seed"": 1103, ""device"": ""auto""}",4.203895392974451e-45,6627600,0,0.10549187915751251,0.8408060777749163,0.1874636048862718,0.12300381536377775,0.9999585085987353,0.21906115483750346,0.10558052824736665,0.63641632277606,0.1811144385620083,0.21906115483750346,window_flatten,best_f1,True,0.105458989679522,e736bead95bba4f0e341bb700e2cf1926c35248aab7b737ddf934a9f16b90007,historical_payload_protocol_record_not_new_strict_result
dcdetector,MSL,1103,experiments/runs/mtsad_reproduction/dcs_msl/msl__dcdetector__seed1103.json,best_f1_pointwise,"{""window"": 90, ""patch_sizes"": [3, 5], ""d_model"": 256, ""n_heads"": 1, ""e_layers"": 3, ""dropout"": 0.0, ""temperature"": 50.0, ""epochs"": 3, ""learning_rate"": 0.0001, ""batch_size"": 64, ""seed"": 1103, ""device"": ""auto""}",4.203895392974451e-45,6627600,0,0.10549187915751251,0.8408060777749163,0.1874636048862718,0.12300381536377775,0.9999585085987353,0.21906115483750346,0.10558052824736665,0.63641632277606,0.1811144385620083,0.1874636048862718,window_flatten,best_f1,False,0.105458989679522,e736bead95bba4f0e341bb700e2cf1926c35248aab7b737ddf934a9f16b90007,historical_payload_protocol_record_not_new_strict_result
dcdetector,MSL,1103,experiments/runs/mtsad_reproduction/dcs_msl/msl__dcdetector__seed1103.json,per_point_adjusted,"{""window"": 90, ""patch_sizes"": [3, 5], ""d_model"": 256, ""n_heads"": 1, ""e_layers"": 3, ""dropout"": 0.0, ""temperature"": 50.0, ""epochs"": 3, ""learning_rate"": 0.0001, ""batch_size"": 64, ""seed"": 1103, ""device"": ""auto""}",2.550609981555338e-10,73640,0,0.14594594594594595,0.01390677311357198,0.025393839642605224,0.9187033702083869,0.9196497553438063,0.9191763191763191,0.1492857142857143,0.005287618797285203,0.01021348163074719,0.9191763191763191,last_point,percentile_combined,True,0.105458989679522,e736bead95bba4f0e341bb700e2cf1926c35248aab7b737ddf934a9f16b90007,historical_payload_protocol_record_not_new_strict_result
dcdetector,PSM,1103,experiments/runs/mtsad_reproduction/dcs_psm/psm__dcdetector__seed1103.json,tslib_reference,"{""window"": 60, ""patch_sizes"": [1, 3, 5], ""d_model"": 256, ""n_heads"": 1, ""e_layers"": 3, ""dropout"": 0.0, ""temperature"": 50.0, ""epochs"": 3, ""learning_rate"": 0.0001, ""batch_size"": 256, ""seed"": 1103, ""device"": ""auto""}",0.8355131483077969,5266920,0,0.2812890758213027,0.01015923455740922,0.019610212843520488,0.9735652888933797,0.9559889669631573,0.9646970765144104,0.2812890758213027,0.007983759721629265,0.015526825320195945,0.9646970765144104,window_flatten,percentile_combined,True,0.2774731721765282,0716f61c4789d3a7104701083a704702db4c0ad8024a25026cb3fc17f32022e4,historical_payload_protocol_record_not_new_strict_result
dcdetector,PSM,1103,experiments/runs/mtsad_reproduction/dcs_psm/psm__dcdetector__seed1103.json,best_f1_adjusted,"{""window"": 60, ""patch_sizes"": [1, 3, 5], ""d_model"": 256, ""n_heads"": 1, ""e_layers"": 3, ""dropout"": 0.0, ""temperature"": 50.0, ""epochs"": 3, ""learning_rate"": 0.0001, ""batch_size"": 256, ""seed"": 1103, ""device"": ""auto""}",0.0,5266920,0,0.27630147218447887,0.9919530815386858,0.432213069470114,0.27791679265484187,0.9999842619791998,0.4349513881169233,0.494017732559781,0.9648091504714347,0.6534467309492648,0.4349513881169233,window_flatten,best_f1,True,0.2774731721765282,0716f61c4789d3a7104701083a704702db4c0ad8024a25026cb3fc17f32022e4,historical_payload_protocol_record_not_new_strict_result
dcdetector,PSM,1103,experiments/runs/mtsad_reproduction/dcs_psm/psm__dcdetector__seed1103.json,best_f1_pointwise,"{""window"": 60, ""patch_sizes"": [1, 3, 5], ""d_model"": 256, ""n_heads"": 1, ""e_layers"": 3, ""dropout"": 0.0, ""temperature"": 50.0, ""epochs"": 3, ""learning_rate"": 0.0001, ""batch_size"": 256, ""seed"": 1103, ""device"": ""auto""}",0.0,5266920,0,0.27630147218447887,0.9919530815386858,0.432213069470114,0.27791679265484187,0.9999842619791998,0.4349513881169233,0.494017732559781,0.9648091504714347,0.6534467309492648,0.432213069470114,window_flatten,best_f1,False,0.2774731721765282,0716f61c4789d3a7104701083a704702db4c0ad8024a25026cb3fc17f32022e4,historical_payload_protocol_record_not_new_strict_result
dcdetector,PSM,1103,experiments/runs/mtsad_reproduction/dcs_psm/psm__dcdetector__seed1103.json,per_point_adjusted,"{""window"": 60, ""patch_sizes"": [1, 3, 5], ""d_model"": 256, ""n_heads"": 1, ""e_layers"": 3, ""dropout"": 0.0, ""temperature"": 50.0, ""epochs"": 3, ""learning_rate"": 0.0001, ""batch_size"": 256, ""seed"": 1103, ""device"": ""auto""}",3.126053374491467e-10,87782,0,0.26555023923444976,0.009105450965916083,0.01760716976642741,0.9739654002713705,0.942127066158074,0.9577817158344628,0.2605932203389831,0.0010753236628012525,0.002141809266872966,0.9577817158344628,last_point,percentile_combined,True,0.2777448679683762,0716f61c4789d3a7104701083a704702db4c0ad8024a25026cb3fc17f32022e4,historical_payload_protocol_record_not_new_strict_result
dcdetector,SMAP,1103,experiments/runs/mtsad_reproduction/dcs_smap/smap__dcdetector__seed1103.json,tslib_reference,"{""window"": 105, ""patch_sizes"": [3, 5, 7], ""d_model"": 256, ""n_heads"": 1, ""e_layers"": 3, ""dropout"": 0.0, ""temperature"": 50.0, ""epochs"": 3, ""learning_rate"": 0.0001, ""batch_size"": 256, ""seed"": 1103, ""device"": ""auto""}",0.28040297447145046,44888865,0,0.12193153323791177,0.007891236061486171,0.014823139535720432,0.9429844038854545,0.9398709403316687,0.9414250979184278,0.12194179307075756,0.012180639570291717,0.022148853114305898,0.9414250979184278,window_flatten,percentile_combined,True,0.12793996907696373,9fafe95929ba29a5e52f1096156794b872b5f6d1358fed1cf108317b96383107,historical_payload_protocol_record_not_new_strict_result
dcdetector,SMAP,1103,experiments/runs/mtsad_reproduction/dcs_smap/smap__dcdetector__seed1103.json,best_f1_adjusted,"{""window"": 105, ""patch_sizes"": [3, 5, 7], ""d_model"": 256, ""n_heads"": 1, ""e_layers"": 3, ""dropout"": 0.0, ""temperature"": 50.0, ""epochs"": 3, ""learning_rate"": 0.0001, ""batch_size"": 256, ""seed"": 1103, ""device"": ""auto""}",2.3312912531383546e-29,44888865,0,0.14994030679334952,0.721791094673938,0.24830028606048582,0.19636426941977822,0.9998751540984977,0.3282616343943626,0.10155104655998796,0.49876096950082727,0.16874457642357812,0.3282616343943626,window_flatten,best_f1,True,0.12793996907696373,9fafe95929ba29a5e52f1096156794b872b5f6d1358fed1cf108317b96383107,historical_payload_protocol_record_not_new_strict_result
dcdetector,SMAP,1103,experiments/runs/mtsad_reproduction/dcs_smap/smap__dcdetector__seed1103.json,best_f1_pointwise,"{""window"": 105, ""patch_sizes"": [3, 5, 7], ""d_model"": 256, ""n_heads"": 1, ""e_layers"": 3, ""dropout"": 0.0, ""temperature"": 50.0, ""epochs"": 3, ""learning_rate"": 0.0001, ""batch_size"": 256, ""seed"": 1103, ""device"": ""auto""}",2.3312912531383546e-29,44888865,0,0.14994030679334952,0.721791094673938,0.24830028606048582,0.19636426941977822,0.9998751540984977,0.3282616343943626,0.10155104655998796,0.49876096950082727,0.16874457642357812,0.24830028606048582,window_flatten,best_f1,False,0.12793996907696373,9fafe95929ba29a5e52f1096156794b872b5f6d1358fed1cf108317b96383107,historical_payload_protocol_record_not_new_strict_result
dcdetector,SMAP,1103,experiments/runs/mtsad_reproduction/dcs_smap/smap__dcdetector__seed1103.json,per_point_adjusted,"{""window"": 105, ""patch_sizes"": [3, 5, 7], ""d_model"": 256, ""n_heads"": 1, ""e_layers"": 3, ""dropout"": 0.0, ""temperature"": 50.0, ""epochs"": 3, ""learning_rate"": 0.0001, ""batch_size"": 256, ""seed"": 1103, ""device"": ""auto""}",0.5160519869029516,427513,0,0.09779655900996076,0.005923650724001755,0.01117068041166026,0.9380209845311658,0.8270623080298376,0.879054040924195,0.0913135357579802,0.004143627817223074,0.007927520422449446,0.879054040924195,last_point,percentile_combined,True,0.12793996907696373,9fafe95929ba29a5e52f1096156794b872b5f6d1358fed1cf108317b96383107,historical_payload_protocol_record_not_new_strict_result
dcdetector,SMD,1103,experiments/runs/mtsad_reproduction/dcs_smd/smd__dcdetector__seed1103.json,tslib_reference,"{""window"": 105, ""patch_sizes"": [5, 7], ""d_model"": 256, ""n_heads"": 1, ""e_layers"": 3, ""dropout"": 0.0, ""temperature"": 50.0, ""epochs"": 3, ""learning_rate"": 0.0001, ""batch_size"": 256, ""seed"": 1103, ""device"": ""auto""}",0.9764186210632364,743820,0,0.04844444444444444,0.007044984488107549,0.012301094684572847,0.8584603179849932,0.8392903309203723,0.8487670964262954,0.048465984882169855,0.016004646696890158,0.02406307944741427,0.8487670964262954,window_flatten,percentile_combined,True,0.041601462719475145,1c164964c700a56b1c36817ed2709f116f472d9922a3f614eb29859f19e02e48,historical_payload_protocol_record_not_new_strict_result
dcdetector,SMD,1103,experiments/runs/mtsad_reproduction/dcs_smd/smd__dcdetector__seed1103.json,best_f1_adjusted,"{""window"": 105, ""patch_sizes"": [5, 7], ""d_model"": 256, ""n_heads"": 1, ""e_layers"": 3, ""dropout"": 0.0, ""temperature"": 50.0, ""epochs"": 3, ""learning_rate"": 0.0001, ""batch_size"": 256, ""seed"": 1103, ""device"": ""auto""}",2.412587540058751e-40,743820,0,0.04165812200528194,0.7549444157187177,0.07895924275378852,0.05435100104521156,0.9981902792140641,0.10308886107634543,0.042600292414517335,0.6847956537172658,0.08021077171981067,0.10308886107634543,window_flatten,best_f1,True,0.041601462719475145,1c164964c700a56b1c36817ed2709f116f472d9922a3f614eb29859f19e02e48,historical_payload_protocol_record_not_new_strict_result
dcdetector,SMD,1103,experiments/runs/mtsad_reproduction/dcs_smd/smd__dcdetector__seed1103.json,best_f1_pointwise,"{""window"": 105, ""patch_sizes"": [5, 7], ""d_model"": 256, ""n_heads"": 1, ""e_layers"": 3, ""dropout"": 0.0, ""temperature"": 50.0, ""epochs"": 3, ""learning_rate"": 0.0001, ""batch_size"": 256, ""seed"": 1103, ""device"": ""auto""}",2.412587540058751e-40,743820,0,0.04165812200528194,0.7549444157187177,0.07895924275378852,0.05435100104521156,0.9981902792140641,0.10308886107634543,0.042600292414517335,0.6847956537172658,0.08021077171981067,0.07895924275378852,window_flatten,best_f1,False,0.041601462719475145,1c164964c700a56b1c36817ed2709f116f472d9922a3f614eb29859f19e02e48,historical_payload_protocol_record_not_new_strict_result
dcdetector,SMD,1103,experiments/runs/mtsad_reproduction/dcs_smd/smd__dcdetector__seed1103.json,per_point_adjusted,"{""window"": 105, ""patch_sizes"": [5, 7], ""d_model"": 256, ""n_heads"": 1, ""e_layers"": 3, ""dropout"": 0.0, ""temperature"": 50.0, ""epochs"": 3, ""learning_rate"": 0.0001, ""batch_size"": 256, ""seed"": 1103, ""device"": ""auto""}",0.0043984246109620454,7084,0,0.02127659574468085,0.0033444816053511705,0.005780346820809248,0.41025641025641024,0.10702341137123746,0.16976127320954904,0.02127659574468085,0.0002670940170940171,0.0005275652862041678,0.16976127320954904,last_point,percentile_combined,True,0.04220779220779221,1c164964c700a56b1c36817ed2709f116f472d9922a3f614eb29859f19e02e48,historical_payload_protocol_record_not_new_strict_result
dcdetector,SWAT,1103,experiments/runs/mtsad_reproduction/dcs_swat/swat__dcdetector__seed1103.json,tslib_reference,"{""window"": 105, ""patch_sizes"": [3, 5, 7], ""d_model"": 256, ""n_heads"": 1, ""e_layers"": 3, ""dropout"": 0.0, ""temperature"": 50.0, ""epochs"": 3, ""learning_rate"": 0.0001, ""batch_size"": 128, ""seed"": 1103, ""device"": ""auto""}",0.31787299573421146,47230575,0,0.1254865749780803,0.010331278480891267,0.01909081492152168,0.9311380960290413,0.9735502043954837,0.9518719503946635,0.12547497913692532,0.013603888069263808,0.024546469294164385,0.9518719503946635,window_flatten,percentile_combined,True,0.12142992118982249,2a67436060fd02126c8b4dc8899c2c4c86c44a43b38d8a8b5ed2637df8b4397b,historical_payload_protocol_record_not_new_strict_result
dcdetector,SWAT,1103,experiments/runs/mtsad_reproduction/dcs_swat/swat__dcdetector__seed1103.json,best_f1_adjusted,"{""window"": 105, ""patch_sizes"": [3, 5, 7], ""d_model"": 256, ""n_heads"": 1, ""e_layers"": 3, ""dropout"": 0.0, ""temperature"": 50.0, ""epochs"": 3, ""learning_rate"": 0.0001, ""batch_size"": 128, ""seed"": 1103, ""device"": ""auto""}",0.0,47230575,0,0.11896093806596876,0.9649013418003367,0.21180840203395365,0.12275698786566469,1.0,0.21867062809205562,0.25962895798865904,0.9151876288793996,0.4045043509021473,0.21867062809205562,window_flatten,best_f1,True,0.12142992118982249,2a67436060fd02126c8b4dc8899c2c4c86c44a43b38d8a8b5ed2637df8b4397b,historical_payload_protocol_record_not_new_strict_result
dcdetector,SWAT,1103,experiments/runs/mtsad_reproduction/dcs_swat/swat__dcdetector__seed1103.json,best_f1_pointwise,"{""window"": 105, ""patch_sizes"": [3, 5, 7], ""d_model"": 256, ""n_heads"": 1, ""e_layers"": 3, ""dropout"": 0.0, ""temperature"": 50.0, ""epochs"": 3, ""learning_rate"": 0.0001, ""batch_size"": 128, ""seed"": 1103, ""device"": ""auto""}",0.0,47230575,0,0.11896093806596876,0.9649013418003367,0.21180840203395365,0.12275698786566469,1.0,0.21867062809205562,0.25962895798865904,0.9151876288793996,0.4045043509021473,0.21180840203395365,window_flatten,best_f1,False,0.12142992118982249,2a67436060fd02126c8b4dc8899c2c4c86c44a43b38d8a8b5ed2637df8b4397b,historical_payload_protocol_record_not_new_strict_result
dcdetector,SWAT,1103,experiments/runs/mtsad_reproduction/dcs_swat/swat__dcdetector__seed1103.json,per_point_adjusted,"{""window"": 105, ""patch_sizes"": [3, 5, 7], ""d_model"": 256, ""n_heads"": 1, ""e_layers"": 3, ""dropout"": 0.0, ""temperature"": 50.0, ""epochs"": 3, ""learning_rate"": 0.0001, ""batch_size"": 128, ""seed"": 1103, ""device"": ""auto""}",0.08307628110051192,449815,0,0.13521379001567047,0.011058017978433204,0.020444083401028976,0.9325358016067062,0.9775910364145658,0.9545320474432657,0.13847868487043744,0.0025740975166650233,0.005054244699091098,0.9545320474432657,last_point,percentile_combined,True,0.12142992118982249,2a67436060fd02126c8b4dc8899c2c4c86c44a43b38d8a8b5ed2637df8b4397b,historical_payload_protocol_record_not_new_strict_result
usad,MSL,1103,experiments/runs/mtsad_reproduction/deep/msl__usad__seed1103.json,tslib_reference,null,42.42668533325195,7363000,0,0.5211836115326252,0.04422611382951326,0.08153353115727002,0.5586729698732832,0.051434457893381406,0.09419666123490446,0.5985412928456407,0.058466820628381544,0.10652777550172322,0.09419666123490446,window_flatten,percentile_combined,True,0.10547331250848839,255b2839061e45166add7aff45c54dd890e61c4253b8f8a2813bb850e26fb467,historical_payload_protocol_record_not_new_strict_result
usad,MSL,1103,experiments/runs/mtsad_reproduction/deep/msl__usad__seed1103.json,best_f1_adjusted,null,0.14336487650871277,7363000,0,0.13817274099187563,0.8606528457378316,0.23811717344448602,0.1440642993177837,0.9035269121813031,0.2485052758926731,0.056033504017393314,0.8002173928334866,0.10473328474406748,0.2485052758926731,window_flatten,best_f1,True,0.10547331250848839,255b2839061e45166add7aff45c54dd890e61c4253b8f8a2813bb850e26fb467,historical_payload_protocol_record_not_new_strict_result
usad,MSL,1103,experiments/runs/mtsad_reproduction/deep/msl__usad__seed1103.json,best_f1_pointwise,null,0.14336487650871277,7363000,0,0.13817274099187563,0.8606528457378316,0.23811717344448602,0.1440642993177837,0.9035269121813031,0.2485052758926731,0.056033504017393314,0.8002173928334866,0.10473328474406748,0.23811717344448602,window_flatten,best_f1,False,0.10547331250848839,255b2839061e45166add7aff45c54dd890e61c4253b8f8a2813bb850e26fb467,historical_payload_protocol_record_not_new_strict_result
usad,MSL,1103,experiments/runs/mtsad_reproduction/deep/msl__usad__seed1103.json,per_point_adjusted,null,42.42480995178211,73630,0,0.5803030303030303,0.04931753798609323,0.09090909090909091,0.6541822721598003,0.06747360288436775,0.12232987043305707,0.8114508679726071,0.07996874399598873,0.14558958733905514,0.12232987043305707,last_point,percentile_combined,True,0.10547331250848839,255b2839061e45166add7aff45c54dd890e61c4253b8f8a2813bb850e26fb467,historical_payload_protocol_record_not_new_strict_result
usad,PSM,1103,experiments/runs/mtsad_reproduction/deep/psm__usad__seed1103.json,tslib_reference,null,2.7589240074157715,8774200,0,0.7998636926889715,0.026522967890070352,0.05134342082133247,0.9884536415603133,0.5681241992651525,0.7215372323742896,0.848129580456718,0.04135618053551269,0.07886669261068258,0.7215372323742896,window_flatten,percentile_combined,True,0.27737024458070253,d424f434362975d5e4a24071e9ae68ea2dffa995ee569d24fec45330a7a8cab2,historical_payload_protocol_record_not_new_strict_result
usad,PSM,1103,experiments/runs/mtsad_reproduction/deep/psm__usad__seed1103.json,best_f1_adjusted,null,0.3453178405761719,8774200,0,0.46543940958112767,0.8706924676891419,0.6066086663779152,0.48696259478630277,0.9491724952356534,0.6436880546838764,0.3094772332885945,0.6941384880335089,0.4280922552961753,0.6436880546838764,window_flatten,best_f1,True,0.27737024458070253,d424f434362975d5e4a24071e9ae68ea2dffa995ee569d24fec45330a7a8cab2,historical_payload_protocol_record_not_new_strict_result
usad,PSM,1103,experiments/runs/mtsad_reproduction/deep/psm__usad__seed1103.json,best_f1_pointwise,null,0.3453178405761719,8774200,0,0.46543940958112767,0.8706924676891419,0.6066086663779152,0.48696259478630277,0.9491724952356534,0.6436880546838764,0.3094772332885945,0.6941384880335089,0.4280922552961753,0.6066086663779152,window_flatten,best_f1,False,0.27737024458070253,d424f434362975d5e4a24071e9ae68ea2dffa995ee569d24fec45330a7a8cab2,historical_payload_protocol_record_not_new_strict_result
usad,PSM,1103,experiments/runs/mtsad_reproduction/deep/psm__usad__seed1103.json,per_point_adjusted,null,2.7584940958023134,87742,0,0.7673267326732673,0.025432767249159077,0.04923370126260621,0.986829199943954,0.5778160636639593,0.7288626720480182,0.8766840148698886,0.03786073623507,0.07258672078843244,0.7288626720480182,last_point,percentile_combined,True,0.2778372957078708,d424f434362975d5e4a24071e9ae68ea2dffa995ee569d24fec45330a7a8cab2,historical_payload_protocol_record_not_new_strict_result
usad,SMAP,1103,experiments/runs/mtsad_reproduction/deep/smap__usad__seed1103.json,tslib_reference,null,9.54934310913086,42751800,0,0.5254468652734549,0.021605419043440106,0.041504258495039074,0.9305742212554365,0.2615465481936522,0.4083285546980811,0.16080721989066668,0.0710096120594117,0.09851621389811589,0.4083285546980811,window_flatten,percentile_combined,True,0.12793847276605896,e6c39a7791b1be14aa74f33752c5096d3d64b3ef01e8b863d9e28b246d01cbb7,historical_payload_protocol_record_not_new_strict_result
usad,SMAP,1103,experiments/runs/mtsad_reproduction/deep/smap__usad__seed1103.json,best_f1_adjusted,null,0.002388838678598404,42751800,0,0.12957502203185853,0.9999943323094924,0.22942245581067588,0.12957502203185853,0.9999943323094924,0.22942245581067588,0.040263760240869334,0.9992647659504943,0.07740847112832867,0.22942245581067588,window_flatten,best_f1,True,0.12793847276605896,e6c39a7791b1be14aa74f33752c5096d3d64b3ef01e8b863d9e28b246d01cbb7,historical_payload_protocol_record_not_new_strict_result
usad,SMAP,1103,experiments/runs/mtsad_reproduction/deep/smap__usad__seed1103.json,best_f1_pointwise,null,0.002388838678598404,42751800,0,0.12957502203185853,0.9999943323094924,0.22942245581067588,0.12957502203185853,0.9999943323094924,0.22942245581067588,0.040263760240869334,0.9992647659504943,0.07740847112832867,0.22942245581067588,window_flatten,best_f1,False,0.12793847276605896,e6c39a7791b1be14aa74f33752c5096d3d64b3ef01e8b863d9e28b246d01cbb7,historical_payload_protocol_record_not_new_strict_result
usad,SMAP,1103,experiments/runs/mtsad_reproduction/deep/smap__usad__seed1103.json,per_point_adjusted,null,9.549342203140258,427518,0,0.6426666666666667,0.026437033786748575,0.050784954167105684,0.949840913344563,0.2783567354102677,0.43054082714740194,0.32027648966214567,0.0630461106160952,0.10535349066461244,0.43054082714740194,last_point,percentile_combined,True,0.12793847276605896,e6c39a7791b1be14aa74f33752c5096d3d64b3ef01e8b863d9e28b246d01cbb7,historical_payload_protocol_record_not_new_strict_result
usad,SMD,1103,experiments/runs/mtsad_reproduction/deep/smd__usad__seed1103.json,tslib_reference,null,16.283092498779297,708400,0,0.21964285714285714,0.041774215459856,0.07019746604268919,0.34551445259847235,0.07835212606982747,0.1277373273165195,0.28427777777777774,0.05621314359866178,0.09386533702297084,0.1277373273165195,window_flatten,percentile_combined,True,0.04156408808582722,449745b4b9c66bf7bd37f1163f8d759cb560e17512622b71d605783ba4d830aa,historical_payload_protocol_record_not_new_strict_result
usad,SMD,1103,experiments/runs/mtsad_reproduction/deep/smd__usad__seed1103.json,best_f1_adjusted,null,1.0762853622436523,708400,0,0.23646034816247583,0.41519494633881265,0.3013161786453712,0.3313175458210523,0.6642779513653037,0.4421212052713669,0.25192316135521003,0.3201485033452868,0.2819675507197469,0.4421212052713669,window_flatten,best_f1,True,0.04156408808582722,449745b4b9c66bf7bd37f1163f8d759cb560e17512622b71d605783ba4d830aa,historical_payload_protocol_record_not_new_strict_result
usad,SMD,1103,experiments/runs/mtsad_reproduction/deep/smd__usad__seed1103.json,best_f1_pointwise,null,1.0762853622436523,708400,0,0.23646034816247583,0.41519494633881265,0.3013161786453712,0.3313175458210523,0.6642779513653037,0.4421212052713669,0.25192316135521003,0.3201485033452868,0.2819675507197469,0.3013161786453712,window_flatten,best_f1,False,0.04156408808582722,449745b4b9c66bf7bd37f1163f8d759cb560e17512622b71d605783ba4d830aa,historical_payload_protocol_record_not_new_strict_result
usad,SMD,1103,experiments/runs/mtsad_reproduction/deep/smd__usad__seed1103.json,per_point_adjusted,null,16.230987815856874,7084,0,0.17543859649122806,0.03322259136212625,0.0558659217877095,0.2878787878787879,0.06312292358803986,0.10354223433242507,0.18279569892473116,0.04901960784313726,0.07730786721236925,0.10354223433242507,last_point,percentile_combined,True,0.042490118577075096,449745b4b9c66bf7bd37f1163f8d759cb560e17512622b71d605783ba4d830aa,historical_payload_protocol_record_not_new_strict_result
gcad,MSL,1103,experiments/runs/mtsad_reproduction/gc2_msl/msl__gcad__seed1103.json,tslib_reference,"{""window"": 30, ""pred_len"": 1, ""n_block"": 5, ""ff_dim"": 1024, ""dropout"": 0.0, ""sparse_th"": 0.002, ""sample_p"": 0.2, ""epochs"": 10, ""learning_rate"": 0.0001, ""batch_size"": 128, ""seed"": 1103, ""device"": ""auto""}",4841444.072916666,2210970,0,0.2483076923076923,0.031174349729590524,0.05539411966594211,0.5576590351265441,0.11897587775774744,0.19611158670751294,0.22559426548397138,0.054353721674711794,0.08760118650595194,0.19611158670751294,window_flatten,percentile_combined,True,0.10537456410534743,04744178f0b1b3d3fc6b5b3768abe82781b1740351fb0ff768262c7822fb02a3,historical_payload_protocol_record_not_new_strict_result
gcad,MSL,1103,experiments/runs/mtsad_reproduction/gc2_msl/msl__gcad__seed1103.json,best_f1_adjusted,"{""window"": 30, ""pred_len"": 1, ""n_block"": 5, ""ff_dim"": 1024, ""dropout"": 0.0, ""sparse_th"": 0.002, ""sample_p"": 0.2, ""epochs"": 10, ""learning_rate"": 0.0001, ""batch_size"": 128, ""seed"": 1103, ""device"": ""auto""}",0.9995330373446145,2210970,0,0.13806798984185115,0.5437204910292729,0.22021608559979833,0.21884035208853775,0.9509185337797236,0.35579870220076626,0.11786419860216253,0.5817602562116913,0.19601575075080394,0.35579870220076626,window_flatten,best_f1,True,0.10537456410534743,04744178f0b1b3d3fc6b5b3768abe82781b1740351fb0ff768262c7822fb02a3,historical_payload_protocol_record_not_new_strict_result
gcad,MSL,1103,experiments/runs/mtsad_reproduction/gc2_msl/msl__gcad__seed1103.json,best_f1_pointwise,"{""window"": 30, ""pred_len"": 1, ""n_block"": 5, ""ff_dim"": 1024, ""dropout"": 0.0, ""sparse_th"": 0.002, ""sample_p"": 0.2, ""epochs"": 10, ""learning_rate"": 0.0001, ""batch_size"": 128, ""seed"": 1103, ""device"": ""auto""}",0.9995330373446145,2210970,0,0.13806798984185115,0.5437204910292729,0.22021608559979833,0.21884035208853775,0.9509185337797236,0.35579870220076626,0.11786419860216253,0.5817602562116913,0.19601575075080394,0.22021608559979833,window_flatten,best_f1,False,0.10537456410534743,04744178f0b1b3d3fc6b5b3768abe82781b1740351fb0ff768262c7822fb02a3,historical_payload_protocol_record_not_new_strict_result
gcad,MSL,1103,experiments/runs/mtsad_reproduction/gc2_msl/msl__gcad__seed1103.json,per_point_adjusted,"{""window"": 30, ""pred_len"": 1, ""n_block"": 5, ""ff_dim"": 1024, ""dropout"": 0.0, ""sparse_th"": 0.002, ""sample_p"": 0.2, ""epochs"": 10, ""learning_rate"": 0.0001, ""batch_size"": 128, ""seed"": 1103, ""device"": ""auto""}",4837508.316145806,73699,0,0.27692307692307694,0.03476693278392995,0.06177782862372726,0.5877192982456141,0.12941024980685037,0.21211481637821866,0.25443510737628383,0.0730659691264213,0.11352968911587494,0.21211481637821866,last_point,percentile_combined,True,0.10537456410534743,04744178f0b1b3d3fc6b5b3768abe82781b1740351fb0ff768262c7822fb02a3,historical_payload_protocol_record_not_new_strict_result
gcad,PSM,1103,experiments/runs/mtsad_reproduction/gc2_psm/psm__gcad__seed1103.json,tslib_reference,"{""window"": 30, ""pred_len"": 5, ""n_block"": 2, ""ff_dim"": 128, ""dropout"": 0.0, ""sparse_th"": 0.005, ""sample_p"": 0.1, ""epochs"": 10, ""learning_rate"": 0.0001, ""batch_size"": 128, ""seed"": 1103, ""device"": ""auto""}",15.82916482289632,2634210,0,0.6088380952380953,0.02186248331108144,0.04220929280551029,0.9833333333333333,0.8287169778283613,0.89942870038245,0.39590588757103934,0.12884869337053764,0.19442214766262617,0.89942870038245,window_flatten,percentile_combined,True,0.2775116638384943,af59ebd3c6c038ad32846bbc1f1db9f43d19eecffe2d9e2e8f49b747f3fdc0ae,historical_payload_protocol_record_not_new_strict_result
gcad,PSM,1103,experiments/runs/mtsad_reproduction/gc2_psm/psm__gcad__seed1103.json,best_f1_adjusted,"{""window"": 30, ""pred_len"": 5, ""n_block"": 2, ""ff_dim"": 128, ""dropout"": 0.0, ""sparse_th"": 0.005, ""sample_p"": 0.1, ""epochs"": 10, ""learning_rate"": 0.0001, ""batch_size"": 128, ""seed"": 1103, ""device"": ""auto""}",1.0668598612149556,2634210,0,0.3454973421470744,0.7228408369629451,0.4675290892891428,0.42047390697973314,0.9935173127010878,0.5908779351794413,0.23791765190744743,0.8296285992511538,0.36978873388367084,0.5908779351794413,window_flatten,best_f1,True,0.2775116638384943,af59ebd3c6c038ad32846bbc1f1db9f43d19eecffe2d9e2e8f49b747f3fdc0ae,historical_payload_protocol_record_not_new_strict_result
gcad,PSM,1103,experiments/runs/mtsad_reproduction/gc2_psm/psm__gcad__seed1103.json,best_f1_pointwise,"{""window"": 30, ""pred_len"": 5, ""n_block"": 2, ""ff_dim"": 128, ""dropout"": 0.0, ""sparse_th"": 0.005, ""sample_p"": 0.1, ""epochs"": 10, ""learning_rate"": 0.0001, ""batch_size"": 128, ""seed"": 1103, ""device"": ""auto""}",1.0668598612149556,2634210,0,0.3454973421470744,0.7228408369629451,0.4675290892891428,0.42047390697973314,0.9935173127010878,0.5908779351794413,0.23791765190744743,0.8296285992511538,0.36978873388367084,0.4675290892891428,window_flatten,best_f1,False,0.2775116638384943,af59ebd3c6c038ad32846bbc1f1db9f43d19eecffe2d9e2e8f49b747f3fdc0ae,historical_payload_protocol_record_not_new_strict_result
gcad,PSM,1103,experiments/runs/mtsad_reproduction/gc2_psm/psm__gcad__seed1103.json,per_point_adjusted,"{""window"": 30, ""pred_len"": 5, ""n_block"": 2, ""ff_dim"": 128, ""dropout"": 0.0, ""sparse_th"": 0.005, ""sample_p"": 0.1, ""epochs"": 10, ""learning_rate"": 0.0001, ""batch_size"": 128, ""seed"": 1103, ""device"": ""auto""}",14.729535961151125,87807,0,0.6522198731501057,0.025306591198064065,0.048722706992537605,0.9842613853807883,0.8438948361428982,0.9086894115049133,0.5186652593830811,0.17175854115176595,0.25805943604125214,0.9086894115049133,last_point,percentile_combined,True,0.27766578974341455,af59ebd3c6c038ad32846bbc1f1db9f43d19eecffe2d9e2e8f49b747f3fdc0ae,historical_payload_protocol_record_not_new_strict_result
gcad,SMAP,1103,experiments/runs/mtsad_reproduction/gc2_smap/smap__gcad__seed1103.json,tslib_reference,"{""window"": 70, ""pred_len"": 1, ""n_block"": 6, ""ff_dim"": 1024, ""dropout"": 0.0, ""sparse_th"": 0.008, ""sample_p"": 0.2, ""epochs"": 10, ""learning_rate"": 0.0001, ""batch_size"": 128, ""seed"": 1103, ""device"": ""auto""}",18.556232571601864,29928290,0,0.2476565603071627,0.019542301343529953,0.03622604603422064,0.8962536891198237,0.5128617396936835,0.652401097610448,0.04406100767278111,0.07633298368603823,0.05587169495615248,0.652401097610448,window_flatten,percentile_combined,True,0.12792979485296355,46ad8baac998864d10f6fb0d5d317073de562f9059a7bb29c9010c9974c32d38,historical_payload_protocol_record_not_new_strict_result
gcad,SMAP,1103,experiments/runs/mtsad_reproduction/gc2_smap/smap__gcad__seed1103.json,best_f1_adjusted,"{""window"": 70, ""pred_len"": 1, ""n_block"": 6, ""ff_dim"": 1024, ""dropout"": 0.0, ""sparse_th"": 0.008, ""sample_p"": 0.2, ""epochs"": 10, ""learning_rate"": 0.0001, ""batch_size"": 128, ""seed"": 1103, ""device"": ""auto""}",0.9819788734118143,29928290,0,0.14440415378168261,0.8352081113270231,0.24623521947102725,0.16567615951250156,0.9826730604484005,0.2835470184183699,0.07580663109937019,0.7787023042776824,0.13816309197647048,0.2835470184183699,window_flatten,best_f1,True,0.12792979485296355,46ad8baac998864d10f6fb0d5d317073de562f9059a7bb29c9010c9974c32d38,historical_payload_protocol_record_not_new_strict_result
gcad,SMAP,1103,experiments/runs/mtsad_reproduction/gc2_smap/smap__gcad__seed1103.json,best_f1_pointwise,"{""window"": 70, ""pred_len"": 1, ""n_block"": 6, ""ff_dim"": 1024, ""dropout"": 0.0, ""sparse_th"": 0.008, ""sample_p"": 0.2, ""epochs"": 10, ""learning_rate"": 0.0001, ""batch_size"": 128, ""seed"": 1103, ""device"": ""auto""}",0.9819788734118143,29928290,0,0.14440415378168261,0.8352081113270231,0.24623521947102725,0.16567615951250156,0.9826730604484005,0.2835470184183699,0.07580663109937019,0.7787023042776824,0.13816309197647048,0.24623521947102725,window_flatten,best_f1,False,0.12792979485296355,46ad8baac998864d10f6fb0d5d317073de562f9059a7bb29c9010c9974c32d38,historical_payload_protocol_record_not_new_strict_result
gcad,SMAP,1103,experiments/runs/mtsad_reproduction/gc2_smap/smap__gcad__seed1103.json,per_point_adjusted,"{""window"": 70, ""pred_len"": 1, ""n_block"": 6, ""ff_dim"": 1024, ""dropout"": 0.0, ""sparse_th"": 0.008, ""sample_p"": 0.2, ""epochs"": 10, ""learning_rate"": 0.0001, ""batch_size"": 128, ""seed"": 1103, ""device"": ""auto""}",18.555749638477987,427547,0,0.280518878851054,0.02214055872458681,0.04104180434819447,0.903447418321987,0.5313551265174784,0.6691532838312324,0.05981307968986723,0.05833766618779506,0.05906616078792204,0.6691532838312324,last_point,percentile_combined,True,0.12792979485296355,46ad8baac998864d10f6fb0d5d317073de562f9059a7bb29c9010c9974c32d38,historical_payload_protocol_record_not_new_strict_result
gcad,SWAT,1103,experiments/runs/mtsad_reproduction/gc2_swat/swat__gcad__seed1103.json,tslib_reference,"{""window"": 5, ""pred_len"": 1, ""n_block"": 6, ""ff_dim"": 2048, ""dropout"": 0.0, ""sparse_th"": 0.008, ""sample_p"": 0.2, ""epochs"": 10, ""learning_rate"": 0.0001, ""batch_size"": 128, ""seed"": 1103, ""device"": ""auto""}",11.78523302078247,2249570,0,0.14913938575767802,0.016180589883012027,0.029193849406246385,0.913263217287493,0.9719704875414218,0.941702763203173,0.10199790608067126,0.090466266600308,0.09588662279978824,0.941702763203173,window_flatten,percentile_combined,True,0.12140320150073125,a6ee7f1f0c9d2589b535b0872b8ad3ccb5960c9ef9554edf38f411c04d118c1a,historical_payload_protocol_record_not_new_strict_result
gcad,SWAT,1103,experiments/runs/mtsad_reproduction/gc2_swat/swat__gcad__seed1103.json,best_f1_adjusted,"{""window"": 5, ""pred_len"": 1, ""n_block"": 6, ""ff_dim"": 2048, ""dropout"": 0.0, ""sparse_th"": 0.008, ""sample_p"": 0.2, ""epochs"": 10, ""learning_rate"": 0.0001, ""batch_size"": 128, ""seed"": 1103, ""device"": ""auto""}",0.941920240720113,2249570,0,0.12379149143714283,0.9851192764687574,0.21994445000807294,0.12542447453336505,0.9999780304278574,0.22289219805076754,0.059011293296960414,0.9207724737003541,0.11091421665786447,0.22289219805076754,window_flatten,best_f1,True,0.12140320150073125,a6ee7f1f0c9d2589b535b0872b8ad3ccb5960c9ef9554edf38f411c04d118c1a,historical_payload_protocol_record_not_new_strict_result
gcad,SWAT,1103,experiments/runs/mtsad_reproduction/gc2_swat/swat__gcad__seed1103.json,best_f1_pointwise,"{""window"": 5, ""pred_len"": 1, ""n_block"": 6, ""ff_dim"": 2048, ""dropout"": 0.0, ""sparse_th"": 0.008, ""sample_p"": 0.2, ""epochs"": 10, ""learning_rate"": 0.0001, ""batch_size"": 128, ""seed"": 1103, ""device"": ""auto""}",0.941920240720113,2249570,0,0.12379149143714283,0.9851192764687574,0.21994445000807294,0.12542447453336505,0.9999780304278574,0.22289219805076754,0.059011293296960414,0.9207724737003541,0.11091421665786447,0.21994445000807294,window_flatten,best_f1,False,0.12140320150073125,a6ee7f1f0c9d2589b535b0872b8ad3ccb5960c9ef9554edf38f411c04d118c1a,historical_payload_protocol_record_not_new_strict_result
gcad,SWAT,1103,experiments/runs/mtsad_reproduction/gc2_swat/swat__gcad__seed1103.json,per_point_adjusted,"{""window"": 5, ""pred_len"": 1, ""n_block"": 6, ""ff_dim"": 2048, ""dropout"": 0.0, ""sparse_th"": 0.008, ""sample_p"": 0.2, ""epochs"": 10, ""learning_rate"": 0.0001, ""batch_size"": 128, ""seed"": 1103, ""device"": ""auto""}",11.631778647104936,449914,0,0.14917951268025859,0.01647717910693689,0.029676525868038383,0.9119387877644153,0.9731788140092639,0.9415640775839165,0.10285900382586166,0.03326396693356172,0.05027069983845032,0.9415640775839165,last_point,percentile_combined,True,0.12140320150073125,a6ee7f1f0c9d2589b535b0872b8ad3ccb5960c9ef9554edf38f411c04d118c1a,historical_payload_protocol_record_not_new_strict_result
gcad,MSL,1103,experiments/runs/mtsad_reproduction/gc_msl/msl__gcad__seed1103.json,tslib_reference,"{""window"": 30, ""pred_len"": 1, ""n_block"": 5, ""ff_dim"": 1024, ""dropout"": 0.0, ""sparse_th"": 0.002, ""sample_p"": 0.2, ""epochs"": 10, ""learning_rate"": 0.0001, ""batch_size"": 128, ""seed"": 1103, ""device"": ""auto""}",994878.2395833333,2211000,0,0.25378343118069147,0.033397716542192465,0.05902746169018359,0.5505637842297568,0.12029787964632158,0.1974524985381456,0.13501672992624997,0.0657885387337769,0.08846932578745817,0.1974524985381456,window_flatten,percentile_combined,True,0.10537313432835821,b8b95a0ac75694f5549c95d85e3e49f7bcebfe0045efcc981d8302c5f5aab674,historical_payload_protocol_record_not_new_strict_result
gcad,MSL,1103,experiments/runs/mtsad_reproduction/gc_msl/msl__gcad__seed1103.json,best_f1_adjusted,"{""window"": 30, ""pred_len"": 1, ""n_block"": 5, ""ff_dim"": 1024, ""dropout"": 0.0, ""sparse_th"": 0.002, ""sample_p"": 0.2, ""epochs"": 10, ""learning_rate"": 0.0001, ""batch_size"": 128, ""seed"": 1103, ""device"": ""auto""}",0.9628379344940184,2211000,0,0.14728677824189584,0.6765215898360374,0.24190743682421284,0.19504632492460017,0.9490471285088848,0.3235892208637037,0.12926298468088113,0.6613659927625779,0.2162585602854117,0.3235892208637037,window_flatten,best_f1,True,0.10537313432835821,b8b95a0ac75694f5549c95d85e3e49f7bcebfe0045efcc981d8302c5f5aab674,historical_payload_protocol_record_not_new_strict_result
gcad,MSL,1103,experiments/runs/mtsad_reproduction/gc_msl/msl__gcad__seed1103.json,best_f1_pointwise,"{""window"": 30, ""pred_len"": 1, ""n_block"": 5, ""ff_dim"": 1024, ""dropout"": 0.0, ""sparse_th"": 0.002, ""sample_p"": 0.2, ""epochs"": 10, ""learning_rate"": 0.0001, ""batch_size"": 128, ""seed"": 1103, ""device"": ""auto""}",0.9628379344940184,2211000,0,0.14728677824189584,0.6765215898360374,0.24190743682421284,0.19504632492460017,0.9490471285088848,0.3235892208637037,0.12926298468088113,0.6613659927625779,0.2162585602854117,0.24190743682421284,window_flatten,best_f1,False,0.10537313432835821,b8b95a0ac75694f5549c95d85e3e49f7bcebfe0045efcc981d8302c5f5aab674,historical_payload_protocol_record_not_new_strict_result
gcad,MSL,1103,experiments/runs/mtsad_reproduction/gc_msl/msl__gcad__seed1103.json,per_point_adjusted,"{""window"": 30, ""pred_len"": 1, ""n_block"": 5, ""ff_dim"": 1024, ""dropout"": 0.0, ""sparse_th"": 0.002, ""sample_p"": 0.2, ""epochs"": 10, ""learning_rate"": 0.0001, ""batch_size"": 128, ""seed"": 1103, ""device"": ""auto""}",993114.5955208427,73700,0,0.27174975562072334,0.03579706412567602,0.0632608942996928,0.5742857142857143,0.12941024980685037,0.21122320302648173,0.16010533245556288,0.07558080090248803,0.10268647614806477,0.21122320302648173,last_point,percentile_combined,True,0.10537313432835821,b8b95a0ac75694f5549c95d85e3e49f7bcebfe0045efcc981d8302c5f5aab674,historical_payload_protocol_record_not_new_strict_result
gcad,PSM,1103,experiments/runs/mtsad_reproduction/gc_psm/psm__gcad__seed1103.json,tslib_reference,"{""window"": 30, ""pred_len"": 5, ""n_block"": 2, ""ff_dim"": 128, ""dropout"": 0.0, ""sparse_th"": 0.005, ""sample_p"": 0.1, ""epochs"": 10, ""learning_rate"": 0.0001, ""batch_size"": 128, ""seed"": 1103, ""device"": ""auto""}",14.405828793843586,2634360,0,0.614509394572025,0.024154965985278068,0.046482798916691014,0.982072873550571,0.8300891467461028,0.8997076690908983,0.40930221581982956,0.13438595173845136,0.2023382928071856,0.8997076690908983,window_flatten,percentile_combined,True,0.27754521022183753,2097e48018b1dd680bec57e091b8fb8db9f3d1e75524fefbeb36f85ff15dad49,historical_payload_protocol_record_not_new_strict_result
gcad,PSM,1103,experiments/runs/mtsad_reproduction/gc_psm/psm__gcad__seed1103.json,best_f1_adjusted,"{""window"": 30, ""pred_len"": 5, ""n_block"": 2, ""ff_dim"": 128, ""dropout"": 0.0, ""sparse_th"": 0.005, ""sample_p"": 0.1, ""epochs"": 10, ""learning_rate"": 0.0001, ""batch_size"": 128, ""seed"": 1103, ""device"": ""auto""}",1.0164627830187478,2634360,0,0.33094936068082875,0.7600409763196262,0.46111329619248187,0.392823093220339,0.9940682811008351,0.5631197717202411,0.23004355902439155,0.8520499971580029,0.36227664917341235,0.5631197717202411,window_flatten,best_f1,True,0.27754521022183753,2097e48018b1dd680bec57e091b8fb8db9f3d1e75524fefbeb36f85ff15dad49,historical_payload_protocol_record_not_new_strict_result
gcad,PSM,1103,experiments/runs/mtsad_reproduction/gc_psm/psm__gcad__seed1103.json,best_f1_pointwise,"{""window"": 30, ""pred_len"": 5, ""n_block"": 2, ""ff_dim"": 128, ""dropout"": 0.0, ""sparse_th"": 0.005, ""sample_p"": 0.1, ""epochs"": 10, ""learning_rate"": 0.0001, ""batch_size"": 128, ""seed"": 1103, ""device"": ""auto""}",1.0164627830187478,2634360,0,0.33094936068082875,0.7600409763196262,0.46111329619248187,0.392823093220339,0.9940682811008351,0.5631197717202411,0.23004355902439155,0.8520499971580029,0.36227664917341235,0.46111329619248187,window_flatten,best_f1,False,0.27754521022183753,2097e48018b1dd680bec57e091b8fb8db9f3d1e75524fefbeb36f85ff15dad49,historical_payload_protocol_record_not_new_strict_result
gcad,PSM,1103,experiments/runs/mtsad_reproduction/gc_psm/psm__gcad__seed1103.json,per_point_adjusted,"{""window"": 30, ""pred_len"": 5, ""n_block"": 2, ""ff_dim"": 128, ""dropout"": 0.0, ""sparse_th"": 0.005, ""sample_p"": 0.1, ""epochs"": 10, ""learning_rate"": 0.0001, ""batch_size"": 128, ""seed"": 1103, ""device"": ""auto""}",14.404860705931974,87812,0,0.6096033402922756,0.023953078216644108,0.04609495244484786,0.9822141906030055,0.8471350641893277,0.9096875068818957,0.514484084173932,0.09840526829389841,0.16521071587300507,0.9096875068818957,last_point,percentile_combined,True,0.27764997950166265,2097e48018b1dd680bec57e091b8fb8db9f3d1e75524fefbeb36f85ff15dad49,historical_payload_protocol_record_not_new_strict_result
gcad,SMAP,1103,experiments/runs/mtsad_reproduction/gc_smap/smap__gcad__seed1103.json,tslib_reference,"{""window"": 70, ""pred_len"": 1, ""n_block"": 6, ""ff_dim"": 1024, ""dropout"": 0.0, ""sparse_th"": 0.008, ""sample_p"": 0.2, ""epochs"": 10, ""learning_rate"": 0.0001, ""batch_size"": 128, ""seed"": 1103, ""device"": ""auto""}",18.85370333989461,29928360,0,0.2465719621181806,0.019312459516496374,0.035819406094075475,0.8968216927529772,0.512924423828329,0.6526022588345074,0.04664130679527337,0.0762045001875548,0.05786567013923463,0.6526022588345074,window_flatten,percentile_combined,True,0.12792949563557776,d3981b2ae68ff8a07390b5936d11dfc019aeabba9cd8b5e17d5d6b2698bb4fb9,historical_payload_protocol_record_not_new_strict_result
gcad,SMAP,1103,experiments/runs/mtsad_reproduction/gc_smap/smap__gcad__seed1103.json,best_f1_adjusted,"{""window"": 70, ""pred_len"": 1, ""n_block"": 6, ""ff_dim"": 1024, ""dropout"": 0.0, ""sparse_th"": 0.008, ""sample_p"": 0.2, ""epochs"": 10, ""learning_rate"": 0.0001, ""batch_size"": 128, ""seed"": 1103, ""device"": ""auto""}",0.9831336339314778,29928360,0,0.14427345229598765,0.835259303370317,0.2460473987469792,0.16550299707922975,0.9825416849495393,0.28328791755223703,0.07476526652489653,0.77759893688575,0.13641443770892436,0.28328791755223703,window_flatten,best_f1,True,0.12792949563557776,d3981b2ae68ff8a07390b5936d11dfc019aeabba9cd8b5e17d5d6b2698bb4fb9,historical_payload_protocol_record_not_new_strict_result
gcad,SMAP,1103,experiments/runs/mtsad_reproduction/gc_smap/smap__gcad__seed1103.json,best_f1_pointwise,"{""window"": 70, ""pred_len"": 1, ""n_block"": 6, ""ff_dim"": 1024, ""dropout"": 0.0, ""sparse_th"": 0.008, ""sample_p"": 0.2, ""epochs"": 10, ""learning_rate"": 0.0001, ""batch_size"": 128, ""seed"": 1103, ""device"": ""auto""}",0.9831336339314778,29928360,0,0.14427345229598765,0.835259303370317,0.2460473987469792,0.16550299707922975,0.9825416849495393,0.28328791755223703,0.07476526652489653,0.77759893688575,0.13641443770892436,0.2460473987469792,window_flatten,best_f1,False,0.12792949563557776,d3981b2ae68ff8a07390b5936d11dfc019aeabba9cd8b5e17d5d6b2698bb4fb9,historical_payload_protocol_record_not_new_strict_result
gcad,SMAP,1103,experiments/runs/mtsad_reproduction/gc_smap/smap__gcad__seed1103.json,per_point_adjusted,"{""window"": 70, ""pred_len"": 1, ""n_block"": 6, ""ff_dim"": 1024, ""dropout"": 0.0, ""sparse_th"": 0.008, ""sample_p"": 0.2, ""epochs"": 10, ""learning_rate"": 0.0001, ""batch_size"": 128, ""seed"": 1103, ""device"": ""auto""}",18.849491241773066,427548,0,0.27887981330221706,0.02184803276290771,0.040521523880571717,0.9038969925045874,0.5313551265174784,0.6692765604670176,0.06204078779389993,0.05827648377564012,0.0600997498718955,0.6692765604670176,last_point,percentile_combined,True,0.12792949563557776,d3981b2ae68ff8a07390b5936d11dfc019aeabba9cd8b5e17d5d6b2698bb4fb9,historical_payload_protocol_record_not_new_strict_result
gcad,SMD,1103,experiments/runs/mtsad_reproduction/gc_smd/smd__gcad__seed1103.json,tslib_reference,"{""window"": 30, ""pred_len"": 1, ""n_block"": 3, ""ff_dim"": 1024, ""dropout"": 0.0, ""sparse_th"": 0.005, ""sample_p"": 0.2, ""epochs"": 10, ""learning_rate"": 0.0001, ""batch_size"": 128, ""seed"": 1103, ""device"": ""auto""}",5204.598068237304,212520,0,0.24609929078014184,0.03926671947493493,0.06772713965062943,0.31858974358974357,0.05624080570329297,0.09560450129845147,0.22679738562091503,0.04591836734693878,0.07637377418013744,0.09560450129845147,window_flatten,percentile_combined,True,0.0415819687558818,3b0e4d72a561ab1abd0f485c2ef03c9b039bf33f46b9c0dfb58632a3586152a6,historical_payload_protocol_record_not_new_strict_result
gcad,SMD,1103,experiments/runs/mtsad_reproduction/gc_smd/smd__gcad__seed1103.json,best_f1_adjusted,"{""window"": 30, ""pred_len"": 1, ""n_block"": 3, ""ff_dim"": 1024, ""dropout"": 0.0, ""sparse_th"": 0.005, ""sample_p"": 0.2, ""epochs"": 10, ""learning_rate"": 0.0001, ""batch_size"": 128, ""seed"": 1103, ""device"": ""auto""}",2.2675387461980185,212520,0,0.08045375218150087,0.5738372750933575,0.14112179442581435,0.10705922228384791,0.7863528346724001,0.18846023459217576,0.15291383057329833,0.4781730227597551,0.23172489872299315,0.18846023459217576,window_flatten,best_f1,True,0.0415819687558818,3b0e4d72a561ab1abd0f485c2ef03c9b039bf33f46b9c0dfb58632a3586152a6,historical_payload_protocol_record_not_new_strict_result
gcad,SMD,1103,experiments/runs/mtsad_reproduction/gc_smd/smd__gcad__seed1103.json,best_f1_pointwise,"{""window"": 30, ""pred_len"": 1, ""n_block"": 3, ""ff_dim"": 1024, ""dropout"": 0.0, ""sparse_th"": 0.005, ""sample_p"": 0.2, ""epochs"": 10, ""learning_rate"": 0.0001, ""batch_size"": 128, ""seed"": 1103, ""device"": ""auto""}",2.2675387461980185,212520,0,0.08045375218150087,0.5738372750933575,0.14112179442581435,0.10705922228384791,0.7863528346724001,0.18846023459217576,0.15291383057329833,0.4781730227597551,0.23172489872299315,0.14112179442581435,window_flatten,best_f1,False,0.0415819687558818,3b0e4d72a561ab1abd0f485c2ef03c9b039bf33f46b9c0dfb58632a3586152a6,historical_payload_protocol_record_not_new_strict_result
gcad,SMD,1103,experiments/runs/mtsad_reproduction/gc_smd/smd__gcad__seed1103.json,per_point_adjusted,"{""window"": 30, ""pred_len"": 1, ""n_block"": 3, ""ff_dim"": 1024, ""dropout"": 0.0, ""sparse_th"": 0.005, ""sample_p"": 0.2, ""epochs"": 10, ""learning_rate"": 0.0001, ""batch_size"": 128, ""seed"": 1103, ""device"": ""auto""}",5164.8384938811805,7084,0,0.25,0.039735099337748346,0.06857142857142857,0.32075471698113206,0.056291390728476824,0.09577464788732394,0.23529411764705882,0.058823529411764705,0.09411764705882353,0.09577464788732394,last_point,percentile_combined,True,0.042631281761716544,3b0e4d72a561ab1abd0f485c2ef03c9b039bf33f46b9c0dfb58632a3586152a6,historical_payload_protocol_record_not_new_strict_result
itransformer,MSL,1103,experiments/runs/mtsad_reproduction/it_msl/msl__itransformer__seed1103.json,tslib_reference,"{""window"": 100, ""d_model"": 128, ""d_ff"": 128, ""e_layers"": 3, ""n_heads"": 8, ""factor"": 3, ""dropout"": 0.1, ""epochs"": 10, ""learning_rate"": 0.0001, ""batch_size"": 128, ""seed"": 1103, ""device"": ""auto""}",0.08521303296089161,7363000,0,0.2871752179818604,0.042198042750450686,0.0735835817292849,0.8537499235883624,0.611452485191862,0.7125670956889192,0.1898080117283363,0.034102602469117754,0.05781724276560618,0.7125670956889192,window_flatten,percentile_combined,True,0.10547331250848839,d62cd000d23d300db3bff4a03cef97b69380f8f3e46e4447146d16be306b3c2c,historical_payload_protocol_record_not_new_strict_result
itransformer,MSL,1103,experiments/runs/mtsad_reproduction/it_msl/msl__itransformer__seed1103.json,best_f1_adjusted,"{""window"": 100, ""d_model"": 128, ""d_ff"": 128, ""e_layers"": 3, ""n_heads"": 8, ""factor"": 3, ""dropout"": 0.1, ""epochs"": 10, ""learning_rate"": 0.0001, ""batch_size"": 128, ""seed"": 1103, ""device"": ""auto""}",0.0008031321922317147,7363000,0,0.13050110058606437,0.7347141385526654,0.2216350322093468,0.16794405213606223,0.9880646407416945,0.28709053930283923,0.10061740743186554,0.4465661338408829,0.1642312797984697,0.28709053930283923,window_flatten,best_f1,True,0.10547331250848839,d62cd000d23d300db3bff4a03cef97b69380f8f3e46e4447146d16be306b3c2c,historical_payload_protocol_record_not_new_strict_result
itransformer,MSL,1103,experiments/runs/mtsad_reproduction/it_msl/msl__itransformer__seed1103.json,best_f1_pointwise,"{""window"": 100, ""d_model"": 128, ""d_ff"": 128, ""e_layers"": 3, ""n_heads"": 8, ""factor"": 3, ""dropout"": 0.1, ""epochs"": 10, ""learning_rate"": 0.0001, ""batch_size"": 128, ""seed"": 1103, ""device"": ""auto""}",0.0008031321922317147,7363000,0,0.13050110058606437,0.7347141385526654,0.2216350322093468,0.16794405213606223,0.9880646407416945,0.28709053930283923,0.10061740743186554,0.4465661338408829,0.1642312797984697,0.2216350322093468,window_flatten,best_f1,False,0.10547331250848839,d62cd000d23d300db3bff4a03cef97b69380f8f3e46e4447146d16be306b3c2c,historical_payload_protocol_record_not_new_strict_result
itransformer,MSL,1103,experiments/runs/mtsad_reproduction/it_msl/msl__itransformer__seed1103.json,per_point_adjusted,"{""window"": 100, ""d_model"": 128, ""d_ff"": 128, ""e_layers"": 3, ""n_heads"": 8, ""factor"": 3, ""dropout"": 0.1, ""epochs"": 10, ""learning_rate"": 0.0001, ""batch_size"": 128, ""seed"": 1103, ""device"": ""auto""}",0.075580022111535,73630,0,0.3232497839239412,0.04815864022662889,0.08382830886473158,0.7699089039083162,0.3373680144218388,0.46915569880920405,0.17266327618643548,0.027250095870979693,0.04707129674273624,0.46915569880920405,last_point,percentile_combined,True,0.10547331250848839,d62cd000d23d300db3bff4a03cef97b69380f8f3e46e4447146d16be306b3c2c,historical_payload_protocol_record_not_new_strict_result
itransformer,MSL,1103,experiments/runs/mtsad_reproduction/its_msl/msl__itransformer__seed1103.json,tslib_reference,"{""window"": 100, ""d_model"": 128, ""d_ff"": 128, ""e_layers"": 3, ""n_heads"": 8, ""factor"": 3, ""dropout"": 0.1, ""epochs"": 10, ""learning_rate"": 0.0001, ""batch_size"": 128, ""seed"": 1103, ""device"": ""auto""}",0.08521303296089161,7363000,0,0.2871752179818604,0.042198042750450686,0.0735835817292849,0.8537499235883624,0.611452485191862,0.7125670956889192,0.1898080117283363,0.034102602469117754,0.05781724276560618,0.7125670956889192,window_flatten,percentile_combined,True,0.10547331250848839,f0f7ef8ab89b52011a4cf1ac954ecdd502c8ad64ee2e04cc2949185c76ba5e21,historical_payload_protocol_record_not_new_strict_result
itransformer,MSL,1103,experiments/runs/mtsad_reproduction/its_msl/msl__itransformer__seed1103.json,best_f1_adjusted,"{""window"": 100, ""d_model"": 128, ""d_ff"": 128, ""e_layers"": 3, ""n_heads"": 8, ""factor"": 3, ""dropout"": 0.1, ""epochs"": 10, ""learning_rate"": 0.0001, ""batch_size"": 128, ""seed"": 1103, ""device"": ""auto""}",0.0008031321922317147,7363000,0,0.13050110058606437,0.7347141385526654,0.2216350322093468,0.16794405213606223,0.9880646407416945,0.28709053930283923,0.10061740743186554,0.4465661338408829,0.1642312797984697,0.28709053930283923,window_flatten,best_f1,True,0.10547331250848839,f0f7ef8ab89b52011a4cf1ac954ecdd502c8ad64ee2e04cc2949185c76ba5e21,historical_payload_protocol_record_not_new_strict_result
itransformer,MSL,1103,experiments/runs/mtsad_reproduction/its_msl/msl__itransformer__seed1103.json,best_f1_pointwise,"{""window"": 100, ""d_model"": 128, ""d_ff"": 128, ""e_layers"": 3, ""n_heads"": 8, ""factor"": 3, ""dropout"": 0.1, ""epochs"": 10, ""learning_rate"": 0.0001, ""batch_size"": 128, ""seed"": 1103, ""device"": ""auto""}",0.0008031321922317147,7363000,0,0.13050110058606437,0.7347141385526654,0.2216350322093468,0.16794405213606223,0.9880646407416945,0.28709053930283923,0.10061740743186554,0.4465661338408829,0.1642312797984697,0.2216350322093468,window_flatten,best_f1,False,0.10547331250848839,f0f7ef8ab89b52011a4cf1ac954ecdd502c8ad64ee2e04cc2949185c76ba5e21,historical_payload_protocol_record_not_new_strict_result
itransformer,MSL,1103,experiments/runs/mtsad_reproduction/its_msl/msl__itransformer__seed1103.json,per_point_adjusted,"{""window"": 100, ""d_model"": 128, ""d_ff"": 128, ""e_layers"": 3, ""n_heads"": 8, ""factor"": 3, ""dropout"": 0.1, ""epochs"": 10, ""learning_rate"": 0.0001, ""batch_size"": 128, ""seed"": 1103, ""device"": ""auto""}",0.075580022111535,73630,0,0.3232497839239412,0.04815864022662889,0.08382830886473158,0.7699089039083162,0.3373680144218388,0.46915569880920405,0.17266327618643548,0.027250095870979693,0.04707129674273624,0.46915569880920405,last_point,percentile_combined,True,0.10547331250848839,f0f7ef8ab89b52011a4cf1ac954ecdd502c8ad64ee2e04cc2949185c76ba5e21,historical_payload_protocol_record_not_new_strict_result
itransformer,PSM,1103,experiments/runs/mtsad_reproduction/its_psm/psm__itransformer__seed1103.json,tslib_reference,"{""window"": 100, ""d_model"": 128, ""d_ff"": 128, ""e_layers"": 3, ""n_heads"": 8, ""factor"": 3, ""dropout"": 0.1, ""epochs"": 10, ""learning_rate"": 0.0001, ""batch_size"": 128, ""seed"": 1103, ""device"": ""auto""}",0.003999289255589268,8774200,0,0.5822684340026987,0.024114702621767167,0.046311413639172155,0.9814542046063203,0.9155467678458579,0.9473555763701075,0.55316002732737,0.22372777244630498,0.31859751371135697,0.9473555763701075,window_flatten,percentile_combined,True,0.27737024458070253,702d5ee892c6aa66988eb635da75cbdf58c24da01108da88ec65994961bc24b1,historical_payload_protocol_record_not_new_strict_result
itransformer,PSM,1103,experiments/runs/mtsad_reproduction/its_psm/psm__itransformer__seed1103.json,best_f1_adjusted,"{""window"": 100, ""d_model"": 128, ""d_ff"": 128, ""e_layers"": 3, ""n_heads"": 8, ""factor"": 3, ""dropout"": 0.1, ""epochs"": 10, ""learning_rate"": 0.0001, ""batch_size"": 128, ""seed"": 1103, ""device"": ""auto""}",9.468065400142223e-06,8774200,0,0.2773702761927328,1.0,0.4342832792687944,0.2773702761927328,1.0,0.4342832792687944,0.26314043706233736,1.0,0.41664478365417273,0.4342832792687944,window_flatten,best_f1,True,0.27737024458070253,702d5ee892c6aa66988eb635da75cbdf58c24da01108da88ec65994961bc24b1,historical_payload_protocol_record_not_new_strict_result
itransformer,PSM,1103,experiments/runs/mtsad_reproduction/its_psm/psm__itransformer__seed1103.json,best_f1_pointwise,"{""window"": 100, ""d_model"": 128, ""d_ff"": 128, ""e_layers"": 3, ""n_heads"": 8, ""factor"": 3, ""dropout"": 0.1, ""epochs"": 10, ""learning_rate"": 0.0001, ""batch_size"": 128, ""seed"": 1103, ""device"": ""auto""}",9.468065400142223e-06,8774200,0,0.2773702761927328,1.0,0.4342832792687944,0.2773702761927328,1.0,0.4342832792687944,0.26314043706233736,1.0,0.41664478365417273,0.4342832792687944,window_flatten,best_f1,False,0.27737024458070253,702d5ee892c6aa66988eb635da75cbdf58c24da01108da88ec65994961bc24b1,historical_payload_protocol_record_not_new_strict_result
itransformer,PSM,1103,experiments/runs/mtsad_reproduction/its_psm/psm__itransformer__seed1103.json,per_point_adjusted,"{""window"": 100, ""d_model"": 128, ""d_ff"": 128, ""e_layers"": 3, ""n_heads"": 8, ""factor"": 3, ""dropout"": 0.1, ""epochs"": 10, ""learning_rate"": 0.0001, ""batch_size"": 128, ""seed"": 1103, ""device"": ""auto""}",0.004268289990723124,87742,0,0.5749525616698292,0.02485847895643613,0.047656495753381566,0.9795471146822499,0.8801378291902535,0.9271855148869971,0.5559646464646465,0.2495572601018598,0.3444847688292165,0.9271855148869971,last_point,percentile_combined,True,0.2778372957078708,702d5ee892c6aa66988eb635da75cbdf58c24da01108da88ec65994961bc24b1,historical_payload_protocol_record_not_new_strict_result
itransformer,SMAP,1103,experiments/runs/mtsad_reproduction/its_smap/smap__itransformer__seed1103.json,tslib_reference,"{""window"": 100, ""d_model"": 128, ""d_ff"": 128, ""e_layers"": 3, ""n_heads"": 8, ""factor"": 3, ""dropout"": 0.1, ""epochs"": 10, ""learning_rate"": 0.0001, ""batch_size"": 128, ""seed"": 1103, ""device"": ""auto""}",0.054917976707219984,42751800,0,0.2625532881834842,0.01943487640778119,0.03619081470102685,0.9061138433286375,0.5268368802106187,0.6662813765931078,0.1191993583007255,0.026401859455910014,0.04322882395600009,0.6662813765931078,window_flatten,percentile_combined,True,0.12793847276605896,32488434f78d902c8ccb1740ca3dc4df878f3fff741bb4a1b9d2e7d3aa4fc9ec,historical_payload_protocol_record_not_new_strict_result
itransformer,SMAP,1103,experiments/runs/mtsad_reproduction/its_smap/smap__itransformer__seed1103.json,best_f1_adjusted,"{""window"": 100, ""d_model"": 128, ""d_ff"": 128, ""e_layers"": 3, ""n_heads"": 8, ""factor"": 3, ""dropout"": 0.1, ""epochs"": 10, ""learning_rate"": 0.0001, ""batch_size"": 128, ""seed"": 1103, ""device"": ""auto""}",6.647336903142786e-08,42751800,0,0.12868717034797197,0.98549564867632,0.22764782269655467,0.13033431289790467,1.0,0.23061197277778628,0.09135257755212321,0.9392542165242316,0.16651024260535133,0.23061197277778628,window_flatten,best_f1,True,0.12793847276605896,32488434f78d902c8ccb1740ca3dc4df878f3fff741bb4a1b9d2e7d3aa4fc9ec,historical_payload_protocol_record_not_new_strict_result
itransformer,SMAP,1103,experiments/runs/mtsad_reproduction/its_smap/smap__itransformer__seed1103.json,best_f1_pointwise,"{""window"": 100, ""d_model"": 128, ""d_ff"": 128, ""e_layers"": 3, ""n_heads"": 8, ""factor"": 3, ""dropout"": 0.1, ""epochs"": 10, ""learning_rate"": 0.0001, ""batch_size"": 128, ""seed"": 1103, ""device"": ""auto""}",6.647336903142786e-08,42751800,0,0.12868717034797197,0.98549564867632,0.22764782269655467,0.13033431289790467,1.0,0.23061197277778628,0.09135257755212321,0.9392542165242316,0.16651024260535133,0.22764782269655467,window_flatten,best_f1,False,0.12793847276605896,32488434f78d902c8ccb1740ca3dc4df878f3fff741bb4a1b9d2e7d3aa4fc9ec,historical_payload_protocol_record_not_new_strict_result
itransformer,SMAP,1103,experiments/runs/mtsad_reproduction/its_smap/smap__itransformer__seed1103.json,per_point_adjusted,"{""window"": 100, ""d_model"": 128, ""d_ff"": 128, ""e_layers"": 3, ""n_heads"": 8, ""factor"": 3, ""dropout"": 0.1, ""epochs"": 10, ""learning_rate"": 0.0001, ""batch_size"": 128, ""seed"": 1103, ""device"": ""auto""}",0.05502671938389534,427518,0,0.310942843185149,0.023274096826093316,0.043306684810341896,0.9135352173113468,0.5449210179903466,0.6826458395364284,0.1374211680833562,0.015498595453059674,0.02785558964461334,0.6826458395364284,last_point,percentile_combined,True,0.12793847276605896,32488434f78d902c8ccb1740ca3dc4df878f3fff741bb4a1b9d2e7d3aa4fc9ec,historical_payload_protocol_record_not_new_strict_result
itransformer,SMD,1103,experiments/runs/mtsad_reproduction/its_smd/smd__itransformer__seed1103.json,tslib_reference,"{""window"": 100, ""d_model"": 128, ""d_ff"": 128, ""e_layers"": 3, ""n_heads"": 8, ""factor"": 3, ""dropout"": 0.1, ""epochs"": 10, ""learning_rate"": 0.0001, ""batch_size"": 128, ""seed"": 1103, ""device"": ""auto""}",3.31894114017486,708400,0,0.34356060606060607,0.06160847710908844,0.1044810505702108,0.8700899550224888,0.7884119005569895,0.8272396835578363,0.2271798511188468,0.1510974675562736,0.18148748808992068,0.8272396835578363,window_flatten,percentile_combined,True,0.04156408808582722,50abf706fe0d904465c484d8da5d533ca2f90c74d262ac087c51222051834ced,historical_payload_protocol_record_not_new_strict_result
itransformer,SMD,1103,experiments/runs/mtsad_reproduction/its_smd/smd__itransformer__seed1103.json,best_f1_adjusted,"{""window"": 100, ""d_model"": 128, ""d_ff"": 128, ""e_layers"": 3, ""n_heads"": 8, ""factor"": 3, ""dropout"": 0.1, ""epochs"": 10, ""learning_rate"": 0.0001, ""batch_size"": 128, ""seed"": 1103, ""device"": ""auto""}",0.2951459288597107,708400,0,0.15514077491742254,0.30148756962369244,0.20486251341402906,0.3769798822058691,0.9934451840782502,0.5465586666292964,0.10485970562568248,0.33575803638543616,0.15980967400965707,0.5465586666292964,window_flatten,best_f1,True,0.04156408808582722,50abf706fe0d904465c484d8da5d533ca2f90c74d262ac087c51222051834ced,historical_payload_protocol_record_not_new_strict_result
itransformer,SMD,1103,experiments/runs/mtsad_reproduction/its_smd/smd__itransformer__seed1103.json,best_f1_pointwise,"{""window"": 100, ""d_model"": 128, ""d_ff"": 128, ""e_layers"": 3, ""n_heads"": 8, ""factor"": 3, ""dropout"": 0.1, ""epochs"": 10, ""learning_rate"": 0.0001, ""batch_size"": 128, ""seed"": 1103, ""device"": ""auto""}",0.2951459288597107,708400,0,0.15514077491742254,0.30148756962369244,0.20486251341402906,0.3769798822058691,0.9934451840782502,0.5465586666292964,0.10485970562568248,0.33575803638543616,0.15980967400965707,0.20486251341402906,window_flatten,best_f1,False,0.04156408808582722,50abf706fe0d904465c484d8da5d533ca2f90c74d262ac087c51222051834ced,historical_payload_protocol_record_not_new_strict_result
itransformer,SMD,1103,experiments/runs/mtsad_reproduction/its_smd/smd__itransformer__seed1103.json,per_point_adjusted,"{""window"": 100, ""d_model"": 128, ""d_ff"": 128, ""e_layers"": 3, ""n_heads"": 8, ""factor"": 3, ""dropout"": 0.1, ""epochs"": 10, ""learning_rate"": 0.0001, ""batch_size"": 128, ""seed"": 1103, ""device"": ""auto""}",3.675381288528432,7084,0,0.375,0.059800664451827246,0.10315186246418338,0.5714285714285714,0.132890365448505,0.215633423180593,0.3333333333333333,0.10177404295051354,0.15593705293276108,0.215633423180593,last_point,percentile_combined,True,0.042490118577075096,50abf706fe0d904465c484d8da5d533ca2f90c74d262ac087c51222051834ced,historical_payload_protocol_record_not_new_strict_result
itransformer,SWAT,1103,experiments/runs/mtsad_reproduction/its_swat/swat__itransformer__seed1103.json,tslib_reference,"{""window"": 100, ""d_model"": 128, ""d_ff"": 128, ""e_layers"": 3, ""n_heads"": 8, ""factor"": 3, ""dropout"": 0.1, ""epochs"": 10, ""learning_rate"": 0.0001, ""batch_size"": 128, ""seed"": 1103, ""device"": ""auto""}",0.005273429225198932,44982000,0,0.18506579606461157,0.01724831108914154,0.031555608923070896,0.9222662174209745,0.9011341791618608,0.9115777449230237,0.13412837396642963,0.03997380261662047,0.06159166130429986,0.9115777449230237,window_flatten,percentile_combined,True,0.12142857142857143,7b2bd28968be059fde66f73509f62b1c38cfb6894c6dc0d1027eb7fa7a758ce1,historical_payload_protocol_record_not_new_strict_result
itransformer,SWAT,1103,experiments/runs/mtsad_reproduction/its_swat/swat__itransformer__seed1103.json,best_f1_adjusted,"{""window"": 100, ""d_model"": 128, ""d_ff"": 128, ""e_layers"": 3, ""n_heads"": 8, ""factor"": 3, ""dropout"": 0.1, ""epochs"": 10, ""learning_rate"": 0.0001, ""batch_size"": 128, ""seed"": 1103, ""device"": ""auto""}",2.008000343778349e-08,44982000,0,0.12142855189694882,0.9999998169202321,0.21656047419937066,0.12142857142857143,1.0,0.21656050955414013,0.0811532501032339,0.9999387905422337,0.15012280121561047,0.21656050955414013,window_flatten,best_f1,True,0.12142857142857143,7b2bd28968be059fde66f73509f62b1c38cfb6894c6dc0d1027eb7fa7a758ce1,historical_payload_protocol_record_not_new_strict_result
itransformer,SWAT,1103,experiments/runs/mtsad_reproduction/its_swat/swat__itransformer__seed1103.json,best_f1_pointwise,"{""window"": 100, ""d_model"": 128, ""d_ff"": 128, ""e_layers"": 3, ""n_heads"": 8, ""factor"": 3, ""dropout"": 0.1, ""epochs"": 10, ""learning_rate"": 0.0001, ""batch_size"": 128, ""seed"": 1103, ""device"": ""auto""}",2.008000343778349e-08,44982000,0,0.12142855189694882,0.9999998169202321,0.21656047419937066,0.12142857142857143,1.0,0.21656050955414013,0.0811532501032339,0.9999387905422337,0.15012280121561047,0.21656047419937066,window_flatten,best_f1,False,0.12142857142857143,7b2bd28968be059fde66f73509f62b1c38cfb6894c6dc0d1027eb7fa7a758ce1,historical_payload_protocol_record_not_new_strict_result
itransformer,SWAT,1103,experiments/runs/mtsad_reproduction/its_swat/swat__itransformer__seed1103.json,per_point_adjusted,"{""window"": 100, ""d_model"": 128, ""d_ff"": 128, ""e_layers"": 3, ""n_heads"": 8, ""factor"": 3, ""dropout"": 0.1, ""epochs"": 10, ""learning_rate"": 0.0001, ""batch_size"": 128, ""seed"": 1103, ""device"": ""auto""}",0.006125382799655241,449820,0,0.19691714836223506,0.018710752274766117,0.03417431576131481,0.9188125754801512,0.863587264971348,0.8903443784860181,0.12403015097592786,0.008710501924759946,0.016277829665526503,0.8903443784860181,last_point,percentile_combined,True,0.12142857142857143,7b2bd28968be059fde66f73509f62b1c38cfb6894c6dc0d1027eb7fa7a758ce1,historical_payload_protocol_record_not_new_strict_result
usad,MSL,1103,experiments/runs/mtsad_reproduction/smoke/msl__usad__seed1103.json,tslib_reference,null,37.264427185058594,7363000,,0.43792109256449163,0.03716070048931239,0.0685080118694362,0.5126055948840759,0.050163533350502186,0.0913842162425903,0.051841192753154915,0.057518188559746664,0.054532340328563286,0.0913842162425903,window_flatten,percentile_combined,True,0.10547331250848839,89240ef1cdb5aaf64ec78796dfec21ce8a8c475673b44614568d3ec5be275cbd,historical_payload_protocol_record_not_new_strict_result
usad,MSL,1103,experiments/runs/mtsad_reproduction/smoke/msl__usad__seed1103.json,best_f1_adjusted,null,0.16940799355506897,7363000,,0.13981611814911635,0.8057880504764358,0.23828608419168745,0.15042606411208415,0.8777620396600566,0.2568368343664843,0.07857382745312394,0.7465801957143026,0.14218354835815294,0.2568368343664843,window_flatten,best_f1,True,0.10547331250848839,89240ef1cdb5aaf64ec78796dfec21ce8a8c475673b44614568d3ec5be275cbd,historical_payload_protocol_record_not_new_strict_result
usad,MSL,1103,experiments/runs/mtsad_reproduction/smoke/msl__usad__seed1103.json,best_f1_pointwise,null,0.16940799355506897,7363000,,0.13981611814911635,0.8057880504764358,0.23828608419168745,0.15042606411208415,0.8777620396600566,0.2568368343664843,0.07857382745312394,0.7465801957143026,0.14218354835815294,0.23828608419168745,window_flatten,best_f1,False,0.10547331250848839,89240ef1cdb5aaf64ec78796dfec21ce8a8c475673b44614568d3ec5be275cbd,historical_payload_protocol_record_not_new_strict_result
usad,MSL,1103,experiments/runs/mtsad_reproduction/smoke/msl__usad__seed1103.json,per_point_adjusted,null,37.264427185058594,73630,,0.5189681335356601,0.0440381148596446,0.08118694362017805,0.6230677764565993,0.06747360288436775,0.12176135703497153,0.1793733798158577,0.08177404767594974,0.11233568297982446,0.12176135703497153,last_point,percentile_combined,True,0.10547331250848839,89240ef1cdb5aaf64ec78796dfec21ce8a8c475673b44614568d3ec5be275cbd,historical_payload_protocol_record_not_new_strict_result
mahalanobis,PSM,1103,experiments/runs/mtsad_reproduction/smoke/psm__mahalanobis__seed1103.json,tslib_reference,null,550.8725674404851,87841,,0.6786155747836835,0.022517534145441123,0.043588725684795555,0.9868885526979324,0.8026742135269267,0.8853000384519689,0.7683923705722071,0.11547008668482202,0.20076954940089015,0.8853000384519689,last_point,percentile_combined,True,0.27755831559294636,cf56be3140e72aa942afabddead1b7ef8482aef2fc7c849d6392acd1b69cda6f,historical_payload_protocol_record_not_new_strict_result
mahalanobis,PSM,1103,experiments/runs/mtsad_reproduction/smoke/psm__mahalanobis__seed1103.json,best_f1_adjusted,null,50.95696445982933,87841,,0.4760595493562232,0.8735080595545712,0.6162593862580842,0.5096443514644351,0.9991796891021697,0.6749975755392692,0.3059874794284135,0.6287522624065117,0.41164467786725817,0.6749975755392692,last_point,best_f1,True,0.27755831559294636,cf56be3140e72aa942afabddead1b7ef8482aef2fc7c849d6392acd1b69cda6f,historical_payload_protocol_record_not_new_strict_result
mahalanobis,PSM,1103,experiments/runs/mtsad_reproduction/smoke/psm__mahalanobis__seed1103.json,best_f1_pointwise,null,50.95696445982933,87841,,0.4760595493562232,0.8735080595545712,0.6162593862580842,0.5096443514644351,0.9991796891021697,0.6749975755392692,0.3059874794284135,0.6287522624065117,0.41164467786725817,0.6162593862580842,last_point,best_f1,False,0.27755831559294636,cf56be3140e72aa942afabddead1b7ef8482aef2fc7c849d6392acd1b69cda6f,historical_payload_protocol_record_not_new_strict_result
mahalanobis,PSM,1103,experiments/runs/mtsad_reproduction/smoke/psm__mahalanobis__seed1103.json,per_point_adjusted,null,550.8725674404851,87841,,0.6786155747836835,0.022517534145441123,0.043588725684795555,0.9868885526979324,0.8026742135269267,0.8853000384519689,0.7683923705722071,0.11547008668482202,0.20076954940089015,0.8853000384519689,last_point,percentile_combined,True,0.27755831559294636,cf56be3140e72aa942afabddead1b7ef8482aef2fc7c849d6392acd1b69cda6f,historical_payload_protocol_record_not_new_strict_result
pca,PSM,1103,experiments/runs/mtsad_reproduction/smoke/psm__pca__seed1103.json,tslib_reference,null,42.76278593044292,87841,,0.6731927710843374,0.018333948566506705,0.0356957476542224,0.9888774987186059,0.7913129075919774,0.8791323961632226,0.7279411764705882,0.0301181580099308,0.05784309058050262,0.8791323961632226,last_point,percentile_combined,True,0.27755831559294636,fd911b52982531145aa490ee42e222a081e99fe61e55c11d16c8b7eecb10d9c5,historical_payload_protocol_record_not_new_strict_result
pca,PSM,1103,experiments/runs/mtsad_reproduction/smoke/psm__pca__seed1103.json,best_f1_adjusted,null,2.9708254535849283,87841,,0.46800950403493374,0.8967638735080595,0.6150383977045768,0.4950424641391361,0.9993437512817358,0.6621013872471094,0.29550647948624964,0.6446165315371588,0.4052413559068597,0.6621013872471094,last_point,best_f1,True,0.27755831559294636,fd911b52982531145aa490ee42e222a081e99fe61e55c11d16c8b7eecb10d9c5,historical_payload_protocol_record_not_new_strict_result
pca,PSM,1103,experiments/runs/mtsad_reproduction/smoke/psm__pca__seed1103.json,best_f1_pointwise,null,2.9708254535849283,87841,,0.46800950403493374,0.8967638735080595,0.6150383977045768,0.4950424641391361,0.9993437512817358,0.6621013872471094,0.29550647948624964,0.6446165315371588,0.4052413559068597,0.6150383977045768,last_point,best_f1,False,0.27755831559294636,fd911b52982531145aa490ee42e222a081e99fe61e55c11d16c8b7eecb10d9c5,historical_payload_protocol_record_not_new_strict_result
pca,PSM,1103,experiments/runs/mtsad_reproduction/smoke/psm__pca__seed1103.json,per_point_adjusted,null,42.76278593044292,87841,,0.6731927710843374,0.018333948566506705,0.0356957476542224,0.9888774987186059,0.7913129075919774,0.8791323961632226,0.7279411764705882,0.0301181580099308,0.05784309058050262,0.8791323961632226,last_point,percentile_combined,True,0.27755831559294636,fd911b52982531145aa490ee42e222a081e99fe61e55c11d16c8b7eecb10d9c5,historical_payload_protocol_record_not_new_strict_result
tranad,MSL,1103,experiments/runs/mtsad_reproduction/tad_msl/msl__tranad__seed1103.json,tslib_reference,"{""window"": 100, ""d_ff"": 16, ""dropout"": 0.1, ""epochs"": 5, ""learning_rate"": 0.01, ""weight_decay"": 1e-05, ""scheduler_step"": 5, ""scheduler_gamma"": 0.9, ""batch_size"": 128, ""seed"": 1103, ""device"": ""auto""}",10.190561294555664,7363000,0,0.26670454545454547,0.030221478238475406,0.05429100161924588,0.8740081534472525,0.5764177182590781,0.6946839481802889,0.11584100859115973,0.03358993906059656,0.05207880269036579,0.6946839481802889,window_flatten,percentile_combined,True,0.10547331250848839,25c1f70b6e8da1fe5856a2c740f88ba03528a79055d85b7f28936efbb4f4f325,historical_payload_protocol_record_not_new_strict_result
tranad,MSL,1103,experiments/runs/mtsad_reproduction/tad_msl/msl__tranad__seed1103.json,best_f1_adjusted,"{""window"": 100, ""d_ff"": 16, ""dropout"": 0.1, ""epochs"": 5, ""learning_rate"": 0.01, ""weight_decay"": 1e-05, ""scheduler_step"": 5, ""scheduler_gamma"": 0.9, ""batch_size"": 128, ""seed"": 1103, ""device"": ""auto""}",0.026104139164090157,7363000,0,0.1406519967400163,0.37778264228689157,0.20498585152838428,0.2410798470909558,0.7332127221220706,0.3628536571455335,0.08123283395373194,0.31042020276845506,0.12876863153373436,0.3628536571455335,window_flatten,best_f1,True,0.10547331250848839,25c1f70b6e8da1fe5856a2c740f88ba03528a79055d85b7f28936efbb4f4f325,historical_payload_protocol_record_not_new_strict_result
tranad,MSL,1103,experiments/runs/mtsad_reproduction/tad_msl/msl__tranad__seed1103.json,best_f1_pointwise,"{""window"": 100, ""d_ff"": 16, ""dropout"": 0.1, ""epochs"": 5, ""learning_rate"": 0.01, ""weight_decay"": 1e-05, ""scheduler_step"": 5, ""scheduler_gamma"": 0.9, ""batch_size"": 128, ""seed"": 1103, ""device"": ""auto""}",0.026104139164090157,7363000,0,0.1406519967400163,0.37778264228689157,0.20498585152838428,0.2410798470909558,0.7332127221220706,0.3628536571455335,0.08123283395373194,0.31042020276845506,0.12876863153373436,0.20498585152838428,window_flatten,best_f1,False,0.10547331250848839,25c1f70b6e8da1fe5856a2c740f88ba03528a79055d85b7f28936efbb4f4f325,historical_payload_protocol_record_not_new_strict_result
tranad,MSL,1103,experiments/runs/mtsad_reproduction/tad_msl/msl__tranad__seed1103.json,per_point_adjusted,"{""window"": 100, ""d_ff"": 16, ""dropout"": 0.1, ""epochs"": 5, ""learning_rate"": 0.01, ""weight_decay"": 1e-05, ""scheduler_step"": 5, ""scheduler_gamma"": 0.9, ""batch_size"": 128, ""seed"": 1103, ""device"": ""auto""}",10.190286979675292,73630,0,0.3170454545454545,0.03592583054339428,0.0645385149201943,0.9169315825846579,0.8542364151429307,0.8844743683754416,0.13697312743858878,0.03403637484352732,0.05452408955964311,0.8844743683754416,last_point,percentile_combined,True,0.10547331250848839,25c1f70b6e8da1fe5856a2c740f88ba03528a79055d85b7f28936efbb4f4f325,historical_payload_protocol_record_not_new_strict_result
tranad,SMAP,1103,experiments/runs/mtsad_reproduction/tad_smap/smap__tranad__seed1103.json,tslib_reference,"{""window"": 100, ""d_ff"": 16, ""dropout"": 0.1, ""epochs"": 5, ""learning_rate"": 0.01, ""weight_decay"": 1e-05, ""scheduler_step"": 5, ""scheduler_gamma"": 0.9, ""batch_size"": 128, ""seed"": 1103, ""device"": ""auto""}",5.325931072235107,42751800,0,0.05803248136315229,0.003985117741699576,0.007458085266543488,0.873155927615599,0.44527424308907415,0.5897829910248066,0.048130528749497394,0.013485478586079422,0.021068006281324263,0.5897829910248066,window_flatten,percentile_combined,True,0.12793847276605896,5df7d36aa0c5d7d78da6b7ed2f18fd93ec9e1f64be326db2951916702343308f,historical_payload_protocol_record_not_new_strict_result
tranad,SMAP,1103,experiments/runs/mtsad_reproduction/tad_smap/smap__tranad__seed1103.json,best_f1_adjusted,"{""window"": 100, ""d_ff"": 16, ""dropout"": 0.1, ""epochs"": 5, ""learning_rate"": 0.01, ""weight_decay"": 1e-05, ""scheduler_step"": 5, ""scheduler_gamma"": 0.9, ""batch_size"": 128, ""seed"": 1103, ""device"": ""auto""}",0.017100749537348747,42751800,0,0.1282021278342006,0.9995410998976159,0.22725615674472452,0.12823688036392628,0.9998519087319,0.22731879057935475,0.046893659827207064,0.9982104630783795,0.08957909717438767,0.22731879057935475,window_flatten,best_f1,True,0.12793847276605896,5df7d36aa0c5d7d78da6b7ed2f18fd93ec9e1f64be326db2951916702343308f,historical_payload_protocol_record_not_new_strict_result
tranad,SMAP,1103,experiments/runs/mtsad_reproduction/tad_smap/smap__tranad__seed1103.json,best_f1_pointwise,"{""window"": 100, ""d_ff"": 16, ""dropout"": 0.1, ""epochs"": 5, ""learning_rate"": 0.01, ""weight_decay"": 1e-05, ""scheduler_step"": 5, ""scheduler_gamma"": 0.9, ""batch_size"": 128, ""seed"": 1103, ""device"": ""auto""}",0.017100749537348747,42751800,0,0.1282021278342006,0.9995410998976159,0.22725615674472452,0.12823688036392628,0.9998519087319,0.22731879057935475,0.046893659827207064,0.9982104630783795,0.08957909717438767,0.22725615674472452,window_flatten,best_f1,False,0.12793847276605896,5df7d36aa0c5d7d78da6b7ed2f18fd93ec9e1f64be326db2951916702343308f,historical_payload_protocol_record_not_new_strict_result
tranad,SMAP,1103,experiments/runs/mtsad_reproduction/tad_smap/smap__tranad__seed1103.json,per_point_adjusted,"{""window"": 100, ""d_ff"": 16, ""dropout"": 0.1, ""epochs"": 5, ""learning_rate"": 0.01, ""weight_decay"": 1e-05, ""scheduler_step"": 5, ""scheduler_gamma"": 0.9, ""batch_size"": 128, ""seed"": 1103, ""device"": ""auto""}",5.325931072235107,427518,0,0.07055378061767838,0.0048449612403100775,0.009067268870184083,0.8980759685848588,0.5623811613280678,0.6916478352277199,0.05599115400080418,0.006922824155691421,0.012322123788059513,0.6916478352277199,last_point,percentile_combined,True,0.12793847276605896,5df7d36aa0c5d7d78da6b7ed2f18fd93ec9e1f64be326db2951916702343308f,historical_payload_protocol_record_not_new_strict_result
tranad,SMD,1103,experiments/runs/mtsad_reproduction/tad_smd/smd__tranad__seed1103.json,tslib_reference,"{""window"": 100, ""d_ff"": 16, ""dropout"": 0.1, ""epochs"": 5, ""learning_rate"": 0.01, ""weight_decay"": 1e-05, ""scheduler_step"": 5, ""scheduler_gamma"": 0.9, ""batch_size"": 128, ""seed"": 1103, ""device"": ""auto""}",12.85278606414795,708400,0,0.0880952380952381,0.018849341122130145,0.031054162936436883,0.3269681349578257,0.09479011003939682,0.1469720905739863,0.20555555555555557,0.013685636811336322,0.02566268361812304,0.1469720905739863,window_flatten,percentile_combined,True,0.04156408808582722,713200559c478643505063cb5fcc97b633988d58996ca329014bf1ec214acf03,historical_payload_protocol_record_not_new_strict_result
tranad,SMD,1103,experiments/runs/mtsad_reproduction/tad_smd/smd__tranad__seed1103.json,best_f1_adjusted,"{""window"": 100, ""d_ff"": 16, ""dropout"": 0.1, ""epochs"": 5, ""learning_rate"": 0.01, ""weight_decay"": 1e-05, ""scheduler_step"": 5, ""scheduler_gamma"": 0.9, ""batch_size"": 128, ""seed"": 1103, ""device"": ""auto""}",2.1914689540863037,708400,0,0.1742950819672131,0.18054612145088983,0.17736554117176032,0.2840369580668088,0.33932210297513926,0.3092279360559588,0.14770417853751186,0.08217344077841086,0.10559845368065675,0.3092279360559588,window_flatten,best_f1,True,0.04156408808582722,713200559c478643505063cb5fcc97b633988d58996ca329014bf1ec214acf03,historical_payload_protocol_record_not_new_strict_result
tranad,SMD,1103,experiments/runs/mtsad_reproduction/tad_smd/smd__tranad__seed1103.json,best_f1_pointwise,"{""window"": 100, ""d_ff"": 16, ""dropout"": 0.1, ""epochs"": 5, ""learning_rate"": 0.01, ""weight_decay"": 1e-05, ""scheduler_step"": 5, ""scheduler_gamma"": 0.9, ""batch_size"": 128, ""seed"": 1103, ""device"": ""auto""}",2.1914689540863037,708400,0,0.1742950819672131,0.18054612145088983,0.17736554117176032,0.2840369580668088,0.33932210297513926,0.3092279360559588,0.14770417853751186,0.08217344077841086,0.10559845368065675,0.17736554117176032,window_flatten,best_f1,False,0.04156408808582722,713200559c478643505063cb5fcc97b633988d58996ca329014bf1ec214acf03,historical_payload_protocol_record_not_new_strict_result
tranad,SMD,1103,experiments/runs/mtsad_reproduction/tad_smd/smd__tranad__seed1103.json,per_point_adjusted,"{""window"": 100, ""d_ff"": 16, ""dropout"": 0.1, ""epochs"": 5, ""learning_rate"": 0.01, ""weight_decay"": 1e-05, ""scheduler_step"": 5, ""scheduler_gamma"": 0.9, ""batch_size"": 128, ""seed"": 1103, ""device"": ""auto""}",12.804814271926826,7084,0,0.21875,0.046511627906976744,0.0767123287671233,0.4117647058823529,0.11627906976744186,0.18134715025906736,0.5,0.08636788048552756,0.14729299363057327,0.18134715025906736,last_point,percentile_combined,True,0.042490118577075096,713200559c478643505063cb5fcc97b633988d58996ca329014bf1ec214acf03,historical_payload_protocol_record_not_new_strict_result
tranad,SWAT,1103,experiments/runs/mtsad_reproduction/tad_swat/swat__tranad__seed1103.json,tslib_reference,"{""window"": 100, ""d_ff"": 16, ""dropout"": 0.1, ""epochs"": 5, ""learning_rate"": 0.01, ""weight_decay"": 1e-05, ""scheduler_step"": 5, ""scheduler_gamma"": 0.9, ""batch_size"": 128, ""seed"": 1103, ""device"": ""auto""}",75.27140808105469,44982000,0,0.9984107123257601,0.16653887698870398,0.28546162053599444,0.9995957450491332,0.6555079548159133,0.7917847836764228,0.9832309322033898,0.002372643282355887,0.004733863237351108,0.7917847836764228,window_flatten,percentile_combined,True,0.12142857142857143,caeeee44291ea7105a4e81b681c9fc1a0dc4c76b1f4cbb5c24246e9a3b3b7755,historical_payload_protocol_record_not_new_strict_result
tranad,SWAT,1103,experiments/runs/mtsad_reproduction/tad_swat/swat__tranad__seed1103.json,best_f1_adjusted,"{""window"": 100, ""d_ff"": 16, ""dropout"": 0.1, ""epochs"": 5, ""learning_rate"": 0.01, ""weight_decay"": 1e-05, ""scheduler_step"": 5, ""scheduler_gamma"": 0.9, ""batch_size"": 128, ""seed"": 1103, ""device"": ""auto""}",18.612096786499023,44982000,0,0.9936821366024519,0.6232685230955127,0.7660478617477301,0.9943328720909987,0.6952911883707732,0.8183487681671973,0.7046967965539477,0.07392657740170441,0.1338152026197605,0.8183487681671973,window_flatten,best_f1,True,0.12142857142857143,caeeee44291ea7105a4e81b681c9fc1a0dc4c76b1f4cbb5c24246e9a3b3b7755,historical_payload_protocol_record_not_new_strict_result
tranad,SWAT,1103,experiments/runs/mtsad_reproduction/tad_swat/swat__tranad__seed1103.json,best_f1_pointwise,"{""window"": 100, ""d_ff"": 16, ""dropout"": 0.1, ""epochs"": 5, ""learning_rate"": 0.01, ""weight_decay"": 1e-05, ""scheduler_step"": 5, ""scheduler_gamma"": 0.9, ""batch_size"": 128, ""seed"": 1103, ""device"": ""auto""}",18.612096786499023,44982000,0,0.9936821366024519,0.6232685230955127,0.7660478617477301,0.9943328720909987,0.6952911883707732,0.8183487681671973,0.7046967965539477,0.07392657740170441,0.1338152026197605,0.7660478617477301,window_flatten,best_f1,False,0.12142857142857143,caeeee44291ea7105a4e81b681c9fc1a0dc4c76b1f4cbb5c24246e9a3b3b7755,historical_payload_protocol_record_not_new_strict_result
tranad,SWAT,1103,experiments/runs/mtsad_reproduction/tad_swat/swat__tranad__seed1103.json,per_point_adjusted,"{""window"": 100, ""d_ff"": 16, ""dropout"": 0.1, ""epochs"": 5, ""learning_rate"": 0.01, ""weight_decay"": 1e-05, ""scheduler_step"": 5, ""scheduler_gamma"": 0.9, ""batch_size"": 128, ""seed"": 1103, ""device"": ""auto""}",75.27140808105469,449820,0,0.9982438810229393,0.16651104886399004,0.285413920793322,0.9995545160931061,0.6572563665989272,0.7930459370202236,0.9830508474576272,0.0046963788300835654,0.009348098513517738,0.7930459370202236,last_point,percentile_combined,True,0.12142857142857143,caeeee44291ea7105a4e81b681c9fc1a0dc4c76b1f4cbb5c24246e9a3b3b7755,historical_payload_protocol_record_not_new_strict_result
timesnet,MSL,1103,experiments/runs/mtsad_reproduction/tn_msl/msl__timesnet__seed1103.json,tslib_reference,"{""window"": 100, ""d_model"": 8, ""d_ff"": 16, ""e_layers"": 1, ""top_k"": 3, ""num_kernels"": 6, ""dropout"": 0.1, ""epochs"": 1, ""learning_rate"": 0.0001, ""batch_size"": 128, ""seed"": 1103, ""device"": ""auto""}",8.721038169860833,7363000,0,0.26075484194895787,0.03143059490084986,0.05609916698172508,0.8933556895972482,0.7464408962142673,0.8133170020610515,0.14773008151388284,0.037711274915365876,0.06008465236140547,0.8133170020610515,window_flatten,percentile_combined,True,0.10547331250848839,a07c8625ee933c36b1106226bc330e45603ca742e247af2692b02e4b6ad1c0af,historical_payload_protocol_record_not_new_strict_result
timesnet,MSL,1103,experiments/runs/mtsad_reproduction/tn_msl/msl__timesnet__seed1103.json,best_f1_adjusted,"{""window"": 100, ""d_model"": 8, ""d_ff"": 16, ""e_layers"": 1, ""top_k"": 3, ""num_kernels"": 6, ""dropout"": 0.1, ""epochs"": 1, ""learning_rate"": 0.0001, ""batch_size"": 128, ""seed"": 1103, ""device"": ""auto""}",0.019357886165380478,7363000,0,0.1413352306171609,0.8502575328354365,0.24238043865680028,0.1615629549047946,0.9953940252382178,0.27800307664367124,0.06774618713430824,0.6913666010119469,0.12340050612226545,0.27800307664367124,window_flatten,best_f1,True,0.10547331250848839,a07c8625ee933c36b1106226bc330e45603ca742e247af2692b02e4b6ad1c0af,historical_payload_protocol_record_not_new_strict_result
timesnet,MSL,1103,experiments/runs/mtsad_reproduction/tn_msl/msl__timesnet__seed1103.json,best_f1_pointwise,"{""window"": 100, ""d_model"": 8, ""d_ff"": 16, ""e_layers"": 1, ""top_k"": 3, ""num_kernels"": 6, ""dropout"": 0.1, ""epochs"": 1, ""learning_rate"": 0.0001, ""batch_size"": 128, ""seed"": 1103, ""device"": ""auto""}",0.019357886165380478,7363000,0,0.1413352306171609,0.8502575328354365,0.24238043865680028,0.1615629549047946,0.9953940252382178,0.27800307664367124,0.06774618713430824,0.6913666010119469,0.12340050612226545,0.24238043865680028,window_flatten,best_f1,False,0.10547331250848839,a07c8625ee933c36b1106226bc330e45603ca742e247af2692b02e4b6ad1c0af,historical_payload_protocol_record_not_new_strict_result
timesnet,MSL,1103,experiments/runs/mtsad_reproduction/tn_msl/msl__timesnet__seed1103.json,per_point_adjusted,"{""window"": 100, ""d_model"": 8, ""d_ff"": 16, ""e_layers"": 1, ""top_k"": 3, ""num_kernels"": 6, ""dropout"": 0.1, ""epochs"": 1, ""learning_rate"": 0.0001, ""batch_size"": 128, ""seed"": 1103, ""device"": ""auto""}",9.093418903350821,73630,0,0.35470941883767537,0.045583311872263714,0.0807850296668188,0.9106672215286448,0.8453515323203709,0.8767946577629382,0.14190710047063637,0.04003575448698206,0.06245211262322231,0.8767946577629382,last_point,percentile_combined,True,0.10547331250848839,a07c8625ee933c36b1106226bc330e45603ca742e247af2692b02e4b6ad1c0af,historical_payload_protocol_record_not_new_strict_result
timesnet,PSM,1103,experiments/runs/mtsad_reproduction/tn_psm/psm__timesnet__seed1103.json,tslib_reference,"{""window"": 100, ""d_model"": 64, ""d_ff"": 64, ""e_layers"": 2, ""top_k"": 3, ""num_kernels"": 6, ""dropout"": 0.1, ""epochs"": 3, ""learning_rate"": 0.0001, ""batch_size"": 128, ""seed"": 1103, ""device"": ""auto""}",0.045102551840245766,8774200,0,0.6225866330491061,0.025771437916392394,0.04949410975113665,0.9839993434937495,0.9607560827085649,0.9722388141001185,0.5584902366897451,0.2538673870722872,0.3490641386172103,0.9722388141001185,window_flatten,percentile_combined,True,0.27737024458070253,66981eb0e78ae1cc8649eb25a8c0ed4af14e9f0cad2046d9c1db02f8e6e1baa1,historical_payload_protocol_record_not_new_strict_result
timesnet,PSM,1103,experiments/runs/mtsad_reproduction/tn_psm/psm__timesnet__seed1103.json,best_f1_adjusted,"{""window"": 100, ""d_model"": 64, ""d_ff"": 64, ""e_layers"": 2, ""top_k"": 3, ""num_kernels"": 6, ""dropout"": 0.1, ""epochs"": 3, ""learning_rate"": 0.0001, ""batch_size"": 128, ""seed"": 1103, ""device"": ""auto""}",0.000182979172677733,8774200,0,0.27737122455699226,1.0,0.43428444171065145,0.27737122455699226,1.0,0.43428444171065145,0.05063381468103946,1.0,0.09638717881246057,0.43428444171065145,window_flatten,best_f1,True,0.27737024458070253,66981eb0e78ae1cc8649eb25a8c0ed4af14e9f0cad2046d9c1db02f8e6e1baa1,historical_payload_protocol_record_not_new_strict_result
timesnet,PSM,1103,experiments/runs/mtsad_reproduction/tn_psm/psm__timesnet__seed1103.json,best_f1_pointwise,"{""window"": 100, ""d_model"": 64, ""d_ff"": 64, ""e_layers"": 2, ""top_k"": 3, ""num_kernels"": 6, ""dropout"": 0.1, ""epochs"": 3, ""learning_rate"": 0.0001, ""batch_size"": 128, ""seed"": 1103, ""device"": ""auto""}",0.000182979172677733,8774200,0,0.27737122455699226,1.0,0.43428444171065145,0.27737122455699226,1.0,0.43428444171065145,0.05063381468103946,1.0,0.09638717881246057,0.43428444171065145,window_flatten,best_f1,False,0.27737024458070253,66981eb0e78ae1cc8649eb25a8c0ed4af14e9f0cad2046d9c1db02f8e6e1baa1,historical_payload_protocol_record_not_new_strict_result
timesnet,PSM,1103,experiments/runs/mtsad_reproduction/tn_psm/psm__timesnet__seed1103.json,per_point_adjusted,"{""window"": 100, ""d_model"": 64, ""d_ff"": 64, ""e_layers"": 2, ""top_k"": 3, ""num_kernels"": 6, ""dropout"": 0.1, ""epochs"": 3, ""learning_rate"": 0.0001, ""batch_size"": 128, ""seed"": 1103, ""device"": ""auto""}",0.18102646693587096,87742,0,0.6489028213166145,0.025473787841496433,0.049023090586145644,0.9843844402100664,0.8688571662974813,0.9230199368122888,0.593113143233925,0.2811421256725752,0.38146545015781136,0.9230199368122888,last_point,percentile_combined,True,0.2778372957078708,66981eb0e78ae1cc8649eb25a8c0ed4af14e9f0cad2046d9c1db02f8e6e1baa1,historical_payload_protocol_record_not_new_strict_result
timesnet,SMAP,1103,experiments/runs/mtsad_reproduction/tn_smap/smap__timesnet__seed1103.json,tslib_reference,"{""window"": 100, ""d_model"": 128, ""d_ff"": 128, ""e_layers"": 3, ""top_k"": 3, ""num_kernels"": 6, ""dropout"": 0.1, ""epochs"": 3, ""learning_rate"": 0.0001, ""batch_size"": 128, ""seed"": 1103, ""device"": ""auto""}",0.09176439546048537,42751800,0,0.25871243020761114,0.021627906976744184,0.03991868191681617,0.908858342191075,0.6179640193067135,0.7357001944481235,0.08997007652937246,0.0658476850035516,0.07604166817400658,0.7357001944481235,window_flatten,percentile_combined,True,0.12793847276605896,1d908b356a87774615ac80f6cf29b2c74bb2b63baf246331c5172a2e2f18d9cb,historical_payload_protocol_record_not_new_strict_result
timesnet,SMAP,1103,experiments/runs/mtsad_reproduction/tn_smap/smap__timesnet__seed1103.json,best_f1_adjusted,"{""window"": 100, ""d_model"": 128, ""d_ff"": 128, ""e_layers"": 3, ""top_k"": 3, ""num_kernels"": 6, ""dropout"": 0.1, ""epochs"": 3, ""learning_rate"": 0.0001, ""batch_size"": 128, ""seed"": 1103, ""device"": ""auto""}",9.84516077551234e-08,42751800,0,0.14067231777722666,0.8599087684657013,0.24179021810464638,0.15967636257728574,0.9981517844083663,0.27531071281916264,0.24793720907467642,0.8295531678090197,0.38177064337313477,0.27531071281916264,window_flatten,best_f1,True,0.12793847276605896,1d908b356a87774615ac80f6cf29b2c74bb2b63baf246331c5172a2e2f18d9cb,historical_payload_protocol_record_not_new_strict_result
timesnet,SMAP,1103,experiments/runs/mtsad_reproduction/tn_smap/smap__timesnet__seed1103.json,best_f1_pointwise,"{""window"": 100, ""d_model"": 128, ""d_ff"": 128, ""e_layers"": 3, ""top_k"": 3, ""num_kernels"": 6, ""dropout"": 0.1, ""epochs"": 3, ""learning_rate"": 0.0001, ""batch_size"": 128, ""seed"": 1103, ""device"": ""auto""}",9.84516077551234e-08,42751800,0,0.14067231777722666,0.8599087684657013,0.24179021810464638,0.15967636257728574,0.9981517844083663,0.27531071281916264,0.24793720907467642,0.8295531678090197,0.38177064337313477,0.24179021810464638,window_flatten,best_f1,False,0.12793847276605896,1d908b356a87774615ac80f6cf29b2c74bb2b63baf246331c5172a2e2f18d9cb,historical_payload_protocol_record_not_new_strict_result
timesnet,SMAP,1103,experiments/runs/mtsad_reproduction/tn_smap/smap__timesnet__seed1103.json,per_point_adjusted,"{""window"": 100, ""d_model"": 128, ""d_ff"": 128, ""e_layers"": 3, ""top_k"": 3, ""num_kernels"": 6, ""dropout"": 0.1, ""epochs"": 3, ""learning_rate"": 0.0001, ""batch_size"": 128, ""seed"": 1103, ""device"": ""auto""}",0.2757103061676024,427518,0,0.32135500114442667,0.025669153137340937,0.04754084483196478,0.9148135378957651,0.582144946614012,0.7115148264843244,0.10430406216717607,0.04670007178588756,0.0645148852981846,0.7115148264843244,last_point,percentile_combined,True,0.12793847276605896,1d908b356a87774615ac80f6cf29b2c74bb2b63baf246331c5172a2e2f18d9cb,historical_payload_protocol_record_not_new_strict_result
timesnet,SMD,1103,experiments/runs/mtsad_reproduction/tn_smd/smd__timesnet__seed1103.json,tslib_reference,"{""window"": 100, ""d_model"": 64, ""d_ff"": 64, ""e_layers"": 2, ""top_k"": 5, ""num_kernels"": 6, ""dropout"": 0.1, ""epochs"": 10, ""learning_rate"": 0.0001, ""batch_size"": 128, ""seed"": 1103, ""device"": ""auto""}",1.9842203480005192,708400,0,0.37090838659693975,0.06503871756554816,0.11067125148091425,0.8824125696908262,0.8278087216410813,0.854238951389619,0.2627440855355438,0.17162242968761948,0.2076254810870702,0.854238951389619,window_flatten,percentile_combined,True,0.04156408808582722,77d9d59cad80e888389a3fde19013b7f14a464dc7991260ba2c4c19e65bb859d,historical_payload_protocol_record_not_new_strict_result
timesnet,SMD,1103,experiments/runs/mtsad_reproduction/tn_smd/smd__timesnet__seed1103.json,best_f1_adjusted,"{""window"": 100, ""d_model"": 64, ""d_ff"": 64, ""e_layers"": 2, ""top_k"": 5, ""num_kernels"": 6, ""dropout"": 0.1, ""epochs"": 10, ""learning_rate"": 0.0001, ""batch_size"": 128, ""seed"": 1103, ""device"": ""auto""}",0.196263387799263,708400,0,0.17274023607700228,0.29622333922021465,0.21822457966373096,0.4118806583782718,0.9935131096318435,0.5823404700050764,0.10016828640623601,0.3990855466778794,0.16014184645622498,0.5823404700050764,window_flatten,best_f1,True,0.04156408808582722,77d9d59cad80e888389a3fde19013b7f14a464dc7991260ba2c4c19e65bb859d,historical_payload_protocol_record_not_new_strict_result
timesnet,SMD,1103,experiments/runs/mtsad_reproduction/tn_smd/smd__timesnet__seed1103.json,best_f1_pointwise,"{""window"": 100, ""d_model"": 64, ""d_ff"": 64, ""e_layers"": 2, ""top_k"": 5, ""num_kernels"": 6, ""dropout"": 0.1, ""epochs"": 10, ""learning_rate"": 0.0001, ""batch_size"": 128, ""seed"": 1103, ""device"": ""auto""}",0.196263387799263,708400,0,0.17274023607700228,0.29622333922021465,0.21822457966373096,0.4118806583782718,0.9935131096318435,0.5823404700050764,0.10016828640623601,0.3990855466778794,0.16014184645622498,0.21822457966373096,window_flatten,best_f1,False,0.04156408808582722,77d9d59cad80e888389a3fde19013b7f14a464dc7991260ba2c4c19e65bb859d,historical_payload_protocol_record_not_new_strict_result
timesnet,SMD,1103,experiments/runs/mtsad_reproduction/tn_smd/smd__timesnet__seed1103.json,per_point_adjusted,"{""window"": 100, ""d_model"": 64, ""d_ff"": 64, ""e_layers"": 2, ""top_k"": 5, ""num_kernels"": 6, ""dropout"": 0.1, ""epochs"": 10, ""learning_rate"": 0.0001, ""batch_size"": 128, ""seed"": 1103, ""device"": ""auto""}",3.2609195363520396,7084,0,0.38461538461538464,0.0664451827242525,0.113314447592068,0.5555555555555556,0.132890365448505,0.21447721179624665,0.3723404255319149,0.11998132586367881,0.1814825276410298,0.21447721179624665,last_point,percentile_combined,True,0.042490118577075096,77d9d59cad80e888389a3fde19013b7f14a464dc7991260ba2c4c19e65bb859d,historical_payload_protocol_record_not_new_strict_result
timesnet,SWAT,1103,experiments/runs/mtsad_reproduction/tn_swat/swat__timesnet__seed1103.json,tslib_reference,"{""window"": 100, ""d_model"": 64, ""d_ff"": 64, ""e_layers"": 3, ""top_k"": 3, ""num_kernels"": 6, ""dropout"": 0.1, ""epochs"": 3, ""learning_rate"": 0.0001, ""batch_size"": 128, ""seed"": 1103, ""device"": ""auto""}",0.014264792297035506,44982000,0,0.31409522116251604,0.04528075282400542,0.07915091214859359,0.9060556403890719,0.9536747771003826,0.9292555552810302,0.13783510894669773,0.2734631408777968,0.18328705182616856,0.9292555552810302,window_flatten,percentile_combined,True,0.12142857142857143,e1166e01dec6ff7c582ee997c31e47cb7b9a4685bd058ff26533500c39cddf8b,historical_payload_protocol_record_not_new_strict_result
timesnet,SWAT,1103,experiments/runs/mtsad_reproduction/tn_swat/swat__timesnet__seed1103.json,best_f1_adjusted,"{""window"": 100, ""d_model"": 64, ""d_ff"": 64, ""e_layers"": 3, ""top_k"": 3, ""num_kernels"": 6, ""dropout"": 0.1, ""epochs"": 3, ""learning_rate"": 0.0001, ""batch_size"": 128, ""seed"": 1103, ""device"": ""auto""}",1.620237100041777e-07,44982000,0,0.12142855189694882,0.9999998169202321,0.21656047419937066,0.12142857142857143,1.0,0.21656050955414013,0.08168673094232651,0.9999505886019202,0.15103527441372583,0.21656050955414013,window_flatten,best_f1,True,0.12142857142857143,e1166e01dec6ff7c582ee997c31e47cb7b9a4685bd058ff26533500c39cddf8b,historical_payload_protocol_record_not_new_strict_result
timesnet,SWAT,1103,experiments/runs/mtsad_reproduction/tn_swat/swat__timesnet__seed1103.json,best_f1_pointwise,"{""window"": 100, ""d_model"": 64, ""d_ff"": 64, ""e_layers"": 3, ""top_k"": 3, ""num_kernels"": 6, ""dropout"": 0.1, ""epochs"": 3, ""learning_rate"": 0.0001, ""batch_size"": 128, ""seed"": 1103, ""device"": ""auto""}",1.620237100041777e-07,44982000,0,0.12142855189694882,0.9999998169202321,0.21656047419937066,0.12142857142857143,1.0,0.21656050955414013,0.08168673094232651,0.9999505886019202,0.15103527441372583,0.21656047419937066,window_flatten,best_f1,False,0.12142857142857143,e1166e01dec6ff7c582ee997c31e47cb7b9a4685bd058ff26533500c39cddf8b,historical_payload_protocol_record_not_new_strict_result
timesnet,SWAT,1103,experiments/runs/mtsad_reproduction/tn_swat/swat__timesnet__seed1103.json,per_point_adjusted,"{""window"": 100, ""d_model"": 64, ""d_ff"": 64, ""e_layers"": 3, ""top_k"": 3, ""num_kernels"": 6, ""dropout"": 0.1, ""epochs"": 3, ""learning_rate"": 0.0001, ""batch_size"": 128, ""seed"": 1103, ""device"": ""auto""}",0.08877428919076921,449820,0,0.2965455361148497,0.03630471796561762,0.0646897631630456,0.9151499846678331,0.9288552022116036,0.9219516627294204,0.11507013754126745,0.06268482311565628,0.08115836757535386,0.9219516627294204,last_point,percentile_combined,True,0.12142857142857143,e1166e01dec6ff7c582ee997c31e47cb7b9a4685bd058ff26533500c39cddf8b,historical_payload_protocol_record_not_new_strict_result
timesnet,MSL,1103,experiments/runs/mtsad_reproduction/tns_msl/msl__timesnet__seed1103.json,tslib_reference,"{""window"": 100, ""d_model"": 8, ""d_ff"": 16, ""e_layers"": 1, ""top_k"": 3, ""num_kernels"": 6, ""dropout"": 0.1, ""epochs"": 1, ""learning_rate"": 0.0001, ""batch_size"": 128, ""seed"": 1103, ""device"": ""auto""}",8.721025962829579,7363000,0,0.26075484194895787,0.03143059490084986,0.05609916698172508,0.8933556895972482,0.7464408962142673,0.8133170020610515,0.14773008151388284,0.037711274915365876,0.06008465236140547,0.8133170020610515,window_flatten,percentile_combined,True,0.10547331250848839,a4e80b729a50d2b45ca523b1470b406e0a54874f9c4915166fb6fbaa0bc4e7ed,historical_payload_protocol_record_not_new_strict_result
timesnet,MSL,1103,experiments/runs/mtsad_reproduction/tns_msl/msl__timesnet__seed1103.json,best_f1_adjusted,"{""window"": 100, ""d_model"": 8, ""d_ff"": 16, ""e_layers"": 1, ""top_k"": 3, ""num_kernels"": 6, ""dropout"": 0.1, ""epochs"": 1, ""learning_rate"": 0.0001, ""batch_size"": 128, ""seed"": 1103, ""device"": ""auto""}",0.019357940182089806,7363000,0,0.14133522833686685,0.8502562451712593,0.24238038298368278,0.1615631575064336,0.9953940252382178,0.27800337657961366,0.06774364410060571,0.6913666010119469,0.12339628733387602,0.27800337657961366,window_flatten,best_f1,True,0.10547331250848839,a4e80b729a50d2b45ca523b1470b406e0a54874f9c4915166fb6fbaa0bc4e7ed,historical_payload_protocol_record_not_new_strict_result
timesnet,MSL,1103,experiments/runs/mtsad_reproduction/tns_msl/msl__timesnet__seed1103.json,best_f1_pointwise,"{""window"": 100, ""d_model"": 8, ""d_ff"": 16, ""e_layers"": 1, ""top_k"": 3, ""num_kernels"": 6, ""dropout"": 0.1, ""epochs"": 1, ""learning_rate"": 0.0001, ""batch_size"": 128, ""seed"": 1103, ""device"": ""auto""}",0.019357940182089806,7363000,0,0.14133522833686685,0.8502562451712593,0.24238038298368278,0.1615631575064336,0.9953940252382178,0.27800337657961366,0.06774364410060571,0.6913666010119469,0.12339628733387602,0.24238038298368278,window_flatten,best_f1,False,0.10547331250848839,a4e80b729a50d2b45ca523b1470b406e0a54874f9c4915166fb6fbaa0bc4e7ed,historical_payload_protocol_record_not_new_strict_result
timesnet,MSL,1103,experiments/runs/mtsad_reproduction/tns_msl/msl__timesnet__seed1103.json,per_point_adjusted,"{""window"": 100, ""d_model"": 8, ""d_ff"": 16, ""e_layers"": 1, ""top_k"": 3, ""num_kernels"": 6, ""dropout"": 0.1, ""epochs"": 1, ""learning_rate"": 0.0001, ""batch_size"": 128, ""seed"": 1103, ""device"": ""auto""}",9.093420925140373,73630,0,0.35470941883767537,0.045583311872263714,0.0807850296668188,0.9106672215286448,0.8453515323203709,0.8767946577629382,0.14190710047063637,0.04003575448698206,0.06245211262322231,0.8767946577629382,last_point,percentile_combined,True,0.10547331250848839,a4e80b729a50d2b45ca523b1470b406e0a54874f9c4915166fb6fbaa0bc4e7ed,historical_payload_protocol_record_not_new_strict_result
timesnet,PSM,1103,experiments/runs/mtsad_reproduction/tns_psm/psm__timesnet__seed1103.json,tslib_reference,"{""window"": 100, ""d_model"": 64, ""d_ff"": 64, ""e_layers"": 2, ""top_k"": 3, ""num_kernels"": 6, ""dropout"": 0.1, ""epochs"": 3, ""learning_rate"": 0.0001, ""batch_size"": 128, ""seed"": 1103, ""device"": ""auto""}",0.04509557049721481,8774200,0,0.6227005132583466,0.025773081502994205,0.04949750062242768,0.9840059691970243,0.9607560827085649,0.9722420482251091,0.5585919384409391,0.2538300420798808,0.34904869301800523,0.9722420482251091,window_flatten,percentile_combined,True,0.27737024458070253,e8b200fe63decd8722cbb6184a8edb6716cb3a41221446573de00b919fa88f2e,historical_payload_protocol_record_not_new_strict_result
timesnet,PSM,1103,experiments/runs/mtsad_reproduction/tns_psm/psm__timesnet__seed1103.json,best_f1_adjusted,"{""window"": 100, ""d_model"": 64, ""d_ff"": 64, ""e_layers"": 2, ""top_k"": 3, ""num_kernels"": 6, ""dropout"": 0.1, ""epochs"": 3, ""learning_rate"": 0.0001, ""batch_size"": 128, ""seed"": 1103, ""device"": ""auto""}",0.00018764197011478245,8774200,0,0.2773712686473606,0.9999995891033495,0.4342844570054638,0.27737135100605015,1.0,0.4342845967033692,0.07661458428319326,0.9999539980066852,0.1423245320732773,0.4342845967033692,window_flatten,best_f1,True,0.27737024458070253,e8b200fe63decd8722cbb6184a8edb6716cb3a41221446573de00b919fa88f2e,historical_payload_protocol_record_not_new_strict_result
timesnet,PSM,1103,experiments/runs/mtsad_reproduction/tns_psm/psm__timesnet__seed1103.json,best_f1_pointwise,"{""window"": 100, ""d_model"": 64, ""d_ff"": 64, ""e_layers"": 2, ""top_k"": 3, ""num_kernels"": 6, ""dropout"": 0.1, ""epochs"": 3, ""learning_rate"": 0.0001, ""batch_size"": 128, ""seed"": 1103, ""device"": ""auto""}",0.00018764197011478245,8774200,0,0.2773712686473606,0.9999995891033495,0.4342844570054638,0.27737135100605015,1.0,0.4342845967033692,0.07661458428319326,0.9999539980066852,0.1423245320732773,0.4342844570054638,window_flatten,best_f1,False,0.27737024458070253,e8b200fe63decd8722cbb6184a8edb6716cb3a41221446573de00b919fa88f2e,historical_payload_protocol_record_not_new_strict_result
timesnet,PSM,1103,experiments/runs/mtsad_reproduction/tns_psm/psm__timesnet__seed1103.json,per_point_adjusted,"{""window"": 100, ""d_model"": 64, ""d_ff"": 64, ""e_layers"": 2, ""top_k"": 3, ""num_kernels"": 6, ""dropout"": 0.1, ""epochs"": 3, ""learning_rate"": 0.0001, ""batch_size"": 128, ""seed"": 1103, ""device"": ""auto""}",0.1810689276456801,87742,0,0.6489028213166145,0.025473787841496433,0.049023090586145644,0.9843844402100664,0.8688571662974813,0.9230199368122888,0.593113143233925,0.2811421256725752,0.38146545015781136,0.9230199368122888,last_point,percentile_combined,True,0.2778372957078708,e8b200fe63decd8722cbb6184a8edb6716cb3a41221446573de00b919fa88f2e,historical_payload_protocol_record_not_new_strict_result
timesnet,SMAP,1103,experiments/runs/mtsad_reproduction/tns_smap/smap__timesnet__seed1103.json,tslib_reference,"{""window"": 100, ""d_model"": 128, ""d_ff"": 128, ""e_layers"": 3, ""top_k"": 3, ""num_kernels"": 6, ""dropout"": 0.1, ""epochs"": 3, ""learning_rate"": 0.0001, ""batch_size"": 128, ""seed"": 1103, ""device"": ""auto""}",0.09172899462282619,42751800,0,0.25861993533681293,0.021614926137194675,0.039895470324485406,0.9088763505692657,0.6180254497586661,0.7357496274022961,0.08994623429783076,0.06587384155848834,0.0760505853222852,0.7357496274022961,window_flatten,percentile_combined,True,0.12793847276605896,275a0d7df6a7d32d10d31951ea8ab39b02f5a6b4b2dae65d24f04a6658ad2a9c,historical_payload_protocol_record_not_new_strict_result
timesnet,SMAP,1103,experiments/runs/mtsad_reproduction/tns_smap/smap__timesnet__seed1103.json,best_f1_adjusted,"{""window"": 100, ""d_model"": 128, ""d_ff"": 128, ""e_layers"": 3, ""top_k"": 3, ""num_kernels"": 6, ""dropout"": 0.1, ""epochs"": 3, ""learning_rate"": 0.0001, ""batch_size"": 128, ""seed"": 1103, ""device"": ""auto""}",9.598544892241989e-08,42751800,0,0.14058375097214498,0.8614225903173907,0.2417190668935437,0.15939554229206865,0.9985485227438935,0.2749082414145174,0.24766762372716417,0.8315693487548109,0.3816637306203651,0.2749082414145174,window_flatten,best_f1,True,0.12793847276605896,275a0d7df6a7d32d10d31951ea8ab39b02f5a6b4b2dae65d24f04a6658ad2a9c,historical_payload_protocol_record_not_new_strict_result
timesnet,SMAP,1103,experiments/runs/mtsad_reproduction/tns_smap/smap__timesnet__seed1103.json,best_f1_pointwise,"{""window"": 100, ""d_model"": 128, ""d_ff"": 128, ""e_layers"": 3, ""top_k"": 3, ""num_kernels"": 6, ""dropout"": 0.1, ""epochs"": 3, ""learning_rate"": 0.0001, ""batch_size"": 128, ""seed"": 1103, ""device"": ""auto""}",9.598544892241989e-08,42751800,0,0.14058375097214498,0.8614225903173907,0.2417190668935437,0.15939554229206865,0.9985485227438935,0.2749082414145174,0.24766762372716417,0.8315693487548109,0.3816637306203651,0.2417190668935437,window_flatten,best_f1,False,0.12793847276605896,275a0d7df6a7d32d10d31951ea8ab39b02f5a6b4b2dae65d24f04a6658ad2a9c,historical_payload_protocol_record_not_new_strict_result
timesnet,SMAP,1103,experiments/runs/mtsad_reproduction/tns_smap/smap__timesnet__seed1103.json,per_point_adjusted,"{""window"": 100, ""d_model"": 128, ""d_ff"": 128, ""e_layers"": 3, ""top_k"": 3, ""num_kernels"": 6, ""dropout"": 0.1, ""epochs"": 3, ""learning_rate"": 0.0001, ""batch_size"": 128, ""seed"": 1103, ""device"": ""auto""}",0.27512940287590004,427518,0,0.3211996336996337,0.025650870264735996,0.047507788161993775,0.9148135378957651,0.582144946614012,0.7115148264843244,0.10363933095618376,0.04671381100632419,0.06440022544146501,0.7115148264843244,last_point,percentile_combined,True,0.12793847276605896,275a0d7df6a7d32d10d31951ea8ab39b02f5a6b4b2dae65d24f04a6658ad2a9c,historical_payload_protocol_record_not_new_strict_result
timesnet,SMD,1103,experiments/runs/mtsad_reproduction/tns_smd/smd__timesnet__seed1103.json,tslib_reference,"{""window"": 100, ""d_model"": 64, ""d_ff"": 64, ""e_layers"": 2, ""top_k"": 5, ""num_kernels"": 6, ""dropout"": 0.1, ""epochs"": 10, ""learning_rate"": 0.0001, ""batch_size"": 128, ""seed"": 1103, ""device"": ""auto""}",1.9843102270364663,708400,0,0.3708365608055771,0.06503871756554816,0.11066805362921867,0.8823806248416175,0.8278087216410813,0.8542239823365517,0.2627440855355438,0.17162242968761948,0.2076254810870702,0.8542239823365517,window_flatten,percentile_combined,True,0.04156408808582722,02f244fc4087d23d948fa32967c212dcd77367ebda7b62229dafee94667b341c,historical_payload_protocol_record_not_new_strict_result
timesnet,SMD,1103,experiments/runs/mtsad_reproduction/tns_smd/smd__timesnet__seed1103.json,best_f1_adjusted,"{""window"": 100, ""d_model"": 64, ""d_ff"": 64, ""e_layers"": 2, ""top_k"": 5, ""num_kernels"": 6, ""dropout"": 0.1, ""epochs"": 10, ""learning_rate"": 0.0001, ""batch_size"": 128, ""seed"": 1103, ""device"": ""auto""}",0.19597303867340088,708400,0,0.17263882297104888,0.2964950414345877,0.2182172674098885,0.41148668607840655,0.9935131096318435,0.5819465857661511,0.10012289780191326,0.3990855466778794,0.1600838361053303,0.5819465857661511,window_flatten,best_f1,True,0.04156408808582722,02f244fc4087d23d948fa32967c212dcd77367ebda7b62229dafee94667b341c,historical_payload_protocol_record_not_new_strict_result
timesnet,SMD,1103,experiments/runs/mtsad_reproduction/tns_smd/smd__timesnet__seed1103.json,best_f1_pointwise,"{""window"": 100, ""d_model"": 64, ""d_ff"": 64, ""e_layers"": 2, ""top_k"": 5, ""num_kernels"": 6, ""dropout"": 0.1, ""epochs"": 10, ""learning_rate"": 0.0001, ""batch_size"": 128, ""seed"": 1103, ""device"": ""auto""}",0.19597303867340088,708400,0,0.17263882297104888,0.2964950414345877,0.2182172674098885,0.41148668607840655,0.9935131096318435,0.5819465857661511,0.10012289780191326,0.3990855466778794,0.1600838361053303,0.2182172674098885,window_flatten,best_f1,False,0.04156408808582722,02f244fc4087d23d948fa32967c212dcd77367ebda7b62229dafee94667b341c,historical_payload_protocol_record_not_new_strict_result
timesnet,SMD,1103,experiments/runs/mtsad_reproduction/tns_smd/smd__timesnet__seed1103.json,per_point_adjusted,"{""window"": 100, ""d_model"": 64, ""d_ff"": 64, ""e_layers"": 2, ""top_k"": 5, ""num_kernels"": 6, ""dropout"": 0.1, ""epochs"": 10, ""learning_rate"": 0.0001, ""batch_size"": 128, ""seed"": 1103, ""device"": ""auto""}",3.260968060493351,7084,0,0.38461538461538464,0.0664451827242525,0.113314447592068,0.5555555555555556,0.132890365448505,0.21447721179624665,0.3723404255319149,0.11998132586367881,0.1814825276410298,0.21447721179624665,last_point,percentile_combined,True,0.042490118577075096,02f244fc4087d23d948fa32967c212dcd77367ebda7b62229dafee94667b341c,historical_payload_protocol_record_not_new_strict_result
timesnet,SWAT,1103,experiments/runs/mtsad_reproduction/tns_swat/swat__timesnet__seed1103.json,tslib_reference,"{""window"": 100, ""d_model"": 64, ""d_ff"": 64, ""e_layers"": 3, ""top_k"": 3, ""num_kernels"": 6, ""dropout"": 0.1, ""epochs"": 3, ""learning_rate"": 0.0001, ""batch_size"": 128, ""seed"": 1103, ""device"": ""auto""}",0.014265107922255993,44982000,0,0.3141049818968265,0.04528221746214826,0.07915345967561405,0.9060567435741069,0.9536747771003826,0.9292561354823391,0.1378155379678372,0.27342323206352454,0.1832607845649657,0.9292561354823391,window_flatten,percentile_combined,True,0.12142857142857143,88a547015dcf4b864b0573d4957b3356f374f32fac61b3453750a07234b952c9,historical_payload_protocol_record_not_new_strict_result
timesnet,SWAT,1103,experiments/runs/mtsad_reproduction/tns_swat/swat__timesnet__seed1103.json,best_f1_adjusted,"{""window"": 100, ""d_model"": 64, ""d_ff"": 64, ""e_layers"": 3, ""top_k"": 3, ""num_kernels"": 6, ""dropout"": 0.1, ""epochs"": 3, ""learning_rate"": 0.0001, ""batch_size"": 128, ""seed"": 1103, ""device"": ""auto""}",1.6185987306016614e-07,44982000,0,0.12142855189694882,0.9999998169202321,0.21656047419937066,0.12142857142857143,1.0,0.21656050955414013,0.08168673094232651,0.9999505886019202,0.15103527441372583,0.21656050955414013,window_flatten,best_f1,True,0.12142857142857143,88a547015dcf4b864b0573d4957b3356f374f32fac61b3453750a07234b952c9,historical_payload_protocol_record_not_new_strict_result
timesnet,SWAT,1103,experiments/runs/mtsad_reproduction/tns_swat/swat__timesnet__seed1103.json,best_f1_pointwise,"{""window"": 100, ""d_model"": 64, ""d_ff"": 64, ""e_layers"": 3, ""top_k"": 3, ""num_kernels"": 6, ""dropout"": 0.1, ""epochs"": 3, ""learning_rate"": 0.0001, ""batch_size"": 128, ""seed"": 1103, ""device"": ""auto""}",1.6185987306016614e-07,44982000,0,0.12142855189694882,0.9999998169202321,0.21656047419937066,0.12142857142857143,1.0,0.21656050955414013,0.08168673094232651,0.9999505886019202,0.15103527441372583,0.21656047419937066,window_flatten,best_f1,False,0.12142857142857143,88a547015dcf4b864b0573d4957b3356f374f32fac61b3453750a07234b952c9,historical_payload_protocol_record_not_new_strict_result
timesnet,SWAT,1103,experiments/runs/mtsad_reproduction/tns_swat/swat__timesnet__seed1103.json,per_point_adjusted,"{""window"": 100, ""d_model"": 64, ""d_ff"": 64, ""e_layers"": 3, ""top_k"": 3, ""num_kernels"": 6, ""dropout"": 0.1, ""epochs"": 3, ""learning_rate"": 0.0001, ""batch_size"": 128, ""seed"": 1103, ""device"": ""auto""}",0.08878210335969983,449820,0,0.2965011961722488,0.03630471796561762,0.06468870802002968,0.9151334776334776,0.9288552022116036,0.9219432859959477,0.11507013754126745,0.06268482311565628,0.08115836757535386,0.9219432859959477,last_point,percentile_combined,True,0.12142857142857143,88a547015dcf4b864b0573d4957b3356f374f32fac61b3453750a07234b952c9,historical_payload_protocol_record_not_new_strict_result
